Gym has been unmaintained since 2022 and does not support NumPy 2.0 amongst other critical functionality.
Please upgrade to Gymnasium, the maintained drop-in replacement of Gym, or contact the authors of your software and request that they upgrade.
See the migration guide at https://gymnasium.farama.org/introduction/migration_guide/ for additional information.
[2026-10-09 12:58:44,643][absl][INFO] - MUJOCO_GL is not set, so an OpenGL backend will be chosen automatically.
/soalnas/share/data/zbao7/diffusion_policy/results/repro_halfcheetah/env/lib/python3.8/site-packages/glfw/__init__.py:917: GLFWError: (65550) b'X11: The DISPLAY environment variable is missing'
  warnings.warn(message, GLFWError)
[2026-10-09 12:58:44,656][absl][INFO] - Successfully imported OpenGL backend: glfw
[2026-10-09 12:58:44,732][absl][INFO] - MuJoCo library version is: 3.2.3
pybullet build time: Jan 29 2025 23:19:57
/soalnas/share/data/zbao7/diffusion_policy/results/repro_halfcheetah/env/lib/python3.8/site-packages/gym/spaces/box.py:78: UserWarning: [33mWARN: Box bound precision lowered by casting to float32[0m
  logger.warn(f"Box bound precision lowered by casting to {self.dtype}")
[2026-10-09 12:58:46,526][root][INFO] - Loaded SL-trained policy from /soalnas/share/data/zbao7/diffusion_policy/results/repro_halfcheetah/dppo/log/gym-pretrain/halfcheetah-medium-v2_pre_diffusion_mlp_ta4_td20/2024-06-12_23-04-42/checkpoint/state_3000.pt
[2026-10-09 12:58:46,527][root][INFO] - Number of network parameters: 568392
[2026-10-09 12:58:46,713][root][INFO] - Cloned model for fine-tuning
[2026-10-09 12:58:46,713][root][INFO] - Turned off gradients of the pretrained network
[2026-10-09 12:58:46,714][root][INFO] - Number of finetuned parameters: 568392
[2026-10-09 12:58:46,731][agent.finetune.train_ppo_diffusion_agent][INFO] - stage2_flags clamp_logprob=False logprob_reduce=mean actor_single_step=False
Processed step 0 of 500
Processed step 10 of 500
Processed step 20 of 500
Processed step 30 of 500
Processed step 40 of 500
Processed step 50 of 500
Processed step 60 of 500
Processed step 70 of 500
Processed step 80 of 500
Processed step 90 of 500
Processed step 100 of 500
Processed step 110 of 500
Processed step 120 of 500
Processed step 130 of 500
Processed step 140 of 500
Processed step 150 of 500
Processed step 160 of 500
Processed step 170 of 500
Processed step 180 of 500
Processed step 190 of 500
Processed step 200 of 500
Processed step 210 of 500
Processed step 220 of 500
Processed step 230 of 500
Processed step 240 of 500
Processed step 250 of 500
Processed step 260 of 500
Processed step 270 of 500
Processed step 280 of 500
Processed step 290 of 500
Processed step 300 of 500
Processed step 310 of 500
Processed step 320 of 500
Processed step 330 of 500
Processed step 340 of 500
Processed step 350 of 500
Processed step 360 of 500
Processed step 370 of 500
Processed step 380 of 500
Processed step 390 of 500
Processed step 400 of 500
Processed step 410 of 500
Processed step 420 of 500
Processed step 430 of 500
Processed step 440 of 500
Processed step 450 of 500
Processed step 460 of 500
Processed step 470 of 500
Processed step 480 of 500
Processed step 490 of 500
[2026-10-09 12:58:59,417][agent.finetune.train_agent][INFO] - Saved model to /soalnas/share/data/zbao7/diffusion_policy/results/stage2_noclip/runs/NC2_seed1/native/checkpoint/state_0.pt
[2026-10-09 12:58:59,418][agent.finetune.train_ppo_diffusion_agent][INFO] - eval: success rate   1.0000 | avg episode reward 4282.6397 | avg best reward   6.4220
Processed step 0 of 500
Processed step 10 of 500
Processed step 20 of 500
Processed step 30 of 500
Processed step 40 of 500
Processed step 50 of 500
Processed step 60 of 500
Processed step 70 of 500
Processed step 80 of 500
Processed step 90 of 500
Processed step 100 of 500
Processed step 110 of 500
Processed step 120 of 500
Processed step 130 of 500
Processed step 140 of 500
Processed step 150 of 500
Processed step 160 of 500
Processed step 170 of 500
Processed step 180 of 500
Processed step 190 of 500
Processed step 200 of 500
Processed step 210 of 500
Processed step 220 of 500
Processed step 230 of 500
Processed step 240 of 500
Processed step 250 of 500
Processed step 260 of 500
Processed step 270 of 500
Processed step 280 of 500
Processed step 290 of 500
Processed step 300 of 500
Processed step 310 of 500
Processed step 320 of 500
Processed step 330 of 500
Processed step 340 of 500
Processed step 350 of 500
Processed step 360 of 500
Processed step 370 of 500
Processed step 380 of 500
Processed step 390 of 500
Processed step 400 of 500
Processed step 410 of 500
Processed step 420 of 500
Processed step 430 of 500
Processed step 440 of 500
Processed step 450 of 500
Processed step 460 of 500
Processed step 470 of 500
Processed step 480 of 500
Processed step 490 of 500
[2026-10-09 12:59:14,736][agent.finetune.train_ppo_diffusion_agent][INFO] - approx_kl: 0.0, update_epoch: 0, num_batch: 4
[2026-10-09 12:59:17,093][agent.finetune.train_ppo_diffusion_agent][INFO] - approx_kl: 1.0197621804763912e-06, update_epoch: 0, num_batch: 4
[2026-10-09 12:59:19,237][agent.finetune.train_ppo_diffusion_agent][INFO] - approx_kl: 2.8365382149786456e-06, update_epoch: 0, num_batch: 4
[2026-10-09 12:59:21,484][agent.finetune.train_ppo_diffusion_agent][INFO] - approx_kl: 5.121392860019114e-06, update_epoch: 0, num_batch: 4
[2026-10-09 12:59:23,853][agent.finetune.train_ppo_diffusion_agent][INFO] - approx_kl: 8.69012455950724e-06, update_epoch: 1, num_batch: 4
[2026-10-09 12:59:25,999][agent.finetune.train_ppo_diffusion_agent][INFO] - approx_kl: 1.3495420716935769e-05, update_epoch: 1, num_batch: 4
[2026-10-09 12:59:28,232][agent.finetune.train_ppo_diffusion_agent][INFO] - approx_kl: 1.9009185052709654e-05, update_epoch: 1, num_batch: 4
[2026-10-09 12:59:30,511][agent.finetune.train_ppo_diffusion_agent][INFO] - approx_kl: 3.220106736989692e-05, update_epoch: 1, num_batch: 4
[2026-10-09 12:59:32,846][agent.finetune.train_ppo_diffusion_agent][INFO] - approx_kl: 4.031107891933061e-05, update_epoch: 2, num_batch: 4
[2026-10-09 12:59:35,004][agent.finetune.train_ppo_diffusion_agent][INFO] - approx_kl: 6.604735244764015e-05, update_epoch: 2, num_batch: 4
[2026-10-09 12:59:37,250][agent.finetune.train_ppo_diffusion_agent][INFO] - approx_kl: 9.034162212628871e-05, update_epoch: 2, num_batch: 4
[2026-10-09 12:59:39,514][agent.finetune.train_ppo_diffusion_agent][INFO] - approx_kl: 0.00014224783808458596, update_epoch: 2, num_batch: 4
[2026-10-09 12:59:41,861][agent.finetune.train_ppo_diffusion_agent][INFO] - approx_kl: 0.0001710214710328728, update_epoch: 3, num_batch: 4
[2026-10-09 12:59:44,008][agent.finetune.train_ppo_diffusion_agent][INFO] - approx_kl: 0.00028124431264586747, update_epoch: 3, num_batch: 4
[2026-10-09 12:59:46,253][agent.finetune.train_ppo_diffusion_agent][INFO] - approx_kl: 0.00035743979969993234, update_epoch: 3, num_batch: 4
[2026-10-09 12:59:48,458][agent.finetune.train_ppo_diffusion_agent][INFO] - approx_kl: 0.00045045348815619946, update_epoch: 3, num_batch: 4
[2026-10-09 12:59:50,827][agent.finetune.train_ppo_diffusion_agent][INFO] - approx_kl: 0.0006283828406594694, update_epoch: 4, num_batch: 4
[2026-10-09 12:59:52,986][agent.finetune.train_ppo_diffusion_agent][INFO] - approx_kl: 0.0009540879400447011, update_epoch: 4, num_batch: 4
[2026-10-09 12:59:55,234][agent.finetune.train_ppo_diffusion_agent][INFO] - approx_kl: 0.0010729776695370674, update_epoch: 4, num_batch: 4
[2026-10-09 12:59:57,487][agent.finetune.train_ppo_diffusion_agent][INFO] - approx_kl: 0.0016106799012050033, update_epoch: 4, num_batch: 4
[2026-10-09 12:59:57,513][agent.finetune.train_ppo_diffusion_agent][INFO] - 1: step    80000 | loss  -0.0097 | pg loss  -0.0158 | value loss   0.0122 | bc loss   0.0000 | reward 4024.4012 | eta   1.0000 | t: 58.0949 | kl_true_per_action=3.0270184105717988 | logratio_p99=5.101943739652564 | clamp_hit_frac=0.0008729166666666667
Processed step 0 of 500
Processed step 10 of 500
Processed step 20 of 500
Processed step 30 of 500
Processed step 40 of 500
Processed step 50 of 500
Processed step 60 of 500
Processed step 70 of 500
Processed step 80 of 500
Processed step 90 of 500
Processed step 100 of 500
Processed step 110 of 500
Processed step 120 of 500
Processed step 130 of 500
Processed step 140 of 500
Processed step 150 of 500
Processed step 160 of 500
Processed step 170 of 500
Processed step 180 of 500
Processed step 190 of 500
Processed step 200 of 500
Processed step 210 of 500
Processed step 220 of 500
Processed step 230 of 500
Processed step 240 of 500
Processed step 250 of 500
Processed step 260 of 500
Processed step 270 of 500
Processed step 280 of 500
Processed step 290 of 500
Processed step 300 of 500
Processed step 310 of 500
Processed step 320 of 500
Processed step 330 of 500
Processed step 340 of 500
Processed step 350 of 500
Processed step 360 of 500
Processed step 370 of 500
Processed step 380 of 500
Processed step 390 of 500
Processed step 400 of 500
Processed step 410 of 500
Processed step 420 of 500
Processed step 430 of 500
Processed step 440 of 500
Processed step 450 of 500
Processed step 460 of 500
Processed step 470 of 500
Processed step 480 of 500
Processed step 490 of 500
[2026-10-09 13:00:12,660][agent.finetune.train_ppo_diffusion_agent][INFO] - approx_kl: 0.0, update_epoch: 0, num_batch: 4
[2026-10-09 13:00:14,818][agent.finetune.train_ppo_diffusion_agent][INFO] - approx_kl: 4.377356617624173e-06, update_epoch: 0, num_batch: 4
[2026-10-09 13:00:17,058][agent.finetune.train_ppo_diffusion_agent][INFO] - approx_kl: 1.6505264284205623e-05, update_epoch: 0, num_batch: 4
[2026-10-09 13:00:19,264][agent.finetune.train_ppo_diffusion_agent][INFO] - approx_kl: 3.635140819824301e-05, update_epoch: 0, num_batch: 4
[2026-10-09 13:00:21,576][agent.finetune.train_ppo_diffusion_agent][INFO] - approx_kl: 6.373930955305696e-05, update_epoch: 1, num_batch: 4
[2026-10-09 13:00:23,758][agent.finetune.train_ppo_diffusion_agent][INFO] - approx_kl: 0.00010402603220427409, update_epoch: 1, num_batch: 4
[2026-10-09 13:00:26,003][agent.finetune.train_ppo_diffusion_agent][INFO] - approx_kl: 0.00015324124251492321, update_epoch: 1, num_batch: 4
[2026-10-09 13:00:28,252][agent.finetune.train_ppo_diffusion_agent][INFO] - approx_kl: 0.00022224556596484035, update_epoch: 1, num_batch: 4
[2026-10-09 13:00:30,624][agent.finetune.train_ppo_diffusion_agent][INFO] - approx_kl: 0.0003127545351162553, update_epoch: 2, num_batch: 4
[2026-10-09 13:00:32,776][agent.finetune.train_ppo_diffusion_agent][INFO] - approx_kl: 0.00046379308332689106, update_epoch: 2, num_batch: 4
[2026-10-09 13:00:35,036][agent.finetune.train_ppo_diffusion_agent][INFO] - approx_kl: 0.0006346837617456913, update_epoch: 2, num_batch: 4
[2026-10-09 13:00:37,284][agent.finetune.train_ppo_diffusion_agent][INFO] - approx_kl: 0.0008878956432454288, update_epoch: 2, num_batch: 4
[2026-10-09 13:00:39,632][agent.finetune.train_ppo_diffusion_agent][INFO] - approx_kl: 0.0012394103687256575, update_epoch: 3, num_batch: 4
[2026-10-09 13:00:41,785][agent.finetune.train_ppo_diffusion_agent][INFO] - approx_kl: 0.001708447583951056, update_epoch: 3, num_batch: 4
[2026-10-09 13:00:44,036][agent.finetune.train_ppo_diffusion_agent][INFO] - approx_kl: 0.002386192325502634, update_epoch: 3, num_batch: 4
[2026-10-09 13:00:46,280][agent.finetune.train_ppo_diffusion_agent][INFO] - approx_kl: 0.0031981810461729765, update_epoch: 3, num_batch: 4
[2026-10-09 13:00:48,589][agent.finetune.train_ppo_diffusion_agent][INFO] - approx_kl: 0.004185226745903492, update_epoch: 4, num_batch: 4
[2026-10-09 13:00:50,782][agent.finetune.train_ppo_diffusion_agent][INFO] - approx_kl: 0.005818608216941357, update_epoch: 4, num_batch: 4
[2026-10-09 13:00:53,067][agent.finetune.train_ppo_diffusion_agent][INFO] - approx_kl: 0.0073583549819886684, update_epoch: 4, num_batch: 4
[2026-10-09 13:00:55,320][agent.finetune.train_ppo_diffusion_agent][INFO] - approx_kl: 0.009859318844974041, update_epoch: 4, num_batch: 4
[2026-10-09 13:00:55,339][agent.finetune.train_ppo_diffusion_agent][INFO] - 2: step   160000 | loss  -0.0191 | pg loss  -0.0323 | value loss   0.0264 | bc loss   0.0000 | reward 3902.0025 | eta   1.0000 | t: 57.8265 | kl_true_per_action=12.201536797473626 | logratio_p99=24.624232145547772 | clamp_hit_frac=0.0015916666666666666
Processed step 0 of 500
Processed step 10 of 500
Processed step 20 of 500
Processed step 30 of 500
Processed step 40 of 500
Processed step 50 of 500
Processed step 60 of 500
Processed step 70 of 500
Processed step 80 of 500
Processed step 90 of 500
Processed step 100 of 500
Processed step 110 of 500
Processed step 120 of 500
Processed step 130 of 500
Processed step 140 of 500
Processed step 150 of 500
Processed step 160 of 500
Processed step 170 of 500
Processed step 180 of 500
Processed step 190 of 500
Processed step 200 of 500
Processed step 210 of 500
Processed step 220 of 500
Processed step 230 of 500
Processed step 240 of 500
Processed step 250 of 500
Processed step 260 of 500
Processed step 270 of 500
Processed step 280 of 500
Processed step 290 of 500
Processed step 300 of 500
Processed step 310 of 500
Processed step 320 of 500
Processed step 330 of 500
Processed step 340 of 500
Processed step 350 of 500
Processed step 360 of 500
Processed step 370 of 500
Processed step 380 of 500
Processed step 390 of 500
Processed step 400 of 500
Processed step 410 of 500
Processed step 420 of 500
Processed step 430 of 500
Processed step 440 of 500
Processed step 450 of 500
Processed step 460 of 500
Processed step 470 of 500
Processed step 480 of 500
Processed step 490 of 500
[2026-10-09 13:01:11,454][agent.finetune.train_ppo_diffusion_agent][INFO] - approx_kl: 0.0, update_epoch: 0, num_batch: 4
[2026-10-09 13:01:13,566][agent.finetune.train_ppo_diffusion_agent][INFO] - approx_kl: 7.609752628923161e-06, update_epoch: 0, num_batch: 4
[2026-10-09 13:01:15,781][agent.finetune.train_ppo_diffusion_agent][INFO] - approx_kl: 2.6769768737722188e-05, update_epoch: 0, num_batch: 4
[2026-10-09 13:01:18,114][agent.finetune.train_ppo_diffusion_agent][INFO] - approx_kl: 5.2677816711366177e-05, update_epoch: 0, num_batch: 4
[2026-10-09 13:01:20,236][agent.finetune.train_ppo_diffusion_agent][INFO] - approx_kl: 8.470578177366406e-05, update_epoch: 1, num_batch: 4
[2026-10-09 13:01:22,462][agent.finetune.train_ppo_diffusion_agent][INFO] - approx_kl: 0.00012843450531363487, update_epoch: 1, num_batch: 4
[2026-10-09 13:01:24,709][agent.finetune.train_ppo_diffusion_agent][INFO] - approx_kl: 0.0001717939303489402, update_epoch: 1, num_batch: 4
[2026-10-09 13:01:27,045][agent.finetune.train_ppo_diffusion_agent][INFO] - approx_kl: 0.00022596465714741498, update_epoch: 1, num_batch: 4
[2026-10-09 13:01:29,202][agent.finetune.train_ppo_diffusion_agent][INFO] - approx_kl: 0.0002808585995808244, update_epoch: 2, num_batch: 4
[2026-10-09 13:01:31,438][agent.finetune.train_ppo_diffusion_agent][INFO] - approx_kl: 0.00036090268986299634, update_epoch: 2, num_batch: 4
[2026-10-09 13:01:33,691][agent.finetune.train_ppo_diffusion_agent][INFO] - approx_kl: 0.00042310525896027684, update_epoch: 2, num_batch: 4
[2026-10-09 13:01:36,027][agent.finetune.train_ppo_diffusion_agent][INFO] - approx_kl: 0.0005240992759354413, update_epoch: 2, num_batch: 4
[2026-10-09 13:01:38,139][agent.finetune.train_ppo_diffusion_agent][INFO] - approx_kl: 0.0006335122743621469, update_epoch: 3, num_batch: 4
[2026-10-09 13:01:40,369][agent.finetune.train_ppo_diffusion_agent][INFO] - approx_kl: 0.0006968206726014614, update_epoch: 3, num_batch: 4
[2026-10-09 13:01:42,649][agent.finetune.train_ppo_diffusion_agent][INFO] - approx_kl: 0.0008516611997038126, update_epoch: 3, num_batch: 4
[2026-10-09 13:01:44,995][agent.finetune.train_ppo_diffusion_agent][INFO] - approx_kl: 0.000921570579521358, update_epoch: 3, num_batch: 4
[2026-10-09 13:01:47,148][agent.finetune.train_ppo_diffusion_agent][INFO] - approx_kl: 0.0010914131999015808, update_epoch: 4, num_batch: 4
[2026-10-09 13:01:49,395][agent.finetune.train_ppo_diffusion_agent][INFO] - approx_kl: 0.0011925495928153396, update_epoch: 4, num_batch: 4
[2026-10-09 13:01:51,642][agent.finetune.train_ppo_diffusion_agent][INFO] - approx_kl: 0.0013567761052399874, update_epoch: 4, num_batch: 4
[2026-10-09 13:01:53,969][agent.finetune.train_ppo_diffusion_agent][INFO] - approx_kl: 0.0014542877906933427, update_epoch: 4, num_batch: 4
[2026-10-09 13:01:53,988][agent.finetune.train_ppo_diffusion_agent][INFO] - 3: step   240000 | loss   0.0069 | pg loss  -0.0078 | value loss   0.0294 | bc loss   0.0000 | reward 2463.9772 | eta   1.0000 | t: 58.6491 | kl_true_per_action=3.2129951058680843 | logratio_p99=7.633042253255804 | clamp_hit_frac=0.0012729166666666668
Processed step 0 of 500
Processed step 10 of 500
Processed step 20 of 500
Processed step 30 of 500
Processed step 40 of 500
Processed step 50 of 500
Processed step 60 of 500
Processed step 70 of 500
Processed step 80 of 500
Processed step 90 of 500
Processed step 100 of 500
Processed step 110 of 500
Processed step 120 of 500
Processed step 130 of 500
Processed step 140 of 500
Processed step 150 of 500
Processed step 160 of 500
Processed step 170 of 500
Processed step 180 of 500
Processed step 190 of 500
Processed step 200 of 500
Processed step 210 of 500
Processed step 220 of 500
Processed step 230 of 500
Processed step 240 of 500
Processed step 250 of 500
Processed step 260 of 500
Processed step 270 of 500
Processed step 280 of 500
Processed step 290 of 500
Processed step 300 of 500
Processed step 310 of 500
Processed step 320 of 500
Processed step 330 of 500
Processed step 340 of 500
Processed step 350 of 500
Processed step 360 of 500
Processed step 370 of 500
Processed step 380 of 500
Processed step 390 of 500
Processed step 400 of 500
Processed step 410 of 500
Processed step 420 of 500
Processed step 430 of 500
Processed step 440 of 500
Processed step 450 of 500
Processed step 460 of 500
Processed step 470 of 500
Processed step 480 of 500
Processed step 490 of 500
[2026-10-09 13:02:09,748][agent.finetune.train_ppo_diffusion_agent][INFO] - approx_kl: 0.0, update_epoch: 0, num_batch: 4
[2026-10-09 13:02:12,007][agent.finetune.train_ppo_diffusion_agent][INFO] - approx_kl: 1.8377221522314358e-07, update_epoch: 0, num_batch: 4
[2026-10-09 13:02:14,258][agent.finetune.train_ppo_diffusion_agent][INFO] - approx_kl: 6.2558888203057e-07, update_epoch: 0, num_batch: 4
[2026-10-09 13:02:16,590][agent.finetune.train_ppo_diffusion_agent][INFO] - approx_kl: 1.2988118669454707e-06, update_epoch: 0, num_batch: 4
[2026-10-09 13:02:18,745][agent.finetune.train_ppo_diffusion_agent][INFO] - approx_kl: 2.029627466981765e-06, update_epoch: 1, num_batch: 4
[2026-10-09 13:02:20,983][agent.finetune.train_ppo_diffusion_agent][INFO] - approx_kl: 2.7840869734063745e-06, update_epoch: 1, num_batch: 4
[2026-10-09 13:02:23,234][agent.finetune.train_ppo_diffusion_agent][INFO] - approx_kl: 3.70569455299119e-06, update_epoch: 1, num_batch: 4
[2026-10-09 13:02:25,576][agent.finetune.train_ppo_diffusion_agent][INFO] - approx_kl: 4.97502469443134e-06, update_epoch: 1, num_batch: 4
[2026-10-09 13:02:27,734][agent.finetune.train_ppo_diffusion_agent][INFO] - approx_kl: 6.049116564099677e-06, update_epoch: 2, num_batch: 4
[2026-10-09 13:02:29,998][agent.finetune.train_ppo_diffusion_agent][INFO] - approx_kl: 7.269796697073616e-06, update_epoch: 2, num_batch: 4
[2026-10-09 13:02:32,235][agent.finetune.train_ppo_diffusion_agent][INFO] - approx_kl: 8.668223017593846e-06, update_epoch: 2, num_batch: 4
[2026-10-09 13:02:34,569][agent.finetune.train_ppo_diffusion_agent][INFO] - approx_kl: 9.197005965688732e-06, update_epoch: 2, num_batch: 4
[2026-10-09 13:02:36,710][agent.finetune.train_ppo_diffusion_agent][INFO] - approx_kl: 1.0720622412918601e-05, update_epoch: 3, num_batch: 4
[2026-10-09 13:02:38,951][agent.finetune.train_ppo_diffusion_agent][INFO] - approx_kl: 1.2008431440335698e-05, update_epoch: 3, num_batch: 4
[2026-10-09 13:02:41,191][agent.finetune.train_ppo_diffusion_agent][INFO] - approx_kl: 1.2877309927716851e-05, update_epoch: 3, num_batch: 4
[2026-10-09 13:02:43,583][agent.finetune.train_ppo_diffusion_agent][INFO] - approx_kl: 1.4373603335116059e-05, update_epoch: 3, num_batch: 4
[2026-10-09 13:02:45,736][agent.finetune.train_ppo_diffusion_agent][INFO] - approx_kl: 1.5820412954781204e-05, update_epoch: 4, num_batch: 4
[2026-10-09 13:02:47,947][agent.finetune.train_ppo_diffusion_agent][INFO] - approx_kl: 1.728847018966917e-05, update_epoch: 4, num_batch: 4
[2026-10-09 13:02:50,152][agent.finetune.train_ppo_diffusion_agent][INFO] - approx_kl: 1.9619927115854807e-05, update_epoch: 4, num_batch: 4
[2026-10-09 13:02:52,486][agent.finetune.train_ppo_diffusion_agent][INFO] - approx_kl: 1.9961991711170413e-05, update_epoch: 4, num_batch: 4
[2026-10-09 13:02:52,506][agent.finetune.train_ppo_diffusion_agent][INFO] - 4: step   320000 | loss   0.0168 | pg loss  -0.0004 | value loss   0.0344 | bc loss   0.0000 | reward 1812.8920 | eta   1.0000 | t: 58.5171 | kl_true_per_action=0.11244676280000539 | logratio_p99=0.5739908921718584 | clamp_hit_frac=0.0007145833333333333
Processed step 0 of 500
Processed step 10 of 500
Processed step 20 of 500
Processed step 30 of 500
Processed step 40 of 500
Processed step 50 of 500
Processed step 60 of 500
Processed step 70 of 500
Processed step 80 of 500
Processed step 90 of 500
Processed step 100 of 500
Processed step 110 of 500
Processed step 120 of 500
Processed step 130 of 500
Processed step 140 of 500
Processed step 150 of 500
Processed step 160 of 500
Processed step 170 of 500
Processed step 180 of 500
Processed step 190 of 500
Processed step 200 of 500
Processed step 210 of 500
Processed step 220 of 500
Processed step 230 of 500
Processed step 240 of 500
Processed step 250 of 500
Processed step 260 of 500
Processed step 270 of 500
Processed step 280 of 500
Processed step 290 of 500
Processed step 300 of 500
Processed step 310 of 500
Processed step 320 of 500
Processed step 330 of 500
Processed step 340 of 500
Processed step 350 of 500
Processed step 360 of 500
Processed step 370 of 500
Processed step 380 of 500
Processed step 390 of 500
Processed step 400 of 500
Processed step 410 of 500
Processed step 420 of 500
Processed step 430 of 500
Processed step 440 of 500
Processed step 450 of 500
Processed step 460 of 500
Processed step 470 of 500
Processed step 480 of 500
Processed step 490 of 500
[2026-10-09 13:03:08,306][agent.finetune.train_ppo_diffusion_agent][INFO] - approx_kl: 0.0, update_epoch: 0, num_batch: 4
[2026-10-09 13:03:10,577][agent.finetune.train_ppo_diffusion_agent][INFO] - approx_kl: 7.283506420208141e-08, update_epoch: 0, num_batch: 4
[2026-10-09 13:03:12,826][agent.finetune.train_ppo_diffusion_agent][INFO] - approx_kl: 2.3174233376721531e-07, update_epoch: 0, num_batch: 4
[2026-10-09 13:03:15,176][agent.finetune.train_ppo_diffusion_agent][INFO] - approx_kl: 3.807618043083494e-07, update_epoch: 0, num_batch: 4
[2026-10-09 13:03:17,296][agent.finetune.train_ppo_diffusion_agent][INFO] - approx_kl: 5.841862389388552e-07, update_epoch: 1, num_batch: 4
[2026-10-09 13:03:19,501][agent.finetune.train_ppo_diffusion_agent][INFO] - approx_kl: 8.396658017773007e-07, update_epoch: 1, num_batch: 4
[2026-10-09 13:03:21,712][agent.finetune.train_ppo_diffusion_agent][INFO] - approx_kl: 1.3216645129432436e-06, update_epoch: 1, num_batch: 4
[2026-10-09 13:03:24,086][agent.finetune.train_ppo_diffusion_agent][INFO] - approx_kl: 1.7719521565595642e-06, update_epoch: 1, num_batch: 4
[2026-10-09 13:03:26,241][agent.finetune.train_ppo_diffusion_agent][INFO] - approx_kl: 2.4816768018354196e-06, update_epoch: 2, num_batch: 4
[2026-10-09 13:03:28,489][agent.finetune.train_ppo_diffusion_agent][INFO] - approx_kl: 2.8647630188061157e-06, update_epoch: 2, num_batch: 4
[2026-10-09 13:03:30,737][agent.finetune.train_ppo_diffusion_agent][INFO] - approx_kl: 3.935692348022712e-06, update_epoch: 2, num_batch: 4
[2026-10-09 13:03:33,082][agent.finetune.train_ppo_diffusion_agent][INFO] - approx_kl: 4.625938800018048e-06, update_epoch: 2, num_batch: 4
[2026-10-09 13:03:35,281][agent.finetune.train_ppo_diffusion_agent][INFO] - approx_kl: 5.986721589579247e-06, update_epoch: 3, num_batch: 4
[2026-10-09 13:03:37,522][agent.finetune.train_ppo_diffusion_agent][INFO] - approx_kl: 6.963745363464113e-06, update_epoch: 3, num_batch: 4
[2026-10-09 13:03:39,763][agent.finetune.train_ppo_diffusion_agent][INFO] - approx_kl: 8.037799489102326e-06, update_epoch: 3, num_batch: 4
[2026-10-09 13:03:42,105][agent.finetune.train_ppo_diffusion_agent][INFO] - approx_kl: 9.056457201950252e-06, update_epoch: 3, num_batch: 4
[2026-10-09 13:03:44,267][agent.finetune.train_ppo_diffusion_agent][INFO] - approx_kl: 1.0945386748062447e-05, update_epoch: 4, num_batch: 4
[2026-10-09 13:03:46,508][agent.finetune.train_ppo_diffusion_agent][INFO] - approx_kl: 1.2064543625456281e-05, update_epoch: 4, num_batch: 4
[2026-10-09 13:03:48,714][agent.finetune.train_ppo_diffusion_agent][INFO] - approx_kl: 1.4143161024549045e-05, update_epoch: 4, num_batch: 4
[2026-10-09 13:03:51,022][agent.finetune.train_ppo_diffusion_agent][INFO] - approx_kl: 1.548305772303138e-05, update_epoch: 4, num_batch: 4
[2026-10-09 13:03:51,041][agent.finetune.train_ppo_diffusion_agent][INFO] - 5: step   400000 | loss   0.0187 | pg loss  -0.0005 | value loss   0.0383 | bc loss   0.0000 | reward 1578.3221 | eta   1.0000 | t: 58.5360 | kl_true_per_action=0.09946675192788566 | logratio_p99=0.5795877891778937 | clamp_hit_frac=0.0007770833333333333
Processed step 0 of 500
Processed step 10 of 500
Processed step 20 of 500
Processed step 30 of 500
Processed step 40 of 500
Processed step 50 of 500
Processed step 60 of 500
Processed step 70 of 500
Processed step 80 of 500
Processed step 90 of 500
Processed step 100 of 500
Processed step 110 of 500
Processed step 120 of 500
Processed step 130 of 500
Processed step 140 of 500
Processed step 150 of 500
Processed step 160 of 500
Processed step 170 of 500
Processed step 180 of 500
Processed step 190 of 500
Processed step 200 of 500
Processed step 210 of 500
Processed step 220 of 500
Processed step 230 of 500
Processed step 240 of 500
Processed step 250 of 500
Processed step 260 of 500
Processed step 270 of 500
Processed step 280 of 500
Processed step 290 of 500
Processed step 300 of 500
Processed step 310 of 500
Processed step 320 of 500
Processed step 330 of 500
Processed step 340 of 500
Processed step 350 of 500
Processed step 360 of 500
Processed step 370 of 500
Processed step 380 of 500
Processed step 390 of 500
Processed step 400 of 500
Processed step 410 of 500
Processed step 420 of 500
Processed step 430 of 500
Processed step 440 of 500
Processed step 450 of 500
Processed step 460 of 500
Processed step 470 of 500
Processed step 480 of 500
Processed step 490 of 500
[2026-10-09 13:04:06,816][agent.finetune.train_ppo_diffusion_agent][INFO] - approx_kl: 0.0, update_epoch: 0, num_batch: 4
[2026-10-09 13:04:09,090][agent.finetune.train_ppo_diffusion_agent][INFO] - approx_kl: 5.728088936507447e-08, update_epoch: 0, num_batch: 4
[2026-10-09 13:04:11,329][agent.finetune.train_ppo_diffusion_agent][INFO] - approx_kl: 2.491668169568584e-07, update_epoch: 0, num_batch: 4
[2026-10-09 13:04:13,637][agent.finetune.train_ppo_diffusion_agent][INFO] - approx_kl: 4.689268564561644e-07, update_epoch: 0, num_batch: 4
[2026-10-09 13:04:15,756][agent.finetune.train_ppo_diffusion_agent][INFO] - approx_kl: 7.308285034923756e-07, update_epoch: 1, num_batch: 4
[2026-10-09 13:04:17,988][agent.finetune.train_ppo_diffusion_agent][INFO] - approx_kl: 1.310535139964486e-06, update_epoch: 1, num_batch: 4
[2026-10-09 13:04:20,225][agent.finetune.train_ppo_diffusion_agent][INFO] - approx_kl: 1.7815802948462078e-06, update_epoch: 1, num_batch: 4
[2026-10-09 13:04:22,569][agent.finetune.train_ppo_diffusion_agent][INFO] - approx_kl: 2.2960498426982667e-06, update_epoch: 1, num_batch: 4
[2026-10-09 13:04:24,720][agent.finetune.train_ppo_diffusion_agent][INFO] - approx_kl: 2.5449664917687187e-06, update_epoch: 2, num_batch: 4
[2026-10-09 13:04:26,986][agent.finetune.train_ppo_diffusion_agent][INFO] - approx_kl: 2.6908694508165354e-06, update_epoch: 2, num_batch: 4
[2026-10-09 13:04:29,228][agent.finetune.train_ppo_diffusion_agent][INFO] - approx_kl: 3.0419357699429384e-06, update_epoch: 2, num_batch: 4
[2026-10-09 13:04:31,564][agent.finetune.train_ppo_diffusion_agent][INFO] - approx_kl: 3.442262368480442e-06, update_epoch: 2, num_batch: 4
[2026-10-09 13:04:33,713][agent.finetune.train_ppo_diffusion_agent][INFO] - approx_kl: 4.214326509099919e-06, update_epoch: 3, num_batch: 4
[2026-10-09 13:04:35,973][agent.finetune.train_ppo_diffusion_agent][INFO] - approx_kl: 5.098908786749234e-06, update_epoch: 3, num_batch: 4
[2026-10-09 13:04:38,223][agent.finetune.train_ppo_diffusion_agent][INFO] - approx_kl: 5.763041372119915e-06, update_epoch: 3, num_batch: 4
[2026-10-09 13:04:40,576][agent.finetune.train_ppo_diffusion_agent][INFO] - approx_kl: 6.947420843061991e-06, update_epoch: 3, num_batch: 4
[2026-10-09 13:04:42,730][agent.finetune.train_ppo_diffusion_agent][INFO] - approx_kl: 7.910674867162015e-06, update_epoch: 4, num_batch: 4
[2026-10-09 13:04:44,978][agent.finetune.train_ppo_diffusion_agent][INFO] - approx_kl: 9.002343176689465e-06, update_epoch: 4, num_batch: 4
[2026-10-09 13:04:47,198][agent.finetune.train_ppo_diffusion_agent][INFO] - approx_kl: 1.019683804770466e-05, update_epoch: 4, num_batch: 4
[2026-10-09 13:04:49,533][agent.finetune.train_ppo_diffusion_agent][INFO] - approx_kl: 1.1757650099752937e-05, update_epoch: 4, num_batch: 4
[2026-10-09 13:04:49,551][agent.finetune.train_ppo_diffusion_agent][INFO] - 6: step   480000 | loss   0.0201 | pg loss  -0.0003 | value loss   0.0408 | bc loss   0.0000 | reward 1438.9926 | eta   1.0000 | t: 58.5097 | kl_true_per_action=0.06752560566291795 | logratio_p99=0.47902404487132905 | clamp_hit_frac=0.0007833333333333334
Processed step 0 of 500
Processed step 10 of 500
Processed step 20 of 500
Processed step 30 of 500
Processed step 40 of 500
Processed step 50 of 500
Processed step 60 of 500
Processed step 70 of 500
Processed step 80 of 500
Processed step 90 of 500
Processed step 100 of 500
Processed step 110 of 500
Processed step 120 of 500
Processed step 130 of 500
Processed step 140 of 500
Processed step 150 of 500
Processed step 160 of 500
Processed step 170 of 500
Processed step 180 of 500
Processed step 190 of 500
Processed step 200 of 500
Processed step 210 of 500
Processed step 220 of 500
Processed step 230 of 500
Processed step 240 of 500
Processed step 250 of 500
Processed step 260 of 500
Processed step 270 of 500
Processed step 280 of 500
Processed step 290 of 500
Processed step 300 of 500
Processed step 310 of 500
Processed step 320 of 500
Processed step 330 of 500
Processed step 340 of 500
Processed step 350 of 500
Processed step 360 of 500
Processed step 370 of 500
Processed step 380 of 500
Processed step 390 of 500
Processed step 400 of 500
Processed step 410 of 500
Processed step 420 of 500
Processed step 430 of 500
Processed step 440 of 500
Processed step 450 of 500
Processed step 460 of 500
Processed step 470 of 500
Processed step 480 of 500
Processed step 490 of 500
[2026-10-09 13:05:05,343][agent.finetune.train_ppo_diffusion_agent][INFO] - approx_kl: 0.0, update_epoch: 0, num_batch: 4
[2026-10-09 13:05:07,607][agent.finetune.train_ppo_diffusion_agent][INFO] - approx_kl: 8.351008773388457e-08, update_epoch: 0, num_batch: 4
[2026-10-09 13:05:09,958][agent.finetune.train_ppo_diffusion_agent][INFO] - approx_kl: 6.46862247322133e-07, update_epoch: 0, num_batch: 4
[2026-10-09 13:05:12,093][agent.finetune.train_ppo_diffusion_agent][INFO] - approx_kl: 1.36161304453708e-06, update_epoch: 0, num_batch: 4
[2026-10-09 13:05:14,303][agent.finetune.train_ppo_diffusion_agent][INFO] - approx_kl: 1.3890111176806386e-06, update_epoch: 1, num_batch: 4
[2026-10-09 13:05:16,543][agent.finetune.train_ppo_diffusion_agent][INFO] - approx_kl: 1.3663207028002944e-06, update_epoch: 1, num_batch: 4
[2026-10-09 13:05:18,867][agent.finetune.train_ppo_diffusion_agent][INFO] - approx_kl: 1.630533461138839e-06, update_epoch: 1, num_batch: 4
[2026-10-09 13:05:20,995][agent.finetune.train_ppo_diffusion_agent][INFO] - approx_kl: 2.221456497863983e-06, update_epoch: 1, num_batch: 4
[2026-10-09 13:05:23,275][agent.finetune.train_ppo_diffusion_agent][INFO] - approx_kl: 2.8562776606122497e-06, update_epoch: 2, num_batch: 4
[2026-10-09 13:05:25,541][agent.finetune.train_ppo_diffusion_agent][INFO] - approx_kl: 3.5987686715088785e-06, update_epoch: 2, num_batch: 4
[2026-10-09 13:05:27,918][agent.finetune.train_ppo_diffusion_agent][INFO] - approx_kl: 4.759077910421183e-06, update_epoch: 2, num_batch: 4
[2026-10-09 13:05:30,088][agent.finetune.train_ppo_diffusion_agent][INFO] - approx_kl: 5.863981186848832e-06, update_epoch: 2, num_batch: 4
[2026-10-09 13:05:32,344][agent.finetune.train_ppo_diffusion_agent][INFO] - approx_kl: 6.986485914239893e-06, update_epoch: 3, num_batch: 4
[2026-10-09 13:05:34,600][agent.finetune.train_ppo_diffusion_agent][INFO] - approx_kl: 7.954800821607932e-06, update_epoch: 3, num_batch: 4
[2026-10-09 13:05:36,951][agent.finetune.train_ppo_diffusion_agent][INFO] - approx_kl: 9.747066542331595e-06, update_epoch: 3, num_batch: 4
[2026-10-09 13:05:39,118][agent.finetune.train_ppo_diffusion_agent][INFO] - approx_kl: 1.1163017916260287e-05, update_epoch: 3, num_batch: 4
[2026-10-09 13:05:41,375][agent.finetune.train_ppo_diffusion_agent][INFO] - approx_kl: 1.265788796445122e-05, update_epoch: 4, num_batch: 4
[2026-10-09 13:05:43,622][agent.finetune.train_ppo_diffusion_agent][INFO] - approx_kl: 1.4560197087121196e-05, update_epoch: 4, num_batch: 4
[2026-10-09 13:05:45,969][agent.finetune.train_ppo_diffusion_agent][INFO] - approx_kl: 1.635098124097567e-05, update_epoch: 4, num_batch: 4
[2026-10-09 13:05:48,097][agent.finetune.train_ppo_diffusion_agent][INFO] - approx_kl: 1.7762777133611962e-05, update_epoch: 4, num_batch: 4
[2026-10-09 13:05:48,115][agent.finetune.train_ppo_diffusion_agent][INFO] - 7: step   560000 | loss   0.0243 | pg loss  -0.0004 | value loss   0.0494 | bc loss   0.0000 | reward 2146.6245 | eta   1.0000 | t: 58.5639 | kl_true_per_action=0.11208344015457185 | logratio_p99=0.6001913046836836 | clamp_hit_frac=0.0006979166666666667
Processed step 0 of 500
Processed step 10 of 500
Processed step 20 of 500
Processed step 30 of 500
Processed step 40 of 500
Processed step 50 of 500
Processed step 60 of 500
Processed step 70 of 500
Processed step 80 of 500
Processed step 90 of 500
Processed step 100 of 500
Processed step 110 of 500
Processed step 120 of 500
Processed step 130 of 500
Processed step 140 of 500
Processed step 150 of 500
Processed step 160 of 500
Processed step 170 of 500
Processed step 180 of 500
Processed step 190 of 500
Processed step 200 of 500
Processed step 210 of 500
Processed step 220 of 500
Processed step 230 of 500
Processed step 240 of 500
Processed step 250 of 500
Processed step 260 of 500
Processed step 270 of 500
Processed step 280 of 500
Processed step 290 of 500
Processed step 300 of 500
Processed step 310 of 500
Processed step 320 of 500
Processed step 330 of 500
Processed step 340 of 500
Processed step 350 of 500
Processed step 360 of 500
Processed step 370 of 500
Processed step 380 of 500
Processed step 390 of 500
Processed step 400 of 500
Processed step 410 of 500
Processed step 420 of 500
Processed step 430 of 500
Processed step 440 of 500
Processed step 450 of 500
Processed step 460 of 500
Processed step 470 of 500
Processed step 480 of 500
Processed step 490 of 500
[2026-10-09 13:06:04,032][agent.finetune.train_ppo_diffusion_agent][INFO] - approx_kl: 0.0, update_epoch: 0, num_batch: 4
[2026-10-09 13:06:06,266][agent.finetune.train_ppo_diffusion_agent][INFO] - approx_kl: 6.844490485491406e-08, update_epoch: 0, num_batch: 4
[2026-10-09 13:06:08,590][agent.finetune.train_ppo_diffusion_agent][INFO] - approx_kl: 2.929637901161186e-07, update_epoch: 0, num_batch: 4
[2026-10-09 13:06:10,742][agent.finetune.train_ppo_diffusion_agent][INFO] - approx_kl: 7.099303616087127e-07, update_epoch: 0, num_batch: 4
[2026-10-09 13:06:12,957][agent.finetune.train_ppo_diffusion_agent][INFO] - approx_kl: 1.3561972309616976e-06, update_epoch: 1, num_batch: 4
[2026-10-09 13:06:15,175][agent.finetune.train_ppo_diffusion_agent][INFO] - approx_kl: 2.2928522867005086e-06, update_epoch: 1, num_batch: 4
[2026-10-09 13:06:17,468][agent.finetune.train_ppo_diffusion_agent][INFO] - approx_kl: 3.56815667146293e-06, update_epoch: 1, num_batch: 4
[2026-10-09 13:06:19,583][agent.finetune.train_ppo_diffusion_agent][INFO] - approx_kl: 5.071096438769018e-06, update_epoch: 1, num_batch: 4
[2026-10-09 13:06:21,824][agent.finetune.train_ppo_diffusion_agent][INFO] - approx_kl: 7.214835477498127e-06, update_epoch: 2, num_batch: 4
[2026-10-09 13:06:24,066][agent.finetune.train_ppo_diffusion_agent][INFO] - approx_kl: 9.379979928780813e-06, update_epoch: 2, num_batch: 4
[2026-10-09 13:06:26,404][agent.finetune.train_ppo_diffusion_agent][INFO] - approx_kl: 1.1911406545550562e-05, update_epoch: 2, num_batch: 4
[2026-10-09 13:06:28,544][agent.finetune.train_ppo_diffusion_agent][INFO] - approx_kl: 1.495400647399947e-05, update_epoch: 2, num_batch: 4
[2026-10-09 13:06:30,811][agent.finetune.train_ppo_diffusion_agent][INFO] - approx_kl: 1.9221408365410753e-05, update_epoch: 3, num_batch: 4
[2026-10-09 13:06:33,035][agent.finetune.train_ppo_diffusion_agent][INFO] - approx_kl: 2.3149061235017143e-05, update_epoch: 3, num_batch: 4
[2026-10-09 13:06:35,366][agent.finetune.train_ppo_diffusion_agent][INFO] - approx_kl: 2.8660781026701443e-05, update_epoch: 3, num_batch: 4
[2026-10-09 13:06:37,485][agent.finetune.train_ppo_diffusion_agent][INFO] - approx_kl: 3.346891753608361e-05, update_epoch: 3, num_batch: 4
[2026-10-09 13:06:39,688][agent.finetune.train_ppo_diffusion_agent][INFO] - approx_kl: 4.0250004531117156e-05, update_epoch: 4, num_batch: 4
[2026-10-09 13:06:41,919][agent.finetune.train_ppo_diffusion_agent][INFO] - approx_kl: 4.58062240795698e-05, update_epoch: 4, num_batch: 4
[2026-10-09 13:06:44,258][agent.finetune.train_ppo_diffusion_agent][INFO] - approx_kl: 5.347148180590011e-05, update_epoch: 4, num_batch: 4
[2026-10-09 13:06:46,412][agent.finetune.train_ppo_diffusion_agent][INFO] - approx_kl: 6.33018571534194e-05, update_epoch: 4, num_batch: 4
[2026-10-09 13:06:46,431][agent.finetune.train_ppo_diffusion_agent][INFO] - 8: step   640000 | loss   0.0254 | pg loss  -0.0006 | value loss   0.0520 | bc loss   0.0000 | reward 2492.5416 | eta   1.0000 | t: 58.3164 | kl_true_per_action=0.37419587537913573 | logratio_p99=1.2409609675407405 | clamp_hit_frac=0.00075625
Processed step 0 of 500
Processed step 10 of 500
Processed step 20 of 500
Processed step 30 of 500
Processed step 40 of 500
Processed step 50 of 500
Processed step 60 of 500
Processed step 70 of 500
Processed step 80 of 500
Processed step 90 of 500
Processed step 100 of 500
Processed step 110 of 500
Processed step 120 of 500
Processed step 130 of 500
Processed step 140 of 500
Processed step 150 of 500
Processed step 160 of 500
Processed step 170 of 500
Processed step 180 of 500
Processed step 190 of 500
Processed step 200 of 500
Processed step 210 of 500
Processed step 220 of 500
Processed step 230 of 500
Processed step 240 of 500
Processed step 250 of 500
Processed step 260 of 500
Processed step 270 of 500
Processed step 280 of 500
Processed step 290 of 500
Processed step 300 of 500
Processed step 310 of 500
Processed step 320 of 500
Processed step 330 of 500
Processed step 340 of 500
Processed step 350 of 500
Processed step 360 of 500
Processed step 370 of 500
Processed step 380 of 500
Processed step 390 of 500
Processed step 400 of 500
Processed step 410 of 500
Processed step 420 of 500
Processed step 430 of 500
Processed step 440 of 500
Processed step 450 of 500
Processed step 460 of 500
Processed step 470 of 500
Processed step 480 of 500
Processed step 490 of 500
[2026-10-09 13:07:02,320][agent.finetune.train_ppo_diffusion_agent][INFO] - approx_kl: 0.0, update_epoch: 0, num_batch: 4
[2026-10-09 13:07:04,528][agent.finetune.train_ppo_diffusion_agent][INFO] - approx_kl: 5.364161097531905e-07, update_epoch: 0, num_batch: 4
[2026-10-09 13:07:06,849][agent.finetune.train_ppo_diffusion_agent][INFO] - approx_kl: 1.9686456198542146e-06, update_epoch: 0, num_batch: 4
[2026-10-09 13:07:08,977][agent.finetune.train_ppo_diffusion_agent][INFO] - approx_kl: 3.5528587432054337e-06, update_epoch: 0, num_batch: 4
[2026-10-09 13:07:11,169][agent.finetune.train_ppo_diffusion_agent][INFO] - approx_kl: 5.999052973493235e-06, update_epoch: 1, num_batch: 4
[2026-10-09 13:07:13,503][agent.finetune.train_ppo_diffusion_agent][INFO] - approx_kl: 9.427395525563043e-06, update_epoch: 1, num_batch: 4
[2026-10-09 13:07:15,649][agent.finetune.train_ppo_diffusion_agent][INFO] - approx_kl: 1.3743004274147097e-05, update_epoch: 1, num_batch: 4
[2026-10-09 13:07:17,861][agent.finetune.train_ppo_diffusion_agent][INFO] - approx_kl: 1.6807591237011366e-05, update_epoch: 1, num_batch: 4
[2026-10-09 13:07:20,100][agent.finetune.train_ppo_diffusion_agent][INFO] - approx_kl: 2.247959127998911e-05, update_epoch: 2, num_batch: 4
[2026-10-09 13:07:22,464][agent.finetune.train_ppo_diffusion_agent][INFO] - approx_kl: 2.907500856963452e-05, update_epoch: 2, num_batch: 4
[2026-10-09 13:07:24,625][agent.finetune.train_ppo_diffusion_agent][INFO] - approx_kl: 3.609898340073414e-05, update_epoch: 2, num_batch: 4
[2026-10-09 13:07:26,869][agent.finetune.train_ppo_diffusion_agent][INFO] - approx_kl: 3.9542432205053046e-05, update_epoch: 2, num_batch: 4
[2026-10-09 13:07:29,120][agent.finetune.train_ppo_diffusion_agent][INFO] - approx_kl: 4.8731890274211764e-05, update_epoch: 3, num_batch: 4
[2026-10-09 13:07:31,461][agent.finetune.train_ppo_diffusion_agent][INFO] - approx_kl: 5.677568697137758e-05, update_epoch: 3, num_batch: 4
[2026-10-09 13:07:33,679][agent.finetune.train_ppo_diffusion_agent][INFO] - approx_kl: 6.685334665235132e-05, update_epoch: 3, num_batch: 4
[2026-10-09 13:07:35,925][agent.finetune.train_ppo_diffusion_agent][INFO] - approx_kl: 7.849589019315317e-05, update_epoch: 3, num_batch: 4
[2026-10-09 13:07:38,169][agent.finetune.train_ppo_diffusion_agent][INFO] - approx_kl: 9.24219420994632e-05, update_epoch: 4, num_batch: 4
[2026-10-09 13:07:40,505][agent.finetune.train_ppo_diffusion_agent][INFO] - approx_kl: 0.00011331101995892823, update_epoch: 4, num_batch: 4
[2026-10-09 13:07:42,650][agent.finetune.train_ppo_diffusion_agent][INFO] - approx_kl: 0.0001302495802519843, update_epoch: 4, num_batch: 4
[2026-10-09 13:07:44,882][agent.finetune.train_ppo_diffusion_agent][INFO] - approx_kl: 0.00015731224266346544, update_epoch: 4, num_batch: 4
[2026-10-09 13:07:44,901][agent.finetune.train_ppo_diffusion_agent][INFO] - 9: step   720000 | loss   0.0258 | pg loss  -0.0008 | value loss   0.0530 | bc loss   0.0000 | reward 2956.0919 | eta   1.0000 | t: 58.4700 | kl_true_per_action=0.8984346436202086 | logratio_p99=2.0474282908439565 | clamp_hit_frac=0.0007375
Processed step 0 of 500
Processed step 10 of 500
Processed step 20 of 500
Processed step 30 of 500
Processed step 40 of 500
Processed step 50 of 500
Processed step 60 of 500
Processed step 70 of 500
Processed step 80 of 500
Processed step 90 of 500
Processed step 100 of 500
Processed step 110 of 500
Processed step 120 of 500
Processed step 130 of 500
Processed step 140 of 500
Processed step 150 of 500
Processed step 160 of 500
Processed step 170 of 500
Processed step 180 of 500
Processed step 190 of 500
Processed step 200 of 500
Processed step 210 of 500
Processed step 220 of 500
Processed step 230 of 500
Processed step 240 of 500
Processed step 250 of 500
Processed step 260 of 500
Processed step 270 of 500
Processed step 280 of 500
Processed step 290 of 500
Processed step 300 of 500
Processed step 310 of 500
Processed step 320 of 500
Processed step 330 of 500
Processed step 340 of 500
Processed step 350 of 500
Processed step 360 of 500
Processed step 370 of 500
Processed step 380 of 500
Processed step 390 of 500
Processed step 400 of 500
Processed step 410 of 500
Processed step 420 of 500
Processed step 430 of 500
Processed step 440 of 500
Processed step 450 of 500
Processed step 460 of 500
Processed step 470 of 500
Processed step 480 of 500
Processed step 490 of 500
[2026-10-09 13:07:57,617][agent.finetune.train_ppo_diffusion_agent][INFO] - eval: success rate   1.0000 | avg episode reward 3765.8712 | avg best reward   6.0354
Processed step 0 of 500
Processed step 10 of 500
Processed step 20 of 500
Processed step 30 of 500
Processed step 40 of 500
Processed step 50 of 500
Processed step 60 of 500
Processed step 70 of 500
Processed step 80 of 500
Processed step 90 of 500
Processed step 100 of 500
Processed step 110 of 500
Processed step 120 of 500
Processed step 130 of 500
Processed step 140 of 500
Processed step 150 of 500
Processed step 160 of 500
Processed step 170 of 500
Processed step 180 of 500
Processed step 190 of 500
Processed step 200 of 500
Processed step 210 of 500
Processed step 220 of 500
Processed step 230 of 500
Processed step 240 of 500
Processed step 250 of 500
Processed step 260 of 500
Processed step 270 of 500
Processed step 280 of 500
Processed step 290 of 500
Processed step 300 of 500
Processed step 310 of 500
Processed step 320 of 500
Processed step 330 of 500
Processed step 340 of 500
Processed step 350 of 500
Processed step 360 of 500
Processed step 370 of 500
Processed step 380 of 500
Processed step 390 of 500
Processed step 400 of 500
Processed step 410 of 500
Processed step 420 of 500
Processed step 430 of 500
Processed step 440 of 500
Processed step 450 of 500
Processed step 460 of 500
Processed step 470 of 500
Processed step 480 of 500
Processed step 490 of 500
[2026-10-09 13:08:12,475][agent.finetune.train_ppo_diffusion_agent][INFO] - approx_kl: 0.0, update_epoch: 0, num_batch: 4
[2026-10-09 13:08:14,812][agent.finetune.train_ppo_diffusion_agent][INFO] - approx_kl: 3.3806688293225307e-07, update_epoch: 0, num_batch: 4
[2026-10-09 13:08:16,966][agent.finetune.train_ppo_diffusion_agent][INFO] - approx_kl: 1.2585949207277736e-06, update_epoch: 0, num_batch: 4
[2026-10-09 13:08:19,189][agent.finetune.train_ppo_diffusion_agent][INFO] - approx_kl: 2.573501205915818e-06, update_epoch: 0, num_batch: 4
[2026-10-09 13:08:21,395][agent.finetune.train_ppo_diffusion_agent][INFO] - approx_kl: 4.3376294343033805e-06, update_epoch: 1, num_batch: 4
[2026-10-09 13:08:23,739][agent.finetune.train_ppo_diffusion_agent][INFO] - approx_kl: 6.543733888975112e-06, update_epoch: 1, num_batch: 4
[2026-10-09 13:08:25,943][agent.finetune.train_ppo_diffusion_agent][INFO] - approx_kl: 9.44179373618681e-06, update_epoch: 1, num_batch: 4
[2026-10-09 13:08:28,180][agent.finetune.train_ppo_diffusion_agent][INFO] - approx_kl: 1.1799364983744454e-05, update_epoch: 1, num_batch: 4
[2026-10-09 13:08:30,425][agent.finetune.train_ppo_diffusion_agent][INFO] - approx_kl: 1.4529721738654189e-05, update_epoch: 2, num_batch: 4
[2026-10-09 13:08:32,770][agent.finetune.train_ppo_diffusion_agent][INFO] - approx_kl: 1.7215194020536728e-05, update_epoch: 2, num_batch: 4
[2026-10-09 13:08:34,971][agent.finetune.train_ppo_diffusion_agent][INFO] - approx_kl: 2.1270619981805794e-05, update_epoch: 2, num_batch: 4
[2026-10-09 13:08:37,214][agent.finetune.train_ppo_diffusion_agent][INFO] - approx_kl: 2.5759929485502653e-05, update_epoch: 2, num_batch: 4
[2026-10-09 13:08:39,462][agent.finetune.train_ppo_diffusion_agent][INFO] - approx_kl: 3.235178883187473e-05, update_epoch: 3, num_batch: 4
[2026-10-09 13:08:41,791][agent.finetune.train_ppo_diffusion_agent][INFO] - approx_kl: 4.062920925207436e-05, update_epoch: 3, num_batch: 4
[2026-10-09 13:08:43,944][agent.finetune.train_ppo_diffusion_agent][INFO] - approx_kl: 4.6331348130479455e-05, update_epoch: 3, num_batch: 4
[2026-10-09 13:08:46,197][agent.finetune.train_ppo_diffusion_agent][INFO] - approx_kl: 5.468189556268044e-05, update_epoch: 3, num_batch: 4
[2026-10-09 13:08:48,434][agent.finetune.train_ppo_diffusion_agent][INFO] - approx_kl: 6.92590037942864e-05, update_epoch: 4, num_batch: 4
[2026-10-09 13:08:50,748][agent.finetune.train_ppo_diffusion_agent][INFO] - approx_kl: 7.92844220995903e-05, update_epoch: 4, num_batch: 4
[2026-10-09 13:08:52,896][agent.finetune.train_ppo_diffusion_agent][INFO] - approx_kl: 9.764132846612483e-05, update_epoch: 4, num_batch: 4
[2026-10-09 13:08:55,149][agent.finetune.train_ppo_diffusion_agent][INFO] - approx_kl: 0.0001129632000811398, update_epoch: 4, num_batch: 4
[2026-10-09 13:08:55,165][agent.finetune.train_ppo_diffusion_agent][INFO] - 11: step   800000 | loss   0.0286 | pg loss  -0.0006 | value loss   0.0585 | bc loss   0.0000 | reward 3006.8107 | eta   1.0000 | t: 57.5485 | kl_true_per_action=0.6015742052248971 | logratio_p99=1.6065252721309558 | clamp_hit_frac=0.0008291666666666666
Processed step 0 of 500
Processed step 10 of 500
Processed step 20 of 500
Processed step 30 of 500
Processed step 40 of 500
Processed step 50 of 500
Processed step 60 of 500
Processed step 70 of 500
Processed step 80 of 500
Processed step 90 of 500
Processed step 100 of 500
Processed step 110 of 500
Processed step 120 of 500
Processed step 130 of 500
Processed step 140 of 500
Processed step 150 of 500
Processed step 160 of 500
Processed step 170 of 500
Processed step 180 of 500
Processed step 190 of 500
Processed step 200 of 500
Processed step 210 of 500
Processed step 220 of 500
Processed step 230 of 500
Processed step 240 of 500
Processed step 250 of 500
Processed step 260 of 500
Processed step 270 of 500
Processed step 280 of 500
Processed step 290 of 500
Processed step 300 of 500
Processed step 310 of 500
Processed step 320 of 500
Processed step 330 of 500
Processed step 340 of 500
Processed step 350 of 500
Processed step 360 of 500
Processed step 370 of 500
Processed step 380 of 500
Processed step 390 of 500
Processed step 400 of 500
Processed step 410 of 500
Processed step 420 of 500
Processed step 430 of 500
Processed step 440 of 500
Processed step 450 of 500
Processed step 460 of 500
Processed step 470 of 500
Processed step 480 of 500
Processed step 490 of 500
[2026-10-09 13:09:09,990][agent.finetune.train_ppo_diffusion_agent][INFO] - approx_kl: 0.0, update_epoch: 0, num_batch: 4
[2026-10-09 13:09:12,294][agent.finetune.train_ppo_diffusion_agent][INFO] - approx_kl: 3.851081089578656e-07, update_epoch: 0, num_batch: 4
[2026-10-09 13:09:14,431][agent.finetune.train_ppo_diffusion_agent][INFO] - approx_kl: 1.2281814179004868e-06, update_epoch: 0, num_batch: 4
[2026-10-09 13:09:16,641][agent.finetune.train_ppo_diffusion_agent][INFO] - approx_kl: 2.448354280204512e-06, update_epoch: 0, num_batch: 4
[2026-10-09 13:09:18,841][agent.finetune.train_ppo_diffusion_agent][INFO] - approx_kl: 4.01230090574245e-06, update_epoch: 1, num_batch: 4
[2026-10-09 13:09:21,131][agent.finetune.train_ppo_diffusion_agent][INFO] - approx_kl: 5.688301826012321e-06, update_epoch: 1, num_batch: 4
[2026-10-09 13:09:23,294][agent.finetune.train_ppo_diffusion_agent][INFO] - approx_kl: 8.322066605614964e-06, update_epoch: 1, num_batch: 4
[2026-10-09 13:09:25,539][agent.finetune.train_ppo_diffusion_agent][INFO] - approx_kl: 1.1429829100961797e-05, update_epoch: 1, num_batch: 4
[2026-10-09 13:09:27,770][agent.finetune.train_ppo_diffusion_agent][INFO] - approx_kl: 1.5344949133577757e-05, update_epoch: 2, num_batch: 4
[2026-10-09 13:09:30,091][agent.finetune.train_ppo_diffusion_agent][INFO] - approx_kl: 1.9659733879962005e-05, update_epoch: 2, num_batch: 4
[2026-10-09 13:09:32,238][agent.finetune.train_ppo_diffusion_agent][INFO] - approx_kl: 2.6980402253684588e-05, update_epoch: 2, num_batch: 4
[2026-10-09 13:09:34,478][agent.finetune.train_ppo_diffusion_agent][INFO] - approx_kl: 3.464734254521318e-05, update_epoch: 2, num_batch: 4
[2026-10-09 13:09:36,715][agent.finetune.train_ppo_diffusion_agent][INFO] - approx_kl: 4.574361810227856e-05, update_epoch: 3, num_batch: 4
[2026-10-09 13:09:39,062][agent.finetune.train_ppo_diffusion_agent][INFO] - approx_kl: 5.897079245187342e-05, update_epoch: 3, num_batch: 4
[2026-10-09 13:09:41,199][agent.finetune.train_ppo_diffusion_agent][INFO] - approx_kl: 7.334961992455646e-05, update_epoch: 3, num_batch: 4
[2026-10-09 13:09:43,429][agent.finetune.train_ppo_diffusion_agent][INFO] - approx_kl: 9.615983435651287e-05, update_epoch: 3, num_batch: 4
[2026-10-09 13:09:45,669][agent.finetune.train_ppo_diffusion_agent][INFO] - approx_kl: 0.0001168483795481734, update_epoch: 4, num_batch: 4
[2026-10-09 13:09:48,007][agent.finetune.train_ppo_diffusion_agent][INFO] - approx_kl: 0.0001441999920643866, update_epoch: 4, num_batch: 4
[2026-10-09 13:09:50,112][agent.finetune.train_ppo_diffusion_agent][INFO] - approx_kl: 0.00017458866932429373, update_epoch: 4, num_batch: 4
[2026-10-09 13:09:52,344][agent.finetune.train_ppo_diffusion_agent][INFO] - approx_kl: 0.00020323767967056483, update_epoch: 4, num_batch: 4
[2026-10-09 13:09:52,360][agent.finetune.train_ppo_diffusion_agent][INFO] - 12: step   880000 | loss   0.0306 | pg loss  -0.0008 | value loss   0.0629 | bc loss   0.0000 | reward 2891.0308 | eta   1.0000 | t: 57.1941 | kl_true_per_action=1.0868527926860252 | logratio_p99=2.2993866991996623 | clamp_hit_frac=0.0008020833333333334
Processed step 0 of 500
Processed step 10 of 500
Processed step 20 of 500
Processed step 30 of 500
Processed step 40 of 500
Processed step 50 of 500
Processed step 60 of 500
Processed step 70 of 500
Processed step 80 of 500
Processed step 90 of 500
Processed step 100 of 500
Processed step 110 of 500
Processed step 120 of 500
Processed step 130 of 500
Processed step 140 of 500
Processed step 150 of 500
Processed step 160 of 500
Processed step 170 of 500
Processed step 180 of 500
Processed step 190 of 500
Processed step 200 of 500
Processed step 210 of 500
Processed step 220 of 500
Processed step 230 of 500
Processed step 240 of 500
Processed step 250 of 500
Processed step 260 of 500
Processed step 270 of 500
Processed step 280 of 500
Processed step 290 of 500
Processed step 300 of 500
Processed step 310 of 500
Processed step 320 of 500
Processed step 330 of 500
Processed step 340 of 500
Processed step 350 of 500
Processed step 360 of 500
Processed step 370 of 500
Processed step 380 of 500
Processed step 390 of 500
Processed step 400 of 500
Processed step 410 of 500
Processed step 420 of 500
Processed step 430 of 500
Processed step 440 of 500
Processed step 450 of 500
Processed step 460 of 500
Processed step 470 of 500
Processed step 480 of 500
Processed step 490 of 500
[2026-10-09 13:10:07,188][agent.finetune.train_ppo_diffusion_agent][INFO] - approx_kl: 0.0, update_epoch: 0, num_batch: 4
[2026-10-09 13:10:09,521][agent.finetune.train_ppo_diffusion_agent][INFO] - approx_kl: 6.137982495602046e-07, update_epoch: 0, num_batch: 4
[2026-10-09 13:10:11,670][agent.finetune.train_ppo_diffusion_agent][INFO] - approx_kl: 2.3262898594111903e-06, update_epoch: 0, num_batch: 4
[2026-10-09 13:10:13,900][agent.finetune.train_ppo_diffusion_agent][INFO] - approx_kl: 4.208566679153591e-06, update_epoch: 0, num_batch: 4
[2026-10-09 13:10:16,135][agent.finetune.train_ppo_diffusion_agent][INFO] - approx_kl: 7.8945595305413e-06, update_epoch: 1, num_batch: 4
[2026-10-09 13:10:18,478][agent.finetune.train_ppo_diffusion_agent][INFO] - approx_kl: 1.2508234249253292e-05, update_epoch: 1, num_batch: 4
[2026-10-09 13:10:20,586][agent.finetune.train_ppo_diffusion_agent][INFO] - approx_kl: 1.8446336980559863e-05, update_epoch: 1, num_batch: 4
[2026-10-09 13:10:22,838][agent.finetune.train_ppo_diffusion_agent][INFO] - approx_kl: 2.7093114113085903e-05, update_epoch: 1, num_batch: 4
[2026-10-09 13:10:25,087][agent.finetune.train_ppo_diffusion_agent][INFO] - approx_kl: 3.87410145776812e-05, update_epoch: 2, num_batch: 4
[2026-10-09 13:10:27,420][agent.finetune.train_ppo_diffusion_agent][INFO] - approx_kl: 5.3333966206992045e-05, update_epoch: 2, num_batch: 4
[2026-10-09 13:10:29,572][agent.finetune.train_ppo_diffusion_agent][INFO] - approx_kl: 7.38618618925102e-05, update_epoch: 2, num_batch: 4
[2026-10-09 13:10:31,808][agent.finetune.train_ppo_diffusion_agent][INFO] - approx_kl: 0.0001036085668602027, update_epoch: 2, num_batch: 4
[2026-10-09 13:10:34,054][agent.finetune.train_ppo_diffusion_agent][INFO] - approx_kl: 0.00014113078941591084, update_epoch: 3, num_batch: 4
[2026-10-09 13:10:36,407][agent.finetune.train_ppo_diffusion_agent][INFO] - approx_kl: 0.00019485384109430015, update_epoch: 3, num_batch: 4
[2026-10-09 13:10:38,557][agent.finetune.train_ppo_diffusion_agent][INFO] - approx_kl: 0.00027242384385317564, update_epoch: 3, num_batch: 4
[2026-10-09 13:10:40,819][agent.finetune.train_ppo_diffusion_agent][INFO] - approx_kl: 0.0003877852577716112, update_epoch: 3, num_batch: 4
[2026-10-09 13:10:43,070][agent.finetune.train_ppo_diffusion_agent][INFO] - approx_kl: 0.0005040455725975335, update_epoch: 4, num_batch: 4
[2026-10-09 13:10:45,417][agent.finetune.train_ppo_diffusion_agent][INFO] - approx_kl: 0.000684197002556175, update_epoch: 4, num_batch: 4
[2026-10-09 13:10:47,576][agent.finetune.train_ppo_diffusion_agent][INFO] - approx_kl: 0.0008536356617696583, update_epoch: 4, num_batch: 4
[2026-10-09 13:10:49,796][agent.finetune.train_ppo_diffusion_agent][INFO] - approx_kl: 0.001224961713887751, update_epoch: 4, num_batch: 4
[2026-10-09 13:10:49,811][agent.finetune.train_ppo_diffusion_agent][INFO] - 13: step   960000 | loss   0.0299 | pg loss  -0.0016 | value loss   0.0630 | bc loss   0.0000 | reward 2755.9006 | eta   1.0000 | t: 57.4518 | kl_true_per_action=4.780619996324361 | logratio_p99=6.420805917978244 | clamp_hit_frac=0.0009041666666666666
Processed step 0 of 500
Processed step 10 of 500
Processed step 20 of 500
Processed step 30 of 500
Processed step 40 of 500
Processed step 50 of 500
Processed step 60 of 500
Processed step 70 of 500
Processed step 80 of 500
Processed step 90 of 500
Processed step 100 of 500
Processed step 110 of 500
Processed step 120 of 500
Processed step 130 of 500
Processed step 140 of 500
Processed step 150 of 500
Processed step 160 of 500
Processed step 170 of 500
Processed step 180 of 500
Processed step 190 of 500
Processed step 200 of 500
Processed step 210 of 500
Processed step 220 of 500
Processed step 230 of 500
Processed step 240 of 500
Processed step 250 of 500
Processed step 260 of 500
Processed step 270 of 500
Processed step 280 of 500
Processed step 290 of 500
Processed step 300 of 500
Processed step 310 of 500
Processed step 320 of 500
Processed step 330 of 500
Processed step 340 of 500
Processed step 350 of 500
Processed step 360 of 500
Processed step 370 of 500
Processed step 380 of 500
Processed step 390 of 500
Processed step 400 of 500
Processed step 410 of 500
Processed step 420 of 500
Processed step 430 of 500
Processed step 440 of 500
Processed step 450 of 500
Processed step 460 of 500
Processed step 470 of 500
Processed step 480 of 500
Processed step 490 of 500
[2026-10-09 13:11:04,731][agent.finetune.train_ppo_diffusion_agent][INFO] - approx_kl: 0.0, update_epoch: 0, num_batch: 4
[2026-10-09 13:11:06,897][agent.finetune.train_ppo_diffusion_agent][INFO] - approx_kl: 9.045317710842937e-06, update_epoch: 0, num_batch: 4
[2026-10-09 13:11:09,191][agent.finetune.train_ppo_diffusion_agent][INFO] - approx_kl: 3.6522684240480885e-05, update_epoch: 0, num_batch: 4
[2026-10-09 13:11:11,431][agent.finetune.train_ppo_diffusion_agent][INFO] - approx_kl: 8.193722169380635e-05, update_epoch: 0, num_batch: 4
[2026-10-09 13:11:13,762][agent.finetune.train_ppo_diffusion_agent][INFO] - approx_kl: 0.00016234755457844585, update_epoch: 1, num_batch: 4
[2026-10-09 13:11:15,928][agent.finetune.train_ppo_diffusion_agent][INFO] - approx_kl: 0.0003028529172297567, update_epoch: 1, num_batch: 4
[2026-10-09 13:11:18,179][agent.finetune.train_ppo_diffusion_agent][INFO] - approx_kl: 0.0005463989800773561, update_epoch: 1, num_batch: 4
[2026-10-09 13:11:20,422][agent.finetune.train_ppo_diffusion_agent][INFO] - approx_kl: 0.0009714779444038868, update_epoch: 1, num_batch: 4
[2026-10-09 13:11:22,772][agent.finetune.train_ppo_diffusion_agent][INFO] - approx_kl: 0.0017578499391674995, update_epoch: 2, num_batch: 4
[2026-10-09 13:11:24,919][agent.finetune.train_ppo_diffusion_agent][INFO] - approx_kl: 0.003010067157447338, update_epoch: 2, num_batch: 4
[2026-10-09 13:11:27,166][agent.finetune.train_ppo_diffusion_agent][INFO] - approx_kl: 0.005265050567686558, update_epoch: 2, num_batch: 4
[2026-10-09 13:11:29,403][agent.finetune.train_ppo_diffusion_agent][INFO] - approx_kl: 0.009137121960520744, update_epoch: 2, num_batch: 4
[2026-10-09 13:11:31,760][agent.finetune.train_ppo_diffusion_agent][INFO] - approx_kl: 0.014779984951019287, update_epoch: 3, num_batch: 4
[2026-10-09 13:11:33,914][agent.finetune.train_ppo_diffusion_agent][INFO] - approx_kl: 0.02405591309070587, update_epoch: 3, num_batch: 4
[2026-10-09 13:11:36,161][agent.finetune.train_ppo_diffusion_agent][INFO] - approx_kl: 0.03797312080860138, update_epoch: 3, num_batch: 4
[2026-10-09 13:11:38,376][agent.finetune.train_ppo_diffusion_agent][INFO] - approx_kl: 0.05706212669610977, update_epoch: 3, num_batch: 4
[2026-10-09 13:11:40,683][agent.finetune.train_ppo_diffusion_agent][INFO] - approx_kl: 0.07967429608106613, update_epoch: 4, num_batch: 4
[2026-10-09 13:11:42,835][agent.finetune.train_ppo_diffusion_agent][INFO] - approx_kl: 0.1081257089972496, update_epoch: 4, num_batch: 4
[2026-10-09 13:11:45,080][agent.finetune.train_ppo_diffusion_agent][INFO] - approx_kl: 0.1378994882106781, update_epoch: 4, num_batch: 4
[2026-10-09 13:11:47,341][agent.finetune.train_ppo_diffusion_agent][INFO] - approx_kl: 0.17504262924194336, update_epoch: 4, num_batch: 4
[2026-10-09 13:11:47,357][agent.finetune.train_ppo_diffusion_agent][INFO] - 14: step  1040000 | loss   0.0077 | pg loss  -0.0205 | value loss   0.0565 | bc loss   0.0000 | reward 2454.9599 | eta   1.0000 | t: 57.5460 | kl_true_per_action=103.28100008655205 | logratio_p99=92.36035970926274 | clamp_hit_frac=0.02243125
Processed step 0 of 500
Processed step 10 of 500
Processed step 20 of 500
Processed step 30 of 500
Processed step 40 of 500
Processed step 50 of 500
Processed step 60 of 500
Processed step 70 of 500
Processed step 80 of 500
Processed step 90 of 500
Processed step 100 of 500
Processed step 110 of 500
Processed step 120 of 500
Processed step 130 of 500
Processed step 140 of 500
Processed step 150 of 500
Processed step 160 of 500
Processed step 170 of 500
Processed step 180 of 500
Processed step 190 of 500
Processed step 200 of 500
Processed step 210 of 500
Processed step 220 of 500
Processed step 230 of 500
Processed step 240 of 500
Processed step 250 of 500
Processed step 260 of 500
Processed step 270 of 500
Processed step 280 of 500
Processed step 290 of 500
Processed step 300 of 500
Processed step 310 of 500
Processed step 320 of 500
Processed step 330 of 500
Processed step 340 of 500
Processed step 350 of 500
Processed step 360 of 500
Processed step 370 of 500
Processed step 380 of 500
Processed step 390 of 500
Processed step 400 of 500
Processed step 410 of 500
Processed step 420 of 500
Processed step 430 of 500
Processed step 440 of 500
Processed step 450 of 500
Processed step 460 of 500
Processed step 470 of 500
Processed step 480 of 500
Processed step 490 of 500
[2026-10-09 13:12:02,205][agent.finetune.train_ppo_diffusion_agent][INFO] - approx_kl: 0.0, update_epoch: 0, num_batch: 4
[2026-10-09 13:12:04,318][agent.finetune.train_ppo_diffusion_agent][INFO] - approx_kl: 1.8206575305157457e-06, update_epoch: 0, num_batch: 4
[2026-10-09 13:12:06,519][agent.finetune.train_ppo_diffusion_agent][INFO] - approx_kl: 6.7485270847100765e-06, update_epoch: 0, num_batch: 4
[2026-10-09 13:12:08,764][agent.finetune.train_ppo_diffusion_agent][INFO] - approx_kl: 1.543952021165751e-05, update_epoch: 0, num_batch: 4
[2026-10-09 13:12:11,100][agent.finetune.train_ppo_diffusion_agent][INFO] - approx_kl: 2.7989319278276525e-05, update_epoch: 1, num_batch: 4
[2026-10-09 13:12:13,202][agent.finetune.train_ppo_diffusion_agent][INFO] - approx_kl: 5.0500526413088664e-05, update_epoch: 1, num_batch: 4
[2026-10-09 13:12:15,406][agent.finetune.train_ppo_diffusion_agent][INFO] - approx_kl: 7.819608435966074e-05, update_epoch: 1, num_batch: 4
[2026-10-09 13:12:17,612][agent.finetune.train_ppo_diffusion_agent][INFO] - approx_kl: 0.00014732795534655452, update_epoch: 1, num_batch: 4
[2026-10-09 13:12:19,911][agent.finetune.train_ppo_diffusion_agent][INFO] - approx_kl: 0.00025464349891990423, update_epoch: 2, num_batch: 4
[2026-10-09 13:12:22,057][agent.finetune.train_ppo_diffusion_agent][INFO] - approx_kl: 0.00044288672506809235, update_epoch: 2, num_batch: 4
[2026-10-09 13:12:24,287][agent.finetune.train_ppo_diffusion_agent][INFO] - approx_kl: 0.0008721750928089023, update_epoch: 2, num_batch: 4
[2026-10-09 13:12:26,523][agent.finetune.train_ppo_diffusion_agent][INFO] - approx_kl: 0.0017040411476045847, update_epoch: 2, num_batch: 4
[2026-10-09 13:12:28,864][agent.finetune.train_ppo_diffusion_agent][INFO] - approx_kl: 0.0030772846657782793, update_epoch: 3, num_batch: 4
[2026-10-09 13:12:31,024][agent.finetune.train_ppo_diffusion_agent][INFO] - approx_kl: 0.0054497686214745045, update_epoch: 3, num_batch: 4
[2026-10-09 13:12:33,291][agent.finetune.train_ppo_diffusion_agent][INFO] - approx_kl: 0.009113484993577003, update_epoch: 3, num_batch: 4
[2026-10-09 13:12:35,548][agent.finetune.train_ppo_diffusion_agent][INFO] - approx_kl: 0.015856673941016197, update_epoch: 3, num_batch: 4
[2026-10-09 13:12:37,889][agent.finetune.train_ppo_diffusion_agent][INFO] - approx_kl: 0.02169182524085045, update_epoch: 4, num_batch: 4
[2026-10-09 13:12:40,045][agent.finetune.train_ppo_diffusion_agent][INFO] - approx_kl: 0.031259555369615555, update_epoch: 4, num_batch: 4
[2026-10-09 13:12:42,278][agent.finetune.train_ppo_diffusion_agent][INFO] - approx_kl: 0.041000183671712875, update_epoch: 4, num_batch: 4
[2026-10-09 13:12:44,510][agent.finetune.train_ppo_diffusion_agent][INFO] - approx_kl: 0.051769599318504333, update_epoch: 4, num_batch: 4
[2026-10-09 13:12:44,525][agent.finetune.train_ppo_diffusion_agent][INFO] - 15: step  1120000 | loss  -0.0352 | pg loss  -0.0449 | value loss   0.0194 | bc loss   0.0000 | reward -311.9656 | eta   1.0000 | t: 57.1678 | kl_true_per_action=23.89831061832004 | logratio_p99=77.8890602779369 | clamp_hit_frac=0.00534375
Processed step 0 of 500
Processed step 10 of 500
Processed step 20 of 500
Processed step 30 of 500
Processed step 40 of 500
Processed step 50 of 500
Processed step 60 of 500
Processed step 70 of 500
Processed step 80 of 500
Processed step 90 of 500
Processed step 100 of 500
Processed step 110 of 500
Processed step 120 of 500
Processed step 130 of 500
Processed step 140 of 500
Processed step 150 of 500
Processed step 160 of 500
Processed step 170 of 500
Processed step 180 of 500
Processed step 190 of 500
Processed step 200 of 500
Processed step 210 of 500
Processed step 220 of 500
Processed step 230 of 500
Processed step 240 of 500
Processed step 250 of 500
Processed step 260 of 500
Processed step 270 of 500
Processed step 280 of 500
Processed step 290 of 500
Processed step 300 of 500
Processed step 310 of 500
Processed step 320 of 500
Processed step 330 of 500
Processed step 340 of 500
Processed step 350 of 500
Processed step 360 of 500
Processed step 370 of 500
Processed step 380 of 500
Processed step 390 of 500
Processed step 400 of 500
Processed step 410 of 500
Processed step 420 of 500
Processed step 430 of 500
Processed step 440 of 500
Processed step 450 of 500
Processed step 460 of 500
Processed step 470 of 500
Processed step 480 of 500
Processed step 490 of 500
[2026-10-09 13:12:59,396][agent.finetune.train_ppo_diffusion_agent][INFO] - approx_kl: 0.0, update_epoch: 0, num_batch: 4
[2026-10-09 13:13:01,580][agent.finetune.train_ppo_diffusion_agent][INFO] - approx_kl: 9.79037281467754e-07, update_epoch: 0, num_batch: 4
[2026-10-09 13:13:03,795][agent.finetune.train_ppo_diffusion_agent][INFO] - approx_kl: 2.7493006200529635e-06, update_epoch: 0, num_batch: 4
[2026-10-09 13:13:06,117][agent.finetune.train_ppo_diffusion_agent][INFO] - approx_kl: 5.378664809541078e-06, update_epoch: 0, num_batch: 4
[2026-10-09 13:13:08,275][agent.finetune.train_ppo_diffusion_agent][INFO] - approx_kl: 7.337971965171164e-06, update_epoch: 1, num_batch: 4
[2026-10-09 13:13:10,515][agent.finetune.train_ppo_diffusion_agent][INFO] - approx_kl: 7.792188625899144e-06, update_epoch: 1, num_batch: 4
[2026-10-09 13:13:12,753][agent.finetune.train_ppo_diffusion_agent][INFO] - approx_kl: 1.2292948667891324e-05, update_epoch: 1, num_batch: 4
[2026-10-09 13:13:15,073][agent.finetune.train_ppo_diffusion_agent][INFO] - approx_kl: 1.3401946489466354e-05, update_epoch: 1, num_batch: 4
[2026-10-09 13:13:17,198][agent.finetune.train_ppo_diffusion_agent][INFO] - approx_kl: 1.68631140695652e-05, update_epoch: 2, num_batch: 4
[2026-10-09 13:13:19,443][agent.finetune.train_ppo_diffusion_agent][INFO] - approx_kl: 1.6836309441714548e-05, update_epoch: 2, num_batch: 4
[2026-10-09 13:13:21,712][agent.finetune.train_ppo_diffusion_agent][INFO] - approx_kl: 1.6763135135988705e-05, update_epoch: 2, num_batch: 4
[2026-10-09 13:13:24,059][agent.finetune.train_ppo_diffusion_agent][INFO] - approx_kl: 1.3474895240506157e-05, update_epoch: 2, num_batch: 4
[2026-10-09 13:13:26,229][agent.finetune.train_ppo_diffusion_agent][INFO] - approx_kl: 1.7820017092162743e-05, update_epoch: 3, num_batch: 4
[2026-10-09 13:13:28,475][agent.finetune.train_ppo_diffusion_agent][INFO] - approx_kl: 2.0882040189462714e-05, update_epoch: 3, num_batch: 4
[2026-10-09 13:13:30,719][agent.finetune.train_ppo_diffusion_agent][INFO] - approx_kl: 2.1455402020365e-05, update_epoch: 3, num_batch: 4
[2026-10-09 13:13:33,076][agent.finetune.train_ppo_diffusion_agent][INFO] - approx_kl: 1.9896351659554057e-05, update_epoch: 3, num_batch: 4
[2026-10-09 13:13:35,245][agent.finetune.train_ppo_diffusion_agent][INFO] - approx_kl: 2.157992457796354e-05, update_epoch: 4, num_batch: 4
[2026-10-09 13:13:37,493][agent.finetune.train_ppo_diffusion_agent][INFO] - approx_kl: 2.253228194604162e-05, update_epoch: 4, num_batch: 4
[2026-10-09 13:13:39,751][agent.finetune.train_ppo_diffusion_agent][INFO] - approx_kl: 2.1455716705531813e-05, update_epoch: 4, num_batch: 4
[2026-10-09 13:13:42,087][agent.finetune.train_ppo_diffusion_agent][INFO] - approx_kl: 2.2001786419423297e-05, update_epoch: 4, num_batch: 4
[2026-10-09 13:13:42,102][agent.finetune.train_ppo_diffusion_agent][INFO] - 16: step  1200000 | loss   0.0046 | pg loss  -0.0002 | value loss   0.0098 | bc loss   0.0000 | reward -329.9270 | eta   1.0000 | t: 57.5772 | kl_true_per_action=0.09683820371059844 | logratio_p99=0.6180887848138802 | clamp_hit_frac=0.0008166666666666667
Processed step 0 of 500
Processed step 10 of 500
Processed step 20 of 500
Processed step 30 of 500
Processed step 40 of 500
Processed step 50 of 500
Processed step 60 of 500
Processed step 70 of 500
Processed step 80 of 500
Processed step 90 of 500
Processed step 100 of 500
Processed step 110 of 500
Processed step 120 of 500
Processed step 130 of 500
Processed step 140 of 500
Processed step 150 of 500
Processed step 160 of 500
Processed step 170 of 500
Processed step 180 of 500
Processed step 190 of 500
Processed step 200 of 500
Processed step 210 of 500
Processed step 220 of 500
Processed step 230 of 500
Processed step 240 of 500
Processed step 250 of 500
Processed step 260 of 500
Processed step 270 of 500
Processed step 280 of 500
Processed step 290 of 500
Processed step 300 of 500
Processed step 310 of 500
Processed step 320 of 500
Processed step 330 of 500
Processed step 340 of 500
Processed step 350 of 500
Processed step 360 of 500
Processed step 370 of 500
Processed step 380 of 500
Processed step 390 of 500
Processed step 400 of 500
Processed step 410 of 500
Processed step 420 of 500
Processed step 430 of 500
Processed step 440 of 500
Processed step 450 of 500
Processed step 460 of 500
Processed step 470 of 500
Processed step 480 of 500
Processed step 490 of 500
[2026-10-09 13:13:56,787][agent.finetune.train_ppo_diffusion_agent][INFO] - approx_kl: 0.0, update_epoch: 0, num_batch: 4
[2026-10-09 13:13:59,017][agent.finetune.train_ppo_diffusion_agent][INFO] - approx_kl: 9.191408745223839e-10, update_epoch: 0, num_batch: 4
[2026-10-09 13:14:01,250][agent.finetune.train_ppo_diffusion_agent][INFO] - approx_kl: 2.2914212749469698e-09, update_epoch: 0, num_batch: 4
[2026-10-09 13:14:03,578][agent.finetune.train_ppo_diffusion_agent][INFO] - approx_kl: 4.296307309914482e-09, update_epoch: 0, num_batch: 4
[2026-10-09 13:14:05,716][agent.finetune.train_ppo_diffusion_agent][INFO] - approx_kl: 6.254753159851134e-09, update_epoch: 1, num_batch: 4
[2026-10-09 13:14:07,970][agent.finetune.train_ppo_diffusion_agent][INFO] - approx_kl: 1.0234024294675237e-08, update_epoch: 1, num_batch: 4
[2026-10-09 13:14:10,213][agent.finetune.train_ppo_diffusion_agent][INFO] - approx_kl: 1.1859254023249832e-08, update_epoch: 1, num_batch: 4
[2026-10-09 13:14:12,529][agent.finetune.train_ppo_diffusion_agent][INFO] - approx_kl: 2.0303158265733146e-08, update_epoch: 1, num_batch: 4
[2026-10-09 13:14:14,663][agent.finetune.train_ppo_diffusion_agent][INFO] - approx_kl: 1.864700571729827e-08, update_epoch: 2, num_batch: 4
[2026-10-09 13:14:16,911][agent.finetune.train_ppo_diffusion_agent][INFO] - approx_kl: 1.4056723784960923e-08, update_epoch: 2, num_batch: 4
[2026-10-09 13:14:19,158][agent.finetune.train_ppo_diffusion_agent][INFO] - approx_kl: 3.3843999602822805e-08, update_epoch: 2, num_batch: 4
[2026-10-09 13:14:21,519][agent.finetune.train_ppo_diffusion_agent][INFO] - approx_kl: 1.6794874824199724e-08, update_epoch: 2, num_batch: 4
[2026-10-09 13:14:23,690][agent.finetune.train_ppo_diffusion_agent][INFO] - approx_kl: 2.2286986478547988e-08, update_epoch: 3, num_batch: 4
[2026-10-09 13:14:25,932][agent.finetune.train_ppo_diffusion_agent][INFO] - approx_kl: 2.757124306640435e-08, update_epoch: 3, num_batch: 4
[2026-10-09 13:14:28,175][agent.finetune.train_ppo_diffusion_agent][INFO] - approx_kl: 3.450142571637116e-08, update_epoch: 3, num_batch: 4
[2026-10-09 13:14:30,521][agent.finetune.train_ppo_diffusion_agent][INFO] - approx_kl: 2.2365282958958232e-08, update_epoch: 3, num_batch: 4
[2026-10-09 13:14:32,677][agent.finetune.train_ppo_diffusion_agent][INFO] - approx_kl: 2.2085565376528393e-08, update_epoch: 4, num_batch: 4
[2026-10-09 13:14:34,924][agent.finetune.train_ppo_diffusion_agent][INFO] - approx_kl: 3.5499013506523625e-08, update_epoch: 4, num_batch: 4
[2026-10-09 13:14:37,168][agent.finetune.train_ppo_diffusion_agent][INFO] - approx_kl: 3.147525973190568e-08, update_epoch: 4, num_batch: 4
[2026-10-09 13:14:39,523][agent.finetune.train_ppo_diffusion_agent][INFO] - approx_kl: 3.362326950195893e-08, update_epoch: 4, num_batch: 4
[2026-10-09 13:14:39,538][agent.finetune.train_ppo_diffusion_agent][INFO] - 17: step  1280000 | loss   0.0041 | pg loss   0.0000 | value loss   0.0081 | bc loss   0.0000 | reward -308.7677 | eta   1.0000 | t: 57.4360 | kl_true_per_action=0.00017959719816188892 | logratio_p99=0.0 | clamp_hit_frac=0.0007125
Processed step 0 of 500
Processed step 10 of 500
Processed step 20 of 500
Processed step 30 of 500
Processed step 40 of 500
Processed step 50 of 500
Processed step 60 of 500
Processed step 70 of 500
Processed step 80 of 500
Processed step 90 of 500
Processed step 100 of 500
Processed step 110 of 500
Processed step 120 of 500
Processed step 130 of 500
Processed step 140 of 500
Processed step 150 of 500
Processed step 160 of 500
Processed step 170 of 500
Processed step 180 of 500
Processed step 190 of 500
Processed step 200 of 500
Processed step 210 of 500
Processed step 220 of 500
Processed step 230 of 500
Processed step 240 of 500
Processed step 250 of 500
Processed step 260 of 500
Processed step 270 of 500
Processed step 280 of 500
Processed step 290 of 500
Processed step 300 of 500
Processed step 310 of 500
Processed step 320 of 500
Processed step 330 of 500
Processed step 340 of 500
Processed step 350 of 500
Processed step 360 of 500
Processed step 370 of 500
Processed step 380 of 500
Processed step 390 of 500
Processed step 400 of 500
Processed step 410 of 500
Processed step 420 of 500
Processed step 430 of 500
Processed step 440 of 500
Processed step 450 of 500
Processed step 460 of 500
Processed step 470 of 500
Processed step 480 of 500
Processed step 490 of 500
[2026-10-09 13:14:54,501][agent.finetune.train_ppo_diffusion_agent][INFO] - approx_kl: 0.0, update_epoch: 0, num_batch: 4
[2026-10-09 13:14:56,711][agent.finetune.train_ppo_diffusion_agent][INFO] - approx_kl: 1.2284144187968415e-11, update_epoch: 0, num_batch: 4
[2026-10-09 13:14:58,908][agent.finetune.train_ppo_diffusion_agent][INFO] - approx_kl: 1.9203871132189576e-11, update_epoch: 0, num_batch: 4
[2026-10-09 13:15:01,238][agent.finetune.train_ppo_diffusion_agent][INFO] - approx_kl: 3.062188697056101e-11, update_epoch: 0, num_batch: 4
[2026-10-09 13:15:03,368][agent.finetune.train_ppo_diffusion_agent][INFO] - approx_kl: 3.926456035308057e-11, update_epoch: 1, num_batch: 4
[2026-10-09 13:15:05,616][agent.finetune.train_ppo_diffusion_agent][INFO] - approx_kl: 6.787013312470336e-11, update_epoch: 1, num_batch: 4
[2026-10-09 13:15:07,851][agent.finetune.train_ppo_diffusion_agent][INFO] - approx_kl: 6.491317899870452e-11, update_epoch: 1, num_batch: 4
[2026-10-09 13:15:10,192][agent.finetune.train_ppo_diffusion_agent][INFO] - approx_kl: 8.039176269125647e-11, update_epoch: 1, num_batch: 4
[2026-10-09 13:15:12,309][agent.finetune.train_ppo_diffusion_agent][INFO] - approx_kl: 6.190035289899143e-11, update_epoch: 2, num_batch: 4
[2026-10-09 13:15:14,515][agent.finetune.train_ppo_diffusion_agent][INFO] - approx_kl: 9.134411282918364e-11, update_epoch: 2, num_batch: 4
[2026-10-09 13:15:16,709][agent.finetune.train_ppo_diffusion_agent][INFO] - approx_kl: 8.191913120070282e-11, update_epoch: 2, num_batch: 4
[2026-10-09 13:15:19,043][agent.finetune.train_ppo_diffusion_agent][INFO] - approx_kl: 1.9157304909089845e-10, update_epoch: 2, num_batch: 4
[2026-10-09 13:15:21,159][agent.finetune.train_ppo_diffusion_agent][INFO] - approx_kl: 1.5150755650061853e-10, update_epoch: 3, num_batch: 4
[2026-10-09 13:15:23,418][agent.finetune.train_ppo_diffusion_agent][INFO] - approx_kl: 1.1052004450506914e-10, update_epoch: 3, num_batch: 4
[2026-10-09 13:15:25,648][agent.finetune.train_ppo_diffusion_agent][INFO] - approx_kl: 1.5106517425866883e-10, update_epoch: 3, num_batch: 4
[2026-10-09 13:15:27,977][agent.finetune.train_ppo_diffusion_agent][INFO] - approx_kl: 1.5065074188136407e-10, update_epoch: 3, num_batch: 4
[2026-10-09 13:15:30,120][agent.finetune.train_ppo_diffusion_agent][INFO] - approx_kl: 6.999820167941095e-11, update_epoch: 4, num_batch: 4
[2026-10-09 13:15:32,361][agent.finetune.train_ppo_diffusion_agent][INFO] - approx_kl: 1.977384089801859e-10, update_epoch: 4, num_batch: 4
[2026-10-09 13:15:34,592][agent.finetune.train_ppo_diffusion_agent][INFO] - approx_kl: 1.9041820897847117e-10, update_epoch: 4, num_batch: 4
[2026-10-09 13:15:36,931][agent.finetune.train_ppo_diffusion_agent][INFO] - approx_kl: 1.9448809229771769e-10, update_epoch: 4, num_batch: 4
[2026-10-09 13:15:36,948][agent.finetune.train_ppo_diffusion_agent][INFO] - 18: step  1360000 | loss   0.0030 | pg loss  -0.0001 | value loss   0.0061 | bc loss   0.0000 | reward -255.5122 | eta   1.0000 | t: 57.4093 | kl_true_per_action=1.1955108972840807e-06 | logratio_p99=0.0 | clamp_hit_frac=0.0008625
Processed step 0 of 500
Processed step 10 of 500
Processed step 20 of 500
Processed step 30 of 500
Processed step 40 of 500
Processed step 50 of 500
Processed step 60 of 500
Processed step 70 of 500
Processed step 80 of 500
Processed step 90 of 500
Processed step 100 of 500
Processed step 110 of 500
Processed step 120 of 500
Processed step 130 of 500
Processed step 140 of 500
Processed step 150 of 500
Processed step 160 of 500
Processed step 170 of 500
Processed step 180 of 500
Processed step 190 of 500
Processed step 200 of 500
Processed step 210 of 500
Processed step 220 of 500
Processed step 230 of 500
Processed step 240 of 500
Processed step 250 of 500
Processed step 260 of 500
Processed step 270 of 500
Processed step 280 of 500
Processed step 290 of 500
Processed step 300 of 500
Processed step 310 of 500
Processed step 320 of 500
Processed step 330 of 500
Processed step 340 of 500
Processed step 350 of 500
Processed step 360 of 500
Processed step 370 of 500
Processed step 380 of 500
Processed step 390 of 500
Processed step 400 of 500
Processed step 410 of 500
Processed step 420 of 500
Processed step 430 of 500
Processed step 440 of 500
Processed step 450 of 500
Processed step 460 of 500
Processed step 470 of 500
Processed step 480 of 500
Processed step 490 of 500
[2026-10-09 13:15:51,682][agent.finetune.train_ppo_diffusion_agent][INFO] - approx_kl: 0.0, update_epoch: 0, num_batch: 4
[2026-10-09 13:15:53,944][agent.finetune.train_ppo_diffusion_agent][INFO] - approx_kl: 1.177191677470546e-11, update_epoch: 0, num_batch: 4
[2026-10-09 13:15:56,178][agent.finetune.train_ppo_diffusion_agent][INFO] - approx_kl: 1.0803341728149451e-11, update_epoch: 0, num_batch: 4
[2026-10-09 13:15:58,482][agent.finetune.train_ppo_diffusion_agent][INFO] - approx_kl: 1.2628733996045138e-11, update_epoch: 0, num_batch: 4
[2026-10-09 13:16:00,608][agent.finetune.train_ppo_diffusion_agent][INFO] - approx_kl: 6.0908496128664336e-12, update_epoch: 1, num_batch: 4
[2026-10-09 13:16:02,848][agent.finetune.train_ppo_diffusion_agent][INFO] - approx_kl: 1.3113021085642274e-11, update_epoch: 1, num_batch: 4
[2026-10-09 13:16:05,118][agent.finetune.train_ppo_diffusion_agent][INFO] - approx_kl: 1.6987323006589783e-11, update_epoch: 1, num_batch: 4
[2026-10-09 13:16:07,444][agent.finetune.train_ppo_diffusion_agent][INFO] - approx_kl: 6.1839817121212e-12, update_epoch: 1, num_batch: 4
[2026-10-09 13:16:09,583][agent.finetune.train_ppo_diffusion_agent][INFO] - approx_kl: 2.1159648685986632e-11, update_epoch: 2, num_batch: 4
[2026-10-09 13:16:11,814][agent.finetune.train_ppo_diffusion_agent][INFO] - approx_kl: 2.1047889126046826e-11, update_epoch: 2, num_batch: 4
[2026-10-09 13:16:14,049][agent.finetune.train_ppo_diffusion_agent][INFO] - approx_kl: 1.5869736080809105e-11, update_epoch: 2, num_batch: 4
[2026-10-09 13:16:16,352][agent.finetune.train_ppo_diffusion_agent][INFO] - approx_kl: 1.5310943485280504e-11, update_epoch: 2, num_batch: 4
[2026-10-09 13:16:18,475][agent.finetune.train_ppo_diffusion_agent][INFO] - approx_kl: 7.748603841895019e-12, update_epoch: 3, num_batch: 4
[2026-10-09 13:16:20,665][agent.finetune.train_ppo_diffusion_agent][INFO] - approx_kl: 2.8088687625826836e-11, update_epoch: 3, num_batch: 4
[2026-10-09 13:16:22,917][agent.finetune.train_ppo_diffusion_agent][INFO] - approx_kl: 1.985579756169642e-11, update_epoch: 3, num_batch: 4
[2026-10-09 13:16:25,254][agent.finetune.train_ppo_diffusion_agent][INFO] - approx_kl: 1.9371509604737547e-11, update_epoch: 3, num_batch: 4
[2026-10-09 13:16:27,397][agent.finetune.train_ppo_diffusion_agent][INFO] - approx_kl: 3.978609802723909e-11, update_epoch: 4, num_batch: 4
[2026-10-09 13:16:29,623][agent.finetune.train_ppo_diffusion_agent][INFO] - approx_kl: 1.177191677470546e-11, update_epoch: 4, num_batch: 4
[2026-10-09 13:16:31,850][agent.finetune.train_ppo_diffusion_agent][INFO] - approx_kl: 2.399086831972319e-11, update_epoch: 4, num_batch: 4
[2026-10-09 13:16:34,204][agent.finetune.train_ppo_diffusion_agent][INFO] - approx_kl: 1.8421559416781363e-11, update_epoch: 4, num_batch: 4
[2026-10-09 13:16:34,221][agent.finetune.train_ppo_diffusion_agent][INFO] - 19: step  1440000 | loss   0.0025 | pg loss   0.0002 | value loss   0.0046 | bc loss   0.0000 | reward -305.2932 | eta   1.0000 | t: 57.2731 | kl_true_per_action=6.719119445188617e-08 | logratio_p99=0.0 | clamp_hit_frac=0.0008041666666666667
Processed step 0 of 500
Processed step 10 of 500
Processed step 20 of 500
Processed step 30 of 500
Processed step 40 of 500
Processed step 50 of 500
Processed step 60 of 500
Processed step 70 of 500
Processed step 80 of 500
Processed step 90 of 500
Processed step 100 of 500
Processed step 110 of 500
Processed step 120 of 500
Processed step 130 of 500
Processed step 140 of 500
Processed step 150 of 500
Processed step 160 of 500
Processed step 170 of 500
Processed step 180 of 500
Processed step 190 of 500
Processed step 200 of 500
Processed step 210 of 500
Processed step 220 of 500
Processed step 230 of 500
Processed step 240 of 500
Processed step 250 of 500
Processed step 260 of 500
Processed step 270 of 500
Processed step 280 of 500
Processed step 290 of 500
Processed step 300 of 500
Processed step 310 of 500
Processed step 320 of 500
Processed step 330 of 500
Processed step 340 of 500
Processed step 350 of 500
Processed step 360 of 500
Processed step 370 of 500
Processed step 380 of 500
Processed step 390 of 500
Processed step 400 of 500
Processed step 410 of 500
Processed step 420 of 500
Processed step 430 of 500
Processed step 440 of 500
Processed step 450 of 500
Processed step 460 of 500
Processed step 470 of 500
Processed step 480 of 500
Processed step 490 of 500
[2026-10-09 13:16:46,725][agent.finetune.train_ppo_diffusion_agent][INFO] - eval: success rate   0.0000 | avg episode reward -436.9457 | avg best reward   1.0786
Processed step 0 of 500
Processed step 10 of 500
Processed step 20 of 500
Processed step 30 of 500
Processed step 40 of 500
Processed step 50 of 500
Processed step 60 of 500
Processed step 70 of 500
Processed step 80 of 500
Processed step 90 of 500
Processed step 100 of 500
Processed step 110 of 500
Processed step 120 of 500
Processed step 130 of 500
Processed step 140 of 500
Processed step 150 of 500
Processed step 160 of 500
Processed step 170 of 500
Processed step 180 of 500
Processed step 190 of 500
Processed step 200 of 500
Processed step 210 of 500
Processed step 220 of 500
Processed step 230 of 500
Processed step 240 of 500
Processed step 250 of 500
Processed step 260 of 500
Processed step 270 of 500
Processed step 280 of 500
Processed step 290 of 500
Processed step 300 of 500
Processed step 310 of 500
Processed step 320 of 500
Processed step 330 of 500
Processed step 340 of 500
Processed step 350 of 500
Processed step 360 of 500
Processed step 370 of 500
Processed step 380 of 500
Processed step 390 of 500
Processed step 400 of 500
Processed step 410 of 500
Processed step 420 of 500
Processed step 430 of 500
Processed step 440 of 500
Processed step 450 of 500
Processed step 460 of 500
Processed step 470 of 500
Processed step 480 of 500
Processed step 490 of 500
[2026-10-09 13:17:01,360][agent.finetune.train_ppo_diffusion_agent][INFO] - approx_kl: 0.0, update_epoch: 0, num_batch: 4
[2026-10-09 13:17:03,577][agent.finetune.train_ppo_diffusion_agent][INFO] - approx_kl: 8.828937581029095e-12, update_epoch: 0, num_batch: 4
[2026-10-09 13:17:05,899][agent.finetune.train_ppo_diffusion_agent][INFO] - approx_kl: 7.227063131970413e-12, update_epoch: 0, num_batch: 4
[2026-10-09 13:17:08,037][agent.finetune.train_ppo_diffusion_agent][INFO] - approx_kl: 5.383044270751425e-12, update_epoch: 0, num_batch: 4
[2026-10-09 13:17:10,218][agent.finetune.train_ppo_diffusion_agent][INFO] - approx_kl: 8.083879919629222e-12, update_epoch: 1, num_batch: 4
[2026-10-09 13:17:12,397][agent.finetune.train_ppo_diffusion_agent][INFO] - approx_kl: 1.0104849249015224e-11, update_epoch: 1, num_batch: 4
[2026-10-09 13:17:14,716][agent.finetune.train_ppo_diffusion_agent][INFO] - approx_kl: 5.960464326965065e-12, update_epoch: 1, num_batch: 4
[2026-10-09 13:17:16,832][agent.finetune.train_ppo_diffusion_agent][INFO] - approx_kl: 1.639127722441458e-11, update_epoch: 1, num_batch: 4
[2026-10-09 13:17:19,069][agent.finetune.train_ppo_diffusion_agent][INFO] - approx_kl: 1.2628733996045138e-11, update_epoch: 2, num_batch: 4
[2026-10-09 13:17:21,245][agent.finetune.train_ppo_diffusion_agent][INFO] - approx_kl: 1.3485550350023079e-11, update_epoch: 2, num_batch: 4
[2026-10-09 13:17:23,588][agent.finetune.train_ppo_diffusion_agent][INFO] - approx_kl: 1.5553086596398202e-11, update_epoch: 2, num_batch: 4
[2026-10-09 13:17:25,725][agent.finetune.train_ppo_diffusion_agent][INFO] - approx_kl: 2.0330771788312774e-11, update_epoch: 2, num_batch: 4
[2026-10-09 13:17:27,948][agent.finetune.train_ppo_diffusion_agent][INFO] - approx_kl: 2.199783931400301e-11, update_epoch: 3, num_batch: 4
[2026-10-09 13:17:30,176][agent.finetune.train_ppo_diffusion_agent][INFO] - approx_kl: 1.9744038001756614e-11, update_epoch: 3, num_batch: 4
[2026-10-09 13:17:32,508][agent.finetune.train_ppo_diffusion_agent][INFO] - approx_kl: 3.151595651118555e-11, update_epoch: 3, num_batch: 4
[2026-10-09 13:17:34,647][agent.finetune.train_ppo_diffusion_agent][INFO] - approx_kl: 3.904104123320096e-11, update_epoch: 3, num_batch: 4
[2026-10-09 13:17:36,902][agent.finetune.train_ppo_diffusion_agent][INFO] - approx_kl: 5.848705547650823e-11, update_epoch: 4, num_batch: 4
[2026-10-09 13:17:39,122][agent.finetune.train_ppo_diffusion_agent][INFO] - approx_kl: 5.3960828860777355e-11, update_epoch: 4, num_batch: 4
[2026-10-09 13:17:41,448][agent.finetune.train_ppo_diffusion_agent][INFO] - approx_kl: 2.3394822537547988e-11, update_epoch: 4, num_batch: 4
[2026-10-09 13:17:43,579][agent.finetune.train_ppo_diffusion_agent][INFO] - approx_kl: 4.6323982844098666e-11, update_epoch: 4, num_batch: 4
[2026-10-09 13:17:43,599][agent.finetune.train_ppo_diffusion_agent][INFO] - 21: step  1520000 | loss   0.0019 | pg loss   0.0000 | value loss   0.0038 | bc loss   0.0000 | reward -255.3678 | eta   1.0000 | t: 56.8736 | kl_true_per_action=4.345144506892509e-07 | logratio_p99=0.0 | clamp_hit_frac=0.0007479166666666667
Processed step 0 of 500
Processed step 10 of 500
Processed step 20 of 500
Processed step 30 of 500
Processed step 40 of 500
Processed step 50 of 500
Processed step 60 of 500
Processed step 70 of 500
Processed step 80 of 500
Processed step 90 of 500
Processed step 100 of 500
Processed step 110 of 500
Processed step 120 of 500
Processed step 130 of 500
Processed step 140 of 500
Processed step 150 of 500
Processed step 160 of 500
Processed step 170 of 500
Processed step 180 of 500
Processed step 190 of 500
Processed step 200 of 500
Processed step 210 of 500
Processed step 220 of 500
Processed step 230 of 500
Processed step 240 of 500
Processed step 250 of 500
Processed step 260 of 500
Processed step 270 of 500
Processed step 280 of 500
Processed step 290 of 500
Processed step 300 of 500
Processed step 310 of 500
Processed step 320 of 500
Processed step 330 of 500
Processed step 340 of 500
Processed step 350 of 500
Processed step 360 of 500
Processed step 370 of 500
Processed step 380 of 500
Processed step 390 of 500
Processed step 400 of 500
Processed step 410 of 500
Processed step 420 of 500
Processed step 430 of 500
Processed step 440 of 500
Processed step 450 of 500
Processed step 460 of 500
Processed step 470 of 500
Processed step 480 of 500
Processed step 490 of 500
[2026-10-09 13:17:58,413][agent.finetune.train_ppo_diffusion_agent][INFO] - approx_kl: 0.0, update_epoch: 0, num_batch: 4
[2026-10-09 13:18:00,584][agent.finetune.train_ppo_diffusion_agent][INFO] - approx_kl: 5.2805988748350075e-12, update_epoch: 0, num_batch: 4
[2026-10-09 13:18:02,863][agent.finetune.train_ppo_diffusion_agent][INFO] - approx_kl: 9.005888916557847e-12, update_epoch: 0, num_batch: 4
[2026-10-09 13:18:05,000][agent.finetune.train_ppo_diffusion_agent][INFO] - approx_kl: 1.0244548265259112e-11, update_epoch: 0, num_batch: 4
[2026-10-09 13:18:07,198][agent.finetune.train_ppo_diffusion_agent][INFO] - approx_kl: 1.3350509066312188e-11, update_epoch: 1, num_batch: 4
[2026-10-09 13:18:09,424][agent.finetune.train_ppo_diffusion_agent][INFO] - approx_kl: 1.3122334815984793e-11, update_epoch: 1, num_batch: 4
[2026-10-09 13:18:11,746][agent.finetune.train_ppo_diffusion_agent][INFO] - approx_kl: 1.292675688713274e-11, update_epoch: 1, num_batch: 4
[2026-10-09 13:18:13,882][agent.finetune.train_ppo_diffusion_agent][INFO] - approx_kl: 1.922249685815114e-11, update_epoch: 1, num_batch: 4
[2026-10-09 13:18:16,112][agent.finetune.train_ppo_diffusion_agent][INFO] - approx_kl: 1.5399417852002273e-11, update_epoch: 2, num_batch: 4
[2026-10-09 13:18:18,298][agent.finetune.train_ppo_diffusion_agent][INFO] - approx_kl: 1.8351710776021157e-11, update_epoch: 2, num_batch: 4
[2026-10-09 13:18:20,590][agent.finetune.train_ppo_diffusion_agent][INFO] - approx_kl: 1.6465781862984308e-11, update_epoch: 2, num_batch: 4
[2026-10-09 13:18:22,717][agent.finetune.train_ppo_diffusion_agent][INFO] - approx_kl: 2.0042061760205954e-11, update_epoch: 2, num_batch: 4
[2026-10-09 13:18:24,935][agent.finetune.train_ppo_diffusion_agent][INFO] - approx_kl: 3.058463204919093e-11, update_epoch: 3, num_batch: 4
[2026-10-09 13:18:27,192][agent.finetune.train_ppo_diffusion_agent][INFO] - approx_kl: 2.627493708717843e-11, update_epoch: 3, num_batch: 4
[2026-10-09 13:18:29,508][agent.finetune.train_ppo_diffusion_agent][INFO] - approx_kl: 2.585351377426548e-11, update_epoch: 3, num_batch: 4
[2026-10-09 13:18:31,639][agent.finetune.train_ppo_diffusion_agent][INFO] - approx_kl: 5.6675632936764586e-11, update_epoch: 3, num_batch: 4
[2026-10-09 13:18:33,860][agent.finetune.train_ppo_diffusion_agent][INFO] - approx_kl: 3.971159512339284e-11, update_epoch: 4, num_batch: 4
[2026-10-09 13:18:36,078][agent.finetune.train_ppo_diffusion_agent][INFO] - approx_kl: 4.893634455993556e-11, update_epoch: 4, num_batch: 4
[2026-10-09 13:18:38,404][agent.finetune.train_ppo_diffusion_agent][INFO] - approx_kl: 5.049165252568599e-11, update_epoch: 4, num_batch: 4
[2026-10-09 13:18:40,543][agent.finetune.train_ppo_diffusion_agent][INFO] - approx_kl: 8.158385772505383e-11, update_epoch: 4, num_batch: 4
[2026-10-09 13:18:40,563][agent.finetune.train_ppo_diffusion_agent][INFO] - 22: step  1600000 | loss   0.0014 | pg loss   0.0000 | value loss   0.0028 | bc loss   0.0000 | reward -262.1125 | eta   1.0000 | t: 56.9638 | kl_true_per_action=4.5256932783341015e-07 | logratio_p99=0.0 | clamp_hit_frac=0.0008
Processed step 0 of 500
Processed step 10 of 500
Processed step 20 of 500
Processed step 30 of 500
Processed step 40 of 500
Processed step 50 of 500
Processed step 60 of 500
Processed step 70 of 500
Processed step 80 of 500
Processed step 90 of 500
Processed step 100 of 500
Processed step 110 of 500
Processed step 120 of 500
Processed step 130 of 500
Processed step 140 of 500
Processed step 150 of 500
Processed step 160 of 500
Processed step 170 of 500
Processed step 180 of 500
Processed step 190 of 500
Processed step 200 of 500
Processed step 210 of 500
Processed step 220 of 500
Processed step 230 of 500
Processed step 240 of 500
Processed step 250 of 500
Processed step 260 of 500
Processed step 270 of 500
Processed step 280 of 500
Processed step 290 of 500
Processed step 300 of 500
Processed step 310 of 500
Processed step 320 of 500
Processed step 330 of 500
Processed step 340 of 500
Processed step 350 of 500
Processed step 360 of 500
Processed step 370 of 500
Processed step 380 of 500
Processed step 390 of 500
Processed step 400 of 500
Processed step 410 of 500
Processed step 420 of 500
Processed step 430 of 500
Processed step 440 of 500
Processed step 450 of 500
Processed step 460 of 500
Processed step 470 of 500
Processed step 480 of 500
Processed step 490 of 500
[2026-10-09 13:18:55,749][agent.finetune.train_ppo_diffusion_agent][INFO] - approx_kl: 0.0, update_epoch: 0, num_batch: 4
[2026-10-09 13:18:57,984][agent.finetune.train_ppo_diffusion_agent][INFO] - approx_kl: 4.637986175670683e-12, update_epoch: 0, num_batch: 4
[2026-10-09 13:19:00,287][agent.finetune.train_ppo_diffusion_agent][INFO] - approx_kl: 9.76026030830024e-12, update_epoch: 0, num_batch: 4
[2026-10-09 13:19:02,408][agent.finetune.train_ppo_diffusion_agent][INFO] - approx_kl: 4.805624214537785e-12, update_epoch: 0, num_batch: 4
[2026-10-09 13:19:04,665][agent.finetune.train_ppo_diffusion_agent][INFO] - approx_kl: 4.9918888467281874e-12, update_epoch: 1, num_batch: 4
[2026-10-09 13:19:07,045][agent.finetune.train_ppo_diffusion_agent][INFO] - approx_kl: 6.0349702665774e-12, update_epoch: 1, num_batch: 4
[2026-10-09 13:19:09,226][agent.finetune.train_ppo_diffusion_agent][INFO] - approx_kl: 1.5608965509006367e-11, update_epoch: 1, num_batch: 4
[2026-10-09 13:19:11,482][agent.finetune.train_ppo_diffusion_agent][INFO] - approx_kl: 1.4062970406236719e-11, update_epoch: 1, num_batch: 4
[2026-10-09 13:19:13,741][agent.finetune.train_ppo_diffusion_agent][INFO] - approx_kl: 4.544854076415916e-12, update_epoch: 2, num_batch: 4
[2026-10-09 13:19:16,085][agent.finetune.train_ppo_diffusion_agent][INFO] - approx_kl: 1.8477440064113004e-11, update_epoch: 2, num_batch: 4
[2026-10-09 13:19:18,331][agent.finetune.train_ppo_diffusion_agent][INFO] - approx_kl: 5.383044270751425e-12, update_epoch: 2, num_batch: 4
[2026-10-09 13:19:20,549][agent.finetune.train_ppo_diffusion_agent][INFO] - approx_kl: 5.215406231884323e-12, update_epoch: 2, num_batch: 4
[2026-10-09 13:19:22,817][agent.finetune.train_ppo_diffusion_agent][INFO] - approx_kl: 1.4007091493628554e-11, update_epoch: 3, num_batch: 4
[2026-10-09 13:19:25,169][agent.finetune.train_ppo_diffusion_agent][INFO] - approx_kl: 7.934868040404552e-12, update_epoch: 3, num_batch: 4
[2026-10-09 13:19:27,332][agent.finetune.train_ppo_diffusion_agent][INFO] - approx_kl: 1.7061829379882987e-11, update_epoch: 3, num_batch: 4
[2026-10-09 13:19:29,586][agent.finetune.train_ppo_diffusion_agent][INFO] - approx_kl: 1.639127722441458e-11, update_epoch: 3, num_batch: 4
[2026-10-09 13:19:31,836][agent.finetune.train_ppo_diffusion_agent][INFO] - approx_kl: 1.151114707026446e-11, update_epoch: 4, num_batch: 4
[2026-10-09 13:19:34,212][agent.finetune.train_ppo_diffusion_agent][INFO] - approx_kl: 4.470348136803581e-12, update_epoch: 4, num_batch: 4
[2026-10-09 13:19:36,369][agent.finetune.train_ppo_diffusion_agent][INFO] - approx_kl: 1.721084039174592e-11, update_epoch: 4, num_batch: 4
[2026-10-09 13:19:38,623][agent.finetune.train_ppo_diffusion_agent][INFO] - approx_kl: 1.553446087043664e-11, update_epoch: 4, num_batch: 4
[2026-10-09 13:19:38,641][agent.finetune.train_ppo_diffusion_agent][INFO] - 23: step  1680000 | loss   0.0012 | pg loss   0.0000 | value loss   0.0024 | bc loss   0.0000 | reward -262.0219 | eta   1.0000 | t: 58.0787 | kl_true_per_action=3.5234137884782066e-08 | logratio_p99=0.0 | clamp_hit_frac=0.00081875
Processed step 0 of 500
Processed step 10 of 500
Processed step 20 of 500
Processed step 30 of 500
Processed step 40 of 500
Processed step 50 of 500
Processed step 60 of 500
Processed step 70 of 500
Processed step 80 of 500
Processed step 90 of 500
Processed step 100 of 500
Processed step 110 of 500
Processed step 120 of 500
Processed step 130 of 500
Processed step 140 of 500
Processed step 150 of 500
Processed step 160 of 500
Processed step 170 of 500
Processed step 180 of 500
Processed step 190 of 500
Processed step 200 of 500
Processed step 210 of 500
Processed step 220 of 500
Processed step 230 of 500
Processed step 240 of 500
Processed step 250 of 500
Processed step 260 of 500
Processed step 270 of 500
Processed step 280 of 500
Processed step 290 of 500
Processed step 300 of 500
Processed step 310 of 500
Processed step 320 of 500
Processed step 330 of 500
Processed step 340 of 500
Processed step 350 of 500
Processed step 360 of 500
Processed step 370 of 500
Processed step 380 of 500
Processed step 390 of 500
Processed step 400 of 500
Processed step 410 of 500
Processed step 420 of 500
Processed step 430 of 500
Processed step 440 of 500
Processed step 450 of 500
Processed step 460 of 500
Processed step 470 of 500
Processed step 480 of 500
Processed step 490 of 500
[2026-10-09 13:19:54,668][agent.finetune.train_ppo_diffusion_agent][INFO] - approx_kl: 0.0, update_epoch: 0, num_batch: 4
[2026-10-09 13:19:57,053][agent.finetune.train_ppo_diffusion_agent][INFO] - approx_kl: 8.847564174352396e-12, update_epoch: 0, num_batch: 4
[2026-10-09 13:19:59,189][agent.finetune.train_ppo_diffusion_agent][INFO] - approx_kl: 2.1979213154360577e-12, update_epoch: 0, num_batch: 4
[2026-10-09 13:20:01,421][agent.finetune.train_ppo_diffusion_agent][INFO] - approx_kl: 1.6074627740003677e-11, update_epoch: 0, num_batch: 4
[2026-10-09 13:20:03,637][agent.finetune.train_ppo_diffusion_agent][INFO] - approx_kl: 1.601874774319334e-12, update_epoch: 1, num_batch: 4
[2026-10-09 13:20:05,931][agent.finetune.train_ppo_diffusion_agent][INFO] - approx_kl: 9.140931067630476e-12, update_epoch: 1, num_batch: 4
[2026-10-09 13:20:08,096][agent.finetune.train_ppo_diffusion_agent][INFO] - approx_kl: 1.6391276357052842e-12, update_epoch: 1, num_batch: 4
[2026-10-09 13:20:10,352][agent.finetune.train_ppo_diffusion_agent][INFO] - approx_kl: 1.2293457918310935e-11, update_epoch: 1, num_batch: 4
[2026-10-09 13:20:12,600][agent.finetune.train_ppo_diffusion_agent][INFO] - approx_kl: 9.61124842907557e-12, update_epoch: 2, num_batch: 4
[2026-10-09 13:20:14,904][agent.finetune.train_ppo_diffusion_agent][INFO] - approx_kl: 1.1809169961352062e-11, update_epoch: 2, num_batch: 4
[2026-10-09 13:20:17,021][agent.finetune.train_ppo_diffusion_agent][INFO] - approx_kl: 6.854533867589607e-12, update_epoch: 2, num_batch: 4
[2026-10-09 13:20:19,260][agent.finetune.train_ppo_diffusion_agent][INFO] - approx_kl: 1.321546691523956e-11, update_epoch: 2, num_batch: 4
[2026-10-09 13:20:21,509][agent.finetune.train_ppo_diffusion_agent][INFO] - approx_kl: 1.5273690298633902e-11, update_epoch: 3, num_batch: 4
[2026-10-09 13:20:23,852][agent.finetune.train_ppo_diffusion_agent][INFO] - approx_kl: 1.4733523429066864e-11, update_epoch: 3, num_batch: 4
[2026-10-09 13:20:26,002][agent.finetune.train_ppo_diffusion_agent][INFO] - approx_kl: 1.5702097608261134e-11, update_epoch: 3, num_batch: 4
[2026-10-09 13:20:28,241][agent.finetune.train_ppo_diffusion_agent][INFO] - approx_kl: 1.2181699225732867e-11, update_epoch: 3, num_batch: 4
[2026-10-09 13:20:30,490][agent.finetune.train_ppo_diffusion_agent][INFO] - approx_kl: 1.4845281254283194e-11, update_epoch: 4, num_batch: 4
[2026-10-09 13:20:32,835][agent.finetune.train_ppo_diffusion_agent][INFO] - approx_kl: 1.9073485846288207e-11, update_epoch: 4, num_batch: 4
[2026-10-09 13:20:34,995][agent.finetune.train_ppo_diffusion_agent][INFO] - approx_kl: 1.6754491891091128e-11, update_epoch: 4, num_batch: 4
[2026-10-09 13:20:37,248][agent.finetune.train_ppo_diffusion_agent][INFO] - approx_kl: 1.1026859113305587e-11, update_epoch: 4, num_batch: 4
[2026-10-09 13:20:37,268][agent.finetune.train_ppo_diffusion_agent][INFO] - 24: step  1760000 | loss   0.0011 | pg loss  -0.0001 | value loss   0.0023 | bc loss   0.0000 | reward -245.7114 | eta   1.0000 | t: 58.6261 | kl_true_per_action=3.42790513499617e-08 | logratio_p99=0.0 | clamp_hit_frac=0.00080625
Processed step 0 of 500
Processed step 10 of 500
Processed step 20 of 500
Processed step 30 of 500
Processed step 40 of 500
Processed step 50 of 500
Processed step 60 of 500
Processed step 70 of 500
Processed step 80 of 500
Processed step 90 of 500
Processed step 100 of 500
Processed step 110 of 500
Processed step 120 of 500
Processed step 130 of 500
Processed step 140 of 500
Processed step 150 of 500
Processed step 160 of 500
Processed step 170 of 500
Processed step 180 of 500
Processed step 190 of 500
Processed step 200 of 500
Processed step 210 of 500
Processed step 220 of 500
Processed step 230 of 500
Processed step 240 of 500
Processed step 250 of 500
Processed step 260 of 500
Processed step 270 of 500
Processed step 280 of 500
Processed step 290 of 500
Processed step 300 of 500
Processed step 310 of 500
Processed step 320 of 500
Processed step 330 of 500
Processed step 340 of 500
Processed step 350 of 500
Processed step 360 of 500
Processed step 370 of 500
Processed step 380 of 500
Processed step 390 of 500
Processed step 400 of 500
Processed step 410 of 500
Processed step 420 of 500
Processed step 430 of 500
Processed step 440 of 500
Processed step 450 of 500
Processed step 460 of 500
Processed step 470 of 500
Processed step 480 of 500
Processed step 490 of 500
[2026-10-09 13:20:53,119][agent.finetune.train_ppo_diffusion_agent][INFO] - approx_kl: 0.0, update_epoch: 0, num_batch: 4
[2026-10-09 13:20:55,465][agent.finetune.train_ppo_diffusion_agent][INFO] - approx_kl: 5.88595838735273e-12, update_epoch: 0, num_batch: 4
[2026-10-09 13:20:57,638][agent.finetune.train_ppo_diffusion_agent][INFO] - approx_kl: -2.9802321634825324e-12, update_epoch: 0, num_batch: 4
[2026-10-09 13:20:59,893][agent.finetune.train_ppo_diffusion_agent][INFO] - approx_kl: 5.904584980676031e-12, update_epoch: 0, num_batch: 4
[2026-10-09 13:21:02,135][agent.finetune.train_ppo_diffusion_agent][INFO] - approx_kl: 1.4901160817412662e-12, update_epoch: 1, num_batch: 4
[2026-10-09 13:21:04,439][agent.finetune.train_ppo_diffusion_agent][INFO] - approx_kl: -4.0978190892632105e-13, update_epoch: 1, num_batch: 4
[2026-10-09 13:21:06,554][agent.finetune.train_ppo_diffusion_agent][INFO] - approx_kl: 7.431954357484116e-12, update_epoch: 1, num_batch: 4
[2026-10-09 13:21:08,813][agent.finetune.train_ppo_diffusion_agent][INFO] - approx_kl: 1.2293457918310935e-11, update_epoch: 1, num_batch: 4
[2026-10-09 13:21:11,044][agent.finetune.train_ppo_diffusion_agent][INFO] - approx_kl: 7.487833270092281e-12, update_epoch: 2, num_batch: 4
[2026-10-09 13:21:13,388][agent.finetune.train_ppo_diffusion_agent][INFO] - approx_kl: 1.033768036451388e-11, update_epoch: 2, num_batch: 4
[2026-10-09 13:21:15,508][agent.finetune.train_ppo_diffusion_agent][INFO] - approx_kl: 1.89617262863484e-11, update_epoch: 2, num_batch: 4
[2026-10-09 13:21:17,728][agent.finetune.train_ppo_diffusion_agent][INFO] - approx_kl: 2.2090971413257776e-11, update_epoch: 2, num_batch: 4
[2026-10-09 13:21:19,931][agent.finetune.train_ppo_diffusion_agent][INFO] - approx_kl: 6.891787054236209e-12, update_epoch: 3, num_batch: 4
[2026-10-09 13:21:22,289][agent.finetune.train_ppo_diffusion_agent][INFO] - approx_kl: 2.9243528171934985e-12, update_epoch: 3, num_batch: 4
[2026-10-09 13:21:24,439][agent.finetune.train_ppo_diffusion_agent][INFO] - approx_kl: 1.3522803536669681e-11, update_epoch: 3, num_batch: 4
[2026-10-09 13:21:26,673][agent.finetune.train_ppo_diffusion_agent][INFO] - approx_kl: 9.3132251043071e-13, update_epoch: 3, num_batch: 4
[2026-10-09 13:21:28,913][agent.finetune.train_ppo_diffusion_agent][INFO] - approx_kl: 1.5012919726831164e-11, update_epoch: 4, num_batch: 4
[2026-10-09 13:21:31,246][agent.finetune.train_ppo_diffusion_agent][INFO] - approx_kl: 1.510605182608593e-11, update_epoch: 4, num_batch: 4
[2026-10-09 13:21:33,407][agent.finetune.train_ppo_diffusion_agent][INFO] - approx_kl: 9.592622703114007e-12, update_epoch: 4, num_batch: 4
[2026-10-09 13:21:35,651][agent.finetune.train_ppo_diffusion_agent][INFO] - approx_kl: 1.1697411268773994e-11, update_epoch: 4, num_batch: 4
[2026-10-09 13:21:35,671][agent.finetune.train_ppo_diffusion_agent][INFO] - 25: step  1840000 | loss   0.0007 | pg loss  -0.0003 | value loss   0.0020 | bc loss   0.0000 | reward -303.2785 | eta   1.0000 | t: 58.4030 | kl_true_per_action=1.8178179610487165e-08 | logratio_p99=0.0 | clamp_hit_frac=0.0007479166666666667
Processed step 0 of 500
Processed step 10 of 500
Processed step 20 of 500
Processed step 30 of 500
Processed step 40 of 500
Processed step 50 of 500
Processed step 60 of 500
Processed step 70 of 500
Processed step 80 of 500
Processed step 90 of 500
Processed step 100 of 500
Processed step 110 of 500
Processed step 120 of 500
Processed step 130 of 500
Processed step 140 of 500
Processed step 150 of 500
Processed step 160 of 500
Processed step 170 of 500
Processed step 180 of 500
Processed step 190 of 500
Processed step 200 of 500
Processed step 210 of 500
Processed step 220 of 500
Processed step 230 of 500
Processed step 240 of 500
Processed step 250 of 500
Processed step 260 of 500
Processed step 270 of 500
Processed step 280 of 500
Processed step 290 of 500
Processed step 300 of 500
Processed step 310 of 500
Processed step 320 of 500
Processed step 330 of 500
Processed step 340 of 500
Processed step 350 of 500
Processed step 360 of 500
Processed step 370 of 500
Processed step 380 of 500
Processed step 390 of 500
Processed step 400 of 500
Processed step 410 of 500
Processed step 420 of 500
Processed step 430 of 500
Processed step 440 of 500
Processed step 450 of 500
Processed step 460 of 500
Processed step 470 of 500
Processed step 480 of 500
Processed step 490 of 500
[2026-10-09 13:21:51,468][agent.finetune.train_ppo_diffusion_agent][INFO] - approx_kl: 0.0, update_epoch: 0, num_batch: 4
[2026-10-09 13:21:53,815][agent.finetune.train_ppo_diffusion_agent][INFO] - approx_kl: 2.1886080187744072e-12, update_epoch: 0, num_batch: 4
[2026-10-09 13:21:55,973][agent.finetune.train_ppo_diffusion_agent][INFO] - approx_kl: 1.465901705577366e-11, update_epoch: 0, num_batch: 4
[2026-10-09 13:21:58,186][agent.finetune.train_ppo_diffusion_agent][INFO] - approx_kl: 1.0021030880102977e-11, update_epoch: 0, num_batch: 4
[2026-10-09 13:22:00,388][agent.finetune.train_ppo_diffusion_agent][INFO] - approx_kl: 7.413327764160815e-12, update_epoch: 1, num_batch: 4
[2026-10-09 13:22:02,685][agent.finetune.train_ppo_diffusion_agent][INFO] - approx_kl: 1.452863220355316e-12, update_epoch: 1, num_batch: 4
[2026-10-09 13:22:04,825][agent.finetune.train_ppo_diffusion_agent][INFO] - approx_kl: 3.073364316947408e-13, update_epoch: 1, num_batch: 4
[2026-10-09 13:22:07,038][agent.finetune.train_ppo_diffusion_agent][INFO] - approx_kl: 3.5390256263728714e-12, update_epoch: 1, num_batch: 4
[2026-10-09 13:22:09,249][agent.finetune.train_ppo_diffusion_agent][INFO] - approx_kl: 8.153728560389428e-12, update_epoch: 2, num_batch: 4
[2026-10-09 13:22:11,548][agent.finetune.train_ppo_diffusion_agent][INFO] - approx_kl: 4.44706511198989e-12, update_epoch: 2, num_batch: 4
[2026-10-09 13:22:13,699][agent.finetune.train_ppo_diffusion_agent][INFO] - approx_kl: 1.1585652576195926e-11, update_epoch: 2, num_batch: 4
[2026-10-09 13:22:15,911][agent.finetune.train_ppo_diffusion_agent][INFO] - approx_kl: 1.177191677470546e-11, update_epoch: 2, num_batch: 4
[2026-10-09 13:22:18,136][agent.finetune.train_ppo_diffusion_agent][INFO] - approx_kl: 2.3189930878353415e-12, update_epoch: 3, num_batch: 4
[2026-10-09 13:22:20,455][agent.finetune.train_ppo_diffusion_agent][INFO] - approx_kl: -1.0803341728149451e-12, update_epoch: 3, num_batch: 4
[2026-10-09 13:22:22,596][agent.finetune.train_ppo_diffusion_agent][INFO] - approx_kl: 3.0174851332887e-12, update_epoch: 3, num_batch: 4
[2026-10-09 13:22:24,844][agent.finetune.train_ppo_diffusion_agent][INFO] - approx_kl: 1.3753305785901837e-11, update_epoch: 3, num_batch: 4
[2026-10-09 13:22:27,085][agent.finetune.train_ppo_diffusion_agent][INFO] - approx_kl: 2.9802321634825324e-13, update_epoch: 4, num_batch: 4
[2026-10-09 13:22:29,425][agent.finetune.train_ppo_diffusion_agent][INFO] - approx_kl: 3.119930529205117e-12, update_epoch: 4, num_batch: 4
[2026-10-09 13:22:31,575][agent.finetune.train_ppo_diffusion_agent][INFO] - approx_kl: 1.626089193851321e-11, update_epoch: 4, num_batch: 4
[2026-10-09 13:22:33,820][agent.finetune.train_ppo_diffusion_agent][INFO] - approx_kl: 1.164851722024185e-11, update_epoch: 4, num_batch: 4
[2026-10-09 13:22:33,839][agent.finetune.train_ppo_diffusion_agent][INFO] - 26: step  1920000 | loss   0.0009 | pg loss  -0.0001 | value loss   0.0020 | bc loss   0.0000 | reward -270.3934 | eta   1.0000 | t: 58.1687 | kl_true_per_action=6.5135089991823455e-09 | logratio_p99=0.0 | clamp_hit_frac=0.0008833333333333333
Processed step 0 of 500
Processed step 10 of 500
Processed step 20 of 500
Processed step 30 of 500
Processed step 40 of 500
Processed step 50 of 500
Processed step 60 of 500
Processed step 70 of 500
Processed step 80 of 500
Processed step 90 of 500
Processed step 100 of 500
Processed step 110 of 500
Processed step 120 of 500
Processed step 130 of 500
Processed step 140 of 500
Processed step 150 of 500
Processed step 160 of 500
Processed step 170 of 500
Processed step 180 of 500
Processed step 190 of 500
Processed step 200 of 500
Processed step 210 of 500
Processed step 220 of 500
Processed step 230 of 500
Processed step 240 of 500
Processed step 250 of 500
Processed step 260 of 500
Processed step 270 of 500
Processed step 280 of 500
Processed step 290 of 500
Processed step 300 of 500
Processed step 310 of 500
Processed step 320 of 500
Processed step 330 of 500
Processed step 340 of 500
Processed step 350 of 500
Processed step 360 of 500
Processed step 370 of 500
Processed step 380 of 500
Processed step 390 of 500
Processed step 400 of 500
Processed step 410 of 500
Processed step 420 of 500
Processed step 430 of 500
Processed step 440 of 500
Processed step 450 of 500
Processed step 460 of 500
Processed step 470 of 500
Processed step 480 of 500
Processed step 490 of 500
[2026-10-09 13:22:49,775][agent.finetune.train_ppo_diffusion_agent][INFO] - approx_kl: 0.0, update_epoch: 0, num_batch: 4
[2026-10-09 13:22:51,918][agent.finetune.train_ppo_diffusion_agent][INFO] - approx_kl: 5.941837733641764e-12, update_epoch: 0, num_batch: 4
[2026-10-09 13:22:54,168][agent.finetune.train_ppo_diffusion_agent][INFO] - approx_kl: 1.7881392980895194e-12, update_epoch: 0, num_batch: 4
[2026-10-09 13:22:56,407][agent.finetune.train_ppo_diffusion_agent][INFO] - approx_kl: 5.066394786340522e-12, update_epoch: 0, num_batch: 4
[2026-10-09 13:22:58,731][agent.finetune.train_ppo_diffusion_agent][INFO] - approx_kl: 1.0011717339495838e-13, update_epoch: 1, num_batch: 4
[2026-10-09 13:23:00,863][agent.finetune.train_ppo_diffusion_agent][INFO] - approx_kl: 9.499489736497502e-12, update_epoch: 1, num_batch: 4
[2026-10-09 13:23:03,089][agent.finetune.train_ppo_diffusion_agent][INFO] - approx_kl: 9.797513494946841e-12, update_epoch: 1, num_batch: 4
[2026-10-09 13:23:05,309][agent.finetune.train_ppo_diffusion_agent][INFO] - approx_kl: 1.2330710237595799e-11, update_epoch: 1, num_batch: 4
[2026-10-09 13:23:07,693][agent.finetune.train_ppo_diffusion_agent][INFO] - approx_kl: 8.270144118138756e-12, update_epoch: 2, num_batch: 4
[2026-10-09 13:23:09,859][agent.finetune.train_ppo_diffusion_agent][INFO] - approx_kl: 2.458691583662187e-11, update_epoch: 2, num_batch: 4
[2026-10-09 13:23:12,107][agent.finetune.train_ppo_diffusion_agent][INFO] - approx_kl: 4.977919118576146e-12, update_epoch: 2, num_batch: 4
[2026-10-09 13:23:14,319][agent.finetune.train_ppo_diffusion_agent][INFO] - approx_kl: 7.487833270092281e-12, update_epoch: 2, num_batch: 4
[2026-10-09 13:23:16,701][agent.finetune.train_ppo_diffusion_agent][INFO] - approx_kl: 5.196779638561022e-12, update_epoch: 3, num_batch: 4
[2026-10-09 13:23:18,854][agent.finetune.train_ppo_diffusion_agent][INFO] - approx_kl: 5.536712581466485e-12, update_epoch: 3, num_batch: 4
[2026-10-09 13:23:21,068][agent.finetune.train_ppo_diffusion_agent][INFO] - approx_kl: 4.172324812035111e-12, update_epoch: 3, num_batch: 4
[2026-10-09 13:23:23,335][agent.finetune.train_ppo_diffusion_agent][INFO] - approx_kl: 1.0430812463768646e-11, update_epoch: 3, num_batch: 4
[2026-10-09 13:23:25,684][agent.finetune.train_ppo_diffusion_agent][INFO] - approx_kl: 1.0083894656787162e-11, update_epoch: 4, num_batch: 4
[2026-10-09 13:23:27,837][agent.finetune.train_ppo_diffusion_agent][INFO] - approx_kl: 6.356276616159562e-12, update_epoch: 4, num_batch: 4
[2026-10-09 13:23:30,082][agent.finetune.train_ppo_diffusion_agent][INFO] - approx_kl: 1.2665986965851306e-12, update_epoch: 4, num_batch: 4
[2026-10-09 13:23:32,329][agent.finetune.train_ppo_diffusion_agent][INFO] - approx_kl: 5.327164924462391e-12, update_epoch: 4, num_batch: 4
[2026-10-09 13:23:32,349][agent.finetune.train_ppo_diffusion_agent][INFO] - 27: step  2000000 | loss   0.0011 | pg loss   0.0002 | value loss   0.0019 | bc loss   0.0000 | reward -300.9037 | eta   1.0000 | t: 58.5092 | kl_true_per_action=2.770751147503158e-09 | logratio_p99=0.0 | clamp_hit_frac=0.00081875
Processed step 0 of 500
Processed step 10 of 500
Processed step 20 of 500
Processed step 30 of 500
Processed step 40 of 500
Processed step 50 of 500
Processed step 60 of 500
Processed step 70 of 500
Processed step 80 of 500
Processed step 90 of 500
Processed step 100 of 500
Processed step 110 of 500
Processed step 120 of 500
Processed step 130 of 500
Processed step 140 of 500
Processed step 150 of 500
Processed step 160 of 500
Processed step 170 of 500
Processed step 180 of 500
Processed step 190 of 500
Processed step 200 of 500
Processed step 210 of 500
Processed step 220 of 500
Processed step 230 of 500
Processed step 240 of 500
Processed step 250 of 500
Processed step 260 of 500
Processed step 270 of 500
Processed step 280 of 500
Processed step 290 of 500
Processed step 300 of 500
Processed step 310 of 500
Processed step 320 of 500
Processed step 330 of 500
Processed step 340 of 500
Processed step 350 of 500
Processed step 360 of 500
Processed step 370 of 500
Processed step 380 of 500
Processed step 390 of 500
Processed step 400 of 500
Processed step 410 of 500
Processed step 420 of 500
Processed step 430 of 500
Processed step 440 of 500
Processed step 450 of 500
Processed step 460 of 500
Processed step 470 of 500
Processed step 480 of 500
Processed step 490 of 500
[2026-10-09 13:23:47,889][agent.finetune.train_ppo_diffusion_agent][INFO] - approx_kl: 0.0, update_epoch: 0, num_batch: 4
[2026-10-09 13:23:50,016][agent.finetune.train_ppo_diffusion_agent][INFO] - approx_kl: -3.0174851332887e-12, update_epoch: 0, num_batch: 4
[2026-10-09 13:23:52,237][agent.finetune.train_ppo_diffusion_agent][INFO] - approx_kl: 1.0579824342993316e-11, update_epoch: 0, num_batch: 4
[2026-10-09 13:23:54,462][agent.finetune.train_ppo_diffusion_agent][INFO] - approx_kl: 3.3527613194431205e-13, update_epoch: 0, num_batch: 4
[2026-10-09 13:23:56,788][agent.finetune.train_ppo_diffusion_agent][INFO] - approx_kl: 1.0728836222217986e-11, update_epoch: 1, num_batch: 4
[2026-10-09 13:23:58,946][agent.finetune.train_ppo_diffusion_agent][INFO] - approx_kl: 1.7508864150195258e-11, update_epoch: 1, num_batch: 4
[2026-10-09 13:24:01,150][agent.finetune.train_ppo_diffusion_agent][INFO] - approx_kl: 4.805624214537785e-12, update_epoch: 1, num_batch: 4
[2026-10-09 13:24:03,346][agent.finetune.train_ppo_diffusion_agent][INFO] - approx_kl: 1.4752149155028427e-11, update_epoch: 1, num_batch: 4
[2026-10-09 13:24:05,651][agent.finetune.train_ppo_diffusion_agent][INFO] - approx_kl: 1.1902302060606829e-11, update_epoch: 2, num_batch: 4
[2026-10-09 13:24:07,821][agent.finetune.train_ppo_diffusion_agent][INFO] - approx_kl: 1.683831199472685e-11, update_epoch: 2, num_batch: 4
[2026-10-09 13:24:10,045][agent.finetune.train_ppo_diffusion_agent][INFO] - approx_kl: 6.6682696690800736e-12, update_epoch: 2, num_batch: 4
[2026-10-09 13:24:12,235][agent.finetune.train_ppo_diffusion_agent][INFO] - approx_kl: 7.934868040404552e-12, update_epoch: 2, num_batch: 4
[2026-10-09 13:24:14,560][agent.finetune.train_ppo_diffusion_agent][INFO] - approx_kl: 9.1828402520866e-12, update_epoch: 3, num_batch: 4
[2026-10-09 13:24:16,696][agent.finetune.train_ppo_diffusion_agent][INFO] - approx_kl: 6.519257789855404e-12, update_epoch: 3, num_batch: 4
[2026-10-09 13:24:18,913][agent.finetune.train_ppo_diffusion_agent][INFO] - approx_kl: 1.2256204731664333e-11, update_epoch: 3, num_batch: 4
[2026-10-09 13:24:21,107][agent.finetune.train_ppo_diffusion_agent][INFO] - approx_kl: 1.680105880808025e-11, update_epoch: 3, num_batch: 4
[2026-10-09 13:24:23,437][agent.finetune.train_ppo_diffusion_agent][INFO] - approx_kl: 1.3858079614403884e-11, update_epoch: 4, num_batch: 4
[2026-10-09 13:24:25,583][agent.finetune.train_ppo_diffusion_agent][INFO] - approx_kl: 1.4454126263940825e-11, update_epoch: 4, num_batch: 4
[2026-10-09 13:24:27,814][agent.finetune.train_ppo_diffusion_agent][INFO] - approx_kl: 1.940876279138415e-11, update_epoch: 4, num_batch: 4
[2026-10-09 13:24:30,058][agent.finetune.train_ppo_diffusion_agent][INFO] - approx_kl: 2.2053718226611174e-11, update_epoch: 4, num_batch: 4
[2026-10-09 13:24:30,078][agent.finetune.train_ppo_diffusion_agent][INFO] - 28: step  2080000 | loss   0.0012 | pg loss   0.0001 | value loss   0.0021 | bc loss   0.0000 | reward -278.5113 | eta   1.0000 | t: 57.7294 | kl_true_per_action=3.271270417823154e-08 | logratio_p99=0.0 | clamp_hit_frac=0.0007375
Processed step 0 of 500
Processed step 10 of 500
Processed step 20 of 500
Processed step 30 of 500
Processed step 40 of 500
Processed step 50 of 500
Processed step 60 of 500
Processed step 70 of 500
Processed step 80 of 500
Processed step 90 of 500
Processed step 100 of 500
Processed step 110 of 500
Processed step 120 of 500
Processed step 130 of 500
Processed step 140 of 500
Processed step 150 of 500
Processed step 160 of 500
Processed step 170 of 500
Processed step 180 of 500
Processed step 190 of 500
Processed step 200 of 500
Processed step 210 of 500
Processed step 220 of 500
Processed step 230 of 500
Processed step 240 of 500
Processed step 250 of 500
Processed step 260 of 500
Processed step 270 of 500
Processed step 280 of 500
Processed step 290 of 500
Processed step 300 of 500
Processed step 310 of 500
Processed step 320 of 500
Processed step 330 of 500
Processed step 340 of 500
Processed step 350 of 500
Processed step 360 of 500
Processed step 370 of 500
Processed step 380 of 500
Processed step 390 of 500
Processed step 400 of 500
Processed step 410 of 500
Processed step 420 of 500
Processed step 430 of 500
Processed step 440 of 500
Processed step 450 of 500
Processed step 460 of 500
Processed step 470 of 500
Processed step 480 of 500
Processed step 490 of 500
[2026-10-09 13:24:45,049][agent.finetune.train_ppo_diffusion_agent][INFO] - approx_kl: 0.0, update_epoch: 0, num_batch: 4
[2026-10-09 13:24:47,176][agent.finetune.train_ppo_diffusion_agent][INFO] - approx_kl: 1.4193355692138088e-11, update_epoch: 0, num_batch: 4
[2026-10-09 13:24:49,387][agent.finetune.train_ppo_diffusion_agent][INFO] - approx_kl: 2.1345912884496165e-11, update_epoch: 0, num_batch: 4
[2026-10-09 13:24:51,723][agent.finetune.train_ppo_diffusion_agent][INFO] - approx_kl: 5.331821789633651e-12, update_epoch: 0, num_batch: 4
[2026-10-09 13:24:53,903][agent.finetune.train_ppo_diffusion_agent][INFO] - approx_kl: 1.2880190837505356e-11, update_epoch: 1, num_batch: 4
[2026-10-09 13:24:56,148][agent.finetune.train_ppo_diffusion_agent][INFO] - approx_kl: 1.2181699225732867e-11, update_epoch: 1, num_batch: 4
[2026-10-09 13:24:58,358][agent.finetune.train_ppo_diffusion_agent][INFO] - approx_kl: 6.407499097277336e-12, update_epoch: 1, num_batch: 4
[2026-10-09 13:25:00,671][agent.finetune.train_ppo_diffusion_agent][INFO] - approx_kl: 1.6591511151076155e-11, update_epoch: 1, num_batch: 4
[2026-10-09 13:25:02,793][agent.finetune.train_ppo_diffusion_agent][INFO] - approx_kl: 9.448267689060597e-12, update_epoch: 2, num_batch: 4
[2026-10-09 13:25:05,044][agent.finetune.train_ppo_diffusion_agent][INFO] - approx_kl: 1.9995494843216832e-11, update_epoch: 2, num_batch: 4
[2026-10-09 13:25:07,286][agent.finetune.train_ppo_diffusion_agent][INFO] - approx_kl: 8.791685261744231e-12, update_epoch: 2, num_batch: 4
[2026-10-09 13:25:09,660][agent.finetune.train_ppo_diffusion_agent][INFO] - approx_kl: 2.3692846295997327e-11, update_epoch: 2, num_batch: 4
[2026-10-09 13:25:11,807][agent.finetune.train_ppo_diffusion_agent][INFO] - approx_kl: 8.791685261744231e-12, update_epoch: 3, num_batch: 4
[2026-10-09 13:25:14,012][agent.finetune.train_ppo_diffusion_agent][INFO] - approx_kl: 2.5904736689064123e-11, update_epoch: 3, num_batch: 4
[2026-10-09 13:25:16,212][agent.finetune.train_ppo_diffusion_agent][INFO] - approx_kl: 1.681037253842277e-11, update_epoch: 3, num_batch: 4
[2026-10-09 13:25:18,536][agent.finetune.train_ppo_diffusion_agent][INFO] - approx_kl: 1.553446087043664e-11, update_epoch: 3, num_batch: 4
[2026-10-09 13:25:20,658][agent.finetune.train_ppo_diffusion_agent][INFO] - approx_kl: 2.890825252788165e-11, update_epoch: 4, num_batch: 4
[2026-10-09 13:25:22,902][agent.finetune.train_ppo_diffusion_agent][INFO] - approx_kl: 1.6284175397007772e-11, update_epoch: 4, num_batch: 4
[2026-10-09 13:25:25,133][agent.finetune.train_ppo_diffusion_agent][INFO] - approx_kl: 3.022607511504738e-11, update_epoch: 4, num_batch: 4
[2026-10-09 13:25:27,471][agent.finetune.train_ppo_diffusion_agent][INFO] - approx_kl: 2.4046748967054832e-11, update_epoch: 4, num_batch: 4
[2026-10-09 13:25:27,492][agent.finetune.train_ppo_diffusion_agent][INFO] - 29: step  2160000 | loss   0.0010 | pg loss   0.0001 | value loss   0.0018 | bc loss   0.0000 | reward -266.9346 | eta   1.0000 | t: 57.4138 | kl_true_per_action=6.952158409875056e-08 | logratio_p99=0.0 | clamp_hit_frac=0.0007666666666666667
Processed step 0 of 500
Processed step 10 of 500
Processed step 20 of 500
Processed step 30 of 500
Processed step 40 of 500
Processed step 50 of 500
Processed step 60 of 500
Processed step 70 of 500
Processed step 80 of 500
Processed step 90 of 500
Processed step 100 of 500
Processed step 110 of 500
Processed step 120 of 500
Processed step 130 of 500
Processed step 140 of 500
Processed step 150 of 500
Processed step 160 of 500
Processed step 170 of 500
Processed step 180 of 500
Processed step 190 of 500
Processed step 200 of 500
Processed step 210 of 500
Processed step 220 of 500
Processed step 230 of 500
Processed step 240 of 500
Processed step 250 of 500
Processed step 260 of 500
Processed step 270 of 500
Processed step 280 of 500
Processed step 290 of 500
Processed step 300 of 500
Processed step 310 of 500
Processed step 320 of 500
Processed step 330 of 500
Processed step 340 of 500
Processed step 350 of 500
Processed step 360 of 500
Processed step 370 of 500
Processed step 380 of 500
Processed step 390 of 500
Processed step 400 of 500
Processed step 410 of 500
Processed step 420 of 500
Processed step 430 of 500
Processed step 440 of 500
Processed step 450 of 500
Processed step 460 of 500
Processed step 470 of 500
Processed step 480 of 500
Processed step 490 of 500
[2026-10-09 13:25:40,002][agent.finetune.train_ppo_diffusion_agent][INFO] - eval: success rate   0.0000 | avg episode reward -392.6302 | avg best reward   1.1652
Processed step 0 of 500
Processed step 10 of 500
Processed step 20 of 500
Processed step 30 of 500
Processed step 40 of 500
Processed step 50 of 500
Processed step 60 of 500
Processed step 70 of 500
Processed step 80 of 500
Processed step 90 of 500
Processed step 100 of 500
Processed step 110 of 500
Processed step 120 of 500
Processed step 130 of 500
Processed step 140 of 500
Processed step 150 of 500
Processed step 160 of 500
Processed step 170 of 500
Processed step 180 of 500
Processed step 190 of 500
Processed step 200 of 500
Processed step 210 of 500
Processed step 220 of 500
Processed step 230 of 500
Processed step 240 of 500
Processed step 250 of 500
Processed step 260 of 500
Processed step 270 of 500
Processed step 280 of 500
Processed step 290 of 500
Processed step 300 of 500
Processed step 310 of 500
Processed step 320 of 500
Processed step 330 of 500
Processed step 340 of 500
Processed step 350 of 500
Processed step 360 of 500
Processed step 370 of 500
Processed step 380 of 500
Processed step 390 of 500
Processed step 400 of 500
Processed step 410 of 500
Processed step 420 of 500
Processed step 430 of 500
Processed step 440 of 500
Processed step 450 of 500
Processed step 460 of 500
Processed step 470 of 500
Processed step 480 of 500
Processed step 490 of 500
[2026-10-09 13:25:54,719][agent.finetune.train_ppo_diffusion_agent][INFO] - approx_kl: 0.0, update_epoch: 0, num_batch: 4
[2026-10-09 13:25:56,956][agent.finetune.train_ppo_diffusion_agent][INFO] - approx_kl: 1.0454095922263207e-11, update_epoch: 0, num_batch: 4
[2026-10-09 13:25:59,181][agent.finetune.train_ppo_diffusion_agent][INFO] - approx_kl: 1.0430812463768646e-11, update_epoch: 0, num_batch: 4
[2026-10-09 13:26:01,570][agent.finetune.train_ppo_diffusion_agent][INFO] - approx_kl: 4.135072059069378e-12, update_epoch: 0, num_batch: 4
[2026-10-09 13:26:03,723][agent.finetune.train_ppo_diffusion_agent][INFO] - approx_kl: 1.3927929122525828e-11, update_epoch: 1, num_batch: 4
[2026-10-09 13:26:05,960][agent.finetune.train_ppo_diffusion_agent][INFO] - approx_kl: 1.2321397374615017e-11, update_epoch: 1, num_batch: 4
[2026-10-09 13:26:08,204][agent.finetune.train_ppo_diffusion_agent][INFO] - approx_kl: 1.5571712322359765e-11, update_epoch: 1, num_batch: 4
[2026-10-09 13:26:10,535][agent.finetune.train_ppo_diffusion_agent][INFO] - approx_kl: 1.799315210715413e-11, update_epoch: 1, num_batch: 4
[2026-10-09 13:26:12,645][agent.finetune.train_ppo_diffusion_agent][INFO] - approx_kl: 6.891787054236209e-12, update_epoch: 2, num_batch: 4
[2026-10-09 13:26:14,841][agent.finetune.train_ppo_diffusion_agent][INFO] - approx_kl: 4.768371461572052e-12, update_epoch: 2, num_batch: 4
[2026-10-09 13:26:17,027][agent.finetune.train_ppo_diffusion_agent][INFO] - approx_kl: 1.7173587205099317e-11, update_epoch: 2, num_batch: 4
[2026-10-09 13:26:19,322][agent.finetune.train_ppo_diffusion_agent][INFO] - approx_kl: 1.4333053841020238e-11, update_epoch: 2, num_batch: 4
[2026-10-09 13:26:21,439][agent.finetune.train_ppo_diffusion_agent][INFO] - approx_kl: 2.1606683456298903e-11, update_epoch: 3, num_batch: 4
[2026-10-09 13:26:23,710][agent.finetune.train_ppo_diffusion_agent][INFO] - approx_kl: 1.7904676005708886e-11, update_epoch: 3, num_batch: 4
[2026-10-09 13:26:25,954][agent.finetune.train_ppo_diffusion_agent][INFO] - approx_kl: 1.7918645733860927e-11, update_epoch: 3, num_batch: 4
[2026-10-09 13:26:28,287][agent.finetune.train_ppo_diffusion_agent][INFO] - approx_kl: 1.6735866165129565e-11, update_epoch: 3, num_batch: 4
[2026-10-09 13:26:30,439][agent.finetune.train_ppo_diffusion_agent][INFO] - approx_kl: 2.071261391567436e-11, update_epoch: 4, num_batch: 4
[2026-10-09 13:26:32,677][agent.finetune.train_ppo_diffusion_agent][INFO] - approx_kl: 3.1553207963108676e-11, update_epoch: 4, num_batch: 4
[2026-10-09 13:26:34,908][agent.finetune.train_ppo_diffusion_agent][INFO] - approx_kl: 2.8656795686421432e-11, update_epoch: 4, num_batch: 4
[2026-10-09 13:26:37,238][agent.finetune.train_ppo_diffusion_agent][INFO] - approx_kl: 1.9893049013619546e-11, update_epoch: 4, num_batch: 4
[2026-10-09 13:26:37,255][agent.finetune.train_ppo_diffusion_agent][INFO] - 31: step  2240000 | loss   0.0009 | pg loss  -0.0001 | value loss   0.0020 | bc loss   0.0000 | reward -256.6747 | eta   1.0000 | t: 57.2533 | kl_true_per_action=4.286345869526492e-08 | logratio_p99=0.0 | clamp_hit_frac=0.0008166666666666667
Processed step 0 of 500
Processed step 10 of 500
Processed step 20 of 500
Processed step 30 of 500
Processed step 40 of 500
Processed step 50 of 500
Processed step 60 of 500
Processed step 70 of 500
Processed step 80 of 500
Processed step 90 of 500
Processed step 100 of 500
Processed step 110 of 500
Processed step 120 of 500
Processed step 130 of 500
Processed step 140 of 500
Processed step 150 of 500
Processed step 160 of 500
Processed step 170 of 500
Processed step 180 of 500
Processed step 190 of 500
Processed step 200 of 500
Processed step 210 of 500
Processed step 220 of 500
Processed step 230 of 500
Processed step 240 of 500
Processed step 250 of 500
Processed step 260 of 500
Processed step 270 of 500
Processed step 280 of 500
Processed step 290 of 500
Processed step 300 of 500
Processed step 310 of 500
Processed step 320 of 500
Processed step 330 of 500
Processed step 340 of 500
Processed step 350 of 500
Processed step 360 of 500
Processed step 370 of 500
Processed step 380 of 500
Processed step 390 of 500
Processed step 400 of 500
Processed step 410 of 500
Processed step 420 of 500
Processed step 430 of 500
Processed step 440 of 500
Processed step 450 of 500
Processed step 460 of 500
Processed step 470 of 500
Processed step 480 of 500
Processed step 490 of 500
[2026-10-09 13:26:51,924][agent.finetune.train_ppo_diffusion_agent][INFO] - approx_kl: 0.0, update_epoch: 0, num_batch: 4
[2026-10-09 13:26:54,127][agent.finetune.train_ppo_diffusion_agent][INFO] - approx_kl: 8.642673382519561e-12, update_epoch: 0, num_batch: 4
[2026-10-09 13:26:56,311][agent.finetune.train_ppo_diffusion_agent][INFO] - approx_kl: 7.585622234518308e-12, update_epoch: 0, num_batch: 4
[2026-10-09 13:26:58,597][agent.finetune.train_ppo_diffusion_agent][INFO] - approx_kl: 8.083879919629222e-12, update_epoch: 0, num_batch: 4
[2026-10-09 13:27:00,687][agent.finetune.train_ppo_diffusion_agent][INFO] - approx_kl: 8.989591189501045e-12, update_epoch: 1, num_batch: 4
[2026-10-09 13:27:02,912][agent.finetune.train_ppo_diffusion_agent][INFO] - approx_kl: 7.860362534473087e-12, update_epoch: 1, num_batch: 4
[2026-10-09 13:27:05,104][agent.finetune.train_ppo_diffusion_agent][INFO] - approx_kl: 1.078471513482615e-11, update_epoch: 1, num_batch: 4
[2026-10-09 13:27:07,391][agent.finetune.train_ppo_diffusion_agent][INFO] - approx_kl: 9.648501615722171e-12, update_epoch: 1, num_batch: 4
[2026-10-09 13:27:09,510][agent.finetune.train_ppo_diffusion_agent][INFO] - approx_kl: 1.5087426100124368e-11, update_epoch: 2, num_batch: 4
[2026-10-09 13:27:11,736][agent.finetune.train_ppo_diffusion_agent][INFO] - approx_kl: 1.9064172115945688e-11, update_epoch: 2, num_batch: 4
[2026-10-09 13:27:13,944][agent.finetune.train_ppo_diffusion_agent][INFO] - approx_kl: 1.9129364758896372e-11, update_epoch: 2, num_batch: 4
[2026-10-09 13:27:16,225][agent.finetune.train_ppo_diffusion_agent][INFO] - approx_kl: 1.1597294305443206e-11, update_epoch: 2, num_batch: 4
[2026-10-09 13:27:18,349][agent.finetune.train_ppo_diffusion_agent][INFO] - approx_kl: 1.350417694334638e-11, update_epoch: 3, num_batch: 4
[2026-10-09 13:27:20,572][agent.finetune.train_ppo_diffusion_agent][INFO] - approx_kl: 1.593725672266455e-11, update_epoch: 3, num_batch: 4
[2026-10-09 13:27:22,800][agent.finetune.train_ppo_diffusion_agent][INFO] - approx_kl: 2.302229414052892e-11, update_epoch: 3, num_batch: 4
[2026-10-09 13:27:25,130][agent.finetune.train_ppo_diffusion_agent][INFO] - approx_kl: 2.053566171278387e-11, update_epoch: 3, num_batch: 4
[2026-10-09 13:27:27,264][agent.finetune.train_ppo_diffusion_agent][INFO] - approx_kl: 1.4603138143165495e-11, update_epoch: 4, num_batch: 4
[2026-10-09 13:27:29,485][agent.finetune.train_ppo_diffusion_agent][INFO] - approx_kl: 1.061707666227818e-11, update_epoch: 4, num_batch: 4
[2026-10-09 13:27:31,719][agent.finetune.train_ppo_diffusion_agent][INFO] - approx_kl: 3.36021176161605e-11, update_epoch: 4, num_batch: 4
[2026-10-09 13:27:34,043][agent.finetune.train_ppo_diffusion_agent][INFO] - approx_kl: 4.1127202338175906e-11, update_epoch: 4, num_batch: 4
[2026-10-09 13:27:34,063][agent.finetune.train_ppo_diffusion_agent][INFO] - 32: step  2320000 | loss   0.0010 | pg loss  -0.0001 | value loss   0.0023 | bc loss   0.0000 | reward -304.2287 | eta   1.0000 | t: 56.8080 | kl_true_per_action=3.1022623221049316e-08 | logratio_p99=0.0 | clamp_hit_frac=0.0007208333333333333
Processed step 0 of 500
Processed step 10 of 500
Processed step 20 of 500
Processed step 30 of 500
Processed step 40 of 500
Processed step 50 of 500
Processed step 60 of 500
Processed step 70 of 500
Processed step 80 of 500
Processed step 90 of 500
Processed step 100 of 500
Processed step 110 of 500
Processed step 120 of 500
Processed step 130 of 500
Processed step 140 of 500
Processed step 150 of 500
Processed step 160 of 500
Processed step 170 of 500
Processed step 180 of 500
Processed step 190 of 500
Processed step 200 of 500
Processed step 210 of 500
Processed step 220 of 500
Processed step 230 of 500
Processed step 240 of 500
Processed step 250 of 500
Processed step 260 of 500
Processed step 270 of 500
Processed step 280 of 500
Processed step 290 of 500
Processed step 300 of 500
Processed step 310 of 500
Processed step 320 of 500
Processed step 330 of 500
Processed step 340 of 500
Processed step 350 of 500
Processed step 360 of 500
Processed step 370 of 500
Processed step 380 of 500
Processed step 390 of 500
Processed step 400 of 500
Processed step 410 of 500
Processed step 420 of 500
Processed step 430 of 500
Processed step 440 of 500
Processed step 450 of 500
Processed step 460 of 500
Processed step 470 of 500
Processed step 480 of 500
Processed step 490 of 500
[2026-10-09 13:27:48,771][agent.finetune.train_ppo_diffusion_agent][INFO] - approx_kl: 0.0, update_epoch: 0, num_batch: 4
[2026-10-09 13:27:50,949][agent.finetune.train_ppo_diffusion_agent][INFO] - approx_kl: 4.9546360937624545e-12, update_epoch: 0, num_batch: 4
[2026-10-09 13:27:53,236][agent.finetune.train_ppo_diffusion_agent][INFO] - approx_kl: 4.88013015415012e-12, update_epoch: 0, num_batch: 4
[2026-10-09 13:27:55,550][agent.finetune.train_ppo_diffusion_agent][INFO] - approx_kl: 1.3031530715634787e-11, update_epoch: 0, num_batch: 4
[2026-10-09 13:27:57,645][agent.finetune.train_ppo_diffusion_agent][INFO] - approx_kl: 1.1131632941807634e-11, update_epoch: 1, num_batch: 4
[2026-10-09 13:27:59,854][agent.finetune.train_ppo_diffusion_agent][INFO] - approx_kl: 2.1932646671052325e-12, update_epoch: 1, num_batch: 4
[2026-10-09 13:28:02,045][agent.finetune.train_ppo_diffusion_agent][INFO] - approx_kl: 7.860362534473087e-12, update_epoch: 1, num_batch: 4
[2026-10-09 13:28:04,342][agent.finetune.train_ppo_diffusion_agent][INFO] - approx_kl: 1.4379619890647621e-11, update_epoch: 1, num_batch: 4
[2026-10-09 13:28:06,482][agent.finetune.train_ppo_diffusion_agent][INFO] - approx_kl: 9.555369516467405e-12, update_epoch: 2, num_batch: 4
[2026-10-09 13:28:08,699][agent.finetune.train_ppo_diffusion_agent][INFO] - approx_kl: 8.251517524815455e-12, update_epoch: 2, num_batch: 4
[2026-10-09 13:28:10,919][agent.finetune.train_ppo_diffusion_agent][INFO] - approx_kl: 1.1548399389549324e-11, update_epoch: 2, num_batch: 4
[2026-10-09 13:28:13,271][agent.finetune.train_ppo_diffusion_agent][INFO] - approx_kl: 9.46689341502216e-12, update_epoch: 2, num_batch: 4
[2026-10-09 13:28:15,374][agent.finetune.train_ppo_diffusion_agent][INFO] - approx_kl: 1.2172385495390348e-11, update_epoch: 3, num_batch: 4
[2026-10-09 13:28:17,592][agent.finetune.train_ppo_diffusion_agent][INFO] - approx_kl: 3.9115547823334595e-13, update_epoch: 3, num_batch: 4
[2026-10-09 13:28:19,815][agent.finetune.train_ppo_diffusion_agent][INFO] - approx_kl: 5.164183750766549e-12, update_epoch: 3, num_batch: 4
[2026-10-09 13:28:22,131][agent.finetune.train_ppo_diffusion_agent][INFO] - approx_kl: 9.872019000878307e-12, update_epoch: 3, num_batch: 4
[2026-10-09 13:28:24,267][agent.finetune.train_ppo_diffusion_agent][INFO] - approx_kl: 8.400529404040125e-12, update_epoch: 4, num_batch: 4
[2026-10-09 13:28:26,484][agent.finetune.train_ppo_diffusion_agent][INFO] - approx_kl: 1.0449439057091947e-11, update_epoch: 4, num_batch: 4
[2026-10-09 13:28:28,703][agent.finetune.train_ppo_diffusion_agent][INFO] - approx_kl: 2.2212043402497494e-12, update_epoch: 4, num_batch: 4
[2026-10-09 13:28:31,024][agent.finetune.train_ppo_diffusion_agent][INFO] - approx_kl: 1.8007121835306172e-11, update_epoch: 4, num_batch: 4
[2026-10-09 13:28:31,044][agent.finetune.train_ppo_diffusion_agent][INFO] - 33: step  2400000 | loss   0.0011 | pg loss   0.0000 | value loss   0.0022 | bc loss   0.0000 | reward -278.1932 | eta   1.0000 | t: 56.9808 | kl_true_per_action=2.6005837992702266e-09 | logratio_p99=0.0 | clamp_hit_frac=0.0007541666666666667
Processed step 0 of 500
Processed step 10 of 500
Processed step 20 of 500
Processed step 30 of 500
Processed step 40 of 500
Processed step 50 of 500
Processed step 60 of 500
Processed step 70 of 500
Processed step 80 of 500
Processed step 90 of 500
Processed step 100 of 500
Processed step 110 of 500
Processed step 120 of 500
Processed step 130 of 500
Processed step 140 of 500
Processed step 150 of 500
Processed step 160 of 500
Processed step 170 of 500
Processed step 180 of 500
Processed step 190 of 500
Processed step 200 of 500
Processed step 210 of 500
Processed step 220 of 500
Processed step 230 of 500
Processed step 240 of 500
Processed step 250 of 500
Processed step 260 of 500
Processed step 270 of 500
Processed step 280 of 500
Processed step 290 of 500
Processed step 300 of 500
Processed step 310 of 500
Processed step 320 of 500
Processed step 330 of 500
Processed step 340 of 500
Processed step 350 of 500
Processed step 360 of 500
Processed step 370 of 500
Processed step 380 of 500
Processed step 390 of 500
Processed step 400 of 500
Processed step 410 of 500
Processed step 420 of 500
Processed step 430 of 500
Processed step 440 of 500
Processed step 450 of 500
Processed step 460 of 500
Processed step 470 of 500
Processed step 480 of 500
Processed step 490 of 500
[2026-10-09 13:28:45,813][agent.finetune.train_ppo_diffusion_agent][INFO] - approx_kl: 0.0, update_epoch: 0, num_batch: 4
[2026-10-09 13:28:48,048][agent.finetune.train_ppo_diffusion_agent][INFO] - approx_kl: 6.767804632684671e-12, update_epoch: 0, num_batch: 4
[2026-10-09 13:28:50,355][agent.finetune.train_ppo_diffusion_agent][INFO] - approx_kl: 5.2968970355726785e-12, update_epoch: 0, num_batch: 4
[2026-10-09 13:28:52,502][agent.finetune.train_ppo_diffusion_agent][INFO] - approx_kl: 1.1846423147998664e-11, update_epoch: 0, num_batch: 4
[2026-10-09 13:28:54,741][agent.finetune.train_ppo_diffusion_agent][INFO] - approx_kl: 3.0919908560606e-12, update_epoch: 1, num_batch: 4
[2026-10-09 13:28:56,963][agent.finetune.train_ppo_diffusion_agent][INFO] - approx_kl: 6.439513419026488e-12, update_epoch: 1, num_batch: 4
[2026-10-09 13:28:59,288][agent.finetune.train_ppo_diffusion_agent][INFO] - approx_kl: 1.7751007261312957e-11, update_epoch: 1, num_batch: 4
[2026-10-09 13:29:01,400][agent.finetune.train_ppo_diffusion_agent][INFO] - approx_kl: 1.2032687346508197e-11, update_epoch: 1, num_batch: 4
[2026-10-09 13:29:03,600][agent.finetune.train_ppo_diffusion_agent][INFO] - approx_kl: 1.6553093964977172e-11, update_epoch: 2, num_batch: 4
[2026-10-09 13:29:05,834][agent.finetune.train_ppo_diffusion_agent][INFO] - approx_kl: 1.5429104174846664e-11, update_epoch: 2, num_batch: 4
[2026-10-09 13:29:08,195][agent.finetune.train_ppo_diffusion_agent][INFO] - approx_kl: 1.23679634242424e-11, update_epoch: 2, num_batch: 4
[2026-10-09 13:29:10,373][agent.finetune.train_ppo_diffusion_agent][INFO] - approx_kl: 1.151114707026446e-11, update_epoch: 2, num_batch: 4
[2026-10-09 13:29:12,584][agent.finetune.train_ppo_diffusion_agent][INFO] - approx_kl: 4.439498248187679e-12, update_epoch: 3, num_batch: 4
[2026-10-09 13:29:14,817][agent.finetune.train_ppo_diffusion_agent][INFO] - approx_kl: 2.197921185331797e-11, update_epoch: 3, num_batch: 4
[2026-10-09 13:29:17,159][agent.finetune.train_ppo_diffusion_agent][INFO] - approx_kl: 7.394701170837514e-12, update_epoch: 3, num_batch: 4
[2026-10-09 13:29:19,270][agent.finetune.train_ppo_diffusion_agent][INFO] - approx_kl: 1.795589892050753e-11, update_epoch: 3, num_batch: 4
[2026-10-09 13:29:21,476][agent.finetune.train_ppo_diffusion_agent][INFO] - approx_kl: 1.6614794609570716e-11, update_epoch: 4, num_batch: 4
[2026-10-09 13:29:23,733][agent.finetune.train_ppo_diffusion_agent][INFO] - approx_kl: 2.1159648685986632e-11, update_epoch: 4, num_batch: 4
[2026-10-09 13:29:26,066][agent.finetune.train_ppo_diffusion_agent][INFO] - approx_kl: 2.3813917851556177e-11, update_epoch: 4, num_batch: 4
[2026-10-09 13:29:28,212][agent.finetune.train_ppo_diffusion_agent][INFO] - approx_kl: 2.8387294251364104e-11, update_epoch: 4, num_batch: 4
[2026-10-09 13:29:28,232][agent.finetune.train_ppo_diffusion_agent][INFO] - 34: step  2480000 | loss   0.0015 | pg loss   0.0002 | value loss   0.0025 | bc loss   0.0000 | reward -311.1980 | eta   1.0000 | t: 57.1882 | kl_true_per_action=1.2116227625410547e-07 | logratio_p99=0.0 | clamp_hit_frac=0.0007645833333333334
Processed step 0 of 500
Processed step 10 of 500
Processed step 20 of 500
Processed step 30 of 500
Processed step 40 of 500
Processed step 50 of 500
Processed step 60 of 500
Processed step 70 of 500
Processed step 80 of 500
Processed step 90 of 500
Processed step 100 of 500
Processed step 110 of 500
Processed step 120 of 500
Processed step 130 of 500
Processed step 140 of 500
Processed step 150 of 500
Processed step 160 of 500
Processed step 170 of 500
Processed step 180 of 500
Processed step 190 of 500
Processed step 200 of 500
Processed step 210 of 500
Processed step 220 of 500
Processed step 230 of 500
Processed step 240 of 500
Processed step 250 of 500
Processed step 260 of 500
Processed step 270 of 500
Processed step 280 of 500
Processed step 290 of 500
Processed step 300 of 500
Processed step 310 of 500
Processed step 320 of 500
Processed step 330 of 500
Processed step 340 of 500
Processed step 350 of 500
Processed step 360 of 500
Processed step 370 of 500
Processed step 380 of 500
Processed step 390 of 500
Processed step 400 of 500
Processed step 410 of 500
Processed step 420 of 500
Processed step 430 of 500
Processed step 440 of 500
Processed step 450 of 500
Processed step 460 of 500
Processed step 470 of 500
Processed step 480 of 500
Processed step 490 of 500
[2026-10-09 13:29:43,981][agent.finetune.train_ppo_diffusion_agent][INFO] - approx_kl: 0.0, update_epoch: 0, num_batch: 4
[2026-10-09 13:29:46,229][agent.finetune.train_ppo_diffusion_agent][INFO] - approx_kl: 4.172324812035111e-12, update_epoch: 0, num_batch: 4
[2026-10-09 13:29:48,586][agent.finetune.train_ppo_diffusion_agent][INFO] - approx_kl: 7.161870489019728e-12, update_epoch: 0, num_batch: 4
[2026-10-09 13:29:50,713][agent.finetune.train_ppo_diffusion_agent][INFO] - approx_kl: 1.0877847234080917e-11, update_epoch: 0, num_batch: 4
[2026-10-09 13:29:52,984][agent.finetune.train_ppo_diffusion_agent][INFO] - approx_kl: 1.3709067735179215e-11, update_epoch: 1, num_batch: 4
[2026-10-09 13:29:55,236][agent.finetune.train_ppo_diffusion_agent][INFO] - approx_kl: 8.903443954322299e-12, update_epoch: 1, num_batch: 4
[2026-10-09 13:29:57,582][agent.finetune.train_ppo_diffusion_agent][INFO] - approx_kl: 7.171183785681379e-12, update_epoch: 1, num_batch: 4
[2026-10-09 13:29:59,728][agent.finetune.train_ppo_diffusion_agent][INFO] - approx_kl: 9.983777693456375e-12, update_epoch: 1, num_batch: 4
[2026-10-09 13:30:01,976][agent.finetune.train_ppo_diffusion_agent][INFO] - approx_kl: 5.5134295566527936e-12, update_epoch: 2, num_batch: 4
[2026-10-09 13:30:04,186][agent.finetune.train_ppo_diffusion_agent][INFO] - approx_kl: 6.7055224220458065e-12, update_epoch: 2, num_batch: 4
[2026-10-09 13:30:06,513][agent.finetune.train_ppo_diffusion_agent][INFO] - approx_kl: 1.0654329848924782e-11, update_epoch: 2, num_batch: 4
[2026-10-09 13:30:08,674][agent.finetune.train_ppo_diffusion_agent][INFO] - approx_kl: 1.2600794539741056e-11, update_epoch: 2, num_batch: 4
[2026-10-09 13:30:10,922][agent.finetune.train_ppo_diffusion_agent][INFO] - approx_kl: 5.662441002196594e-12, update_epoch: 3, num_batch: 4
[2026-10-09 13:30:13,143][agent.finetune.train_ppo_diffusion_agent][INFO] - approx_kl: 8.037313870001839e-12, update_epoch: 3, num_batch: 4
[2026-10-09 13:30:15,489][agent.finetune.train_ppo_diffusion_agent][INFO] - approx_kl: 1.035630695783718e-11, update_epoch: 3, num_batch: 4
[2026-10-09 13:30:17,608][agent.finetune.train_ppo_diffusion_agent][INFO] - approx_kl: 7.357447984190912e-12, update_epoch: 3, num_batch: 4
[2026-10-09 13:30:19,837][agent.finetune.train_ppo_diffusion_agent][INFO] - approx_kl: 9.853392407555006e-12, update_epoch: 4, num_batch: 4
[2026-10-09 13:30:22,079][agent.finetune.train_ppo_diffusion_agent][INFO] - approx_kl: 6.631016482433472e-12, update_epoch: 4, num_batch: 4
[2026-10-09 13:30:24,433][agent.finetune.train_ppo_diffusion_agent][INFO] - approx_kl: 1.1101364619237053e-11, update_epoch: 4, num_batch: 4
[2026-10-09 13:30:26,629][agent.finetune.train_ppo_diffusion_agent][INFO] - approx_kl: 2.3394822537547988e-11, update_epoch: 4, num_batch: 4
[2026-10-09 13:30:26,712][agent.finetune.train_agent][INFO] - Saved model to /soalnas/share/data/zbao7/diffusion_policy/results/stage2_noclip/runs/NC2_seed1/native/checkpoint/state_35.pt
[2026-10-09 13:30:26,713][agent.finetune.train_ppo_diffusion_agent][INFO] - 35: step  2560000 | loss   0.0012 | pg loss  -0.0001 | value loss   0.0026 | bc loss   0.0000 | reward -348.7601 | eta   1.0000 | t: 58.4806 | kl_true_per_action=7.065315734425538e-08 | logratio_p99=0.0 | clamp_hit_frac=0.0007416666666666666
Processed step 0 of 500
Processed step 10 of 500
Processed step 20 of 500
Processed step 30 of 500
Processed step 40 of 500
Processed step 50 of 500
Processed step 60 of 500
Processed step 70 of 500
Processed step 80 of 500
Processed step 90 of 500
Processed step 100 of 500
Processed step 110 of 500
Processed step 120 of 500
Processed step 130 of 500
Processed step 140 of 500
Processed step 150 of 500
Processed step 160 of 500
Processed step 170 of 500
Processed step 180 of 500
Processed step 190 of 500
Processed step 200 of 500
Processed step 210 of 500
Processed step 220 of 500
Processed step 230 of 500
Processed step 240 of 500
Processed step 250 of 500
Processed step 260 of 500
Processed step 270 of 500
Processed step 280 of 500
Processed step 290 of 500
Processed step 300 of 500
Processed step 310 of 500
Processed step 320 of 500
Processed step 330 of 500
Processed step 340 of 500
Processed step 350 of 500
Processed step 360 of 500
Processed step 370 of 500
Processed step 380 of 500
Processed step 390 of 500
Processed step 400 of 500
Processed step 410 of 500
Processed step 420 of 500
Processed step 430 of 500
Processed step 440 of 500
Processed step 450 of 500
Processed step 460 of 500
Processed step 470 of 500
Processed step 480 of 500
Processed step 490 of 500
[2026-10-09 13:30:42,605][agent.finetune.train_ppo_diffusion_agent][INFO] - approx_kl: 0.0, update_epoch: 0, num_batch: 4
[2026-10-09 13:30:44,858][agent.finetune.train_ppo_diffusion_agent][INFO] - approx_kl: 3.1292438258667676e-12, update_epoch: 0, num_batch: 4
[2026-10-09 13:30:47,224][agent.finetune.train_ppo_diffusion_agent][INFO] - approx_kl: 5.341134652614432e-12, update_epoch: 0, num_batch: 4
[2026-10-09 13:30:49,378][agent.finetune.train_ppo_diffusion_agent][INFO] - approx_kl: 1.6167759839258444e-11, update_epoch: 0, num_batch: 4
[2026-10-09 13:30:51,646][agent.finetune.train_ppo_diffusion_agent][INFO] - approx_kl: 1.1846423147998664e-11, update_epoch: 1, num_batch: 4
[2026-10-09 13:30:53,986][agent.finetune.train_ppo_diffusion_agent][INFO] - approx_kl: 1.064036012077274e-11, update_epoch: 1, num_batch: 4
[2026-10-09 13:30:56,152][agent.finetune.train_ppo_diffusion_agent][INFO] - approx_kl: 1.1175870992530257e-11, update_epoch: 1, num_batch: 4
[2026-10-09 13:30:58,385][agent.finetune.train_ppo_diffusion_agent][INFO] - approx_kl: 1.2945383480456041e-11, update_epoch: 1, num_batch: 4
[2026-10-09 13:31:00,630][agent.finetune.train_ppo_diffusion_agent][INFO] - approx_kl: 1.6493723054011866e-11, update_epoch: 2, num_batch: 4
[2026-10-09 13:31:02,947][agent.finetune.train_ppo_diffusion_agent][INFO] - approx_kl: 6.081536316204783e-12, update_epoch: 2, num_batch: 4
[2026-10-09 13:31:05,062][agent.finetune.train_ppo_diffusion_agent][INFO] - approx_kl: 6.929039807201942e-12, update_epoch: 2, num_batch: 4
[2026-10-09 13:31:07,307][agent.finetune.train_ppo_diffusion_agent][INFO] - approx_kl: 1.2703239501976604e-11, update_epoch: 2, num_batch: 4
[2026-10-09 13:31:09,540][agent.finetune.train_ppo_diffusion_agent][INFO] - approx_kl: 1.2218951545017731e-11, update_epoch: 3, num_batch: 4
[2026-10-09 13:31:11,872][agent.finetune.train_ppo_diffusion_agent][INFO] - approx_kl: 1.1539086526568543e-11, update_epoch: 3, num_batch: 4
[2026-10-09 13:31:13,988][agent.finetune.train_ppo_diffusion_agent][INFO] - approx_kl: 1.005828319938784e-11, update_epoch: 3, num_batch: 4
[2026-10-09 13:31:16,190][agent.finetune.train_ppo_diffusion_agent][INFO] - approx_kl: 2.078711855424409e-11, update_epoch: 3, num_batch: 4
[2026-10-09 13:31:18,437][agent.finetune.train_ppo_diffusion_agent][INFO] - approx_kl: 1.564621869565297e-11, update_epoch: 4, num_batch: 4
[2026-10-09 13:31:20,768][agent.finetune.train_ppo_diffusion_agent][INFO] - approx_kl: 3.0971131909085514e-11, update_epoch: 4, num_batch: 4
[2026-10-09 13:31:22,928][agent.finetune.train_ppo_diffusion_agent][INFO] - approx_kl: 1.2144446039086265e-11, update_epoch: 4, num_batch: 4
[2026-10-09 13:31:25,176][agent.finetune.train_ppo_diffusion_agent][INFO] - approx_kl: 1.121778017698638e-11, update_epoch: 4, num_batch: 4
[2026-10-09 13:31:25,196][agent.finetune.train_ppo_diffusion_agent][INFO] - 36: step  2640000 | loss   0.0014 | pg loss   0.0001 | value loss   0.0025 | bc loss   0.0000 | reward -308.8238 | eta   1.0000 | t: 58.4830 | kl_true_per_action=3.910558746557353e-08 | logratio_p99=0.0 | clamp_hit_frac=0.0007854166666666667
Processed step 0 of 500
Processed step 10 of 500
Processed step 20 of 500
Processed step 30 of 500
Processed step 40 of 500
Processed step 50 of 500
Processed step 60 of 500
Processed step 70 of 500
Processed step 80 of 500
Processed step 90 of 500
Processed step 100 of 500
Processed step 110 of 500
Processed step 120 of 500
Processed step 130 of 500
Processed step 140 of 500
Processed step 150 of 500
Processed step 160 of 500
Processed step 170 of 500
Processed step 180 of 500
Processed step 190 of 500
Processed step 200 of 500
Processed step 210 of 500
Processed step 220 of 500
Processed step 230 of 500
Processed step 240 of 500
Processed step 250 of 500
Processed step 260 of 500
Processed step 270 of 500
Processed step 280 of 500
Processed step 290 of 500
Processed step 300 of 500
Processed step 310 of 500
Processed step 320 of 500
Processed step 330 of 500
Processed step 340 of 500
Processed step 350 of 500
Processed step 360 of 500
Processed step 370 of 500
Processed step 380 of 500
Processed step 390 of 500
Processed step 400 of 500
Processed step 410 of 500
Processed step 420 of 500
Processed step 430 of 500
Processed step 440 of 500
Processed step 450 of 500
Processed step 460 of 500
Processed step 470 of 500
Processed step 480 of 500
Processed step 490 of 500
[2026-10-09 13:31:41,043][agent.finetune.train_ppo_diffusion_agent][INFO] - approx_kl: 0.0, update_epoch: 0, num_batch: 4
[2026-10-09 13:31:43,383][agent.finetune.train_ppo_diffusion_agent][INFO] - approx_kl: 2.2625316550839436e-11, update_epoch: 0, num_batch: 4
[2026-10-09 13:31:45,540][agent.finetune.train_ppo_diffusion_agent][INFO] - approx_kl: 2.0652077270533198e-11, update_epoch: 0, num_batch: 4
[2026-10-09 13:31:47,785][agent.finetune.train_ppo_diffusion_agent][INFO] - approx_kl: 1.8468126333770485e-11, update_epoch: 0, num_batch: 4
[2026-10-09 13:31:49,986][agent.finetune.train_ppo_diffusion_agent][INFO] - approx_kl: 1.9073485846288207e-11, update_epoch: 1, num_batch: 4
[2026-10-09 13:31:52,350][agent.finetune.train_ppo_diffusion_agent][INFO] - approx_kl: 1.8095597936751417e-11, update_epoch: 1, num_batch: 4
[2026-10-09 13:31:54,501][agent.finetune.train_ppo_diffusion_agent][INFO] - approx_kl: 1.194421211242469e-11, update_epoch: 1, num_batch: 4
[2026-10-09 13:31:56,747][agent.finetune.train_ppo_diffusion_agent][INFO] - approx_kl: 1.2591480809398536e-11, update_epoch: 1, num_batch: 4
[2026-10-09 13:31:58,998][agent.finetune.train_ppo_diffusion_agent][INFO] - approx_kl: 9.823124952346163e-12, update_epoch: 2, num_batch: 4
[2026-10-09 13:32:01,335][agent.finetune.train_ppo_diffusion_agent][INFO] - approx_kl: 1.3802199834433981e-11, update_epoch: 2, num_batch: 4
[2026-10-09 13:32:03,461][agent.finetune.train_ppo_diffusion_agent][INFO] - approx_kl: 1.6735866165129565e-11, update_epoch: 2, num_batch: 4
[2026-10-09 13:32:05,688][agent.finetune.train_ppo_diffusion_agent][INFO] - approx_kl: 9.941868509000251e-12, update_epoch: 2, num_batch: 4
[2026-10-09 13:32:07,926][agent.finetune.train_ppo_diffusion_agent][INFO] - approx_kl: 1.1064112299952189e-11, update_epoch: 3, num_batch: 4
[2026-10-09 13:32:10,249][agent.finetune.train_ppo_diffusion_agent][INFO] - approx_kl: 2.0498408526137268e-11, update_epoch: 3, num_batch: 4
[2026-10-09 13:32:12,386][agent.finetune.train_ppo_diffusion_agent][INFO] - approx_kl: 3.4458935271181046e-12, update_epoch: 3, num_batch: 4
[2026-10-09 13:32:14,605][agent.finetune.train_ppo_diffusion_agent][INFO] - approx_kl: 1.6278353665022394e-11, update_epoch: 3, num_batch: 4
[2026-10-09 13:32:16,826][agent.finetune.train_ppo_diffusion_agent][INFO] - approx_kl: 7.953494633727853e-12, update_epoch: 4, num_batch: 4
[2026-10-09 13:32:19,124][agent.finetune.train_ppo_diffusion_agent][INFO] - approx_kl: 4.544854076415916e-12, update_epoch: 4, num_batch: 4
[2026-10-09 13:32:21,279][agent.finetune.train_ppo_diffusion_agent][INFO] - approx_kl: 1.5010591727926403e-11, update_epoch: 4, num_batch: 4
[2026-10-09 13:32:23,534][agent.finetune.train_ppo_diffusion_agent][INFO] - approx_kl: 1.249834871014377e-11, update_epoch: 4, num_batch: 4
[2026-10-09 13:32:23,553][agent.finetune.train_ppo_diffusion_agent][INFO] - 37: step  2720000 | loss   0.0013 | pg loss   0.0000 | value loss   0.0027 | bc loss   0.0000 | reward -298.7429 | eta   1.0000 | t: 58.3576 | kl_true_per_action=7.607305266618077e-08 | logratio_p99=0.0 | clamp_hit_frac=0.00079375
Processed step 0 of 500
Processed step 10 of 500
Processed step 20 of 500
Processed step 30 of 500
Processed step 40 of 500
Processed step 50 of 500
Processed step 60 of 500
Processed step 70 of 500
Processed step 80 of 500
Processed step 90 of 500
Processed step 100 of 500
Processed step 110 of 500
Processed step 120 of 500
Processed step 130 of 500
Processed step 140 of 500
Processed step 150 of 500
Processed step 160 of 500
Processed step 170 of 500
Processed step 180 of 500
Processed step 190 of 500
Processed step 200 of 500
Processed step 210 of 500
Processed step 220 of 500
Processed step 230 of 500
Processed step 240 of 500
Processed step 250 of 500
Processed step 260 of 500
Processed step 270 of 500
Processed step 280 of 500
Processed step 290 of 500
Processed step 300 of 500
Processed step 310 of 500
Processed step 320 of 500
Processed step 330 of 500
Processed step 340 of 500
Processed step 350 of 500
Processed step 360 of 500
Processed step 370 of 500
Processed step 380 of 500
Processed step 390 of 500
Processed step 400 of 500
Processed step 410 of 500
Processed step 420 of 500
Processed step 430 of 500
Processed step 440 of 500
Processed step 450 of 500
Processed step 460 of 500
Processed step 470 of 500
Processed step 480 of 500
Processed step 490 of 500
[2026-10-09 13:32:39,428][agent.finetune.train_ppo_diffusion_agent][INFO] - approx_kl: 0.0, update_epoch: 0, num_batch: 4
[2026-10-09 13:32:41,775][agent.finetune.train_ppo_diffusion_agent][INFO] - approx_kl: 4.88013015415012e-12, update_epoch: 0, num_batch: 4
[2026-10-09 13:32:43,935][agent.finetune.train_ppo_diffusion_agent][INFO] - approx_kl: 1.6726552434787045e-11, update_epoch: 0, num_batch: 4
[2026-10-09 13:32:46,179][agent.finetune.train_ppo_diffusion_agent][INFO] - approx_kl: 3.7997959813351745e-12, update_epoch: 0, num_batch: 4
[2026-10-09 13:32:48,385][agent.finetune.train_ppo_diffusion_agent][INFO] - approx_kl: 4.814937511199435e-12, update_epoch: 1, num_batch: 4
[2026-10-09 13:32:50,684][agent.finetune.train_ppo_diffusion_agent][INFO] - approx_kl: 9.238720032056502e-12, update_epoch: 1, num_batch: 4
[2026-10-09 13:32:52,843][agent.finetune.train_ppo_diffusion_agent][INFO] - approx_kl: 1.5255062837948863e-11, update_epoch: 1, num_batch: 4
[2026-10-09 13:32:55,103][agent.finetune.train_ppo_diffusion_agent][INFO] - approx_kl: 5.015171871541879e-12, update_epoch: 1, num_batch: 4
[2026-10-09 13:32:57,315][agent.finetune.train_ppo_diffusion_agent][INFO] - approx_kl: 9.746290580148198e-12, update_epoch: 2, num_batch: 4
[2026-10-09 13:32:59,659][agent.finetune.train_ppo_diffusion_agent][INFO] - approx_kl: 1.3411044844091613e-11, update_epoch: 2, num_batch: 4
[2026-10-09 13:33:01,815][agent.finetune.train_ppo_diffusion_agent][INFO] - approx_kl: 2.6198102714980465e-11, update_epoch: 2, num_batch: 4
[2026-10-09 13:33:04,017][agent.finetune.train_ppo_diffusion_agent][INFO] - approx_kl: 3.685592456226239e-11, update_epoch: 2, num_batch: 4
[2026-10-09 13:33:06,222][agent.finetune.train_ppo_diffusion_agent][INFO] - approx_kl: 5.1632521175237756e-11, update_epoch: 3, num_batch: 4
[2026-10-09 13:33:08,579][agent.finetune.train_ppo_diffusion_agent][INFO] - approx_kl: 5.2098183406235066e-11, update_epoch: 3, num_batch: 4
[2026-10-09 13:33:10,728][agent.finetune.train_ppo_diffusion_agent][INFO] - approx_kl: 3.203749418534407e-11, update_epoch: 3, num_batch: 4
[2026-10-09 13:33:12,992][agent.finetune.train_ppo_diffusion_agent][INFO] - approx_kl: 2.8386711384276175e-11, update_epoch: 3, num_batch: 4
[2026-10-09 13:33:15,190][agent.finetune.train_ppo_diffusion_agent][INFO] - approx_kl: 4.943460224504648e-11, update_epoch: 4, num_batch: 4
[2026-10-09 13:33:17,501][agent.finetune.train_ppo_diffusion_agent][INFO] - approx_kl: 3.7215650700028746e-11, update_epoch: 4, num_batch: 4
[2026-10-09 13:33:19,629][agent.finetune.train_ppo_diffusion_agent][INFO] - approx_kl: 1.543015160088146e-10, update_epoch: 4, num_batch: 4
[2026-10-09 13:33:21,872][agent.finetune.train_ppo_diffusion_agent][INFO] - approx_kl: 7.397960716248875e-11, update_epoch: 4, num_batch: 4
[2026-10-09 13:33:21,892][agent.finetune.train_ppo_diffusion_agent][INFO] - 38: step  2800000 | loss   0.0012 | pg loss   0.0000 | value loss   0.0024 | bc loss   0.0000 | reward -305.5221 | eta   1.0000 | t: 58.3384 | kl_true_per_action=6.596122556282907e-07 | logratio_p99=0.0 | clamp_hit_frac=0.0007729166666666667
Processed step 0 of 500
Processed step 10 of 500
Processed step 20 of 500
Processed step 30 of 500
Processed step 40 of 500
Processed step 50 of 500
Processed step 60 of 500
Processed step 70 of 500
Processed step 80 of 500
Processed step 90 of 500
Processed step 100 of 500
Processed step 110 of 500
Processed step 120 of 500
Processed step 130 of 500
Processed step 140 of 500
Processed step 150 of 500
Processed step 160 of 500
Processed step 170 of 500
Processed step 180 of 500
Processed step 190 of 500
Processed step 200 of 500
Processed step 210 of 500
Processed step 220 of 500
Processed step 230 of 500
Processed step 240 of 500
Processed step 250 of 500
Processed step 260 of 500
Processed step 270 of 500
Processed step 280 of 500
Processed step 290 of 500
Processed step 300 of 500
Processed step 310 of 500
Processed step 320 of 500
Processed step 330 of 500
Processed step 340 of 500
Processed step 350 of 500
Processed step 360 of 500
Processed step 370 of 500
Processed step 380 of 500
Processed step 390 of 500
Processed step 400 of 500
Processed step 410 of 500
Processed step 420 of 500
Processed step 430 of 500
Processed step 440 of 500
Processed step 450 of 500
Processed step 460 of 500
Processed step 470 of 500
Processed step 480 of 500
Processed step 490 of 500
[2026-10-09 13:33:37,795][agent.finetune.train_ppo_diffusion_agent][INFO] - approx_kl: 0.0, update_epoch: 0, num_batch: 4
[2026-10-09 13:33:40,136][agent.finetune.train_ppo_diffusion_agent][INFO] - approx_kl: 2.472661398550402e-12, update_epoch: 0, num_batch: 4
[2026-10-09 13:33:42,292][agent.finetune.train_ppo_diffusion_agent][INFO] - approx_kl: 1.1422670968819215e-11, update_epoch: 0, num_batch: 4
[2026-10-09 13:33:44,541][agent.finetune.train_ppo_diffusion_agent][INFO] - approx_kl: 5.979090920288366e-12, update_epoch: 0, num_batch: 4
[2026-10-09 13:33:46,817][agent.finetune.train_ppo_diffusion_agent][INFO] - approx_kl: -6.058253291391091e-12, update_epoch: 1, num_batch: 4
[2026-10-09 13:33:49,130][agent.finetune.train_ppo_diffusion_agent][INFO] - approx_kl: 3.5017728734071385e-12, update_epoch: 1, num_batch: 4
[2026-10-09 13:33:51,251][agent.finetune.train_ppo_diffusion_agent][INFO] - approx_kl: 6.202608305444501e-12, update_epoch: 1, num_batch: 4
[2026-10-09 13:33:53,515][agent.finetune.train_ppo_diffusion_agent][INFO] - approx_kl: 1.678941707883297e-11, update_epoch: 1, num_batch: 4
[2026-10-09 13:33:55,761][agent.finetune.train_ppo_diffusion_agent][INFO] - approx_kl: 6.239861058410234e-12, update_epoch: 2, num_batch: 4
[2026-10-09 13:33:58,063][agent.finetune.train_ppo_diffusion_agent][INFO] - approx_kl: 8.246861527005933e-12, update_epoch: 2, num_batch: 4
[2026-10-09 13:34:00,195][agent.finetune.train_ppo_diffusion_agent][INFO] - approx_kl: 2.0535663013826477e-12, update_epoch: 2, num_batch: 4
[2026-10-09 13:34:02,424][agent.finetune.train_ppo_diffusion_agent][INFO] - approx_kl: 8.982606325425024e-12, update_epoch: 2, num_batch: 4
[2026-10-09 13:34:04,636][agent.finetune.train_ppo_diffusion_agent][INFO] - approx_kl: 6.519257789855404e-12, update_epoch: 3, num_batch: 4
[2026-10-09 13:34:06,960][agent.finetune.train_ppo_diffusion_agent][INFO] - approx_kl: 1.7173587205099317e-11, update_epoch: 3, num_batch: 4
[2026-10-09 13:34:09,119][agent.finetune.train_ppo_diffusion_agent][INFO] - approx_kl: 3.1925736360127743e-11, update_epoch: 3, num_batch: 4
[2026-10-09 13:34:11,368][agent.finetune.train_ppo_diffusion_agent][INFO] - approx_kl: 1.3899988798860008e-11, update_epoch: 3, num_batch: 4
[2026-10-09 13:34:13,592][agent.finetune.train_ppo_diffusion_agent][INFO] - approx_kl: 3.604683912472595e-11, update_epoch: 4, num_batch: 4
[2026-10-09 13:34:15,938][agent.finetune.train_ppo_diffusion_agent][INFO] - approx_kl: 1.5273690298633902e-11, update_epoch: 4, num_batch: 4
[2026-10-09 13:34:18,052][agent.finetune.train_ppo_diffusion_agent][INFO] - approx_kl: 1.3872049342555925e-11, update_epoch: 4, num_batch: 4
[2026-10-09 13:34:20,287][agent.finetune.train_ppo_diffusion_agent][INFO] - approx_kl: 3.290362426966453e-11, update_epoch: 4, num_batch: 4
[2026-10-09 13:34:20,306][agent.finetune.train_ppo_diffusion_agent][INFO] - 39: step  2880000 | loss   0.0013 | pg loss   0.0001 | value loss   0.0024 | bc loss   0.0000 | reward -320.1646 | eta   1.0000 | t: 58.4146 | kl_true_per_action=2.47153849407821e-07 | logratio_p99=0.0 | clamp_hit_frac=0.0007416666666666666
Processed step 0 of 500
Processed step 10 of 500
Processed step 20 of 500
Processed step 30 of 500
Processed step 40 of 500
Processed step 50 of 500
Processed step 60 of 500
Processed step 70 of 500
Processed step 80 of 500
Processed step 90 of 500
Processed step 100 of 500
Processed step 110 of 500
Processed step 120 of 500
Processed step 130 of 500
Processed step 140 of 500
Processed step 150 of 500
Processed step 160 of 500
Processed step 170 of 500
Processed step 180 of 500
Processed step 190 of 500
Processed step 200 of 500
Processed step 210 of 500
Processed step 220 of 500
Processed step 230 of 500
Processed step 240 of 500
Processed step 250 of 500
Processed step 260 of 500
Processed step 270 of 500
Processed step 280 of 500
Processed step 290 of 500
Processed step 300 of 500
Processed step 310 of 500
Processed step 320 of 500
Processed step 330 of 500
Processed step 340 of 500
Processed step 350 of 500
Processed step 360 of 500
Processed step 370 of 500
Processed step 380 of 500
Processed step 390 of 500
Processed step 400 of 500
Processed step 410 of 500
Processed step 420 of 500
Processed step 430 of 500
Processed step 440 of 500
Processed step 450 of 500
Processed step 460 of 500
Processed step 470 of 500
Processed step 480 of 500
Processed step 490 of 500
[2026-10-09 13:34:33,900][agent.finetune.train_ppo_diffusion_agent][INFO] - eval: success rate   0.0000 | avg episode reward -421.9754 | avg best reward   1.1041
Processed step 0 of 500
Processed step 10 of 500
Processed step 20 of 500
Processed step 30 of 500
Processed step 40 of 500
Processed step 50 of 500
Processed step 60 of 500
Processed step 70 of 500
Processed step 80 of 500
Processed step 90 of 500
Processed step 100 of 500
Processed step 110 of 500
Processed step 120 of 500
Processed step 130 of 500
Processed step 140 of 500
Processed step 150 of 500
Processed step 160 of 500
Processed step 170 of 500
Processed step 180 of 500
Processed step 190 of 500
Processed step 200 of 500
Processed step 210 of 500
Processed step 220 of 500
Processed step 230 of 500
Processed step 240 of 500
Processed step 250 of 500
Processed step 260 of 500
Processed step 270 of 500
Processed step 280 of 500
Processed step 290 of 500
Processed step 300 of 500
Processed step 310 of 500
Processed step 320 of 500
Processed step 330 of 500
Processed step 340 of 500
Processed step 350 of 500
Processed step 360 of 500
Processed step 370 of 500
Processed step 380 of 500
Processed step 390 of 500
Processed step 400 of 500
Processed step 410 of 500
Processed step 420 of 500
Processed step 430 of 500
Processed step 440 of 500
Processed step 450 of 500
Processed step 460 of 500
Processed step 470 of 500
Processed step 480 of 500
Processed step 490 of 500
[2026-10-09 13:34:49,879][agent.finetune.train_ppo_diffusion_agent][INFO] - approx_kl: 0.0, update_epoch: 0, num_batch: 4
[2026-10-09 13:34:51,990][agent.finetune.train_ppo_diffusion_agent][INFO] - approx_kl: -5.587935171004477e-13, update_epoch: 0, num_batch: 4
[2026-10-09 13:34:54,232][agent.finetune.train_ppo_diffusion_agent][INFO] - approx_kl: 4.342291500328277e-13, update_epoch: 0, num_batch: 4
[2026-10-09 13:34:56,468][agent.finetune.train_ppo_diffusion_agent][INFO] - approx_kl: -4.02331336649131e-12, update_epoch: 0, num_batch: 4
[2026-10-09 13:34:58,788][agent.finetune.train_ppo_diffusion_agent][INFO] - approx_kl: 8.083879919629222e-12, update_epoch: 1, num_batch: 4
[2026-10-09 13:35:00,917][agent.finetune.train_ppo_diffusion_agent][INFO] - approx_kl: 1.3709067735179215e-11, update_epoch: 1, num_batch: 4
[2026-10-09 13:35:03,158][agent.finetune.train_ppo_diffusion_agent][INFO] - approx_kl: 1.7061829379882987e-11, update_epoch: 1, num_batch: 4
[2026-10-09 13:35:05,395][agent.finetune.train_ppo_diffusion_agent][INFO] - approx_kl: 1.2554227622751934e-11, update_epoch: 1, num_batch: 4
[2026-10-09 13:35:07,759][agent.finetune.train_ppo_diffusion_agent][INFO] - approx_kl: 1.8738208901192266e-11, update_epoch: 2, num_batch: 4
[2026-10-09 13:35:09,904][agent.finetune.train_ppo_diffusion_agent][INFO] - approx_kl: 2.0638107542381157e-11, update_epoch: 2, num_batch: 4
[2026-10-09 13:35:12,129][agent.finetune.train_ppo_diffusion_agent][INFO] - approx_kl: 1.5919794996155368e-11, update_epoch: 2, num_batch: 4
[2026-10-09 13:35:14,327][agent.finetune.train_ppo_diffusion_agent][INFO] - approx_kl: 2.700835388669276e-11, update_epoch: 2, num_batch: 4
[2026-10-09 13:35:16,647][agent.finetune.train_ppo_diffusion_agent][INFO] - approx_kl: 2.41398810663096e-11, update_epoch: 3, num_batch: 4
[2026-10-09 13:35:18,806][agent.finetune.train_ppo_diffusion_agent][INFO] - approx_kl: 3.741472062723794e-11, update_epoch: 3, num_batch: 4
[2026-10-09 13:35:21,046][agent.finetune.train_ppo_diffusion_agent][INFO] - approx_kl: 4.179775622836779e-11, update_epoch: 3, num_batch: 4
[2026-10-09 13:35:23,292][agent.finetune.train_ppo_diffusion_agent][INFO] - approx_kl: 3.188848490820462e-11, update_epoch: 3, num_batch: 4
[2026-10-09 13:35:25,630][agent.finetune.train_ppo_diffusion_agent][INFO] - approx_kl: 3.866851283618189e-11, update_epoch: 4, num_batch: 4
[2026-10-09 13:35:27,786][agent.finetune.train_ppo_diffusion_agent][INFO] - approx_kl: 4.548579221608229e-11, update_epoch: 4, num_batch: 4
[2026-10-09 13:35:30,068][agent.finetune.train_ppo_diffusion_agent][INFO] - approx_kl: 6.500631283268277e-11, update_epoch: 4, num_batch: 4
[2026-10-09 13:35:32,307][agent.finetune.train_ppo_diffusion_agent][INFO] - approx_kl: 9.57399576284601e-11, update_epoch: 4, num_batch: 4
[2026-10-09 13:35:32,325][agent.finetune.train_ppo_diffusion_agent][INFO] - 41: step  2960000 | loss   0.0013 | pg loss   0.0002 | value loss   0.0023 | bc loss   0.0000 | reward -246.3836 | eta   1.0000 | t: 58.4251 | kl_true_per_action=3.3962002025301963e-07 | logratio_p99=0.0 | clamp_hit_frac=0.00079375
Processed step 0 of 500
Processed step 10 of 500
Processed step 20 of 500
Processed step 30 of 500
Processed step 40 of 500
Processed step 50 of 500
Processed step 60 of 500
Processed step 70 of 500
Processed step 80 of 500
Processed step 90 of 500
Processed step 100 of 500
Processed step 110 of 500
Processed step 120 of 500
Processed step 130 of 500
Processed step 140 of 500
Processed step 150 of 500
Processed step 160 of 500
Processed step 170 of 500
Processed step 180 of 500
Processed step 190 of 500
Processed step 200 of 500
Processed step 210 of 500
Processed step 220 of 500
Processed step 230 of 500
Processed step 240 of 500
Processed step 250 of 500
Processed step 260 of 500
Processed step 270 of 500
Processed step 280 of 500
Processed step 290 of 500
Processed step 300 of 500
Processed step 310 of 500
Processed step 320 of 500
Processed step 330 of 500
Processed step 340 of 500
Processed step 350 of 500
Processed step 360 of 500
Processed step 370 of 500
Processed step 380 of 500
Processed step 390 of 500
Processed step 400 of 500
Processed step 410 of 500
Processed step 420 of 500
Processed step 430 of 500
Processed step 440 of 500
Processed step 450 of 500
Processed step 460 of 500
Processed step 470 of 500
Processed step 480 of 500
Processed step 490 of 500
[2026-10-09 13:35:48,291][agent.finetune.train_ppo_diffusion_agent][INFO] - approx_kl: 0.0, update_epoch: 0, num_batch: 4
[2026-10-09 13:35:50,416][agent.finetune.train_ppo_diffusion_agent][INFO] - approx_kl: 1.3038515579710808e-11, update_epoch: 0, num_batch: 4
[2026-10-09 13:35:52,670][agent.finetune.train_ppo_diffusion_agent][INFO] - approx_kl: 5.252658984850056e-12, update_epoch: 0, num_batch: 4
[2026-10-09 13:35:54,918][agent.finetune.train_ppo_diffusion_agent][INFO] - approx_kl: 1.0235234534916593e-11, update_epoch: 0, num_batch: 4
[2026-10-09 13:35:57,242][agent.finetune.train_ppo_diffusion_agent][INFO] - approx_kl: 8.940696273607163e-12, update_epoch: 1, num_batch: 4
[2026-10-09 13:35:59,384][agent.finetune.train_ppo_diffusion_agent][INFO] - approx_kl: 1.2256204731664333e-11, update_epoch: 1, num_batch: 4
[2026-10-09 13:36:01,617][agent.finetune.train_ppo_diffusion_agent][INFO] - approx_kl: 9.248032895037284e-12, update_epoch: 1, num_batch: 4
[2026-10-09 13:36:03,837][agent.finetune.train_ppo_diffusion_agent][INFO] - approx_kl: 1.825392267895687e-11, update_epoch: 1, num_batch: 4
[2026-10-09 13:36:06,167][agent.finetune.train_ppo_diffusion_agent][INFO] - approx_kl: 1.5255062837948863e-11, update_epoch: 2, num_batch: 4
[2026-10-09 13:36:08,346][agent.finetune.train_ppo_diffusion_agent][INFO] - approx_kl: 1.6726552434787045e-11, update_epoch: 2, num_batch: 4
[2026-10-09 13:36:10,599][agent.finetune.train_ppo_diffusion_agent][INFO] - approx_kl: 2.142041925778937e-11, update_epoch: 2, num_batch: 4
[2026-10-09 13:36:12,807][agent.finetune.train_ppo_diffusion_agent][INFO] - approx_kl: 3.1972303277116865e-11, update_epoch: 2, num_batch: 4
[2026-10-09 13:36:15,106][agent.finetune.train_ppo_diffusion_agent][INFO] - approx_kl: 2.2239982425120708e-11, update_epoch: 3, num_batch: 4
[2026-10-09 13:36:17,237][agent.finetune.train_ppo_diffusion_agent][INFO] - approx_kl: 3.921799343609145e-11, update_epoch: 3, num_batch: 4
[2026-10-09 13:36:19,478][agent.finetune.train_ppo_diffusion_agent][INFO] - approx_kl: 3.933906325692682e-11, update_epoch: 3, num_batch: 4
[2026-10-09 13:36:21,710][agent.finetune.train_ppo_diffusion_agent][INFO] - approx_kl: 2.41398810663096e-11, update_epoch: 3, num_batch: 4
[2026-10-09 13:36:24,085][agent.finetune.train_ppo_diffusion_agent][INFO] - approx_kl: 5.288049512164328e-11, update_epoch: 4, num_batch: 4
[2026-10-09 13:36:26,244][agent.finetune.train_ppo_diffusion_agent][INFO] - approx_kl: 4.3921172254712815e-11, update_epoch: 4, num_batch: 4
[2026-10-09 13:36:28,488][agent.finetune.train_ppo_diffusion_agent][INFO] - approx_kl: 6.514601358365013e-11, update_epoch: 4, num_batch: 4
[2026-10-09 13:36:30,746][agent.finetune.train_ppo_diffusion_agent][INFO] - approx_kl: 4.8410147418520566e-11, update_epoch: 4, num_batch: 4
[2026-10-09 13:36:30,766][agent.finetune.train_ppo_diffusion_agent][INFO] - 42: step  3040000 | loss   0.0013 | pg loss   0.0000 | value loss   0.0027 | bc loss   0.0000 | reward -276.5756 | eta   1.0000 | t: 58.4405 | kl_true_per_action=6.085678038999782e-07 | logratio_p99=0.0 | clamp_hit_frac=0.0007916666666666666
Processed step 0 of 500
Processed step 10 of 500
Processed step 20 of 500
Processed step 30 of 500
Processed step 40 of 500
Processed step 50 of 500
Processed step 60 of 500
Processed step 70 of 500
Processed step 80 of 500
Processed step 90 of 500
Processed step 100 of 500
Processed step 110 of 500
Processed step 120 of 500
Processed step 130 of 500
Processed step 140 of 500
Processed step 150 of 500
Processed step 160 of 500
Processed step 170 of 500
Processed step 180 of 500
Processed step 190 of 500
Processed step 200 of 500
Processed step 210 of 500
Processed step 220 of 500
Processed step 230 of 500
Processed step 240 of 500
Processed step 250 of 500
Processed step 260 of 500
Processed step 270 of 500
Processed step 280 of 500
Processed step 290 of 500
Processed step 300 of 500
Processed step 310 of 500
Processed step 320 of 500
Processed step 330 of 500
Processed step 340 of 500
Processed step 350 of 500
Processed step 360 of 500
Processed step 370 of 500
Processed step 380 of 500
Processed step 390 of 500
Processed step 400 of 500
Processed step 410 of 500
Processed step 420 of 500
Processed step 430 of 500
Processed step 440 of 500
Processed step 450 of 500
Processed step 460 of 500
Processed step 470 of 500
Processed step 480 of 500
Processed step 490 of 500
[2026-10-09 13:36:46,771][agent.finetune.train_ppo_diffusion_agent][INFO] - approx_kl: 0.0, update_epoch: 0, num_batch: 4
[2026-10-09 13:36:48,914][agent.finetune.train_ppo_diffusion_agent][INFO] - approx_kl: 1.2256204731664333e-11, update_epoch: 0, num_batch: 4
[2026-10-09 13:36:51,165][agent.finetune.train_ppo_diffusion_agent][INFO] - approx_kl: 5.662441002196594e-12, update_epoch: 0, num_batch: 4
[2026-10-09 13:36:53,521][agent.finetune.train_ppo_diffusion_agent][INFO] - approx_kl: 3.315508241216736e-12, update_epoch: 0, num_batch: 4
[2026-10-09 13:36:55,693][agent.finetune.train_ppo_diffusion_agent][INFO] - approx_kl: 1.0803341728149451e-12, update_epoch: 1, num_batch: 4
[2026-10-09 13:36:57,921][agent.finetune.train_ppo_diffusion_agent][INFO] - approx_kl: 1.3150274272288875e-11, update_epoch: 1, num_batch: 4
[2026-10-09 13:37:00,145][agent.finetune.train_ppo_diffusion_agent][INFO] - approx_kl: 1.6242264477828172e-11, update_epoch: 1, num_batch: 4
[2026-10-09 13:37:02,507][agent.finetune.train_ppo_diffusion_agent][INFO] - approx_kl: 1.1846423147998664e-11, update_epoch: 1, num_batch: 4
[2026-10-09 13:37:04,632][agent.finetune.train_ppo_diffusion_agent][INFO] - approx_kl: 2.15321770830057e-11, update_epoch: 2, num_batch: 4
[2026-10-09 13:37:06,860][agent.finetune.train_ppo_diffusion_agent][INFO] - approx_kl: 1.8905847373740237e-11, update_epoch: 2, num_batch: 4
[2026-10-09 13:37:09,065][agent.finetune.train_ppo_diffusion_agent][INFO] - approx_kl: 2.4102627879662997e-11, update_epoch: 2, num_batch: 4
[2026-10-09 13:37:11,401][agent.finetune.train_ppo_diffusion_agent][INFO] - approx_kl: 1.639127722441458e-11, update_epoch: 2, num_batch: 4
[2026-10-09 13:37:13,524][agent.finetune.train_ppo_diffusion_agent][INFO] - approx_kl: 2.47359268484848e-11, update_epoch: 3, num_batch: 4
[2026-10-09 13:37:15,734][agent.finetune.train_ppo_diffusion_agent][INFO] - approx_kl: 2.41771342529562e-11, update_epoch: 3, num_batch: 4
[2026-10-09 13:37:17,956][agent.finetune.train_ppo_diffusion_agent][INFO] - approx_kl: 4.328787328589101e-11, update_epoch: 3, num_batch: 4
[2026-10-09 13:37:20,276][agent.finetune.train_ppo_diffusion_agent][INFO] - approx_kl: 3.576278509442865e-11, update_epoch: 3, num_batch: 4
[2026-10-09 13:37:22,431][agent.finetune.train_ppo_diffusion_agent][INFO] - approx_kl: 3.3751130362746906e-11, update_epoch: 4, num_batch: 4
[2026-10-09 13:37:24,686][agent.finetune.train_ppo_diffusion_agent][INFO] - approx_kl: 3.4570693530078245e-11, update_epoch: 4, num_batch: 4
[2026-10-09 13:37:26,919][agent.finetune.train_ppo_diffusion_agent][INFO] - approx_kl: 2.659857230302709e-11, update_epoch: 4, num_batch: 4
[2026-10-09 13:37:29,258][agent.finetune.train_ppo_diffusion_agent][INFO] - approx_kl: 9.68575428195173e-11, update_epoch: 4, num_batch: 4
[2026-10-09 13:37:29,277][agent.finetune.train_ppo_diffusion_agent][INFO] - 43: step  3120000 | loss   0.0013 | pg loss  -0.0000 | value loss   0.0027 | bc loss   0.0000 | reward -286.9306 | eta   1.0000 | t: 58.5113 | kl_true_per_action=1.9260107800670817e-07 | logratio_p99=0.0 | clamp_hit_frac=0.0007895833333333333
Processed step 0 of 500
Processed step 10 of 500
Processed step 20 of 500
Processed step 30 of 500
Processed step 40 of 500
Processed step 50 of 500
Processed step 60 of 500
Processed step 70 of 500
Processed step 80 of 500
Processed step 90 of 500
Processed step 100 of 500
Processed step 110 of 500
Processed step 120 of 500
Processed step 130 of 500
Processed step 140 of 500
Processed step 150 of 500
Processed step 160 of 500
Processed step 170 of 500
Processed step 180 of 500
Processed step 190 of 500
Processed step 200 of 500
Processed step 210 of 500
Processed step 220 of 500
Processed step 230 of 500
Processed step 240 of 500
Processed step 250 of 500
Processed step 260 of 500
Processed step 270 of 500
Processed step 280 of 500
Processed step 290 of 500
Processed step 300 of 500
Processed step 310 of 500
Processed step 320 of 500
Processed step 330 of 500
Processed step 340 of 500
Processed step 350 of 500
Processed step 360 of 500
Processed step 370 of 500
Processed step 380 of 500
Processed step 390 of 500
Processed step 400 of 500
Processed step 410 of 500
Processed step 420 of 500
Processed step 430 of 500
Processed step 440 of 500
Processed step 450 of 500
Processed step 460 of 500
Processed step 470 of 500
Processed step 480 of 500
Processed step 490 of 500
[2026-10-09 13:37:44,134][agent.finetune.train_ppo_diffusion_agent][INFO] - approx_kl: 0.0, update_epoch: 0, num_batch: 4
[2026-10-09 13:37:46,370][agent.finetune.train_ppo_diffusion_agent][INFO] - approx_kl: 2.2631137415463076e-12, update_epoch: 0, num_batch: 4
[2026-10-09 13:37:48,561][agent.finetune.train_ppo_diffusion_agent][INFO] - approx_kl: 6.677582532060855e-12, update_epoch: 0, num_batch: 4
[2026-10-09 13:37:50,843][agent.finetune.train_ppo_diffusion_agent][INFO] - approx_kl: 7.537892185438544e-12, update_epoch: 0, num_batch: 4
[2026-10-09 13:37:53,012][agent.finetune.train_ppo_diffusion_agent][INFO] - approx_kl: 1.2665986965851306e-12, update_epoch: 1, num_batch: 4
[2026-10-09 13:37:55,240][agent.finetune.train_ppo_diffusion_agent][INFO] - approx_kl: 2.44006507707506e-12, update_epoch: 1, num_batch: 4
[2026-10-09 13:37:57,440][agent.finetune.train_ppo_diffusion_agent][INFO] - approx_kl: 1.0021030880102977e-11, update_epoch: 1, num_batch: 4
[2026-10-09 13:37:59,829][agent.finetune.train_ppo_diffusion_agent][INFO] - approx_kl: 1.3200333187635138e-11, update_epoch: 1, num_batch: 4
[2026-10-09 13:38:01,968][agent.finetune.train_ppo_diffusion_agent][INFO] - approx_kl: 1.423060887878469e-11, update_epoch: 2, num_batch: 4
[2026-10-09 13:38:04,175][agent.finetune.train_ppo_diffusion_agent][INFO] - approx_kl: 9.996583422156036e-12, update_epoch: 2, num_batch: 4
[2026-10-09 13:38:06,388][agent.finetune.train_ppo_diffusion_agent][INFO] - approx_kl: 1.2191012088713649e-11, update_epoch: 2, num_batch: 4
[2026-10-09 13:38:08,717][agent.finetune.train_ppo_diffusion_agent][INFO] - approx_kl: 1.005828319938784e-11, update_epoch: 2, num_batch: 4
[2026-10-09 13:38:10,857][agent.finetune.train_ppo_diffusion_agent][INFO] - approx_kl: 2.283602820729591e-11, update_epoch: 3, num_batch: 4
[2026-10-09 13:38:13,060][agent.finetune.train_ppo_diffusion_agent][INFO] - approx_kl: 2.2128224599904378e-11, update_epoch: 3, num_batch: 4
[2026-10-09 13:38:15,263][agent.finetune.train_ppo_diffusion_agent][INFO] - approx_kl: 1.7434357776902054e-11, update_epoch: 3, num_batch: 4
[2026-10-09 13:38:17,587][agent.finetune.train_ppo_diffusion_agent][INFO] - approx_kl: 2.686865487044887e-11, update_epoch: 3, num_batch: 4
[2026-10-09 13:38:19,713][agent.finetune.train_ppo_diffusion_agent][INFO] - approx_kl: 1.9194557401847057e-11, update_epoch: 4, num_batch: 4
[2026-10-09 13:38:21,933][agent.finetune.train_ppo_diffusion_agent][INFO] - approx_kl: 2.7231871271848895e-11, update_epoch: 4, num_batch: 4
[2026-10-09 13:38:24,164][agent.finetune.train_ppo_diffusion_agent][INFO] - approx_kl: 2.0762672831020623e-11, update_epoch: 4, num_batch: 4
[2026-10-09 13:38:26,511][agent.finetune.train_ppo_diffusion_agent][INFO] - approx_kl: 2.1159648685986632e-11, update_epoch: 4, num_batch: 4
[2026-10-09 13:38:26,527][agent.finetune.train_ppo_diffusion_agent][INFO] - 44: step  3200000 | loss   0.0014 | pg loss   0.0000 | value loss   0.0028 | bc loss   0.0000 | reward -291.9930 | eta   1.0000 | t: 57.2494 | kl_true_per_action=2.2070265802714165e-08 | logratio_p99=0.0 | clamp_hit_frac=0.0008020833333333334
Processed step 0 of 500
Processed step 10 of 500
Processed step 20 of 500
Processed step 30 of 500
Processed step 40 of 500
Processed step 50 of 500
Processed step 60 of 500
Processed step 70 of 500
Processed step 80 of 500
Processed step 90 of 500
Processed step 100 of 500
Processed step 110 of 500
Processed step 120 of 500
Processed step 130 of 500
Processed step 140 of 500
Processed step 150 of 500
Processed step 160 of 500
Processed step 170 of 500
Processed step 180 of 500
Processed step 190 of 500
Processed step 200 of 500
Processed step 210 of 500
Processed step 220 of 500
Processed step 230 of 500
Processed step 240 of 500
Processed step 250 of 500
Processed step 260 of 500
Processed step 270 of 500
Processed step 280 of 500
Processed step 290 of 500
Processed step 300 of 500
Processed step 310 of 500
Processed step 320 of 500
Processed step 330 of 500
Processed step 340 of 500
Processed step 350 of 500
Processed step 360 of 500
Processed step 370 of 500
Processed step 380 of 500
Processed step 390 of 500
Processed step 400 of 500
Processed step 410 of 500
Processed step 420 of 500
Processed step 430 of 500
Processed step 440 of 500
Processed step 450 of 500
Processed step 460 of 500
Processed step 470 of 500
Processed step 480 of 500
Processed step 490 of 500
[2026-10-09 13:38:41,293][agent.finetune.train_ppo_diffusion_agent][INFO] - approx_kl: 0.0, update_epoch: 0, num_batch: 4
[2026-10-09 13:38:43,542][agent.finetune.train_ppo_diffusion_agent][INFO] - approx_kl: 7.995403818183977e-12, update_epoch: 0, num_batch: 4
[2026-10-09 13:38:45,781][agent.finetune.train_ppo_diffusion_agent][INFO] - approx_kl: 9.285286081683886e-12, update_epoch: 0, num_batch: 4
[2026-10-09 13:38:48,105][agent.finetune.train_ppo_diffusion_agent][INFO] - approx_kl: 1.3485550350023079e-11, update_epoch: 0, num_batch: 4
[2026-10-09 13:38:50,251][agent.finetune.train_ppo_diffusion_agent][INFO] - approx_kl: 7.2643158849361456e-12, update_epoch: 1, num_batch: 4
[2026-10-09 13:38:52,493][agent.finetune.train_ppo_diffusion_agent][INFO] - approx_kl: 4.344619716073472e-12, update_epoch: 1, num_batch: 4
[2026-10-09 13:38:54,784][agent.finetune.train_ppo_diffusion_agent][INFO] - approx_kl: 1.6894190907335016e-11, update_epoch: 1, num_batch: 4
[2026-10-09 13:38:57,099][agent.finetune.train_ppo_diffusion_agent][INFO] - approx_kl: 4.842877401184387e-12, update_epoch: 1, num_batch: 4
[2026-10-09 13:38:59,254][agent.finetune.train_ppo_diffusion_agent][INFO] - approx_kl: 1.3634562229247749e-11, update_epoch: 2, num_batch: 4
[2026-10-09 13:39:01,475][agent.finetune.train_ppo_diffusion_agent][INFO] - approx_kl: 1.2814998194554672e-11, update_epoch: 2, num_batch: 4
[2026-10-09 13:39:03,704][agent.finetune.train_ppo_diffusion_agent][INFO] - approx_kl: 8.121132238914086e-12, update_epoch: 2, num_batch: 4
[2026-10-09 13:39:06,043][agent.finetune.train_ppo_diffusion_agent][INFO] - approx_kl: 1.7266719304354083e-11, update_epoch: 2, num_batch: 4
[2026-10-09 13:39:08,209][agent.finetune.train_ppo_diffusion_agent][INFO] - approx_kl: 1.0677613307419342e-11, update_epoch: 3, num_batch: 4
[2026-10-09 13:39:10,456][agent.finetune.train_ppo_diffusion_agent][INFO] - approx_kl: 1.2470409253839687e-11, update_epoch: 3, num_batch: 4
[2026-10-09 13:39:12,672][agent.finetune.train_ppo_diffusion_agent][INFO] - approx_kl: 2.4610197560392955e-11, update_epoch: 3, num_batch: 4
[2026-10-09 13:39:15,043][agent.finetune.train_ppo_diffusion_agent][INFO] - approx_kl: 1.4044343812913418e-11, update_epoch: 3, num_batch: 4
[2026-10-09 13:39:17,182][agent.finetune.train_ppo_diffusion_agent][INFO] - approx_kl: 1.6018747092672037e-11, update_epoch: 4, num_batch: 4
[2026-10-09 13:39:19,418][agent.finetune.train_ppo_diffusion_agent][INFO] - approx_kl: 2.517830562098755e-11, update_epoch: 4, num_batch: 4
[2026-10-09 13:39:21,658][agent.finetune.train_ppo_diffusion_agent][INFO] - approx_kl: 3.1664965788325006e-11, update_epoch: 4, num_batch: 4
[2026-10-09 13:39:24,021][agent.finetune.train_ppo_diffusion_agent][INFO] - approx_kl: 3.1040982284569196e-11, update_epoch: 4, num_batch: 4
[2026-10-09 13:39:24,037][agent.finetune.train_ppo_diffusion_agent][INFO] - 45: step  3280000 | loss   0.0015 | pg loss   0.0003 | value loss   0.0024 | bc loss   0.0000 | reward -256.7115 | eta   1.0000 | t: 57.5103 | kl_true_per_action=7.441390148224756e-08 | logratio_p99=0.0 | clamp_hit_frac=0.0007770833333333333
Processed step 0 of 500
Processed step 10 of 500
Processed step 20 of 500
Processed step 30 of 500
Processed step 40 of 500
Processed step 50 of 500
Processed step 60 of 500
Processed step 70 of 500
Processed step 80 of 500
Processed step 90 of 500
Processed step 100 of 500
Processed step 110 of 500
Processed step 120 of 500
Processed step 130 of 500
Processed step 140 of 500
Processed step 150 of 500
Processed step 160 of 500
Processed step 170 of 500
Processed step 180 of 500
Processed step 190 of 500
Processed step 200 of 500
Processed step 210 of 500
Processed step 220 of 500
Processed step 230 of 500
Processed step 240 of 500
Processed step 250 of 500
Processed step 260 of 500
Processed step 270 of 500
Processed step 280 of 500
Processed step 290 of 500
Processed step 300 of 500
Processed step 310 of 500
Processed step 320 of 500
Processed step 330 of 500
Processed step 340 of 500
Processed step 350 of 500
Processed step 360 of 500
Processed step 370 of 500
Processed step 380 of 500
Processed step 390 of 500
Processed step 400 of 500
Processed step 410 of 500
Processed step 420 of 500
Processed step 430 of 500
Processed step 440 of 500
Processed step 450 of 500
Processed step 460 of 500
Processed step 470 of 500
Processed step 480 of 500
Processed step 490 of 500
[2026-10-09 13:39:38,760][agent.finetune.train_ppo_diffusion_agent][INFO] - approx_kl: 0.0, update_epoch: 0, num_batch: 4
[2026-10-09 13:39:41,004][agent.finetune.train_ppo_diffusion_agent][INFO] - approx_kl: 5.88595838735273e-12, update_epoch: 0, num_batch: 4
[2026-10-09 13:39:43,246][agent.finetune.train_ppo_diffusion_agent][INFO] - approx_kl: 2.384185730786026e-12, update_epoch: 0, num_batch: 4
[2026-10-09 13:39:45,612][agent.finetune.train_ppo_diffusion_agent][INFO] - approx_kl: 4.097819306103645e-12, update_epoch: 0, num_batch: 4
[2026-10-09 13:39:47,728][agent.finetune.train_ppo_diffusion_agent][INFO] - approx_kl: 4.470348136803581e-12, update_epoch: 1, num_batch: 4
[2026-10-09 13:39:49,951][agent.finetune.train_ppo_diffusion_agent][INFO] - approx_kl: 1.1604279169519227e-11, update_epoch: 1, num_batch: 4
[2026-10-09 13:39:52,182][agent.finetune.train_ppo_diffusion_agent][INFO] - approx_kl: 9.536742923144104e-12, update_epoch: 1, num_batch: 4
[2026-10-09 13:39:54,519][agent.finetune.train_ppo_diffusion_agent][INFO] - approx_kl: 6.258487651733535e-12, update_epoch: 1, num_batch: 4
[2026-10-09 13:39:56,678][agent.finetune.train_ppo_diffusion_agent][INFO] - approx_kl: 4.88013015415012e-12, update_epoch: 2, num_batch: 4
[2026-10-09 13:39:58,887][agent.finetune.train_ppo_diffusion_agent][INFO] - approx_kl: 1.350417694334638e-11, update_epoch: 2, num_batch: 4
[2026-10-09 13:40:01,110][agent.finetune.train_ppo_diffusion_agent][INFO] - approx_kl: 4.842877401184387e-12, update_epoch: 2, num_batch: 4
[2026-10-09 13:40:03,399][agent.finetune.train_ppo_diffusion_agent][INFO] - approx_kl: 1.1175870992530257e-11, update_epoch: 2, num_batch: 4
[2026-10-09 13:40:05,530][agent.finetune.train_ppo_diffusion_agent][INFO] - approx_kl: 2.0861624060175554e-12, update_epoch: 3, num_batch: 4
[2026-10-09 13:40:07,804][agent.finetune.train_ppo_diffusion_agent][INFO] - approx_kl: 4.097819306103645e-12, update_epoch: 3, num_batch: 4
[2026-10-09 13:40:10,047][agent.finetune.train_ppo_diffusion_agent][INFO] - approx_kl: 7.655471742640252e-12, update_epoch: 3, num_batch: 4
[2026-10-09 13:40:12,354][agent.finetune.train_ppo_diffusion_agent][INFO] - approx_kl: 7.003545746814277e-12, update_epoch: 3, num_batch: 4
[2026-10-09 13:40:14,498][agent.finetune.train_ppo_diffusion_agent][INFO] - approx_kl: 1.1622905762842528e-11, update_epoch: 4, num_batch: 4
[2026-10-09 13:40:16,747][agent.finetune.train_ppo_diffusion_agent][INFO] - approx_kl: 1.5720725068946173e-11, update_epoch: 4, num_batch: 4
[2026-10-09 13:40:19,004][agent.finetune.train_ppo_diffusion_agent][INFO] - approx_kl: 9.890645594201608e-12, update_epoch: 4, num_batch: 4
[2026-10-09 13:40:21,320][agent.finetune.train_ppo_diffusion_agent][INFO] - approx_kl: 1.1846423147998664e-11, update_epoch: 4, num_batch: 4
[2026-10-09 13:40:21,335][agent.finetune.train_ppo_diffusion_agent][INFO] - 46: step  3360000 | loss   0.0013 | pg loss  -0.0001 | value loss   0.0028 | bc loss   0.0000 | reward -283.6730 | eta   1.0000 | t: 57.2987 | kl_true_per_action=2.1348194783582317e-08 | logratio_p99=0.0 | clamp_hit_frac=0.0008375
Processed step 0 of 500
Processed step 10 of 500
Processed step 20 of 500
Processed step 30 of 500
Processed step 40 of 500
Processed step 50 of 500
Processed step 60 of 500
Processed step 70 of 500
Processed step 80 of 500
Processed step 90 of 500
Processed step 100 of 500
Processed step 110 of 500
Processed step 120 of 500
Processed step 130 of 500
Processed step 140 of 500
Processed step 150 of 500
Processed step 160 of 500
Processed step 170 of 500
Processed step 180 of 500
Processed step 190 of 500
Processed step 200 of 500
Processed step 210 of 500
Processed step 220 of 500
Processed step 230 of 500
Processed step 240 of 500
Processed step 250 of 500
Processed step 260 of 500
Processed step 270 of 500
Processed step 280 of 500
Processed step 290 of 500
Processed step 300 of 500
Processed step 310 of 500
Processed step 320 of 500
Processed step 330 of 500
Processed step 340 of 500
Processed step 350 of 500
Processed step 360 of 500
Processed step 370 of 500
Processed step 380 of 500
Processed step 390 of 500
Processed step 400 of 500
Processed step 410 of 500
Processed step 420 of 500
Processed step 430 of 500
Processed step 440 of 500
Processed step 450 of 500
Processed step 460 of 500
Processed step 470 of 500
Processed step 480 of 500
Processed step 490 of 500
[2026-10-09 13:40:36,105][agent.finetune.train_ppo_diffusion_agent][INFO] - approx_kl: 0.0, update_epoch: 0, num_batch: 4
[2026-10-09 13:40:38,347][agent.finetune.train_ppo_diffusion_agent][INFO] - approx_kl: 5.383044270751425e-12, update_epoch: 0, num_batch: 4
[2026-10-09 13:40:40,687][agent.finetune.train_ppo_diffusion_agent][INFO] - approx_kl: 1.3690441141855914e-11, update_epoch: 0, num_batch: 4
[2026-10-09 13:40:42,837][agent.finetune.train_ppo_diffusion_agent][INFO] - approx_kl: 2.5052577200257442e-12, update_epoch: 0, num_batch: 4
[2026-10-09 13:40:45,089][agent.finetune.train_ppo_diffusion_agent][INFO] - approx_kl: 5.941837733641764e-12, update_epoch: 1, num_batch: 4
[2026-10-09 13:40:47,380][agent.finetune.train_ppo_diffusion_agent][INFO] - approx_kl: 1.657754120608368e-12, update_epoch: 1, num_batch: 4
[2026-10-09 13:40:49,729][agent.finetune.train_ppo_diffusion_agent][INFO] - approx_kl: 8.158385425560688e-12, update_epoch: 1, num_batch: 4
[2026-10-09 13:40:51,888][agent.finetune.train_ppo_diffusion_agent][INFO] - approx_kl: 1.5953554449721352e-11, update_epoch: 1, num_batch: 4
[2026-10-09 13:40:54,131][agent.finetune.train_ppo_diffusion_agent][INFO] - approx_kl: 1.5143305012732533e-11, update_epoch: 2, num_batch: 4
[2026-10-09 13:40:56,371][agent.finetune.train_ppo_diffusion_agent][INFO] - approx_kl: 9.369104450596133e-12, update_epoch: 2, num_batch: 4
[2026-10-09 13:40:58,684][agent.finetune.train_ppo_diffusion_agent][INFO] - approx_kl: 1.8598511619671854e-11, update_epoch: 2, num_batch: 4
[2026-10-09 13:41:00,795][agent.finetune.train_ppo_diffusion_agent][INFO] - approx_kl: 1.1101364619237053e-11, update_epoch: 2, num_batch: 4
[2026-10-09 13:41:02,993][agent.finetune.train_ppo_diffusion_agent][INFO] - approx_kl: 6.351619750988302e-12, update_epoch: 3, num_batch: 4
[2026-10-09 13:41:05,209][agent.finetune.train_ppo_diffusion_agent][INFO] - approx_kl: 6.593763729467739e-12, update_epoch: 3, num_batch: 4
[2026-10-09 13:41:07,581][agent.finetune.train_ppo_diffusion_agent][INFO] - approx_kl: 1.4118850186206622e-11, update_epoch: 3, num_batch: 4
[2026-10-09 13:41:09,734][agent.finetune.train_ppo_diffusion_agent][INFO] - approx_kl: 1.8374994234515718e-11, update_epoch: 3, num_batch: 4
[2026-10-09 13:41:11,977][agent.finetune.train_ppo_diffusion_agent][INFO] - approx_kl: 7.711350655248417e-12, update_epoch: 4, num_batch: 4
[2026-10-09 13:41:14,176][agent.finetune.train_ppo_diffusion_agent][INFO] - approx_kl: 1.4845281254283194e-11, update_epoch: 4, num_batch: 4
[2026-10-09 13:41:16,490][agent.finetune.train_ppo_diffusion_agent][INFO] - approx_kl: 4.749744868248751e-12, update_epoch: 4, num_batch: 4
[2026-10-09 13:41:18,603][agent.finetune.train_ppo_diffusion_agent][INFO] - approx_kl: 9.089708152831832e-12, update_epoch: 4, num_batch: 4
[2026-10-09 13:41:18,619][agent.finetune.train_ppo_diffusion_agent][INFO] - 47: step  3440000 | loss   0.0013 | pg loss  -0.0001 | value loss   0.0028 | bc loss   0.0000 | reward -312.4045 | eta   1.0000 | t: 57.2832 | kl_true_per_action=7.144373115521959e-08 | logratio_p99=0.0 | clamp_hit_frac=0.0007729166666666667
Processed step 0 of 500
Processed step 10 of 500
Processed step 20 of 500
Processed step 30 of 500
Processed step 40 of 500
Processed step 50 of 500
Processed step 60 of 500
Processed step 70 of 500
Processed step 80 of 500
Processed step 90 of 500
Processed step 100 of 500
Processed step 110 of 500
Processed step 120 of 500
Processed step 130 of 500
Processed step 140 of 500
Processed step 150 of 500
Processed step 160 of 500
Processed step 170 of 500
Processed step 180 of 500
Processed step 190 of 500
Processed step 200 of 500
Processed step 210 of 500
Processed step 220 of 500
Processed step 230 of 500
Processed step 240 of 500
Processed step 250 of 500
Processed step 260 of 500
Processed step 270 of 500
Processed step 280 of 500
Processed step 290 of 500
Processed step 300 of 500
Processed step 310 of 500
Processed step 320 of 500
Processed step 330 of 500
Processed step 340 of 500
Processed step 350 of 500
Processed step 360 of 500
Processed step 370 of 500
Processed step 380 of 500
Processed step 390 of 500
Processed step 400 of 500
Processed step 410 of 500
Processed step 420 of 500
Processed step 430 of 500
Processed step 440 of 500
Processed step 450 of 500
Processed step 460 of 500
Processed step 470 of 500
Processed step 480 of 500
Processed step 490 of 500
[2026-10-09 13:41:33,427][agent.finetune.train_ppo_diffusion_agent][INFO] - approx_kl: 0.0, update_epoch: 0, num_batch: 4
[2026-10-09 13:41:35,661][agent.finetune.train_ppo_diffusion_agent][INFO] - approx_kl: 1.0505317969700112e-11, update_epoch: 0, num_batch: 4
[2026-10-09 13:41:38,001][agent.finetune.train_ppo_diffusion_agent][INFO] - approx_kl: 7.636845149316951e-12, update_epoch: 0, num_batch: 4
[2026-10-09 13:41:40,102][agent.finetune.train_ppo_diffusion_agent][INFO] - approx_kl: 6.854533867589607e-12, update_epoch: 0, num_batch: 4
[2026-10-09 13:41:42,316][agent.finetune.train_ppo_diffusion_agent][INFO] - approx_kl: 9.375507314945963e-12, update_epoch: 1, num_batch: 4
[2026-10-09 13:41:44,547][agent.finetune.train_ppo_diffusion_agent][INFO] - approx_kl: 1.1026859113305587e-11, update_epoch: 1, num_batch: 4
[2026-10-09 13:41:46,886][agent.finetune.train_ppo_diffusion_agent][INFO] - approx_kl: 9.05245496618523e-12, update_epoch: 1, num_batch: 4
[2026-10-09 13:41:49,046][agent.finetune.train_ppo_diffusion_agent][INFO] - approx_kl: 1.4975666540184562e-11, update_epoch: 1, num_batch: 4
[2026-10-09 13:41:51,288][agent.finetune.train_ppo_diffusion_agent][INFO] - approx_kl: 1.6329285146277073e-11, update_epoch: 2, num_batch: 4
[2026-10-09 13:41:53,533][agent.finetune.train_ppo_diffusion_agent][INFO] - approx_kl: 1.2442468930173867e-11, update_epoch: 2, num_batch: 4
[2026-10-09 13:41:55,873][agent.finetune.train_ppo_diffusion_agent][INFO] - approx_kl: 1.0039657473426278e-11, update_epoch: 2, num_batch: 4
[2026-10-09 13:41:58,007][agent.finetune.train_ppo_diffusion_agent][INFO] - approx_kl: 1.1026859113305587e-11, update_epoch: 2, num_batch: 4
[2026-10-09 13:42:00,210][agent.finetune.train_ppo_diffusion_agent][INFO] - approx_kl: 1.9893049013619546e-11, update_epoch: 3, num_batch: 4
[2026-10-09 13:42:02,399][agent.finetune.train_ppo_diffusion_agent][INFO] - approx_kl: 1.7266719304354083e-11, update_epoch: 3, num_batch: 4
[2026-10-09 13:42:04,726][agent.finetune.train_ppo_diffusion_agent][INFO] - approx_kl: 2.713873917259413e-11, update_epoch: 3, num_batch: 4
[2026-10-09 13:42:06,869][agent.finetune.train_ppo_diffusion_agent][INFO] - approx_kl: 1.9893049013619546e-11, update_epoch: 3, num_batch: 4
[2026-10-09 13:42:09,079][agent.finetune.train_ppo_diffusion_agent][INFO] - approx_kl: 2.5592743202462742e-11, update_epoch: 4, num_batch: 4
[2026-10-09 13:42:11,277][agent.finetune.train_ppo_diffusion_agent][INFO] - approx_kl: 3.602355566623139e-11, update_epoch: 4, num_batch: 4
[2026-10-09 13:42:13,577][agent.finetune.train_ppo_diffusion_agent][INFO] - approx_kl: 3.9320439265688734e-11, update_epoch: 4, num_batch: 4
[2026-10-09 13:42:15,703][agent.finetune.train_ppo_diffusion_agent][INFO] - approx_kl: 6.750226072549381e-11, update_epoch: 4, num_batch: 4
[2026-10-09 13:42:15,720][agent.finetune.train_ppo_diffusion_agent][INFO] - 48: step  3520000 | loss   0.0014 | pg loss  -0.0001 | value loss   0.0030 | bc loss   0.0000 | reward -301.0237 | eta   1.0000 | t: 57.1012 | kl_true_per_action=1.6168592784398946e-07 | logratio_p99=0.0 | clamp_hit_frac=0.000725
Processed step 0 of 500
Processed step 10 of 500
Processed step 20 of 500
Processed step 30 of 500
Processed step 40 of 500
Processed step 50 of 500
Processed step 60 of 500
Processed step 70 of 500
Processed step 80 of 500
Processed step 90 of 500
Processed step 100 of 500
Processed step 110 of 500
Processed step 120 of 500
Processed step 130 of 500
Processed step 140 of 500
Processed step 150 of 500
Processed step 160 of 500
Processed step 170 of 500
Processed step 180 of 500
Processed step 190 of 500
Processed step 200 of 500
Processed step 210 of 500
Processed step 220 of 500
Processed step 230 of 500
Processed step 240 of 500
Processed step 250 of 500
Processed step 260 of 500
Processed step 270 of 500
Processed step 280 of 500
Processed step 290 of 500
Processed step 300 of 500
Processed step 310 of 500
Processed step 320 of 500
Processed step 330 of 500
Processed step 340 of 500
Processed step 350 of 500
Processed step 360 of 500
Processed step 370 of 500
Processed step 380 of 500
Processed step 390 of 500
Processed step 400 of 500
Processed step 410 of 500
Processed step 420 of 500
Processed step 430 of 500
Processed step 440 of 500
Processed step 450 of 500
Processed step 460 of 500
Processed step 470 of 500
Processed step 480 of 500
Processed step 490 of 500
[2026-10-09 13:42:30,558][agent.finetune.train_ppo_diffusion_agent][INFO] - approx_kl: 0.0, update_epoch: 0, num_batch: 4
[2026-10-09 13:42:32,803][agent.finetune.train_ppo_diffusion_agent][INFO] - approx_kl: 4.607718286780971e-12, update_epoch: 0, num_batch: 4
[2026-10-09 13:42:35,146][agent.finetune.train_ppo_diffusion_agent][INFO] - approx_kl: 3.864988624285859e-12, update_epoch: 0, num_batch: 4
[2026-10-09 13:42:37,326][agent.finetune.train_ppo_diffusion_agent][INFO] - approx_kl: 8.218921420180547e-13, update_epoch: 0, num_batch: 4
[2026-10-09 13:42:39,602][agent.finetune.train_ppo_diffusion_agent][INFO] - approx_kl: 1.710024656598197e-11, update_epoch: 1, num_batch: 4
[2026-10-09 13:42:41,925][agent.finetune.train_ppo_diffusion_agent][INFO] - approx_kl: 3.0174851332887e-12, update_epoch: 1, num_batch: 4
[2026-10-09 13:42:44,065][agent.finetune.train_ppo_diffusion_agent][INFO] - approx_kl: 6.46337844356637e-12, update_epoch: 1, num_batch: 4
[2026-10-09 13:42:46,298][agent.finetune.train_ppo_diffusion_agent][INFO] - approx_kl: 1.2417440339862473e-11, update_epoch: 1, num_batch: 4
[2026-10-09 13:42:48,496][agent.finetune.train_ppo_diffusion_agent][INFO] - approx_kl: 1.2200325819056168e-11, update_epoch: 2, num_batch: 4
[2026-10-09 13:42:50,797][agent.finetune.train_ppo_diffusion_agent][INFO] - approx_kl: 1.3434327435224436e-12, update_epoch: 2, num_batch: 4
[2026-10-09 13:42:52,944][agent.finetune.train_ppo_diffusion_agent][INFO] - approx_kl: 2.1171290415233912e-11, update_epoch: 2, num_batch: 4
[2026-10-09 13:42:55,174][agent.finetune.train_ppo_diffusion_agent][INFO] - approx_kl: 1.6291742260809983e-11, update_epoch: 2, num_batch: 4
[2026-10-09 13:42:57,368][agent.finetune.train_ppo_diffusion_agent][INFO] - approx_kl: 2.344371745344187e-11, update_epoch: 3, num_batch: 4
[2026-10-09 13:42:59,702][agent.finetune.train_ppo_diffusion_agent][INFO] - approx_kl: 2.645654528787844e-11, update_epoch: 3, num_batch: 4
[2026-10-09 13:43:01,817][agent.finetune.train_ppo_diffusion_agent][INFO] - approx_kl: 3.213994001494136e-11, update_epoch: 3, num_batch: 4
[2026-10-09 13:43:04,011][agent.finetune.train_ppo_diffusion_agent][INFO] - approx_kl: 1.6912818368020055e-11, update_epoch: 3, num_batch: 4
[2026-10-09 13:43:06,203][agent.finetune.train_ppo_diffusion_agent][INFO] - approx_kl: 4.19342546797985e-11, update_epoch: 4, num_batch: 4
[2026-10-09 13:43:08,550][agent.finetune.train_ppo_diffusion_agent][INFO] - approx_kl: 2.442160536297866e-11, update_epoch: 4, num_batch: 4
[2026-10-09 13:43:10,700][agent.finetune.train_ppo_diffusion_agent][INFO] - approx_kl: 4.839151995783553e-11, update_epoch: 4, num_batch: 4
[2026-10-09 13:43:12,913][agent.finetune.train_ppo_diffusion_agent][INFO] - approx_kl: 3.0349472934787514e-11, update_epoch: 4, num_batch: 4
[2026-10-09 13:43:12,929][agent.finetune.train_ppo_diffusion_agent][INFO] - 49: step  3600000 | loss   0.0015 | pg loss   0.0000 | value loss   0.0030 | bc loss   0.0000 | reward -260.2943 | eta   1.0000 | t: 57.2090 | kl_true_per_action=2.416492947313058e-07 | logratio_p99=0.0 | clamp_hit_frac=0.0007583333333333333
Processed step 0 of 500
Processed step 10 of 500
Processed step 20 of 500
Processed step 30 of 500
Processed step 40 of 500
Processed step 50 of 500
Processed step 60 of 500
Processed step 70 of 500
Processed step 80 of 500
Processed step 90 of 500
Processed step 100 of 500
Processed step 110 of 500
Processed step 120 of 500
Processed step 130 of 500
Processed step 140 of 500
Processed step 150 of 500
Processed step 160 of 500
Processed step 170 of 500
Processed step 180 of 500
Processed step 190 of 500
Processed step 200 of 500
Processed step 210 of 500
Processed step 220 of 500
Processed step 230 of 500
Processed step 240 of 500
Processed step 250 of 500
Processed step 260 of 500
Processed step 270 of 500
Processed step 280 of 500
Processed step 290 of 500
Processed step 300 of 500
Processed step 310 of 500
Processed step 320 of 500
Processed step 330 of 500
Processed step 340 of 500
Processed step 350 of 500
Processed step 360 of 500
Processed step 370 of 500
Processed step 380 of 500
Processed step 390 of 500
Processed step 400 of 500
Processed step 410 of 500
Processed step 420 of 500
Processed step 430 of 500
Processed step 440 of 500
Processed step 450 of 500
Processed step 460 of 500
Processed step 470 of 500
Processed step 480 of 500
Processed step 490 of 500
[2026-10-09 13:43:25,468][agent.finetune.train_ppo_diffusion_agent][INFO] - eval: success rate   0.0000 | avg episode reward -422.9856 | avg best reward   1.1079
Processed step 0 of 500
Processed step 10 of 500
Processed step 20 of 500
Processed step 30 of 500
Processed step 40 of 500
Processed step 50 of 500
Processed step 60 of 500
Processed step 70 of 500
Processed step 80 of 500
Processed step 90 of 500
Processed step 100 of 500
Processed step 110 of 500
Processed step 120 of 500
Processed step 130 of 500
Processed step 140 of 500
Processed step 150 of 500
Processed step 160 of 500
Processed step 170 of 500
Processed step 180 of 500
Processed step 190 of 500
Processed step 200 of 500
Processed step 210 of 500
Processed step 220 of 500
Processed step 230 of 500
Processed step 240 of 500
Processed step 250 of 500
Processed step 260 of 500
Processed step 270 of 500
Processed step 280 of 500
Processed step 290 of 500
Processed step 300 of 500
Processed step 310 of 500
Processed step 320 of 500
Processed step 330 of 500
Processed step 340 of 500
Processed step 350 of 500
Processed step 360 of 500
Processed step 370 of 500
Processed step 380 of 500
Processed step 390 of 500
Processed step 400 of 500
Processed step 410 of 500
Processed step 420 of 500
Processed step 430 of 500
Processed step 440 of 500
Processed step 450 of 500
Processed step 460 of 500
Processed step 470 of 500
Processed step 480 of 500
Processed step 490 of 500
[2026-10-09 13:43:40,393][agent.finetune.train_ppo_diffusion_agent][INFO] - approx_kl: 0.0, update_epoch: 0, num_batch: 4
[2026-10-09 13:43:42,751][agent.finetune.train_ppo_diffusion_agent][INFO] - approx_kl: 5.420297457398027e-12, update_epoch: 0, num_batch: 4
[2026-10-09 13:43:44,907][agent.finetune.train_ppo_diffusion_agent][INFO] - approx_kl: 3.5390256263728714e-12, update_epoch: 0, num_batch: 4
[2026-10-09 13:43:47,128][agent.finetune.train_ppo_diffusion_agent][INFO] - approx_kl: 1.8747522631534785e-11, update_epoch: 0, num_batch: 4
[2026-10-09 13:43:49,362][agent.finetune.train_ppo_diffusion_agent][INFO] - approx_kl: 1.3485550350023079e-11, update_epoch: 1, num_batch: 4
[2026-10-09 13:43:51,688][agent.finetune.train_ppo_diffusion_agent][INFO] - approx_kl: 9.508803466840021e-12, update_epoch: 1, num_batch: 4
[2026-10-09 13:43:53,846][agent.finetune.train_ppo_diffusion_agent][INFO] - approx_kl: 2.251937872288501e-11, update_epoch: 1, num_batch: 4
[2026-10-09 13:43:56,097][agent.finetune.train_ppo_diffusion_agent][INFO] - approx_kl: 1.20699405331548e-11, update_epoch: 1, num_batch: 4
[2026-10-09 13:43:58,326][agent.finetune.train_ppo_diffusion_agent][INFO] - approx_kl: 1.2293457918310935e-11, update_epoch: 2, num_batch: 4
[2026-10-09 13:44:00,693][agent.finetune.train_ppo_diffusion_agent][INFO] - approx_kl: 1.5720725068946173e-11, update_epoch: 2, num_batch: 4
[2026-10-09 13:44:02,855][agent.finetune.train_ppo_diffusion_agent][INFO] - approx_kl: 2.3758038938948012e-11, update_epoch: 2, num_batch: 4
[2026-10-09 13:44:05,095][agent.finetune.train_ppo_diffusion_agent][INFO] - approx_kl: 1.823529521827183e-11, update_epoch: 2, num_batch: 4
[2026-10-09 13:44:07,337][agent.finetune.train_ppo_diffusion_agent][INFO] - approx_kl: 2.8358771927972093e-11, update_epoch: 3, num_batch: 4
[2026-10-09 13:44:09,685][agent.finetune.train_ppo_diffusion_agent][INFO] - approx_kl: 3.6284326238034126e-11, update_epoch: 3, num_batch: 4
[2026-10-09 13:44:11,813][agent.finetune.train_ppo_diffusion_agent][INFO] - approx_kl: 2.5602056932805262e-11, update_epoch: 3, num_batch: 4
[2026-10-09 13:44:14,043][agent.finetune.train_ppo_diffusion_agent][INFO] - approx_kl: 2.2463499810276844e-11, update_epoch: 3, num_batch: 4
[2026-10-09 13:44:16,264][agent.finetune.train_ppo_diffusion_agent][INFO] - approx_kl: 4.654750196397828e-11, update_epoch: 4, num_batch: 4
[2026-10-09 13:44:18,568][agent.finetune.train_ppo_diffusion_agent][INFO] - approx_kl: 3.02307311128569e-11, update_epoch: 4, num_batch: 4
[2026-10-09 13:44:20,717][agent.finetune.train_ppo_diffusion_agent][INFO] - approx_kl: 5.505979006059647e-11, update_epoch: 4, num_batch: 4
[2026-10-09 13:44:22,966][agent.finetune.train_ppo_diffusion_agent][INFO] - approx_kl: 6.44661476978392e-11, update_epoch: 4, num_batch: 4
[2026-10-09 13:44:22,984][agent.finetune.train_ppo_diffusion_agent][INFO] - 51: step  3680000 | loss   0.0014 | pg loss  -0.0001 | value loss   0.0030 | bc loss   0.0000 | reward -279.2644 | eta   1.0000 | t: 57.5158 | kl_true_per_action=1.7607496337101167e-07 | logratio_p99=0.0 | clamp_hit_frac=0.00080625
Processed step 0 of 500
Processed step 10 of 500
Processed step 20 of 500
Processed step 30 of 500
Processed step 40 of 500
Processed step 50 of 500
Processed step 60 of 500
Processed step 70 of 500
Processed step 80 of 500
Processed step 90 of 500
Processed step 100 of 500
Processed step 110 of 500
Processed step 120 of 500
Processed step 130 of 500
Processed step 140 of 500
Processed step 150 of 500
Processed step 160 of 500
Processed step 170 of 500
Processed step 180 of 500
Processed step 190 of 500
Processed step 200 of 500
Processed step 210 of 500
Processed step 220 of 500
Processed step 230 of 500
Processed step 240 of 500
Processed step 250 of 500
Processed step 260 of 500
Processed step 270 of 500
Processed step 280 of 500
Processed step 290 of 500
Processed step 300 of 500
Processed step 310 of 500
Processed step 320 of 500
Processed step 330 of 500
Processed step 340 of 500
Processed step 350 of 500
Processed step 360 of 500
Processed step 370 of 500
Processed step 380 of 500
Processed step 390 of 500
Processed step 400 of 500
Processed step 410 of 500
Processed step 420 of 500
Processed step 430 of 500
Processed step 440 of 500
Processed step 450 of 500
Processed step 460 of 500
Processed step 470 of 500
Processed step 480 of 500
Processed step 490 of 500
[2026-10-09 13:44:37,914][agent.finetune.train_ppo_diffusion_agent][INFO] - approx_kl: 0.0, update_epoch: 0, num_batch: 4
[2026-10-09 13:44:40,245][agent.finetune.train_ppo_diffusion_agent][INFO] - approx_kl: 7.972121227051154e-12, update_epoch: 0, num_batch: 4
[2026-10-09 13:44:42,394][agent.finetune.train_ppo_diffusion_agent][INFO] - approx_kl: 5.215406231884323e-12, update_epoch: 0, num_batch: 4
[2026-10-09 13:44:44,635][agent.finetune.train_ppo_diffusion_agent][INFO] - approx_kl: -2.0861624060175554e-12, update_epoch: 0, num_batch: 4
[2026-10-09 13:44:46,857][agent.finetune.train_ppo_diffusion_agent][INFO] - approx_kl: 1.035630695783718e-11, update_epoch: 1, num_batch: 4
[2026-10-09 13:44:49,177][agent.finetune.train_ppo_diffusion_agent][INFO] - approx_kl: 8.828937581029095e-12, update_epoch: 1, num_batch: 4
[2026-10-09 13:44:51,336][agent.finetune.train_ppo_diffusion_agent][INFO] - approx_kl: 1.7918645733860927e-11, update_epoch: 1, num_batch: 4
[2026-10-09 13:44:53,590][agent.finetune.train_ppo_diffusion_agent][INFO] - approx_kl: 1.1473893883617858e-11, update_epoch: 1, num_batch: 4
[2026-10-09 13:44:55,823][agent.finetune.train_ppo_diffusion_agent][INFO] - approx_kl: 2.2649764008786377e-11, update_epoch: 2, num_batch: 4
[2026-10-09 13:44:58,131][agent.finetune.train_ppo_diffusion_agent][INFO] - approx_kl: 1.3709067735179215e-11, update_epoch: 2, num_batch: 4
[2026-10-09 13:45:00,245][agent.finetune.train_ppo_diffusion_agent][INFO] - approx_kl: 1.6540288236277512e-11, update_epoch: 2, num_batch: 4
[2026-10-09 13:45:02,456][agent.finetune.train_ppo_diffusion_agent][INFO] - approx_kl: 2.6077031159421615e-11, update_epoch: 2, num_batch: 4
[2026-10-09 13:45:04,662][agent.finetune.train_ppo_diffusion_agent][INFO] - approx_kl: 2.771615922880777e-11, update_epoch: 3, num_batch: 4
[2026-10-09 13:45:06,980][agent.finetune.train_ppo_diffusion_agent][INFO] - approx_kl: 3.2149255480007355e-11, update_epoch: 3, num_batch: 4
[2026-10-09 13:45:09,124][agent.finetune.train_ppo_diffusion_agent][INFO] - approx_kl: 2.2053718226611174e-11, update_epoch: 3, num_batch: 4
[2026-10-09 13:45:11,363][agent.finetune.train_ppo_diffusion_agent][INFO] - approx_kl: 2.8982757166451378e-11, update_epoch: 3, num_batch: 4
[2026-10-09 13:45:13,597][agent.finetune.train_ppo_diffusion_agent][INFO] - approx_kl: 2.78651702406707e-11, update_epoch: 4, num_batch: 4
[2026-10-09 13:45:15,925][agent.finetune.train_ppo_diffusion_agent][INFO] - approx_kl: 5.1632521175237756e-11, update_epoch: 4, num_batch: 4
[2026-10-09 13:45:18,081][agent.finetune.train_ppo_diffusion_agent][INFO] - approx_kl: 3.5241243950823176e-11, update_epoch: 4, num_batch: 4
[2026-10-09 13:45:20,320][agent.finetune.train_ppo_diffusion_agent][INFO] - approx_kl: 6.396323054547182e-11, update_epoch: 4, num_batch: 4
[2026-10-09 13:45:20,336][agent.finetune.train_ppo_diffusion_agent][INFO] - 52: step  3760000 | loss   0.0014 | pg loss  -0.0001 | value loss   0.0030 | bc loss   0.0000 | reward -328.0592 | eta   1.0000 | t: 57.3522 | kl_true_per_action=1.5501900294938084e-07 | logratio_p99=0.0 | clamp_hit_frac=0.0007854166666666667
Processed step 0 of 500
Processed step 10 of 500
Processed step 20 of 500
Processed step 30 of 500
Processed step 40 of 500
Processed step 50 of 500
Processed step 60 of 500
Processed step 70 of 500
Processed step 80 of 500
Processed step 90 of 500
Processed step 100 of 500
Processed step 110 of 500
Processed step 120 of 500
Processed step 130 of 500
Processed step 140 of 500
Processed step 150 of 500
Processed step 160 of 500
Processed step 170 of 500
Processed step 180 of 500
Processed step 190 of 500
Processed step 200 of 500
Processed step 210 of 500
Processed step 220 of 500
Processed step 230 of 500
Processed step 240 of 500
Processed step 250 of 500
Processed step 260 of 500
Processed step 270 of 500
Processed step 280 of 500
Processed step 290 of 500
Processed step 300 of 500
Processed step 310 of 500
Processed step 320 of 500
Processed step 330 of 500
Processed step 340 of 500
Processed step 350 of 500
Processed step 360 of 500
Processed step 370 of 500
Processed step 380 of 500
Processed step 390 of 500
Processed step 400 of 500
Processed step 410 of 500
Processed step 420 of 500
Processed step 430 of 500
Processed step 440 of 500
Processed step 450 of 500
Processed step 460 of 500
Processed step 470 of 500
Processed step 480 of 500
Processed step 490 of 500
[2026-10-09 13:45:35,183][agent.finetune.train_ppo_diffusion_agent][INFO] - approx_kl: 0.0, update_epoch: 0, num_batch: 4
[2026-10-09 13:45:37,518][agent.finetune.train_ppo_diffusion_agent][INFO] - approx_kl: 5.066394786340522e-12, update_epoch: 0, num_batch: 4
[2026-10-09 13:45:39,665][agent.finetune.train_ppo_diffusion_agent][INFO] - approx_kl: 1.2814998194554672e-11, update_epoch: 0, num_batch: 4
[2026-10-09 13:45:41,900][agent.finetune.train_ppo_diffusion_agent][INFO] - approx_kl: 1.0430812463768646e-11, update_epoch: 0, num_batch: 4
[2026-10-09 13:45:44,157][agent.finetune.train_ppo_diffusion_agent][INFO] - approx_kl: 1.2444797796440366e-11, update_epoch: 1, num_batch: 4
[2026-10-09 13:45:46,481][agent.finetune.train_ppo_diffusion_agent][INFO] - approx_kl: 1.4416873077294223e-11, update_epoch: 1, num_batch: 4
[2026-10-09 13:45:48,617][agent.finetune.train_ppo_diffusion_agent][INFO] - approx_kl: 1.0170041891965909e-11, update_epoch: 1, num_batch: 4
[2026-10-09 13:45:50,827][agent.finetune.train_ppo_diffusion_agent][INFO] - approx_kl: 1.9297003231444343e-11, update_epoch: 1, num_batch: 4
[2026-10-09 13:45:53,055][agent.finetune.train_ppo_diffusion_agent][INFO] - approx_kl: 1.4118850186206622e-11, update_epoch: 2, num_batch: 4
[2026-10-09 13:45:55,386][agent.finetune.train_ppo_diffusion_agent][INFO] - approx_kl: 1.4845281254283194e-11, update_epoch: 2, num_batch: 4
[2026-10-09 13:45:57,490][agent.finetune.train_ppo_diffusion_agent][INFO] - approx_kl: 2.2165476051827504e-11, update_epoch: 2, num_batch: 4
[2026-10-09 13:45:59,678][agent.finetune.train_ppo_diffusion_agent][INFO] - approx_kl: 2.4809269222325625e-11, update_epoch: 2, num_batch: 4
[2026-10-09 13:46:01,863][agent.finetune.train_ppo_diffusion_agent][INFO] - approx_kl: 2.0731239641635923e-11, update_epoch: 3, num_batch: 4
[2026-10-09 13:46:04,188][agent.finetune.train_ppo_diffusion_agent][INFO] - approx_kl: 4.030763917084457e-11, update_epoch: 3, num_batch: 4
[2026-10-09 13:46:06,304][agent.finetune.train_ppo_diffusion_agent][INFO] - approx_kl: 7.080612485221849e-11, update_epoch: 3, num_batch: 4
[2026-10-09 13:46:08,562][agent.finetune.train_ppo_diffusion_agent][INFO] - approx_kl: 3.602355566623139e-11, update_epoch: 3, num_batch: 4
[2026-10-09 13:46:10,790][agent.finetune.train_ppo_diffusion_agent][INFO] - approx_kl: 8.001923429423741e-11, update_epoch: 4, num_batch: 4
[2026-10-09 13:46:13,120][agent.finetune.train_ppo_diffusion_agent][INFO] - approx_kl: 1.058122131580852e-10, update_epoch: 4, num_batch: 4
[2026-10-09 13:46:15,228][agent.finetune.train_ppo_diffusion_agent][INFO] - approx_kl: 8.13230871532511e-11, update_epoch: 4, num_batch: 4
[2026-10-09 13:46:17,440][agent.finetune.train_ppo_diffusion_agent][INFO] - approx_kl: 8.2969200954075e-11, update_epoch: 4, num_batch: 4
[2026-10-09 13:46:17,455][agent.finetune.train_ppo_diffusion_agent][INFO] - 53: step  3840000 | loss   0.0014 | pg loss   0.0000 | value loss   0.0028 | bc loss   0.0000 | reward -275.2647 | eta   1.0000 | t: 57.1196 | kl_true_per_action=9.969868854440984e-07 | logratio_p99=0.0 | clamp_hit_frac=0.0008125
Processed step 0 of 500
Processed step 10 of 500
Processed step 20 of 500
Processed step 30 of 500
Processed step 40 of 500
Processed step 50 of 500
Processed step 60 of 500
Processed step 70 of 500
Processed step 80 of 500
Processed step 90 of 500
Processed step 100 of 500
Processed step 110 of 500
Processed step 120 of 500
Processed step 130 of 500
Processed step 140 of 500
Processed step 150 of 500
Processed step 160 of 500
Processed step 170 of 500
Processed step 180 of 500
Processed step 190 of 500
Processed step 200 of 500
Processed step 210 of 500
Processed step 220 of 500
Processed step 230 of 500
Processed step 240 of 500
Processed step 250 of 500
Processed step 260 of 500
Processed step 270 of 500
Processed step 280 of 500
Processed step 290 of 500
Processed step 300 of 500
Processed step 310 of 500
Processed step 320 of 500
Processed step 330 of 500
Processed step 340 of 500
Processed step 350 of 500
Processed step 360 of 500
Processed step 370 of 500
Processed step 380 of 500
Processed step 390 of 500
Processed step 400 of 500
Processed step 410 of 500
Processed step 420 of 500
Processed step 430 of 500
Processed step 440 of 500
Processed step 450 of 500
Processed step 460 of 500
Processed step 470 of 500
Processed step 480 of 500
Processed step 490 of 500
[2026-10-09 13:46:32,943][agent.finetune.train_ppo_diffusion_agent][INFO] - approx_kl: 0.0, update_epoch: 0, num_batch: 4
[2026-10-09 13:46:35,088][agent.finetune.train_ppo_diffusion_agent][INFO] - approx_kl: 9.117647609135915e-12, update_epoch: 0, num_batch: 4
[2026-10-09 13:46:37,359][agent.finetune.train_ppo_diffusion_agent][INFO] - approx_kl: 3.588647825084057e-12, update_epoch: 0, num_batch: 4
[2026-10-09 13:46:39,543][agent.finetune.train_ppo_diffusion_agent][INFO] - approx_kl: 1.911073903293481e-11, update_epoch: 0, num_batch: 4
[2026-10-09 13:46:41,837][agent.finetune.train_ppo_diffusion_agent][INFO] - approx_kl: 1.3392418250768312e-11, update_epoch: 1, num_batch: 4
[2026-10-09 13:46:43,982][agent.finetune.train_ppo_diffusion_agent][INFO] - approx_kl: 3.025110370535877e-11, update_epoch: 1, num_batch: 4
[2026-10-09 13:46:46,220][agent.finetune.train_ppo_diffusion_agent][INFO] - approx_kl: 2.1904707214748242e-11, update_epoch: 1, num_batch: 4
[2026-10-09 13:46:48,426][agent.finetune.train_ppo_diffusion_agent][INFO] - approx_kl: 6.805173785595642e-11, update_epoch: 1, num_batch: 4
[2026-10-09 13:46:50,722][agent.finetune.train_ppo_diffusion_agent][INFO] - approx_kl: 4.888512164513692e-11, update_epoch: 2, num_batch: 4
[2026-10-09 13:46:52,871][agent.finetune.train_ppo_diffusion_agent][INFO] - approx_kl: 3.611668950020963e-11, update_epoch: 2, num_batch: 4
[2026-10-09 13:46:55,095][agent.finetune.train_ppo_diffusion_agent][INFO] - approx_kl: 2.9368091292170106e-11, update_epoch: 2, num_batch: 4
[2026-10-09 13:46:57,298][agent.finetune.train_ppo_diffusion_agent][INFO] - approx_kl: 1.4457851582605485e-10, update_epoch: 2, num_batch: 4
[2026-10-09 13:46:59,581][agent.finetune.train_ppo_diffusion_agent][INFO] - approx_kl: 7.935799239966457e-11, update_epoch: 3, num_batch: 4
[2026-10-09 13:47:01,711][agent.finetune.train_ppo_diffusion_agent][INFO] - approx_kl: 7.441965793608674e-11, update_epoch: 3, num_batch: 4
[2026-10-09 13:47:03,906][agent.finetune.train_ppo_diffusion_agent][INFO] - approx_kl: 1.7937272500656576e-10, update_epoch: 3, num_batch: 4
[2026-10-09 13:47:06,104][agent.finetune.train_ppo_diffusion_agent][INFO] - approx_kl: 6.554647796752633e-11, update_epoch: 3, num_batch: 4
[2026-10-09 13:47:08,378][agent.finetune.train_ppo_diffusion_agent][INFO] - approx_kl: 1.2820353112452665e-10, update_epoch: 4, num_batch: 4
[2026-10-09 13:47:10,477][agent.finetune.train_ppo_diffusion_agent][INFO] - approx_kl: 2.757366557304408e-10, update_epoch: 4, num_batch: 4
[2026-10-09 13:47:12,664][agent.finetune.train_ppo_diffusion_agent][INFO] - approx_kl: 3.9413569630220024e-11, update_epoch: 4, num_batch: 4
[2026-10-09 13:47:14,888][agent.finetune.train_ppo_diffusion_agent][INFO] - approx_kl: 1.325318604861181e-10, update_epoch: 4, num_batch: 4
[2026-10-09 13:47:14,903][agent.finetune.train_ppo_diffusion_agent][INFO] - 54: step  3920000 | loss   0.0015 | pg loss  -0.0001 | value loss   0.0030 | bc loss   0.0000 | reward -292.6194 | eta   1.0000 | t: 57.4480 | kl_true_per_action=5.625335563302711e-07 | logratio_p99=0.0 | clamp_hit_frac=0.0008541666666666667
Processed step 0 of 500
Processed step 10 of 500
Processed step 20 of 500
Processed step 30 of 500
Processed step 40 of 500
Processed step 50 of 500
Processed step 60 of 500
Processed step 70 of 500
Processed step 80 of 500
Processed step 90 of 500
Processed step 100 of 500
Processed step 110 of 500
Processed step 120 of 500
Processed step 130 of 500
Processed step 140 of 500
Processed step 150 of 500
Processed step 160 of 500
Processed step 170 of 500
Processed step 180 of 500
Processed step 190 of 500
Processed step 200 of 500
Processed step 210 of 500
Processed step 220 of 500
Processed step 230 of 500
Processed step 240 of 500
Processed step 250 of 500
Processed step 260 of 500
Processed step 270 of 500
Processed step 280 of 500
Processed step 290 of 500
Processed step 300 of 500
Processed step 310 of 500
Processed step 320 of 500
Processed step 330 of 500
Processed step 340 of 500
Processed step 350 of 500
Processed step 360 of 500
Processed step 370 of 500
Processed step 380 of 500
Processed step 390 of 500
Processed step 400 of 500
Processed step 410 of 500
Processed step 420 of 500
Processed step 430 of 500
Processed step 440 of 500
Processed step 450 of 500
Processed step 460 of 500
Processed step 470 of 500
Processed step 480 of 500
Processed step 490 of 500
[2026-10-09 13:47:30,264][agent.finetune.train_ppo_diffusion_agent][INFO] - approx_kl: 0.0, update_epoch: 0, num_batch: 4
[2026-10-09 13:47:32,415][agent.finetune.train_ppo_diffusion_agent][INFO] - approx_kl: 7.273629181597796e-12, update_epoch: 0, num_batch: 4
[2026-10-09 13:47:34,661][agent.finetune.train_ppo_diffusion_agent][INFO] - approx_kl: 3.480818064338642e-13, update_epoch: 0, num_batch: 4
[2026-10-09 13:47:36,916][agent.finetune.train_ppo_diffusion_agent][INFO] - approx_kl: 1.0989605926658985e-11, update_epoch: 0, num_batch: 4
[2026-10-09 13:47:39,281][agent.finetune.train_ppo_diffusion_agent][INFO] - approx_kl: 8.596107332892178e-12, update_epoch: 1, num_batch: 4
[2026-10-09 13:47:41,446][agent.finetune.train_ppo_diffusion_agent][INFO] - approx_kl: 7.729977248571718e-12, update_epoch: 1, num_batch: 4
[2026-10-09 13:47:43,692][agent.finetune.train_ppo_diffusion_agent][INFO] - approx_kl: 1.1473893883617858e-11, update_epoch: 1, num_batch: 4
[2026-10-09 13:47:45,933][agent.finetune.train_ppo_diffusion_agent][INFO] - approx_kl: 2.6918713785795134e-11, update_epoch: 1, num_batch: 4
[2026-10-09 13:47:48,248][agent.finetune.train_ppo_diffusion_agent][INFO] - approx_kl: 1.4929101357918917e-11, update_epoch: 2, num_batch: 4
[2026-10-09 13:47:50,400][agent.finetune.train_ppo_diffusion_agent][INFO] - approx_kl: 2.2053718226611174e-11, update_epoch: 2, num_batch: 4
[2026-10-09 13:47:52,649][agent.finetune.train_ppo_diffusion_agent][INFO] - approx_kl: 1.9762663727718177e-11, update_epoch: 2, num_batch: 4
[2026-10-09 13:47:54,889][agent.finetune.train_ppo_diffusion_agent][INFO] - approx_kl: 1.2976815802479003e-11, update_epoch: 2, num_batch: 4
[2026-10-09 13:47:57,222][agent.finetune.train_ppo_diffusion_agent][INFO] - approx_kl: 2.2798776755372785e-11, update_epoch: 3, num_batch: 4
[2026-10-09 13:47:59,369][agent.finetune.train_ppo_diffusion_agent][INFO] - approx_kl: 2.309679877909865e-11, update_epoch: 3, num_batch: 4
[2026-10-09 13:48:01,576][agent.finetune.train_ppo_diffusion_agent][INFO] - approx_kl: 3.4905970475174186e-11, update_epoch: 3, num_batch: 4
[2026-10-09 13:48:03,785][agent.finetune.train_ppo_diffusion_agent][INFO] - approx_kl: 1.5278346296443424e-11, update_epoch: 3, num_batch: 4
[2026-10-09 13:48:06,134][agent.finetune.train_ppo_diffusion_agent][INFO] - approx_kl: 3.076973398297156e-11, update_epoch: 4, num_batch: 4
[2026-10-09 13:48:08,318][agent.finetune.train_ppo_diffusion_agent][INFO] - approx_kl: 3.3546238703552334e-11, update_epoch: 4, num_batch: 4
[2026-10-09 13:48:10,571][agent.finetune.train_ppo_diffusion_agent][INFO] - approx_kl: 2.8125940812473438e-11, update_epoch: 4, num_batch: 4
[2026-10-09 13:48:12,792][agent.finetune.train_ppo_diffusion_agent][INFO] - approx_kl: 3.255903532894955e-11, update_epoch: 4, num_batch: 4
[2026-10-09 13:48:12,815][agent.finetune.train_ppo_diffusion_agent][INFO] - 55: step  4000000 | loss   0.0016 | pg loss  -0.0000 | value loss   0.0032 | bc loss   0.0000 | reward -268.8065 | eta   1.0000 | t: 57.9112 | kl_true_per_action=1.0004306419903641e-07 | logratio_p99=0.0 | clamp_hit_frac=0.0007729166666666667
Processed step 0 of 500
Processed step 10 of 500
Processed step 20 of 500
Processed step 30 of 500
Processed step 40 of 500
Processed step 50 of 500
Processed step 60 of 500
Processed step 70 of 500
Processed step 80 of 500
Processed step 90 of 500
Processed step 100 of 500
Processed step 110 of 500
Processed step 120 of 500
Processed step 130 of 500
Processed step 140 of 500
Processed step 150 of 500
Processed step 160 of 500
Processed step 170 of 500
Processed step 180 of 500
Processed step 190 of 500
Processed step 200 of 500
Processed step 210 of 500
Processed step 220 of 500
Processed step 230 of 500
Processed step 240 of 500
Processed step 250 of 500
Processed step 260 of 500
Processed step 270 of 500
Processed step 280 of 500
Processed step 290 of 500
Processed step 300 of 500
Processed step 310 of 500
Processed step 320 of 500
Processed step 330 of 500
Processed step 340 of 500
Processed step 350 of 500
Processed step 360 of 500
Processed step 370 of 500
Processed step 380 of 500
Processed step 390 of 500
Processed step 400 of 500
Processed step 410 of 500
Processed step 420 of 500
Processed step 430 of 500
Processed step 440 of 500
Processed step 450 of 500
Processed step 460 of 500
Processed step 470 of 500
Processed step 480 of 500
Processed step 490 of 500
[2026-10-09 13:48:28,190][agent.finetune.train_ppo_diffusion_agent][INFO] - approx_kl: 0.0, update_epoch: 0, num_batch: 4
[2026-10-09 13:48:30,337][agent.finetune.train_ppo_diffusion_agent][INFO] - approx_kl: 1.165084521914661e-11, update_epoch: 0, num_batch: 4
[2026-10-09 13:48:32,568][agent.finetune.train_ppo_diffusion_agent][INFO] - approx_kl: 1.7930287463108208e-11, update_epoch: 0, num_batch: 4
[2026-10-09 13:48:34,909][agent.finetune.train_ppo_diffusion_agent][INFO] - approx_kl: 6.556510542821137e-12, update_epoch: 0, num_batch: 4
[2026-10-09 13:48:37,055][agent.finetune.train_ppo_diffusion_agent][INFO] - approx_kl: 1.969747281949097e-11, update_epoch: 1, num_batch: 4
[2026-10-09 13:48:39,298][agent.finetune.train_ppo_diffusion_agent][INFO] - approx_kl: 1.2677628044577283e-11, update_epoch: 1, num_batch: 4
[2026-10-09 13:48:41,522][agent.finetune.train_ppo_diffusion_agent][INFO] - approx_kl: 1.57952297075159e-11, update_epoch: 1, num_batch: 4
[2026-10-09 13:48:43,849][agent.finetune.train_ppo_diffusion_agent][INFO] - approx_kl: 1.52364371119873e-11, update_epoch: 1, num_batch: 4
[2026-10-09 13:48:46,006][agent.finetune.train_ppo_diffusion_agent][INFO] - approx_kl: 1.5485565954542757e-11, update_epoch: 2, num_batch: 4
[2026-10-09 13:48:48,213][agent.finetune.train_ppo_diffusion_agent][INFO] - approx_kl: 1.4044343812913418e-11, update_epoch: 2, num_batch: 4
[2026-10-09 13:48:50,416][agent.finetune.train_ppo_diffusion_agent][INFO] - approx_kl: 1.4100223592883321e-11, update_epoch: 2, num_batch: 4
[2026-10-09 13:48:52,755][agent.finetune.train_ppo_diffusion_agent][INFO] - approx_kl: 8.05594046332514e-12, update_epoch: 2, num_batch: 4
[2026-10-09 13:48:54,907][agent.finetune.train_ppo_diffusion_agent][INFO] - approx_kl: 1.3385433386692291e-11, update_epoch: 3, num_batch: 4
[2026-10-09 13:48:57,116][agent.finetune.train_ppo_diffusion_agent][INFO] - approx_kl: 1.4156102505491486e-11, update_epoch: 3, num_batch: 4
[2026-10-09 13:48:59,337][agent.finetune.train_ppo_diffusion_agent][INFO] - approx_kl: 1.5487893953447518e-11, update_epoch: 3, num_batch: 4
[2026-10-09 13:49:01,630][agent.finetune.train_ppo_diffusion_agent][INFO] - approx_kl: 4.8493965787432813e-11, update_epoch: 3, num_batch: 4
[2026-10-09 13:49:03,730][agent.finetune.train_ppo_diffusion_agent][INFO] - approx_kl: 2.238899343698364e-11, update_epoch: 4, num_batch: 4
[2026-10-09 13:49:05,956][agent.finetune.train_ppo_diffusion_agent][INFO] - approx_kl: 4.198402042687732e-11, update_epoch: 4, num_batch: 4
[2026-10-09 13:49:08,248][agent.finetune.train_ppo_diffusion_agent][INFO] - approx_kl: 4.240311574088551e-11, update_epoch: 4, num_batch: 4
[2026-10-09 13:49:10,582][agent.finetune.train_ppo_diffusion_agent][INFO] - approx_kl: 5.006790121386828e-11, update_epoch: 4, num_batch: 4
[2026-10-09 13:49:10,597][agent.finetune.train_ppo_diffusion_agent][INFO] - 56: step  4080000 | loss   0.0015 | pg loss   0.0000 | value loss   0.0030 | bc loss   0.0000 | reward -255.8685 | eta   1.0000 | t: 57.7826 | kl_true_per_action=3.4580978320220556e-07 | logratio_p99=0.0 | clamp_hit_frac=0.0007895833333333333
Processed step 0 of 500
Processed step 10 of 500
Processed step 20 of 500
Processed step 30 of 500
Processed step 40 of 500
Processed step 50 of 500
Processed step 60 of 500
Processed step 70 of 500
Processed step 80 of 500
Processed step 90 of 500
Processed step 100 of 500
Processed step 110 of 500
Processed step 120 of 500
Processed step 130 of 500
Processed step 140 of 500
Processed step 150 of 500
Processed step 160 of 500
Processed step 170 of 500
Processed step 180 of 500
Processed step 190 of 500
Processed step 200 of 500
Processed step 210 of 500
Processed step 220 of 500
Processed step 230 of 500
Processed step 240 of 500
Processed step 250 of 500
Processed step 260 of 500
Processed step 270 of 500
Processed step 280 of 500
Processed step 290 of 500
Processed step 300 of 500
Processed step 310 of 500
Processed step 320 of 500
Processed step 330 of 500
Processed step 340 of 500
Processed step 350 of 500
Processed step 360 of 500
Processed step 370 of 500
Processed step 380 of 500
Processed step 390 of 500
Processed step 400 of 500
Processed step 410 of 500
Processed step 420 of 500
Processed step 430 of 500
Processed step 440 of 500
Processed step 450 of 500
Processed step 460 of 500
Processed step 470 of 500
Processed step 480 of 500
Processed step 490 of 500
[2026-10-09 13:49:25,283][agent.finetune.train_ppo_diffusion_agent][INFO] - approx_kl: 0.0, update_epoch: 0, num_batch: 4
[2026-10-09 13:49:27,523][agent.finetune.train_ppo_diffusion_agent][INFO] - approx_kl: 8.530914689941493e-12, update_epoch: 0, num_batch: 4
[2026-10-09 13:49:29,776][agent.finetune.train_ppo_diffusion_agent][INFO] - approx_kl: 1.3038515579710808e-11, update_epoch: 0, num_batch: 4
[2026-10-09 13:49:32,114][agent.finetune.train_ppo_diffusion_agent][INFO] - approx_kl: 1.3038515579710808e-12, update_epoch: 0, num_batch: 4
[2026-10-09 13:49:34,260][agent.finetune.train_ppo_diffusion_agent][INFO] - approx_kl: 9.685754802368773e-12, update_epoch: 1, num_batch: 4
[2026-10-09 13:49:36,505][agent.finetune.train_ppo_diffusion_agent][INFO] - approx_kl: 1.1101364619237053e-11, update_epoch: 1, num_batch: 4
[2026-10-09 13:49:38,736][agent.finetune.train_ppo_diffusion_agent][INFO] - approx_kl: 1.1734664455420596e-11, update_epoch: 1, num_batch: 4
[2026-10-09 13:49:41,074][agent.finetune.train_ppo_diffusion_agent][INFO] - approx_kl: 1.5720725068946173e-11, update_epoch: 1, num_batch: 4
[2026-10-09 13:49:43,216][agent.finetune.train_ppo_diffusion_agent][INFO] - approx_kl: 4.9546360937624545e-12, update_epoch: 2, num_batch: 4
[2026-10-09 13:49:45,441][agent.finetune.train_ppo_diffusion_agent][INFO] - approx_kl: 6.1094757725088655e-12, update_epoch: 2, num_batch: 4
[2026-10-09 13:49:47,631][agent.finetune.train_ppo_diffusion_agent][INFO] - approx_kl: 1.2665986315330002e-11, update_epoch: 2, num_batch: 4
[2026-10-09 13:49:49,924][agent.finetune.train_ppo_diffusion_agent][INFO] - approx_kl: 7.934868040404552e-12, update_epoch: 2, num_batch: 4
[2026-10-09 13:49:52,058][agent.finetune.train_ppo_diffusion_agent][INFO] - approx_kl: 3.9413569630220024e-11, update_epoch: 3, num_batch: 4
[2026-10-09 13:49:54,298][agent.finetune.train_ppo_diffusion_agent][INFO] - approx_kl: 2.600252478612841e-11, update_epoch: 3, num_batch: 4
[2026-10-09 13:49:56,520][agent.finetune.train_ppo_diffusion_agent][INFO] - approx_kl: 4.095956560035141e-11, update_epoch: 3, num_batch: 4
[2026-10-09 13:49:58,874][agent.finetune.train_ppo_diffusion_agent][INFO] - approx_kl: 2.78651702406707e-11, update_epoch: 3, num_batch: 4
[2026-10-09 13:50:00,972][agent.finetune.train_ppo_diffusion_agent][INFO] - approx_kl: 5.3383408804563715e-11, update_epoch: 4, num_batch: 4
[2026-10-09 13:50:03,156][agent.finetune.train_ppo_diffusion_agent][INFO] - approx_kl: 7.893889708565638e-11, update_epoch: 4, num_batch: 4
[2026-10-09 13:50:05,346][agent.finetune.train_ppo_diffusion_agent][INFO] - approx_kl: 7.949769315063193e-11, update_epoch: 4, num_batch: 4
[2026-10-09 13:50:07,656][agent.finetune.train_ppo_diffusion_agent][INFO] - approx_kl: 4.757195679050419e-11, update_epoch: 4, num_batch: 4
[2026-10-09 13:50:07,671][agent.finetune.train_ppo_diffusion_agent][INFO] - 57: step  4160000 | loss   0.0016 | pg loss  -0.0001 | value loss   0.0033 | bc loss   0.0000 | reward -294.6012 | eta   1.0000 | t: 57.0740 | kl_true_per_action=7.910272200252387e-07 | logratio_p99=0.0 | clamp_hit_frac=0.0007729166666666667
Processed step 0 of 500
Processed step 10 of 500
Processed step 20 of 500
Processed step 30 of 500
Processed step 40 of 500
Processed step 50 of 500
Processed step 60 of 500
Processed step 70 of 500
Processed step 80 of 500
Processed step 90 of 500
Processed step 100 of 500
Processed step 110 of 500
Processed step 120 of 500
Processed step 130 of 500
Processed step 140 of 500
Processed step 150 of 500
Processed step 160 of 500
Processed step 170 of 500
Processed step 180 of 500
Processed step 190 of 500
Processed step 200 of 500
Processed step 210 of 500
Processed step 220 of 500
Processed step 230 of 500
Processed step 240 of 500
Processed step 250 of 500
Processed step 260 of 500
Processed step 270 of 500
Processed step 280 of 500
Processed step 290 of 500
Processed step 300 of 500
Processed step 310 of 500
Processed step 320 of 500
Processed step 330 of 500
Processed step 340 of 500
Processed step 350 of 500
Processed step 360 of 500
Processed step 370 of 500
Processed step 380 of 500
Processed step 390 of 500
Processed step 400 of 500
Processed step 410 of 500
Processed step 420 of 500
Processed step 430 of 500
Processed step 440 of 500
Processed step 450 of 500
Processed step 460 of 500
Processed step 470 of 500
Processed step 480 of 500
Processed step 490 of 500
[2026-10-09 13:50:22,424][agent.finetune.train_ppo_diffusion_agent][INFO] - approx_kl: 0.0, update_epoch: 0, num_batch: 4
[2026-10-09 13:50:24,672][agent.finetune.train_ppo_diffusion_agent][INFO] - approx_kl: 9.92789878084821e-12, update_epoch: 0, num_batch: 4
[2026-10-09 13:50:26,899][agent.finetune.train_ppo_diffusion_agent][INFO] - approx_kl: 1.3001262393064206e-11, update_epoch: 0, num_batch: 4
[2026-10-09 13:50:29,244][agent.finetune.train_ppo_diffusion_agent][INFO] - approx_kl: 1.3187527458935477e-11, update_epoch: 0, num_batch: 4
[2026-10-09 13:50:31,387][agent.finetune.train_ppo_diffusion_agent][INFO] - approx_kl: 4.768371461572052e-12, update_epoch: 1, num_batch: 4
[2026-10-09 13:50:33,621][agent.finetune.train_ppo_diffusion_agent][INFO] - approx_kl: 1.0384246414141263e-11, update_epoch: 1, num_batch: 4
[2026-10-09 13:50:35,861][agent.finetune.train_ppo_diffusion_agent][INFO] - approx_kl: 3.650784535791374e-12, update_epoch: 1, num_batch: 4
[2026-10-09 13:50:38,192][agent.finetune.train_ppo_diffusion_agent][INFO] - approx_kl: 1.9818544375049818e-11, update_epoch: 1, num_batch: 4
[2026-10-09 13:50:40,337][agent.finetune.train_ppo_diffusion_agent][INFO] - approx_kl: 1.423060887878469e-11, update_epoch: 2, num_batch: 4
[2026-10-09 13:50:42,572][agent.finetune.train_ppo_diffusion_agent][INFO] - approx_kl: 1.810490993237046e-11, update_epoch: 2, num_batch: 4
[2026-10-09 13:50:44,803][agent.finetune.train_ppo_diffusion_agent][INFO] - approx_kl: 1.5720725068946173e-11, update_epoch: 2, num_batch: 4
[2026-10-09 13:50:47,140][agent.finetune.train_ppo_diffusion_agent][INFO] - approx_kl: 1.0803341728149451e-11, update_epoch: 2, num_batch: 4
[2026-10-09 13:50:49,259][agent.finetune.train_ppo_diffusion_agent][INFO] - approx_kl: 1.2889503700486138e-11, update_epoch: 3, num_batch: 4
[2026-10-09 13:50:51,460][agent.finetune.train_ppo_diffusion_agent][INFO] - approx_kl: 1.0505317969700112e-11, update_epoch: 3, num_batch: 4
[2026-10-09 13:50:53,705][agent.finetune.train_ppo_diffusion_agent][INFO] - approx_kl: 4.3772160375488145e-12, update_epoch: 3, num_batch: 4
[2026-10-09 13:50:56,041][agent.finetune.train_ppo_diffusion_agent][INFO] - approx_kl: 1.52364371119873e-11, update_epoch: 3, num_batch: 4
[2026-10-09 13:50:58,154][agent.finetune.train_ppo_diffusion_agent][INFO] - approx_kl: 1.4854594984625713e-11, update_epoch: 4, num_batch: 4
[2026-10-09 13:51:00,422][agent.finetune.train_ppo_diffusion_agent][INFO] - approx_kl: 7.078051252745743e-12, update_epoch: 4, num_batch: 4
[2026-10-09 13:51:02,655][agent.finetune.train_ppo_diffusion_agent][INFO] - approx_kl: 8.04662673298262e-12, update_epoch: 4, num_batch: 4
[2026-10-09 13:51:04,949][agent.finetune.train_ppo_diffusion_agent][INFO] - approx_kl: 1.6465781862984308e-11, update_epoch: 4, num_batch: 4
[2026-10-09 13:51:04,969][agent.finetune.train_ppo_diffusion_agent][INFO] - 58: step  4240000 | loss   0.0016 | pg loss  -0.0001 | value loss   0.0032 | bc loss   0.0000 | reward -299.5518 | eta   1.0000 | t: 57.2973 | kl_true_per_action=9.213922287673223e-09 | logratio_p99=0.0 | clamp_hit_frac=0.0008104166666666666
Processed step 0 of 500
Processed step 10 of 500
Processed step 20 of 500
Processed step 30 of 500
Processed step 40 of 500
Processed step 50 of 500
Processed step 60 of 500
Processed step 70 of 500
Processed step 80 of 500
Processed step 90 of 500
Processed step 100 of 500
Processed step 110 of 500
Processed step 120 of 500
Processed step 130 of 500
Processed step 140 of 500
Processed step 150 of 500
Processed step 160 of 500
Processed step 170 of 500
Processed step 180 of 500
Processed step 190 of 500
Processed step 200 of 500
Processed step 210 of 500
Processed step 220 of 500
Processed step 230 of 500
Processed step 240 of 500
Processed step 250 of 500
Processed step 260 of 500
Processed step 270 of 500
Processed step 280 of 500
Processed step 290 of 500
Processed step 300 of 500
Processed step 310 of 500
Processed step 320 of 500
Processed step 330 of 500
Processed step 340 of 500
Processed step 350 of 500
Processed step 360 of 500
Processed step 370 of 500
Processed step 380 of 500
Processed step 390 of 500
Processed step 400 of 500
Processed step 410 of 500
Processed step 420 of 500
Processed step 430 of 500
Processed step 440 of 500
Processed step 450 of 500
Processed step 460 of 500
Processed step 470 of 500
Processed step 480 of 500
Processed step 490 of 500
[2026-10-09 13:51:19,649][agent.finetune.train_ppo_diffusion_agent][INFO] - approx_kl: 0.0, update_epoch: 0, num_batch: 4
[2026-10-09 13:51:21,893][agent.finetune.train_ppo_diffusion_agent][INFO] - approx_kl: 1.5832482894162503e-11, update_epoch: 0, num_batch: 4
[2026-10-09 13:51:24,121][agent.finetune.train_ppo_diffusion_agent][INFO] - approx_kl: 1.0716466776472533e-11, update_epoch: 0, num_batch: 4
[2026-10-09 13:51:26,438][agent.finetune.train_ppo_diffusion_agent][INFO] - approx_kl: 8.04662673298262e-12, update_epoch: 0, num_batch: 4
[2026-10-09 13:51:28,713][agent.finetune.train_ppo_diffusion_agent][INFO] - approx_kl: 1.8794089548523907e-11, update_epoch: 1, num_batch: 4
[2026-10-09 13:51:31,105][agent.finetune.train_ppo_diffusion_agent][INFO] - approx_kl: 1.7844139360567723e-11, update_epoch: 1, num_batch: 4
[2026-10-09 13:51:33,326][agent.finetune.train_ppo_diffusion_agent][INFO] - approx_kl: 1.1101364619237053e-11, update_epoch: 1, num_batch: 4
[2026-10-09 13:51:35,644][agent.finetune.train_ppo_diffusion_agent][INFO] - approx_kl: 1.0967123043048588e-11, update_epoch: 1, num_batch: 4
[2026-10-09 13:51:37,740][agent.finetune.train_ppo_diffusion_agent][INFO] - approx_kl: 1.5075019357824182e-11, update_epoch: 2, num_batch: 4
[2026-10-09 13:51:39,933][agent.finetune.train_ppo_diffusion_agent][INFO] - approx_kl: 3.36766239894537e-11, update_epoch: 2, num_batch: 4
[2026-10-09 13:51:42,130][agent.finetune.train_ppo_diffusion_agent][INFO] - approx_kl: 1.9439030246592992e-11, update_epoch: 2, num_batch: 4
[2026-10-09 13:51:44,450][agent.finetune.train_ppo_diffusion_agent][INFO] - approx_kl: 3.511085866492181e-11, update_epoch: 2, num_batch: 4
[2026-10-09 13:51:46,583][agent.finetune.train_ppo_diffusion_agent][INFO] - approx_kl: 4.1127202338175906e-11, update_epoch: 3, num_batch: 4
[2026-10-09 13:51:48,811][agent.finetune.train_ppo_diffusion_agent][INFO] - approx_kl: 4.344939685818616e-11, update_epoch: 3, num_batch: 4
[2026-10-09 13:51:51,069][agent.finetune.train_ppo_diffusion_agent][INFO] - approx_kl: 4.979781517699955e-11, update_epoch: 3, num_batch: 4
[2026-10-09 13:51:53,383][agent.finetune.train_ppo_diffusion_agent][INFO] - approx_kl: 3.9046862965186335e-11, update_epoch: 3, num_batch: 4
[2026-10-09 13:51:55,515][agent.finetune.train_ppo_diffusion_agent][INFO] - approx_kl: 4.855304699957763e-11, update_epoch: 4, num_batch: 4
[2026-10-09 13:51:57,728][agent.finetune.train_ppo_diffusion_agent][INFO] - approx_kl: 7.482245378831465e-11, update_epoch: 4, num_batch: 4
[2026-10-09 13:51:59,949][agent.finetune.train_ppo_diffusion_agent][INFO] - approx_kl: 7.924274431081457e-11, update_epoch: 4, num_batch: 4
[2026-10-09 13:52:02,226][agent.finetune.train_ppo_diffusion_agent][INFO] - approx_kl: 1.1432915725251291e-10, update_epoch: 4, num_batch: 4
[2026-10-09 13:52:02,246][agent.finetune.train_ppo_diffusion_agent][INFO] - 59: step  4320000 | loss   0.0013 | pg loss  -0.0002 | value loss   0.0030 | bc loss   0.0000 | reward -293.7336 | eta   1.0000 | t: 57.2772 | kl_true_per_action=6.709496149312643e-07 | logratio_p99=0.0 | clamp_hit_frac=0.0007354166666666667
Processed step 0 of 500
Processed step 10 of 500
Processed step 20 of 500
Processed step 30 of 500
Processed step 40 of 500
Processed step 50 of 500
Processed step 60 of 500
Processed step 70 of 500
Processed step 80 of 500
Processed step 90 of 500
Processed step 100 of 500
Processed step 110 of 500
Processed step 120 of 500
Processed step 130 of 500
Processed step 140 of 500
Processed step 150 of 500
Processed step 160 of 500
Processed step 170 of 500
Processed step 180 of 500
Processed step 190 of 500
Processed step 200 of 500
Processed step 210 of 500
Processed step 220 of 500
Processed step 230 of 500
Processed step 240 of 500
Processed step 250 of 500
Processed step 260 of 500
Processed step 270 of 500
Processed step 280 of 500
Processed step 290 of 500
Processed step 300 of 500
Processed step 310 of 500
Processed step 320 of 500
Processed step 330 of 500
Processed step 340 of 500
Processed step 350 of 500
Processed step 360 of 500
Processed step 370 of 500
Processed step 380 of 500
Processed step 390 of 500
Processed step 400 of 500
Processed step 410 of 500
Processed step 420 of 500
Processed step 430 of 500
Processed step 440 of 500
Processed step 450 of 500
Processed step 460 of 500
Processed step 470 of 500
Processed step 480 of 500
Processed step 490 of 500
[2026-10-09 13:52:14,740][agent.finetune.train_ppo_diffusion_agent][INFO] - eval: success rate   0.0000 | avg episode reward -422.5103 | avg best reward   1.0553
Processed step 0 of 500
Processed step 10 of 500
Processed step 20 of 500
Processed step 30 of 500
Processed step 40 of 500
Processed step 50 of 500
Processed step 60 of 500
Processed step 70 of 500
Processed step 80 of 500
Processed step 90 of 500
Processed step 100 of 500
Processed step 110 of 500
Processed step 120 of 500
Processed step 130 of 500
Processed step 140 of 500
Processed step 150 of 500
Processed step 160 of 500
Processed step 170 of 500
Processed step 180 of 500
Processed step 190 of 500
Processed step 200 of 500
Processed step 210 of 500
Processed step 220 of 500
Processed step 230 of 500
Processed step 240 of 500
Processed step 250 of 500
Processed step 260 of 500
Processed step 270 of 500
Processed step 280 of 500
Processed step 290 of 500
Processed step 300 of 500
Processed step 310 of 500
Processed step 320 of 500
Processed step 330 of 500
Processed step 340 of 500
Processed step 350 of 500
Processed step 360 of 500
Processed step 370 of 500
Processed step 380 of 500
Processed step 390 of 500
Processed step 400 of 500
Processed step 410 of 500
Processed step 420 of 500
Processed step 430 of 500
Processed step 440 of 500
Processed step 450 of 500
Processed step 460 of 500
Processed step 470 of 500
Processed step 480 of 500
Processed step 490 of 500
[2026-10-09 13:52:29,830][agent.finetune.train_ppo_diffusion_agent][INFO] - approx_kl: 0.0, update_epoch: 0, num_batch: 4
[2026-10-09 13:52:32,106][agent.finetune.train_ppo_diffusion_agent][INFO] - approx_kl: 1.2964010073779342e-11, update_epoch: 0, num_batch: 4
[2026-10-09 13:52:34,509][agent.finetune.train_ppo_diffusion_agent][INFO] - approx_kl: 6.32368029468422e-12, update_epoch: 0, num_batch: 4
[2026-10-09 13:52:36,691][agent.finetune.train_ppo_diffusion_agent][INFO] - approx_kl: 1.2218951545017731e-11, update_epoch: 0, num_batch: 4
[2026-10-09 13:52:38,982][agent.finetune.train_ppo_diffusion_agent][INFO] - approx_kl: 6.332993157665001e-12, update_epoch: 1, num_batch: 4
[2026-10-09 13:52:41,262][agent.finetune.train_ppo_diffusion_agent][INFO] - approx_kl: 9.648501615722171e-12, update_epoch: 1, num_batch: 4
[2026-10-09 13:52:43,668][agent.finetune.train_ppo_diffusion_agent][INFO] - approx_kl: 2.831220501098297e-12, update_epoch: 1, num_batch: 4
[2026-10-09 13:52:45,824][agent.finetune.train_ppo_diffusion_agent][INFO] - approx_kl: 9.92789878084821e-12, update_epoch: 1, num_batch: 4
[2026-10-09 13:52:48,073][agent.finetune.train_ppo_diffusion_agent][INFO] - approx_kl: 1.2256204731664333e-11, update_epoch: 2, num_batch: 4
[2026-10-09 13:52:50,311][agent.finetune.train_ppo_diffusion_agent][INFO] - approx_kl: 1.177191677470546e-11, update_epoch: 2, num_batch: 4
[2026-10-09 13:52:52,758][agent.finetune.train_ppo_diffusion_agent][INFO] - approx_kl: 1.3597309042601147e-11, update_epoch: 2, num_batch: 4
[2026-10-09 13:52:54,925][agent.finetune.train_ppo_diffusion_agent][INFO] - approx_kl: 7.748603841895019e-12, update_epoch: 2, num_batch: 4
[2026-10-09 13:52:57,180][agent.finetune.train_ppo_diffusion_agent][INFO] - approx_kl: 1.6745179895472084e-11, update_epoch: 3, num_batch: 4
[2026-10-09 13:52:59,404][agent.finetune.train_ppo_diffusion_agent][INFO] - approx_kl: 6.854533867589607e-12, update_epoch: 3, num_batch: 4
[2026-10-09 13:53:01,740][agent.finetune.train_ppo_diffusion_agent][INFO] - approx_kl: 1.3448298030738215e-11, update_epoch: 3, num_batch: 4
[2026-10-09 13:53:03,874][agent.finetune.train_ppo_diffusion_agent][INFO] - approx_kl: 1.8775462087838868e-11, update_epoch: 3, num_batch: 4
[2026-10-09 13:53:06,104][agent.finetune.train_ppo_diffusion_agent][INFO] - approx_kl: 1.7732381535351394e-11, update_epoch: 4, num_batch: 4
[2026-10-09 13:53:08,381][agent.finetune.train_ppo_diffusion_agent][INFO] - approx_kl: 1.1436640696971256e-11, update_epoch: 4, num_batch: 4
[2026-10-09 13:53:10,739][agent.finetune.train_ppo_diffusion_agent][INFO] - approx_kl: 2.0805746014929127e-11, update_epoch: 4, num_batch: 4
[2026-10-09 13:53:12,875][agent.finetune.train_ppo_diffusion_agent][INFO] - approx_kl: 1.4547258363195592e-11, update_epoch: 4, num_batch: 4
[2026-10-09 13:53:12,895][agent.finetune.train_ppo_diffusion_agent][INFO] - 61: step  4400000 | loss   0.0018 | pg loss  -0.0000 | value loss   0.0037 | bc loss   0.0000 | reward -320.5934 | eta   1.0000 | t: 58.1551 | kl_true_per_action=3.1390330399830704e-08 | logratio_p99=0.0 | clamp_hit_frac=0.0008020833333333334
Processed step 0 of 500
Processed step 10 of 500
Processed step 20 of 500
Processed step 30 of 500
Processed step 40 of 500
Processed step 50 of 500
Processed step 60 of 500
Processed step 70 of 500
Processed step 80 of 500
Processed step 90 of 500
Processed step 100 of 500
Processed step 110 of 500
Processed step 120 of 500
Processed step 130 of 500
Processed step 140 of 500
Processed step 150 of 500
Processed step 160 of 500
Processed step 170 of 500
Processed step 180 of 500
Processed step 190 of 500
Processed step 200 of 500
Processed step 210 of 500
Processed step 220 of 500
Processed step 230 of 500
Processed step 240 of 500
Processed step 250 of 500
Processed step 260 of 500
Processed step 270 of 500
Processed step 280 of 500
Processed step 290 of 500
Processed step 300 of 500
Processed step 310 of 500
Processed step 320 of 500
Processed step 330 of 500
Processed step 340 of 500
Processed step 350 of 500
Processed step 360 of 500
Processed step 370 of 500
Processed step 380 of 500
Processed step 390 of 500
Processed step 400 of 500
Processed step 410 of 500
Processed step 420 of 500
Processed step 430 of 500
Processed step 440 of 500
Processed step 450 of 500
Processed step 460 of 500
Processed step 470 of 500
Processed step 480 of 500
Processed step 490 of 500
[2026-10-09 13:53:28,998][agent.finetune.train_ppo_diffusion_agent][INFO] - approx_kl: 0.0, update_epoch: 0, num_batch: 4
[2026-10-09 13:53:31,277][agent.finetune.train_ppo_diffusion_agent][INFO] - approx_kl: 1.3150274272288875e-11, update_epoch: 0, num_batch: 4
[2026-10-09 13:53:33,665][agent.finetune.train_ppo_diffusion_agent][INFO] - approx_kl: 2.0768493261963394e-12, update_epoch: 0, num_batch: 4
[2026-10-09 13:53:35,853][agent.finetune.train_ppo_diffusion_agent][INFO] - approx_kl: 4.271569209457482e-12, update_epoch: 0, num_batch: 4
[2026-10-09 13:53:38,145][agent.finetune.train_ppo_diffusion_agent][INFO] - approx_kl: 2.7846544514709137e-12, update_epoch: 1, num_batch: 4
[2026-10-09 13:53:40,430][agent.finetune.train_ppo_diffusion_agent][INFO] - approx_kl: 3.3341348345400368e-12, update_epoch: 1, num_batch: 4
[2026-10-09 13:53:42,794][agent.finetune.train_ppo_diffusion_agent][INFO] - approx_kl: 7.276830180091842e-12, update_epoch: 1, num_batch: 4
[2026-10-09 13:53:44,994][agent.finetune.train_ppo_diffusion_agent][INFO] - approx_kl: 8.661299975842862e-12, update_epoch: 1, num_batch: 4
[2026-10-09 13:53:47,198][agent.finetune.train_ppo_diffusion_agent][INFO] - approx_kl: 6.267800948395186e-12, update_epoch: 2, num_batch: 4
[2026-10-09 13:53:49,413][agent.finetune.train_ppo_diffusion_agent][INFO] - approx_kl: 1.650303504963091e-11, update_epoch: 2, num_batch: 4
[2026-10-09 13:53:51,759][agent.finetune.train_ppo_diffusion_agent][INFO] - approx_kl: 1.4007091493628554e-11, update_epoch: 2, num_batch: 4
[2026-10-09 13:53:53,929][agent.finetune.train_ppo_diffusion_agent][INFO] - approx_kl: 8.661299975842862e-12, update_epoch: 2, num_batch: 4
[2026-10-09 13:53:56,172][agent.finetune.train_ppo_diffusion_agent][INFO] - approx_kl: 1.1529772796226023e-11, update_epoch: 3, num_batch: 4
[2026-10-09 13:53:58,408][agent.finetune.train_ppo_diffusion_agent][INFO] - approx_kl: 1.3411044844091613e-11, update_epoch: 3, num_batch: 4
[2026-10-09 13:54:00,770][agent.finetune.train_ppo_diffusion_agent][INFO] - approx_kl: 1.811422366271298e-11, update_epoch: 3, num_batch: 4
[2026-10-09 13:54:02,910][agent.finetune.train_ppo_diffusion_agent][INFO] - approx_kl: 2.4810433221778005e-11, update_epoch: 3, num_batch: 4
[2026-10-09 13:54:05,175][agent.finetune.train_ppo_diffusion_agent][INFO] - approx_kl: 5.811452881421264e-12, update_epoch: 4, num_batch: 4
[2026-10-09 13:54:07,436][agent.finetune.train_ppo_diffusion_agent][INFO] - approx_kl: 1.534819493720363e-11, update_epoch: 4, num_batch: 4
[2026-10-09 13:54:09,796][agent.finetune.train_ppo_diffusion_agent][INFO] - approx_kl: 2.386979676416434e-11, update_epoch: 4, num_batch: 4
[2026-10-09 13:54:11,940][agent.finetune.train_ppo_diffusion_agent][INFO] - approx_kl: 2.240762089766868e-11, update_epoch: 4, num_batch: 4
[2026-10-09 13:54:11,960][agent.finetune.train_ppo_diffusion_agent][INFO] - 62: step  4480000 | loss   0.0017 | pg loss   0.0001 | value loss   0.0032 | bc loss   0.0000 | reward -275.1121 | eta   1.0000 | t: 59.0647 | kl_true_per_action=4.3198689321181876e-08 | logratio_p99=0.0 | clamp_hit_frac=0.0008020833333333334
Processed step 0 of 500
Processed step 10 of 500
Processed step 20 of 500
Processed step 30 of 500
Processed step 40 of 500
Processed step 50 of 500
Processed step 60 of 500
Processed step 70 of 500
Processed step 80 of 500
Processed step 90 of 500
Processed step 100 of 500
Processed step 110 of 500
Processed step 120 of 500
Processed step 130 of 500
Processed step 140 of 500
Processed step 150 of 500
Processed step 160 of 500
Processed step 170 of 500
Processed step 180 of 500
Processed step 190 of 500
Processed step 200 of 500
Processed step 210 of 500
Processed step 220 of 500
Processed step 230 of 500
Processed step 240 of 500
Processed step 250 of 500
Processed step 260 of 500
Processed step 270 of 500
Processed step 280 of 500
Processed step 290 of 500
Processed step 300 of 500
Processed step 310 of 500
Processed step 320 of 500
Processed step 330 of 500
Processed step 340 of 500
Processed step 350 of 500
Processed step 360 of 500
Processed step 370 of 500
Processed step 380 of 500
Processed step 390 of 500
Processed step 400 of 500
Processed step 410 of 500
Processed step 420 of 500
Processed step 430 of 500
Processed step 440 of 500
Processed step 450 of 500
Processed step 460 of 500
Processed step 470 of 500
Processed step 480 of 500
Processed step 490 of 500
[2026-10-09 13:54:28,123][agent.finetune.train_ppo_diffusion_agent][INFO] - approx_kl: 0.0, update_epoch: 0, num_batch: 4
[2026-10-09 13:54:30,502][agent.finetune.train_ppo_diffusion_agent][INFO] - approx_kl: 9.024515509881148e-12, update_epoch: 0, num_batch: 4
[2026-10-09 13:54:32,919][agent.finetune.train_ppo_diffusion_agent][INFO] - approx_kl: 8.530914689941493e-12, update_epoch: 0, num_batch: 4
[2026-10-09 13:54:35,091][agent.finetune.train_ppo_diffusion_agent][INFO] - approx_kl: 1.9446014243307275e-11, update_epoch: 0, num_batch: 4
[2026-10-09 13:54:37,360][agent.finetune.train_ppo_diffusion_agent][INFO] - approx_kl: 1.2386590017565702e-11, update_epoch: 1, num_batch: 4
[2026-10-09 13:54:39,730][agent.finetune.train_ppo_diffusion_agent][INFO] - approx_kl: 1.2004747890204115e-11, update_epoch: 1, num_batch: 4
[2026-10-09 13:54:41,882][agent.finetune.train_ppo_diffusion_agent][INFO] - approx_kl: 1.367181541589435e-11, update_epoch: 1, num_batch: 4
[2026-10-09 13:54:44,123][agent.finetune.train_ppo_diffusion_agent][INFO] - approx_kl: 1.6707926708825482e-11, update_epoch: 1, num_batch: 4
[2026-10-09 13:54:46,397][agent.finetune.train_ppo_diffusion_agent][INFO] - approx_kl: 1.795589892050753e-11, update_epoch: 2, num_batch: 4
[2026-10-09 13:54:48,740][agent.finetune.train_ppo_diffusion_agent][INFO] - approx_kl: 3.842636972506419e-11, update_epoch: 2, num_batch: 4
[2026-10-09 13:54:50,867][agent.finetune.train_ppo_diffusion_agent][INFO] - approx_kl: 3.313645538516319e-11, update_epoch: 2, num_batch: 4
[2026-10-09 13:54:53,136][agent.finetune.train_ppo_diffusion_agent][INFO] - approx_kl: 3.473833026790274e-11, update_epoch: 2, num_batch: 4
[2026-10-09 13:54:55,384][agent.finetune.train_ppo_diffusion_agent][INFO] - approx_kl: 4.9807130642065545e-11, update_epoch: 3, num_batch: 4
[2026-10-09 13:54:57,705][agent.finetune.train_ppo_diffusion_agent][INFO] - approx_kl: 8.864328021607193e-11, update_epoch: 3, num_batch: 4
[2026-10-09 13:54:59,864][agent.finetune.train_ppo_diffusion_agent][INFO] - approx_kl: 1.1539086353096195e-10, update_epoch: 3, num_batch: 4
[2026-10-09 13:55:02,082][agent.finetune.train_ppo_diffusion_agent][INFO] - approx_kl: 1.0322779436799934e-10, update_epoch: 3, num_batch: 4
[2026-10-09 13:55:04,291][agent.finetune.train_ppo_diffusion_agent][INFO] - approx_kl: 7.543712876589836e-11, update_epoch: 4, num_batch: 4
[2026-10-09 13:55:06,647][agent.finetune.train_ppo_diffusion_agent][INFO] - approx_kl: 2.359226147774507e-10, update_epoch: 4, num_batch: 4
[2026-10-09 13:55:08,833][agent.finetune.train_ppo_diffusion_agent][INFO] - approx_kl: 2.7885660447424243e-10, update_epoch: 4, num_batch: 4
[2026-10-09 13:55:11,077][agent.finetune.train_ppo_diffusion_agent][INFO] - approx_kl: 2.757925554597307e-10, update_epoch: 4, num_batch: 4
[2026-10-09 13:55:11,096][agent.finetune.train_ppo_diffusion_agent][INFO] - 63: step  4560000 | loss   0.0019 | pg loss   0.0001 | value loss   0.0034 | bc loss   0.0000 | reward -303.4792 | eta   1.0000 | t: 59.1366 | kl_true_per_action=5.779711062653558e-07 | logratio_p99=0.0 | clamp_hit_frac=0.0007020833333333333
Processed step 0 of 500
Processed step 10 of 500
Processed step 20 of 500
Processed step 30 of 500
Processed step 40 of 500
Processed step 50 of 500
Processed step 60 of 500
Processed step 70 of 500
Processed step 80 of 500
Processed step 90 of 500
Processed step 100 of 500
Processed step 110 of 500
Processed step 120 of 500
Processed step 130 of 500
Processed step 140 of 500
Processed step 150 of 500
Processed step 160 of 500
Processed step 170 of 500
Processed step 180 of 500
Processed step 190 of 500
Processed step 200 of 500
Processed step 210 of 500
Processed step 220 of 500
Processed step 230 of 500
Processed step 240 of 500
Processed step 250 of 500
Processed step 260 of 500
Processed step 270 of 500
Processed step 280 of 500
Processed step 290 of 500
Processed step 300 of 500
Processed step 310 of 500
Processed step 320 of 500
Processed step 330 of 500
Processed step 340 of 500
Processed step 350 of 500
Processed step 360 of 500
Processed step 370 of 500
Processed step 380 of 500
Processed step 390 of 500
Processed step 400 of 500
Processed step 410 of 500
Processed step 420 of 500
Processed step 430 of 500
Processed step 440 of 500
Processed step 450 of 500
Processed step 460 of 500
Processed step 470 of 500
Processed step 480 of 500
Processed step 490 of 500
[2026-10-09 13:55:26,316][agent.finetune.train_ppo_diffusion_agent][INFO] - approx_kl: 0.0, update_epoch: 0, num_batch: 4
[2026-10-09 13:55:28,654][agent.finetune.train_ppo_diffusion_agent][INFO] - approx_kl: 6.500631196532103e-12, update_epoch: 0, num_batch: 4
[2026-10-09 13:55:30,795][agent.finetune.train_ppo_diffusion_agent][INFO] - approx_kl: 1.0803341728149451e-11, update_epoch: 0, num_batch: 4
[2026-10-09 13:55:33,026][agent.finetune.train_ppo_diffusion_agent][INFO] - approx_kl: 2.5704502762402548e-11, update_epoch: 0, num_batch: 4
[2026-10-09 13:55:35,256][agent.finetune.train_ppo_diffusion_agent][INFO] - approx_kl: 3.034248893807323e-11, update_epoch: 1, num_batch: 4
[2026-10-09 13:55:37,610][agent.finetune.train_ppo_diffusion_agent][INFO] - approx_kl: 2.268701719543298e-11, update_epoch: 1, num_batch: 4
[2026-10-09 13:55:39,761][agent.finetune.train_ppo_diffusion_agent][INFO] - approx_kl: 4.120170871146911e-11, update_epoch: 1, num_batch: 4
[2026-10-09 13:55:41,997][agent.finetune.train_ppo_diffusion_agent][INFO] - approx_kl: 1.795589892050753e-11, update_epoch: 1, num_batch: 4
[2026-10-09 13:55:44,229][agent.finetune.train_ppo_diffusion_agent][INFO] - approx_kl: 4.4740735422044153e-11, update_epoch: 2, num_batch: 4
[2026-10-09 13:55:46,563][agent.finetune.train_ppo_diffusion_agent][INFO] - approx_kl: 5.71738906218755e-11, update_epoch: 2, num_batch: 4
[2026-10-09 13:55:48,679][agent.finetune.train_ppo_diffusion_agent][INFO] - approx_kl: 3.7550924175677736e-11, update_epoch: 2, num_batch: 4
[2026-10-09 13:55:50,874][agent.finetune.train_ppo_diffusion_agent][INFO] - approx_kl: 4.431232811241692e-11, update_epoch: 2, num_batch: 4
[2026-10-09 13:55:53,134][agent.finetune.train_ppo_diffusion_agent][INFO] - approx_kl: 3.0286610025465066e-11, update_epoch: 3, num_batch: 4
[2026-10-09 13:55:55,469][agent.finetune.train_ppo_diffusion_agent][INFO] - approx_kl: 4.7516077877896024e-11, update_epoch: 3, num_batch: 4
[2026-10-09 13:55:57,586][agent.finetune.train_ppo_diffusion_agent][INFO] - approx_kl: 4.5634804962668696e-11, update_epoch: 3, num_batch: 4
[2026-10-09 13:55:59,804][agent.finetune.train_ppo_diffusion_agent][INFO] - approx_kl: 7.914378874485095e-11, update_epoch: 3, num_batch: 4
[2026-10-09 13:56:01,997][agent.finetune.train_ppo_diffusion_agent][INFO] - approx_kl: 5.155801480194455e-11, update_epoch: 4, num_batch: 4
[2026-10-09 13:56:04,298][agent.finetune.train_ppo_diffusion_agent][INFO] - approx_kl: 6.493180992883651e-11, update_epoch: 4, num_batch: 4
[2026-10-09 13:56:06,401][agent.finetune.train_ppo_diffusion_agent][INFO] - approx_kl: 3.9860604400532296e-11, update_epoch: 4, num_batch: 4
[2026-10-09 13:56:08,654][agent.finetune.train_ppo_diffusion_agent][INFO] - approx_kl: 4.9518420613958725e-11, update_epoch: 4, num_batch: 4
[2026-10-09 13:56:08,669][agent.finetune.train_ppo_diffusion_agent][INFO] - 64: step  4640000 | loss   0.0015 | pg loss  -0.0001 | value loss   0.0032 | bc loss   0.0000 | reward -298.6300 | eta   1.0000 | t: 57.5733 | kl_true_per_action=1.6826054033068563e-07 | logratio_p99=0.0 | clamp_hit_frac=0.0007854166666666667
Processed step 0 of 500
Processed step 10 of 500
Processed step 20 of 500
Processed step 30 of 500
Processed step 40 of 500
Processed step 50 of 500
Processed step 60 of 500
Processed step 70 of 500
Processed step 80 of 500
Processed step 90 of 500
Processed step 100 of 500
Processed step 110 of 500
Processed step 120 of 500
Processed step 130 of 500
Processed step 140 of 500
Processed step 150 of 500
Processed step 160 of 500
Processed step 170 of 500
Processed step 180 of 500
Processed step 190 of 500
Processed step 200 of 500
Processed step 210 of 500
Processed step 220 of 500
Processed step 230 of 500
Processed step 240 of 500
Processed step 250 of 500
Processed step 260 of 500
Processed step 270 of 500
Processed step 280 of 500
Processed step 290 of 500
Processed step 300 of 500
Processed step 310 of 500
Processed step 320 of 500
Processed step 330 of 500
Processed step 340 of 500
Processed step 350 of 500
Processed step 360 of 500
Processed step 370 of 500
Processed step 380 of 500
Processed step 390 of 500
Processed step 400 of 500
Processed step 410 of 500
Processed step 420 of 500
Processed step 430 of 500
Processed step 440 of 500
Processed step 450 of 500
Processed step 460 of 500
Processed step 470 of 500
Processed step 480 of 500
Processed step 490 of 500
[2026-10-09 13:56:23,489][agent.finetune.train_ppo_diffusion_agent][INFO] - approx_kl: 0.0, update_epoch: 0, num_batch: 4
[2026-10-09 13:56:25,816][agent.finetune.train_ppo_diffusion_agent][INFO] - approx_kl: 1.2889503700486138e-11, update_epoch: 0, num_batch: 4
[2026-10-09 13:56:27,952][agent.finetune.train_ppo_diffusion_agent][INFO] - approx_kl: 3.011227768870417e-12, update_epoch: 0, num_batch: 4
[2026-10-09 13:56:30,198][agent.finetune.train_ppo_diffusion_agent][INFO] - approx_kl: 4.693865521959717e-12, update_epoch: 0, num_batch: 4
[2026-10-09 13:56:32,422][agent.finetune.train_ppo_diffusion_agent][INFO] - approx_kl: 1.0281800584543976e-11, update_epoch: 1, num_batch: 4
[2026-10-09 13:56:34,758][agent.finetune.train_ppo_diffusion_agent][INFO] - approx_kl: 1.223292214053151e-11, update_epoch: 1, num_batch: 4
[2026-10-09 13:56:36,877][agent.finetune.train_ppo_diffusion_agent][INFO] - approx_kl: 2.3897736220468424e-11, update_epoch: 1, num_batch: 4
[2026-10-09 13:56:39,130][agent.finetune.train_ppo_diffusion_agent][INFO] - approx_kl: 2.2295861337728873e-11, update_epoch: 1, num_batch: 4
[2026-10-09 13:56:41,323][agent.finetune.train_ppo_diffusion_agent][INFO] - approx_kl: 1.2442468930173867e-11, update_epoch: 2, num_batch: 4
[2026-10-09 13:56:43,668][agent.finetune.train_ppo_diffusion_agent][INFO] - approx_kl: 3.274529952745908e-11, update_epoch: 2, num_batch: 4
[2026-10-09 13:56:45,803][agent.finetune.train_ppo_diffusion_agent][INFO] - approx_kl: 3.432389095170407e-11, update_epoch: 2, num_batch: 4
[2026-10-09 13:56:47,991][agent.finetune.train_ppo_diffusion_agent][INFO] - approx_kl: 3.5241243950823176e-11, update_epoch: 2, num_batch: 4
[2026-10-09 13:56:50,184][agent.finetune.train_ppo_diffusion_agent][INFO] - approx_kl: 4.954636007026281e-11, update_epoch: 3, num_batch: 4
[2026-10-09 13:56:52,466][agent.finetune.train_ppo_diffusion_agent][INFO] - approx_kl: 7.247551864209001e-11, update_epoch: 3, num_batch: 4
[2026-10-09 13:56:54,610][agent.finetune.train_ppo_diffusion_agent][INFO] - approx_kl: 3.892928340798463e-11, update_epoch: 3, num_batch: 4
[2026-10-09 13:56:56,842][agent.finetune.train_ppo_diffusion_agent][INFO] - approx_kl: 8.864008138598223e-11, update_epoch: 3, num_batch: 4
[2026-10-09 13:56:59,053][agent.finetune.train_ppo_diffusion_agent][INFO] - approx_kl: 6.273388752919828e-11, update_epoch: 4, num_batch: 4
[2026-10-09 13:57:01,398][agent.finetune.train_ppo_diffusion_agent][INFO] - approx_kl: 9.693205266225746e-11, update_epoch: 4, num_batch: 4
[2026-10-09 13:57:03,515][agent.finetune.train_ppo_diffusion_agent][INFO] - approx_kl: 1.3250857355817658e-10, update_epoch: 4, num_batch: 4
[2026-10-09 13:57:05,730][agent.finetune.train_ppo_diffusion_agent][INFO] - approx_kl: 1.0287388996221836e-10, update_epoch: 4, num_batch: 4
[2026-10-09 13:57:05,746][agent.finetune.train_ppo_diffusion_agent][INFO] - 65: step  4720000 | loss   0.0019 | pg loss   0.0001 | value loss   0.0035 | bc loss   0.0000 | reward -315.0136 | eta   1.0000 | t: 57.0767 | kl_true_per_action=4.62518048329338e-07 | logratio_p99=0.0 | clamp_hit_frac=0.0007875
Processed step 0 of 500
Processed step 10 of 500
Processed step 20 of 500
Processed step 30 of 500
Processed step 40 of 500
Processed step 50 of 500
Processed step 60 of 500
Processed step 70 of 500
Processed step 80 of 500
Processed step 90 of 500
Processed step 100 of 500
Processed step 110 of 500
Processed step 120 of 500
Processed step 130 of 500
Processed step 140 of 500
Processed step 150 of 500
Processed step 160 of 500
Processed step 170 of 500
Processed step 180 of 500
Processed step 190 of 500
Processed step 200 of 500
Processed step 210 of 500
Processed step 220 of 500
Processed step 230 of 500
Processed step 240 of 500
Processed step 250 of 500
Processed step 260 of 500
Processed step 270 of 500
Processed step 280 of 500
Processed step 290 of 500
Processed step 300 of 500
Processed step 310 of 500
Processed step 320 of 500
Processed step 330 of 500
Processed step 340 of 500
Processed step 350 of 500
Processed step 360 of 500
Processed step 370 of 500
Processed step 380 of 500
Processed step 390 of 500
Processed step 400 of 500
Processed step 410 of 500
Processed step 420 of 500
Processed step 430 of 500
Processed step 440 of 500
Processed step 450 of 500
Processed step 460 of 500
Processed step 470 of 500
Processed step 480 of 500
Processed step 490 of 500
[2026-10-09 13:57:21,337][agent.finetune.train_ppo_diffusion_agent][INFO] - approx_kl: 0.0, update_epoch: 0, num_batch: 4
[2026-10-09 13:57:23,748][agent.finetune.train_ppo_diffusion_agent][INFO] - approx_kl: 1.034699322749466e-11, update_epoch: 0, num_batch: 4
[2026-10-09 13:57:25,923][agent.finetune.train_ppo_diffusion_agent][INFO] - approx_kl: 1.1026859113305587e-11, update_epoch: 0, num_batch: 4
[2026-10-09 13:57:28,198][agent.finetune.train_ppo_diffusion_agent][INFO] - approx_kl: 6.332993157665001e-12, update_epoch: 0, num_batch: 4
[2026-10-09 13:57:30,467][agent.finetune.train_ppo_diffusion_agent][INFO] - approx_kl: 9.154900795782517e-12, update_epoch: 1, num_batch: 4
[2026-10-09 13:57:32,813][agent.finetune.train_ppo_diffusion_agent][INFO] - approx_kl: 2.700835388669276e-11, update_epoch: 1, num_batch: 4
[2026-10-09 13:57:34,983][agent.finetune.train_ppo_diffusion_agent][INFO] - approx_kl: 3.874301920947509e-12, update_epoch: 1, num_batch: 4
[2026-10-09 13:57:37,259][agent.finetune.train_ppo_diffusion_agent][INFO] - approx_kl: 5.401670864074726e-12, update_epoch: 1, num_batch: 4
[2026-10-09 13:57:39,525][agent.finetune.train_ppo_diffusion_agent][INFO] - approx_kl: 1.4174729098814787e-11, update_epoch: 2, num_batch: 4
[2026-10-09 13:57:41,878][agent.finetune.train_ppo_diffusion_agent][INFO] - approx_kl: 1.2442468930173867e-11, update_epoch: 2, num_batch: 4
[2026-10-09 13:57:44,042][agent.finetune.train_ppo_diffusion_agent][INFO] - approx_kl: 1.865439053228002e-11, update_epoch: 2, num_batch: 4
[2026-10-09 13:57:46,288][agent.finetune.train_ppo_diffusion_agent][INFO] - approx_kl: 1.1418014103647955e-11, update_epoch: 2, num_batch: 4
[2026-10-09 13:57:48,534][agent.finetune.train_ppo_diffusion_agent][INFO] - approx_kl: 1.57952297075159e-11, update_epoch: 3, num_batch: 4
[2026-10-09 13:57:50,894][agent.finetune.train_ppo_diffusion_agent][INFO] - approx_kl: 1.767650262274323e-11, update_epoch: 3, num_batch: 4
[2026-10-09 13:57:53,056][agent.finetune.train_ppo_diffusion_agent][INFO] - approx_kl: 2.136453861045773e-11, update_epoch: 3, num_batch: 4
[2026-10-09 13:57:55,307][agent.finetune.train_ppo_diffusion_agent][INFO] - approx_kl: 1.4603138143165495e-11, update_epoch: 3, num_batch: 4
[2026-10-09 13:57:57,523][agent.finetune.train_ppo_diffusion_agent][INFO] - approx_kl: 1.3783574108472418e-11, update_epoch: 4, num_batch: 4
[2026-10-09 13:57:59,844][agent.finetune.train_ppo_diffusion_agent][INFO] - approx_kl: 2.2305175068071392e-11, update_epoch: 4, num_batch: 4
[2026-10-09 13:58:02,007][agent.finetune.train_ppo_diffusion_agent][INFO] - approx_kl: 3.188848490820462e-11, update_epoch: 4, num_batch: 4
[2026-10-09 13:58:04,251][agent.finetune.train_ppo_diffusion_agent][INFO] - approx_kl: 3.2261013305223685e-11, update_epoch: 4, num_batch: 4
[2026-10-09 13:58:04,271][agent.finetune.train_ppo_diffusion_agent][INFO] - 66: step  4800000 | loss   0.0014 | pg loss  -0.0002 | value loss   0.0032 | bc loss   0.0000 | reward -277.6070 | eta   1.0000 | t: 58.5244 | kl_true_per_action=1.6654800596725054e-07 | logratio_p99=0.0 | clamp_hit_frac=0.0007854166666666667
Processed step 0 of 500
Processed step 10 of 500
Processed step 20 of 500
Processed step 30 of 500
Processed step 40 of 500
Processed step 50 of 500
Processed step 60 of 500
Processed step 70 of 500
Processed step 80 of 500
Processed step 90 of 500
Processed step 100 of 500
Processed step 110 of 500
Processed step 120 of 500
Processed step 130 of 500
Processed step 140 of 500
Processed step 150 of 500
Processed step 160 of 500
Processed step 170 of 500
Processed step 180 of 500
Processed step 190 of 500
Processed step 200 of 500
Processed step 210 of 500
Processed step 220 of 500
Processed step 230 of 500
Processed step 240 of 500
Processed step 250 of 500
Processed step 260 of 500
Processed step 270 of 500
Processed step 280 of 500
Processed step 290 of 500
Processed step 300 of 500
Processed step 310 of 500
Processed step 320 of 500
Processed step 330 of 500
Processed step 340 of 500
Processed step 350 of 500
Processed step 360 of 500
Processed step 370 of 500
Processed step 380 of 500
Processed step 390 of 500
Processed step 400 of 500
Processed step 410 of 500
Processed step 420 of 500
Processed step 430 of 500
Processed step 440 of 500
Processed step 450 of 500
Processed step 460 of 500
Processed step 470 of 500
Processed step 480 of 500
Processed step 490 of 500
[2026-10-09 13:58:20,312][agent.finetune.train_ppo_diffusion_agent][INFO] - approx_kl: 0.0, update_epoch: 0, num_batch: 4
[2026-10-09 13:58:22,482][agent.finetune.train_ppo_diffusion_agent][INFO] - approx_kl: 1.5310943485280504e-11, update_epoch: 0, num_batch: 4
[2026-10-09 13:58:24,721][agent.finetune.train_ppo_diffusion_agent][INFO] - approx_kl: 6.258487651733535e-12, update_epoch: 0, num_batch: 4
[2026-10-09 13:58:26,967][agent.finetune.train_ppo_diffusion_agent][INFO] - approx_kl: 1.1625815761473479e-11, update_epoch: 0, num_batch: 4
[2026-10-09 13:58:29,308][agent.finetune.train_ppo_diffusion_agent][INFO] - approx_kl: 9.797513494946841e-12, update_epoch: 1, num_batch: 4
[2026-10-09 13:58:31,458][agent.finetune.train_ppo_diffusion_agent][INFO] - approx_kl: 4.3585894442255135e-12, update_epoch: 1, num_batch: 4
[2026-10-09 13:58:33,750][agent.finetune.train_ppo_diffusion_agent][INFO] - approx_kl: 7.823109564666919e-13, update_epoch: 1, num_batch: 4
[2026-10-09 13:58:35,993][agent.finetune.train_ppo_diffusion_agent][INFO] - approx_kl: 9.151407930063638e-12, update_epoch: 1, num_batch: 4
[2026-10-09 13:58:38,335][agent.finetune.train_ppo_diffusion_agent][INFO] - approx_kl: 1.1846423147998664e-11, update_epoch: 2, num_batch: 4
[2026-10-09 13:58:40,489][agent.finetune.train_ppo_diffusion_agent][INFO] - approx_kl: 2.8721988329372117e-11, update_epoch: 2, num_batch: 4
[2026-10-09 13:58:42,736][agent.finetune.train_ppo_diffusion_agent][INFO] - approx_kl: 2.603046597715597e-11, update_epoch: 2, num_batch: 4
[2026-10-09 13:58:44,982][agent.finetune.train_ppo_diffusion_agent][INFO] - approx_kl: 1.358479474744545e-11, update_epoch: 2, num_batch: 4
[2026-10-09 13:58:47,306][agent.finetune.train_ppo_diffusion_agent][INFO] - approx_kl: 3.73646599771682e-11, update_epoch: 3, num_batch: 4
[2026-10-09 13:58:49,456][agent.finetune.train_ppo_diffusion_agent][INFO] - approx_kl: 3.037974038999636e-11, update_epoch: 3, num_batch: 4
[2026-10-09 13:58:51,703][agent.finetune.train_ppo_diffusion_agent][INFO] - approx_kl: 3.1236558478697773e-11, update_epoch: 3, num_batch: 4
[2026-10-09 13:58:53,949][agent.finetune.train_ppo_diffusion_agent][INFO] - approx_kl: 4.8701768312620075e-11, update_epoch: 3, num_batch: 4
[2026-10-09 13:58:56,315][agent.finetune.train_ppo_diffusion_agent][INFO] - approx_kl: 2.728775018445706e-11, update_epoch: 4, num_batch: 4
[2026-10-09 13:58:58,451][agent.finetune.train_ppo_diffusion_agent][INFO] - approx_kl: 6.802380186909929e-11, update_epoch: 4, num_batch: 4
[2026-10-09 13:59:00,678][agent.finetune.train_ppo_diffusion_agent][INFO] - approx_kl: 4.847184459366716e-11, update_epoch: 4, num_batch: 4
[2026-10-09 13:59:02,926][agent.finetune.train_ppo_diffusion_agent][INFO] - approx_kl: 8.715316662799566e-11, update_epoch: 4, num_batch: 4
[2026-10-09 13:59:02,943][agent.finetune.train_ppo_diffusion_agent][INFO] - 67: step  4880000 | loss   0.0017 | pg loss  -0.0000 | value loss   0.0035 | bc loss   0.0000 | reward -265.9721 | eta   1.0000 | t: 58.6722 | kl_true_per_action=3.1318374379329006e-07 | logratio_p99=0.0 | clamp_hit_frac=0.0007770833333333333
Processed step 0 of 500
Processed step 10 of 500
Processed step 20 of 500
Processed step 30 of 500
Processed step 40 of 500
Processed step 50 of 500
Processed step 60 of 500
Processed step 70 of 500
Processed step 80 of 500
Processed step 90 of 500
Processed step 100 of 500
Processed step 110 of 500
Processed step 120 of 500
Processed step 130 of 500
Processed step 140 of 500
Processed step 150 of 500
Processed step 160 of 500
Processed step 170 of 500
Processed step 180 of 500
Processed step 190 of 500
Processed step 200 of 500
Processed step 210 of 500
Processed step 220 of 500
Processed step 230 of 500
Processed step 240 of 500
Processed step 250 of 500
Processed step 260 of 500
Processed step 270 of 500
Processed step 280 of 500
Processed step 290 of 500
Processed step 300 of 500
Processed step 310 of 500
Processed step 320 of 500
Processed step 330 of 500
Processed step 340 of 500
Processed step 350 of 500
Processed step 360 of 500
Processed step 370 of 500
Processed step 380 of 500
Processed step 390 of 500
Processed step 400 of 500
Processed step 410 of 500
Processed step 420 of 500
Processed step 430 of 500
Processed step 440 of 500
Processed step 450 of 500
Processed step 460 of 500
Processed step 470 of 500
Processed step 480 of 500
Processed step 490 of 500
[2026-10-09 13:59:18,980][agent.finetune.train_ppo_diffusion_agent][INFO] - approx_kl: 0.0, update_epoch: 0, num_batch: 4
[2026-10-09 13:59:21,121][agent.finetune.train_ppo_diffusion_agent][INFO] - approx_kl: 1.9762663727718177e-11, update_epoch: 0, num_batch: 4
[2026-10-09 13:59:23,348][agent.finetune.train_ppo_diffusion_agent][INFO] - approx_kl: 8.456409184010028e-12, update_epoch: 0, num_batch: 4
[2026-10-09 13:59:25,617][agent.finetune.train_ppo_diffusion_agent][INFO] - approx_kl: 1.6335398311806415e-11, update_epoch: 0, num_batch: 4
[2026-10-09 13:59:27,944][agent.finetune.train_ppo_diffusion_agent][INFO] - approx_kl: 2.9243527738254116e-11, update_epoch: 1, num_batch: 4
[2026-10-09 13:59:30,076][agent.finetune.train_ppo_diffusion_agent][INFO] - approx_kl: 1.8151476849359582e-11, update_epoch: 1, num_batch: 4
[2026-10-09 13:59:32,303][agent.finetune.train_ppo_diffusion_agent][INFO] - approx_kl: 2.238899343698364e-11, update_epoch: 1, num_batch: 4
[2026-10-09 13:59:34,535][agent.finetune.train_ppo_diffusion_agent][INFO] - approx_kl: 3.5325065789182375e-11, update_epoch: 1, num_batch: 4
[2026-10-09 13:59:36,858][agent.finetune.train_ppo_diffusion_agent][INFO] - approx_kl: 3.7215650700028746e-11, update_epoch: 2, num_batch: 4
[2026-10-09 13:59:38,984][agent.finetune.train_ppo_diffusion_agent][INFO] - approx_kl: 5.654990364867274e-11, update_epoch: 2, num_batch: 4
[2026-10-09 13:59:41,209][agent.finetune.train_ppo_diffusion_agent][INFO] - approx_kl: 9.714625631707108e-11, update_epoch: 2, num_batch: 4
[2026-10-09 13:59:43,423][agent.finetune.train_ppo_diffusion_agent][INFO] - approx_kl: 8.280388874570832e-11, update_epoch: 2, num_batch: 4
[2026-10-09 13:59:45,756][agent.finetune.train_ppo_diffusion_agent][INFO] - approx_kl: 7.650814703996645e-11, update_epoch: 3, num_batch: 4
[2026-10-09 13:59:47,888][agent.finetune.train_ppo_diffusion_agent][INFO] - approx_kl: 1.9785947880102128e-10, update_epoch: 3, num_batch: 4
[2026-10-09 13:59:50,111][agent.finetune.train_ppo_diffusion_agent][INFO] - approx_kl: 1.307018104856894e-10, update_epoch: 3, num_batch: 4
[2026-10-09 13:59:52,325][agent.finetune.train_ppo_diffusion_agent][INFO] - approx_kl: 1.6558915350017855e-10, update_epoch: 3, num_batch: 4
[2026-10-09 13:59:54,659][agent.finetune.train_ppo_diffusion_agent][INFO] - approx_kl: 1.4885327692670813e-10, update_epoch: 4, num_batch: 4
[2026-10-09 13:59:56,757][agent.finetune.train_ppo_diffusion_agent][INFO] - approx_kl: 2.629216566685244e-10, update_epoch: 4, num_batch: 4
[2026-10-09 13:59:58,976][agent.finetune.train_ppo_diffusion_agent][INFO] - approx_kl: 2.70921729494944e-10, update_epoch: 4, num_batch: 4
[2026-10-09 14:00:01,146][agent.finetune.train_ppo_diffusion_agent][INFO] - approx_kl: 2.520810782336014e-10, update_epoch: 4, num_batch: 4
[2026-10-09 14:00:01,163][agent.finetune.train_ppo_diffusion_agent][INFO] - 68: step  4960000 | loss   0.0016 | pg loss  -0.0000 | value loss   0.0033 | bc loss   0.0000 | reward -274.3690 | eta   1.0000 | t: 58.2206 | kl_true_per_action=1.7082407448450454e-06 | logratio_p99=0.0 | clamp_hit_frac=0.0007958333333333333
Processed step 0 of 500
Processed step 10 of 500
Processed step 20 of 500
Processed step 30 of 500
Processed step 40 of 500
Processed step 50 of 500
Processed step 60 of 500
Processed step 70 of 500
Processed step 80 of 500
Processed step 90 of 500
Processed step 100 of 500
Processed step 110 of 500
Processed step 120 of 500
Processed step 130 of 500
Processed step 140 of 500
Processed step 150 of 500
Processed step 160 of 500
Processed step 170 of 500
Processed step 180 of 500
Processed step 190 of 500
Processed step 200 of 500
Processed step 210 of 500
Processed step 220 of 500
Processed step 230 of 500
Processed step 240 of 500
Processed step 250 of 500
Processed step 260 of 500
Processed step 270 of 500
Processed step 280 of 500
Processed step 290 of 500
Processed step 300 of 500
Processed step 310 of 500
Processed step 320 of 500
Processed step 330 of 500
Processed step 340 of 500
Processed step 350 of 500
Processed step 360 of 500
Processed step 370 of 500
Processed step 380 of 500
Processed step 390 of 500
Processed step 400 of 500
Processed step 410 of 500
Processed step 420 of 500
Processed step 430 of 500
Processed step 440 of 500
Processed step 450 of 500
Processed step 460 of 500
Processed step 470 of 500
Processed step 480 of 500
Processed step 490 of 500
[2026-10-09 14:00:16,264][agent.finetune.train_ppo_diffusion_agent][INFO] - approx_kl: 0.0, update_epoch: 0, num_batch: 4
[2026-10-09 14:00:18,364][agent.finetune.train_ppo_diffusion_agent][INFO] - approx_kl: 4.3213366912597806e-12, update_epoch: 0, num_batch: 4
[2026-10-09 14:00:20,566][agent.finetune.train_ppo_diffusion_agent][INFO] - approx_kl: 1.3287644422266265e-11, update_epoch: 0, num_batch: 4
[2026-10-09 14:00:22,895][agent.finetune.train_ppo_diffusion_agent][INFO] - approx_kl: 1.6856937720688414e-11, update_epoch: 0, num_batch: 4
[2026-10-09 14:00:25,041][agent.finetune.train_ppo_diffusion_agent][INFO] - approx_kl: 1.609325346596524e-11, update_epoch: 1, num_batch: 4
[2026-10-09 14:00:27,333][agent.finetune.train_ppo_diffusion_agent][INFO] - approx_kl: 2.965331105664326e-11, update_epoch: 1, num_batch: 4
[2026-10-09 14:00:29,573][agent.finetune.train_ppo_diffusion_agent][INFO] - approx_kl: 3.492459446641227e-11, update_epoch: 1, num_batch: 4
[2026-10-09 14:00:31,916][agent.finetune.train_ppo_diffusion_agent][INFO] - approx_kl: 3.33180635858632e-11, update_epoch: 1, num_batch: 4
[2026-10-09 14:00:34,076][agent.finetune.train_ppo_diffusion_agent][INFO] - approx_kl: 7.335096419147646e-11, update_epoch: 2, num_batch: 4
[2026-10-09 14:00:36,325][agent.finetune.train_ppo_diffusion_agent][INFO] - approx_kl: 6.780027927977272e-11, update_epoch: 2, num_batch: 4
[2026-10-09 14:00:38,449][agent.finetune.train_ppo_diffusion_agent][INFO] - approx_kl: 1.177005437558165e-10, update_epoch: 2, num_batch: 4
[2026-10-09 14:00:40,799][agent.finetune.train_ppo_diffusion_agent][INFO] - approx_kl: 7.415189989812276e-11, update_epoch: 2, num_batch: 4
[2026-10-09 14:00:42,949][agent.finetune.train_ppo_diffusion_agent][INFO] - approx_kl: 1.5454366952827314e-10, update_epoch: 3, num_batch: 4
[2026-10-09 14:00:45,033][agent.finetune.train_ppo_diffusion_agent][INFO] - approx_kl: 1.9960104402638734e-10, update_epoch: 3, num_batch: 4
[2026-10-09 14:00:47,231][agent.finetune.train_ppo_diffusion_agent][INFO] - approx_kl: 1.74194575430775e-10, update_epoch: 3, num_batch: 4
[2026-10-09 14:00:49,554][agent.finetune.train_ppo_diffusion_agent][INFO] - approx_kl: 1.6658566193150648e-10, update_epoch: 3, num_batch: 4
[2026-10-09 14:00:51,702][agent.finetune.train_ppo_diffusion_agent][INFO] - approx_kl: 2.718064939788434e-10, update_epoch: 4, num_batch: 4
[2026-10-09 14:00:53,826][agent.finetune.train_ppo_diffusion_agent][INFO] - approx_kl: 3.9346514935090227e-10, update_epoch: 4, num_batch: 4
[2026-10-09 14:00:56,088][agent.finetune.train_ppo_diffusion_agent][INFO] - approx_kl: 1.8501654375224774e-10, update_epoch: 4, num_batch: 4
[2026-10-09 14:00:58,387][agent.finetune.train_ppo_diffusion_agent][INFO] - approx_kl: 4.5518389057974673e-10, update_epoch: 4, num_batch: 4
[2026-10-09 14:00:58,408][agent.finetune.train_ppo_diffusion_agent][INFO] - 69: step  5040000 | loss   0.0017 | pg loss  -0.0001 | value loss   0.0035 | bc loss   0.0000 | reward -293.0540 | eta   1.0000 | t: 57.2443 | kl_true_per_action=3.2247783211904236e-06 | logratio_p99=0.0 | clamp_hit_frac=0.0008041666666666667
Processed step 0 of 500
Processed step 10 of 500
Processed step 20 of 500
Processed step 30 of 500
Processed step 40 of 500
Processed step 50 of 500
Processed step 60 of 500
Processed step 70 of 500
Processed step 80 of 500
Processed step 90 of 500
Processed step 100 of 500
Processed step 110 of 500
Processed step 120 of 500
Processed step 130 of 500
Processed step 140 of 500
Processed step 150 of 500
Processed step 160 of 500
Processed step 170 of 500
Processed step 180 of 500
Processed step 190 of 500
Processed step 200 of 500
Processed step 210 of 500
Processed step 220 of 500
Processed step 230 of 500
Processed step 240 of 500
Processed step 250 of 500
Processed step 260 of 500
Processed step 270 of 500
Processed step 280 of 500
Processed step 290 of 500
Processed step 300 of 500
Processed step 310 of 500
Processed step 320 of 500
Processed step 330 of 500
Processed step 340 of 500
Processed step 350 of 500
Processed step 360 of 500
Processed step 370 of 500
Processed step 380 of 500
Processed step 390 of 500
Processed step 400 of 500
Processed step 410 of 500
Processed step 420 of 500
Processed step 430 of 500
Processed step 440 of 500
Processed step 450 of 500
Processed step 460 of 500
Processed step 470 of 500
Processed step 480 of 500
Processed step 490 of 500
[2026-10-09 14:01:10,944][agent.finetune.train_agent][INFO] - Saved model to /soalnas/share/data/zbao7/diffusion_policy/results/stage2_noclip/runs/NC2_seed1/native/checkpoint/state_70.pt
[2026-10-09 14:01:10,944][agent.finetune.train_ppo_diffusion_agent][INFO] - eval: success rate   0.0000 | avg episode reward -404.8690 | avg best reward   1.1025
Processed step 0 of 500
Processed step 10 of 500
Processed step 20 of 500
Processed step 30 of 500
Processed step 40 of 500
Processed step 50 of 500
Processed step 60 of 500
Processed step 70 of 500
Processed step 80 of 500
Processed step 90 of 500
Processed step 100 of 500
Processed step 110 of 500
Processed step 120 of 500
Processed step 130 of 500
Processed step 140 of 500
Processed step 150 of 500
Processed step 160 of 500
Processed step 170 of 500
Processed step 180 of 500
Processed step 190 of 500
Processed step 200 of 500
Processed step 210 of 500
Processed step 220 of 500
Processed step 230 of 500
Processed step 240 of 500
Processed step 250 of 500
Processed step 260 of 500
Processed step 270 of 500
Processed step 280 of 500
Processed step 290 of 500
Processed step 300 of 500
Processed step 310 of 500
Processed step 320 of 500
Processed step 330 of 500
Processed step 340 of 500
Processed step 350 of 500
Processed step 360 of 500
Processed step 370 of 500
Processed step 380 of 500
Processed step 390 of 500
Processed step 400 of 500
Processed step 410 of 500
Processed step 420 of 500
Processed step 430 of 500
Processed step 440 of 500
Processed step 450 of 500
Processed step 460 of 500
Processed step 470 of 500
Processed step 480 of 500
Processed step 490 of 500
[2026-10-09 14:01:26,950][agent.finetune.train_ppo_diffusion_agent][INFO] - approx_kl: 0.0, update_epoch: 0, num_batch: 4
[2026-10-09 14:01:29,208][agent.finetune.train_ppo_diffusion_agent][INFO] - approx_kl: 1.0542571156346714e-11, update_epoch: 0, num_batch: 4
[2026-10-09 14:01:31,466][agent.finetune.train_ppo_diffusion_agent][INFO] - approx_kl: 1.1287629685108325e-11, update_epoch: 0, num_batch: 4
[2026-10-09 14:01:33,830][agent.finetune.train_ppo_diffusion_agent][INFO] - approx_kl: 1.4300457519544896e-11, update_epoch: 0, num_batch: 4
[2026-10-09 14:01:35,993][agent.finetune.train_ppo_diffusion_agent][INFO] - approx_kl: 2.5015323146249102e-11, update_epoch: 1, num_batch: 4
[2026-10-09 14:01:38,243][agent.finetune.train_ppo_diffusion_agent][INFO] - approx_kl: 3.2503156416341383e-11, update_epoch: 1, num_batch: 4
[2026-10-09 14:01:40,488][agent.finetune.train_ppo_diffusion_agent][INFO] - approx_kl: 3.669410955642327e-11, update_epoch: 1, num_batch: 4
[2026-10-09 14:01:42,848][agent.finetune.train_ppo_diffusion_agent][INFO] - approx_kl: 2.2947787767235717e-11, update_epoch: 1, num_batch: 4
[2026-10-09 14:01:45,016][agent.finetune.train_ppo_diffusion_agent][INFO] - approx_kl: 3.172084470093317e-11, update_epoch: 2, num_batch: 4
[2026-10-09 14:01:47,234][agent.finetune.train_ppo_diffusion_agent][INFO] - approx_kl: 1.6330740579273417e-11, update_epoch: 2, num_batch: 4
[2026-10-09 14:01:49,489][agent.finetune.train_ppo_diffusion_agent][INFO] - approx_kl: 2.4214385704879327e-11, update_epoch: 2, num_batch: 4
[2026-10-09 14:01:51,837][agent.finetune.train_ppo_diffusion_agent][INFO] - approx_kl: 3.904104123320096e-11, update_epoch: 2, num_batch: 4
[2026-10-09 14:01:54,005][agent.finetune.train_ppo_diffusion_agent][INFO] - approx_kl: 3.665685463505319e-11, update_epoch: 3, num_batch: 4
[2026-10-09 14:01:56,267][agent.finetune.train_ppo_diffusion_agent][INFO] - approx_kl: 6.760936255290062e-11, update_epoch: 3, num_batch: 4
[2026-10-09 14:01:58,501][agent.finetune.train_ppo_diffusion_agent][INFO] - approx_kl: 5.355104554238821e-11, update_epoch: 3, num_batch: 4
[2026-10-09 14:02:00,855][agent.finetune.train_ppo_diffusion_agent][INFO] - approx_kl: 5.044042961088735e-11, update_epoch: 3, num_batch: 4
[2026-10-09 14:02:03,017][agent.finetune.train_ppo_diffusion_agent][INFO] - approx_kl: 8.139759005709735e-11, update_epoch: 4, num_batch: 4
[2026-10-09 14:02:05,229][agent.finetune.train_ppo_diffusion_agent][INFO] - approx_kl: 1.0592397098330153e-10, update_epoch: 4, num_batch: 4
[2026-10-09 14:02:07,453][agent.finetune.train_ppo_diffusion_agent][INFO] - approx_kl: 9.89437073939392e-11, update_epoch: 4, num_batch: 4
[2026-10-09 14:02:09,821][agent.finetune.train_ppo_diffusion_agent][INFO] - approx_kl: 9.339302248223547e-11, update_epoch: 4, num_batch: 4
[2026-10-09 14:02:09,841][agent.finetune.train_ppo_diffusion_agent][INFO] - 71: step  5120000 | loss   0.0020 | pg loss   0.0001 | value loss   0.0038 | bc loss   0.0000 | reward -336.9679 | eta   1.0000 | t: 58.8963 | kl_true_per_action=3.8042773100848203e-07 | logratio_p99=0.0 | clamp_hit_frac=0.00081875
Processed step 0 of 500
Processed step 10 of 500
Processed step 20 of 500
Processed step 30 of 500
Processed step 40 of 500
Processed step 50 of 500
Processed step 60 of 500
Processed step 70 of 500
Processed step 80 of 500
Processed step 90 of 500
Processed step 100 of 500
Processed step 110 of 500
Processed step 120 of 500
Processed step 130 of 500
Processed step 140 of 500
Processed step 150 of 500
Processed step 160 of 500
Processed step 170 of 500
Processed step 180 of 500
Processed step 190 of 500
Processed step 200 of 500
Processed step 210 of 500
Processed step 220 of 500
Processed step 230 of 500
Processed step 240 of 500
Processed step 250 of 500
Processed step 260 of 500
Processed step 270 of 500
Processed step 280 of 500
Processed step 290 of 500
Processed step 300 of 500
Processed step 310 of 500
Processed step 320 of 500
Processed step 330 of 500
Processed step 340 of 500
Processed step 350 of 500
Processed step 360 of 500
Processed step 370 of 500
Processed step 380 of 500
Processed step 390 of 500
Processed step 400 of 500
Processed step 410 of 500
Processed step 420 of 500
Processed step 430 of 500
Processed step 440 of 500
Processed step 450 of 500
Processed step 460 of 500
Processed step 470 of 500
Processed step 480 of 500
Processed step 490 of 500
[2026-10-09 14:02:24,716][agent.finetune.train_ppo_diffusion_agent][INFO] - approx_kl: 0.0, update_epoch: 0, num_batch: 4
[2026-10-09 14:02:26,954][agent.finetune.train_ppo_diffusion_agent][INFO] - approx_kl: 8.717178888451027e-12, update_epoch: 0, num_batch: 4
[2026-10-09 14:02:29,204][agent.finetune.train_ppo_diffusion_agent][INFO] - approx_kl: 3.471970627666465e-11, update_epoch: 0, num_batch: 4
[2026-10-09 14:02:31,566][agent.finetune.train_ppo_diffusion_agent][INFO] - approx_kl: 1.1734664455420596e-11, update_epoch: 0, num_batch: 4
[2026-10-09 14:02:33,719][agent.finetune.train_ppo_diffusion_agent][INFO] - approx_kl: 1.3336539338160147e-11, update_epoch: 1, num_batch: 4
[2026-10-09 14:02:35,975][agent.finetune.train_ppo_diffusion_agent][INFO] - approx_kl: 8.977949460253765e-12, update_epoch: 1, num_batch: 4
[2026-10-09 14:02:38,219][agent.finetune.train_ppo_diffusion_agent][INFO] - approx_kl: 2.1550804543690738e-11, update_epoch: 1, num_batch: 4
[2026-10-09 14:02:40,583][agent.finetune.train_ppo_diffusion_agent][INFO] - approx_kl: 1.150532620564082e-11, update_epoch: 1, num_batch: 4
[2026-10-09 14:02:42,740][agent.finetune.train_ppo_diffusion_agent][INFO] - approx_kl: 1.8179416305663665e-11, update_epoch: 2, num_batch: 4
[2026-10-09 14:02:44,993][agent.finetune.train_ppo_diffusion_agent][INFO] - approx_kl: 3.326684067106456e-11, update_epoch: 2, num_batch: 4
[2026-10-09 14:02:47,245][agent.finetune.train_ppo_diffusion_agent][INFO] - approx_kl: 2.2439052352329902e-11, update_epoch: 2, num_batch: 4
[2026-10-09 14:02:49,556][agent.finetune.train_ppo_diffusion_agent][INFO] - approx_kl: 9.499489736497502e-12, update_epoch: 2, num_batch: 4
[2026-10-09 14:02:51,661][agent.finetune.train_ppo_diffusion_agent][INFO] - approx_kl: 2.5331972630660005e-11, update_epoch: 3, num_batch: 4
[2026-10-09 14:02:53,924][agent.finetune.train_ppo_diffusion_agent][INFO] - approx_kl: 1.3802199834433981e-11, update_epoch: 3, num_batch: 4
[2026-10-09 14:02:56,200][agent.finetune.train_ppo_diffusion_agent][INFO] - approx_kl: 1.925975004479774e-11, update_epoch: 3, num_batch: 4
[2026-10-09 14:02:58,524][agent.finetune.train_ppo_diffusion_agent][INFO] - approx_kl: 3.203749418534407e-11, update_epoch: 3, num_batch: 4
[2026-10-09 14:03:00,639][agent.finetune.train_ppo_diffusion_agent][INFO] - approx_kl: 1.8049031019762296e-11, update_epoch: 4, num_batch: 4
[2026-10-09 14:03:02,870][agent.finetune.train_ppo_diffusion_agent][INFO] - approx_kl: 4.2568424479805245e-11, update_epoch: 4, num_batch: 4
[2026-10-09 14:03:05,095][agent.finetune.train_ppo_diffusion_agent][INFO] - approx_kl: 2.2929162041274154e-11, update_epoch: 4, num_batch: 4
[2026-10-09 14:03:07,422][agent.finetune.train_ppo_diffusion_agent][INFO] - approx_kl: 4.716217347211504e-11, update_epoch: 4, num_batch: 4
[2026-10-09 14:03:07,438][agent.finetune.train_ppo_diffusion_agent][INFO] - 72: step  5200000 | loss   0.0023 | pg loss   0.0001 | value loss   0.0044 | bc loss   0.0000 | reward -305.2465 | eta   1.0000 | t: 57.5972 | kl_true_per_action=1.5552471641077918e-07 | logratio_p99=0.0 | clamp_hit_frac=0.0007958333333333333
Processed step 0 of 500
Processed step 10 of 500
Processed step 20 of 500
Processed step 30 of 500
Processed step 40 of 500
Processed step 50 of 500
Processed step 60 of 500
Processed step 70 of 500
Processed step 80 of 500
Processed step 90 of 500
Processed step 100 of 500
Processed step 110 of 500
Processed step 120 of 500
Processed step 130 of 500
Processed step 140 of 500
Processed step 150 of 500
Processed step 160 of 500
Processed step 170 of 500
Processed step 180 of 500
Processed step 190 of 500
Processed step 200 of 500
Processed step 210 of 500
Processed step 220 of 500
Processed step 230 of 500
Processed step 240 of 500
Processed step 250 of 500
Processed step 260 of 500
Processed step 270 of 500
Processed step 280 of 500
Processed step 290 of 500
Processed step 300 of 500
Processed step 310 of 500
Processed step 320 of 500
Processed step 330 of 500
Processed step 340 of 500
Processed step 350 of 500
Processed step 360 of 500
Processed step 370 of 500
Processed step 380 of 500
Processed step 390 of 500
Processed step 400 of 500
Processed step 410 of 500
Processed step 420 of 500
Processed step 430 of 500
Processed step 440 of 500
Processed step 450 of 500
Processed step 460 of 500
Processed step 470 of 500
Processed step 480 of 500
Processed step 490 of 500
[2026-10-09 14:03:22,236][agent.finetune.train_ppo_diffusion_agent][INFO] - approx_kl: 0.0, update_epoch: 0, num_batch: 4
[2026-10-09 14:03:24,467][agent.finetune.train_ppo_diffusion_agent][INFO] - approx_kl: 1.4891848171272315e-11, update_epoch: 0, num_batch: 4
[2026-10-09 14:03:26,686][agent.finetune.train_ppo_diffusion_agent][INFO] - approx_kl: 1.207925339613558e-11, update_epoch: 0, num_batch: 4
[2026-10-09 14:03:29,018][agent.finetune.train_ppo_diffusion_agent][INFO] - approx_kl: 2.0628793812038637e-11, update_epoch: 0, num_batch: 4
[2026-10-09 14:03:31,172][agent.finetune.train_ppo_diffusion_agent][INFO] - approx_kl: 1.7285346765039122e-11, update_epoch: 1, num_batch: 4
[2026-10-09 14:03:33,429][agent.finetune.train_ppo_diffusion_agent][INFO] - approx_kl: 2.8964131440489815e-11, update_epoch: 1, num_batch: 4
[2026-10-09 14:03:35,672][agent.finetune.train_ppo_diffusion_agent][INFO] - approx_kl: 1.9287689501101823e-11, update_epoch: 1, num_batch: 4
[2026-10-09 14:03:38,008][agent.finetune.train_ppo_diffusion_agent][INFO] - approx_kl: 1.608393973562272e-11, update_epoch: 1, num_batch: 4
[2026-10-09 14:03:40,155][agent.finetune.train_ppo_diffusion_agent][INFO] - approx_kl: 3.775581583487231e-11, update_epoch: 2, num_batch: 4
[2026-10-09 14:03:42,386][agent.finetune.train_ppo_diffusion_agent][INFO] - approx_kl: 4.928209576537945e-11, update_epoch: 2, num_batch: 4
[2026-10-09 14:03:44,621][agent.finetune.train_ppo_diffusion_agent][INFO] - approx_kl: 5.31598896846841e-11, update_epoch: 2, num_batch: 4
[2026-10-09 14:03:46,920][agent.finetune.train_ppo_diffusion_agent][INFO] - approx_kl: 1.0313931653183062e-10, update_epoch: 2, num_batch: 4
[2026-10-09 14:03:49,045][agent.finetune.train_ppo_diffusion_agent][INFO] - approx_kl: 9.741633888449286e-11, update_epoch: 3, num_batch: 4
[2026-10-09 14:03:51,283][agent.finetune.train_ppo_diffusion_agent][INFO] - approx_kl: 8.295522602175254e-11, update_epoch: 3, num_batch: 4
[2026-10-09 14:03:53,467][agent.finetune.train_ppo_diffusion_agent][INFO] - approx_kl: 1.2224539436278548e-10, update_epoch: 3, num_batch: 4
[2026-10-09 14:03:55,826][agent.finetune.train_ppo_diffusion_agent][INFO] - approx_kl: 1.3286247102506366e-10, update_epoch: 3, num_batch: 4
[2026-10-09 14:03:57,940][agent.finetune.train_ppo_diffusion_agent][INFO] - approx_kl: 1.5374272688273294e-10, update_epoch: 4, num_batch: 4
[2026-10-09 14:04:00,138][agent.finetune.train_ppo_diffusion_agent][INFO] - approx_kl: 2.4155713540530144e-10, update_epoch: 4, num_batch: 4
[2026-10-09 14:04:02,374][agent.finetune.train_ppo_diffusion_agent][INFO] - approx_kl: 1.3690441835745304e-10, update_epoch: 4, num_batch: 4
[2026-10-09 14:04:04,707][agent.finetune.train_ppo_diffusion_agent][INFO] - approx_kl: 1.8745660579355672e-10, update_epoch: 4, num_batch: 4
[2026-10-09 14:04:04,723][agent.finetune.train_ppo_diffusion_agent][INFO] - 73: step  5280000 | loss   0.0021 | pg loss  -0.0000 | value loss   0.0042 | bc loss   0.0000 | reward -303.5169 | eta   1.0000 | t: 57.2850 | kl_true_per_action=5.472066635095188e-07 | logratio_p99=0.0 | clamp_hit_frac=0.0007541666666666667
Processed step 0 of 500
Processed step 10 of 500
Processed step 20 of 500
Processed step 30 of 500
Processed step 40 of 500
Processed step 50 of 500
Processed step 60 of 500
Processed step 70 of 500
Processed step 80 of 500
Processed step 90 of 500
Processed step 100 of 500
Processed step 110 of 500
Processed step 120 of 500
Processed step 130 of 500
Processed step 140 of 500
Processed step 150 of 500
Processed step 160 of 500
Processed step 170 of 500
Processed step 180 of 500
Processed step 190 of 500
Processed step 200 of 500
Processed step 210 of 500
Processed step 220 of 500
Processed step 230 of 500
Processed step 240 of 500
Processed step 250 of 500
Processed step 260 of 500
Processed step 270 of 500
Processed step 280 of 500
Processed step 290 of 500
Processed step 300 of 500
Processed step 310 of 500
Processed step 320 of 500
Processed step 330 of 500
Processed step 340 of 500
Processed step 350 of 500
Processed step 360 of 500
Processed step 370 of 500
Processed step 380 of 500
Processed step 390 of 500
Processed step 400 of 500
Processed step 410 of 500
Processed step 420 of 500
Processed step 430 of 500
Processed step 440 of 500
Processed step 450 of 500
Processed step 460 of 500
Processed step 470 of 500
Processed step 480 of 500
Processed step 490 of 500
[2026-10-09 14:04:19,427][agent.finetune.train_ppo_diffusion_agent][INFO] - approx_kl: 0.0, update_epoch: 0, num_batch: 4
[2026-10-09 14:04:21,655][agent.finetune.train_ppo_diffusion_agent][INFO] - approx_kl: 1.5434343039744114e-11, update_epoch: 0, num_batch: 4
[2026-10-09 14:04:23,986][agent.finetune.train_ppo_diffusion_agent][INFO] - approx_kl: 2.1059530855294106e-11, update_epoch: 0, num_batch: 4
[2026-10-09 14:04:26,134][agent.finetune.train_ppo_diffusion_agent][INFO] - approx_kl: 2.1737068742200272e-11, update_epoch: 0, num_batch: 4
[2026-10-09 14:04:28,360][agent.finetune.train_ppo_diffusion_agent][INFO] - approx_kl: 2.915505337153235e-11, update_epoch: 1, num_batch: 4
[2026-10-09 14:04:30,594][agent.finetune.train_ppo_diffusion_agent][INFO] - approx_kl: 1.5620607238253648e-11, update_epoch: 1, num_batch: 4
[2026-10-09 14:04:32,951][agent.finetune.train_ppo_diffusion_agent][INFO] - approx_kl: 3.106892174087328e-11, update_epoch: 1, num_batch: 4
[2026-10-09 14:04:35,107][agent.finetune.train_ppo_diffusion_agent][INFO] - approx_kl: 1.8477440064113004e-11, update_epoch: 1, num_batch: 4
[2026-10-09 14:04:37,348][agent.finetune.train_ppo_diffusion_agent][INFO] - approx_kl: 3.202352619191551e-11, update_epoch: 2, num_batch: 4
[2026-10-09 14:04:39,589][agent.finetune.train_ppo_diffusion_agent][INFO] - approx_kl: 4.503875744577002e-11, update_epoch: 2, num_batch: 4
[2026-10-09 14:04:41,941][agent.finetune.train_ppo_diffusion_agent][INFO] - approx_kl: 4.503875744577002e-11, update_epoch: 2, num_batch: 4
[2026-10-09 14:04:44,097][agent.finetune.train_ppo_diffusion_agent][INFO] - approx_kl: 4.8496293786337574e-11, update_epoch: 2, num_batch: 4
[2026-10-09 14:04:46,373][agent.finetune.train_ppo_diffusion_agent][INFO] - approx_kl: 5.0768719089822056e-11, update_epoch: 3, num_batch: 4
[2026-10-09 14:04:48,571][agent.finetune.train_ppo_diffusion_agent][INFO] - approx_kl: 5.815177853141229e-11, update_epoch: 3, num_batch: 4
[2026-10-09 14:04:50,857][agent.finetune.train_ppo_diffusion_agent][INFO] - approx_kl: 9.329989558715113e-11, update_epoch: 3, num_batch: 4
[2026-10-09 14:04:53,009][agent.finetune.train_ppo_diffusion_agent][INFO] - approx_kl: 9.02696042914819e-11, update_epoch: 3, num_batch: 4
[2026-10-09 14:04:55,244][agent.finetune.train_ppo_diffusion_agent][INFO] - approx_kl: 6.930902379798098e-11, update_epoch: 4, num_batch: 4
[2026-10-09 14:04:57,445][agent.finetune.train_ppo_diffusion_agent][INFO] - approx_kl: 7.55302556609827e-11, update_epoch: 4, num_batch: 4
[2026-10-09 14:04:59,776][agent.finetune.train_ppo_diffusion_agent][INFO] - approx_kl: 1.4573335593848213e-10, update_epoch: 4, num_batch: 4
[2026-10-09 14:05:01,924][agent.finetune.train_ppo_diffusion_agent][INFO] - approx_kl: 1.0002404460252023e-10, update_epoch: 4, num_batch: 4
[2026-10-09 14:05:01,940][agent.finetune.train_ppo_diffusion_agent][INFO] - 74: step  5360000 | loss   0.0017 | pg loss  -0.0002 | value loss   0.0039 | bc loss   0.0000 | reward -281.6383 | eta   1.0000 | t: 57.2166 | kl_true_per_action=5.125749766169976e-07 | logratio_p99=0.0 | clamp_hit_frac=0.000775
Processed step 0 of 500
Processed step 10 of 500
Processed step 20 of 500
Processed step 30 of 500
Processed step 40 of 500
Processed step 50 of 500
Processed step 60 of 500
Processed step 70 of 500
Processed step 80 of 500
Processed step 90 of 500
Processed step 100 of 500
Processed step 110 of 500
Processed step 120 of 500
Processed step 130 of 500
Processed step 140 of 500
Processed step 150 of 500
Processed step 160 of 500
Processed step 170 of 500
Processed step 180 of 500
Processed step 190 of 500
Processed step 200 of 500
Processed step 210 of 500
Processed step 220 of 500
Processed step 230 of 500
Processed step 240 of 500
Processed step 250 of 500
Processed step 260 of 500
Processed step 270 of 500
Processed step 280 of 500
Processed step 290 of 500
Processed step 300 of 500
Processed step 310 of 500
Processed step 320 of 500
Processed step 330 of 500
Processed step 340 of 500
Processed step 350 of 500
Processed step 360 of 500
Processed step 370 of 500
Processed step 380 of 500
Processed step 390 of 500
Processed step 400 of 500
Processed step 410 of 500
Processed step 420 of 500
Processed step 430 of 500
Processed step 440 of 500
Processed step 450 of 500
Processed step 460 of 500
Processed step 470 of 500
Processed step 480 of 500
Processed step 490 of 500
[2026-10-09 14:05:16,728][agent.finetune.train_ppo_diffusion_agent][INFO] - approx_kl: 0.0, update_epoch: 0, num_batch: 4
[2026-10-09 14:05:18,951][agent.finetune.train_ppo_diffusion_agent][INFO] - approx_kl: 1.807697047606638e-11, update_epoch: 0, num_batch: 4
[2026-10-09 14:05:21,260][agent.finetune.train_ppo_diffusion_agent][INFO] - approx_kl: 4.172324812035111e-12, update_epoch: 0, num_batch: 4
[2026-10-09 14:05:23,419][agent.finetune.train_ppo_diffusion_agent][INFO] - approx_kl: 1.8002464102773175e-11, update_epoch: 0, num_batch: 4
[2026-10-09 14:05:25,677][agent.finetune.train_ppo_diffusion_agent][INFO] - approx_kl: 2.482905894773957e-11, update_epoch: 1, num_batch: 4
[2026-10-09 14:05:27,910][agent.finetune.train_ppo_diffusion_agent][INFO] - approx_kl: 2.8787179237599325e-11, update_epoch: 1, num_batch: 4
[2026-10-09 14:05:30,242][agent.finetune.train_ppo_diffusion_agent][INFO] - approx_kl: 2.0321458057970254e-11, update_epoch: 1, num_batch: 4
[2026-10-09 14:05:32,394][agent.finetune.train_ppo_diffusion_agent][INFO] - approx_kl: 2.2053718226611174e-11, update_epoch: 1, num_batch: 4
[2026-10-09 14:05:34,650][agent.finetune.train_ppo_diffusion_agent][INFO] - approx_kl: 1.8496065790074567e-11, update_epoch: 2, num_batch: 4
[2026-10-09 14:05:36,891][agent.finetune.train_ppo_diffusion_agent][INFO] - approx_kl: 3.469176335091362e-11, update_epoch: 2, num_batch: 4
[2026-10-09 14:05:39,228][agent.finetune.train_ppo_diffusion_agent][INFO] - approx_kl: 4.928558949846007e-11, update_epoch: 2, num_batch: 4
[2026-10-09 14:05:41,378][agent.finetune.train_ppo_diffusion_agent][INFO] - approx_kl: 2.775341241545437e-11, update_epoch: 2, num_batch: 4
[2026-10-09 14:05:43,630][agent.finetune.train_ppo_diffusion_agent][INFO] - approx_kl: 2.6617198028988653e-11, update_epoch: 3, num_batch: 4
[2026-10-09 14:05:45,878][agent.finetune.train_ppo_diffusion_agent][INFO] - approx_kl: 6.879679464999455e-11, update_epoch: 3, num_batch: 4
[2026-10-09 14:05:48,217][agent.finetune.train_ppo_diffusion_agent][INFO] - approx_kl: 8.189119521384569e-11, update_epoch: 3, num_batch: 4
[2026-10-09 14:05:50,358][agent.finetune.train_ppo_diffusion_agent][INFO] - approx_kl: 4.853121723935594e-11, update_epoch: 3, num_batch: 4
[2026-10-09 14:05:52,622][agent.finetune.train_ppo_diffusion_agent][INFO] - approx_kl: 6.24638049617765e-11, update_epoch: 4, num_batch: 4
[2026-10-09 14:05:54,908][agent.finetune.train_ppo_diffusion_agent][INFO] - approx_kl: 8.617527524901192e-11, update_epoch: 4, num_batch: 4
[2026-10-09 14:05:57,249][agent.finetune.train_ppo_diffusion_agent][INFO] - approx_kl: 7.216818115329815e-11, update_epoch: 4, num_batch: 4
[2026-10-09 14:05:59,412][agent.finetune.train_ppo_diffusion_agent][INFO] - approx_kl: 8.738599427404736e-11, update_epoch: 4, num_batch: 4
[2026-10-09 14:05:59,427][agent.finetune.train_ppo_diffusion_agent][INFO] - 75: step  5440000 | loss   0.0018 | pg loss  -0.0000 | value loss   0.0038 | bc loss   0.0000 | reward -302.5160 | eta   1.0000 | t: 57.4879 | kl_true_per_action=2.0936919940000062e-07 | logratio_p99=0.0 | clamp_hit_frac=0.0007770833333333333
Processed step 0 of 500
Processed step 10 of 500
Processed step 20 of 500
Processed step 30 of 500
Processed step 40 of 500
Processed step 50 of 500
Processed step 60 of 500
Processed step 70 of 500
Processed step 80 of 500
Processed step 90 of 500
Processed step 100 of 500
Processed step 110 of 500
Processed step 120 of 500
Processed step 130 of 500
Processed step 140 of 500
Processed step 150 of 500
Processed step 160 of 500
Processed step 170 of 500
Processed step 180 of 500
Processed step 190 of 500
Processed step 200 of 500
Processed step 210 of 500
Processed step 220 of 500
Processed step 230 of 500
Processed step 240 of 500
Processed step 250 of 500
Processed step 260 of 500
Processed step 270 of 500
Processed step 280 of 500
Processed step 290 of 500
Processed step 300 of 500
Processed step 310 of 500
Processed step 320 of 500
Processed step 330 of 500
Processed step 340 of 500
Processed step 350 of 500
Processed step 360 of 500
Processed step 370 of 500
Processed step 380 of 500
Processed step 390 of 500
Processed step 400 of 500
Processed step 410 of 500
Processed step 420 of 500
Processed step 430 of 500
Processed step 440 of 500
Processed step 450 of 500
Processed step 460 of 500
Processed step 470 of 500
Processed step 480 of 500
Processed step 490 of 500
[2026-10-09 14:06:14,205][agent.finetune.train_ppo_diffusion_agent][INFO] - approx_kl: 0.0, update_epoch: 0, num_batch: 4
[2026-10-09 14:06:16,412][agent.finetune.train_ppo_diffusion_agent][INFO] - approx_kl: 1.4882534440929795e-11, update_epoch: 0, num_batch: 4
[2026-10-09 14:06:18,710][agent.finetune.train_ppo_diffusion_agent][INFO] - approx_kl: 8.009373546336018e-12, update_epoch: 0, num_batch: 4
[2026-10-09 14:06:20,808][agent.finetune.train_ppo_diffusion_agent][INFO] - approx_kl: 2.0284204871323652e-11, update_epoch: 0, num_batch: 4
[2026-10-09 14:06:23,050][agent.finetune.train_ppo_diffusion_agent][INFO] - approx_kl: 1.393258512033535e-11, update_epoch: 1, num_batch: 4
[2026-10-09 14:06:25,391][agent.finetune.train_ppo_diffusion_agent][INFO] - approx_kl: 4.328787328589101e-11, update_epoch: 1, num_batch: 4
[2026-10-09 14:06:27,522][agent.finetune.train_ppo_diffusion_agent][INFO] - approx_kl: 1.57952297075159e-11, update_epoch: 1, num_batch: 4
[2026-10-09 14:06:29,739][agent.finetune.train_ppo_diffusion_agent][INFO] - approx_kl: 2.8179491726176842e-11, update_epoch: 1, num_batch: 4
[2026-10-09 14:06:31,955][agent.finetune.train_ppo_diffusion_agent][INFO] - approx_kl: 4.6989880736481027e-11, update_epoch: 2, num_batch: 4
[2026-10-09 14:06:34,260][agent.finetune.train_ppo_diffusion_agent][INFO] - approx_kl: 3.6191195873502835e-11, update_epoch: 2, num_batch: 4
[2026-10-09 14:06:36,399][agent.finetune.train_ppo_diffusion_agent][INFO] - approx_kl: 3.783032220816551e-11, update_epoch: 2, num_batch: 4
[2026-10-09 14:06:38,614][agent.finetune.train_ppo_diffusion_agent][INFO] - approx_kl: 4.0032900605613264e-11, update_epoch: 2, num_batch: 4
[2026-10-09 14:06:40,837][agent.finetune.train_ppo_diffusion_agent][INFO] - approx_kl: 3.8370490812456026e-11, update_epoch: 3, num_batch: 4
[2026-10-09 14:06:43,153][agent.finetune.train_ppo_diffusion_agent][INFO] - approx_kl: 5.86605139463181e-11, update_epoch: 3, num_batch: 4
[2026-10-09 14:06:45,299][agent.finetune.train_ppo_diffusion_agent][INFO] - approx_kl: 7.646158012297732e-11, update_epoch: 3, num_batch: 4
[2026-10-09 14:06:47,511][agent.finetune.train_ppo_diffusion_agent][INFO] - approx_kl: 7.199588841766413e-11, update_epoch: 3, num_batch: 4
[2026-10-09 14:06:49,685][agent.finetune.train_ppo_diffusion_agent][INFO] - approx_kl: 1.0791234572593567e-10, update_epoch: 4, num_batch: 4
[2026-10-09 14:06:51,970][agent.finetune.train_ppo_diffusion_agent][INFO] - approx_kl: 8.379341664976891e-11, update_epoch: 4, num_batch: 4
[2026-10-09 14:06:54,122][agent.finetune.train_ppo_diffusion_agent][INFO] - approx_kl: 7.79330697198155e-11, update_epoch: 4, num_batch: 4
[2026-10-09 14:06:56,347][agent.finetune.train_ppo_diffusion_agent][INFO] - approx_kl: 1.60792837378132e-10, update_epoch: 4, num_batch: 4
[2026-10-09 14:06:56,368][agent.finetune.train_ppo_diffusion_agent][INFO] - 76: step  5520000 | loss   0.0019 | pg loss  -0.0001 | value loss   0.0040 | bc loss   0.0000 | reward -253.7155 | eta   1.0000 | t: 56.9402 | kl_true_per_action=7.36209241302534e-07 | logratio_p99=0.0 | clamp_hit_frac=0.0008729166666666667
Processed step 0 of 500
Processed step 10 of 500
Processed step 20 of 500
Processed step 30 of 500
Processed step 40 of 500
Processed step 50 of 500
Processed step 60 of 500
Processed step 70 of 500
Processed step 80 of 500
Processed step 90 of 500
Processed step 100 of 500
Processed step 110 of 500
Processed step 120 of 500
Processed step 130 of 500
Processed step 140 of 500
Processed step 150 of 500
Processed step 160 of 500
Processed step 170 of 500
Processed step 180 of 500
Processed step 190 of 500
Processed step 200 of 500
Processed step 210 of 500
Processed step 220 of 500
Processed step 230 of 500
Processed step 240 of 500
Processed step 250 of 500
Processed step 260 of 500
Processed step 270 of 500
Processed step 280 of 500
Processed step 290 of 500
Processed step 300 of 500
Processed step 310 of 500
Processed step 320 of 500
Processed step 330 of 500
Processed step 340 of 500
Processed step 350 of 500
Processed step 360 of 500
Processed step 370 of 500
Processed step 380 of 500
Processed step 390 of 500
Processed step 400 of 500
Processed step 410 of 500
Processed step 420 of 500
Processed step 430 of 500
Processed step 440 of 500
Processed step 450 of 500
Processed step 460 of 500
Processed step 470 of 500
Processed step 480 of 500
Processed step 490 of 500
[2026-10-09 14:07:11,828][agent.finetune.train_ppo_diffusion_agent][INFO] - approx_kl: 0.0, update_epoch: 0, num_batch: 4
[2026-10-09 14:07:14,126][agent.finetune.train_ppo_diffusion_agent][INFO] - approx_kl: 2.2593885096178212e-11, update_epoch: 0, num_batch: 4
[2026-10-09 14:07:16,312][agent.finetune.train_ppo_diffusion_agent][INFO] - approx_kl: 1.2665986315330002e-11, update_epoch: 0, num_batch: 4
[2026-10-09 14:07:18,550][agent.finetune.train_ppo_diffusion_agent][INFO] - approx_kl: 1.708976883618707e-11, update_epoch: 0, num_batch: 4
[2026-10-09 14:07:20,759][agent.finetune.train_ppo_diffusion_agent][INFO] - approx_kl: 1.263804685902592e-11, update_epoch: 1, num_batch: 4
[2026-10-09 14:07:23,129][agent.finetune.train_ppo_diffusion_agent][INFO] - approx_kl: 2.5751067944668193e-11, update_epoch: 1, num_batch: 4
[2026-10-09 14:07:25,298][agent.finetune.train_ppo_diffusion_agent][INFO] - approx_kl: 2.3059545592452046e-11, update_epoch: 1, num_batch: 4
[2026-10-09 14:07:27,548][agent.finetune.train_ppo_diffusion_agent][INFO] - approx_kl: 2.3525207823449357e-11, update_epoch: 1, num_batch: 4
[2026-10-09 14:07:29,800][agent.finetune.train_ppo_diffusion_agent][INFO] - approx_kl: 1.4174729098814787e-11, update_epoch: 2, num_batch: 4
[2026-10-09 14:07:32,153][agent.finetune.train_ppo_diffusion_agent][INFO] - approx_kl: 2.5345944093535522e-11, update_epoch: 2, num_batch: 4
[2026-10-09 14:07:34,319][agent.finetune.train_ppo_diffusion_agent][INFO] - approx_kl: 3.0330845474102475e-11, update_epoch: 2, num_batch: 4
[2026-10-09 14:07:36,560][agent.finetune.train_ppo_diffusion_agent][INFO] - approx_kl: 2.145767244443597e-11, update_epoch: 2, num_batch: 4
[2026-10-09 14:07:38,811][agent.finetune.train_ppo_diffusion_agent][INFO] - approx_kl: 1.1259689361442504e-11, update_epoch: 3, num_batch: 4
[2026-10-09 14:07:41,152][agent.finetune.train_ppo_diffusion_agent][INFO] - approx_kl: 1.5422701310496834e-11, update_epoch: 3, num_batch: 4
[2026-10-09 14:07:43,322][agent.finetune.train_ppo_diffusion_agent][INFO] - approx_kl: 1.8174760307854143e-11, update_epoch: 3, num_batch: 4
[2026-10-09 14:07:45,599][agent.finetune.train_ppo_diffusion_agent][INFO] - approx_kl: 2.911314245235275e-11, update_epoch: 3, num_batch: 4
[2026-10-09 14:07:47,851][agent.finetune.train_ppo_diffusion_agent][INFO] - approx_kl: 2.124346705489888e-11, update_epoch: 4, num_batch: 4
[2026-10-09 14:07:50,191][agent.finetune.train_ppo_diffusion_agent][INFO] - approx_kl: 2.29920249505966e-11, update_epoch: 4, num_batch: 4
[2026-10-09 14:07:52,348][agent.finetune.train_ppo_diffusion_agent][INFO] - approx_kl: 2.827495182433637e-11, update_epoch: 4, num_batch: 4
[2026-10-09 14:07:54,599][agent.finetune.train_ppo_diffusion_agent][INFO] - approx_kl: 2.1448358714093452e-11, update_epoch: 4, num_batch: 4
[2026-10-09 14:07:54,619][agent.finetune.train_ppo_diffusion_agent][INFO] - 77: step  5600000 | loss   0.0016 | pg loss  -0.0001 | value loss   0.0035 | bc loss   0.0000 | reward -311.6889 | eta   1.0000 | t: 58.2509 | kl_true_per_action=4.2354535300920576e-08 | logratio_p99=0.0 | clamp_hit_frac=0.0007291666666666667
Processed step 0 of 500
Processed step 10 of 500
Processed step 20 of 500
Processed step 30 of 500
Processed step 40 of 500
Processed step 50 of 500
Processed step 60 of 500
Processed step 70 of 500
Processed step 80 of 500
Processed step 90 of 500
Processed step 100 of 500
Processed step 110 of 500
Processed step 120 of 500
Processed step 130 of 500
Processed step 140 of 500
Processed step 150 of 500
Processed step 160 of 500
Processed step 170 of 500
Processed step 180 of 500
Processed step 190 of 500
Processed step 200 of 500
Processed step 210 of 500
Processed step 220 of 500
Processed step 230 of 500
Processed step 240 of 500
Processed step 250 of 500
Processed step 260 of 500
Processed step 270 of 500
Processed step 280 of 500
Processed step 290 of 500
Processed step 300 of 500
Processed step 310 of 500
Processed step 320 of 500
Processed step 330 of 500
Processed step 340 of 500
Processed step 350 of 500
Processed step 360 of 500
Processed step 370 of 500
Processed step 380 of 500
Processed step 390 of 500
Processed step 400 of 500
Processed step 410 of 500
Processed step 420 of 500
Processed step 430 of 500
Processed step 440 of 500
Processed step 450 of 500
Processed step 460 of 500
Processed step 470 of 500
Processed step 480 of 500
Processed step 490 of 500
[2026-10-09 14:08:10,476][agent.finetune.train_ppo_diffusion_agent][INFO] - approx_kl: 0.0, update_epoch: 0, num_batch: 4
[2026-10-09 14:08:12,772][agent.finetune.train_ppo_diffusion_agent][INFO] - approx_kl: 1.5408731582344792e-11, update_epoch: 0, num_batch: 4
[2026-10-09 14:08:14,884][agent.finetune.train_ppo_diffusion_agent][INFO] - approx_kl: 4.288740369784438e-12, update_epoch: 0, num_batch: 4
[2026-10-09 14:08:17,082][agent.finetune.train_ppo_diffusion_agent][INFO] - approx_kl: 1.4314427247696937e-11, update_epoch: 0, num_batch: 4
[2026-10-09 14:08:19,301][agent.finetune.train_ppo_diffusion_agent][INFO] - approx_kl: 1.4863908714968233e-11, update_epoch: 1, num_batch: 4
[2026-10-09 14:08:21,627][agent.finetune.train_ppo_diffusion_agent][INFO] - approx_kl: 2.056942290107333e-11, update_epoch: 1, num_batch: 4
[2026-10-09 14:08:23,805][agent.finetune.train_ppo_diffusion_agent][INFO] - approx_kl: 6.025656969915749e-12, update_epoch: 1, num_batch: 4
[2026-10-09 14:08:26,042][agent.finetune.train_ppo_diffusion_agent][INFO] - approx_kl: 2.5790649130219556e-11, update_epoch: 1, num_batch: 4
[2026-10-09 14:08:28,283][agent.finetune.train_ppo_diffusion_agent][INFO] - approx_kl: 3.44775596961e-11, update_epoch: 2, num_batch: 4
[2026-10-09 14:08:30,619][agent.finetune.train_ppo_diffusion_agent][INFO] - approx_kl: 2.672895758892846e-11, update_epoch: 2, num_batch: 4
[2026-10-09 14:08:32,766][agent.finetune.train_ppo_diffusion_agent][INFO] - approx_kl: 5.3617402184791274e-11, update_epoch: 2, num_batch: 4
[2026-10-09 14:08:35,007][agent.finetune.train_ppo_diffusion_agent][INFO] - approx_kl: 8.963804698502997e-11, update_epoch: 2, num_batch: 4
[2026-10-09 14:08:37,244][agent.finetune.train_ppo_diffusion_agent][INFO] - approx_kl: 1.1002179028940517e-10, update_epoch: 3, num_batch: 4
[2026-10-09 14:08:39,587][agent.finetune.train_ppo_diffusion_agent][INFO] - approx_kl: 9.51066586596383e-11, update_epoch: 3, num_batch: 4
[2026-10-09 14:08:41,735][agent.finetune.train_ppo_diffusion_agent][INFO] - approx_kl: 9.914859905313378e-11, update_epoch: 3, num_batch: 4
[2026-10-09 14:08:43,974][agent.finetune.train_ppo_diffusion_agent][INFO] - approx_kl: 1.1151655987529097e-10, update_epoch: 3, num_batch: 4
[2026-10-09 14:08:46,214][agent.finetune.train_ppo_diffusion_agent][INFO] - approx_kl: 2.0715348880706586e-10, update_epoch: 4, num_batch: 4
[2026-10-09 14:08:48,569][agent.finetune.train_ppo_diffusion_agent][INFO] - approx_kl: 1.487601569705177e-10, update_epoch: 4, num_batch: 4
[2026-10-09 14:08:50,719][agent.finetune.train_ppo_diffusion_agent][INFO] - approx_kl: 1.1047347758808002e-10, update_epoch: 4, num_batch: 4
[2026-10-09 14:08:52,956][agent.finetune.train_ppo_diffusion_agent][INFO] - approx_kl: 1.8524937139829944e-10, update_epoch: 4, num_batch: 4
[2026-10-09 14:08:52,976][agent.finetune.train_ppo_diffusion_agent][INFO] - 78: step  5680000 | loss   0.0020 | pg loss  -0.0000 | value loss   0.0040 | bc loss   0.0000 | reward -331.2831 | eta   1.0000 | t: 58.3570 | kl_true_per_action=1.5908976923599451e-06 | logratio_p99=0.0 | clamp_hit_frac=0.00073125
Processed step 0 of 500
Processed step 10 of 500
Processed step 20 of 500
Processed step 30 of 500
Processed step 40 of 500
Processed step 50 of 500
Processed step 60 of 500
Processed step 70 of 500
Processed step 80 of 500
Processed step 90 of 500
Processed step 100 of 500
Processed step 110 of 500
Processed step 120 of 500
Processed step 130 of 500
Processed step 140 of 500
Processed step 150 of 500
Processed step 160 of 500
Processed step 170 of 500
Processed step 180 of 500
Processed step 190 of 500
Processed step 200 of 500
Processed step 210 of 500
Processed step 220 of 500
Processed step 230 of 500
Processed step 240 of 500
Processed step 250 of 500
Processed step 260 of 500
Processed step 270 of 500
Processed step 280 of 500
Processed step 290 of 500
Processed step 300 of 500
Processed step 310 of 500
Processed step 320 of 500
Processed step 330 of 500
Processed step 340 of 500
Processed step 350 of 500
Processed step 360 of 500
Processed step 370 of 500
Processed step 380 of 500
Processed step 390 of 500
Processed step 400 of 500
Processed step 410 of 500
Processed step 420 of 500
Processed step 430 of 500
Processed step 440 of 500
Processed step 450 of 500
Processed step 460 of 500
Processed step 470 of 500
Processed step 480 of 500
Processed step 490 of 500
[2026-10-09 14:09:08,849][agent.finetune.train_ppo_diffusion_agent][INFO] - approx_kl: 0.0, update_epoch: 0, num_batch: 4
[2026-10-09 14:09:11,215][agent.finetune.train_ppo_diffusion_agent][INFO] - approx_kl: 3.061257150549501e-11, update_epoch: 0, num_batch: 4
[2026-10-09 14:09:13,348][agent.finetune.train_ppo_diffusion_agent][INFO] - approx_kl: 2.7408823474739386e-11, update_epoch: 0, num_batch: 4
[2026-10-09 14:09:15,577][agent.finetune.train_ppo_diffusion_agent][INFO] - approx_kl: 2.6055494567467363e-11, update_epoch: 0, num_batch: 4
[2026-10-09 14:09:17,819][agent.finetune.train_ppo_diffusion_agent][INFO] - approx_kl: 3.522261995958509e-11, update_epoch: 1, num_batch: 4
[2026-10-09 14:09:20,130][agent.finetune.train_ppo_diffusion_agent][INFO] - approx_kl: 3.878027066139822e-11, update_epoch: 1, num_batch: 4
[2026-10-09 14:09:22,299][agent.finetune.train_ppo_diffusion_agent][INFO] - approx_kl: 4.6035272815991846e-11, update_epoch: 1, num_batch: 4
[2026-10-09 14:09:24,550][agent.finetune.train_ppo_diffusion_agent][INFO] - approx_kl: 7.793336115335947e-11, update_epoch: 1, num_batch: 4
[2026-10-09 14:09:26,790][agent.finetune.train_ppo_diffusion_agent][INFO] - approx_kl: 7.187656719809254e-11, update_epoch: 2, num_batch: 4
[2026-10-09 14:09:29,134][agent.finetune.train_ppo_diffusion_agent][INFO] - approx_kl: 1.1502764712956193e-10, update_epoch: 2, num_batch: 4
[2026-10-09 14:09:31,317][agent.finetune.train_ppo_diffusion_agent][INFO] - approx_kl: 7.97025848098265e-11, update_epoch: 2, num_batch: 4
[2026-10-09 14:09:33,558][agent.finetune.train_ppo_diffusion_agent][INFO] - approx_kl: 8.46758496653166e-11, update_epoch: 2, num_batch: 4
[2026-10-09 14:09:35,806][agent.finetune.train_ppo_diffusion_agent][INFO] - approx_kl: 1.008808592217747e-10, update_epoch: 3, num_batch: 4
[2026-10-09 14:09:38,146][agent.finetune.train_ppo_diffusion_agent][INFO] - approx_kl: 1.0644085612909748e-10, update_epoch: 3, num_batch: 4
[2026-10-09 14:09:40,326][agent.finetune.train_ppo_diffusion_agent][INFO] - approx_kl: 1.1864757787360958e-10, update_epoch: 3, num_batch: 4
[2026-10-09 14:09:42,573][agent.finetune.train_ppo_diffusion_agent][INFO] - approx_kl: 1.8111895316863524e-10, update_epoch: 3, num_batch: 4
[2026-10-09 14:09:44,820][agent.finetune.train_ppo_diffusion_agent][INFO] - approx_kl: 1.4423393035478682e-10, update_epoch: 4, num_batch: 4
[2026-10-09 14:09:47,137][agent.finetune.train_ppo_diffusion_agent][INFO] - approx_kl: 1.8254853184629383e-10, update_epoch: 4, num_batch: 4
[2026-10-09 14:09:49,252][agent.finetune.train_ppo_diffusion_agent][INFO] - approx_kl: 1.837871937970803e-10, update_epoch: 4, num_batch: 4
[2026-10-09 14:09:51,457][agent.finetune.train_ppo_diffusion_agent][INFO] - approx_kl: 2.728932357864977e-10, update_epoch: 4, num_batch: 4
[2026-10-09 14:09:51,476][agent.finetune.train_ppo_diffusion_agent][INFO] - 79: step  5760000 | loss   0.0019 | pg loss  -0.0001 | value loss   0.0040 | bc loss   0.0000 | reward -273.5659 | eta   1.0000 | t: 58.5000 | kl_true_per_action=1.0250827267477846e-06 | logratio_p99=0.0 | clamp_hit_frac=0.0007458333333333334
Processed step 0 of 500
Processed step 10 of 500
Processed step 20 of 500
Processed step 30 of 500
Processed step 40 of 500
Processed step 50 of 500
Processed step 60 of 500
Processed step 70 of 500
Processed step 80 of 500
Processed step 90 of 500
Processed step 100 of 500
Processed step 110 of 500
Processed step 120 of 500
Processed step 130 of 500
Processed step 140 of 500
Processed step 150 of 500
Processed step 160 of 500
Processed step 170 of 500
Processed step 180 of 500
Processed step 190 of 500
Processed step 200 of 500
Processed step 210 of 500
Processed step 220 of 500
Processed step 230 of 500
Processed step 240 of 500
Processed step 250 of 500
Processed step 260 of 500
Processed step 270 of 500
Processed step 280 of 500
Processed step 290 of 500
Processed step 300 of 500
Processed step 310 of 500
Processed step 320 of 500
Processed step 330 of 500
Processed step 340 of 500
Processed step 350 of 500
Processed step 360 of 500
Processed step 370 of 500
Processed step 380 of 500
Processed step 390 of 500
Processed step 400 of 500
Processed step 410 of 500
Processed step 420 of 500
Processed step 430 of 500
Processed step 440 of 500
Processed step 450 of 500
Processed step 460 of 500
Processed step 470 of 500
Processed step 480 of 500
Processed step 490 of 500
[2026-10-09 14:10:05,048][agent.finetune.train_ppo_diffusion_agent][INFO] - eval: success rate   0.0000 | avg episode reward -425.0436 | avg best reward   1.0578
Processed step 0 of 500
Processed step 10 of 500
Processed step 20 of 500
Processed step 30 of 500
Processed step 40 of 500
Processed step 50 of 500
Processed step 60 of 500
Processed step 70 of 500
Processed step 80 of 500
Processed step 90 of 500
Processed step 100 of 500
Processed step 110 of 500
Processed step 120 of 500
Processed step 130 of 500
Processed step 140 of 500
Processed step 150 of 500
Processed step 160 of 500
Processed step 170 of 500
Processed step 180 of 500
Processed step 190 of 500
Processed step 200 of 500
Processed step 210 of 500
Processed step 220 of 500
Processed step 230 of 500
Processed step 240 of 500
Processed step 250 of 500
Processed step 260 of 500
Processed step 270 of 500
Processed step 280 of 500
Processed step 290 of 500
Processed step 300 of 500
Processed step 310 of 500
Processed step 320 of 500
Processed step 330 of 500
Processed step 340 of 500
Processed step 350 of 500
Processed step 360 of 500
Processed step 370 of 500
Processed step 380 of 500
Processed step 390 of 500
Processed step 400 of 500
Processed step 410 of 500
Processed step 420 of 500
Processed step 430 of 500
Processed step 440 of 500
Processed step 450 of 500
Processed step 460 of 500
Processed step 470 of 500
Processed step 480 of 500
Processed step 490 of 500
[2026-10-09 14:10:21,005][agent.finetune.train_ppo_diffusion_agent][INFO] - approx_kl: 0.0, update_epoch: 0, num_batch: 4
[2026-10-09 14:10:23,160][agent.finetune.train_ppo_diffusion_agent][INFO] - approx_kl: 1.1380761784363091e-11, update_epoch: 0, num_batch: 4
[2026-10-09 14:10:25,429][agent.finetune.train_ppo_diffusion_agent][INFO] - approx_kl: 6.6682696690800736e-12, update_epoch: 0, num_batch: 4
[2026-10-09 14:10:27,668][agent.finetune.train_ppo_diffusion_agent][INFO] - approx_kl: -1.3411045277772482e-12, update_epoch: 0, num_batch: 4
[2026-10-09 14:10:30,005][agent.finetune.train_ppo_diffusion_agent][INFO] - approx_kl: 8.270144118138756e-12, update_epoch: 1, num_batch: 4
[2026-10-09 14:10:32,163][agent.finetune.train_ppo_diffusion_agent][INFO] - approx_kl: 3.857537900220365e-11, update_epoch: 1, num_batch: 4
[2026-10-09 14:10:34,426][agent.finetune.train_ppo_diffusion_agent][INFO] - approx_kl: 3.575347309880961e-11, update_epoch: 1, num_batch: 4
[2026-10-09 14:10:36,658][agent.finetune.train_ppo_diffusion_agent][INFO] - approx_kl: 4.819594029426e-11, update_epoch: 1, num_batch: 4
[2026-10-09 14:10:38,986][agent.finetune.train_ppo_diffusion_agent][INFO] - approx_kl: 7.830559811683457e-11, update_epoch: 2, num_batch: 4
[2026-10-09 14:10:41,135][agent.finetune.train_ppo_diffusion_agent][INFO] - approx_kl: 9.045936222307205e-11, update_epoch: 2, num_batch: 4
[2026-10-09 14:10:43,396][agent.finetune.train_ppo_diffusion_agent][INFO] - approx_kl: 5.14835118980983e-11, update_epoch: 2, num_batch: 4
[2026-10-09 14:10:45,690][agent.finetune.train_ppo_diffusion_agent][INFO] - approx_kl: 7.079913738605725e-11, update_epoch: 2, num_batch: 4
[2026-10-09 14:10:48,084][agent.finetune.train_ppo_diffusion_agent][INFO] - approx_kl: 1.5240161910234917e-10, update_epoch: 3, num_batch: 4
[2026-10-09 14:10:50,292][agent.finetune.train_ppo_diffusion_agent][INFO] - approx_kl: 1.0773539005359822e-10, update_epoch: 3, num_batch: 4
[2026-10-09 14:10:52,575][agent.finetune.train_ppo_diffusion_agent][INFO] - approx_kl: 1.177005437558165e-10, update_epoch: 3, num_batch: 4
[2026-10-09 14:10:54,853][agent.finetune.train_ppo_diffusion_agent][INFO] - approx_kl: 1.3086944028462e-10, update_epoch: 3, num_batch: 4
[2026-10-09 14:10:57,156][agent.finetune.train_ppo_diffusion_agent][INFO] - approx_kl: 2.0198523409398206e-10, update_epoch: 4, num_batch: 4
[2026-10-09 14:10:59,247][agent.finetune.train_ppo_diffusion_agent][INFO] - approx_kl: 2.0371750120151688e-10, update_epoch: 4, num_batch: 4
[2026-10-09 14:11:01,420][agent.finetune.train_ppo_diffusion_agent][INFO] - approx_kl: 1.8326565265347483e-10, update_epoch: 4, num_batch: 4
[2026-10-09 14:11:03,620][agent.finetune.train_ppo_diffusion_agent][INFO] - approx_kl: 3.257393799138697e-10, update_epoch: 4, num_batch: 4
[2026-10-09 14:11:03,641][agent.finetune.train_ppo_diffusion_agent][INFO] - 81: step  5840000 | loss   0.0023 | pg loss   0.0001 | value loss   0.0044 | bc loss   0.0000 | reward -291.6251 | eta   1.0000 | t: 58.5925 | kl_true_per_action=1.7711100713242098e-06 | logratio_p99=0.0 | clamp_hit_frac=0.0006854166666666666
Processed step 0 of 500
Processed step 10 of 500
Processed step 20 of 500
Processed step 30 of 500
Processed step 40 of 500
Processed step 50 of 500
Processed step 60 of 500
Processed step 70 of 500
Processed step 80 of 500
Processed step 90 of 500
Processed step 100 of 500
Processed step 110 of 500
Processed step 120 of 500
Processed step 130 of 500
Processed step 140 of 500
Processed step 150 of 500
Processed step 160 of 500
Processed step 170 of 500
Processed step 180 of 500
Processed step 190 of 500
Processed step 200 of 500
Processed step 210 of 500
Processed step 220 of 500
Processed step 230 of 500
Processed step 240 of 500
Processed step 250 of 500
Processed step 260 of 500
Processed step 270 of 500
Processed step 280 of 500
Processed step 290 of 500
Processed step 300 of 500
Processed step 310 of 500
Processed step 320 of 500
Processed step 330 of 500
Processed step 340 of 500
Processed step 350 of 500
Processed step 360 of 500
Processed step 370 of 500
Processed step 380 of 500
Processed step 390 of 500
Processed step 400 of 500
Processed step 410 of 500
Processed step 420 of 500
Processed step 430 of 500
Processed step 440 of 500
Processed step 450 of 500
Processed step 460 of 500
Processed step 470 of 500
Processed step 480 of 500
Processed step 490 of 500
[2026-10-09 14:11:19,665][agent.finetune.train_ppo_diffusion_agent][INFO] - approx_kl: 0.0, update_epoch: 0, num_batch: 4
[2026-10-09 14:11:21,796][agent.finetune.train_ppo_diffusion_agent][INFO] - approx_kl: 1.7365964569138193e-11, update_epoch: 0, num_batch: 4
[2026-10-09 14:11:24,032][agent.finetune.train_ppo_diffusion_agent][INFO] - approx_kl: 3.7439166350461406e-11, update_epoch: 0, num_batch: 4
[2026-10-09 14:11:26,273][agent.finetune.train_ppo_diffusion_agent][INFO] - approx_kl: 4.1052699434329654e-11, update_epoch: 0, num_batch: 4
[2026-10-09 14:11:28,600][agent.finetune.train_ppo_diffusion_agent][INFO] - approx_kl: 4.586996407707211e-11, update_epoch: 1, num_batch: 4
[2026-10-09 14:11:30,753][agent.finetune.train_ppo_diffusion_agent][INFO] - approx_kl: 4.2300669911288225e-11, update_epoch: 1, num_batch: 4
[2026-10-09 14:11:32,995][agent.finetune.train_ppo_diffusion_agent][INFO] - approx_kl: 5.859881330172456e-11, update_epoch: 1, num_batch: 4
[2026-10-09 14:11:35,239][agent.finetune.train_ppo_diffusion_agent][INFO] - approx_kl: 7.163151322098216e-11, update_epoch: 1, num_batch: 4
[2026-10-09 14:11:37,659][agent.finetune.train_ppo_diffusion_agent][INFO] - approx_kl: 7.734633766798282e-11, update_epoch: 2, num_batch: 4
[2026-10-09 14:11:39,834][agent.finetune.train_ppo_diffusion_agent][INFO] - approx_kl: 1.0360614449700378e-10, update_epoch: 2, num_batch: 4
[2026-10-09 14:11:42,097][agent.finetune.train_ppo_diffusion_agent][INFO] - approx_kl: 1.0640126973937569e-10, update_epoch: 2, num_batch: 4
[2026-10-09 14:11:44,338][agent.finetune.train_ppo_diffusion_agent][INFO] - approx_kl: 1.4320016006319491e-10, update_epoch: 2, num_batch: 4
[2026-10-09 14:11:46,711][agent.finetune.train_ppo_diffusion_agent][INFO] - approx_kl: 1.694878959401791e-10, update_epoch: 3, num_batch: 4
[2026-10-09 14:11:48,885][agent.finetune.train_ppo_diffusion_agent][INFO] - approx_kl: 1.4625139987956004e-10, update_epoch: 3, num_batch: 4
[2026-10-09 14:11:51,147][agent.finetune.train_ppo_diffusion_agent][INFO] - approx_kl: 1.6734003072116366e-10, update_epoch: 3, num_batch: 4
[2026-10-09 14:11:53,387][agent.finetune.train_ppo_diffusion_agent][INFO] - approx_kl: 1.4886260280011498e-10, update_epoch: 3, num_batch: 4
[2026-10-09 14:11:55,715][agent.finetune.train_ppo_diffusion_agent][INFO] - approx_kl: 2.1680490736031288e-10, update_epoch: 4, num_batch: 4
[2026-10-09 14:11:57,841][agent.finetune.train_ppo_diffusion_agent][INFO] - approx_kl: 2.2441788705140908e-10, update_epoch: 4, num_batch: 4
[2026-10-09 14:12:00,053][agent.finetune.train_ppo_diffusion_agent][INFO] - approx_kl: 2.1285376239355003e-10, update_epoch: 4, num_batch: 4
[2026-10-09 14:12:02,286][agent.finetune.train_ppo_diffusion_agent][INFO] - approx_kl: 3.4022609729511544e-10, update_epoch: 4, num_batch: 4
[2026-10-09 14:12:02,305][agent.finetune.train_ppo_diffusion_agent][INFO] - 82: step  5920000 | loss   0.0020 | pg loss   0.0001 | value loss   0.0039 | bc loss   0.0000 | reward -227.1616 | eta   1.0000 | t: 58.6647 | kl_true_per_action=1.771557769303009e-06 | logratio_p99=0.0 | clamp_hit_frac=0.00079375
Processed step 0 of 500
Processed step 10 of 500
Processed step 20 of 500
Processed step 30 of 500
Processed step 40 of 500
Processed step 50 of 500
Processed step 60 of 500
Processed step 70 of 500
Processed step 80 of 500
Processed step 90 of 500
Processed step 100 of 500
Processed step 110 of 500
Processed step 120 of 500
Processed step 130 of 500
Processed step 140 of 500
Processed step 150 of 500
Processed step 160 of 500
Processed step 170 of 500
Processed step 180 of 500
Processed step 190 of 500
Processed step 200 of 500
Processed step 210 of 500
Processed step 220 of 500
Processed step 230 of 500
Processed step 240 of 500
Processed step 250 of 500
Processed step 260 of 500
Processed step 270 of 500
Processed step 280 of 500
Processed step 290 of 500
Processed step 300 of 500
Processed step 310 of 500
Processed step 320 of 500
Processed step 330 of 500
Processed step 340 of 500
Processed step 350 of 500
Processed step 360 of 500
Processed step 370 of 500
Processed step 380 of 500
Processed step 390 of 500
Processed step 400 of 500
Processed step 410 of 500
Processed step 420 of 500
Processed step 430 of 500
Processed step 440 of 500
Processed step 450 of 500
Processed step 460 of 500
Processed step 470 of 500
Processed step 480 of 500
Processed step 490 of 500
[2026-10-09 14:12:18,246][agent.finetune.train_ppo_diffusion_agent][INFO] - approx_kl: 0.0, update_epoch: 0, num_batch: 4
[2026-10-09 14:12:20,362][agent.finetune.train_ppo_diffusion_agent][INFO] - approx_kl: 1.713633575317619e-11, update_epoch: 0, num_batch: 4
[2026-10-09 14:12:22,590][agent.finetune.train_ppo_diffusion_agent][INFO] - approx_kl: 2.6077031159421615e-11, update_epoch: 0, num_batch: 4
[2026-10-09 14:12:24,938][agent.finetune.train_ppo_diffusion_agent][INFO] - approx_kl: 4.224944699648958e-11, update_epoch: 0, num_batch: 4
[2026-10-09 14:12:27,099][agent.finetune.train_ppo_diffusion_agent][INFO] - approx_kl: 8.013099211945374e-11, update_epoch: 1, num_batch: 4
[2026-10-09 14:12:29,332][agent.finetune.train_ppo_diffusion_agent][INFO] - approx_kl: 1.0575400277712532e-10, update_epoch: 1, num_batch: 4
[2026-10-09 14:12:31,570][agent.finetune.train_ppo_diffusion_agent][INFO] - approx_kl: 1.9011553442638274e-10, update_epoch: 1, num_batch: 4
[2026-10-09 14:12:33,915][agent.finetune.train_ppo_diffusion_agent][INFO] - approx_kl: 1.8805264290211454e-10, update_epoch: 1, num_batch: 4
[2026-10-09 14:12:36,085][agent.finetune.train_ppo_diffusion_agent][INFO] - approx_kl: 3.5139730014677184e-10, update_epoch: 2, num_batch: 4
[2026-10-09 14:12:38,349][agent.finetune.train_ppo_diffusion_agent][INFO] - approx_kl: 5.49564116436585e-10, update_epoch: 2, num_batch: 4
[2026-10-09 14:12:40,584][agent.finetune.train_ppo_diffusion_agent][INFO] - approx_kl: 4.390161290057648e-10, update_epoch: 2, num_batch: 4
[2026-10-09 14:12:42,937][agent.finetune.train_ppo_diffusion_agent][INFO] - approx_kl: 8.895992831270405e-10, update_epoch: 2, num_batch: 4
[2026-10-09 14:12:45,096][agent.finetune.train_ppo_diffusion_agent][INFO] - approx_kl: 8.237361903695728e-10, update_epoch: 3, num_batch: 4
[2026-10-09 14:12:47,317][agent.finetune.train_ppo_diffusion_agent][INFO] - approx_kl: 1.2882053201934696e-09, update_epoch: 3, num_batch: 4
[2026-10-09 14:12:49,549][agent.finetune.train_ppo_diffusion_agent][INFO] - approx_kl: 1.8009636004734375e-09, update_epoch: 3, num_batch: 4
[2026-10-09 14:12:51,894][agent.finetune.train_ppo_diffusion_agent][INFO] - approx_kl: 2.5289108585013764e-09, update_epoch: 3, num_batch: 4
[2026-10-09 14:12:54,053][agent.finetune.train_ppo_diffusion_agent][INFO] - approx_kl: 2.5086732691192992e-09, update_epoch: 4, num_batch: 4
[2026-10-09 14:12:56,303][agent.finetune.train_ppo_diffusion_agent][INFO] - approx_kl: 3.2374076752716974e-09, update_epoch: 4, num_batch: 4
[2026-10-09 14:12:58,529][agent.finetune.train_ppo_diffusion_agent][INFO] - approx_kl: 3.4542939619797153e-09, update_epoch: 4, num_batch: 4
[2026-10-09 14:13:00,885][agent.finetune.train_ppo_diffusion_agent][INFO] - approx_kl: 4.665488440025456e-09, update_epoch: 4, num_batch: 4
[2026-10-09 14:13:00,902][agent.finetune.train_ppo_diffusion_agent][INFO] - 83: step  6000000 | loss   0.0021 | pg loss   0.0000 | value loss   0.0042 | bc loss   0.0000 | reward -269.5920 | eta   1.0000 | t: 58.5971 | kl_true_per_action=2.2350116996826535e-05 | logratio_p99=0.0 | clamp_hit_frac=0.0007791666666666666
Processed step 0 of 500
Processed step 10 of 500
Processed step 20 of 500
Processed step 30 of 500
Processed step 40 of 500
Processed step 50 of 500
Processed step 60 of 500
Processed step 70 of 500
Processed step 80 of 500
Processed step 90 of 500
Processed step 100 of 500
Processed step 110 of 500
Processed step 120 of 500
Processed step 130 of 500
Processed step 140 of 500
Processed step 150 of 500
Processed step 160 of 500
Processed step 170 of 500
Processed step 180 of 500
Processed step 190 of 500
Processed step 200 of 500
Processed step 210 of 500
Processed step 220 of 500
Processed step 230 of 500
Processed step 240 of 500
Processed step 250 of 500
Processed step 260 of 500
Processed step 270 of 500
Processed step 280 of 500
Processed step 290 of 500
Processed step 300 of 500
Processed step 310 of 500
Processed step 320 of 500
Processed step 330 of 500
Processed step 340 of 500
Processed step 350 of 500
Processed step 360 of 500
Processed step 370 of 500
Processed step 380 of 500
Processed step 390 of 500
Processed step 400 of 500
Processed step 410 of 500
Processed step 420 of 500
Processed step 430 of 500
Processed step 440 of 500
Processed step 450 of 500
Processed step 460 of 500
Processed step 470 of 500
Processed step 480 of 500
Processed step 490 of 500
[2026-10-09 14:13:16,594][agent.finetune.train_ppo_diffusion_agent][INFO] - approx_kl: 0.0, update_epoch: 0, num_batch: 4
[2026-10-09 14:13:18,840][agent.finetune.train_ppo_diffusion_agent][INFO] - approx_kl: 3.587454638909193e-11, update_epoch: 0, num_batch: 4
[2026-10-09 14:13:21,100][agent.finetune.train_ppo_diffusion_agent][INFO] - approx_kl: 1.1614523232061913e-10, update_epoch: 0, num_batch: 4
[2026-10-09 14:13:23,430][agent.finetune.train_ppo_diffusion_agent][INFO] - approx_kl: 1.3876705340365447e-10, update_epoch: 0, num_batch: 4
[2026-10-09 14:13:25,582][agent.finetune.train_ppo_diffusion_agent][INFO] - approx_kl: 2.8938054730254237e-10, update_epoch: 1, num_batch: 4
[2026-10-09 14:13:27,814][agent.finetune.train_ppo_diffusion_agent][INFO] - approx_kl: 2.7378088685026114e-10, update_epoch: 1, num_batch: 4
[2026-10-09 14:13:30,051][agent.finetune.train_ppo_diffusion_agent][INFO] - approx_kl: 5.028769067827454e-10, update_epoch: 1, num_batch: 4
[2026-10-09 14:13:32,384][agent.finetune.train_ppo_diffusion_agent][INFO] - approx_kl: 6.26239893275482e-10, update_epoch: 1, num_batch: 4
[2026-10-09 14:13:34,535][agent.finetune.train_ppo_diffusion_agent][INFO] - approx_kl: 9.595881866886202e-10, update_epoch: 2, num_batch: 4
[2026-10-09 14:13:36,773][agent.finetune.train_ppo_diffusion_agent][INFO] - approx_kl: 7.897801301837148e-10, update_epoch: 2, num_batch: 4
[2026-10-09 14:13:39,014][agent.finetune.train_ppo_diffusion_agent][INFO] - approx_kl: 1.0427086971631638e-09, update_epoch: 2, num_batch: 4
[2026-10-09 14:13:41,346][agent.finetune.train_ppo_diffusion_agent][INFO] - approx_kl: 8.588470490344946e-10, update_epoch: 2, num_batch: 4
[2026-10-09 14:13:43,496][agent.finetune.train_ppo_diffusion_agent][INFO] - approx_kl: 1.7441249555716354e-09, update_epoch: 3, num_batch: 4
[2026-10-09 14:13:45,740][agent.finetune.train_ppo_diffusion_agent][INFO] - approx_kl: 1.3749393845685631e-09, update_epoch: 3, num_batch: 4
[2026-10-09 14:13:47,978][agent.finetune.train_ppo_diffusion_agent][INFO] - approx_kl: 1.4943908333009404e-09, update_epoch: 3, num_batch: 4
[2026-10-09 14:13:50,289][agent.finetune.train_ppo_diffusion_agent][INFO] - approx_kl: 1.7808005070563127e-09, update_epoch: 3, num_batch: 4
[2026-10-09 14:13:52,439][agent.finetune.train_ppo_diffusion_agent][INFO] - approx_kl: 2.1585075948848953e-09, update_epoch: 4, num_batch: 4
[2026-10-09 14:13:54,689][agent.finetune.train_ppo_diffusion_agent][INFO] - approx_kl: 2.577891455857184e-09, update_epoch: 4, num_batch: 4
[2026-10-09 14:13:56,931][agent.finetune.train_ppo_diffusion_agent][INFO] - approx_kl: 2.0646488962938747e-09, update_epoch: 4, num_batch: 4
[2026-10-09 14:13:59,227][agent.finetune.train_ppo_diffusion_agent][INFO] - approx_kl: 2.087401140826728e-09, update_epoch: 4, num_batch: 4
[2026-10-09 14:13:59,246][agent.finetune.train_ppo_diffusion_agent][INFO] - 84: step  6080000 | loss   0.0021 | pg loss  -0.0000 | value loss   0.0043 | bc loss   0.0000 | reward -268.4759 | eta   1.0000 | t: 58.3438 | kl_true_per_action=1.3851769263733078e-05 | logratio_p99=0.0 | clamp_hit_frac=0.0007520833333333333
Processed step 0 of 500
Processed step 10 of 500
Processed step 20 of 500
Processed step 30 of 500
Processed step 40 of 500
Processed step 50 of 500
Processed step 60 of 500
Processed step 70 of 500
Processed step 80 of 500
Processed step 90 of 500
Processed step 100 of 500
Processed step 110 of 500
Processed step 120 of 500
Processed step 130 of 500
Processed step 140 of 500
Processed step 150 of 500
Processed step 160 of 500
Processed step 170 of 500
Processed step 180 of 500
Processed step 190 of 500
Processed step 200 of 500
Processed step 210 of 500
Processed step 220 of 500
Processed step 230 of 500
Processed step 240 of 500
Processed step 250 of 500
Processed step 260 of 500
Processed step 270 of 500
Processed step 280 of 500
Processed step 290 of 500
Processed step 300 of 500
Processed step 310 of 500
Processed step 320 of 500
Processed step 330 of 500
Processed step 340 of 500
Processed step 350 of 500
Processed step 360 of 500
Processed step 370 of 500
Processed step 380 of 500
Processed step 390 of 500
Processed step 400 of 500
Processed step 410 of 500
Processed step 420 of 500
Processed step 430 of 500
Processed step 440 of 500
Processed step 450 of 500
Processed step 460 of 500
Processed step 470 of 500
Processed step 480 of 500
Processed step 490 of 500
[2026-10-09 14:14:15,017][agent.finetune.train_ppo_diffusion_agent][INFO] - approx_kl: 0.0, update_epoch: 0, num_batch: 4
[2026-10-09 14:14:17,255][agent.finetune.train_ppo_diffusion_agent][INFO] - approx_kl: 9.05245496618523e-12, update_epoch: 0, num_batch: 4
[2026-10-09 14:14:19,487][agent.finetune.train_ppo_diffusion_agent][INFO] - approx_kl: 1.5161930738694096e-11, update_epoch: 0, num_batch: 4
[2026-10-09 14:14:21,798][agent.finetune.train_ppo_diffusion_agent][INFO] - approx_kl: 3.4505499152404084e-11, update_epoch: 0, num_batch: 4
[2026-10-09 14:14:23,986][agent.finetune.train_ppo_diffusion_agent][INFO] - approx_kl: 4.1481106743956886e-11, update_epoch: 1, num_batch: 4
[2026-10-09 14:14:26,227][agent.finetune.train_ppo_diffusion_agent][INFO] - approx_kl: 1.0876683581573232e-10, update_epoch: 1, num_batch: 4
[2026-10-09 14:14:28,478][agent.finetune.train_ppo_diffusion_agent][INFO] - approx_kl: 1.26390953258948e-10, update_epoch: 1, num_batch: 4
[2026-10-09 14:14:30,819][agent.finetune.train_ppo_diffusion_agent][INFO] - approx_kl: 2.2568739932449233e-10, update_epoch: 1, num_batch: 4
[2026-10-09 14:14:33,016][agent.finetune.train_ppo_diffusion_agent][INFO] - approx_kl: 4.1222197877388567e-10, update_epoch: 2, num_batch: 4
[2026-10-09 14:14:35,269][agent.finetune.train_ppo_diffusion_agent][INFO] - approx_kl: 3.750529053991869e-10, update_epoch: 2, num_batch: 4
[2026-10-09 14:14:37,506][agent.finetune.train_ppo_diffusion_agent][INFO] - approx_kl: 4.043895773797601e-10, update_epoch: 2, num_batch: 4
[2026-10-09 14:14:39,834][agent.finetune.train_ppo_diffusion_agent][INFO] - approx_kl: 7.21800563763253e-10, update_epoch: 2, num_batch: 4
[2026-10-09 14:14:41,993][agent.finetune.train_ppo_diffusion_agent][INFO] - approx_kl: 1.1116358944462945e-09, update_epoch: 3, num_batch: 4
[2026-10-09 14:14:44,242][agent.finetune.train_ppo_diffusion_agent][INFO] - approx_kl: 1.1987634218613152e-09, update_epoch: 3, num_batch: 4
[2026-10-09 14:14:46,486][agent.finetune.train_ppo_diffusion_agent][INFO] - approx_kl: 1.827713536073361e-09, update_epoch: 3, num_batch: 4
[2026-10-09 14:14:48,781][agent.finetune.train_ppo_diffusion_agent][INFO] - approx_kl: 1.242132841028365e-09, update_epoch: 3, num_batch: 4
[2026-10-09 14:14:50,908][agent.finetune.train_ppo_diffusion_agent][INFO] - approx_kl: 2.8942874763515647e-09, update_epoch: 4, num_batch: 4
[2026-10-09 14:14:53,176][agent.finetune.train_ppo_diffusion_agent][INFO] - approx_kl: 2.4276691767965985e-09, update_epoch: 4, num_batch: 4
[2026-10-09 14:14:55,438][agent.finetune.train_ppo_diffusion_agent][INFO] - approx_kl: 2.684956257326121e-09, update_epoch: 4, num_batch: 4
[2026-10-09 14:14:57,753][agent.finetune.train_ppo_diffusion_agent][INFO] - approx_kl: 3.748268362357976e-09, update_epoch: 4, num_batch: 4
[2026-10-09 14:14:57,772][agent.finetune.train_ppo_diffusion_agent][INFO] - 85: step  6160000 | loss   0.0024 | pg loss   0.0002 | value loss   0.0043 | bc loss   0.0000 | reward -308.5415 | eta   1.0000 | t: 58.5260 | kl_true_per_action=1.6863947376762855e-05 | logratio_p99=0.0 | clamp_hit_frac=0.0007583333333333333
Processed step 0 of 500
Processed step 10 of 500
Processed step 20 of 500
Processed step 30 of 500
Processed step 40 of 500
Processed step 50 of 500
Processed step 60 of 500
Processed step 70 of 500
Processed step 80 of 500
Processed step 90 of 500
Processed step 100 of 500
Processed step 110 of 500
Processed step 120 of 500
Processed step 130 of 500
Processed step 140 of 500
Processed step 150 of 500
Processed step 160 of 500
Processed step 170 of 500
Processed step 180 of 500
Processed step 190 of 500
Processed step 200 of 500
Processed step 210 of 500
Processed step 220 of 500
Processed step 230 of 500
Processed step 240 of 500
Processed step 250 of 500
Processed step 260 of 500
Processed step 270 of 500
Processed step 280 of 500
Processed step 290 of 500
Processed step 300 of 500
Processed step 310 of 500
Processed step 320 of 500
Processed step 330 of 500
Processed step 340 of 500
Processed step 350 of 500
Processed step 360 of 500
Processed step 370 of 500
Processed step 380 of 500
Processed step 390 of 500
Processed step 400 of 500
Processed step 410 of 500
Processed step 420 of 500
Processed step 430 of 500
Processed step 440 of 500
Processed step 450 of 500
Processed step 460 of 500
Processed step 470 of 500
Processed step 480 of 500
Processed step 490 of 500
[2026-10-09 14:15:13,511][agent.finetune.train_ppo_diffusion_agent][INFO] - approx_kl: 0.0, update_epoch: 0, num_batch: 4
[2026-10-09 14:15:15,754][agent.finetune.train_ppo_diffusion_agent][INFO] - approx_kl: 5.4668634202892363e-11, update_epoch: 0, num_batch: 4
[2026-10-09 14:15:17,990][agent.finetune.train_ppo_diffusion_agent][INFO] - approx_kl: 1.0011717149760457e-10, update_epoch: 0, num_batch: 4
[2026-10-09 14:15:20,321][agent.finetune.train_ppo_diffusion_agent][INFO] - approx_kl: 1.9803278461516527e-10, update_epoch: 0, num_batch: 4
[2026-10-09 14:15:22,472][agent.finetune.train_ppo_diffusion_agent][INFO] - approx_kl: 2.0640551767758808e-10, update_epoch: 1, num_batch: 4
[2026-10-09 14:15:24,741][agent.finetune.train_ppo_diffusion_agent][INFO] - approx_kl: 2.74595790550336e-10, update_epoch: 1, num_batch: 4
[2026-10-09 14:15:26,972][agent.finetune.train_ppo_diffusion_agent][INFO] - approx_kl: 2.887146355323722e-10, update_epoch: 1, num_batch: 4
[2026-10-09 14:15:29,296][agent.finetune.train_ppo_diffusion_agent][INFO] - approx_kl: 2.8178706590331615e-10, update_epoch: 1, num_batch: 4
[2026-10-09 14:15:31,443][agent.finetune.train_ppo_diffusion_agent][INFO] - approx_kl: 2.921826669499694e-10, update_epoch: 2, num_batch: 4
[2026-10-09 14:15:33,674][agent.finetune.train_ppo_diffusion_agent][INFO] - approx_kl: 2.6756286075624303e-10, update_epoch: 2, num_batch: 4
[2026-10-09 14:15:35,915][agent.finetune.train_ppo_diffusion_agent][INFO] - approx_kl: 1.8117017608343389e-10, update_epoch: 2, num_batch: 4
[2026-10-09 14:15:38,243][agent.finetune.train_ppo_diffusion_agent][INFO] - approx_kl: 1.1637341090775521e-10, update_epoch: 2, num_batch: 4
[2026-10-09 14:15:40,395][agent.finetune.train_ppo_diffusion_agent][INFO] - approx_kl: 1.0084360430040462e-10, update_epoch: 3, num_batch: 4
[2026-10-09 14:15:42,625][agent.finetune.train_ppo_diffusion_agent][INFO] - approx_kl: 9.62242438506955e-11, update_epoch: 3, num_batch: 4
[2026-10-09 14:15:44,862][agent.finetune.train_ppo_diffusion_agent][INFO] - approx_kl: 6.686583231552135e-11, update_epoch: 3, num_batch: 4
[2026-10-09 14:15:47,168][agent.finetune.train_ppo_diffusion_agent][INFO] - approx_kl: 6.53299497832549e-11, update_epoch: 3, num_batch: 4
[2026-10-09 14:15:49,315][agent.finetune.train_ppo_diffusion_agent][INFO] - approx_kl: 5.7802533592887784e-11, update_epoch: 4, num_batch: 4
[2026-10-09 14:15:51,535][agent.finetune.train_ppo_diffusion_agent][INFO] - approx_kl: 1.1879018602112268e-10, update_epoch: 4, num_batch: 4
[2026-10-09 14:15:53,788][agent.finetune.train_ppo_diffusion_agent][INFO] - approx_kl: 1.6259495139170355e-10, update_epoch: 4, num_batch: 4
[2026-10-09 14:15:56,143][agent.finetune.train_ppo_diffusion_agent][INFO] - approx_kl: 1.3994679026740897e-10, update_epoch: 4, num_batch: 4
[2026-10-09 14:15:56,161][agent.finetune.train_ppo_diffusion_agent][INFO] - 86: step  6240000 | loss   0.0020 | pg loss  -0.0001 | value loss   0.0040 | bc loss   0.0000 | reward -219.9348 | eta   1.0000 | t: 58.3891 | kl_true_per_action=1.4669335016815775e-06 | logratio_p99=0.0 | clamp_hit_frac=0.0007645833333333334
Processed step 0 of 500
Processed step 10 of 500
Processed step 20 of 500
Processed step 30 of 500
Processed step 40 of 500
Processed step 50 of 500
Processed step 60 of 500
Processed step 70 of 500
Processed step 80 of 500
Processed step 90 of 500
Processed step 100 of 500
Processed step 110 of 500
Processed step 120 of 500
Processed step 130 of 500
Processed step 140 of 500
Processed step 150 of 500
Processed step 160 of 500
Processed step 170 of 500
Processed step 180 of 500
Processed step 190 of 500
Processed step 200 of 500
Processed step 210 of 500
Processed step 220 of 500
Processed step 230 of 500
Processed step 240 of 500
Processed step 250 of 500
Processed step 260 of 500
Processed step 270 of 500
Processed step 280 of 500
Processed step 290 of 500
Processed step 300 of 500
Processed step 310 of 500
Processed step 320 of 500
Processed step 330 of 500
Processed step 340 of 500
Processed step 350 of 500
Processed step 360 of 500
Processed step 370 of 500
Processed step 380 of 500
Processed step 390 of 500
Processed step 400 of 500
Processed step 410 of 500
Processed step 420 of 500
Processed step 430 of 500
Processed step 440 of 500
Processed step 450 of 500
Processed step 460 of 500
Processed step 470 of 500
Processed step 480 of 500
Processed step 490 of 500
[2026-10-09 14:16:11,832][agent.finetune.train_ppo_diffusion_agent][INFO] - approx_kl: 0.0, update_epoch: 0, num_batch: 4
[2026-10-09 14:16:14,026][agent.finetune.train_ppo_diffusion_agent][INFO] - approx_kl: 3.478489718489186e-11, update_epoch: 0, num_batch: 4
[2026-10-09 14:16:16,322][agent.finetune.train_ppo_diffusion_agent][INFO] - approx_kl: 6.061978696791925e-11, update_epoch: 0, num_batch: 4
[2026-10-09 14:16:18,462][agent.finetune.train_ppo_diffusion_agent][INFO] - approx_kl: 1.0125338761879377e-10, update_epoch: 0, num_batch: 4
[2026-10-09 14:16:20,667][agent.finetune.train_ppo_diffusion_agent][INFO] - approx_kl: 1.0001006967019777e-10, update_epoch: 1, num_batch: 4
[2026-10-09 14:16:22,927][agent.finetune.train_ppo_diffusion_agent][INFO] - approx_kl: 1.6312114159422464e-10, update_epoch: 1, num_batch: 4
[2026-10-09 14:16:25,270][agent.finetune.train_ppo_diffusion_agent][INFO] - approx_kl: 1.5679746390162563e-10, update_epoch: 1, num_batch: 4
[2026-10-09 14:16:27,457][agent.finetune.train_ppo_diffusion_agent][INFO] - approx_kl: 1.6463687357859413e-10, update_epoch: 1, num_batch: 4
[2026-10-09 14:16:29,700][agent.finetune.train_ppo_diffusion_agent][INFO] - approx_kl: 1.461058773966073e-10, update_epoch: 2, num_batch: 4
[2026-10-09 14:16:31,965][agent.finetune.train_ppo_diffusion_agent][INFO] - approx_kl: 2.6105204109505564e-10, update_epoch: 2, num_batch: 4
[2026-10-09 14:16:34,329][agent.finetune.train_ppo_diffusion_agent][INFO] - approx_kl: 1.8597347273274778e-10, update_epoch: 2, num_batch: 4
[2026-10-09 14:16:36,510][agent.finetune.train_ppo_diffusion_agent][INFO] - approx_kl: 1.8803401891087645e-10, update_epoch: 2, num_batch: 4
[2026-10-09 14:16:38,720][agent.finetune.train_ppo_diffusion_agent][INFO] - approx_kl: 1.6148085646428e-10, update_epoch: 3, num_batch: 4
[2026-10-09 14:16:40,947][agent.finetune.train_ppo_diffusion_agent][INFO] - approx_kl: 1.9282102303730397e-10, update_epoch: 3, num_batch: 4
[2026-10-09 14:16:43,288][agent.finetune.train_ppo_diffusion_agent][INFO] - approx_kl: 2.1470709932192023e-10, update_epoch: 3, num_batch: 4
[2026-10-09 14:16:45,442][agent.finetune.train_ppo_diffusion_agent][INFO] - approx_kl: 1.628603779613158e-10, update_epoch: 3, num_batch: 4
[2026-10-09 14:16:47,655][agent.finetune.train_ppo_diffusion_agent][INFO] - approx_kl: 1.8343329633019323e-10, update_epoch: 4, num_batch: 4
[2026-10-09 14:16:49,872][agent.finetune.train_ppo_diffusion_agent][INFO] - approx_kl: 1.3812444243921362e-10, update_epoch: 4, num_batch: 4
[2026-10-09 14:16:52,206][agent.finetune.train_ppo_diffusion_agent][INFO] - approx_kl: 1.1081806999824195e-10, update_epoch: 4, num_batch: 4
[2026-10-09 14:16:54,358][agent.finetune.train_ppo_diffusion_agent][INFO] - approx_kl: 1.0792165772155471e-10, update_epoch: 4, num_batch: 4
[2026-10-09 14:16:54,377][agent.finetune.train_ppo_diffusion_agent][INFO] - 87: step  6320000 | loss   0.0021 | pg loss  -0.0001 | value loss   0.0045 | bc loss   0.0000 | reward -287.3701 | eta   1.0000 | t: 58.2162 | kl_true_per_action=4.811304222872992e-07 | logratio_p99=0.0 | clamp_hit_frac=0.0008583333333333333
Processed step 0 of 500
Processed step 10 of 500
Processed step 20 of 500
Processed step 30 of 500
Processed step 40 of 500
Processed step 50 of 500
Processed step 60 of 500
Processed step 70 of 500
Processed step 80 of 500
Processed step 90 of 500
Processed step 100 of 500
Processed step 110 of 500
Processed step 120 of 500
Processed step 130 of 500
Processed step 140 of 500
Processed step 150 of 500
Processed step 160 of 500
Processed step 170 of 500
Processed step 180 of 500
Processed step 190 of 500
Processed step 200 of 500
Processed step 210 of 500
Processed step 220 of 500
Processed step 230 of 500
Processed step 240 of 500
Processed step 250 of 500
Processed step 260 of 500
Processed step 270 of 500
Processed step 280 of 500
Processed step 290 of 500
Processed step 300 of 500
Processed step 310 of 500
Processed step 320 of 500
Processed step 330 of 500
Processed step 340 of 500
Processed step 350 of 500
Processed step 360 of 500
Processed step 370 of 500
Processed step 380 of 500
Processed step 390 of 500
Processed step 400 of 500
Processed step 410 of 500
Processed step 420 of 500
Processed step 430 of 500
Processed step 440 of 500
Processed step 450 of 500
Processed step 460 of 500
Processed step 470 of 500
Processed step 480 of 500
Processed step 490 of 500
[2026-10-09 14:17:10,163][agent.finetune.train_ppo_diffusion_agent][INFO] - approx_kl: 0.0, update_epoch: 0, num_batch: 4
[2026-10-09 14:17:12,392][agent.finetune.train_ppo_diffusion_agent][INFO] - approx_kl: 2.415152279555688e-11, update_epoch: 0, num_batch: 4
[2026-10-09 14:17:14,692][agent.finetune.train_ppo_diffusion_agent][INFO] - approx_kl: 4.930887295695463e-11, update_epoch: 0, num_batch: 4
[2026-10-09 14:17:16,840][agent.finetune.train_ppo_diffusion_agent][INFO] - approx_kl: 6.124377394112202e-11, update_epoch: 0, num_batch: 4
[2026-10-09 14:17:19,113][agent.finetune.train_ppo_diffusion_agent][INFO] - approx_kl: 4.872679690293147e-11, update_epoch: 1, num_batch: 4
[2026-10-09 14:17:21,326][agent.finetune.train_ppo_diffusion_agent][INFO] - approx_kl: 8.232891451909197e-11, update_epoch: 1, num_batch: 4
[2026-10-09 14:17:23,671][agent.finetune.train_ppo_diffusion_agent][INFO] - approx_kl: 5.965586358236408e-11, update_epoch: 1, num_batch: 4
[2026-10-09 14:17:25,833][agent.finetune.train_ppo_diffusion_agent][INFO] - approx_kl: 9.339768541893889e-11, update_epoch: 1, num_batch: 4
[2026-10-09 14:17:28,082][agent.finetune.train_ppo_diffusion_agent][INFO] - approx_kl: 1.0589137205974097e-10, update_epoch: 2, num_batch: 4
[2026-10-09 14:17:30,320][agent.finetune.train_ppo_diffusion_agent][INFO] - approx_kl: 1.2554228490113672e-10, update_epoch: 2, num_batch: 4
[2026-10-09 14:17:32,666][agent.finetune.train_ppo_diffusion_agent][INFO] - approx_kl: 2.287980083170993e-10, update_epoch: 2, num_batch: 4
[2026-10-09 14:17:34,841][agent.finetune.train_ppo_diffusion_agent][INFO] - approx_kl: 2.8535024343412374e-10, update_epoch: 2, num_batch: 4
[2026-10-09 14:17:37,087][agent.finetune.train_ppo_diffusion_agent][INFO] - approx_kl: 3.3365563090193007e-10, update_epoch: 3, num_batch: 4
[2026-10-09 14:17:39,341][agent.finetune.train_ppo_diffusion_agent][INFO] - approx_kl: 4.777964135449508e-10, update_epoch: 3, num_batch: 4
[2026-10-09 14:17:41,694][agent.finetune.train_ppo_diffusion_agent][INFO] - approx_kl: 5.373684830445313e-10, update_epoch: 3, num_batch: 4
[2026-10-09 14:17:43,848][agent.finetune.train_ppo_diffusion_agent][INFO] - approx_kl: 6.406591368524062e-10, update_epoch: 3, num_batch: 4
[2026-10-09 14:17:46,089][agent.finetune.train_ppo_diffusion_agent][INFO] - approx_kl: 8.700787867965687e-10, update_epoch: 4, num_batch: 4
[2026-10-09 14:17:48,297][agent.finetune.train_ppo_diffusion_agent][INFO] - approx_kl: 1.0531860938911564e-09, update_epoch: 4, num_batch: 4
[2026-10-09 14:17:50,627][agent.finetune.train_ppo_diffusion_agent][INFO] - approx_kl: 1.3659265940546561e-09, update_epoch: 4, num_batch: 4
[2026-10-09 14:17:52,783][agent.finetune.train_ppo_diffusion_agent][INFO] - approx_kl: 8.523836636520343e-10, update_epoch: 4, num_batch: 4
[2026-10-09 14:17:52,802][agent.finetune.train_ppo_diffusion_agent][INFO] - 88: step  6400000 | loss   0.0022 | pg loss   0.0001 | value loss   0.0044 | bc loss   0.0000 | reward -316.0511 | eta   1.0000 | t: 58.4247 | kl_true_per_action=9.472062468496728e-06 | logratio_p99=0.0 | clamp_hit_frac=0.0008354166666666667
Processed step 0 of 500
Processed step 10 of 500
Processed step 20 of 500
Processed step 30 of 500
Processed step 40 of 500
Processed step 50 of 500
Processed step 60 of 500
Processed step 70 of 500
Processed step 80 of 500
Processed step 90 of 500
Processed step 100 of 500
Processed step 110 of 500
Processed step 120 of 500
Processed step 130 of 500
Processed step 140 of 500
Processed step 150 of 500
Processed step 160 of 500
Processed step 170 of 500
Processed step 180 of 500
Processed step 190 of 500
Processed step 200 of 500
Processed step 210 of 500
Processed step 220 of 500
Processed step 230 of 500
Processed step 240 of 500
Processed step 250 of 500
Processed step 260 of 500
Processed step 270 of 500
Processed step 280 of 500
Processed step 290 of 500
Processed step 300 of 500
Processed step 310 of 500
Processed step 320 of 500
Processed step 330 of 500
Processed step 340 of 500
Processed step 350 of 500
Processed step 360 of 500
Processed step 370 of 500
Processed step 380 of 500
Processed step 390 of 500
Processed step 400 of 500
Processed step 410 of 500
Processed step 420 of 500
Processed step 430 of 500
Processed step 440 of 500
Processed step 450 of 500
Processed step 460 of 500
Processed step 470 of 500
Processed step 480 of 500
Processed step 490 of 500
[2026-10-09 14:18:08,580][agent.finetune.train_ppo_diffusion_agent][INFO] - approx_kl: 0.0, update_epoch: 0, num_batch: 4
[2026-10-09 14:18:10,820][agent.finetune.train_ppo_diffusion_agent][INFO] - approx_kl: 2.6784836501536624e-11, update_epoch: 0, num_batch: 4
[2026-10-09 14:18:13,140][agent.finetune.train_ppo_diffusion_agent][INFO] - approx_kl: 4.796893091074672e-11, update_epoch: 0, num_batch: 4
[2026-10-09 14:18:15,263][agent.finetune.train_ppo_diffusion_agent][INFO] - approx_kl: 8.225440467635181e-11, update_epoch: 0, num_batch: 4
[2026-10-09 14:18:17,477][agent.finetune.train_ppo_diffusion_agent][INFO] - approx_kl: 1.1004507027845278e-10, update_epoch: 1, num_batch: 4
[2026-10-09 14:18:19,783][agent.finetune.train_ppo_diffusion_agent][INFO] - approx_kl: 2.2670719468376177e-10, update_epoch: 1, num_batch: 4
[2026-10-09 14:18:21,967][agent.finetune.train_ppo_diffusion_agent][INFO] - approx_kl: 3.7352321236028274e-10, update_epoch: 1, num_batch: 4
[2026-10-09 14:18:24,195][agent.finetune.train_ppo_diffusion_agent][INFO] - approx_kl: 5.384162005128701e-10, update_epoch: 1, num_batch: 4
[2026-10-09 14:18:26,441][agent.finetune.train_ppo_diffusion_agent][INFO] - approx_kl: 5.884561726787751e-10, update_epoch: 2, num_batch: 4
[2026-10-09 14:18:28,785][agent.finetune.train_ppo_diffusion_agent][INFO] - approx_kl: 9.77883996000628e-10, update_epoch: 2, num_batch: 4
[2026-10-09 14:18:30,930][agent.finetune.train_ppo_diffusion_agent][INFO] - approx_kl: 1.2546405026014895e-09, update_epoch: 2, num_batch: 4
[2026-10-09 14:18:33,169][agent.finetune.train_ppo_diffusion_agent][INFO] - approx_kl: 1.7351051706526732e-09, update_epoch: 2, num_batch: 4
[2026-10-09 14:18:35,401][agent.finetune.train_ppo_diffusion_agent][INFO] - approx_kl: 1.4735291875567214e-09, update_epoch: 3, num_batch: 4
[2026-10-09 14:18:37,732][agent.finetune.train_ppo_diffusion_agent][INFO] - approx_kl: 2.9113864652430266e-09, update_epoch: 3, num_batch: 4
[2026-10-09 14:18:39,883][agent.finetune.train_ppo_diffusion_agent][INFO] - approx_kl: 3.0786915239389145e-09, update_epoch: 3, num_batch: 4
[2026-10-09 14:18:42,132][agent.finetune.train_ppo_diffusion_agent][INFO] - approx_kl: 2.2860708881466962e-09, update_epoch: 3, num_batch: 4
[2026-10-09 14:18:44,390][agent.finetune.train_ppo_diffusion_agent][INFO] - approx_kl: 2.9487954300577712e-09, update_epoch: 4, num_batch: 4
[2026-10-09 14:18:46,716][agent.finetune.train_ppo_diffusion_agent][INFO] - approx_kl: 4.023797739449719e-09, update_epoch: 4, num_batch: 4
[2026-10-09 14:18:48,832][agent.finetune.train_ppo_diffusion_agent][INFO] - approx_kl: 5.942208058939968e-09, update_epoch: 4, num_batch: 4
[2026-10-09 14:18:51,097][agent.finetune.train_ppo_diffusion_agent][INFO] - approx_kl: 5.124947133339219e-09, update_epoch: 4, num_batch: 4
[2026-10-09 14:18:51,117][agent.finetune.train_ppo_diffusion_agent][INFO] - 89: step  6480000 | loss   0.0022 | pg loss   0.0000 | value loss   0.0044 | bc loss   0.0000 | reward -273.8231 | eta   1.0000 | t: 58.3146 | kl_true_per_action=4.6641196301416965e-05 | logratio_p99=0.0 | clamp_hit_frac=0.0008020833333333334
Processed step 0 of 500
Processed step 10 of 500
Processed step 20 of 500
Processed step 30 of 500
Processed step 40 of 500
Processed step 50 of 500
Processed step 60 of 500
Processed step 70 of 500
Processed step 80 of 500
Processed step 90 of 500
Processed step 100 of 500
Processed step 110 of 500
Processed step 120 of 500
Processed step 130 of 500
Processed step 140 of 500
Processed step 150 of 500
Processed step 160 of 500
Processed step 170 of 500
Processed step 180 of 500
Processed step 190 of 500
Processed step 200 of 500
Processed step 210 of 500
Processed step 220 of 500
Processed step 230 of 500
Processed step 240 of 500
Processed step 250 of 500
Processed step 260 of 500
Processed step 270 of 500
Processed step 280 of 500
Processed step 290 of 500
Processed step 300 of 500
Processed step 310 of 500
Processed step 320 of 500
Processed step 330 of 500
Processed step 340 of 500
Processed step 350 of 500
Processed step 360 of 500
Processed step 370 of 500
Processed step 380 of 500
Processed step 390 of 500
Processed step 400 of 500
Processed step 410 of 500
Processed step 420 of 500
Processed step 430 of 500
Processed step 440 of 500
Processed step 450 of 500
Processed step 460 of 500
Processed step 470 of 500
Processed step 480 of 500
Processed step 490 of 500
[2026-10-09 14:19:04,633][agent.finetune.train_ppo_diffusion_agent][INFO] - eval: success rate   0.0000 | avg episode reward -434.2294 | avg best reward   1.0457
Processed step 0 of 500
Processed step 10 of 500
Processed step 20 of 500
Processed step 30 of 500
Processed step 40 of 500
Processed step 50 of 500
Processed step 60 of 500
Processed step 70 of 500
Processed step 80 of 500
Processed step 90 of 500
Processed step 100 of 500
Processed step 110 of 500
Processed step 120 of 500
Processed step 130 of 500
Processed step 140 of 500
Processed step 150 of 500
Processed step 160 of 500
Processed step 170 of 500
Processed step 180 of 500
Processed step 190 of 500
Processed step 200 of 500
Processed step 210 of 500
Processed step 220 of 500
Processed step 230 of 500
Processed step 240 of 500
Processed step 250 of 500
Processed step 260 of 500
Processed step 270 of 500
Processed step 280 of 500
Processed step 290 of 500
Processed step 300 of 500
Processed step 310 of 500
Processed step 320 of 500
Processed step 330 of 500
Processed step 340 of 500
Processed step 350 of 500
Processed step 360 of 500
Processed step 370 of 500
Processed step 380 of 500
Processed step 390 of 500
Processed step 400 of 500
Processed step 410 of 500
Processed step 420 of 500
Processed step 430 of 500
Processed step 440 of 500
Processed step 450 of 500
Processed step 460 of 500
Processed step 470 of 500
Processed step 480 of 500
Processed step 490 of 500
[2026-10-09 14:19:20,410][agent.finetune.train_ppo_diffusion_agent][INFO] - approx_kl: 0.0, update_epoch: 0, num_batch: 4
[2026-10-09 14:19:22,752][agent.finetune.train_ppo_diffusion_agent][INFO] - approx_kl: 5.530193317171417e-11, update_epoch: 0, num_batch: 4
[2026-10-09 14:19:24,901][agent.finetune.train_ppo_diffusion_agent][INFO] - approx_kl: 8.928589118051278e-11, update_epoch: 0, num_batch: 4
[2026-10-09 14:19:27,139][agent.finetune.train_ppo_diffusion_agent][INFO] - approx_kl: 1.320708542529303e-10, update_epoch: 0, num_batch: 4
[2026-10-09 14:19:29,380][agent.finetune.train_ppo_diffusion_agent][INFO] - approx_kl: 1.7961952758493993e-10, update_epoch: 1, num_batch: 4
[2026-10-09 14:19:31,716][agent.finetune.train_ppo_diffusion_agent][INFO] - approx_kl: 2.210866628660213e-10, update_epoch: 1, num_batch: 4
[2026-10-09 14:19:33,878][agent.finetune.train_ppo_diffusion_agent][INFO] - approx_kl: 3.072339882503883e-10, update_epoch: 1, num_batch: 4
[2026-10-09 14:19:36,140][agent.finetune.train_ppo_diffusion_agent][INFO] - approx_kl: 3.1002797551415995e-10, update_epoch: 1, num_batch: 4
[2026-10-09 14:19:38,399][agent.finetune.train_ppo_diffusion_agent][INFO] - approx_kl: 2.940464816081345e-10, update_epoch: 2, num_batch: 4
[2026-10-09 14:19:40,738][agent.finetune.train_ppo_diffusion_agent][INFO] - approx_kl: 3.0631663872071613e-10, update_epoch: 2, num_batch: 4
[2026-10-09 14:19:42,894][agent.finetune.train_ppo_diffusion_agent][INFO] - approx_kl: 3.9600767109959634e-10, update_epoch: 2, num_batch: 4
[2026-10-09 14:19:45,144][agent.finetune.train_ppo_diffusion_agent][INFO] - approx_kl: 3.0064953304709263e-10, update_epoch: 2, num_batch: 4
[2026-10-09 14:19:47,384][agent.finetune.train_ppo_diffusion_agent][INFO] - approx_kl: 2.3268162396838932e-10, update_epoch: 3, num_batch: 4
[2026-10-09 14:19:49,692][agent.finetune.train_ppo_diffusion_agent][INFO] - approx_kl: 2.9165297954492075e-10, update_epoch: 3, num_batch: 4
[2026-10-09 14:19:51,805][agent.finetune.train_ppo_diffusion_agent][INFO] - approx_kl: 2.8571112142827815e-10, update_epoch: 3, num_batch: 4
[2026-10-09 14:19:54,057][agent.finetune.train_ppo_diffusion_agent][INFO] - approx_kl: 2.3473054056033504e-10, update_epoch: 3, num_batch: 4
[2026-10-09 14:19:56,313][agent.finetune.train_ppo_diffusion_agent][INFO] - approx_kl: 1.9528902106547008e-10, update_epoch: 4, num_batch: 4
[2026-10-09 14:19:58,621][agent.finetune.train_ppo_diffusion_agent][INFO] - approx_kl: 1.419521861167894e-10, update_epoch: 4, num_batch: 4
[2026-10-09 14:20:00,743][agent.finetune.train_ppo_diffusion_agent][INFO] - approx_kl: 1.1201947702765835e-10, update_epoch: 4, num_batch: 4
[2026-10-09 14:20:02,983][agent.finetune.train_ppo_diffusion_agent][INFO] - approx_kl: 6.191432089242e-11, update_epoch: 4, num_batch: 4
[2026-10-09 14:20:03,002][agent.finetune.train_ppo_diffusion_agent][INFO] - 91: step  6560000 | loss   0.0020 | pg loss   0.0000 | value loss   0.0040 | bc loss   0.0000 | reward -307.3028 | eta   1.0000 | t: 58.3691 | kl_true_per_action=1.9542038071866594e-07 | logratio_p99=0.0 | clamp_hit_frac=0.0007520833333333333
Processed step 0 of 500
Processed step 10 of 500
Processed step 20 of 500
Processed step 30 of 500
Processed step 40 of 500
Processed step 50 of 500
Processed step 60 of 500
Processed step 70 of 500
Processed step 80 of 500
Processed step 90 of 500
Processed step 100 of 500
Processed step 110 of 500
Processed step 120 of 500
Processed step 130 of 500
Processed step 140 of 500
Processed step 150 of 500
Processed step 160 of 500
Processed step 170 of 500
Processed step 180 of 500
Processed step 190 of 500
Processed step 200 of 500
Processed step 210 of 500
Processed step 220 of 500
Processed step 230 of 500
Processed step 240 of 500
Processed step 250 of 500
Processed step 260 of 500
Processed step 270 of 500
Processed step 280 of 500
Processed step 290 of 500
Processed step 300 of 500
Processed step 310 of 500
Processed step 320 of 500
Processed step 330 of 500
Processed step 340 of 500
Processed step 350 of 500
Processed step 360 of 500
Processed step 370 of 500
Processed step 380 of 500
Processed step 390 of 500
Processed step 400 of 500
Processed step 410 of 500
Processed step 420 of 500
Processed step 430 of 500
Processed step 440 of 500
Processed step 450 of 500
Processed step 460 of 500
Processed step 470 of 500
Processed step 480 of 500
Processed step 490 of 500
[2026-10-09 14:20:18,921][agent.finetune.train_ppo_diffusion_agent][INFO] - approx_kl: 0.0, update_epoch: 0, num_batch: 4
[2026-10-09 14:20:21,218][agent.finetune.train_ppo_diffusion_agent][INFO] - approx_kl: 3.9767474036001005e-11, update_epoch: 0, num_batch: 4
[2026-10-09 14:20:23,392][agent.finetune.train_ppo_diffusion_agent][INFO] - approx_kl: 6.055458912079814e-11, update_epoch: 0, num_batch: 4
[2026-10-09 14:20:25,638][agent.finetune.train_ppo_diffusion_agent][INFO] - approx_kl: 8.501461340459926e-11, update_epoch: 0, num_batch: 4
[2026-10-09 14:20:27,883][agent.finetune.train_ppo_diffusion_agent][INFO] - approx_kl: 1.9264873030166996e-10, update_epoch: 1, num_batch: 4
[2026-10-09 14:20:30,235][agent.finetune.train_ppo_diffusion_agent][INFO] - approx_kl: 3.474648069268227e-10, update_epoch: 1, num_batch: 4
[2026-10-09 14:20:32,392][agent.finetune.train_ppo_diffusion_agent][INFO] - approx_kl: 5.256757251714816e-10, update_epoch: 1, num_batch: 4
[2026-10-09 14:20:34,640][agent.finetune.train_ppo_diffusion_agent][INFO] - approx_kl: 8.381763061393599e-10, update_epoch: 1, num_batch: 4
[2026-10-09 14:20:36,883][agent.finetune.train_ppo_diffusion_agent][INFO] - approx_kl: 1.20598353525736e-09, update_epoch: 2, num_batch: 4
[2026-10-09 14:20:39,240][agent.finetune.train_ppo_diffusion_agent][INFO] - approx_kl: 1.0689161777932554e-09, update_epoch: 2, num_batch: 4
[2026-10-09 14:20:41,394][agent.finetune.train_ppo_diffusion_agent][INFO] - approx_kl: 1.969374663346457e-09, update_epoch: 2, num_batch: 4
[2026-10-09 14:20:43,647][agent.finetune.train_ppo_diffusion_agent][INFO] - approx_kl: 2.35190134034724e-09, update_epoch: 2, num_batch: 4
[2026-10-09 14:20:45,887][agent.finetune.train_ppo_diffusion_agent][INFO] - approx_kl: 2.4335364834371376e-09, update_epoch: 3, num_batch: 4
[2026-10-09 14:20:48,189][agent.finetune.train_ppo_diffusion_agent][INFO] - approx_kl: 3.608860987824869e-09, update_epoch: 3, num_batch: 4
[2026-10-09 14:20:50,340][agent.finetune.train_ppo_diffusion_agent][INFO] - approx_kl: 3.6408005499311002e-09, update_epoch: 3, num_batch: 4
[2026-10-09 14:20:52,578][agent.finetune.train_ppo_diffusion_agent][INFO] - approx_kl: 5.98870419921127e-09, update_epoch: 3, num_batch: 4
[2026-10-09 14:20:54,809][agent.finetune.train_ppo_diffusion_agent][INFO] - approx_kl: 5.6170135209754335e-09, update_epoch: 4, num_batch: 4
[2026-10-09 14:20:57,125][agent.finetune.train_ppo_diffusion_agent][INFO] - approx_kl: 7.171886640122693e-09, update_epoch: 4, num_batch: 4
[2026-10-09 14:20:59,259][agent.finetune.train_ppo_diffusion_agent][INFO] - approx_kl: 7.253214473479375e-09, update_epoch: 4, num_batch: 4
[2026-10-09 14:21:01,480][agent.finetune.train_ppo_diffusion_agent][INFO] - approx_kl: 9.291036384695417e-09, update_epoch: 4, num_batch: 4
[2026-10-09 14:21:01,500][agent.finetune.train_ppo_diffusion_agent][INFO] - 92: step  6640000 | loss   0.0023 | pg loss   0.0001 | value loss   0.0045 | bc loss   0.0000 | reward -299.3298 | eta   1.0000 | t: 58.4974 | kl_true_per_action=7.979458377461829e-05 | logratio_p99=0.0 | clamp_hit_frac=0.0008625
Processed step 0 of 500
Processed step 10 of 500
Processed step 20 of 500
Processed step 30 of 500
Processed step 40 of 500
Processed step 50 of 500
Processed step 60 of 500
Processed step 70 of 500
Processed step 80 of 500
Processed step 90 of 500
Processed step 100 of 500
Processed step 110 of 500
Processed step 120 of 500
Processed step 130 of 500
Processed step 140 of 500
Processed step 150 of 500
Processed step 160 of 500
Processed step 170 of 500
Processed step 180 of 500
Processed step 190 of 500
Processed step 200 of 500
Processed step 210 of 500
Processed step 220 of 500
Processed step 230 of 500
Processed step 240 of 500
Processed step 250 of 500
Processed step 260 of 500
Processed step 270 of 500
Processed step 280 of 500
Processed step 290 of 500
Processed step 300 of 500
Processed step 310 of 500
Processed step 320 of 500
Processed step 330 of 500
Processed step 340 of 500
Processed step 350 of 500
Processed step 360 of 500
Processed step 370 of 500
Processed step 380 of 500
Processed step 390 of 500
Processed step 400 of 500
Processed step 410 of 500
Processed step 420 of 500
Processed step 430 of 500
Processed step 440 of 500
Processed step 450 of 500
Processed step 460 of 500
Processed step 470 of 500
Processed step 480 of 500
Processed step 490 of 500
[2026-10-09 14:21:17,378][agent.finetune.train_ppo_diffusion_agent][INFO] - approx_kl: 0.0, update_epoch: 0, num_batch: 4
[2026-10-09 14:21:19,700][agent.finetune.train_ppo_diffusion_agent][INFO] - approx_kl: 3.5613775817289195e-11, update_epoch: 0, num_batch: 4
[2026-10-09 14:21:21,851][agent.finetune.train_ppo_diffusion_agent][INFO] - approx_kl: 1.1865049220904922e-10, update_epoch: 0, num_batch: 4
[2026-10-09 14:21:24,101][agent.finetune.train_ppo_diffusion_agent][INFO] - approx_kl: 3.1112226683838173e-10, update_epoch: 0, num_batch: 4
[2026-10-09 14:21:26,348][agent.finetune.train_ppo_diffusion_agent][INFO] - approx_kl: 4.299543776564718e-10, update_epoch: 1, num_batch: 4
[2026-10-09 14:21:28,700][agent.finetune.train_ppo_diffusion_agent][INFO] - approx_kl: 6.818398623487099e-10, update_epoch: 1, num_batch: 4
[2026-10-09 14:21:30,865][agent.finetune.train_ppo_diffusion_agent][INFO] - approx_kl: 1.1310073988468616e-09, update_epoch: 1, num_batch: 4
[2026-10-09 14:21:33,133][agent.finetune.train_ppo_diffusion_agent][INFO] - approx_kl: 1.2587103581651604e-09, update_epoch: 1, num_batch: 4
[2026-10-09 14:21:35,366][agent.finetune.train_ppo_diffusion_agent][INFO] - approx_kl: 2.2650650244315784e-09, update_epoch: 2, num_batch: 4
[2026-10-09 14:21:37,665][agent.finetune.train_ppo_diffusion_agent][INFO] - approx_kl: 2.20490603553003e-09, update_epoch: 2, num_batch: 4
[2026-10-09 14:21:39,788][agent.finetune.train_ppo_diffusion_agent][INFO] - approx_kl: 2.1902191171818686e-09, update_epoch: 2, num_batch: 4
[2026-10-09 14:21:42,016][agent.finetune.train_ppo_diffusion_agent][INFO] - approx_kl: 3.5742482307199452e-09, update_epoch: 2, num_batch: 4
[2026-10-09 14:21:44,264][agent.finetune.train_ppo_diffusion_agent][INFO] - approx_kl: 3.4712115404289534e-09, update_epoch: 3, num_batch: 4
[2026-10-09 14:21:46,602][agent.finetune.train_ppo_diffusion_agent][INFO] - approx_kl: 5.736654706822719e-09, update_epoch: 3, num_batch: 4
[2026-10-09 14:21:48,714][agent.finetune.train_ppo_diffusion_agent][INFO] - approx_kl: 5.0040331878165034e-09, update_epoch: 3, num_batch: 4
[2026-10-09 14:21:50,959][agent.finetune.train_ppo_diffusion_agent][INFO] - approx_kl: 6.633251725673972e-09, update_epoch: 3, num_batch: 4
[2026-10-09 14:21:53,194][agent.finetune.train_ppo_diffusion_agent][INFO] - approx_kl: 7.977094540478902e-09, update_epoch: 4, num_batch: 4
[2026-10-09 14:21:55,530][agent.finetune.train_ppo_diffusion_agent][INFO] - approx_kl: 8.710603793815608e-09, update_epoch: 4, num_batch: 4
[2026-10-09 14:21:57,667][agent.finetune.train_ppo_diffusion_agent][INFO] - approx_kl: 8.46393355402597e-09, update_epoch: 4, num_batch: 4
[2026-10-09 14:21:59,935][agent.finetune.train_ppo_diffusion_agent][INFO] - approx_kl: 9.032068426506612e-09, update_epoch: 4, num_batch: 4
[2026-10-09 14:21:59,954][agent.finetune.train_ppo_diffusion_agent][INFO] - 93: step  6720000 | loss   0.0023 | pg loss  -0.0000 | value loss   0.0046 | bc loss   0.0000 | reward -262.6297 | eta   1.0000 | t: 58.4546 | kl_true_per_action=0.0001097869430334622 | logratio_p99=0.0 | clamp_hit_frac=0.0007666666666666667
Processed step 0 of 500
Processed step 10 of 500
Processed step 20 of 500
Processed step 30 of 500
Processed step 40 of 500
Processed step 50 of 500
Processed step 60 of 500
Processed step 70 of 500
Processed step 80 of 500
Processed step 90 of 500
Processed step 100 of 500
Processed step 110 of 500
Processed step 120 of 500
Processed step 130 of 500
Processed step 140 of 500
Processed step 150 of 500
Processed step 160 of 500
Processed step 170 of 500
Processed step 180 of 500
Processed step 190 of 500
Processed step 200 of 500
Processed step 210 of 500
Processed step 220 of 500
Processed step 230 of 500
Processed step 240 of 500
Processed step 250 of 500
Processed step 260 of 500
Processed step 270 of 500
Processed step 280 of 500
Processed step 290 of 500
Processed step 300 of 500
Processed step 310 of 500
Processed step 320 of 500
Processed step 330 of 500
Processed step 340 of 500
Processed step 350 of 500
Processed step 360 of 500
Processed step 370 of 500
Processed step 380 of 500
Processed step 390 of 500
Processed step 400 of 500
Processed step 410 of 500
Processed step 420 of 500
Processed step 430 of 500
Processed step 440 of 500
Processed step 450 of 500
Processed step 460 of 500
Processed step 470 of 500
Processed step 480 of 500
Processed step 490 of 500
[2026-10-09 14:22:15,750][agent.finetune.train_ppo_diffusion_agent][INFO] - approx_kl: 0.0, update_epoch: 0, num_batch: 4
[2026-10-09 14:22:17,894][agent.finetune.train_ppo_diffusion_agent][INFO] - approx_kl: 4.533678293894283e-11, update_epoch: 0, num_batch: 4
[2026-10-09 14:22:20,092][agent.finetune.train_ppo_diffusion_agent][INFO] - approx_kl: 9.84780451629419e-11, update_epoch: 0, num_batch: 4
[2026-10-09 14:22:22,329][agent.finetune.train_ppo_diffusion_agent][INFO] - approx_kl: 1.4297664441276225e-10, update_epoch: 0, num_batch: 4
[2026-10-09 14:22:24,673][agent.finetune.train_ppo_diffusion_agent][INFO] - approx_kl: 2.7346888642476586e-10, update_epoch: 1, num_batch: 4
[2026-10-09 14:22:26,821][agent.finetune.train_ppo_diffusion_agent][INFO] - approx_kl: 2.7064234187079705e-10, update_epoch: 1, num_batch: 4
[2026-10-09 14:22:29,062][agent.finetune.train_ppo_diffusion_agent][INFO] - approx_kl: 4.408694798119228e-10, update_epoch: 1, num_batch: 4
[2026-10-09 14:22:31,298][agent.finetune.train_ppo_diffusion_agent][INFO] - approx_kl: 3.829598305138404e-10, update_epoch: 1, num_batch: 4
[2026-10-09 14:22:33,654][agent.finetune.train_ppo_diffusion_agent][INFO] - approx_kl: 5.290330951090993e-10, update_epoch: 2, num_batch: 4
[2026-10-09 14:22:35,805][agent.finetune.train_ppo_diffusion_agent][INFO] - approx_kl: 7.010111380267858e-10, update_epoch: 2, num_batch: 4
[2026-10-09 14:22:38,050][agent.finetune.train_ppo_diffusion_agent][INFO] - approx_kl: 6.451085221570452e-10, update_epoch: 2, num_batch: 4
[2026-10-09 14:22:40,284][agent.finetune.train_ppo_diffusion_agent][INFO] - approx_kl: 7.2915107285354e-10, update_epoch: 2, num_batch: 4
[2026-10-09 14:22:42,611][agent.finetune.train_ppo_diffusion_agent][INFO] - approx_kl: 9.438767545333349e-10, update_epoch: 3, num_batch: 4
[2026-10-09 14:22:44,770][agent.finetune.train_ppo_diffusion_agent][INFO] - approx_kl: 8.019618302768095e-10, update_epoch: 3, num_batch: 4
[2026-10-09 14:22:47,001][agent.finetune.train_ppo_diffusion_agent][INFO] - approx_kl: 8.419016039873384e-10, update_epoch: 3, num_batch: 4
[2026-10-09 14:22:49,233][agent.finetune.train_ppo_diffusion_agent][INFO] - approx_kl: 1.1491775309124819e-09, update_epoch: 3, num_batch: 4
[2026-10-09 14:22:51,565][agent.finetune.train_ppo_diffusion_agent][INFO] - approx_kl: 1.0909186887175792e-09, update_epoch: 4, num_batch: 4
[2026-10-09 14:22:53,707][agent.finetune.train_ppo_diffusion_agent][INFO] - approx_kl: 1.2888387024290182e-09, update_epoch: 4, num_batch: 4
[2026-10-09 14:22:55,964][agent.finetune.train_ppo_diffusion_agent][INFO] - approx_kl: 1.1029839264153907e-09, update_epoch: 4, num_batch: 4
[2026-10-09 14:22:58,217][agent.finetune.train_ppo_diffusion_agent][INFO] - approx_kl: 9.415555002334486e-10, update_epoch: 4, num_batch: 4
[2026-10-09 14:22:58,240][agent.finetune.train_ppo_diffusion_agent][INFO] - 94: step  6800000 | loss   0.0021 | pg loss  -0.0001 | value loss   0.0043 | bc loss   0.0000 | reward -266.1166 | eta   1.0000 | t: 58.2857 | kl_true_per_action=5.716621993463268e-06 | logratio_p99=0.0 | clamp_hit_frac=0.0007895833333333333
Processed step 0 of 500
Processed step 10 of 500
Processed step 20 of 500
Processed step 30 of 500
Processed step 40 of 500
Processed step 50 of 500
Processed step 60 of 500
Processed step 70 of 500
Processed step 80 of 500
Processed step 90 of 500
Processed step 100 of 500
Processed step 110 of 500
Processed step 120 of 500
Processed step 130 of 500
Processed step 140 of 500
Processed step 150 of 500
Processed step 160 of 500
Processed step 170 of 500
Processed step 180 of 500
Processed step 190 of 500
Processed step 200 of 500
Processed step 210 of 500
Processed step 220 of 500
Processed step 230 of 500
Processed step 240 of 500
Processed step 250 of 500
Processed step 260 of 500
Processed step 270 of 500
Processed step 280 of 500
Processed step 290 of 500
Processed step 300 of 500
Processed step 310 of 500
Processed step 320 of 500
Processed step 330 of 500
Processed step 340 of 500
Processed step 350 of 500
Processed step 360 of 500
Processed step 370 of 500
Processed step 380 of 500
Processed step 390 of 500
Processed step 400 of 500
Processed step 410 of 500
Processed step 420 of 500
Processed step 430 of 500
Processed step 440 of 500
Processed step 450 of 500
Processed step 460 of 500
Processed step 470 of 500
Processed step 480 of 500
Processed step 490 of 500
[2026-10-09 14:23:13,941][agent.finetune.train_ppo_diffusion_agent][INFO] - approx_kl: 0.0, update_epoch: 0, num_batch: 4
[2026-10-09 14:23:16,057][agent.finetune.train_ppo_diffusion_agent][INFO] - approx_kl: 3.41609102116891e-11, update_epoch: 0, num_batch: 4
[2026-10-09 14:23:18,286][agent.finetune.train_ppo_diffusion_agent][INFO] - approx_kl: 4.004686859904183e-11, update_epoch: 0, num_batch: 4
[2026-10-09 14:23:20,502][agent.finetune.train_ppo_diffusion_agent][INFO] - approx_kl: 5.317386114755962e-11, update_epoch: 0, num_batch: 4
[2026-10-09 14:23:22,848][agent.finetune.train_ppo_diffusion_agent][INFO] - approx_kl: 7.208436625383285e-11, update_epoch: 1, num_batch: 4
[2026-10-09 14:23:25,009][agent.finetune.train_ppo_diffusion_agent][INFO] - approx_kl: 5.3979456321462393e-11, update_epoch: 1, num_batch: 4
[2026-10-09 14:23:27,255][agent.finetune.train_ppo_diffusion_agent][INFO] - approx_kl: 1.0769581060277034e-10, update_epoch: 1, num_batch: 4
[2026-10-09 14:23:29,499][agent.finetune.train_ppo_diffusion_agent][INFO] - approx_kl: 2.0186416427314668e-10, update_epoch: 1, num_batch: 4
[2026-10-09 14:23:31,846][agent.finetune.train_ppo_diffusion_agent][INFO] - approx_kl: 1.953355949213531e-10, update_epoch: 2, num_batch: 4
[2026-10-09 14:23:34,013][agent.finetune.train_ppo_diffusion_agent][INFO] - approx_kl: 2.5864690944565893e-10, update_epoch: 2, num_batch: 4
[2026-10-09 14:23:36,266][agent.finetune.train_ppo_diffusion_agent][INFO] - approx_kl: 3.055925512640556e-10, update_epoch: 2, num_batch: 4
[2026-10-09 14:23:38,513][agent.finetune.train_ppo_diffusion_agent][INFO] - approx_kl: 3.3901070839448266e-10, update_epoch: 2, num_batch: 4
[2026-10-09 14:23:40,863][agent.finetune.train_ppo_diffusion_agent][INFO] - approx_kl: 4.2062250904528753e-10, update_epoch: 3, num_batch: 4
[2026-10-09 14:23:43,012][agent.finetune.train_ppo_diffusion_agent][INFO] - approx_kl: 4.3420120277026797e-10, update_epoch: 3, num_batch: 4
[2026-10-09 14:23:45,258][agent.finetune.train_ppo_diffusion_agent][INFO] - approx_kl: 9.179115245672165e-10, update_epoch: 3, num_batch: 4
[2026-10-09 14:23:47,465][agent.finetune.train_ppo_diffusion_agent][INFO] - approx_kl: 6.337975699821641e-10, update_epoch: 3, num_batch: 4
[2026-10-09 14:23:49,772][agent.finetune.train_ppo_diffusion_agent][INFO] - approx_kl: 8.764676762140766e-10, update_epoch: 4, num_batch: 4
[2026-10-09 14:23:51,925][agent.finetune.train_ppo_diffusion_agent][INFO] - approx_kl: 1.131463811532285e-09, update_epoch: 4, num_batch: 4
[2026-10-09 14:23:54,225][agent.finetune.train_ppo_diffusion_agent][INFO] - approx_kl: 1.3454630742870677e-09, update_epoch: 4, num_batch: 4
[2026-10-09 14:23:56,473][agent.finetune.train_ppo_diffusion_agent][INFO] - approx_kl: 1.0415353024484375e-09, update_epoch: 4, num_batch: 4
[2026-10-09 14:23:56,492][agent.finetune.train_ppo_diffusion_agent][INFO] - 95: step  6880000 | loss   0.0022 | pg loss   0.0002 | value loss   0.0041 | bc loss   0.0000 | reward -291.1137 | eta   1.0000 | t: 58.2526 | kl_true_per_action=7.253880615118672e-06 | logratio_p99=0.0 | clamp_hit_frac=0.0007791666666666666
Processed step 0 of 500
Processed step 10 of 500
Processed step 20 of 500
Processed step 30 of 500
Processed step 40 of 500
Processed step 50 of 500
Processed step 60 of 500
Processed step 70 of 500
Processed step 80 of 500
Processed step 90 of 500
Processed step 100 of 500
Processed step 110 of 500
Processed step 120 of 500
Processed step 130 of 500
Processed step 140 of 500
Processed step 150 of 500
Processed step 160 of 500
Processed step 170 of 500
Processed step 180 of 500
Processed step 190 of 500
Processed step 200 of 500
Processed step 210 of 500
Processed step 220 of 500
Processed step 230 of 500
Processed step 240 of 500
Processed step 250 of 500
Processed step 260 of 500
Processed step 270 of 500
Processed step 280 of 500
Processed step 290 of 500
Processed step 300 of 500
Processed step 310 of 500
Processed step 320 of 500
Processed step 330 of 500
Processed step 340 of 500
Processed step 350 of 500
Processed step 360 of 500
Processed step 370 of 500
Processed step 380 of 500
Processed step 390 of 500
Processed step 400 of 500
Processed step 410 of 500
Processed step 420 of 500
Processed step 430 of 500
Processed step 440 of 500
Processed step 450 of 500
Processed step 460 of 500
Processed step 470 of 500
Processed step 480 of 500
Processed step 490 of 500
[2026-10-09 14:24:12,422][agent.finetune.train_ppo_diffusion_agent][INFO] - approx_kl: 0.0, update_epoch: 0, num_batch: 4
[2026-10-09 14:24:14,569][agent.finetune.train_ppo_diffusion_agent][INFO] - approx_kl: 4.7879290809849095e-11, update_epoch: 0, num_batch: 4
[2026-10-09 14:24:16,811][agent.finetune.train_ppo_diffusion_agent][INFO] - approx_kl: 7.72997707509937e-11, update_epoch: 0, num_batch: 4
[2026-10-09 14:24:19,106][agent.finetune.train_ppo_diffusion_agent][INFO] - approx_kl: 6.07781117101247e-11, update_epoch: 0, num_batch: 4
[2026-10-09 14:24:21,226][agent.finetune.train_ppo_diffusion_agent][INFO] - approx_kl: 5.299225294685961e-11, update_epoch: 1, num_batch: 4
[2026-10-09 14:24:23,486][agent.finetune.train_ppo_diffusion_agent][INFO] - approx_kl: 3.249384442072234e-11, update_epoch: 1, num_batch: 4
[2026-10-09 14:24:25,727][agent.finetune.train_ppo_diffusion_agent][INFO] - approx_kl: 4.638218975561159e-11, update_epoch: 1, num_batch: 4
[2026-10-09 14:24:28,071][agent.finetune.train_ppo_diffusion_agent][INFO] - approx_kl: 5.6689604399640103e-11, update_epoch: 1, num_batch: 4
[2026-10-09 14:24:30,218][agent.finetune.train_ppo_diffusion_agent][INFO] - approx_kl: 8.077360308389459e-11, update_epoch: 2, num_batch: 4
[2026-10-09 14:24:32,455][agent.finetune.train_ppo_diffusion_agent][INFO] - approx_kl: 2.0927748423105186e-10, update_epoch: 2, num_batch: 4
[2026-10-09 14:24:34,697][agent.finetune.train_ppo_diffusion_agent][INFO] - approx_kl: 4.1489023328011854e-10, update_epoch: 2, num_batch: 4
[2026-10-09 14:24:37,033][agent.finetune.train_ppo_diffusion_agent][INFO] - approx_kl: 8.585885891143619e-10, update_epoch: 2, num_batch: 4
[2026-10-09 14:24:39,186][agent.finetune.train_ppo_diffusion_agent][INFO] - approx_kl: 1.1453730186516964e-09, update_epoch: 3, num_batch: 4
[2026-10-09 14:24:41,420][agent.finetune.train_ppo_diffusion_agent][INFO] - approx_kl: 1.3287644318182856e-09, update_epoch: 3, num_batch: 4
[2026-10-09 14:24:43,655][agent.finetune.train_ppo_diffusion_agent][INFO] - approx_kl: 1.4638760204022105e-09, update_epoch: 3, num_batch: 4
[2026-10-09 14:24:46,034][agent.finetune.train_ppo_diffusion_agent][INFO] - approx_kl: 2.3152260109071676e-09, update_epoch: 3, num_batch: 4
[2026-10-09 14:24:48,165][agent.finetune.train_ppo_diffusion_agent][INFO] - approx_kl: 2.784971142588688e-09, update_epoch: 4, num_batch: 4
[2026-10-09 14:24:50,408][agent.finetune.train_ppo_diffusion_agent][INFO] - approx_kl: 3.241985124802227e-09, update_epoch: 4, num_batch: 4
[2026-10-09 14:24:52,650][agent.finetune.train_ppo_diffusion_agent][INFO] - approx_kl: 5.9006977082276535e-09, update_epoch: 4, num_batch: 4
[2026-10-09 14:24:55,015][agent.finetune.train_ppo_diffusion_agent][INFO] - approx_kl: 7.570979398963118e-09, update_epoch: 4, num_batch: 4
[2026-10-09 14:24:55,033][agent.finetune.train_ppo_diffusion_agent][INFO] - 96: step  6960000 | loss   0.0024 | pg loss   0.0001 | value loss   0.0046 | bc loss   0.0000 | reward -282.3388 | eta   1.0000 | t: 58.5405 | kl_true_per_action=4.4915556488279515e-05 | logratio_p99=0.0 | clamp_hit_frac=0.0007270833333333334
Processed step 0 of 500
Processed step 10 of 500
Processed step 20 of 500
Processed step 30 of 500
Processed step 40 of 500
Processed step 50 of 500
Processed step 60 of 500
Processed step 70 of 500
Processed step 80 of 500
Processed step 90 of 500
Processed step 100 of 500
Processed step 110 of 500
Processed step 120 of 500
Processed step 130 of 500
Processed step 140 of 500
Processed step 150 of 500
Processed step 160 of 500
Processed step 170 of 500
Processed step 180 of 500
Processed step 190 of 500
Processed step 200 of 500
Processed step 210 of 500
Processed step 220 of 500
Processed step 230 of 500
Processed step 240 of 500
Processed step 250 of 500
Processed step 260 of 500
Processed step 270 of 500
Processed step 280 of 500
Processed step 290 of 500
Processed step 300 of 500
Processed step 310 of 500
Processed step 320 of 500
Processed step 330 of 500
Processed step 340 of 500
Processed step 350 of 500
Processed step 360 of 500
Processed step 370 of 500
Processed step 380 of 500
Processed step 390 of 500
Processed step 400 of 500
Processed step 410 of 500
Processed step 420 of 500
Processed step 430 of 500
Processed step 440 of 500
Processed step 450 of 500
Processed step 460 of 500
Processed step 470 of 500
Processed step 480 of 500
Processed step 490 of 500
[2026-10-09 14:25:10,824][agent.finetune.train_ppo_diffusion_agent][INFO] - approx_kl: 0.0, update_epoch: 0, num_batch: 4
[2026-10-09 14:25:13,076][agent.finetune.train_ppo_diffusion_agent][INFO] - approx_kl: 9.06176869652775e-11, update_epoch: 0, num_batch: 4
[2026-10-09 14:25:15,310][agent.finetune.train_ppo_diffusion_agent][INFO] - approx_kl: 3.603426723675085e-10, update_epoch: 0, num_batch: 4
[2026-10-09 14:25:17,673][agent.finetune.train_ppo_diffusion_agent][INFO] - approx_kl: 5.754205445462901e-10, update_epoch: 0, num_batch: 4
[2026-10-09 14:25:19,791][agent.finetune.train_ppo_diffusion_agent][INFO] - approx_kl: 1.4335754805472334e-09, update_epoch: 1, num_batch: 4
[2026-10-09 14:25:22,012][agent.finetune.train_ppo_diffusion_agent][INFO] - approx_kl: 2.2932606924541687e-09, update_epoch: 1, num_batch: 4
[2026-10-09 14:25:24,254][agent.finetune.train_ppo_diffusion_agent][INFO] - approx_kl: 3.3825273693111058e-09, update_epoch: 1, num_batch: 4
[2026-10-09 14:25:26,591][agent.finetune.train_ppo_diffusion_agent][INFO] - approx_kl: 3.5051954672127295e-09, update_epoch: 1, num_batch: 4
[2026-10-09 14:25:28,741][agent.finetune.train_ppo_diffusion_agent][INFO] - approx_kl: 6.300020061189571e-09, update_epoch: 2, num_batch: 4
[2026-10-09 14:25:30,986][agent.finetune.train_ppo_diffusion_agent][INFO] - approx_kl: 8.53949444490354e-09, update_epoch: 2, num_batch: 4
[2026-10-09 14:25:33,224][agent.finetune.train_ppo_diffusion_agent][INFO] - approx_kl: 9.085726837554375e-09, update_epoch: 2, num_batch: 4
[2026-10-09 14:25:35,571][agent.finetune.train_ppo_diffusion_agent][INFO] - approx_kl: 1.09224016497933e-08, update_epoch: 2, num_batch: 4
[2026-10-09 14:25:37,730][agent.finetune.train_ppo_diffusion_agent][INFO] - approx_kl: 1.3594585013265714e-08, update_epoch: 3, num_batch: 4
[2026-10-09 14:25:39,981][agent.finetune.train_ppo_diffusion_agent][INFO] - approx_kl: 1.594059995113639e-08, update_epoch: 3, num_batch: 4
[2026-10-09 14:25:42,225][agent.finetune.train_ppo_diffusion_agent][INFO] - approx_kl: 1.809735294955317e-08, update_epoch: 3, num_batch: 4
[2026-10-09 14:25:44,567][agent.finetune.train_ppo_diffusion_agent][INFO] - approx_kl: 3.103022550021706e-08, update_epoch: 3, num_batch: 4
[2026-10-09 14:25:46,732][agent.finetune.train_ppo_diffusion_agent][INFO] - approx_kl: 2.3291976347650234e-08, update_epoch: 4, num_batch: 4
[2026-10-09 14:25:48,978][agent.finetune.train_ppo_diffusion_agent][INFO] - approx_kl: 3.327154374233032e-08, update_epoch: 4, num_batch: 4
[2026-10-09 14:25:51,216][agent.finetune.train_ppo_diffusion_agent][INFO] - approx_kl: 4.238158268776715e-08, update_epoch: 4, num_batch: 4
[2026-10-09 14:25:53,554][agent.finetune.train_ppo_diffusion_agent][INFO] - approx_kl: 3.939025816634967e-08, update_epoch: 4, num_batch: 4
[2026-10-09 14:25:53,573][agent.finetune.train_ppo_diffusion_agent][INFO] - 97: step  7040000 | loss   0.0023 | pg loss  -0.0001 | value loss   0.0047 | bc loss   0.0000 | reward -276.9072 | eta   1.0000 | t: 58.5401 | kl_true_per_action=0.00023976386512095967 | logratio_p99=0.0 | clamp_hit_frac=0.0007875
Processed step 0 of 500
Processed step 10 of 500
Processed step 20 of 500
Processed step 30 of 500
Processed step 40 of 500
Processed step 50 of 500
Processed step 60 of 500
Processed step 70 of 500
Processed step 80 of 500
Processed step 90 of 500
Processed step 100 of 500
Processed step 110 of 500
Processed step 120 of 500
Processed step 130 of 500
Processed step 140 of 500
Processed step 150 of 500
Processed step 160 of 500
Processed step 170 of 500
Processed step 180 of 500
Processed step 190 of 500
Processed step 200 of 500
Processed step 210 of 500
Processed step 220 of 500
Processed step 230 of 500
Processed step 240 of 500
Processed step 250 of 500
Processed step 260 of 500
Processed step 270 of 500
Processed step 280 of 500
Processed step 290 of 500
Processed step 300 of 500
Processed step 310 of 500
Processed step 320 of 500
Processed step 330 of 500
Processed step 340 of 500
Processed step 350 of 500
Processed step 360 of 500
Processed step 370 of 500
Processed step 380 of 500
Processed step 390 of 500
Processed step 400 of 500
Processed step 410 of 500
Processed step 420 of 500
Processed step 430 of 500
Processed step 440 of 500
Processed step 450 of 500
Processed step 460 of 500
Processed step 470 of 500
Processed step 480 of 500
Processed step 490 of 500
[2026-10-09 14:26:09,330][agent.finetune.train_ppo_diffusion_agent][INFO] - approx_kl: 0.0, update_epoch: 0, num_batch: 4
[2026-10-09 14:26:11,593][agent.finetune.train_ppo_diffusion_agent][INFO] - approx_kl: 2.850429059453319e-10, update_epoch: 0, num_batch: 4
[2026-10-09 14:26:13,837][agent.finetune.train_ppo_diffusion_agent][INFO] - approx_kl: 1.2908671909173108e-09, update_epoch: 0, num_batch: 4
[2026-10-09 14:26:16,181][agent.finetune.train_ppo_diffusion_agent][INFO] - approx_kl: 1.9171717546839773e-09, update_epoch: 0, num_batch: 4
[2026-10-09 14:26:18,287][agent.finetune.train_ppo_diffusion_agent][INFO] - approx_kl: 2.8256210704569185e-09, update_epoch: 1, num_batch: 4
[2026-10-09 14:26:20,499][agent.finetune.train_ppo_diffusion_agent][INFO] - approx_kl: 4.281140775219683e-09, update_epoch: 1, num_batch: 4
[2026-10-09 14:26:22,752][agent.finetune.train_ppo_diffusion_agent][INFO] - approx_kl: 6.869388613495175e-09, update_epoch: 1, num_batch: 4
[2026-10-09 14:26:25,113][agent.finetune.train_ppo_diffusion_agent][INFO] - approx_kl: 9.97440885441847e-09, update_epoch: 1, num_batch: 4
[2026-10-09 14:26:27,268][agent.finetune.train_ppo_diffusion_agent][INFO] - approx_kl: 1.1357599305483745e-08, update_epoch: 2, num_batch: 4
[2026-10-09 14:26:29,515][agent.finetune.train_ppo_diffusion_agent][INFO] - approx_kl: 1.3092667394687396e-08, update_epoch: 2, num_batch: 4
[2026-10-09 14:26:31,758][agent.finetune.train_ppo_diffusion_agent][INFO] - approx_kl: 1.4941122117306804e-08, update_epoch: 2, num_batch: 4
[2026-10-09 14:26:34,094][agent.finetune.train_ppo_diffusion_agent][INFO] - approx_kl: 1.9420443919671015e-08, update_epoch: 2, num_batch: 4
[2026-10-09 14:26:36,239][agent.finetune.train_ppo_diffusion_agent][INFO] - approx_kl: 2.1427739582691174e-08, update_epoch: 3, num_batch: 4
[2026-10-09 14:26:38,455][agent.finetune.train_ppo_diffusion_agent][INFO] - approx_kl: 2.5694825822597522e-08, update_epoch: 3, num_batch: 4
[2026-10-09 14:26:40,663][agent.finetune.train_ppo_diffusion_agent][INFO] - approx_kl: 3.444209895064887e-08, update_epoch: 3, num_batch: 4
[2026-10-09 14:26:43,019][agent.finetune.train_ppo_diffusion_agent][INFO] - approx_kl: 3.4157100259335493e-08, update_epoch: 3, num_batch: 4
[2026-10-09 14:26:45,185][agent.finetune.train_ppo_diffusion_agent][INFO] - approx_kl: 4.128143515913507e-08, update_epoch: 4, num_batch: 4
[2026-10-09 14:26:47,435][agent.finetune.train_ppo_diffusion_agent][INFO] - approx_kl: 4.494830818657647e-08, update_epoch: 4, num_batch: 4
[2026-10-09 14:26:49,706][agent.finetune.train_ppo_diffusion_agent][INFO] - approx_kl: 4.102059492083754e-08, update_epoch: 4, num_batch: 4
[2026-10-09 14:26:52,034][agent.finetune.train_ppo_diffusion_agent][INFO] - approx_kl: 7.293842685385243e-08, update_epoch: 4, num_batch: 4
[2026-10-09 14:26:52,054][agent.finetune.train_ppo_diffusion_agent][INFO] - 98: step  7120000 | loss   0.0021 | pg loss  -0.0001 | value loss   0.0044 | bc loss   0.0000 | reward -261.6531 | eta   1.0000 | t: 58.4805 | kl_true_per_action=0.00019426689747959486 | logratio_p99=0.0 | clamp_hit_frac=0.0008270833333333333
Processed step 0 of 500
Processed step 10 of 500
Processed step 20 of 500
Processed step 30 of 500
Processed step 40 of 500
Processed step 50 of 500
Processed step 60 of 500
Processed step 70 of 500
Processed step 80 of 500
Processed step 90 of 500
Processed step 100 of 500
Processed step 110 of 500
Processed step 120 of 500
Processed step 130 of 500
Processed step 140 of 500
Processed step 150 of 500
Processed step 160 of 500
Processed step 170 of 500
Processed step 180 of 500
Processed step 190 of 500
Processed step 200 of 500
Processed step 210 of 500
Processed step 220 of 500
Processed step 230 of 500
Processed step 240 of 500
Processed step 250 of 500
Processed step 260 of 500
Processed step 270 of 500
Processed step 280 of 500
Processed step 290 of 500
Processed step 300 of 500
Processed step 310 of 500
Processed step 320 of 500
Processed step 330 of 500
Processed step 340 of 500
Processed step 350 of 500
Processed step 360 of 500
Processed step 370 of 500
Processed step 380 of 500
Processed step 390 of 500
Processed step 400 of 500
Processed step 410 of 500
Processed step 420 of 500
Processed step 430 of 500
Processed step 440 of 500
Processed step 450 of 500
Processed step 460 of 500
Processed step 470 of 500
Processed step 480 of 500
Processed step 490 of 500
[2026-10-09 14:27:07,688][agent.finetune.train_ppo_diffusion_agent][INFO] - approx_kl: 0.0, update_epoch: 0, num_batch: 4
[2026-10-09 14:27:09,934][agent.finetune.train_ppo_diffusion_agent][INFO] - approx_kl: 1.937523474992986e-10, update_epoch: 0, num_batch: 4
[2026-10-09 14:27:12,152][agent.finetune.train_ppo_diffusion_agent][INFO] - approx_kl: 2.6470631242503373e-10, update_epoch: 0, num_batch: 4
[2026-10-09 14:27:14,492][agent.finetune.train_ppo_diffusion_agent][INFO] - approx_kl: 4.982261270214394e-10, update_epoch: 0, num_batch: 4
[2026-10-09 14:27:16,623][agent.finetune.train_ppo_diffusion_agent][INFO] - approx_kl: 7.510918553776946e-10, update_epoch: 1, num_batch: 4
[2026-10-09 14:27:18,851][agent.finetune.train_ppo_diffusion_agent][INFO] - approx_kl: 6.238673466718581e-10, update_epoch: 1, num_batch: 4
[2026-10-09 14:27:21,076][agent.finetune.train_ppo_diffusion_agent][INFO] - approx_kl: 6.994049228659094e-10, update_epoch: 1, num_batch: 4
[2026-10-09 14:27:23,440][agent.finetune.train_ppo_diffusion_agent][INFO] - approx_kl: 8.213636437659488e-10, update_epoch: 1, num_batch: 4
[2026-10-09 14:27:25,599][agent.finetune.train_ppo_diffusion_agent][INFO] - approx_kl: 5.774458688989625e-10, update_epoch: 2, num_batch: 4
[2026-10-09 14:27:27,846][agent.finetune.train_ppo_diffusion_agent][INFO] - approx_kl: 6.419326736839537e-10, update_epoch: 2, num_batch: 4
[2026-10-09 14:27:30,100][agent.finetune.train_ppo_diffusion_agent][INFO] - approx_kl: 5.746911835302626e-10, update_epoch: 2, num_batch: 4
[2026-10-09 14:27:32,454][agent.finetune.train_ppo_diffusion_agent][INFO] - approx_kl: 3.5414587928883634e-10, update_epoch: 2, num_batch: 4
[2026-10-09 14:27:34,612][agent.finetune.train_ppo_diffusion_agent][INFO] - approx_kl: 1.8363352505268438e-10, update_epoch: 3, num_batch: 4
[2026-10-09 14:27:36,861][agent.finetune.train_ppo_diffusion_agent][INFO] - approx_kl: 1.5048891299773715e-10, update_epoch: 3, num_batch: 4
[2026-10-09 14:27:39,143][agent.finetune.train_ppo_diffusion_agent][INFO] - approx_kl: 2.2489431150685135e-10, update_epoch: 3, num_batch: 4
[2026-10-09 14:27:41,518][agent.finetune.train_ppo_diffusion_agent][INFO] - approx_kl: 2.8680369190681176e-10, update_epoch: 3, num_batch: 4
[2026-10-09 14:27:43,684][agent.finetune.train_ppo_diffusion_agent][INFO] - approx_kl: 6.831727961120748e-10, update_epoch: 4, num_batch: 4
[2026-10-09 14:27:45,939][agent.finetune.train_ppo_diffusion_agent][INFO] - approx_kl: 1.5126991881331264e-09, update_epoch: 4, num_batch: 4
[2026-10-09 14:27:48,157][agent.finetune.train_ppo_diffusion_agent][INFO] - approx_kl: 3.497267586638486e-09, update_epoch: 4, num_batch: 4
[2026-10-09 14:27:50,491][agent.finetune.train_ppo_diffusion_agent][INFO] - approx_kl: 5.6282951632624645e-09, update_epoch: 4, num_batch: 4
[2026-10-09 14:27:50,510][agent.finetune.train_ppo_diffusion_agent][INFO] - 99: step  7200000 | loss   0.0023 | pg loss   0.0002 | value loss   0.0041 | bc loss   0.0000 | reward -272.4666 | eta   1.0000 | t: 58.4565 | kl_true_per_action=4.166212429630152e-05 | logratio_p99=0.0 | clamp_hit_frac=0.00080625
Processed step 0 of 500
Processed step 10 of 500
Processed step 20 of 500
Processed step 30 of 500
Processed step 40 of 500
Processed step 50 of 500
Processed step 60 of 500
Processed step 70 of 500
Processed step 80 of 500
Processed step 90 of 500
Processed step 100 of 500
Processed step 110 of 500
Processed step 120 of 500
Processed step 130 of 500
Processed step 140 of 500
Processed step 150 of 500
Processed step 160 of 500
Processed step 170 of 500
Processed step 180 of 500
Processed step 190 of 500
Processed step 200 of 500
Processed step 210 of 500
Processed step 220 of 500
Processed step 230 of 500
Processed step 240 of 500
Processed step 250 of 500
Processed step 260 of 500
Processed step 270 of 500
Processed step 280 of 500
Processed step 290 of 500
Processed step 300 of 500
Processed step 310 of 500
Processed step 320 of 500
Processed step 330 of 500
Processed step 340 of 500
Processed step 350 of 500
Processed step 360 of 500
Processed step 370 of 500
Processed step 380 of 500
Processed step 390 of 500
Processed step 400 of 500
Processed step 410 of 500
Processed step 420 of 500
Processed step 430 of 500
Processed step 440 of 500
Processed step 450 of 500
Processed step 460 of 500
Processed step 470 of 500
Processed step 480 of 500
Processed step 490 of 500
[2026-10-09 14:28:04,064][agent.finetune.train_ppo_diffusion_agent][INFO] - eval: success rate   0.0000 | avg episode reward -384.0640 | avg best reward   1.1359
Processed step 0 of 500
Processed step 10 of 500
Processed step 20 of 500
Processed step 30 of 500
Processed step 40 of 500
Processed step 50 of 500
Processed step 60 of 500
Processed step 70 of 500
Processed step 80 of 500
Processed step 90 of 500
Processed step 100 of 500
Processed step 110 of 500
Processed step 120 of 500
Processed step 130 of 500
Processed step 140 of 500
Processed step 150 of 500
Processed step 160 of 500
Processed step 170 of 500
Processed step 180 of 500
Processed step 190 of 500
Processed step 200 of 500
Processed step 210 of 500
Processed step 220 of 500
Processed step 230 of 500
Processed step 240 of 500
Processed step 250 of 500
Processed step 260 of 500
Processed step 270 of 500
Processed step 280 of 500
Processed step 290 of 500
Processed step 300 of 500
Processed step 310 of 500
Processed step 320 of 500
Processed step 330 of 500
Processed step 340 of 500
Processed step 350 of 500
Processed step 360 of 500
Processed step 370 of 500
Processed step 380 of 500
Processed step 390 of 500
Processed step 400 of 500
Processed step 410 of 500
Processed step 420 of 500
Processed step 430 of 500
Processed step 440 of 500
Processed step 450 of 500
Processed step 460 of 500
Processed step 470 of 500
Processed step 480 of 500
Processed step 490 of 500
[2026-10-09 14:28:19,852][agent.finetune.train_ppo_diffusion_agent][INFO] - approx_kl: 0.0, update_epoch: 0, num_batch: 4
[2026-10-09 14:28:22,093][agent.finetune.train_ppo_diffusion_agent][INFO] - approx_kl: 2.48269627078912e-10, update_epoch: 0, num_batch: 4
[2026-10-09 14:28:24,446][agent.finetune.train_ppo_diffusion_agent][INFO] - approx_kl: 8.402415430097676e-10, update_epoch: 0, num_batch: 4
[2026-10-09 14:28:26,608][agent.finetune.train_ppo_diffusion_agent][INFO] - approx_kl: 2.023289535912909e-09, update_epoch: 0, num_batch: 4
[2026-10-09 14:28:28,847][agent.finetune.train_ppo_diffusion_agent][INFO] - approx_kl: 2.5122659508269862e-09, update_epoch: 1, num_batch: 4
[2026-10-09 14:28:31,084][agent.finetune.train_ppo_diffusion_agent][INFO] - approx_kl: 4.64112970277597e-09, update_epoch: 1, num_batch: 4
[2026-10-09 14:28:33,415][agent.finetune.train_ppo_diffusion_agent][INFO] - approx_kl: 5.467918562374052e-09, update_epoch: 1, num_batch: 4
[2026-10-09 14:28:35,583][agent.finetune.train_ppo_diffusion_agent][INFO] - approx_kl: 7.177120675549986e-09, update_epoch: 1, num_batch: 4
[2026-10-09 14:28:37,831][agent.finetune.train_ppo_diffusion_agent][INFO] - approx_kl: 9.986901972069973e-09, update_epoch: 2, num_batch: 4
[2026-10-09 14:28:40,088][agent.finetune.train_ppo_diffusion_agent][INFO] - approx_kl: 8.510695259644763e-09, update_epoch: 2, num_batch: 4
[2026-10-09 14:28:42,437][agent.finetune.train_ppo_diffusion_agent][INFO] - approx_kl: 1.2850240871387086e-08, update_epoch: 2, num_batch: 4
[2026-10-09 14:28:44,608][agent.finetune.train_ppo_diffusion_agent][INFO] - approx_kl: 1.8227476417109756e-08, update_epoch: 2, num_batch: 4
[2026-10-09 14:28:46,855][agent.finetune.train_ppo_diffusion_agent][INFO] - approx_kl: 2.4041495905180454e-08, update_epoch: 3, num_batch: 4
[2026-10-09 14:28:49,105][agent.finetune.train_ppo_diffusion_agent][INFO] - approx_kl: 1.89157898233816e-08, update_epoch: 3, num_batch: 4
[2026-10-09 14:28:51,402][agent.finetune.train_ppo_diffusion_agent][INFO] - approx_kl: 2.2418410239311015e-08, update_epoch: 3, num_batch: 4
[2026-10-09 14:28:53,559][agent.finetune.train_ppo_diffusion_agent][INFO] - approx_kl: 2.247123909171478e-08, update_epoch: 3, num_batch: 4
[2026-10-09 14:28:55,809][agent.finetune.train_ppo_diffusion_agent][INFO] - approx_kl: 3.00592652990872e-08, update_epoch: 4, num_batch: 4
[2026-10-09 14:28:58,051][agent.finetune.train_ppo_diffusion_agent][INFO] - approx_kl: 3.5366973349937325e-08, update_epoch: 4, num_batch: 4
[2026-10-09 14:29:00,366][agent.finetune.train_ppo_diffusion_agent][INFO] - approx_kl: 3.5146342725056456e-08, update_epoch: 4, num_batch: 4
[2026-10-09 14:29:02,473][agent.finetune.train_ppo_diffusion_agent][INFO] - approx_kl: 4.151456423073796e-08, update_epoch: 4, num_batch: 4
[2026-10-09 14:29:02,492][agent.finetune.train_ppo_diffusion_agent][INFO] - 101: step  7280000 | loss   0.0024 | pg loss  -0.0000 | value loss   0.0049 | bc loss   0.0000 | reward -289.9841 | eta   1.0000 | t: 58.4281 | kl_true_per_action=0.00020362624538463058 | logratio_p99=0.0 | clamp_hit_frac=0.0008625
Processed step 0 of 500
Processed step 10 of 500
Processed step 20 of 500
Processed step 30 of 500
Processed step 40 of 500
Processed step 50 of 500
Processed step 60 of 500
Processed step 70 of 500
Processed step 80 of 500
Processed step 90 of 500
Processed step 100 of 500
Processed step 110 of 500
Processed step 120 of 500
Processed step 130 of 500
Processed step 140 of 500
Processed step 150 of 500
Processed step 160 of 500
Processed step 170 of 500
Processed step 180 of 500
Processed step 190 of 500
Processed step 200 of 500
Processed step 210 of 500
Processed step 220 of 500
Processed step 230 of 500
Processed step 240 of 500
Processed step 250 of 500
Processed step 260 of 500
Processed step 270 of 500
Processed step 280 of 500
Processed step 290 of 500
Processed step 300 of 500
Processed step 310 of 500
Processed step 320 of 500
Processed step 330 of 500
Processed step 340 of 500
Processed step 350 of 500
Processed step 360 of 500
Processed step 370 of 500
Processed step 380 of 500
Processed step 390 of 500
Processed step 400 of 500
Processed step 410 of 500
Processed step 420 of 500
Processed step 430 of 500
Processed step 440 of 500
Processed step 450 of 500
Processed step 460 of 500
Processed step 470 of 500
Processed step 480 of 500
Processed step 490 of 500
[2026-10-09 14:29:17,600][agent.finetune.train_ppo_diffusion_agent][INFO] - approx_kl: 0.0, update_epoch: 0, num_batch: 4
[2026-10-09 14:29:19,843][agent.finetune.train_ppo_diffusion_agent][INFO] - approx_kl: 1.1631753199514705e-10, update_epoch: 0, num_batch: 4
[2026-10-09 14:29:22,189][agent.finetune.train_ppo_diffusion_agent][INFO] - approx_kl: 3.716628949046452e-10, update_epoch: 0, num_batch: 4
[2026-10-09 14:29:24,337][agent.finetune.train_ppo_diffusion_agent][INFO] - approx_kl: 7.052672890139888e-10, update_epoch: 0, num_batch: 4
[2026-10-09 14:29:26,577][agent.finetune.train_ppo_diffusion_agent][INFO] - approx_kl: 1.4797446601377828e-09, update_epoch: 1, num_batch: 4
[2026-10-09 14:29:28,815][agent.finetune.train_ppo_diffusion_agent][INFO] - approx_kl: 3.1118558840859123e-09, update_epoch: 1, num_batch: 4
[2026-10-09 14:29:31,154][agent.finetune.train_ppo_diffusion_agent][INFO] - approx_kl: 4.751300242133993e-09, update_epoch: 1, num_batch: 4
[2026-10-09 14:29:33,293][agent.finetune.train_ppo_diffusion_agent][INFO] - approx_kl: 7.395292378475915e-09, update_epoch: 1, num_batch: 4
[2026-10-09 14:29:35,527][agent.finetune.train_ppo_diffusion_agent][INFO] - approx_kl: 7.905923027351491e-09, update_epoch: 2, num_batch: 4
[2026-10-09 14:29:37,823][agent.finetune.train_ppo_diffusion_agent][INFO] - approx_kl: 9.941300227467309e-09, update_epoch: 2, num_batch: 4
[2026-10-09 14:29:40,154][agent.finetune.train_ppo_diffusion_agent][INFO] - approx_kl: 1.2435658724996301e-08, update_epoch: 2, num_batch: 4
[2026-10-09 14:29:42,304][agent.finetune.train_ppo_diffusion_agent][INFO] - approx_kl: 1.974616914424132e-08, update_epoch: 2, num_batch: 4
[2026-10-09 14:29:44,539][agent.finetune.train_ppo_diffusion_agent][INFO] - approx_kl: 1.6934382784938862e-08, update_epoch: 3, num_batch: 4
[2026-10-09 14:29:46,745][agent.finetune.train_ppo_diffusion_agent][INFO] - approx_kl: 2.492668471631987e-08, update_epoch: 3, num_batch: 4
[2026-10-09 14:29:49,074][agent.finetune.train_ppo_diffusion_agent][INFO] - approx_kl: 2.6891685322993908e-08, update_epoch: 3, num_batch: 4
[2026-10-09 14:29:51,204][agent.finetune.train_ppo_diffusion_agent][INFO] - approx_kl: 3.250018210110284e-08, update_epoch: 3, num_batch: 4
[2026-10-09 14:29:53,465][agent.finetune.train_ppo_diffusion_agent][INFO] - approx_kl: 3.696086636750806e-08, update_epoch: 4, num_batch: 4
[2026-10-09 14:29:55,696][agent.finetune.train_ppo_diffusion_agent][INFO] - approx_kl: 4.0887947250212164e-08, update_epoch: 4, num_batch: 4
[2026-10-09 14:29:58,049][agent.finetune.train_ppo_diffusion_agent][INFO] - approx_kl: 4.671005982004317e-08, update_epoch: 4, num_batch: 4
[2026-10-09 14:30:00,205][agent.finetune.train_ppo_diffusion_agent][INFO] - approx_kl: 4.5234671119942504e-08, update_epoch: 4, num_batch: 4
[2026-10-09 14:30:00,225][agent.finetune.train_ppo_diffusion_agent][INFO] - 102: step  7360000 | loss   0.0021 | pg loss  -0.0001 | value loss   0.0044 | bc loss   0.0000 | reward -251.9471 | eta   1.0000 | t: 57.7329 | kl_true_per_action=0.000290009145318944 | logratio_p99=0.0 | clamp_hit_frac=0.0007770833333333333
Processed step 0 of 500
Processed step 10 of 500
Processed step 20 of 500
Processed step 30 of 500
Processed step 40 of 500
Processed step 50 of 500
Processed step 60 of 500
Processed step 70 of 500
Processed step 80 of 500
Processed step 90 of 500
Processed step 100 of 500
Processed step 110 of 500
Processed step 120 of 500
Processed step 130 of 500
Processed step 140 of 500
Processed step 150 of 500
Processed step 160 of 500
Processed step 170 of 500
Processed step 180 of 500
Processed step 190 of 500
Processed step 200 of 500
Processed step 210 of 500
Processed step 220 of 500
Processed step 230 of 500
Processed step 240 of 500
Processed step 250 of 500
Processed step 260 of 500
Processed step 270 of 500
Processed step 280 of 500
Processed step 290 of 500
Processed step 300 of 500
Processed step 310 of 500
Processed step 320 of 500
Processed step 330 of 500
Processed step 340 of 500
Processed step 350 of 500
Processed step 360 of 500
Processed step 370 of 500
Processed step 380 of 500
Processed step 390 of 500
Processed step 400 of 500
Processed step 410 of 500
Processed step 420 of 500
Processed step 430 of 500
Processed step 440 of 500
Processed step 450 of 500
Processed step 460 of 500
Processed step 470 of 500
Processed step 480 of 500
Processed step 490 of 500
[2026-10-09 14:30:15,322][agent.finetune.train_ppo_diffusion_agent][INFO] - approx_kl: 0.0, update_epoch: 0, num_batch: 4
[2026-10-09 14:30:17,546][agent.finetune.train_ppo_diffusion_agent][INFO] - approx_kl: 1.6857869267195014e-10, update_epoch: 0, num_batch: 4
[2026-10-09 14:30:19,884][agent.finetune.train_ppo_diffusion_agent][INFO] - approx_kl: 3.7438527278332856e-10, update_epoch: 0, num_batch: 4
[2026-10-09 14:30:22,037][agent.finetune.train_ppo_diffusion_agent][INFO] - approx_kl: 7.707439131365845e-10, update_epoch: 0, num_batch: 4
[2026-10-09 14:30:24,277][agent.finetune.train_ppo_diffusion_agent][INFO] - approx_kl: 8.7716844898722e-10, update_epoch: 1, num_batch: 4
[2026-10-09 14:30:26,619][agent.finetune.train_ppo_diffusion_agent][INFO] - approx_kl: 2.2784991671187527e-09, update_epoch: 1, num_batch: 4
[2026-10-09 14:30:28,781][agent.finetune.train_ppo_diffusion_agent][INFO] - approx_kl: 3.2007541062029077e-09, update_epoch: 1, num_batch: 4
[2026-10-09 14:30:31,014][agent.finetune.train_ppo_diffusion_agent][INFO] - approx_kl: 2.7669500024529725e-09, update_epoch: 1, num_batch: 4
[2026-10-09 14:30:33,252][agent.finetune.train_ppo_diffusion_agent][INFO] - approx_kl: 4.141065268470356e-09, update_epoch: 2, num_batch: 4
[2026-10-09 14:30:35,592][agent.finetune.train_ppo_diffusion_agent][INFO] - approx_kl: 4.275451548352294e-09, update_epoch: 2, num_batch: 4
[2026-10-09 14:30:37,770][agent.finetune.train_ppo_diffusion_agent][INFO] - approx_kl: 3.86507226224353e-09, update_epoch: 2, num_batch: 4
[2026-10-09 14:30:40,007][agent.finetune.train_ppo_diffusion_agent][INFO] - approx_kl: 3.2031162167101e-09, update_epoch: 2, num_batch: 4
[2026-10-09 14:30:42,250][agent.finetune.train_ppo_diffusion_agent][INFO] - approx_kl: 5.643944867017581e-09, update_epoch: 3, num_batch: 4
[2026-10-09 14:30:44,605][agent.finetune.train_ppo_diffusion_agent][INFO] - approx_kl: 4.399407060873273e-09, update_epoch: 3, num_batch: 4
[2026-10-09 14:30:46,772][agent.finetune.train_ppo_diffusion_agent][INFO] - approx_kl: 4.539109976775535e-09, update_epoch: 3, num_batch: 4
[2026-10-09 14:30:49,024][agent.finetune.train_ppo_diffusion_agent][INFO] - approx_kl: 4.235433781474285e-09, update_epoch: 3, num_batch: 4
[2026-10-09 14:30:51,247][agent.finetune.train_ppo_diffusion_agent][INFO] - approx_kl: 5.322955409781116e-09, update_epoch: 4, num_batch: 4
[2026-10-09 14:30:53,621][agent.finetune.train_ppo_diffusion_agent][INFO] - approx_kl: 4.313406520850549e-09, update_epoch: 4, num_batch: 4
[2026-10-09 14:30:55,810][agent.finetune.train_ppo_diffusion_agent][INFO] - approx_kl: 5.900654631574298e-09, update_epoch: 4, num_batch: 4
[2026-10-09 14:30:58,067][agent.finetune.train_ppo_diffusion_agent][INFO] - approx_kl: 4.614395976432206e-09, update_epoch: 4, num_batch: 4
[2026-10-09 14:30:58,093][agent.finetune.train_ppo_diffusion_agent][INFO] - 103: step  7440000 | loss   0.0020 | pg loss  -0.0001 | value loss   0.0042 | bc loss   0.0000 | reward -231.2676 | eta   1.0000 | t: 57.8675 | kl_true_per_action=3.0587516657798464e-05 | logratio_p99=0.0 | clamp_hit_frac=0.0008583333333333333
Processed step 0 of 500
Processed step 10 of 500
Processed step 20 of 500
Processed step 30 of 500
Processed step 40 of 500
Processed step 50 of 500
Processed step 60 of 500
Processed step 70 of 500
Processed step 80 of 500
Processed step 90 of 500
Processed step 100 of 500
Processed step 110 of 500
Processed step 120 of 500
Processed step 130 of 500
Processed step 140 of 500
Processed step 150 of 500
Processed step 160 of 500
Processed step 170 of 500
Processed step 180 of 500
Processed step 190 of 500
Processed step 200 of 500
Processed step 210 of 500
Processed step 220 of 500
Processed step 230 of 500
Processed step 240 of 500
Processed step 250 of 500
Processed step 260 of 500
Processed step 270 of 500
Processed step 280 of 500
Processed step 290 of 500
Processed step 300 of 500
Processed step 310 of 500
Processed step 320 of 500
Processed step 330 of 500
Processed step 340 of 500
Processed step 350 of 500
Processed step 360 of 500
Processed step 370 of 500
Processed step 380 of 500
Processed step 390 of 500
Processed step 400 of 500
Processed step 410 of 500
Processed step 420 of 500
Processed step 430 of 500
Processed step 440 of 500
Processed step 450 of 500
Processed step 460 of 500
Processed step 470 of 500
Processed step 480 of 500
Processed step 490 of 500
[2026-10-09 14:31:13,789][agent.finetune.train_ppo_diffusion_agent][INFO] - approx_kl: 0.0, update_epoch: 0, num_batch: 4
[2026-10-09 14:31:16,117][agent.finetune.train_ppo_diffusion_agent][INFO] - approx_kl: 2.7678906042161167e-11, update_epoch: 0, num_batch: 4
[2026-10-09 14:31:18,229][agent.finetune.train_ppo_diffusion_agent][INFO] - approx_kl: 2.7669592311818647e-11, update_epoch: 0, num_batch: 4
[2026-10-09 14:31:20,435][agent.finetune.train_ppo_diffusion_agent][INFO] - approx_kl: 4.349276147563863e-11, update_epoch: 0, num_batch: 4
[2026-10-09 14:31:22,687][agent.finetune.train_ppo_diffusion_agent][INFO] - approx_kl: 4.551373167238637e-11, update_epoch: 1, num_batch: 4
[2026-10-09 14:31:25,012][agent.finetune.train_ppo_diffusion_agent][INFO] - approx_kl: 6.487593101622835e-11, update_epoch: 1, num_batch: 4
[2026-10-09 14:31:27,150][agent.finetune.train_ppo_diffusion_agent][INFO] - approx_kl: 5.908543099231167e-11, update_epoch: 1, num_batch: 4
[2026-10-09 14:31:29,410][agent.finetune.train_ppo_diffusion_agent][INFO] - approx_kl: 1.0389834131929732e-10, update_epoch: 1, num_batch: 4
[2026-10-09 14:31:31,642][agent.finetune.train_ppo_diffusion_agent][INFO] - approx_kl: 9.709037740446291e-11, update_epoch: 2, num_batch: 4
[2026-10-09 14:31:33,972][agent.finetune.train_ppo_diffusion_agent][INFO] - approx_kl: 1.2337229848835563e-10, update_epoch: 2, num_batch: 4
[2026-10-09 14:31:36,116][agent.finetune.train_ppo_diffusion_agent][INFO] - approx_kl: 1.209229244514276e-10, update_epoch: 2, num_batch: 4
[2026-10-09 14:31:38,322][agent.finetune.train_ppo_diffusion_agent][INFO] - approx_kl: 1.2136064375667388e-10, update_epoch: 2, num_batch: 4
[2026-10-09 14:31:40,546][agent.finetune.train_ppo_diffusion_agent][INFO] - approx_kl: 1.4832242378748361e-10, update_epoch: 3, num_batch: 4
[2026-10-09 14:31:42,872][agent.finetune.train_ppo_diffusion_agent][INFO] - approx_kl: 1.6961246296354204e-10, update_epoch: 3, num_batch: 4
[2026-10-09 14:31:45,013][agent.finetune.train_ppo_diffusion_agent][INFO] - approx_kl: 2.0070234363345207e-10, update_epoch: 3, num_batch: 4
[2026-10-09 14:31:47,212][agent.finetune.train_ppo_diffusion_agent][INFO] - approx_kl: 1.3509765528496587e-10, update_epoch: 3, num_batch: 4
[2026-10-09 14:31:49,407][agent.finetune.train_ppo_diffusion_agent][INFO] - approx_kl: 1.941528188220687e-10, update_epoch: 4, num_batch: 4
[2026-10-09 14:31:51,718][agent.finetune.train_ppo_diffusion_agent][INFO] - approx_kl: 2.2457213866289294e-10, update_epoch: 4, num_batch: 4
[2026-10-09 14:31:53,889][agent.finetune.train_ppo_diffusion_agent][INFO] - approx_kl: 2.1010171380453357e-10, update_epoch: 4, num_batch: 4
[2026-10-09 14:31:56,119][agent.finetune.train_ppo_diffusion_agent][INFO] - approx_kl: 2.285465566798095e-10, update_epoch: 4, num_batch: 4
[2026-10-09 14:31:56,139][agent.finetune.train_ppo_diffusion_agent][INFO] - 104: step  7520000 | loss   0.0022 | pg loss  -0.0000 | value loss   0.0045 | bc loss   0.0000 | reward -274.1069 | eta   1.0000 | t: 58.0462 | kl_true_per_action=9.415383366454813e-07 | logratio_p99=0.0 | clamp_hit_frac=0.00079375
Processed step 0 of 500
Processed step 10 of 500
Processed step 20 of 500
Processed step 30 of 500
Processed step 40 of 500
Processed step 50 of 500
Processed step 60 of 500
Processed step 70 of 500
Processed step 80 of 500
Processed step 90 of 500
Processed step 100 of 500
Processed step 110 of 500
Processed step 120 of 500
Processed step 130 of 500
Processed step 140 of 500
Processed step 150 of 500
Processed step 160 of 500
Processed step 170 of 500
Processed step 180 of 500
Processed step 190 of 500
Processed step 200 of 500
Processed step 210 of 500
Processed step 220 of 500
Processed step 230 of 500
Processed step 240 of 500
Processed step 250 of 500
Processed step 260 of 500
Processed step 270 of 500
Processed step 280 of 500
Processed step 290 of 500
Processed step 300 of 500
Processed step 310 of 500
Processed step 320 of 500
Processed step 330 of 500
Processed step 340 of 500
Processed step 350 of 500
Processed step 360 of 500
Processed step 370 of 500
Processed step 380 of 500
Processed step 390 of 500
Processed step 400 of 500
Processed step 410 of 500
Processed step 420 of 500
Processed step 430 of 500
Processed step 440 of 500
Processed step 450 of 500
Processed step 460 of 500
Processed step 470 of 500
Processed step 480 of 500
Processed step 490 of 500
[2026-10-09 14:32:10,964][agent.finetune.train_ppo_diffusion_agent][INFO] - approx_kl: 0.0, update_epoch: 0, num_batch: 4
[2026-10-09 14:32:13,261][agent.finetune.train_ppo_diffusion_agent][INFO] - approx_kl: 2.3953616867800065e-11, update_epoch: 0, num_batch: 4
[2026-10-09 14:32:15,359][agent.finetune.train_ppo_diffusion_agent][INFO] - approx_kl: 3.0861702082773945e-11, update_epoch: 0, num_batch: 4
[2026-10-09 14:32:17,546][agent.finetune.train_ppo_diffusion_agent][INFO] - approx_kl: 1.9660219632844367e-11, update_epoch: 0, num_batch: 4
[2026-10-09 14:32:19,759][agent.finetune.train_ppo_diffusion_agent][INFO] - approx_kl: 2.199783931400301e-11, update_epoch: 1, num_batch: 4
[2026-10-09 14:32:22,072][agent.finetune.train_ppo_diffusion_agent][INFO] - approx_kl: 3.281049390513324e-11, update_epoch: 1, num_batch: 4
[2026-10-09 14:32:24,203][agent.finetune.train_ppo_diffusion_agent][INFO] - approx_kl: 4.2077154260855565e-11, update_epoch: 1, num_batch: 4
[2026-10-09 14:32:26,425][agent.finetune.train_ppo_diffusion_agent][INFO] - approx_kl: 8.045695359948368e-11, update_epoch: 1, num_batch: 4
[2026-10-09 14:32:28,646][agent.finetune.train_ppo_diffusion_agent][INFO] - approx_kl: 5.656620311045302e-11, update_epoch: 2, num_batch: 4
[2026-10-09 14:32:30,996][agent.finetune.train_ppo_diffusion_agent][INFO] - approx_kl: 9.109266119189385e-11, update_epoch: 2, num_batch: 4
[2026-10-09 14:32:33,130][agent.finetune.train_ppo_diffusion_agent][INFO] - approx_kl: 9.961891728194061e-11, update_epoch: 2, num_batch: 4
[2026-10-09 14:32:35,370][agent.finetune.train_ppo_diffusion_agent][INFO] - approx_kl: 1.292675688713274e-10, update_epoch: 2, num_batch: 4
[2026-10-09 14:32:37,598][agent.finetune.train_ppo_diffusion_agent][INFO] - approx_kl: 2.137943988511637e-10, update_epoch: 3, num_batch: 4
[2026-10-09 14:32:39,920][agent.finetune.train_ppo_diffusion_agent][INFO] - approx_kl: 1.6179867168286677e-10, update_epoch: 3, num_batch: 4
[2026-10-09 14:32:42,054][agent.finetune.train_ppo_diffusion_agent][INFO] - approx_kl: 1.7334240987043614e-10, update_epoch: 3, num_batch: 4
[2026-10-09 14:32:44,281][agent.finetune.train_ppo_diffusion_agent][INFO] - approx_kl: 2.142600680210549e-10, update_epoch: 3, num_batch: 4
[2026-10-09 14:32:46,507][agent.finetune.train_ppo_diffusion_agent][INFO] - approx_kl: 1.4942139192619663e-10, update_epoch: 4, num_batch: 4
[2026-10-09 14:32:48,779][agent.finetune.train_ppo_diffusion_agent][INFO] - approx_kl: 2.508051544225509e-10, update_epoch: 4, num_batch: 4
[2026-10-09 14:32:50,920][agent.finetune.train_ppo_diffusion_agent][INFO] - approx_kl: 3.8243830324802275e-10, update_epoch: 4, num_batch: 4
[2026-10-09 14:32:53,165][agent.finetune.train_ppo_diffusion_agent][INFO] - approx_kl: 5.250238022114218e-10, update_epoch: 4, num_batch: 4
[2026-10-09 14:32:53,211][agent.finetune.train_agent][INFO] - Saved model to /soalnas/share/data/zbao7/diffusion_policy/results/stage2_noclip/runs/NC2_seed1/native/checkpoint/state_105.pt
[2026-10-09 14:32:53,211][agent.finetune.train_ppo_diffusion_agent][INFO] - 105: step  7600000 | loss   0.0026 | pg loss  -0.0000 | value loss   0.0052 | bc loss   0.0000 | reward -282.2253 | eta   1.0000 | t: 57.0721 | kl_true_per_action=2.085035128775036e-06 | logratio_p99=0.0 | clamp_hit_frac=0.0008
Processed step 0 of 500
Processed step 10 of 500
Processed step 20 of 500
Processed step 30 of 500
Processed step 40 of 500
Processed step 50 of 500
Processed step 60 of 500
Processed step 70 of 500
Processed step 80 of 500
Processed step 90 of 500
Processed step 100 of 500
Processed step 110 of 500
Processed step 120 of 500
Processed step 130 of 500
Processed step 140 of 500
Processed step 150 of 500
Processed step 160 of 500
Processed step 170 of 500
Processed step 180 of 500
Processed step 190 of 500
Processed step 200 of 500
Processed step 210 of 500
Processed step 220 of 500
Processed step 230 of 500
Processed step 240 of 500
Processed step 250 of 500
Processed step 260 of 500
Processed step 270 of 500
Processed step 280 of 500
Processed step 290 of 500
Processed step 300 of 500
Processed step 310 of 500
Processed step 320 of 500
Processed step 330 of 500
Processed step 340 of 500
Processed step 350 of 500
Processed step 360 of 500
Processed step 370 of 500
Processed step 380 of 500
Processed step 390 of 500
Processed step 400 of 500
Processed step 410 of 500
Processed step 420 of 500
Processed step 430 of 500
Processed step 440 of 500
Processed step 450 of 500
Processed step 460 of 500
Processed step 470 of 500
Processed step 480 of 500
Processed step 490 of 500
[2026-10-09 14:33:08,539][agent.finetune.train_ppo_diffusion_agent][INFO] - approx_kl: 0.0, update_epoch: 0, num_batch: 4
[2026-10-09 14:33:10,873][agent.finetune.train_ppo_diffusion_agent][INFO] - approx_kl: 3.8724391748790055e-11, update_epoch: 0, num_batch: 4
[2026-10-09 14:33:13,023][agent.finetune.train_ppo_diffusion_agent][INFO] - approx_kl: 1.592561499341727e-11, update_epoch: 0, num_batch: 4
[2026-10-09 14:33:15,247][agent.finetune.train_ppo_diffusion_agent][INFO] - approx_kl: 2.7902860577633248e-11, update_epoch: 0, num_batch: 4
[2026-10-09 14:33:17,448][agent.finetune.train_ppo_diffusion_agent][INFO] - approx_kl: 4.086061350383474e-11, update_epoch: 1, num_batch: 4
[2026-10-09 14:33:19,769][agent.finetune.train_ppo_diffusion_agent][INFO] - approx_kl: 4.1034071973644615e-11, update_epoch: 1, num_batch: 4
[2026-10-09 14:33:21,928][agent.finetune.train_ppo_diffusion_agent][INFO] - approx_kl: 3.076158425208142e-11, update_epoch: 1, num_batch: 4
[2026-10-09 14:33:24,155][agent.finetune.train_ppo_diffusion_agent][INFO] - approx_kl: 5.023553795169278e-11, update_epoch: 1, num_batch: 4
[2026-10-09 14:33:26,394][agent.finetune.train_ppo_diffusion_agent][INFO] - approx_kl: 4.435656356105433e-11, update_epoch: 2, num_batch: 4
[2026-10-09 14:33:28,725][agent.finetune.train_ppo_diffusion_agent][INFO] - approx_kl: 3.738328743785324e-11, update_epoch: 2, num_batch: 4
[2026-10-09 14:33:30,875][agent.finetune.train_ppo_diffusion_agent][INFO] - approx_kl: 3.5725533642505525e-11, update_epoch: 2, num_batch: 4
[2026-10-09 14:33:33,122][agent.finetune.train_ppo_diffusion_agent][INFO] - approx_kl: 4.345201629063489e-11, update_epoch: 2, num_batch: 4
[2026-10-09 14:33:35,360][agent.finetune.train_ppo_diffusion_agent][INFO] - approx_kl: 5.870751801362317e-11, update_epoch: 3, num_batch: 4
[2026-10-09 14:33:37,689][agent.finetune.train_ppo_diffusion_agent][INFO] - approx_kl: 7.821247122175023e-11, update_epoch: 3, num_batch: 4
[2026-10-09 14:33:39,831][agent.finetune.train_ppo_diffusion_agent][INFO] - approx_kl: 5.990266616073825e-11, update_epoch: 3, num_batch: 4
[2026-10-09 14:33:42,062][agent.finetune.train_ppo_diffusion_agent][INFO] - approx_kl: 7.728114675975561e-11, update_epoch: 3, num_batch: 4
[2026-10-09 14:33:44,307][agent.finetune.train_ppo_diffusion_agent][INFO] - approx_kl: 1.3888463989975008e-10, update_epoch: 4, num_batch: 4
[2026-10-09 14:33:46,640][agent.finetune.train_ppo_diffusion_agent][INFO] - approx_kl: 1.9156723429780698e-10, update_epoch: 4, num_batch: 4
[2026-10-09 14:33:48,787][agent.finetune.train_ppo_diffusion_agent][INFO] - approx_kl: 2.1110288517256492e-10, update_epoch: 4, num_batch: 4
[2026-10-09 14:33:50,992][agent.finetune.train_ppo_diffusion_agent][INFO] - approx_kl: 3.28663735116308e-10, update_epoch: 4, num_batch: 4
[2026-10-09 14:33:51,012][agent.finetune.train_ppo_diffusion_agent][INFO] - 106: step  7680000 | loss   0.0024 | pg loss  -0.0001 | value loss   0.0050 | bc loss   0.0000 | reward -266.0640 | eta   1.0000 | t: 57.8009 | kl_true_per_action=1.44024635842927e-06 | logratio_p99=0.0 | clamp_hit_frac=0.0007958333333333333
Processed step 0 of 500
Processed step 10 of 500
Processed step 20 of 500
Processed step 30 of 500
Processed step 40 of 500
Processed step 50 of 500
Processed step 60 of 500
Processed step 70 of 500
Processed step 80 of 500
Processed step 90 of 500
Processed step 100 of 500
Processed step 110 of 500
Processed step 120 of 500
Processed step 130 of 500
Processed step 140 of 500
Processed step 150 of 500
Processed step 160 of 500
Processed step 170 of 500
Processed step 180 of 500
Processed step 190 of 500
Processed step 200 of 500
Processed step 210 of 500
Processed step 220 of 500
Processed step 230 of 500
Processed step 240 of 500
Processed step 250 of 500
Processed step 260 of 500
Processed step 270 of 500
Processed step 280 of 500
Processed step 290 of 500
Processed step 300 of 500
Processed step 310 of 500
Processed step 320 of 500
Processed step 330 of 500
Processed step 340 of 500
Processed step 350 of 500
Processed step 360 of 500
Processed step 370 of 500
Processed step 380 of 500
Processed step 390 of 500
Processed step 400 of 500
Processed step 410 of 500
Processed step 420 of 500
Processed step 430 of 500
Processed step 440 of 500
Processed step 450 of 500
Processed step 460 of 500
Processed step 470 of 500
Processed step 480 of 500
Processed step 490 of 500
[2026-10-09 14:34:06,783][agent.finetune.train_ppo_diffusion_agent][INFO] - approx_kl: 0.0, update_epoch: 0, num_batch: 4
[2026-10-09 14:34:08,930][agent.finetune.train_ppo_diffusion_agent][INFO] - approx_kl: 3.471504680940818e-11, update_epoch: 0, num_batch: 4
[2026-10-09 14:34:11,166][agent.finetune.train_ppo_diffusion_agent][INFO] - approx_kl: 1.2300209462079437e-10, update_epoch: 0, num_batch: 4
[2026-10-09 14:34:13,366][agent.finetune.train_ppo_diffusion_agent][INFO] - approx_kl: 2.205371857355587e-10, update_epoch: 0, num_batch: 4
[2026-10-09 14:34:15,677][agent.finetune.train_ppo_diffusion_agent][INFO] - approx_kl: 3.3217947836838846e-10, update_epoch: 1, num_batch: 4
[2026-10-09 14:34:17,851][agent.finetune.train_ppo_diffusion_agent][INFO] - approx_kl: 4.38545810776958e-10, update_epoch: 1, num_batch: 4
[2026-10-09 14:34:20,076][agent.finetune.train_ppo_diffusion_agent][INFO] - approx_kl: 6.838911104090073e-10, update_epoch: 1, num_batch: 4
[2026-10-09 14:34:22,305][agent.finetune.train_ppo_diffusion_agent][INFO] - approx_kl: 1.092422707849039e-09, update_epoch: 1, num_batch: 4
[2026-10-09 14:34:24,675][agent.finetune.train_ppo_diffusion_agent][INFO] - approx_kl: 1.7066532631559994e-09, update_epoch: 2, num_batch: 4
[2026-10-09 14:34:26,826][agent.finetune.train_ppo_diffusion_agent][INFO] - approx_kl: 1.3395957676465287e-09, update_epoch: 2, num_batch: 4
[2026-10-09 14:34:29,067][agent.finetune.train_ppo_diffusion_agent][INFO] - approx_kl: 2.4730897330016433e-09, update_epoch: 2, num_batch: 4
[2026-10-09 14:34:31,302][agent.finetune.train_ppo_diffusion_agent][INFO] - approx_kl: 3.092572864460408e-09, update_epoch: 2, num_batch: 4
[2026-10-09 14:34:33,645][agent.finetune.train_ppo_diffusion_agent][INFO] - approx_kl: 3.610099552631141e-09, update_epoch: 3, num_batch: 4
[2026-10-09 14:34:35,796][agent.finetune.train_ppo_diffusion_agent][INFO] - approx_kl: 3.77754894032023e-09, update_epoch: 3, num_batch: 4
[2026-10-09 14:34:38,044][agent.finetune.train_ppo_diffusion_agent][INFO] - approx_kl: 4.413179155449143e-09, update_epoch: 3, num_batch: 4
[2026-10-09 14:34:40,287][agent.finetune.train_ppo_diffusion_agent][INFO] - approx_kl: 6.850398914792777e-09, update_epoch: 3, num_batch: 4
[2026-10-09 14:34:42,635][agent.finetune.train_ppo_diffusion_agent][INFO] - approx_kl: 5.1578319393286165e-09, update_epoch: 4, num_batch: 4
[2026-10-09 14:34:44,795][agent.finetune.train_ppo_diffusion_agent][INFO] - approx_kl: 9.372318032774274e-09, update_epoch: 4, num_batch: 4
[2026-10-09 14:34:47,025][agent.finetune.train_ppo_diffusion_agent][INFO] - approx_kl: 9.176220672202362e-09, update_epoch: 4, num_batch: 4
[2026-10-09 14:34:49,233][agent.finetune.train_ppo_diffusion_agent][INFO] - approx_kl: 8.762464531741898e-09, update_epoch: 4, num_batch: 4
[2026-10-09 14:34:49,252][agent.finetune.train_ppo_diffusion_agent][INFO] - 107: step  7760000 | loss   0.0025 | pg loss  -0.0000 | value loss   0.0050 | bc loss   0.0000 | reward -318.5566 | eta   1.0000 | t: 58.2404 | kl_true_per_action=8.637416201245414e-05 | logratio_p99=0.0 | clamp_hit_frac=0.0008083333333333333
Processed step 0 of 500
Processed step 10 of 500
Processed step 20 of 500
Processed step 30 of 500
Processed step 40 of 500
Processed step 50 of 500
Processed step 60 of 500
Processed step 70 of 500
Processed step 80 of 500
Processed step 90 of 500
Processed step 100 of 500
Processed step 110 of 500
Processed step 120 of 500
Processed step 130 of 500
Processed step 140 of 500
Processed step 150 of 500
Processed step 160 of 500
Processed step 170 of 500
Processed step 180 of 500
Processed step 190 of 500
Processed step 200 of 500
Processed step 210 of 500
Processed step 220 of 500
Processed step 230 of 500
Processed step 240 of 500
Processed step 250 of 500
Processed step 260 of 500
Processed step 270 of 500
Processed step 280 of 500
Processed step 290 of 500
Processed step 300 of 500
Processed step 310 of 500
Processed step 320 of 500
Processed step 330 of 500
Processed step 340 of 500
Processed step 350 of 500
Processed step 360 of 500
Processed step 370 of 500
Processed step 380 of 500
Processed step 390 of 500
Processed step 400 of 500
Processed step 410 of 500
Processed step 420 of 500
Processed step 430 of 500
Processed step 440 of 500
Processed step 450 of 500
Processed step 460 of 500
Processed step 470 of 500
Processed step 480 of 500
Processed step 490 of 500
[2026-10-09 14:35:05,012][agent.finetune.train_ppo_diffusion_agent][INFO] - approx_kl: 0.0, update_epoch: 0, num_batch: 4
[2026-10-09 14:35:07,168][agent.finetune.train_ppo_diffusion_agent][INFO] - approx_kl: 6.817280767679179e-11, update_epoch: 0, num_batch: 4
[2026-10-09 14:35:09,407][agent.finetune.train_ppo_diffusion_agent][INFO] - approx_kl: 1.2882053757046208e-10, update_epoch: 0, num_batch: 4
[2026-10-09 14:35:11,636][agent.finetune.train_ppo_diffusion_agent][INFO] - approx_kl: 2.404954291268524e-10, update_epoch: 0, num_batch: 4
[2026-10-09 14:35:13,939][agent.finetune.train_ppo_diffusion_agent][INFO] - approx_kl: 3.8566996818367727e-10, update_epoch: 1, num_batch: 4
[2026-10-09 14:35:16,068][agent.finetune.train_ppo_diffusion_agent][INFO] - approx_kl: 5.54788825990471e-10, update_epoch: 1, num_batch: 4
[2026-10-09 14:35:18,279][agent.finetune.train_ppo_diffusion_agent][INFO] - approx_kl: 7.421523395834129e-10, update_epoch: 1, num_batch: 4
[2026-10-09 14:35:20,493][agent.finetune.train_ppo_diffusion_agent][INFO] - approx_kl: 1.0203570210975954e-09, update_epoch: 1, num_batch: 4
[2026-10-09 14:35:22,839][agent.finetune.train_ppo_diffusion_agent][INFO] - approx_kl: 1.486027523256439e-09, update_epoch: 2, num_batch: 4
[2026-10-09 14:35:24,983][agent.finetune.train_ppo_diffusion_agent][INFO] - approx_kl: 1.8849968252965255e-09, update_epoch: 2, num_batch: 4
[2026-10-09 14:35:27,212][agent.finetune.train_ppo_diffusion_agent][INFO] - approx_kl: 1.5210546155941529e-09, update_epoch: 2, num_batch: 4
[2026-10-09 14:35:29,434][agent.finetune.train_ppo_diffusion_agent][INFO] - approx_kl: 1.649670289260996e-09, update_epoch: 2, num_batch: 4
[2026-10-09 14:35:31,761][agent.finetune.train_ppo_diffusion_agent][INFO] - approx_kl: 2.7433595395365273e-09, update_epoch: 3, num_batch: 4
[2026-10-09 14:35:33,904][agent.finetune.train_ppo_diffusion_agent][INFO] - approx_kl: 3.5683855870161096e-09, update_epoch: 3, num_batch: 4
[2026-10-09 14:35:36,137][agent.finetune.train_ppo_diffusion_agent][INFO] - approx_kl: 4.025101585369839e-09, update_epoch: 3, num_batch: 4
[2026-10-09 14:35:38,381][agent.finetune.train_ppo_diffusion_agent][INFO] - approx_kl: 2.9909796861460336e-09, update_epoch: 3, num_batch: 4
[2026-10-09 14:35:40,711][agent.finetune.train_ppo_diffusion_agent][INFO] - approx_kl: 3.4105032131748203e-09, update_epoch: 4, num_batch: 4
[2026-10-09 14:35:42,862][agent.finetune.train_ppo_diffusion_agent][INFO] - approx_kl: 4.800762898327093e-09, update_epoch: 4, num_batch: 4
[2026-10-09 14:35:45,091][agent.finetune.train_ppo_diffusion_agent][INFO] - approx_kl: 5.582664108771951e-09, update_epoch: 4, num_batch: 4
[2026-10-09 14:35:47,284][agent.finetune.train_ppo_diffusion_agent][INFO] - approx_kl: 8.131340045736124e-09, update_epoch: 4, num_batch: 4
[2026-10-09 14:35:47,303][agent.finetune.train_ppo_diffusion_agent][INFO] - 108: step  7840000 | loss   0.0025 | pg loss  -0.0000 | value loss   0.0051 | bc loss   0.0000 | reward -289.6560 | eta   1.0000 | t: 58.0508 | kl_true_per_action=2.57287097627679e-05 | logratio_p99=0.0 | clamp_hit_frac=0.0007395833333333333
Processed step 0 of 500
Processed step 10 of 500
Processed step 20 of 500
Processed step 30 of 500
Processed step 40 of 500
Processed step 50 of 500
Processed step 60 of 500
Processed step 70 of 500
Processed step 80 of 500
Processed step 90 of 500
Processed step 100 of 500
Processed step 110 of 500
Processed step 120 of 500
Processed step 130 of 500
Processed step 140 of 500
Processed step 150 of 500
Processed step 160 of 500
Processed step 170 of 500
Processed step 180 of 500
Processed step 190 of 500
Processed step 200 of 500
Processed step 210 of 500
Processed step 220 of 500
Processed step 230 of 500
Processed step 240 of 500
Processed step 250 of 500
Processed step 260 of 500
Processed step 270 of 500
Processed step 280 of 500
Processed step 290 of 500
Processed step 300 of 500
Processed step 310 of 500
Processed step 320 of 500
Processed step 330 of 500
Processed step 340 of 500
Processed step 350 of 500
Processed step 360 of 500
Processed step 370 of 500
Processed step 380 of 500
Processed step 390 of 500
Processed step 400 of 500
Processed step 410 of 500
Processed step 420 of 500
Processed step 430 of 500
Processed step 440 of 500
Processed step 450 of 500
Processed step 460 of 500
Processed step 470 of 500
Processed step 480 of 500
Processed step 490 of 500
[2026-10-09 14:36:02,184][agent.finetune.train_ppo_diffusion_agent][INFO] - approx_kl: 0.0, update_epoch: 0, num_batch: 4
[2026-10-09 14:36:04,290][agent.finetune.train_ppo_diffusion_agent][INFO] - approx_kl: 2.4796463493625964e-11, update_epoch: 0, num_batch: 4
[2026-10-09 14:36:06,484][agent.finetune.train_ppo_diffusion_agent][INFO] - approx_kl: 4.4032930079929145e-11, update_epoch: 0, num_batch: 4
[2026-10-09 14:36:08,829][agent.finetune.train_ppo_diffusion_agent][INFO] - approx_kl: 4.482222579205164e-11, update_epoch: 0, num_batch: 4
[2026-10-09 14:36:10,965][agent.finetune.train_ppo_diffusion_agent][INFO] - approx_kl: 9.088543806434757e-11, update_epoch: 1, num_batch: 4
[2026-10-09 14:36:13,150][agent.finetune.train_ppo_diffusion_agent][INFO] - approx_kl: 1.2068543386867248e-10, update_epoch: 1, num_batch: 4
[2026-10-09 14:36:15,334][agent.finetune.train_ppo_diffusion_agent][INFO] - approx_kl: 1.345388522810964e-10, update_epoch: 1, num_batch: 4
[2026-10-09 14:36:17,664][agent.finetune.train_ppo_diffusion_agent][INFO] - approx_kl: 1.05220825108443e-10, update_epoch: 1, num_batch: 4
[2026-10-09 14:36:19,747][agent.finetune.train_ppo_diffusion_agent][INFO] - approx_kl: 2.4190172087656947e-10, update_epoch: 2, num_batch: 4
[2026-10-09 14:36:21,926][agent.finetune.train_ppo_diffusion_agent][INFO] - approx_kl: 2.490356532103277e-10, update_epoch: 2, num_batch: 4
[2026-10-09 14:36:24,150][agent.finetune.train_ppo_diffusion_agent][INFO] - approx_kl: 1.3064592463418734e-10, update_epoch: 2, num_batch: 4
[2026-10-09 14:36:26,469][agent.finetune.train_ppo_diffusion_agent][INFO] - approx_kl: 1.593632587004734e-10, update_epoch: 2, num_batch: 4
[2026-10-09 14:36:28,613][agent.finetune.train_ppo_diffusion_agent][INFO] - approx_kl: 1.7281620579012724e-10, update_epoch: 3, num_batch: 4
[2026-10-09 14:36:30,829][agent.finetune.train_ppo_diffusion_agent][INFO] - approx_kl: 1.6128644253488034e-10, update_epoch: 3, num_batch: 4
[2026-10-09 14:36:33,052][agent.finetune.train_ppo_diffusion_agent][INFO] - approx_kl: 2.553570133123628e-10, update_epoch: 3, num_batch: 4
[2026-10-09 14:36:35,363][agent.finetune.train_ppo_diffusion_agent][INFO] - approx_kl: 1.751258860149818e-10, update_epoch: 3, num_batch: 4
[2026-10-09 14:36:37,474][agent.finetune.train_ppo_diffusion_agent][INFO] - approx_kl: 2.263113862976951e-10, update_epoch: 4, num_batch: 4
[2026-10-09 14:36:39,700][agent.finetune.train_ppo_diffusion_agent][INFO] - approx_kl: 2.215057581800295e-10, update_epoch: 4, num_batch: 4
[2026-10-09 14:36:41,923][agent.finetune.train_ppo_diffusion_agent][INFO] - approx_kl: 1.2970063911765806e-10, update_epoch: 4, num_batch: 4
[2026-10-09 14:36:44,249][agent.finetune.train_ppo_diffusion_agent][INFO] - approx_kl: 1.667556370765766e-10, update_epoch: 4, num_batch: 4
[2026-10-09 14:36:44,269][agent.finetune.train_ppo_diffusion_agent][INFO] - 109: step  7920000 | loss   0.0027 | pg loss  -0.0001 | value loss   0.0054 | bc loss   0.0000 | reward -294.7101 | eta   1.0000 | t: 56.9656 | kl_true_per_action=1.1080176509321999e-06 | logratio_p99=0.0 | clamp_hit_frac=0.0007958333333333333
Processed step 0 of 500
Processed step 10 of 500
Processed step 20 of 500
Processed step 30 of 500
Processed step 40 of 500
Processed step 50 of 500
Processed step 60 of 500
Processed step 70 of 500
Processed step 80 of 500
Processed step 90 of 500
Processed step 100 of 500
Processed step 110 of 500
Processed step 120 of 500
Processed step 130 of 500
Processed step 140 of 500
Processed step 150 of 500
Processed step 160 of 500
Processed step 170 of 500
Processed step 180 of 500
Processed step 190 of 500
Processed step 200 of 500
Processed step 210 of 500
Processed step 220 of 500
Processed step 230 of 500
Processed step 240 of 500
Processed step 250 of 500
Processed step 260 of 500
Processed step 270 of 500
Processed step 280 of 500
Processed step 290 of 500
Processed step 300 of 500
Processed step 310 of 500
Processed step 320 of 500
Processed step 330 of 500
Processed step 340 of 500
Processed step 350 of 500
Processed step 360 of 500
Processed step 370 of 500
Processed step 380 of 500
Processed step 390 of 500
Processed step 400 of 500
Processed step 410 of 500
Processed step 420 of 500
Processed step 430 of 500
Processed step 440 of 500
Processed step 450 of 500
Processed step 460 of 500
Processed step 470 of 500
Processed step 480 of 500
Processed step 490 of 500
[2026-10-09 14:36:56,783][agent.finetune.train_ppo_diffusion_agent][INFO] - eval: success rate   0.0000 | avg episode reward -431.3626 | avg best reward   1.1294
Processed step 0 of 500
Processed step 10 of 500
Processed step 20 of 500
Processed step 30 of 500
Processed step 40 of 500
Processed step 50 of 500
Processed step 60 of 500
Processed step 70 of 500
Processed step 80 of 500
Processed step 90 of 500
Processed step 100 of 500
Processed step 110 of 500
Processed step 120 of 500
Processed step 130 of 500
Processed step 140 of 500
Processed step 150 of 500
Processed step 160 of 500
Processed step 170 of 500
Processed step 180 of 500
Processed step 190 of 500
Processed step 200 of 500
Processed step 210 of 500
Processed step 220 of 500
Processed step 230 of 500
Processed step 240 of 500
Processed step 250 of 500
Processed step 260 of 500
Processed step 270 of 500
Processed step 280 of 500
Processed step 290 of 500
Processed step 300 of 500
Processed step 310 of 500
Processed step 320 of 500
Processed step 330 of 500
Processed step 340 of 500
Processed step 350 of 500
Processed step 360 of 500
Processed step 370 of 500
Processed step 380 of 500
Processed step 390 of 500
Processed step 400 of 500
Processed step 410 of 500
Processed step 420 of 500
Processed step 430 of 500
Processed step 440 of 500
Processed step 450 of 500
Processed step 460 of 500
Processed step 470 of 500
Processed step 480 of 500
Processed step 490 of 500
[2026-10-09 14:37:11,520][agent.finetune.train_ppo_diffusion_agent][INFO] - approx_kl: 0.0, update_epoch: 0, num_batch: 4
[2026-10-09 14:37:13,738][agent.finetune.train_ppo_diffusion_agent][INFO] - approx_kl: 1.5748664525250256e-11, update_epoch: 0, num_batch: 4
[2026-10-09 14:37:15,957][agent.finetune.train_ppo_diffusion_agent][INFO] - approx_kl: 2.8144568273158477e-11, update_epoch: 0, num_batch: 4
[2026-10-09 14:37:18,284][agent.finetune.train_ppo_diffusion_agent][INFO] - approx_kl: 2.4605541562583433e-11, update_epoch: 0, num_batch: 4
[2026-10-09 14:37:20,411][agent.finetune.train_ppo_diffusion_agent][INFO] - approx_kl: 4.868488598375187e-11, update_epoch: 1, num_batch: 4
[2026-10-09 14:37:22,635][agent.finetune.train_ppo_diffusion_agent][INFO] - approx_kl: 5.356967300307325e-11, update_epoch: 1, num_batch: 4
[2026-10-09 14:37:24,873][agent.finetune.train_ppo_diffusion_agent][INFO] - approx_kl: 1.1529772969698371e-10, update_epoch: 1, num_batch: 4
[2026-10-09 14:37:27,210][agent.finetune.train_ppo_diffusion_agent][INFO] - approx_kl: 1.545995415019874e-10, update_epoch: 1, num_batch: 4
[2026-10-09 14:37:29,358][agent.finetune.train_ppo_diffusion_agent][INFO] - approx_kl: 2.3232306356479882e-10, update_epoch: 2, num_batch: 4
[2026-10-09 14:37:31,608][agent.finetune.train_ppo_diffusion_agent][INFO] - approx_kl: 3.112852475783967e-10, update_epoch: 2, num_batch: 4
[2026-10-09 14:37:33,851][agent.finetune.train_ppo_diffusion_agent][INFO] - approx_kl: 6.776000316399688e-10, update_epoch: 2, num_batch: 4
[2026-10-09 14:37:36,220][agent.finetune.train_ppo_diffusion_agent][INFO] - approx_kl: 6.690341614046247e-10, update_epoch: 2, num_batch: 4
[2026-10-09 14:37:38,371][agent.finetune.train_ppo_diffusion_agent][INFO] - approx_kl: 1.1238967534410449e-09, update_epoch: 3, num_batch: 4
[2026-10-09 14:37:40,627][agent.finetune.train_ppo_diffusion_agent][INFO] - approx_kl: 1.0063638811175224e-09, update_epoch: 3, num_batch: 4
[2026-10-09 14:37:42,861][agent.finetune.train_ppo_diffusion_agent][INFO] - approx_kl: 1.686522699273496e-09, update_epoch: 3, num_batch: 4
[2026-10-09 14:37:45,197][agent.finetune.train_ppo_diffusion_agent][INFO] - approx_kl: 1.5213154069826373e-09, update_epoch: 3, num_batch: 4
[2026-10-09 14:37:47,306][agent.finetune.train_ppo_diffusion_agent][INFO] - approx_kl: 1.5170592559954343e-09, update_epoch: 4, num_batch: 4
[2026-10-09 14:37:49,512][agent.finetune.train_ppo_diffusion_agent][INFO] - approx_kl: 3.6592779917299367e-09, update_epoch: 4, num_batch: 4
[2026-10-09 14:37:51,738][agent.finetune.train_ppo_diffusion_agent][INFO] - approx_kl: 3.102514911645926e-09, update_epoch: 4, num_batch: 4
[2026-10-09 14:37:54,073][agent.finetune.train_ppo_diffusion_agent][INFO] - approx_kl: 3.576911877800626e-09, update_epoch: 4, num_batch: 4
[2026-10-09 14:37:54,093][agent.finetune.train_ppo_diffusion_agent][INFO] - 111: step  8000000 | loss   0.0025 | pg loss  -0.0001 | value loss   0.0053 | bc loss   0.0000 | reward -272.4069 | eta   1.0000 | t: 57.3096 | kl_true_per_action=1.882258247345793e-05 | logratio_p99=0.0 | clamp_hit_frac=0.0008375
Processed step 0 of 500
Processed step 10 of 500
Processed step 20 of 500
Processed step 30 of 500
Processed step 40 of 500
Processed step 50 of 500
Processed step 60 of 500
Processed step 70 of 500
Processed step 80 of 500
Processed step 90 of 500
Processed step 100 of 500
Processed step 110 of 500
Processed step 120 of 500
Processed step 130 of 500
Processed step 140 of 500
Processed step 150 of 500
Processed step 160 of 500
Processed step 170 of 500
Processed step 180 of 500
Processed step 190 of 500
Processed step 200 of 500
Processed step 210 of 500
Processed step 220 of 500
Processed step 230 of 500
Processed step 240 of 500
Processed step 250 of 500
Processed step 260 of 500
Processed step 270 of 500
Processed step 280 of 500
Processed step 290 of 500
Processed step 300 of 500
Processed step 310 of 500
Processed step 320 of 500
Processed step 330 of 500
Processed step 340 of 500
Processed step 350 of 500
Processed step 360 of 500
Processed step 370 of 500
Processed step 380 of 500
Processed step 390 of 500
Processed step 400 of 500
Processed step 410 of 500
Processed step 420 of 500
Processed step 430 of 500
Processed step 440 of 500
Processed step 450 of 500
Processed step 460 of 500
Processed step 470 of 500
Processed step 480 of 500
Processed step 490 of 500
[2026-10-09 14:38:08,818][agent.finetune.train_ppo_diffusion_agent][INFO] - approx_kl: 0.0, update_epoch: 0, num_batch: 4
[2026-10-09 14:38:11,107][agent.finetune.train_ppo_diffusion_agent][INFO] - approx_kl: 2.5977496195817018e-11, update_epoch: 0, num_batch: 4
[2026-10-09 14:38:13,354][agent.finetune.train_ppo_diffusion_agent][INFO] - approx_kl: 4.2123717708397734e-11, update_epoch: 0, num_batch: 4
[2026-10-09 14:38:15,658][agent.finetune.train_ppo_diffusion_agent][INFO] - approx_kl: 4.164874348178138e-11, update_epoch: 0, num_batch: 4
[2026-10-09 14:38:17,800][agent.finetune.train_ppo_diffusion_agent][INFO] - approx_kl: 9.726732613790645e-11, update_epoch: 1, num_batch: 4
[2026-10-09 14:38:19,992][agent.finetune.train_ppo_diffusion_agent][INFO] - approx_kl: 1.3368203766184195e-10, update_epoch: 1, num_batch: 4
[2026-10-09 14:38:22,234][agent.finetune.train_ppo_diffusion_agent][INFO] - approx_kl: 1.8817662705838956e-10, update_epoch: 1, num_batch: 4
[2026-10-09 14:38:24,562][agent.finetune.train_ppo_diffusion_agent][INFO] - approx_kl: 2.438481916389179e-10, update_epoch: 1, num_batch: 4
[2026-10-09 14:38:26,714][agent.finetune.train_ppo_diffusion_agent][INFO] - approx_kl: 2.58665533436897e-10, update_epoch: 2, num_batch: 4
[2026-10-09 14:38:28,954][agent.finetune.train_ppo_diffusion_agent][INFO] - approx_kl: 3.029778650187609e-10, update_epoch: 2, num_batch: 4
[2026-10-09 14:38:31,195][agent.finetune.train_ppo_diffusion_agent][INFO] - approx_kl: 2.7357599519106657e-10, update_epoch: 2, num_batch: 4
[2026-10-09 14:38:33,541][agent.finetune.train_ppo_diffusion_agent][INFO] - approx_kl: 3.7116287820992966e-10, update_epoch: 2, num_batch: 4
[2026-10-09 14:38:35,685][agent.finetune.train_ppo_diffusion_agent][INFO] - approx_kl: 3.06162983854108e-10, update_epoch: 3, num_batch: 4
[2026-10-09 14:38:37,924][agent.finetune.train_ppo_diffusion_agent][INFO] - approx_kl: 4.855510993273526e-10, update_epoch: 3, num_batch: 4
[2026-10-09 14:38:40,152][agent.finetune.train_ppo_diffusion_agent][INFO] - approx_kl: 3.9093195347561505e-10, update_epoch: 3, num_batch: 4
[2026-10-09 14:38:42,485][agent.finetune.train_ppo_diffusion_agent][INFO] - approx_kl: 5.591287988160332e-10, update_epoch: 3, num_batch: 4
[2026-10-09 14:38:44,636][agent.finetune.train_ppo_diffusion_agent][INFO] - approx_kl: 4.452094248819094e-10, update_epoch: 4, num_batch: 4
[2026-10-09 14:38:46,852][agent.finetune.train_ppo_diffusion_agent][INFO] - approx_kl: 3.707781304207458e-10, update_epoch: 4, num_batch: 4
[2026-10-09 14:38:49,065][agent.finetune.train_ppo_diffusion_agent][INFO] - approx_kl: 4.662573105385093e-10, update_epoch: 4, num_batch: 4
[2026-10-09 14:38:51,374][agent.finetune.train_ppo_diffusion_agent][INFO] - approx_kl: 4.712492063241314e-10, update_epoch: 4, num_batch: 4
[2026-10-09 14:38:51,394][agent.finetune.train_ppo_diffusion_agent][INFO] - 112: step  8080000 | loss   0.0030 | pg loss   0.0001 | value loss   0.0057 | bc loss   0.0000 | reward -339.6540 | eta   1.0000 | t: 57.3011 | kl_true_per_action=1.8177555303100016e-06 | logratio_p99=0.0 | clamp_hit_frac=0.0008125
Processed step 0 of 500
Processed step 10 of 500
Processed step 20 of 500
Processed step 30 of 500
Processed step 40 of 500
Processed step 50 of 500
Processed step 60 of 500
Processed step 70 of 500
Processed step 80 of 500
Processed step 90 of 500
Processed step 100 of 500
Processed step 110 of 500
Processed step 120 of 500
Processed step 130 of 500
Processed step 140 of 500
Processed step 150 of 500
Processed step 160 of 500
Processed step 170 of 500
Processed step 180 of 500
Processed step 190 of 500
Processed step 200 of 500
Processed step 210 of 500
Processed step 220 of 500
Processed step 230 of 500
Processed step 240 of 500
Processed step 250 of 500
Processed step 260 of 500
Processed step 270 of 500
Processed step 280 of 500
Processed step 290 of 500
Processed step 300 of 500
Processed step 310 of 500
Processed step 320 of 500
Processed step 330 of 500
Processed step 340 of 500
Processed step 350 of 500
Processed step 360 of 500
Processed step 370 of 500
Processed step 380 of 500
Processed step 390 of 500
Processed step 400 of 500
Processed step 410 of 500
Processed step 420 of 500
Processed step 430 of 500
Processed step 440 of 500
Processed step 450 of 500
Processed step 460 of 500
Processed step 470 of 500
Processed step 480 of 500
Processed step 490 of 500
[2026-10-09 14:39:06,211][agent.finetune.train_ppo_diffusion_agent][INFO] - approx_kl: 0.0, update_epoch: 0, num_batch: 4
[2026-10-09 14:39:08,481][agent.finetune.train_ppo_diffusion_agent][INFO] - approx_kl: 1.1026859113305587e-11, update_epoch: 0, num_batch: 4
[2026-10-09 14:39:10,729][agent.finetune.train_ppo_diffusion_agent][INFO] - approx_kl: 1.6726552434787045e-11, update_epoch: 0, num_batch: 4
[2026-10-09 14:39:13,064][agent.finetune.train_ppo_diffusion_agent][INFO] - approx_kl: 1.6037374553357076e-11, update_epoch: 0, num_batch: 4
[2026-10-09 14:39:15,208][agent.finetune.train_ppo_diffusion_agent][INFO] - approx_kl: 1.2740492688623206e-11, update_epoch: 1, num_batch: 4
[2026-10-09 14:39:17,489][agent.finetune.train_ppo_diffusion_agent][INFO] - approx_kl: 2.771615922880777e-11, update_epoch: 1, num_batch: 4
[2026-10-09 14:39:19,767][agent.finetune.train_ppo_diffusion_agent][INFO] - approx_kl: 2.3972242593761628e-11, update_epoch: 1, num_batch: 4
[2026-10-09 14:39:22,157][agent.finetune.train_ppo_diffusion_agent][INFO] - approx_kl: 1.696869728062822e-11, update_epoch: 1, num_batch: 4
[2026-10-09 14:39:24,343][agent.finetune.train_ppo_diffusion_agent][INFO] - approx_kl: 2.2947787767235717e-11, update_epoch: 2, num_batch: 4
[2026-10-09 14:39:26,593][agent.finetune.train_ppo_diffusion_agent][INFO] - approx_kl: 1.95670875335896e-11, update_epoch: 2, num_batch: 4
[2026-10-09 14:39:28,817][agent.finetune.train_ppo_diffusion_agent][INFO] - approx_kl: 4.758126878612323e-11, update_epoch: 2, num_batch: 4
[2026-10-09 14:39:31,146][agent.finetune.train_ppo_diffusion_agent][INFO] - approx_kl: 4.723667984540825e-11, update_epoch: 2, num_batch: 4
[2026-10-09 14:39:33,283][agent.finetune.train_ppo_diffusion_agent][INFO] - approx_kl: 4.582106916117823e-11, update_epoch: 3, num_batch: 4
[2026-10-09 14:39:35,517][agent.finetune.train_ppo_diffusion_agent][INFO] - approx_kl: 6.951391545717556e-11, update_epoch: 3, num_batch: 4
[2026-10-09 14:39:37,744][agent.finetune.train_ppo_diffusion_agent][INFO] - approx_kl: 5.63729549152292e-11, update_epoch: 3, num_batch: 4
[2026-10-09 14:39:40,075][agent.finetune.train_ppo_diffusion_agent][INFO] - approx_kl: 6.562098781026648e-11, update_epoch: 3, num_batch: 4
[2026-10-09 14:39:42,221][agent.finetune.train_ppo_diffusion_agent][INFO] - approx_kl: 7.588416006676368e-11, update_epoch: 4, num_batch: 4
[2026-10-09 14:39:44,453][agent.finetune.train_ppo_diffusion_agent][INFO] - approx_kl: 1.0384711840449867e-10, update_epoch: 4, num_batch: 4
[2026-10-09 14:39:46,684][agent.finetune.train_ppo_diffusion_agent][INFO] - approx_kl: 9.446870369300697e-11, update_epoch: 4, num_batch: 4
[2026-10-09 14:39:48,979][agent.finetune.train_ppo_diffusion_agent][INFO] - approx_kl: 1.6417353587705463e-10, update_epoch: 4, num_batch: 4
[2026-10-09 14:39:48,998][agent.finetune.train_ppo_diffusion_agent][INFO] - 113: step  8160000 | loss   0.0031 | pg loss   0.0001 | value loss   0.0062 | bc loss   0.0000 | reward -334.1610 | eta   1.0000 | t: 57.6039 | kl_true_per_action=9.490786285762338e-07 | logratio_p99=0.0 | clamp_hit_frac=0.00066875
Processed step 0 of 500
Processed step 10 of 500
Processed step 20 of 500
Processed step 30 of 500
Processed step 40 of 500
Processed step 50 of 500
Processed step 60 of 500
Processed step 70 of 500
Processed step 80 of 500
Processed step 90 of 500
Processed step 100 of 500
Processed step 110 of 500
Processed step 120 of 500
Processed step 130 of 500
Processed step 140 of 500
Processed step 150 of 500
Processed step 160 of 500
Processed step 170 of 500
Processed step 180 of 500
Processed step 190 of 500
Processed step 200 of 500
Processed step 210 of 500
Processed step 220 of 500
Processed step 230 of 500
Processed step 240 of 500
Processed step 250 of 500
Processed step 260 of 500
Processed step 270 of 500
Processed step 280 of 500
Processed step 290 of 500
Processed step 300 of 500
Processed step 310 of 500
Processed step 320 of 500
Processed step 330 of 500
Processed step 340 of 500
Processed step 350 of 500
Processed step 360 of 500
Processed step 370 of 500
Processed step 380 of 500
Processed step 390 of 500
Processed step 400 of 500
Processed step 410 of 500
Processed step 420 of 500
Processed step 430 of 500
Processed step 440 of 500
Processed step 450 of 500
Processed step 460 of 500
Processed step 470 of 500
Processed step 480 of 500
Processed step 490 of 500
[2026-10-09 14:40:05,061][agent.finetune.train_ppo_diffusion_agent][INFO] - approx_kl: 0.0, update_epoch: 0, num_batch: 4
[2026-10-09 14:40:07,323][agent.finetune.train_ppo_diffusion_agent][INFO] - approx_kl: 1.8626451075975936e-11, update_epoch: 0, num_batch: 4
[2026-10-09 14:40:09,674][agent.finetune.train_ppo_diffusion_agent][INFO] - approx_kl: 1.2293457267789631e-12, update_epoch: 0, num_batch: 4
[2026-10-09 14:40:11,836][agent.finetune.train_ppo_diffusion_agent][INFO] - approx_kl: 2.0437873615719582e-11, update_epoch: 0, num_batch: 4
[2026-10-09 14:40:14,072][agent.finetune.train_ppo_diffusion_agent][INFO] - approx_kl: 7.227063131970413e-12, update_epoch: 1, num_batch: 4
[2026-10-09 14:40:16,339][agent.finetune.train_ppo_diffusion_agent][INFO] - approx_kl: 5.066394786340522e-12, update_epoch: 1, num_batch: 4
[2026-10-09 14:40:18,725][agent.finetune.train_ppo_diffusion_agent][INFO] - approx_kl: 9.03382837286193e-12, update_epoch: 1, num_batch: 4
[2026-10-09 14:40:20,874][agent.finetune.train_ppo_diffusion_agent][INFO] - approx_kl: 1.5855766352657064e-11, update_epoch: 1, num_batch: 4
[2026-10-09 14:40:23,196][agent.finetune.train_ppo_diffusion_agent][INFO] - approx_kl: 1.493841335353796e-11, update_epoch: 2, num_batch: 4
[2026-10-09 14:40:25,512][agent.finetune.train_ppo_diffusion_agent][INFO] - approx_kl: 2.643558982828864e-11, update_epoch: 2, num_batch: 4
[2026-10-09 14:40:27,890][agent.finetune.train_ppo_diffusion_agent][INFO] - approx_kl: 2.3245811525685056e-11, update_epoch: 2, num_batch: 4
[2026-10-09 14:40:30,058][agent.finetune.train_ppo_diffusion_agent][INFO] - approx_kl: 2.8684735142725515e-11, update_epoch: 2, num_batch: 4
[2026-10-09 14:40:32,316][agent.finetune.train_ppo_diffusion_agent][INFO] - approx_kl: 4.813074938603279e-11, update_epoch: 3, num_batch: 4
[2026-10-09 14:40:34,581][agent.finetune.train_ppo_diffusion_agent][INFO] - approx_kl: 5.92810106558872e-11, update_epoch: 3, num_batch: 4
[2026-10-09 14:40:36,962][agent.finetune.train_ppo_diffusion_agent][INFO] - approx_kl: 7.867812651385364e-11, update_epoch: 3, num_batch: 4
[2026-10-09 14:40:39,123][agent.finetune.train_ppo_diffusion_agent][INFO] - approx_kl: 5.947425885111102e-11, update_epoch: 3, num_batch: 4
[2026-10-09 14:40:41,383][agent.finetune.train_ppo_diffusion_agent][INFO] - approx_kl: 9.07224573243326e-11, update_epoch: 4, num_batch: 4
[2026-10-09 14:40:43,642][agent.finetune.train_ppo_diffusion_agent][INFO] - approx_kl: 1.2964010420724037e-10, update_epoch: 4, num_batch: 4
[2026-10-09 14:40:46,006][agent.finetune.train_ppo_diffusion_agent][INFO] - approx_kl: 1.0785181081551798e-10, update_epoch: 4, num_batch: 4
[2026-10-09 14:40:48,141][agent.finetune.train_ppo_diffusion_agent][INFO] - approx_kl: 2.3534521553791876e-10, update_epoch: 4, num_batch: 4
[2026-10-09 14:40:48,160][agent.finetune.train_ppo_diffusion_agent][INFO] - 114: step  8240000 | loss   0.0026 | pg loss  -0.0001 | value loss   0.0054 | bc loss   0.0000 | reward -264.1398 | eta   1.0000 | t: 59.1624 | kl_true_per_action=1.5455825783811193e-06 | logratio_p99=0.0 | clamp_hit_frac=0.0007479166666666667
Processed step 0 of 500
Processed step 10 of 500
Processed step 20 of 500
Processed step 30 of 500
Processed step 40 of 500
Processed step 50 of 500
Processed step 60 of 500
Processed step 70 of 500
Processed step 80 of 500
Processed step 90 of 500
Processed step 100 of 500
Processed step 110 of 500
Processed step 120 of 500
Processed step 130 of 500
Processed step 140 of 500
Processed step 150 of 500
Processed step 160 of 500
Processed step 170 of 500
Processed step 180 of 500
Processed step 190 of 500
Processed step 200 of 500
Processed step 210 of 500
Processed step 220 of 500
Processed step 230 of 500
Processed step 240 of 500
Processed step 250 of 500
Processed step 260 of 500
Processed step 270 of 500
Processed step 280 of 500
Processed step 290 of 500
Processed step 300 of 500
Processed step 310 of 500
Processed step 320 of 500
Processed step 330 of 500
Processed step 340 of 500
Processed step 350 of 500
Processed step 360 of 500
Processed step 370 of 500
Processed step 380 of 500
Processed step 390 of 500
Processed step 400 of 500
Processed step 410 of 500
Processed step 420 of 500
Processed step 430 of 500
Processed step 440 of 500
Processed step 450 of 500
Processed step 460 of 500
Processed step 470 of 500
Processed step 480 of 500
Processed step 490 of 500
[2026-10-09 14:41:03,250][agent.finetune.train_ppo_diffusion_agent][INFO] - approx_kl: 0.0, update_epoch: 0, num_batch: 4
[2026-10-09 14:41:05,487][agent.finetune.train_ppo_diffusion_agent][INFO] - approx_kl: -1.071020984573512e-12, update_epoch: 0, num_batch: 4
[2026-10-09 14:41:07,840][agent.finetune.train_ppo_diffusion_agent][INFO] - approx_kl: 2.272427038207958e-11, update_epoch: 0, num_batch: 4
[2026-10-09 14:41:09,992][agent.finetune.train_ppo_diffusion_agent][INFO] - approx_kl: 3.979890375593875e-11, update_epoch: 0, num_batch: 4
[2026-10-09 14:41:12,192][agent.finetune.train_ppo_diffusion_agent][INFO] - approx_kl: 3.483146410188098e-11, update_epoch: 1, num_batch: 4
[2026-10-09 14:41:14,401][agent.finetune.train_ppo_diffusion_agent][INFO] - approx_kl: 3.1571835423793715e-11, update_epoch: 1, num_batch: 4
[2026-10-09 14:41:16,724][agent.finetune.train_ppo_diffusion_agent][INFO] - approx_kl: 3.2726675536220995e-11, update_epoch: 1, num_batch: 4
[2026-10-09 14:41:18,889][agent.finetune.train_ppo_diffusion_agent][INFO] - approx_kl: 4.501431172254655e-11, update_epoch: 1, num_batch: 4
[2026-10-09 14:41:21,104][agent.finetune.train_ppo_diffusion_agent][INFO] - approx_kl: 3.3304095592434635e-11, update_epoch: 2, num_batch: 4
[2026-10-09 14:41:23,381][agent.finetune.train_ppo_diffusion_agent][INFO] - approx_kl: 2.920627628633099e-11, update_epoch: 2, num_batch: 4
[2026-10-09 14:41:25,754][agent.finetune.train_ppo_diffusion_agent][INFO] - approx_kl: 6.515532557926917e-11, update_epoch: 2, num_batch: 4
[2026-10-09 14:41:27,914][agent.finetune.train_ppo_diffusion_agent][INFO] - approx_kl: 9.085982660694825e-11, update_epoch: 2, num_batch: 4
[2026-10-09 14:41:30,164][agent.finetune.train_ppo_diffusion_agent][INFO] - approx_kl: 7.413327590688468e-11, update_epoch: 3, num_batch: 4
[2026-10-09 14:41:32,424][agent.finetune.train_ppo_diffusion_agent][INFO] - approx_kl: 8.683651714358476e-11, update_epoch: 3, num_batch: 4
[2026-10-09 14:41:34,790][agent.finetune.train_ppo_diffusion_agent][INFO] - approx_kl: 6.293295745640748e-11, update_epoch: 3, num_batch: 4
[2026-10-09 14:41:36,954][agent.finetune.train_ppo_diffusion_agent][INFO] - approx_kl: 3.500841630477147e-11, update_epoch: 3, num_batch: 4
[2026-10-09 14:41:39,164][agent.finetune.train_ppo_diffusion_agent][INFO] - approx_kl: 4.83542685059124e-11, update_epoch: 4, num_batch: 4
[2026-10-09 14:41:41,410][agent.finetune.train_ppo_diffusion_agent][INFO] - approx_kl: 1.1876225003426555e-10, update_epoch: 4, num_batch: 4
[2026-10-09 14:41:43,766][agent.finetune.train_ppo_diffusion_agent][INFO] - approx_kl: 4.732399194740111e-11, update_epoch: 4, num_batch: 4
[2026-10-09 14:41:45,973][agent.finetune.train_ppo_diffusion_agent][INFO] - approx_kl: 6.619840786648012e-11, update_epoch: 4, num_batch: 4
[2026-10-09 14:41:45,989][agent.finetune.train_ppo_diffusion_agent][INFO] - 115: step  8320000 | loss   0.0029 | pg loss   0.0001 | value loss   0.0057 | bc loss   0.0000 | reward -279.2582 | eta   1.0000 | t: 57.8289 | kl_true_per_action=2.8222054906074145e-07 | logratio_p99=0.0 | clamp_hit_frac=0.0007291666666666667
Processed step 0 of 500
Processed step 10 of 500
Processed step 20 of 500
Processed step 30 of 500
Processed step 40 of 500
Processed step 50 of 500
Processed step 60 of 500
Processed step 70 of 500
Processed step 80 of 500
Processed step 90 of 500
Processed step 100 of 500
Processed step 110 of 500
Processed step 120 of 500
Processed step 130 of 500
Processed step 140 of 500
Processed step 150 of 500
Processed step 160 of 500
Processed step 170 of 500
Processed step 180 of 500
Processed step 190 of 500
Processed step 200 of 500
Processed step 210 of 500
Processed step 220 of 500
Processed step 230 of 500
Processed step 240 of 500
Processed step 250 of 500
Processed step 260 of 500
Processed step 270 of 500
Processed step 280 of 500
Processed step 290 of 500
Processed step 300 of 500
Processed step 310 of 500
Processed step 320 of 500
Processed step 330 of 500
Processed step 340 of 500
Processed step 350 of 500
Processed step 360 of 500
Processed step 370 of 500
Processed step 380 of 500
Processed step 390 of 500
Processed step 400 of 500
Processed step 410 of 500
Processed step 420 of 500
Processed step 430 of 500
Processed step 440 of 500
Processed step 450 of 500
Processed step 460 of 500
Processed step 470 of 500
Processed step 480 of 500
Processed step 490 of 500
[2026-10-09 14:42:00,841][agent.finetune.train_ppo_diffusion_agent][INFO] - approx_kl: 0.0, update_epoch: 0, num_batch: 4
[2026-10-09 14:42:03,037][agent.finetune.train_ppo_diffusion_agent][INFO] - approx_kl: 9.7835437667948e-12, update_epoch: 0, num_batch: 4
[2026-10-09 14:42:05,359][agent.finetune.train_ppo_diffusion_agent][INFO] - approx_kl: 1.5255062837948863e-11, update_epoch: 0, num_batch: 4
[2026-10-09 14:42:07,488][agent.finetune.train_ppo_diffusion_agent][INFO] - approx_kl: 1.148320674659864e-11, update_epoch: 0, num_batch: 4
[2026-10-09 14:42:09,695][agent.finetune.train_ppo_diffusion_agent][INFO] - approx_kl: 7.860362534473087e-12, update_epoch: 1, num_batch: 4
[2026-10-09 14:42:12,015][agent.finetune.train_ppo_diffusion_agent][INFO] - approx_kl: 1.2901145429733418e-11, update_epoch: 1, num_batch: 4
[2026-10-09 14:42:14,113][agent.finetune.train_ppo_diffusion_agent][INFO] - approx_kl: 1.3597309042601147e-11, update_epoch: 1, num_batch: 4
[2026-10-09 14:42:16,314][agent.finetune.train_ppo_diffusion_agent][INFO] - approx_kl: 2.7772038141415933e-11, update_epoch: 1, num_batch: 4
[2026-10-09 14:42:18,552][agent.finetune.train_ppo_diffusion_agent][INFO] - approx_kl: 1.8652062533375258e-11, update_epoch: 2, num_batch: 4
[2026-10-09 14:42:20,883][agent.finetune.train_ppo_diffusion_agent][INFO] - approx_kl: 3.136694376459914e-11, update_epoch: 2, num_batch: 4
[2026-10-09 14:42:23,039][agent.finetune.train_ppo_diffusion_agent][INFO] - approx_kl: 1.6186385565220007e-11, update_epoch: 2, num_batch: 4
[2026-10-09 14:42:25,274][agent.finetune.train_ppo_diffusion_agent][INFO] - approx_kl: 3.005843490777593e-11, update_epoch: 2, num_batch: 4
[2026-10-09 14:42:27,499][agent.finetune.train_ppo_diffusion_agent][INFO] - approx_kl: 2.885237188055001e-11, update_epoch: 3, num_batch: 4
[2026-10-09 14:42:29,825][agent.finetune.train_ppo_diffusion_agent][INFO] - approx_kl: 3.252178387702642e-11, update_epoch: 3, num_batch: 4
[2026-10-09 14:42:31,967][agent.finetune.train_ppo_diffusion_agent][INFO] - approx_kl: 4.1835007680290914e-11, update_epoch: 3, num_batch: 4
[2026-10-09 14:42:34,199][agent.finetune.train_ppo_diffusion_agent][INFO] - approx_kl: 3.804219786407437e-11, update_epoch: 3, num_batch: 4
[2026-10-09 14:42:36,445][agent.finetune.train_ppo_diffusion_agent][INFO] - approx_kl: 2.6759225044137303e-11, update_epoch: 4, num_batch: 4
[2026-10-09 14:42:38,773][agent.finetune.train_ppo_diffusion_agent][INFO] - approx_kl: 4.235654882389639e-11, update_epoch: 4, num_batch: 4
[2026-10-09 14:42:40,918][agent.finetune.train_ppo_diffusion_agent][INFO] - approx_kl: 5.5916604679850934e-11, update_epoch: 4, num_batch: 4
[2026-10-09 14:42:43,154][agent.finetune.train_ppo_diffusion_agent][INFO] - approx_kl: 6.830319643214011e-11, update_epoch: 4, num_batch: 4
[2026-10-09 14:42:43,173][agent.finetune.train_ppo_diffusion_agent][INFO] - 116: step  8400000 | loss   0.0028 | pg loss  -0.0001 | value loss   0.0058 | bc loss   0.0000 | reward -282.5686 | eta   1.0000 | t: 57.1837 | kl_true_per_action=3.380660868359838e-07 | logratio_p99=0.0 | clamp_hit_frac=0.0007625
Processed step 0 of 500
Processed step 10 of 500
Processed step 20 of 500
Processed step 30 of 500
Processed step 40 of 500
Processed step 50 of 500
Processed step 60 of 500
Processed step 70 of 500
Processed step 80 of 500
Processed step 90 of 500
Processed step 100 of 500
Processed step 110 of 500
Processed step 120 of 500
Processed step 130 of 500
Processed step 140 of 500
Processed step 150 of 500
Processed step 160 of 500
Processed step 170 of 500
Processed step 180 of 500
Processed step 190 of 500
Processed step 200 of 500
Processed step 210 of 500
Processed step 220 of 500
Processed step 230 of 500
Processed step 240 of 500
Processed step 250 of 500
Processed step 260 of 500
Processed step 270 of 500
Processed step 280 of 500
Processed step 290 of 500
Processed step 300 of 500
Processed step 310 of 500
Processed step 320 of 500
Processed step 330 of 500
Processed step 340 of 500
Processed step 350 of 500
Processed step 360 of 500
Processed step 370 of 500
Processed step 380 of 500
Processed step 390 of 500
Processed step 400 of 500
Processed step 410 of 500
Processed step 420 of 500
Processed step 430 of 500
Processed step 440 of 500
Processed step 450 of 500
Processed step 460 of 500
Processed step 470 of 500
Processed step 480 of 500
Processed step 490 of 500
[2026-10-09 14:42:58,020][agent.finetune.train_ppo_diffusion_agent][INFO] - approx_kl: 0.0, update_epoch: 0, num_batch: 4
[2026-10-09 14:43:00,312][agent.finetune.train_ppo_diffusion_agent][INFO] - approx_kl: 2.067536029534689e-12, update_epoch: 0, num_batch: 4
[2026-10-09 14:43:02,455][agent.finetune.train_ppo_diffusion_agent][INFO] - approx_kl: 1.5012919726831164e-11, update_epoch: 0, num_batch: 4
[2026-10-09 14:43:04,662][agent.finetune.train_ppo_diffusion_agent][INFO] - approx_kl: 1.9241124318836178e-11, update_epoch: 0, num_batch: 4
[2026-10-09 14:43:06,888][agent.finetune.train_ppo_diffusion_agent][INFO] - approx_kl: 1.4137475912168185e-11, update_epoch: 1, num_batch: 4
[2026-10-09 14:43:09,235][agent.finetune.train_ppo_diffusion_agent][INFO] - approx_kl: 3.7588179097047814e-11, update_epoch: 1, num_batch: 4
[2026-10-09 14:43:11,384][agent.finetune.train_ppo_diffusion_agent][INFO] - approx_kl: 5.266163199957319e-11, update_epoch: 1, num_batch: 4
[2026-10-09 14:43:13,578][agent.finetune.train_ppo_diffusion_agent][INFO] - approx_kl: 4.801899156081646e-11, update_epoch: 1, num_batch: 4
[2026-10-09 14:43:15,762][agent.finetune.train_ppo_diffusion_agent][INFO] - approx_kl: 8.53696835445561e-11, update_epoch: 2, num_batch: 4
[2026-10-09 14:43:18,091][agent.finetune.train_ppo_diffusion_agent][INFO] - approx_kl: 8.152797881244567e-11, update_epoch: 2, num_batch: 4
[2026-10-09 14:43:20,231][agent.finetune.train_ppo_diffusion_agent][INFO] - approx_kl: 1.6853213269385492e-10, update_epoch: 2, num_batch: 4
[2026-10-09 14:43:22,469][agent.finetune.train_ppo_diffusion_agent][INFO] - approx_kl: 2.2249295461573837e-10, update_epoch: 2, num_batch: 4
[2026-10-09 14:43:24,706][agent.finetune.train_ppo_diffusion_agent][INFO] - approx_kl: 2.2592022697054404e-10, update_epoch: 3, num_batch: 4
[2026-10-09 14:43:27,053][agent.finetune.train_ppo_diffusion_agent][INFO] - approx_kl: 2.8666108375929866e-10, update_epoch: 3, num_batch: 4
[2026-10-09 14:43:29,206][agent.finetune.train_ppo_diffusion_agent][INFO] - approx_kl: 2.521555741985537e-10, update_epoch: 3, num_batch: 4
[2026-10-09 14:43:31,449][agent.finetune.train_ppo_diffusion_agent][INFO] - approx_kl: 3.903359024892694e-10, update_epoch: 3, num_batch: 4
[2026-10-09 14:43:33,688][agent.finetune.train_ppo_diffusion_agent][INFO] - approx_kl: 3.570131967833845e-10, update_epoch: 4, num_batch: 4
[2026-10-09 14:43:36,031][agent.finetune.train_ppo_diffusion_agent][INFO] - approx_kl: 4.056096014615207e-10, update_epoch: 4, num_batch: 4
[2026-10-09 14:43:38,230][agent.finetune.train_ppo_diffusion_agent][INFO] - approx_kl: 7.598940365838303e-10, update_epoch: 4, num_batch: 4
[2026-10-09 14:43:40,469][agent.finetune.train_ppo_diffusion_agent][INFO] - approx_kl: 6.37527530766846e-10, update_epoch: 4, num_batch: 4
[2026-10-09 14:43:40,488][agent.finetune.train_ppo_diffusion_agent][INFO] - 117: step  8480000 | loss   0.0029 | pg loss  -0.0000 | value loss   0.0058 | bc loss   0.0000 | reward -274.6947 | eta   1.0000 | t: 57.3150 | kl_true_per_action=4.053676385575334e-06 | logratio_p99=0.0 | clamp_hit_frac=0.0007625
Processed step 0 of 500
Processed step 10 of 500
Processed step 20 of 500
Processed step 30 of 500
Processed step 40 of 500
Processed step 50 of 500
Processed step 60 of 500
Processed step 70 of 500
Processed step 80 of 500
Processed step 90 of 500
Processed step 100 of 500
Processed step 110 of 500
Processed step 120 of 500
Processed step 130 of 500
Processed step 140 of 500
Processed step 150 of 500
Processed step 160 of 500
Processed step 170 of 500
Processed step 180 of 500
Processed step 190 of 500
Processed step 200 of 500
Processed step 210 of 500
Processed step 220 of 500
Processed step 230 of 500
Processed step 240 of 500
Processed step 250 of 500
Processed step 260 of 500
Processed step 270 of 500
Processed step 280 of 500
Processed step 290 of 500
Processed step 300 of 500
Processed step 310 of 500
Processed step 320 of 500
Processed step 330 of 500
Processed step 340 of 500
Processed step 350 of 500
Processed step 360 of 500
Processed step 370 of 500
Processed step 380 of 500
Processed step 390 of 500
Processed step 400 of 500
Processed step 410 of 500
Processed step 420 of 500
Processed step 430 of 500
Processed step 440 of 500
Processed step 450 of 500
Processed step 460 of 500
Processed step 470 of 500
Processed step 480 of 500
Processed step 490 of 500
[2026-10-09 14:43:55,329][agent.finetune.train_ppo_diffusion_agent][INFO] - approx_kl: 0.0, update_epoch: 0, num_batch: 4
[2026-10-09 14:43:57,626][agent.finetune.train_ppo_diffusion_agent][INFO] - approx_kl: 2.3934990274476764e-12, update_epoch: 0, num_batch: 4
[2026-10-09 14:43:59,716][agent.finetune.train_ppo_diffusion_agent][INFO] - approx_kl: 9.220093438733201e-12, update_epoch: 0, num_batch: 4
[2026-10-09 14:44:01,909][agent.finetune.train_ppo_diffusion_agent][INFO] - approx_kl: 1.8626451075975936e-11, update_epoch: 0, num_batch: 4
[2026-10-09 14:44:04,111][agent.finetune.train_ppo_diffusion_agent][INFO] - approx_kl: 2.9327346107166363e-11, update_epoch: 1, num_batch: 4
[2026-10-09 14:44:06,419][agent.finetune.train_ppo_diffusion_agent][INFO] - approx_kl: 2.612825407422026e-11, update_epoch: 1, num_batch: 4
[2026-10-09 14:44:08,585][agent.finetune.train_ppo_diffusion_agent][INFO] - approx_kl: 1.5702097608261134e-11, update_epoch: 1, num_batch: 4
[2026-10-09 14:44:10,826][agent.finetune.train_ppo_diffusion_agent][INFO] - approx_kl: 1.3262032964866943e-11, update_epoch: 1, num_batch: 4
[2026-10-09 14:44:13,053][agent.finetune.train_ppo_diffusion_agent][INFO] - approx_kl: 2.1727755011857752e-11, update_epoch: 2, num_batch: 4
[2026-10-09 14:44:15,335][agent.finetune.train_ppo_diffusion_agent][INFO] - approx_kl: 7.823109347826485e-12, update_epoch: 2, num_batch: 4
[2026-10-09 14:44:17,436][agent.finetune.train_ppo_diffusion_agent][INFO] - approx_kl: 2.0563601169087953e-11, update_epoch: 2, num_batch: 4
[2026-10-09 14:44:19,684][agent.finetune.train_ppo_diffusion_agent][INFO] - approx_kl: 4.7832727362306926e-11, update_epoch: 2, num_batch: 4
[2026-10-09 14:44:21,908][agent.finetune.train_ppo_diffusion_agent][INFO] - approx_kl: 3.036111639875827e-11, update_epoch: 3, num_batch: 4
[2026-10-09 14:44:24,214][agent.finetune.train_ppo_diffusion_agent][INFO] - approx_kl: 2.1602025723765905e-11, update_epoch: 3, num_batch: 4
[2026-10-09 14:44:26,355][agent.finetune.train_ppo_diffusion_agent][INFO] - approx_kl: 3.0174852200248736e-11, update_epoch: 3, num_batch: 4
[2026-10-09 14:44:28,584][agent.finetune.train_ppo_diffusion_agent][INFO] - approx_kl: 3.6861746294247766e-11, update_epoch: 3, num_batch: 4
[2026-10-09 14:44:30,811][agent.finetune.train_ppo_diffusion_agent][INFO] - approx_kl: 3.30433250206319e-11, update_epoch: 4, num_batch: 4
[2026-10-09 14:44:33,127][agent.finetune.train_ppo_diffusion_agent][INFO] - approx_kl: 2.9373913024155485e-11, update_epoch: 4, num_batch: 4
[2026-10-09 14:44:35,275][agent.finetune.train_ppo_diffusion_agent][INFO] - approx_kl: 3.0770896247700463e-11, update_epoch: 4, num_batch: 4
[2026-10-09 14:44:37,532][agent.finetune.train_ppo_diffusion_agent][INFO] - approx_kl: 1.983251410320186e-11, update_epoch: 4, num_batch: 4
[2026-10-09 14:44:37,551][agent.finetune.train_ppo_diffusion_agent][INFO] - 118: step  8560000 | loss   0.0030 | pg loss   0.0001 | value loss   0.0058 | bc loss   0.0000 | reward -339.0531 | eta   1.0000 | t: 57.0633 | kl_true_per_action=1.380106312451777e-07 | logratio_p99=0.0 | clamp_hit_frac=0.0008208333333333334
Processed step 0 of 500
Processed step 10 of 500
Processed step 20 of 500
Processed step 30 of 500
Processed step 40 of 500
Processed step 50 of 500
Processed step 60 of 500
Processed step 70 of 500
Processed step 80 of 500
Processed step 90 of 500
Processed step 100 of 500
Processed step 110 of 500
Processed step 120 of 500
Processed step 130 of 500
Processed step 140 of 500
Processed step 150 of 500
Processed step 160 of 500
Processed step 170 of 500
Processed step 180 of 500
Processed step 190 of 500
Processed step 200 of 500
Processed step 210 of 500
Processed step 220 of 500
Processed step 230 of 500
Processed step 240 of 500
Processed step 250 of 500
Processed step 260 of 500
Processed step 270 of 500
Processed step 280 of 500
Processed step 290 of 500
Processed step 300 of 500
Processed step 310 of 500
Processed step 320 of 500
Processed step 330 of 500
Processed step 340 of 500
Processed step 350 of 500
Processed step 360 of 500
Processed step 370 of 500
Processed step 380 of 500
Processed step 390 of 500
Processed step 400 of 500
Processed step 410 of 500
Processed step 420 of 500
Processed step 430 of 500
Processed step 440 of 500
Processed step 450 of 500
Processed step 460 of 500
Processed step 470 of 500
Processed step 480 of 500
Processed step 490 of 500
[2026-10-09 14:44:53,051][agent.finetune.train_ppo_diffusion_agent][INFO] - approx_kl: 0.0, update_epoch: 0, num_batch: 4
[2026-10-09 14:44:55,388][agent.finetune.train_ppo_diffusion_agent][INFO] - approx_kl: 1.1175870342008953e-12, update_epoch: 0, num_batch: 4
[2026-10-09 14:44:57,550][agent.finetune.train_ppo_diffusion_agent][INFO] - approx_kl: 1.1548399389549324e-11, update_epoch: 0, num_batch: 4
[2026-10-09 14:44:59,752][agent.finetune.train_ppo_diffusion_agent][INFO] - approx_kl: 1.0505317969700112e-11, update_epoch: 0, num_batch: 4
[2026-10-09 14:45:01,986][agent.finetune.train_ppo_diffusion_agent][INFO] - approx_kl: 8.60542019587296e-12, update_epoch: 1, num_batch: 4
[2026-10-09 14:45:04,293][agent.finetune.train_ppo_diffusion_agent][INFO] - approx_kl: 2.425163889152593e-11, update_epoch: 1, num_batch: 4
[2026-10-09 14:45:06,411][agent.finetune.train_ppo_diffusion_agent][INFO] - approx_kl: 2.626329535793115e-11, update_epoch: 1, num_batch: 4
[2026-10-09 14:45:08,649][agent.finetune.train_ppo_diffusion_agent][INFO] - approx_kl: 9.708106540884387e-11, update_epoch: 1, num_batch: 4
[2026-10-09 14:45:10,908][agent.finetune.train_ppo_diffusion_agent][INFO] - approx_kl: 1.1324882004393189e-10, update_epoch: 2, num_batch: 4
[2026-10-09 14:45:13,207][agent.finetune.train_ppo_diffusion_agent][INFO] - approx_kl: 1.4014542304430222e-10, update_epoch: 2, num_batch: 4
[2026-10-09 14:45:15,312][agent.finetune.train_ppo_diffusion_agent][INFO] - approx_kl: 1.1184252829421482e-10, update_epoch: 2, num_batch: 4
[2026-10-09 14:45:17,521][agent.finetune.train_ppo_diffusion_agent][INFO] - approx_kl: 2.2478401084935484e-10, update_epoch: 2, num_batch: 4
[2026-10-09 14:45:19,719][agent.finetune.train_ppo_diffusion_agent][INFO] - approx_kl: 1.974031216267491e-10, update_epoch: 3, num_batch: 4
[2026-10-09 14:45:22,047][agent.finetune.train_ppo_diffusion_agent][INFO] - approx_kl: 2.3502855217572005e-10, update_epoch: 3, num_batch: 4
[2026-10-09 14:45:24,181][agent.finetune.train_ppo_diffusion_agent][INFO] - approx_kl: 2.793315856397527e-10, update_epoch: 3, num_batch: 4
[2026-10-09 14:45:26,411][agent.finetune.train_ppo_diffusion_agent][INFO] - approx_kl: 8.008628760158842e-10, update_epoch: 3, num_batch: 4
[2026-10-09 14:45:28,637][agent.finetune.train_ppo_diffusion_agent][INFO] - approx_kl: 5.783513112866956e-10, update_epoch: 4, num_batch: 4
[2026-10-09 14:45:31,013][agent.finetune.train_ppo_diffusion_agent][INFO] - approx_kl: 6.214901371315307e-10, update_epoch: 4, num_batch: 4
[2026-10-09 14:45:33,157][agent.finetune.train_ppo_diffusion_agent][INFO] - approx_kl: 6.511807204567788e-10, update_epoch: 4, num_batch: 4
[2026-10-09 14:45:35,382][agent.finetune.train_ppo_diffusion_agent][INFO] - approx_kl: 1.0067596756258013e-09, update_epoch: 4, num_batch: 4
[2026-10-09 14:45:35,401][agent.finetune.train_ppo_diffusion_agent][INFO] - 119: step  8640000 | loss   0.0032 | pg loss  -0.0001 | value loss   0.0064 | bc loss   0.0000 | reward -298.8633 | eta   1.0000 | t: 57.8499 | kl_true_per_action=6.896197375576773e-06 | logratio_p99=0.0 | clamp_hit_frac=0.00079375
Processed step 0 of 500
Processed step 10 of 500
Processed step 20 of 500
Processed step 30 of 500
Processed step 40 of 500
Processed step 50 of 500
Processed step 60 of 500
Processed step 70 of 500
Processed step 80 of 500
Processed step 90 of 500
Processed step 100 of 500
Processed step 110 of 500
Processed step 120 of 500
Processed step 130 of 500
Processed step 140 of 500
Processed step 150 of 500
Processed step 160 of 500
Processed step 170 of 500
Processed step 180 of 500
Processed step 190 of 500
Processed step 200 of 500
Processed step 210 of 500
Processed step 220 of 500
Processed step 230 of 500
Processed step 240 of 500
Processed step 250 of 500
Processed step 260 of 500
Processed step 270 of 500
Processed step 280 of 500
Processed step 290 of 500
Processed step 300 of 500
Processed step 310 of 500
Processed step 320 of 500
Processed step 330 of 500
Processed step 340 of 500
Processed step 350 of 500
Processed step 360 of 500
Processed step 370 of 500
Processed step 380 of 500
Processed step 390 of 500
Processed step 400 of 500
Processed step 410 of 500
Processed step 420 of 500
Processed step 430 of 500
Processed step 440 of 500
Processed step 450 of 500
Processed step 460 of 500
Processed step 470 of 500
Processed step 480 of 500
Processed step 490 of 500
[2026-10-09 14:45:48,411][agent.finetune.train_ppo_diffusion_agent][INFO] - eval: success rate   0.0000 | avg episode reward -383.1027 | avg best reward   1.1481
Processed step 0 of 500
Processed step 10 of 500
Processed step 20 of 500
Processed step 30 of 500
Processed step 40 of 500
Processed step 50 of 500
Processed step 60 of 500
Processed step 70 of 500
Processed step 80 of 500
Processed step 90 of 500
Processed step 100 of 500
Processed step 110 of 500
Processed step 120 of 500
Processed step 130 of 500
Processed step 140 of 500
Processed step 150 of 500
Processed step 160 of 500
Processed step 170 of 500
Processed step 180 of 500
Processed step 190 of 500
Processed step 200 of 500
Processed step 210 of 500
Processed step 220 of 500
Processed step 230 of 500
Processed step 240 of 500
Processed step 250 of 500
Processed step 260 of 500
Processed step 270 of 500
Processed step 280 of 500
Processed step 290 of 500
Processed step 300 of 500
Processed step 310 of 500
Processed step 320 of 500
Processed step 330 of 500
Processed step 340 of 500
Processed step 350 of 500
Processed step 360 of 500
Processed step 370 of 500
Processed step 380 of 500
Processed step 390 of 500
Processed step 400 of 500
Processed step 410 of 500
Processed step 420 of 500
Processed step 430 of 500
Processed step 440 of 500
Processed step 450 of 500
Processed step 460 of 500
Processed step 470 of 500
Processed step 480 of 500
Processed step 490 of 500
[2026-10-09 14:46:04,413][agent.finetune.train_ppo_diffusion_agent][INFO] - approx_kl: 0.0, update_epoch: 0, num_batch: 4
[2026-10-09 14:46:06,566][agent.finetune.train_ppo_diffusion_agent][INFO] - approx_kl: 2.3245811525685056e-11, update_epoch: 0, num_batch: 4
[2026-10-09 14:46:08,811][agent.finetune.train_ppo_diffusion_agent][INFO] - approx_kl: 3.089429753688755e-11, update_epoch: 0, num_batch: 4
[2026-10-09 14:46:11,050][agent.finetune.train_ppo_diffusion_agent][INFO] - approx_kl: 3.933906325692682e-11, update_epoch: 0, num_batch: 4
[2026-10-09 14:46:13,387][agent.finetune.train_ppo_diffusion_agent][INFO] - approx_kl: 6.098300336931928e-11, update_epoch: 1, num_batch: 4
[2026-10-09 14:46:15,553][agent.finetune.train_ppo_diffusion_agent][INFO] - approx_kl: 5.312147249858512e-11, update_epoch: 1, num_batch: 4
[2026-10-09 14:46:17,788][agent.finetune.train_ppo_diffusion_agent][INFO] - approx_kl: 9.611248602547917e-11, update_epoch: 1, num_batch: 4
[2026-10-09 14:46:20,020][agent.finetune.train_ppo_diffusion_agent][INFO] - approx_kl: 1.7916783334737119e-10, update_epoch: 1, num_batch: 4
[2026-10-09 14:46:22,365][agent.finetune.train_ppo_diffusion_agent][INFO] - approx_kl: 2.006231708540085e-10, update_epoch: 2, num_batch: 4
[2026-10-09 14:46:24,520][agent.finetune.train_ppo_diffusion_agent][INFO] - approx_kl: 9.65595242652384e-11, update_epoch: 2, num_batch: 4
[2026-10-09 14:46:26,759][agent.finetune.train_ppo_diffusion_agent][INFO] - approx_kl: 1.9026920317077867e-10, update_epoch: 2, num_batch: 4
[2026-10-09 14:46:28,991][agent.finetune.train_ppo_diffusion_agent][INFO] - approx_kl: 3.06833530805406e-10, update_epoch: 2, num_batch: 4
[2026-10-09 14:46:31,331][agent.finetune.train_ppo_diffusion_agent][INFO] - approx_kl: 2.526119313728259e-10, update_epoch: 3, num_batch: 4
[2026-10-09 14:46:33,518][agent.finetune.train_ppo_diffusion_agent][INFO] - approx_kl: 2.571195201195309e-10, update_epoch: 3, num_batch: 4
[2026-10-09 14:46:35,769][agent.finetune.train_ppo_diffusion_agent][INFO] - approx_kl: 2.574035706803812e-10, update_epoch: 3, num_batch: 4
[2026-10-09 14:46:37,972][agent.finetune.train_ppo_diffusion_agent][INFO] - approx_kl: 3.0111521609477165e-10, update_epoch: 3, num_batch: 4
[2026-10-09 14:46:40,265][agent.finetune.train_ppo_diffusion_agent][INFO] - approx_kl: 3.1439587044879147e-10, update_epoch: 4, num_batch: 4
[2026-10-09 14:46:42,427][agent.finetune.train_ppo_diffusion_agent][INFO] - approx_kl: 4.117866048147789e-10, update_epoch: 4, num_batch: 4
[2026-10-09 14:46:44,658][agent.finetune.train_ppo_diffusion_agent][INFO] - approx_kl: 3.1281843781982843e-10, update_epoch: 4, num_batch: 4
[2026-10-09 14:46:46,897][agent.finetune.train_ppo_diffusion_agent][INFO] - approx_kl: 2.1569430963541691e-10, update_epoch: 4, num_batch: 4
[2026-10-09 14:46:46,916][agent.finetune.train_ppo_diffusion_agent][INFO] - 121: step  8720000 | loss   0.0028 | pg loss  -0.0001 | value loss   0.0058 | bc loss   0.0000 | reward -304.3365 | eta   1.0000 | t: 58.5049 | kl_true_per_action=2.1861436746418226e-06 | logratio_p99=0.0 | clamp_hit_frac=0.0008083333333333333
Processed step 0 of 500
Processed step 10 of 500
Processed step 20 of 500
Processed step 30 of 500
Processed step 40 of 500
Processed step 50 of 500
Processed step 60 of 500
Processed step 70 of 500
Processed step 80 of 500
Processed step 90 of 500
Processed step 100 of 500
Processed step 110 of 500
Processed step 120 of 500
Processed step 130 of 500
Processed step 140 of 500
Processed step 150 of 500
Processed step 160 of 500
Processed step 170 of 500
Processed step 180 of 500
Processed step 190 of 500
Processed step 200 of 500
Processed step 210 of 500
Processed step 220 of 500
Processed step 230 of 500
Processed step 240 of 500
Processed step 250 of 500
Processed step 260 of 500
Processed step 270 of 500
Processed step 280 of 500
Processed step 290 of 500
Processed step 300 of 500
Processed step 310 of 500
Processed step 320 of 500
Processed step 330 of 500
Processed step 340 of 500
Processed step 350 of 500
Processed step 360 of 500
Processed step 370 of 500
Processed step 380 of 500
Processed step 390 of 500
Processed step 400 of 500
Processed step 410 of 500
Processed step 420 of 500
Processed step 430 of 500
Processed step 440 of 500
Processed step 450 of 500
Processed step 460 of 500
Processed step 470 of 500
Processed step 480 of 500
Processed step 490 of 500
[2026-10-09 14:47:02,833][agent.finetune.train_ppo_diffusion_agent][INFO] - approx_kl: 0.0, update_epoch: 0, num_batch: 4
[2026-10-09 14:47:04,974][agent.finetune.train_ppo_diffusion_agent][INFO] - approx_kl: 8.987262323234546e-12, update_epoch: 0, num_batch: 4
[2026-10-09 14:47:07,231][agent.finetune.train_ppo_diffusion_agent][INFO] - approx_kl: 7.252674155688865e-12, update_epoch: 0, num_batch: 4
[2026-10-09 14:47:09,471][agent.finetune.train_ppo_diffusion_agent][INFO] - approx_kl: 6.691552693893765e-12, update_epoch: 0, num_batch: 4
[2026-10-09 14:47:11,766][agent.finetune.train_ppo_diffusion_agent][INFO] - approx_kl: 8.121132238914086e-12, update_epoch: 1, num_batch: 4
[2026-10-09 14:47:13,882][agent.finetune.train_ppo_diffusion_agent][INFO] - approx_kl: -4.586763369292257e-13, update_epoch: 1, num_batch: 4
[2026-10-09 14:47:16,103][agent.finetune.train_ppo_diffusion_agent][INFO] - approx_kl: 7.592607098594328e-12, update_epoch: 1, num_batch: 4
[2026-10-09 14:47:18,322][agent.finetune.train_ppo_diffusion_agent][INFO] - approx_kl: 4.88944345081177e-12, update_epoch: 1, num_batch: 4
[2026-10-09 14:47:20,649][agent.finetune.train_ppo_diffusion_agent][INFO] - approx_kl: 8.19563861220729e-12, update_epoch: 2, num_batch: 4
[2026-10-09 14:47:22,796][agent.finetune.train_ppo_diffusion_agent][INFO] - approx_kl: 1.0319053771190578e-11, update_epoch: 2, num_batch: 4
[2026-10-09 14:47:25,065][agent.finetune.train_ppo_diffusion_agent][INFO] - approx_kl: 1.2388918016470463e-11, update_epoch: 2, num_batch: 4
[2026-10-09 14:47:27,301][agent.finetune.train_ppo_diffusion_agent][INFO] - approx_kl: 2.3394822537547988e-11, update_epoch: 2, num_batch: 4
[2026-10-09 14:47:29,646][agent.finetune.train_ppo_diffusion_agent][INFO] - approx_kl: 6.6170467542814304e-12, update_epoch: 3, num_batch: 4
[2026-10-09 14:47:31,800][agent.finetune.train_ppo_diffusion_agent][INFO] - approx_kl: 2.5480985377246412e-11, update_epoch: 3, num_batch: 4
[2026-10-09 14:47:34,045][agent.finetune.train_ppo_diffusion_agent][INFO] - approx_kl: 5.834503019608306e-11, update_epoch: 3, num_batch: 4
[2026-10-09 14:47:36,279][agent.finetune.train_ppo_diffusion_agent][INFO] - approx_kl: 6.516463757488822e-11, update_epoch: 3, num_batch: 4
[2026-10-09 14:47:38,630][agent.finetune.train_ppo_diffusion_agent][INFO] - approx_kl: 7.959082698461017e-11, update_epoch: 4, num_batch: 4
[2026-10-09 14:47:40,780][agent.finetune.train_ppo_diffusion_agent][INFO] - approx_kl: 7.260590739743833e-11, update_epoch: 4, num_batch: 4
[2026-10-09 14:47:43,023][agent.finetune.train_ppo_diffusion_agent][INFO] - approx_kl: 1.0356306784364833e-10, update_epoch: 4, num_batch: 4
[2026-10-09 14:47:45,272][agent.finetune.train_ppo_diffusion_agent][INFO] - approx_kl: 6.871297975052926e-11, update_epoch: 4, num_batch: 4
[2026-10-09 14:47:45,292][agent.finetune.train_ppo_diffusion_agent][INFO] - 122: step  8800000 | loss   0.0027 | pg loss  -0.0001 | value loss   0.0056 | bc loss   0.0000 | reward -327.6000 | eta   1.0000 | t: 58.3757 | kl_true_per_action=2.373084999855188e-06 | logratio_p99=0.0 | clamp_hit_frac=0.00080625
Processed step 0 of 500
Processed step 10 of 500
Processed step 20 of 500
Processed step 30 of 500
Processed step 40 of 500
Processed step 50 of 500
Processed step 60 of 500
Processed step 70 of 500
Processed step 80 of 500
Processed step 90 of 500
Processed step 100 of 500
Processed step 110 of 500
Processed step 120 of 500
Processed step 130 of 500
Processed step 140 of 500
Processed step 150 of 500
Processed step 160 of 500
Processed step 170 of 500
Processed step 180 of 500
Processed step 190 of 500
Processed step 200 of 500
Processed step 210 of 500
Processed step 220 of 500
Processed step 230 of 500
Processed step 240 of 500
Processed step 250 of 500
Processed step 260 of 500
Processed step 270 of 500
Processed step 280 of 500
Processed step 290 of 500
Processed step 300 of 500
Processed step 310 of 500
Processed step 320 of 500
Processed step 330 of 500
Processed step 340 of 500
Processed step 350 of 500
Processed step 360 of 500
Processed step 370 of 500
Processed step 380 of 500
Processed step 390 of 500
Processed step 400 of 500
Processed step 410 of 500
Processed step 420 of 500
Processed step 430 of 500
Processed step 440 of 500
Processed step 450 of 500
Processed step 460 of 500
Processed step 470 of 500
Processed step 480 of 500
Processed step 490 of 500
[2026-10-09 14:48:01,236][agent.finetune.train_ppo_diffusion_agent][INFO] - approx_kl: 0.0, update_epoch: 0, num_batch: 4
[2026-10-09 14:48:03,380][agent.finetune.train_ppo_diffusion_agent][INFO] - approx_kl: 1.6903504420837101e-12, update_epoch: 0, num_batch: 4
[2026-10-09 14:48:05,621][agent.finetune.train_ppo_diffusion_agent][INFO] - approx_kl: 4.3585894442255135e-12, update_epoch: 0, num_batch: 4
[2026-10-09 14:48:07,954][agent.finetune.train_ppo_diffusion_agent][INFO] - approx_kl: 1.7043201919197948e-11, update_epoch: 0, num_batch: 4
[2026-10-09 14:48:10,101][agent.finetune.train_ppo_diffusion_agent][INFO] - approx_kl: 2.1494923896359097e-11, update_epoch: 1, num_batch: 4
[2026-10-09 14:48:12,320][agent.finetune.train_ppo_diffusion_agent][INFO] - approx_kl: 3.191962666404535e-11, update_epoch: 1, num_batch: 4
[2026-10-09 14:48:14,546][agent.finetune.train_ppo_diffusion_agent][INFO] - approx_kl: 3.058463204919093e-11, update_epoch: 1, num_batch: 4
[2026-10-09 14:48:16,863][agent.finetune.train_ppo_diffusion_agent][INFO] - approx_kl: 4.429602865063664e-11, update_epoch: 1, num_batch: 4
[2026-10-09 14:48:18,996][agent.finetune.train_ppo_diffusion_agent][INFO] - approx_kl: 7.480382979707656e-11, update_epoch: 2, num_batch: 4
[2026-10-09 14:48:21,237][agent.finetune.train_ppo_diffusion_agent][INFO] - approx_kl: 6.437301386386096e-11, update_epoch: 2, num_batch: 4
[2026-10-09 14:48:23,474][agent.finetune.train_ppo_diffusion_agent][INFO] - approx_kl: 8.60029825133779e-11, update_epoch: 2, num_batch: 4
[2026-10-09 14:48:25,809][agent.finetune.train_ppo_diffusion_agent][INFO] - approx_kl: 7.421709080634997e-11, update_epoch: 2, num_batch: 4
[2026-10-09 14:48:28,007][agent.finetune.train_ppo_diffusion_agent][INFO] - approx_kl: 1.5714204937289367e-10, update_epoch: 3, num_batch: 4
[2026-10-09 14:48:30,253][agent.finetune.train_ppo_diffusion_agent][INFO] - approx_kl: 8.211237939592664e-11, update_epoch: 3, num_batch: 4
[2026-10-09 14:48:32,495][agent.finetune.train_ppo_diffusion_agent][INFO] - approx_kl: 9.619979812747204e-11, update_epoch: 3, num_batch: 4
[2026-10-09 14:48:34,849][agent.finetune.train_ppo_diffusion_agent][INFO] - approx_kl: 1.2852251207728926e-10, update_epoch: 3, num_batch: 4
[2026-10-09 14:48:37,009][agent.finetune.train_ppo_diffusion_agent][INFO] - approx_kl: 1.5998258273697274e-10, update_epoch: 4, num_batch: 4
[2026-10-09 14:48:39,254][agent.finetune.train_ppo_diffusion_agent][INFO] - approx_kl: 1.6674399361260583e-10, update_epoch: 4, num_batch: 4
[2026-10-09 14:48:41,495][agent.finetune.train_ppo_diffusion_agent][INFO] - approx_kl: 1.275632516284375e-10, update_epoch: 4, num_batch: 4
[2026-10-09 14:48:43,837][agent.finetune.train_ppo_diffusion_agent][INFO] - approx_kl: 2.2909253660774453e-10, update_epoch: 4, num_batch: 4
[2026-10-09 14:48:43,856][agent.finetune.train_ppo_diffusion_agent][INFO] - 123: step  8880000 | loss   0.0031 | pg loss   0.0000 | value loss   0.0061 | bc loss   0.0000 | reward -297.3227 | eta   1.0000 | t: 58.5647 | kl_true_per_action=1.229968232499819e-06 | logratio_p99=0.0 | clamp_hit_frac=0.00078125
Processed step 0 of 500
Processed step 10 of 500
Processed step 20 of 500
Processed step 30 of 500
Processed step 40 of 500
Processed step 50 of 500
Processed step 60 of 500
Processed step 70 of 500
Processed step 80 of 500
Processed step 90 of 500
Processed step 100 of 500
Processed step 110 of 500
Processed step 120 of 500
Processed step 130 of 500
Processed step 140 of 500
Processed step 150 of 500
Processed step 160 of 500
Processed step 170 of 500
Processed step 180 of 500
Processed step 190 of 500
Processed step 200 of 500
Processed step 210 of 500
Processed step 220 of 500
Processed step 230 of 500
Processed step 240 of 500
Processed step 250 of 500
Processed step 260 of 500
Processed step 270 of 500
Processed step 280 of 500
Processed step 290 of 500
Processed step 300 of 500
Processed step 310 of 500
Processed step 320 of 500
Processed step 330 of 500
Processed step 340 of 500
Processed step 350 of 500
Processed step 360 of 500
Processed step 370 of 500
Processed step 380 of 500
Processed step 390 of 500
Processed step 400 of 500
Processed step 410 of 500
Processed step 420 of 500
Processed step 430 of 500
Processed step 440 of 500
Processed step 450 of 500
Processed step 460 of 500
Processed step 470 of 500
Processed step 480 of 500
Processed step 490 of 500
[2026-10-09 14:48:59,634][agent.finetune.train_ppo_diffusion_agent][INFO] - approx_kl: 0.0, update_epoch: 0, num_batch: 4
[2026-10-09 14:49:01,896][agent.finetune.train_ppo_diffusion_agent][INFO] - approx_kl: 1.1045485706628888e-11, update_epoch: 0, num_batch: 4
[2026-10-09 14:49:04,113][agent.finetune.train_ppo_diffusion_agent][INFO] - approx_kl: 3.6060810587601466e-11, update_epoch: 0, num_batch: 4
[2026-10-09 14:49:06,451][agent.finetune.train_ppo_diffusion_agent][INFO] - approx_kl: 2.3469328910841192e-11, update_epoch: 0, num_batch: 4
[2026-10-09 14:49:08,618][agent.finetune.train_ppo_diffusion_agent][INFO] - approx_kl: 3.598630421430826e-11, update_epoch: 1, num_batch: 4
[2026-10-09 14:49:10,863][agent.finetune.train_ppo_diffusion_agent][INFO] - approx_kl: 6.325542867280376e-11, update_epoch: 1, num_batch: 4
[2026-10-09 14:49:13,078][agent.finetune.train_ppo_diffusion_agent][INFO] - approx_kl: 7.84173559420509e-11, update_epoch: 1, num_batch: 4
[2026-10-09 14:49:15,375][agent.finetune.train_ppo_diffusion_agent][INFO] - approx_kl: 1.2710690833195315e-10, update_epoch: 1, num_batch: 4
[2026-10-09 14:49:17,486][agent.finetune.train_ppo_diffusion_agent][INFO] - approx_kl: 1.6383826240140564e-10, update_epoch: 2, num_batch: 4
[2026-10-09 14:49:19,762][agent.finetune.train_ppo_diffusion_agent][INFO] - approx_kl: 2.2845342284583126e-10, update_epoch: 2, num_batch: 4
[2026-10-09 14:49:21,982][agent.finetune.train_ppo_diffusion_agent][INFO] - approx_kl: 3.2898037072293107e-10, update_epoch: 2, num_batch: 4
[2026-10-09 14:49:24,319][agent.finetune.train_ppo_diffusion_agent][INFO] - approx_kl: 2.724677150567345e-10, update_epoch: 2, num_batch: 4
[2026-10-09 14:49:26,471][agent.finetune.train_ppo_diffusion_agent][INFO] - approx_kl: 4.1313469312243e-10, update_epoch: 3, num_batch: 4
[2026-10-09 14:49:28,709][agent.finetune.train_ppo_diffusion_agent][INFO] - approx_kl: 5.413405279597328e-10, update_epoch: 3, num_batch: 4
[2026-10-09 14:49:30,954][agent.finetune.train_ppo_diffusion_agent][INFO] - approx_kl: 6.720423662009978e-10, update_epoch: 3, num_batch: 4
[2026-10-09 14:49:33,297][agent.finetune.train_ppo_diffusion_agent][INFO] - approx_kl: 6.496719828774644e-10, update_epoch: 3, num_batch: 4
[2026-10-09 14:49:35,456][agent.finetune.train_ppo_diffusion_agent][INFO] - approx_kl: 6.97001789617957e-10, update_epoch: 4, num_batch: 4
[2026-10-09 14:49:37,690][agent.finetune.train_ppo_diffusion_agent][INFO] - approx_kl: 1.1210888883894654e-09, update_epoch: 4, num_batch: 4
[2026-10-09 14:49:39,941][agent.finetune.train_ppo_diffusion_agent][INFO] - approx_kl: 1.454781739518296e-09, update_epoch: 4, num_batch: 4
[2026-10-09 14:49:42,288][agent.finetune.train_ppo_diffusion_agent][INFO] - approx_kl: 1.044087039048236e-09, update_epoch: 4, num_batch: 4
[2026-10-09 14:49:42,307][agent.finetune.train_ppo_diffusion_agent][INFO] - 124: step  8960000 | loss   0.0023 | pg loss  -0.0002 | value loss   0.0050 | bc loss   0.0000 | reward -271.0954 | eta   1.0000 | t: 58.4506 | kl_true_per_action=7.2599659195840865e-06 | logratio_p99=0.0 | clamp_hit_frac=0.0007833333333333334
Processed step 0 of 500
Processed step 10 of 500
Processed step 20 of 500
Processed step 30 of 500
Processed step 40 of 500
Processed step 50 of 500
Processed step 60 of 500
Processed step 70 of 500
Processed step 80 of 500
Processed step 90 of 500
Processed step 100 of 500
Processed step 110 of 500
Processed step 120 of 500
Processed step 130 of 500
Processed step 140 of 500
Processed step 150 of 500
Processed step 160 of 500
Processed step 170 of 500
Processed step 180 of 500
Processed step 190 of 500
Processed step 200 of 500
Processed step 210 of 500
Processed step 220 of 500
Processed step 230 of 500
Processed step 240 of 500
Processed step 250 of 500
Processed step 260 of 500
Processed step 270 of 500
Processed step 280 of 500
Processed step 290 of 500
Processed step 300 of 500
Processed step 310 of 500
Processed step 320 of 500
Processed step 330 of 500
Processed step 340 of 500
Processed step 350 of 500
Processed step 360 of 500
Processed step 370 of 500
Processed step 380 of 500
Processed step 390 of 500
Processed step 400 of 500
Processed step 410 of 500
Processed step 420 of 500
Processed step 430 of 500
Processed step 440 of 500
Processed step 450 of 500
Processed step 460 of 500
Processed step 470 of 500
Processed step 480 of 500
Processed step 490 of 500
[2026-10-09 14:49:58,021][agent.finetune.train_ppo_diffusion_agent][INFO] - approx_kl: 0.0, update_epoch: 0, num_batch: 4
[2026-10-09 14:50:00,272][agent.finetune.train_ppo_diffusion_agent][INFO] - approx_kl: 1.7601996249450025e-11, update_epoch: 0, num_batch: 4
[2026-10-09 14:50:02,502][agent.finetune.train_ppo_diffusion_agent][INFO] - approx_kl: 4.08408237784208e-11, update_epoch: 0, num_batch: 4
[2026-10-09 14:50:04,856][agent.finetune.train_ppo_diffusion_agent][INFO] - approx_kl: 6.499466936871201e-11, update_epoch: 0, num_batch: 4
[2026-10-09 14:50:07,015][agent.finetune.train_ppo_diffusion_agent][INFO] - approx_kl: 1.0913237674659015e-10, update_epoch: 1, num_batch: 4
[2026-10-09 14:50:09,264][agent.finetune.train_ppo_diffusion_agent][INFO] - approx_kl: 1.2420350858910467e-10, update_epoch: 1, num_batch: 4
[2026-10-09 14:50:11,526][agent.finetune.train_ppo_diffusion_agent][INFO] - approx_kl: 1.6383826240140564e-10, update_epoch: 1, num_batch: 4
[2026-10-09 14:50:13,862][agent.finetune.train_ppo_diffusion_agent][INFO] - approx_kl: 2.1738931488268776e-10, update_epoch: 1, num_batch: 4
[2026-10-09 14:50:15,976][agent.finetune.train_ppo_diffusion_agent][INFO] - approx_kl: 2.1425540508435148e-10, update_epoch: 2, num_batch: 4
[2026-10-09 14:50:18,215][agent.finetune.train_ppo_diffusion_agent][INFO] - approx_kl: 2.635421603169874e-10, update_epoch: 2, num_batch: 4
[2026-10-09 14:50:20,424][agent.finetune.train_ppo_diffusion_agent][INFO] - approx_kl: 2.3584811881249834e-10, update_epoch: 2, num_batch: 4
[2026-10-09 14:50:22,808][agent.finetune.train_ppo_diffusion_agent][INFO] - approx_kl: 3.40392575237658e-10, update_epoch: 2, num_batch: 4
[2026-10-09 14:50:24,978][agent.finetune.train_ppo_diffusion_agent][INFO] - approx_kl: 4.2827333346373564e-10, update_epoch: 3, num_batch: 4
[2026-10-09 14:50:27,235][agent.finetune.train_ppo_diffusion_agent][INFO] - approx_kl: 2.0425766633636044e-10, update_epoch: 3, num_batch: 4
[2026-10-09 14:50:29,482][agent.finetune.train_ppo_diffusion_agent][INFO] - approx_kl: 3.408268112181645e-10, update_epoch: 3, num_batch: 4
[2026-10-09 14:50:31,836][agent.finetune.train_ppo_diffusion_agent][INFO] - approx_kl: 3.1118163601462356e-10, update_epoch: 3, num_batch: 4
[2026-10-09 14:50:34,013][agent.finetune.train_ppo_diffusion_agent][INFO] - approx_kl: 3.16197984462363e-10, update_epoch: 4, num_batch: 4
[2026-10-09 14:50:36,263][agent.finetune.train_ppo_diffusion_agent][INFO] - approx_kl: 3.100791845511708e-10, update_epoch: 4, num_batch: 4
[2026-10-09 14:50:38,514][agent.finetune.train_ppo_diffusion_agent][INFO] - approx_kl: 2.314150260307457e-10, update_epoch: 4, num_batch: 4
[2026-10-09 14:50:40,872][agent.finetune.train_ppo_diffusion_agent][INFO] - approx_kl: 3.706035200945479e-10, update_epoch: 4, num_batch: 4
[2026-10-09 14:50:40,890][agent.finetune.train_ppo_diffusion_agent][INFO] - 125: step  9040000 | loss   0.0032 | pg loss   0.0001 | value loss   0.0063 | bc loss   0.0000 | reward -267.5065 | eta   1.0000 | t: 58.5833 | kl_true_per_action=7.538654474054872e-07 | logratio_p99=0.0 | clamp_hit_frac=0.0008395833333333333
Processed step 0 of 500
Processed step 10 of 500
Processed step 20 of 500
Processed step 30 of 500
Processed step 40 of 500
Processed step 50 of 500
Processed step 60 of 500
Processed step 70 of 500
Processed step 80 of 500
Processed step 90 of 500
Processed step 100 of 500
Processed step 110 of 500
Processed step 120 of 500
Processed step 130 of 500
Processed step 140 of 500
Processed step 150 of 500
Processed step 160 of 500
Processed step 170 of 500
Processed step 180 of 500
Processed step 190 of 500
Processed step 200 of 500
Processed step 210 of 500
Processed step 220 of 500
Processed step 230 of 500
Processed step 240 of 500
Processed step 250 of 500
Processed step 260 of 500
Processed step 270 of 500
Processed step 280 of 500
Processed step 290 of 500
Processed step 300 of 500
Processed step 310 of 500
Processed step 320 of 500
Processed step 330 of 500
Processed step 340 of 500
Processed step 350 of 500
Processed step 360 of 500
Processed step 370 of 500
Processed step 380 of 500
Processed step 390 of 500
Processed step 400 of 500
Processed step 410 of 500
Processed step 420 of 500
Processed step 430 of 500
Processed step 440 of 500
Processed step 450 of 500
Processed step 460 of 500
Processed step 470 of 500
Processed step 480 of 500
Processed step 490 of 500
[2026-10-09 14:50:55,962][agent.finetune.train_ppo_diffusion_agent][INFO] - approx_kl: 0.0, update_epoch: 0, num_batch: 4
[2026-10-09 14:50:58,193][agent.finetune.train_ppo_diffusion_agent][INFO] - approx_kl: 1.927837750548278e-11, update_epoch: 0, num_batch: 4
[2026-10-09 14:51:00,382][agent.finetune.train_ppo_diffusion_agent][INFO] - approx_kl: 1.6577541422924114e-11, update_epoch: 0, num_batch: 4
[2026-10-09 14:51:02,680][agent.finetune.train_ppo_diffusion_agent][INFO] - approx_kl: -3.8987489452135815e-12, update_epoch: 0, num_batch: 4
[2026-10-09 14:51:04,840][agent.finetune.train_ppo_diffusion_agent][INFO] - approx_kl: 1.521780965130226e-11, update_epoch: 1, num_batch: 4
[2026-10-09 14:51:07,032][agent.finetune.train_ppo_diffusion_agent][INFO] - approx_kl: 2.1047889126046826e-11, update_epoch: 1, num_batch: 4
[2026-10-09 14:51:09,259][agent.finetune.train_ppo_diffusion_agent][INFO] - approx_kl: 2.967193504788135e-11, update_epoch: 1, num_batch: 4
[2026-10-09 14:51:11,585][agent.finetune.train_ppo_diffusion_agent][INFO] - approx_kl: 1.9576399529208643e-11, update_epoch: 1, num_batch: 4
[2026-10-09 14:51:13,736][agent.finetune.train_ppo_diffusion_agent][INFO] - approx_kl: 3.138557122528418e-11, update_epoch: 2, num_batch: 4
[2026-10-09 14:51:15,931][agent.finetune.train_ppo_diffusion_agent][INFO] - approx_kl: 2.1893065485500962e-11, update_epoch: 2, num_batch: 4
[2026-10-09 14:51:18,119][agent.finetune.train_ppo_diffusion_agent][INFO] - approx_kl: 4.319473945191277e-11, update_epoch: 2, num_batch: 4
[2026-10-09 14:51:20,406][agent.finetune.train_ppo_diffusion_agent][INFO] - approx_kl: 5.659647056566186e-11, update_epoch: 2, num_batch: 4
[2026-10-09 14:51:22,544][agent.finetune.train_ppo_diffusion_agent][INFO] - approx_kl: 5.0226225956073733e-11, update_epoch: 3, num_batch: 4
[2026-10-09 14:51:24,767][agent.finetune.train_ppo_diffusion_agent][INFO] - approx_kl: 4.6212225018882336e-11, update_epoch: 3, num_batch: 4
[2026-10-09 14:51:26,997][agent.finetune.train_ppo_diffusion_agent][INFO] - approx_kl: 8.764444031639229e-11, update_epoch: 3, num_batch: 4
[2026-10-09 14:51:29,321][agent.finetune.train_ppo_diffusion_agent][INFO] - approx_kl: 7.171183785681379e-11, update_epoch: 3, num_batch: 4
[2026-10-09 14:51:31,464][agent.finetune.train_ppo_diffusion_agent][INFO] - approx_kl: 1.0143965528675025e-10, update_epoch: 4, num_batch: 4
[2026-10-09 14:51:33,693][agent.finetune.train_ppo_diffusion_agent][INFO] - approx_kl: 1.4658085856211756e-10, update_epoch: 4, num_batch: 4
[2026-10-09 14:51:35,938][agent.finetune.train_ppo_diffusion_agent][INFO] - approx_kl: 1.5113502116470556e-10, update_epoch: 4, num_batch: 4
[2026-10-09 14:51:38,279][agent.finetune.train_ppo_diffusion_agent][INFO] - approx_kl: 1.7166137955548777e-10, update_epoch: 4, num_batch: 4
[2026-10-09 14:51:38,299][agent.finetune.train_ppo_diffusion_agent][INFO] - 126: step  9120000 | loss   0.0028 | pg loss   0.0001 | value loss   0.0054 | bc loss   0.0000 | reward -236.5850 | eta   1.0000 | t: 57.4087 | kl_true_per_action=1.0954009143670334e-06 | logratio_p99=0.0 | clamp_hit_frac=0.0007520833333333333
Processed step 0 of 500
Processed step 10 of 500
Processed step 20 of 500
Processed step 30 of 500
Processed step 40 of 500
Processed step 50 of 500
Processed step 60 of 500
Processed step 70 of 500
Processed step 80 of 500
Processed step 90 of 500
Processed step 100 of 500
Processed step 110 of 500
Processed step 120 of 500
Processed step 130 of 500
Processed step 140 of 500
Processed step 150 of 500
Processed step 160 of 500
Processed step 170 of 500
Processed step 180 of 500
Processed step 190 of 500
Processed step 200 of 500
Processed step 210 of 500
Processed step 220 of 500
Processed step 230 of 500
Processed step 240 of 500
Processed step 250 of 500
Processed step 260 of 500
Processed step 270 of 500
Processed step 280 of 500
Processed step 290 of 500
Processed step 300 of 500
Processed step 310 of 500
Processed step 320 of 500
Processed step 330 of 500
Processed step 340 of 500
Processed step 350 of 500
Processed step 360 of 500
Processed step 370 of 500
Processed step 380 of 500
Processed step 390 of 500
Processed step 400 of 500
Processed step 410 of 500
Processed step 420 of 500
Processed step 430 of 500
Processed step 440 of 500
Processed step 450 of 500
Processed step 460 of 500
Processed step 470 of 500
Processed step 480 of 500
Processed step 490 of 500
[2026-10-09 14:51:53,017][agent.finetune.train_ppo_diffusion_agent][INFO] - approx_kl: 0.0, update_epoch: 0, num_batch: 4
[2026-10-09 14:51:55,271][agent.finetune.train_ppo_diffusion_agent][INFO] - approx_kl: 9.77888690162354e-12, update_epoch: 0, num_batch: 4
[2026-10-09 14:51:57,581][agent.finetune.train_ppo_diffusion_agent][INFO] - approx_kl: 9.499489736497502e-12, update_epoch: 0, num_batch: 4
[2026-10-09 14:51:59,717][agent.finetune.train_ppo_diffusion_agent][INFO] - approx_kl: 2.0451843343871623e-11, update_epoch: 0, num_batch: 4
[2026-10-09 14:52:01,925][agent.finetune.train_ppo_diffusion_agent][INFO] - approx_kl: 3.132037684761002e-11, update_epoch: 1, num_batch: 4
[2026-10-09 14:52:04,127][agent.finetune.train_ppo_diffusion_agent][INFO] - approx_kl: 2.857297558278571e-11, update_epoch: 1, num_batch: 4
[2026-10-09 14:52:06,424][agent.finetune.train_ppo_diffusion_agent][INFO] - approx_kl: 4.1481106743956886e-11, update_epoch: 1, num_batch: 4
[2026-10-09 14:52:08,535][agent.finetune.train_ppo_diffusion_agent][INFO] - approx_kl: 2.7492641843651633e-11, update_epoch: 1, num_batch: 4
[2026-10-09 14:52:10,732][agent.finetune.train_ppo_diffusion_agent][INFO] - approx_kl: 2.8116627082130918e-11, update_epoch: 2, num_batch: 4
[2026-10-09 14:52:12,950][agent.finetune.train_ppo_diffusion_agent][INFO] - approx_kl: 5.4426491091774665e-11, update_epoch: 2, num_batch: 4
[2026-10-09 14:52:15,260][agent.finetune.train_ppo_diffusion_agent][INFO] - approx_kl: 4.6920030360997345e-11, update_epoch: 2, num_batch: 4
[2026-10-09 14:52:17,396][agent.finetune.train_ppo_diffusion_agent][INFO] - approx_kl: 7.56978993377011e-11, update_epoch: 2, num_batch: 4
[2026-10-09 14:52:19,607][agent.finetune.train_ppo_diffusion_agent][INFO] - approx_kl: 7.765367515677468e-11, update_epoch: 3, num_batch: 4
[2026-10-09 14:52:21,834][agent.finetune.train_ppo_diffusion_agent][INFO] - approx_kl: 1.2136995575229292e-10, update_epoch: 3, num_batch: 4
[2026-10-09 14:52:24,170][agent.finetune.train_ppo_diffusion_agent][INFO] - approx_kl: 1.4059245434516754e-10, update_epoch: 3, num_batch: 4
[2026-10-09 14:52:26,311][agent.finetune.train_ppo_diffusion_agent][INFO] - approx_kl: 1.0041054099296787e-10, update_epoch: 3, num_batch: 4
[2026-10-09 14:52:28,535][agent.finetune.train_ppo_diffusion_agent][INFO] - approx_kl: 2.0715407167415378e-10, update_epoch: 4, num_batch: 4
[2026-10-09 14:52:30,771][agent.finetune.train_ppo_diffusion_agent][INFO] - approx_kl: 1.6817357229026442e-10, update_epoch: 4, num_batch: 4
[2026-10-09 14:52:33,113][agent.finetune.train_ppo_diffusion_agent][INFO] - approx_kl: 2.617016325867638e-10, update_epoch: 4, num_batch: 4
[2026-10-09 14:52:35,257][agent.finetune.train_ppo_diffusion_agent][INFO] - approx_kl: 2.807006294069936e-10, update_epoch: 4, num_batch: 4
[2026-10-09 14:52:35,277][agent.finetune.train_ppo_diffusion_agent][INFO] - 127: step  9200000 | loss   0.0029 | pg loss   0.0000 | value loss   0.0058 | bc loss   0.0000 | reward -271.5696 | eta   1.0000 | t: 56.9778 | kl_true_per_action=3.7842043111787203e-06 | logratio_p99=0.0 | clamp_hit_frac=0.00076875
Processed step 0 of 500
Processed step 10 of 500
Processed step 20 of 500
Processed step 30 of 500
Processed step 40 of 500
Processed step 50 of 500
Processed step 60 of 500
Processed step 70 of 500
Processed step 80 of 500
Processed step 90 of 500
Processed step 100 of 500
Processed step 110 of 500
Processed step 120 of 500
Processed step 130 of 500
Processed step 140 of 500
Processed step 150 of 500
Processed step 160 of 500
Processed step 170 of 500
Processed step 180 of 500
Processed step 190 of 500
Processed step 200 of 500
Processed step 210 of 500
Processed step 220 of 500
Processed step 230 of 500
Processed step 240 of 500
Processed step 250 of 500
Processed step 260 of 500
Processed step 270 of 500
Processed step 280 of 500
Processed step 290 of 500
Processed step 300 of 500
Processed step 310 of 500
Processed step 320 of 500
Processed step 330 of 500
Processed step 340 of 500
Processed step 350 of 500
Processed step 360 of 500
Processed step 370 of 500
Processed step 380 of 500
Processed step 390 of 500
Processed step 400 of 500
Processed step 410 of 500
Processed step 420 of 500
Processed step 430 of 500
Processed step 440 of 500
Processed step 450 of 500
Processed step 460 of 500
Processed step 470 of 500
Processed step 480 of 500
Processed step 490 of 500
[2026-10-09 14:52:50,073][agent.finetune.train_ppo_diffusion_agent][INFO] - approx_kl: 0.0, update_epoch: 0, num_batch: 4
[2026-10-09 14:52:52,282][agent.finetune.train_ppo_diffusion_agent][INFO] - approx_kl: 1.1045485706628888e-11, update_epoch: 0, num_batch: 4
[2026-10-09 14:52:54,606][agent.finetune.train_ppo_diffusion_agent][INFO] - approx_kl: 1.8663704262622538e-11, update_epoch: 0, num_batch: 4
[2026-10-09 14:52:56,736][agent.finetune.train_ppo_diffusion_agent][INFO] - approx_kl: 2.011656639877568e-11, update_epoch: 0, num_batch: 4
[2026-10-09 14:52:58,931][agent.finetune.train_ppo_diffusion_agent][INFO] - approx_kl: 3.850087262891044e-11, update_epoch: 1, num_batch: 4
[2026-10-09 14:53:01,138][agent.finetune.train_ppo_diffusion_agent][INFO] - approx_kl: 5.78165050557633e-11, update_epoch: 1, num_batch: 4
[2026-10-09 14:53:03,461][agent.finetune.train_ppo_diffusion_agent][INFO] - approx_kl: 8.182134136891506e-11, update_epoch: 1, num_batch: 4
[2026-10-09 14:53:05,639][agent.finetune.train_ppo_diffusion_agent][INFO] - approx_kl: 8.657574657178202e-11, update_epoch: 1, num_batch: 4
[2026-10-09 14:53:07,856][agent.finetune.train_ppo_diffusion_agent][INFO] - approx_kl: 1.3178214075537653e-10, update_epoch: 2, num_batch: 4
[2026-10-09 14:53:10,090][agent.finetune.train_ppo_diffusion_agent][INFO] - approx_kl: 1.634284790830165e-10, update_epoch: 2, num_batch: 4
[2026-10-09 14:53:12,372][agent.finetune.train_ppo_diffusion_agent][INFO] - approx_kl: 2.3066996923670757e-10, update_epoch: 2, num_batch: 4
[2026-10-09 14:53:14,471][agent.finetune.train_ppo_diffusion_agent][INFO] - approx_kl: 3.1483823881295336e-10, update_epoch: 2, num_batch: 4
[2026-10-09 14:53:16,684][agent.finetune.train_ppo_diffusion_agent][INFO] - approx_kl: 3.986991847781951e-10, update_epoch: 3, num_batch: 4
[2026-10-09 14:53:18,877][agent.finetune.train_ppo_diffusion_agent][INFO] - approx_kl: 3.8037076266483894e-10, update_epoch: 3, num_batch: 4
[2026-10-09 14:53:21,169][agent.finetune.train_ppo_diffusion_agent][INFO] - approx_kl: 6.003910701934956e-10, update_epoch: 3, num_batch: 4
[2026-10-09 14:53:23,302][agent.finetune.train_ppo_diffusion_agent][INFO] - approx_kl: 5.893781573895751e-10, update_epoch: 3, num_batch: 4
[2026-10-09 14:53:25,527][agent.finetune.train_ppo_diffusion_agent][INFO] - approx_kl: 8.32509228221312e-10, update_epoch: 4, num_batch: 4
[2026-10-09 14:53:27,752][agent.finetune.train_ppo_diffusion_agent][INFO] - approx_kl: 5.519762424910368e-10, update_epoch: 4, num_batch: 4
[2026-10-09 14:53:30,083][agent.finetune.train_ppo_diffusion_agent][INFO] - approx_kl: 1.2197345355957623e-09, update_epoch: 4, num_batch: 4
[2026-10-09 14:53:32,224][agent.finetune.train_ppo_diffusion_agent][INFO] - approx_kl: 1.2665847259896168e-09, update_epoch: 4, num_batch: 4
[2026-10-09 14:53:32,245][agent.finetune.train_ppo_diffusion_agent][INFO] - 128: step  9280000 | loss   0.0033 | pg loss   0.0002 | value loss   0.0063 | bc loss   0.0000 | reward -299.4572 | eta   1.0000 | t: 56.9682 | kl_true_per_action=5.722836725429068e-06 | logratio_p99=0.0 | clamp_hit_frac=0.0008041666666666667
Processed step 0 of 500
Processed step 10 of 500
Processed step 20 of 500
Processed step 30 of 500
Processed step 40 of 500
Processed step 50 of 500
Processed step 60 of 500
Processed step 70 of 500
Processed step 80 of 500
Processed step 90 of 500
Processed step 100 of 500
Processed step 110 of 500
Processed step 120 of 500
Processed step 130 of 500
Processed step 140 of 500
Processed step 150 of 500
Processed step 160 of 500
Processed step 170 of 500
Processed step 180 of 500
Processed step 190 of 500
Processed step 200 of 500
Processed step 210 of 500
Processed step 220 of 500
Processed step 230 of 500
Processed step 240 of 500
Processed step 250 of 500
Processed step 260 of 500
Processed step 270 of 500
Processed step 280 of 500
Processed step 290 of 500
Processed step 300 of 500
Processed step 310 of 500
Processed step 320 of 500
Processed step 330 of 500
Processed step 340 of 500
Processed step 350 of 500
Processed step 360 of 500
Processed step 370 of 500
Processed step 380 of 500
Processed step 390 of 500
Processed step 400 of 500
Processed step 410 of 500
Processed step 420 of 500
Processed step 430 of 500
Processed step 440 of 500
Processed step 450 of 500
Processed step 460 of 500
Processed step 470 of 500
Processed step 480 of 500
Processed step 490 of 500
[2026-10-09 14:53:47,008][agent.finetune.train_ppo_diffusion_agent][INFO] - approx_kl: 0.0, update_epoch: 0, num_batch: 4
[2026-10-09 14:53:49,186][agent.finetune.train_ppo_diffusion_agent][INFO] - approx_kl: 4.656612768993984e-12, update_epoch: 0, num_batch: 4
[2026-10-09 14:53:51,489][agent.finetune.train_ppo_diffusion_agent][INFO] - approx_kl: 6.7427751750115394e-12, update_epoch: 0, num_batch: 4
[2026-10-09 14:53:53,626][agent.finetune.train_ppo_diffusion_agent][INFO] - approx_kl: 1.7434357776902054e-11, update_epoch: 0, num_batch: 4
[2026-10-09 14:53:55,856][agent.finetune.train_ppo_diffusion_agent][INFO] - approx_kl: 8.568167876588095e-12, update_epoch: 1, num_batch: 4
[2026-10-09 14:53:58,131][agent.finetune.train_ppo_diffusion_agent][INFO] - approx_kl: 2.453103518929023e-11, update_epoch: 1, num_batch: 4
[2026-10-09 14:54:00,260][agent.finetune.train_ppo_diffusion_agent][INFO] - approx_kl: 1.6018747092672037e-11, update_epoch: 1, num_batch: 4
[2026-10-09 14:54:02,438][agent.finetune.train_ppo_diffusion_agent][INFO] - approx_kl: 1.493841335353796e-11, update_epoch: 1, num_batch: 4
[2026-10-09 14:54:04,642][agent.finetune.train_ppo_diffusion_agent][INFO] - approx_kl: 1.9911676474304585e-11, update_epoch: 2, num_batch: 4
[2026-10-09 14:54:06,964][agent.finetune.train_ppo_diffusion_agent][INFO] - approx_kl: 9.015202646900367e-12, update_epoch: 2, num_batch: 4
[2026-10-09 14:54:09,091][agent.finetune.train_ppo_diffusion_agent][INFO] - approx_kl: 6.407499097277336e-12, update_epoch: 2, num_batch: 4
[2026-10-09 14:54:11,309][agent.finetune.train_ppo_diffusion_agent][INFO] - approx_kl: 9.257345758018065e-12, update_epoch: 2, num_batch: 4
[2026-10-09 14:54:13,502][agent.finetune.train_ppo_diffusion_agent][INFO] - approx_kl: 2.1159648685986632e-11, update_epoch: 3, num_batch: 4
[2026-10-09 14:54:15,804][agent.finetune.train_ppo_diffusion_agent][INFO] - approx_kl: 2.8014182987257108e-11, update_epoch: 3, num_batch: 4
[2026-10-09 14:54:17,912][agent.finetune.train_ppo_diffusion_agent][INFO] - approx_kl: 4.583969662186327e-11, update_epoch: 3, num_batch: 4
[2026-10-09 14:54:20,121][agent.finetune.train_ppo_diffusion_agent][INFO] - approx_kl: 4.8782675815539633e-11, update_epoch: 3, num_batch: 4
[2026-10-09 14:54:22,341][agent.finetune.train_ppo_diffusion_agent][INFO] - approx_kl: 7.852912070616114e-11, update_epoch: 4, num_batch: 4
[2026-10-09 14:54:24,652][agent.finetune.train_ppo_diffusion_agent][INFO] - approx_kl: 1.3737007364955645e-10, update_epoch: 4, num_batch: 4
[2026-10-09 14:54:26,788][agent.finetune.train_ppo_diffusion_agent][INFO] - approx_kl: 1.8671154899951858e-10, update_epoch: 4, num_batch: 4
[2026-10-09 14:54:29,027][agent.finetune.train_ppo_diffusion_agent][INFO] - approx_kl: 1.9026920317077867e-10, update_epoch: 4, num_batch: 4
[2026-10-09 14:54:29,047][agent.finetune.train_ppo_diffusion_agent][INFO] - 129: step  9360000 | loss   0.0029 | pg loss  -0.0003 | value loss   0.0063 | bc loss   0.0000 | reward -300.1012 | eta   1.0000 | t: 56.8019 | kl_true_per_action=5.433359037770807e-07 | logratio_p99=0.0 | clamp_hit_frac=0.0008
Processed step 0 of 500
Processed step 10 of 500
Processed step 20 of 500
Processed step 30 of 500
Processed step 40 of 500
Processed step 50 of 500
Processed step 60 of 500
Processed step 70 of 500
Processed step 80 of 500
Processed step 90 of 500
Processed step 100 of 500
Processed step 110 of 500
Processed step 120 of 500
Processed step 130 of 500
Processed step 140 of 500
Processed step 150 of 500
Processed step 160 of 500
Processed step 170 of 500
Processed step 180 of 500
Processed step 190 of 500
Processed step 200 of 500
Processed step 210 of 500
Processed step 220 of 500
Processed step 230 of 500
Processed step 240 of 500
Processed step 250 of 500
Processed step 260 of 500
Processed step 270 of 500
Processed step 280 of 500
Processed step 290 of 500
Processed step 300 of 500
Processed step 310 of 500
Processed step 320 of 500
Processed step 330 of 500
Processed step 340 of 500
Processed step 350 of 500
Processed step 360 of 500
Processed step 370 of 500
Processed step 380 of 500
Processed step 390 of 500
Processed step 400 of 500
Processed step 410 of 500
Processed step 420 of 500
Processed step 430 of 500
Processed step 440 of 500
Processed step 450 of 500
Processed step 460 of 500
Processed step 470 of 500
Processed step 480 of 500
Processed step 490 of 500
[2026-10-09 14:54:41,513][agent.finetune.train_ppo_diffusion_agent][INFO] - eval: success rate   0.0000 | avg episode reward -427.0623 | avg best reward   1.0651
Processed step 0 of 500
Processed step 10 of 500
Processed step 20 of 500
Processed step 30 of 500
Processed step 40 of 500
Processed step 50 of 500
Processed step 60 of 500
Processed step 70 of 500
Processed step 80 of 500
Processed step 90 of 500
Processed step 100 of 500
Processed step 110 of 500
Processed step 120 of 500
Processed step 130 of 500
Processed step 140 of 500
Processed step 150 of 500
Processed step 160 of 500
Processed step 170 of 500
Processed step 180 of 500
Processed step 190 of 500
Processed step 200 of 500
Processed step 210 of 500
Processed step 220 of 500
Processed step 230 of 500
Processed step 240 of 500
Processed step 250 of 500
Processed step 260 of 500
Processed step 270 of 500
Processed step 280 of 500
Processed step 290 of 500
Processed step 300 of 500
Processed step 310 of 500
Processed step 320 of 500
Processed step 330 of 500
Processed step 340 of 500
Processed step 350 of 500
Processed step 360 of 500
Processed step 370 of 500
Processed step 380 of 500
Processed step 390 of 500
Processed step 400 of 500
Processed step 410 of 500
Processed step 420 of 500
Processed step 430 of 500
Processed step 440 of 500
Processed step 450 of 500
Processed step 460 of 500
Processed step 470 of 500
Processed step 480 of 500
Processed step 490 of 500
[2026-10-09 14:54:56,281][agent.finetune.train_ppo_diffusion_agent][INFO] - approx_kl: 0.0, update_epoch: 0, num_batch: 4
[2026-10-09 14:54:58,618][agent.finetune.train_ppo_diffusion_agent][INFO] - approx_kl: 1.9632280176540284e-11, update_epoch: 0, num_batch: 4
[2026-10-09 14:55:00,758][agent.finetune.train_ppo_diffusion_agent][INFO] - approx_kl: 3.635883261132733e-11, update_epoch: 0, num_batch: 4
[2026-10-09 14:55:02,987][agent.finetune.train_ppo_diffusion_agent][INFO] - approx_kl: 3.6973504119464096e-11, update_epoch: 0, num_batch: 4
[2026-10-09 14:55:05,178][agent.finetune.train_ppo_diffusion_agent][INFO] - approx_kl: 9.056180805266933e-11, update_epoch: 1, num_batch: 4
[2026-10-09 14:55:07,493][agent.finetune.train_ppo_diffusion_agent][INFO] - approx_kl: 1.0531395200352733e-10, update_epoch: 1, num_batch: 4
[2026-10-09 14:55:09,631][agent.finetune.train_ppo_diffusion_agent][INFO] - approx_kl: 2.214684963197655e-10, update_epoch: 1, num_batch: 4
[2026-10-09 14:55:11,828][agent.finetune.train_ppo_diffusion_agent][INFO] - approx_kl: 5.165115002370158e-10, update_epoch: 1, num_batch: 4
[2026-10-09 14:55:14,014][agent.finetune.train_ppo_diffusion_agent][INFO] - approx_kl: 3.9944425545002105e-10, update_epoch: 2, num_batch: 4
[2026-10-09 14:55:16,319][agent.finetune.train_ppo_diffusion_agent][INFO] - approx_kl: 6.695836662906629e-10, update_epoch: 2, num_batch: 4
[2026-10-09 14:55:18,463][agent.finetune.train_ppo_diffusion_agent][INFO] - approx_kl: 6.941985319919297e-10, update_epoch: 2, num_batch: 4
[2026-10-09 14:55:20,679][agent.finetune.train_ppo_diffusion_agent][INFO] - approx_kl: 8.508004301077676e-10, update_epoch: 2, num_batch: 4
[2026-10-09 14:55:22,936][agent.finetune.train_ppo_diffusion_agent][INFO] - approx_kl: 1.4515593171893215e-09, update_epoch: 3, num_batch: 4
[2026-10-09 14:55:25,247][agent.finetune.train_ppo_diffusion_agent][INFO] - approx_kl: 1.3205967430707233e-09, update_epoch: 3, num_batch: 4
[2026-10-09 14:55:27,396][agent.finetune.train_ppo_diffusion_agent][INFO] - approx_kl: 1.581404340811332e-09, update_epoch: 3, num_batch: 4
[2026-10-09 14:55:29,631][agent.finetune.train_ppo_diffusion_agent][INFO] - approx_kl: 1.3050064362474245e-09, update_epoch: 3, num_batch: 4
[2026-10-09 14:55:31,852][agent.finetune.train_ppo_diffusion_agent][INFO] - approx_kl: 2.20187001964689e-09, update_epoch: 4, num_batch: 4
[2026-10-09 14:55:34,162][agent.finetune.train_ppo_diffusion_agent][INFO] - approx_kl: 2.252794839563421e-09, update_epoch: 4, num_batch: 4
[2026-10-09 14:55:36,302][agent.finetune.train_ppo_diffusion_agent][INFO] - approx_kl: 4.2160972490989934e-09, update_epoch: 4, num_batch: 4
[2026-10-09 14:55:38,533][agent.finetune.train_ppo_diffusion_agent][INFO] - approx_kl: 2.421066014335338e-09, update_epoch: 4, num_batch: 4
[2026-10-09 14:55:38,552][agent.finetune.train_ppo_diffusion_agent][INFO] - 131: step  9440000 | loss   0.0032 | pg loss   0.0002 | value loss   0.0060 | bc loss   0.0000 | reward -289.2494 | eta   1.0000 | t: 57.0390 | kl_true_per_action=3.369427282226538e-05 | logratio_p99=0.0 | clamp_hit_frac=0.0008458333333333333
Processed step 0 of 500
Processed step 10 of 500
Processed step 20 of 500
Processed step 30 of 500
Processed step 40 of 500
Processed step 50 of 500
Processed step 60 of 500
Processed step 70 of 500
Processed step 80 of 500
Processed step 90 of 500
Processed step 100 of 500
Processed step 110 of 500
Processed step 120 of 500
Processed step 130 of 500
Processed step 140 of 500
Processed step 150 of 500
Processed step 160 of 500
Processed step 170 of 500
Processed step 180 of 500
Processed step 190 of 500
Processed step 200 of 500
Processed step 210 of 500
Processed step 220 of 500
Processed step 230 of 500
Processed step 240 of 500
Processed step 250 of 500
Processed step 260 of 500
Processed step 270 of 500
Processed step 280 of 500
Processed step 290 of 500
Processed step 300 of 500
Processed step 310 of 500
Processed step 320 of 500
Processed step 330 of 500
Processed step 340 of 500
Processed step 350 of 500
Processed step 360 of 500
Processed step 370 of 500
Processed step 380 of 500
Processed step 390 of 500
Processed step 400 of 500
Processed step 410 of 500
Processed step 420 of 500
Processed step 430 of 500
Processed step 440 of 500
Processed step 450 of 500
Processed step 460 of 500
Processed step 470 of 500
Processed step 480 of 500
Processed step 490 of 500
[2026-10-09 14:55:53,378][agent.finetune.train_ppo_diffusion_agent][INFO] - approx_kl: 0.0, update_epoch: 0, num_batch: 4
[2026-10-09 14:55:55,699][agent.finetune.train_ppo_diffusion_agent][INFO] - approx_kl: 1.6614794609570716e-11, update_epoch: 0, num_batch: 4
[2026-10-09 14:55:57,854][agent.finetune.train_ppo_diffusion_agent][INFO] - approx_kl: 6.221234638559281e-11, update_epoch: 0, num_batch: 4
[2026-10-09 14:56:00,056][agent.finetune.train_ppo_diffusion_agent][INFO] - approx_kl: 1.2428964801802778e-10, update_epoch: 0, num_batch: 4
[2026-10-09 14:56:02,264][agent.finetune.train_ppo_diffusion_agent][INFO] - approx_kl: 1.7538666352567844e-10, update_epoch: 1, num_batch: 4
[2026-10-09 14:56:04,588][agent.finetune.train_ppo_diffusion_agent][INFO] - approx_kl: 3.609526844083888e-10, update_epoch: 1, num_batch: 4
[2026-10-09 14:56:06,741][agent.finetune.train_ppo_diffusion_agent][INFO] - approx_kl: 4.092603755889712e-10, update_epoch: 1, num_batch: 4
[2026-10-09 14:56:08,968][agent.finetune.train_ppo_diffusion_agent][INFO] - approx_kl: 4.867464209468153e-10, update_epoch: 1, num_batch: 4
[2026-10-09 14:56:11,202][agent.finetune.train_ppo_diffusion_agent][INFO] - approx_kl: 6.563216081723056e-10, update_epoch: 2, num_batch: 4
[2026-10-09 14:56:13,484][agent.finetune.train_ppo_diffusion_agent][INFO] - approx_kl: 7.834657922423105e-10, update_epoch: 2, num_batch: 4
[2026-10-09 14:56:15,580][agent.finetune.train_ppo_diffusion_agent][INFO] - approx_kl: 7.062870843732583e-10, update_epoch: 2, num_batch: 4
[2026-10-09 14:56:17,812][agent.finetune.train_ppo_diffusion_agent][INFO] - approx_kl: 7.876194696443406e-10, update_epoch: 2, num_batch: 4
[2026-10-09 14:56:20,058][agent.finetune.train_ppo_diffusion_agent][INFO] - approx_kl: 9.985361426601003e-10, update_epoch: 3, num_batch: 4
[2026-10-09 14:56:22,390][agent.finetune.train_ppo_diffusion_agent][INFO] - approx_kl: 8.845328913764661e-10, update_epoch: 3, num_batch: 4
[2026-10-09 14:56:24,532][agent.finetune.train_ppo_diffusion_agent][INFO] - approx_kl: 1.1075846906294373e-09, update_epoch: 3, num_batch: 4
[2026-10-09 14:56:26,774][agent.finetune.train_ppo_diffusion_agent][INFO] - approx_kl: 1.7070770352844988e-09, update_epoch: 3, num_batch: 4
[2026-10-09 14:56:29,002][agent.finetune.train_ppo_diffusion_agent][INFO] - approx_kl: 1.4074426069043966e-09, update_epoch: 4, num_batch: 4
[2026-10-09 14:56:31,326][agent.finetune.train_ppo_diffusion_agent][INFO] - approx_kl: 1.8640513577139473e-09, update_epoch: 4, num_batch: 4
[2026-10-09 14:56:33,465][agent.finetune.train_ppo_diffusion_agent][INFO] - approx_kl: 1.62977720208346e-09, update_epoch: 4, num_batch: 4
[2026-10-09 14:56:35,702][agent.finetune.train_ppo_diffusion_agent][INFO] - approx_kl: 1.3436189938431653e-09, update_epoch: 4, num_batch: 4
[2026-10-09 14:56:35,721][agent.finetune.train_ppo_diffusion_agent][INFO] - 132: step  9520000 | loss   0.0035 | pg loss   0.0000 | value loss   0.0070 | bc loss   0.0000 | reward -309.5918 | eta   1.0000 | t: 57.1688 | kl_true_per_action=1.5421816413857983e-05 | logratio_p99=0.0 | clamp_hit_frac=0.0007395833333333333
Processed step 0 of 500
Processed step 10 of 500
Processed step 20 of 500
Processed step 30 of 500
Processed step 40 of 500
Processed step 50 of 500
Processed step 60 of 500
Processed step 70 of 500
Processed step 80 of 500
Processed step 90 of 500
Processed step 100 of 500
Processed step 110 of 500
Processed step 120 of 500
Processed step 130 of 500
Processed step 140 of 500
Processed step 150 of 500
Processed step 160 of 500
Processed step 170 of 500
Processed step 180 of 500
Processed step 190 of 500
Processed step 200 of 500
Processed step 210 of 500
Processed step 220 of 500
Processed step 230 of 500
Processed step 240 of 500
Processed step 250 of 500
Processed step 260 of 500
Processed step 270 of 500
Processed step 280 of 500
Processed step 290 of 500
Processed step 300 of 500
Processed step 310 of 500
Processed step 320 of 500
Processed step 330 of 500
Processed step 340 of 500
Processed step 350 of 500
Processed step 360 of 500
Processed step 370 of 500
Processed step 380 of 500
Processed step 390 of 500
Processed step 400 of 500
Processed step 410 of 500
Processed step 420 of 500
Processed step 430 of 500
Processed step 440 of 500
Processed step 450 of 500
Processed step 460 of 500
Processed step 470 of 500
Processed step 480 of 500
Processed step 490 of 500
[2026-10-09 14:56:50,519][agent.finetune.train_ppo_diffusion_agent][INFO] - approx_kl: 0.0, update_epoch: 0, num_batch: 4
[2026-10-09 14:56:52,839][agent.finetune.train_ppo_diffusion_agent][INFO] - approx_kl: 2.0489096530518225e-11, update_epoch: 0, num_batch: 4
[2026-10-09 14:56:54,983][agent.finetune.train_ppo_diffusion_agent][INFO] - approx_kl: 6.390735163286365e-11, update_epoch: 0, num_batch: 4
[2026-10-09 14:56:57,177][agent.finetune.train_ppo_diffusion_agent][INFO] - approx_kl: 4.82797621326192e-11, update_epoch: 0, num_batch: 4
[2026-10-09 14:56:59,378][agent.finetune.train_ppo_diffusion_agent][INFO] - approx_kl: 1.2209638855509297e-10, update_epoch: 1, num_batch: 4
[2026-10-09 14:57:01,682][agent.finetune.train_ppo_diffusion_agent][INFO] - approx_kl: 1.1494383223009663e-10, update_epoch: 1, num_batch: 4
[2026-10-09 14:57:03,831][agent.finetune.train_ppo_diffusion_agent][INFO] - approx_kl: 2.593174563969569e-10, update_epoch: 1, num_batch: 4
[2026-10-09 14:57:06,034][agent.finetune.train_ppo_diffusion_agent][INFO] - approx_kl: 3.210827714816844e-10, update_epoch: 1, num_batch: 4
[2026-10-09 14:57:08,228][agent.finetune.train_ppo_diffusion_agent][INFO] - approx_kl: 4.0572367687730093e-10, update_epoch: 2, num_batch: 4
[2026-10-09 14:57:10,548][agent.finetune.train_ppo_diffusion_agent][INFO] - approx_kl: 6.387009809927235e-10, update_epoch: 2, num_batch: 4
[2026-10-09 14:57:12,666][agent.finetune.train_ppo_diffusion_agent][INFO] - approx_kl: 8.244439575477713e-10, update_epoch: 2, num_batch: 4
[2026-10-09 14:57:14,863][agent.finetune.train_ppo_diffusion_agent][INFO] - approx_kl: 8.829449948954959e-10, update_epoch: 2, num_batch: 4
[2026-10-09 14:57:17,090][agent.finetune.train_ppo_diffusion_agent][INFO] - approx_kl: 1.6486644272006856e-09, update_epoch: 3, num_batch: 4
[2026-10-09 14:57:19,388][agent.finetune.train_ppo_diffusion_agent][INFO] - approx_kl: 1.3716099367400147e-09, update_epoch: 3, num_batch: 4
[2026-10-09 14:57:21,498][agent.finetune.train_ppo_diffusion_agent][INFO] - approx_kl: 1.6387272649964757e-09, update_epoch: 3, num_batch: 4
[2026-10-09 14:57:23,774][agent.finetune.train_ppo_diffusion_agent][INFO] - approx_kl: 2.96927971099592e-09, update_epoch: 3, num_batch: 4
[2026-10-09 14:57:26,017][agent.finetune.train_ppo_diffusion_agent][INFO] - approx_kl: 2.89846213696876e-09, update_epoch: 4, num_batch: 4
[2026-10-09 14:57:28,348][agent.finetune.train_ppo_diffusion_agent][INFO] - approx_kl: 3.96935728730341e-09, update_epoch: 4, num_batch: 4
[2026-10-09 14:57:30,508][agent.finetune.train_ppo_diffusion_agent][INFO] - approx_kl: 5.357442489639652e-09, update_epoch: 4, num_batch: 4
[2026-10-09 14:57:32,747][agent.finetune.train_ppo_diffusion_agent][INFO] - approx_kl: 4.986943746843053e-09, update_epoch: 4, num_batch: 4
[2026-10-09 14:57:32,766][agent.finetune.train_ppo_diffusion_agent][INFO] - 133: step  9600000 | loss   0.0026 | pg loss  -0.0001 | value loss   0.0054 | bc loss   0.0000 | reward -286.3067 | eta   1.0000 | t: 57.0451 | kl_true_per_action=6.157046263584108e-05 | logratio_p99=0.0 | clamp_hit_frac=0.0007520833333333333
Processed step 0 of 500
Processed step 10 of 500
Processed step 20 of 500
Processed step 30 of 500
Processed step 40 of 500
Processed step 50 of 500
Processed step 60 of 500
Processed step 70 of 500
Processed step 80 of 500
Processed step 90 of 500
Processed step 100 of 500
Processed step 110 of 500
Processed step 120 of 500
Processed step 130 of 500
Processed step 140 of 500
Processed step 150 of 500
Processed step 160 of 500
Processed step 170 of 500
Processed step 180 of 500
Processed step 190 of 500
Processed step 200 of 500
Processed step 210 of 500
Processed step 220 of 500
Processed step 230 of 500
Processed step 240 of 500
Processed step 250 of 500
Processed step 260 of 500
Processed step 270 of 500
Processed step 280 of 500
Processed step 290 of 500
Processed step 300 of 500
Processed step 310 of 500
Processed step 320 of 500
Processed step 330 of 500
Processed step 340 of 500
Processed step 350 of 500
Processed step 360 of 500
Processed step 370 of 500
Processed step 380 of 500
Processed step 390 of 500
Processed step 400 of 500
Processed step 410 of 500
Processed step 420 of 500
Processed step 430 of 500
Processed step 440 of 500
Processed step 450 of 500
Processed step 460 of 500
Processed step 470 of 500
Processed step 480 of 500
Processed step 490 of 500
[2026-10-09 14:57:47,676][agent.finetune.train_ppo_diffusion_agent][INFO] - approx_kl: 0.0, update_epoch: 0, num_batch: 4
[2026-10-09 14:57:49,821][agent.finetune.train_ppo_diffusion_agent][INFO] - approx_kl: 6.892718340534287e-11, update_epoch: 0, num_batch: 4
[2026-10-09 14:57:52,060][agent.finetune.train_ppo_diffusion_agent][INFO] - approx_kl: 1.563690565919984e-10, update_epoch: 0, num_batch: 4
[2026-10-09 14:57:54,300][agent.finetune.train_ppo_diffusion_agent][INFO] - approx_kl: 4.1753053792170647e-10, update_epoch: 0, num_batch: 4
[2026-10-09 14:57:56,638][agent.finetune.train_ppo_diffusion_agent][INFO] - approx_kl: 4.958699006962775e-10, update_epoch: 1, num_batch: 4
[2026-10-09 14:57:58,744][agent.finetune.train_ppo_diffusion_agent][INFO] - approx_kl: 6.085075221484715e-10, update_epoch: 1, num_batch: 4
[2026-10-09 14:58:00,975][agent.finetune.train_ppo_diffusion_agent][INFO] - approx_kl: 9.033456205287393e-10, update_epoch: 1, num_batch: 4
[2026-10-09 14:58:03,229][agent.finetune.train_ppo_diffusion_agent][INFO] - approx_kl: 1.2967734663860142e-09, update_epoch: 1, num_batch: 4
[2026-10-09 14:58:05,564][agent.finetune.train_ppo_diffusion_agent][INFO] - approx_kl: 1.0781642245660805e-09, update_epoch: 2, num_batch: 4
[2026-10-09 14:58:07,709][agent.finetune.train_ppo_diffusion_agent][INFO] - approx_kl: 2.050492886596089e-09, update_epoch: 2, num_batch: 4
[2026-10-09 14:58:09,962][agent.finetune.train_ppo_diffusion_agent][INFO] - approx_kl: 2.178260904983631e-09, update_epoch: 2, num_batch: 4
[2026-10-09 14:58:12,190][agent.finetune.train_ppo_diffusion_agent][INFO] - approx_kl: 2.5024404770590536e-09, update_epoch: 2, num_batch: 4
[2026-10-09 14:58:14,494][agent.finetune.train_ppo_diffusion_agent][INFO] - approx_kl: 2.773648422049746e-09, update_epoch: 3, num_batch: 4
[2026-10-09 14:58:16,631][agent.finetune.train_ppo_diffusion_agent][INFO] - approx_kl: 3.2858176179928478e-09, update_epoch: 3, num_batch: 4
[2026-10-09 14:58:18,852][agent.finetune.train_ppo_diffusion_agent][INFO] - approx_kl: 3.6948826220850606e-09, update_epoch: 3, num_batch: 4
[2026-10-09 14:58:21,073][agent.finetune.train_ppo_diffusion_agent][INFO] - approx_kl: 3.668228165665255e-09, update_epoch: 3, num_batch: 4
[2026-10-09 14:58:23,421][agent.finetune.train_ppo_diffusion_agent][INFO] - approx_kl: 4.0638261644687645e-09, update_epoch: 4, num_batch: 4
[2026-10-09 14:58:25,578][agent.finetune.train_ppo_diffusion_agent][INFO] - approx_kl: 5.787256895928294e-09, update_epoch: 4, num_batch: 4
[2026-10-09 14:58:27,819][agent.finetune.train_ppo_diffusion_agent][INFO] - approx_kl: 5.01405450492598e-09, update_epoch: 4, num_batch: 4
[2026-10-09 14:58:30,062][agent.finetune.train_ppo_diffusion_agent][INFO] - approx_kl: 6.446146727512314e-09, update_epoch: 4, num_batch: 4
[2026-10-09 14:58:30,081][agent.finetune.train_ppo_diffusion_agent][INFO] - 134: step  9680000 | loss   0.0031 | pg loss  -0.0000 | value loss   0.0063 | bc loss   0.0000 | reward -262.7464 | eta   1.0000 | t: 57.3151 | kl_true_per_action=5.0109071871186266e-05 | logratio_p99=0.0 | clamp_hit_frac=0.0007770833333333333
Processed step 0 of 500
Processed step 10 of 500
Processed step 20 of 500
Processed step 30 of 500
Processed step 40 of 500
Processed step 50 of 500
Processed step 60 of 500
Processed step 70 of 500
Processed step 80 of 500
Processed step 90 of 500
Processed step 100 of 500
Processed step 110 of 500
Processed step 120 of 500
Processed step 130 of 500
Processed step 140 of 500
Processed step 150 of 500
Processed step 160 of 500
Processed step 170 of 500
Processed step 180 of 500
Processed step 190 of 500
Processed step 200 of 500
Processed step 210 of 500
Processed step 220 of 500
Processed step 230 of 500
Processed step 240 of 500
Processed step 250 of 500
Processed step 260 of 500
Processed step 270 of 500
Processed step 280 of 500
Processed step 290 of 500
Processed step 300 of 500
Processed step 310 of 500
Processed step 320 of 500
Processed step 330 of 500
Processed step 340 of 500
Processed step 350 of 500
Processed step 360 of 500
Processed step 370 of 500
Processed step 380 of 500
Processed step 390 of 500
Processed step 400 of 500
Processed step 410 of 500
Processed step 420 of 500
Processed step 430 of 500
Processed step 440 of 500
Processed step 450 of 500
Processed step 460 of 500
Processed step 470 of 500
Processed step 480 of 500
Processed step 490 of 500
[2026-10-09 14:58:45,064][agent.finetune.train_ppo_diffusion_agent][INFO] - approx_kl: 0.0, update_epoch: 0, num_batch: 4
[2026-10-09 14:58:47,179][agent.finetune.train_ppo_diffusion_agent][INFO] - approx_kl: 3.5017728734071385e-12, update_epoch: 0, num_batch: 4
[2026-10-09 14:58:49,410][agent.finetune.train_ppo_diffusion_agent][INFO] - approx_kl: 3.820285060518458e-11, update_epoch: 0, num_batch: 4
[2026-10-09 14:58:51,615][agent.finetune.train_ppo_diffusion_agent][INFO] - approx_kl: 6.939051416798847e-11, update_epoch: 0, num_batch: 4
[2026-10-09 14:58:53,981][agent.finetune.train_ppo_diffusion_agent][INFO] - approx_kl: 3.095716044621e-11, update_epoch: 1, num_batch: 4
[2026-10-09 14:58:56,134][agent.finetune.train_ppo_diffusion_agent][INFO] - approx_kl: 2.911314245235275e-11, update_epoch: 1, num_batch: 4
[2026-10-09 14:58:58,365][agent.finetune.train_ppo_diffusion_agent][INFO] - approx_kl: 5.1297247699588766e-11, update_epoch: 1, num_batch: 4
[2026-10-09 14:59:00,594][agent.finetune.train_ppo_diffusion_agent][INFO] - approx_kl: 1.2135366322940655e-10, update_epoch: 1, num_batch: 4
[2026-10-09 14:59:02,949][agent.finetune.train_ppo_diffusion_agent][INFO] - approx_kl: 2.288841616238102e-10, update_epoch: 2, num_batch: 4
[2026-10-09 14:59:05,111][agent.finetune.train_ppo_diffusion_agent][INFO] - approx_kl: 3.0865893174691905e-10, update_epoch: 2, num_batch: 4
[2026-10-09 14:59:07,358][agent.finetune.train_ppo_diffusion_agent][INFO] - approx_kl: 7.042474936547194e-10, update_epoch: 2, num_batch: 4
[2026-10-09 14:59:09,607][agent.finetune.train_ppo_diffusion_agent][INFO] - approx_kl: 9.09091857348443e-10, update_epoch: 2, num_batch: 4
[2026-10-09 14:59:11,959][agent.finetune.train_ppo_diffusion_agent][INFO] - approx_kl: 1.3182218649987476e-09, update_epoch: 3, num_batch: 4
[2026-10-09 14:59:14,118][agent.finetune.train_ppo_diffusion_agent][INFO] - approx_kl: 1.5906709283086684e-09, update_epoch: 3, num_batch: 4
[2026-10-09 14:59:16,337][agent.finetune.train_ppo_diffusion_agent][INFO] - approx_kl: 2.1649524395428443e-09, update_epoch: 3, num_batch: 4
[2026-10-09 14:59:18,547][agent.finetune.train_ppo_diffusion_agent][INFO] - approx_kl: 3.1591438354183765e-09, update_epoch: 3, num_batch: 4
[2026-10-09 14:59:20,885][agent.finetune.train_ppo_diffusion_agent][INFO] - approx_kl: 3.347257138130999e-09, update_epoch: 4, num_batch: 4
[2026-10-09 14:59:23,052][agent.finetune.train_ppo_diffusion_agent][INFO] - approx_kl: 4.11922584930835e-09, update_epoch: 4, num_batch: 4
[2026-10-09 14:59:25,299][agent.finetune.train_ppo_diffusion_agent][INFO] - approx_kl: 5.114795698091257e-09, update_epoch: 4, num_batch: 4
[2026-10-09 14:59:27,545][agent.finetune.train_ppo_diffusion_agent][INFO] - approx_kl: 5.884622122920291e-09, update_epoch: 4, num_batch: 4
[2026-10-09 14:59:27,564][agent.finetune.train_ppo_diffusion_agent][INFO] - 135: step  9760000 | loss   0.0037 | pg loss  -0.0000 | value loss   0.0073 | bc loss   0.0000 | reward -287.4718 | eta   1.0000 | t: 57.4833 | kl_true_per_action=2.8219811118455932e-05 | logratio_p99=0.0 | clamp_hit_frac=0.0008041666666666667
Processed step 0 of 500
Processed step 10 of 500
Processed step 20 of 500
Processed step 30 of 500
Processed step 40 of 500
Processed step 50 of 500
Processed step 60 of 500
Processed step 70 of 500
Processed step 80 of 500
Processed step 90 of 500
Processed step 100 of 500
Processed step 110 of 500
Processed step 120 of 500
Processed step 130 of 500
Processed step 140 of 500
Processed step 150 of 500
Processed step 160 of 500
Processed step 170 of 500
Processed step 180 of 500
Processed step 190 of 500
Processed step 200 of 500
Processed step 210 of 500
Processed step 220 of 500
Processed step 230 of 500
Processed step 240 of 500
Processed step 250 of 500
Processed step 260 of 500
Processed step 270 of 500
Processed step 280 of 500
Processed step 290 of 500
Processed step 300 of 500
Processed step 310 of 500
Processed step 320 of 500
Processed step 330 of 500
Processed step 340 of 500
Processed step 350 of 500
Processed step 360 of 500
Processed step 370 of 500
Processed step 380 of 500
Processed step 390 of 500
Processed step 400 of 500
Processed step 410 of 500
Processed step 420 of 500
Processed step 430 of 500
Processed step 440 of 500
Processed step 450 of 500
Processed step 460 of 500
Processed step 470 of 500
Processed step 480 of 500
Processed step 490 of 500
[2026-10-09 14:59:42,560][agent.finetune.train_ppo_diffusion_agent][INFO] - approx_kl: 0.0, update_epoch: 0, num_batch: 4
[2026-10-09 14:59:44,711][agent.finetune.train_ppo_diffusion_agent][INFO] - approx_kl: 1.3460405012821752e-10, update_epoch: 0, num_batch: 4
[2026-10-09 14:59:46,917][agent.finetune.train_ppo_diffusion_agent][INFO] - approx_kl: 5.848705408872945e-10, update_epoch: 0, num_batch: 4
[2026-10-09 14:59:49,267][agent.finetune.train_ppo_diffusion_agent][INFO] - approx_kl: 1.1410563605096513e-09, update_epoch: 0, num_batch: 4
[2026-10-09 14:59:51,383][agent.finetune.train_ppo_diffusion_agent][INFO] - approx_kl: 2.855341740826134e-09, update_epoch: 1, num_batch: 4
[2026-10-09 14:59:53,645][agent.finetune.train_ppo_diffusion_agent][INFO] - approx_kl: 2.503730334169063e-09, update_epoch: 1, num_batch: 4
[2026-10-09 14:59:55,892][agent.finetune.train_ppo_diffusion_agent][INFO] - approx_kl: 4.403889253268289e-09, update_epoch: 1, num_batch: 4
[2026-10-09 14:59:58,191][agent.finetune.train_ppo_diffusion_agent][INFO] - approx_kl: 5.128336866278005e-09, update_epoch: 1, num_batch: 4
[2026-10-09 15:00:00,336][agent.finetune.train_ppo_diffusion_agent][INFO] - approx_kl: 6.499541793658636e-09, update_epoch: 2, num_batch: 4
[2026-10-09 15:00:02,557][agent.finetune.train_ppo_diffusion_agent][INFO] - approx_kl: 1.0689112706074866e-08, update_epoch: 2, num_batch: 4
[2026-10-09 15:00:04,810][agent.finetune.train_ppo_diffusion_agent][INFO] - approx_kl: 1.2000165305892097e-08, update_epoch: 2, num_batch: 4
[2026-10-09 15:00:07,114][agent.finetune.train_ppo_diffusion_agent][INFO] - approx_kl: 1.3984069013872613e-08, update_epoch: 2, num_batch: 4
[2026-10-09 15:00:09,264][agent.finetune.train_ppo_diffusion_agent][INFO] - approx_kl: 1.514565184379535e-08, update_epoch: 3, num_batch: 4
[2026-10-09 15:00:11,509][agent.finetune.train_ppo_diffusion_agent][INFO] - approx_kl: 1.8720887950962606e-08, update_epoch: 3, num_batch: 4
[2026-10-09 15:00:13,737][agent.finetune.train_ppo_diffusion_agent][INFO] - approx_kl: 1.618178480100596e-08, update_epoch: 3, num_batch: 4
[2026-10-09 15:00:16,071][agent.finetune.train_ppo_diffusion_agent][INFO] - approx_kl: 1.9463271883068956e-08, update_epoch: 3, num_batch: 4
[2026-10-09 15:00:18,183][agent.finetune.train_ppo_diffusion_agent][INFO] - approx_kl: 1.5834132227610098e-08, update_epoch: 4, num_batch: 4
[2026-10-09 15:00:20,419][agent.finetune.train_ppo_diffusion_agent][INFO] - approx_kl: 2.3996364006961812e-08, update_epoch: 4, num_batch: 4
[2026-10-09 15:00:22,666][agent.finetune.train_ppo_diffusion_agent][INFO] - approx_kl: 2.1453089971146255e-08, update_epoch: 4, num_batch: 4
[2026-10-09 15:00:25,006][agent.finetune.train_ppo_diffusion_agent][INFO] - approx_kl: 3.1615549289654155e-08, update_epoch: 4, num_batch: 4
[2026-10-09 15:00:25,025][agent.finetune.train_ppo_diffusion_agent][INFO] - 136: step  9840000 | loss   0.0037 | pg loss  -0.0000 | value loss   0.0073 | bc loss   0.0000 | reward -298.7401 | eta   1.0000 | t: 57.4609 | kl_true_per_action=0.00019963823343863477 | logratio_p99=0.0 | clamp_hit_frac=0.0008270833333333333
Processed step 0 of 500
Processed step 10 of 500
Processed step 20 of 500
Processed step 30 of 500
Processed step 40 of 500
Processed step 50 of 500
Processed step 60 of 500
Processed step 70 of 500
Processed step 80 of 500
Processed step 90 of 500
Processed step 100 of 500
Processed step 110 of 500
Processed step 120 of 500
Processed step 130 of 500
Processed step 140 of 500
Processed step 150 of 500
Processed step 160 of 500
Processed step 170 of 500
Processed step 180 of 500
Processed step 190 of 500
Processed step 200 of 500
Processed step 210 of 500
Processed step 220 of 500
Processed step 230 of 500
Processed step 240 of 500
Processed step 250 of 500
Processed step 260 of 500
Processed step 270 of 500
Processed step 280 of 500
Processed step 290 of 500
Processed step 300 of 500
Processed step 310 of 500
Processed step 320 of 500
Processed step 330 of 500
Processed step 340 of 500
Processed step 350 of 500
Processed step 360 of 500
Processed step 370 of 500
Processed step 380 of 500
Processed step 390 of 500
Processed step 400 of 500
Processed step 410 of 500
Processed step 420 of 500
Processed step 430 of 500
Processed step 440 of 500
Processed step 450 of 500
Processed step 460 of 500
Processed step 470 of 500
Processed step 480 of 500
Processed step 490 of 500
[2026-10-09 15:00:39,794][agent.finetune.train_ppo_diffusion_agent][INFO] - approx_kl: 0.0, update_epoch: 0, num_batch: 4
[2026-10-09 15:00:42,039][agent.finetune.train_ppo_diffusion_agent][INFO] - approx_kl: 3.694556466316001e-11, update_epoch: 0, num_batch: 4
[2026-10-09 15:00:44,283][agent.finetune.train_ppo_diffusion_agent][INFO] - approx_kl: 1.761782802978118e-10, update_epoch: 0, num_batch: 4
[2026-10-09 15:00:46,620][agent.finetune.train_ppo_diffusion_agent][INFO] - approx_kl: 1.4729797936929856e-10, update_epoch: 0, num_batch: 4
[2026-10-09 15:00:48,773][agent.finetune.train_ppo_diffusion_agent][INFO] - approx_kl: 5.109887513121691e-10, update_epoch: 1, num_batch: 4
[2026-10-09 15:00:51,019][agent.finetune.train_ppo_diffusion_agent][INFO] - approx_kl: 5.67780766846937e-10, update_epoch: 1, num_batch: 4
[2026-10-09 15:00:53,261][agent.finetune.train_ppo_diffusion_agent][INFO] - approx_kl: 4.93600937900851e-10, update_epoch: 1, num_batch: 4
[2026-10-09 15:00:55,619][agent.finetune.train_ppo_diffusion_agent][INFO] - approx_kl: 7.128715395765539e-10, update_epoch: 1, num_batch: 4
[2026-10-09 15:00:57,732][agent.finetune.train_ppo_diffusion_agent][INFO] - approx_kl: 1.1895363583036556e-09, update_epoch: 2, num_batch: 4
[2026-10-09 15:00:59,944][agent.finetune.train_ppo_diffusion_agent][INFO] - approx_kl: 9.631412334343281e-10, update_epoch: 2, num_batch: 4
[2026-10-09 15:01:02,150][agent.finetune.train_ppo_diffusion_agent][INFO] - approx_kl: 1.3275817112301525e-09, update_epoch: 2, num_batch: 4
[2026-10-09 15:01:04,464][agent.finetune.train_ppo_diffusion_agent][INFO] - approx_kl: 2.1070241107423726e-09, update_epoch: 2, num_batch: 4
[2026-10-09 15:01:06,612][agent.finetune.train_ppo_diffusion_agent][INFO] - approx_kl: 2.996274117705866e-09, update_epoch: 3, num_batch: 4
[2026-10-09 15:01:08,855][agent.finetune.train_ppo_diffusion_agent][INFO] - approx_kl: 1.5299022049219957e-09, update_epoch: 3, num_batch: 4
[2026-10-09 15:01:11,102][agent.finetune.train_ppo_diffusion_agent][INFO] - approx_kl: 2.421438605182402e-09, update_epoch: 3, num_batch: 4
[2026-10-09 15:01:13,452][agent.finetune.train_ppo_diffusion_agent][INFO] - approx_kl: 1.7973407206994807e-09, update_epoch: 3, num_batch: 4
[2026-10-09 15:01:15,601][agent.finetune.train_ppo_diffusion_agent][INFO] - approx_kl: 1.8180323912986296e-09, update_epoch: 4, num_batch: 4
[2026-10-09 15:01:17,848][agent.finetune.train_ppo_diffusion_agent][INFO] - approx_kl: 4.245387152934654e-09, update_epoch: 4, num_batch: 4
[2026-10-09 15:01:20,052][agent.finetune.train_ppo_diffusion_agent][INFO] - approx_kl: 3.477670151852408e-09, update_epoch: 4, num_batch: 4
[2026-10-09 15:01:22,394][agent.finetune.train_ppo_diffusion_agent][INFO] - approx_kl: 3.777416157646485e-09, update_epoch: 4, num_batch: 4
[2026-10-09 15:01:22,413][agent.finetune.train_ppo_diffusion_agent][INFO] - 137: step  9920000 | loss   0.0033 | pg loss  -0.0001 | value loss   0.0068 | bc loss   0.0000 | reward -303.6398 | eta   1.0000 | t: 57.3880 | kl_true_per_action=2.0787852510869037e-05 | logratio_p99=0.0 | clamp_hit_frac=0.00073125
Processed step 0 of 500
Processed step 10 of 500
Processed step 20 of 500
Processed step 30 of 500
Processed step 40 of 500
Processed step 50 of 500
Processed step 60 of 500
Processed step 70 of 500
Processed step 80 of 500
Processed step 90 of 500
Processed step 100 of 500
Processed step 110 of 500
Processed step 120 of 500
Processed step 130 of 500
Processed step 140 of 500
Processed step 150 of 500
Processed step 160 of 500
Processed step 170 of 500
Processed step 180 of 500
Processed step 190 of 500
Processed step 200 of 500
Processed step 210 of 500
Processed step 220 of 500
Processed step 230 of 500
Processed step 240 of 500
Processed step 250 of 500
Processed step 260 of 500
Processed step 270 of 500
Processed step 280 of 500
Processed step 290 of 500
Processed step 300 of 500
Processed step 310 of 500
Processed step 320 of 500
Processed step 330 of 500
Processed step 340 of 500
Processed step 350 of 500
Processed step 360 of 500
Processed step 370 of 500
Processed step 380 of 500
Processed step 390 of 500
Processed step 400 of 500
Processed step 410 of 500
Processed step 420 of 500
Processed step 430 of 500
Processed step 440 of 500
Processed step 450 of 500
Processed step 460 of 500
Processed step 470 of 500
Processed step 480 of 500
Processed step 490 of 500
[2026-10-09 15:01:37,245][agent.finetune.train_ppo_diffusion_agent][INFO] - approx_kl: 0.0, update_epoch: 0, num_batch: 4
[2026-10-09 15:01:39,477][agent.finetune.train_ppo_diffusion_agent][INFO] - approx_kl: 6.929039807201942e-12, update_epoch: 0, num_batch: 4
[2026-10-09 15:01:41,697][agent.finetune.train_ppo_diffusion_agent][INFO] - approx_kl: 1.8328427317526597e-11, update_epoch: 0, num_batch: 4
[2026-10-09 15:01:44,044][agent.finetune.train_ppo_diffusion_agent][INFO] - approx_kl: 3.835186335177099e-11, update_epoch: 0, num_batch: 4
[2026-10-09 15:01:46,190][agent.finetune.train_ppo_diffusion_agent][INFO] - approx_kl: 4.8652290529638265e-11, update_epoch: 1, num_batch: 4
[2026-10-09 15:01:48,448][agent.finetune.train_ppo_diffusion_agent][INFO] - approx_kl: 5.880370496091913e-11, update_epoch: 1, num_batch: 4
[2026-10-09 15:01:50,676][agent.finetune.train_ppo_diffusion_agent][INFO] - approx_kl: 1.0598450589371922e-10, update_epoch: 1, num_batch: 4
[2026-10-09 15:01:53,010][agent.finetune.train_ppo_diffusion_agent][INFO] - approx_kl: 1.1470168564953198e-10, update_epoch: 1, num_batch: 4
[2026-10-09 15:01:55,171][agent.finetune.train_ppo_diffusion_agent][INFO] - approx_kl: 2.626702189090224e-10, update_epoch: 2, num_batch: 4
[2026-10-09 15:01:57,396][agent.finetune.train_ppo_diffusion_agent][INFO] - approx_kl: 1.445040059833147e-10, update_epoch: 2, num_batch: 4
[2026-10-09 15:01:59,630][agent.finetune.train_ppo_diffusion_agent][INFO] - approx_kl: 7.573514732017728e-11, update_epoch: 2, num_batch: 4
[2026-10-09 15:02:01,928][agent.finetune.train_ppo_diffusion_agent][INFO] - approx_kl: 1.852586833939185e-10, update_epoch: 2, num_batch: 4
[2026-10-09 15:02:04,048][agent.finetune.train_ppo_diffusion_agent][INFO] - approx_kl: 5.1185486404925484e-11, update_epoch: 3, num_batch: 4
[2026-10-09 15:02:06,287][agent.finetune.train_ppo_diffusion_agent][INFO] - approx_kl: 3.537535542275094e-10, update_epoch: 3, num_batch: 4
[2026-10-09 15:02:08,487][agent.finetune.train_ppo_diffusion_agent][INFO] - approx_kl: 4.2602418814929877e-10, update_epoch: 3, num_batch: 4
[2026-10-09 15:02:10,815][agent.finetune.train_ppo_diffusion_agent][INFO] - approx_kl: 3.3849850700207185e-10, update_epoch: 3, num_batch: 4
[2026-10-09 15:02:12,972][agent.finetune.train_ppo_diffusion_agent][INFO] - approx_kl: 6.097555238504526e-10, update_epoch: 4, num_batch: 4
[2026-10-09 15:02:15,177][agent.finetune.train_ppo_diffusion_agent][INFO] - approx_kl: 2.7637928057266947e-10, update_epoch: 4, num_batch: 4
[2026-10-09 15:02:17,374][agent.finetune.train_ppo_diffusion_agent][INFO] - approx_kl: 1.9621103353184566e-10, update_epoch: 4, num_batch: 4
[2026-10-09 15:02:19,679][agent.finetune.train_ppo_diffusion_agent][INFO] - approx_kl: 3.815442128907165e-10, update_epoch: 4, num_batch: 4
[2026-10-09 15:02:19,698][agent.finetune.train_ppo_diffusion_agent][INFO] - 138: step 10000000 | loss   0.0030 | pg loss  -0.0001 | value loss   0.0061 | bc loss   0.0000 | reward -228.7920 | eta   1.0000 | t: 57.2848 | kl_true_per_action=2.110469458054387e-06 | logratio_p99=0.0 | clamp_hit_frac=0.0007979166666666667
Processed step 0 of 500
Processed step 10 of 500
Processed step 20 of 500
Processed step 30 of 500
Processed step 40 of 500
Processed step 50 of 500
Processed step 60 of 500
Processed step 70 of 500
Processed step 80 of 500
Processed step 90 of 500
Processed step 100 of 500
Processed step 110 of 500
Processed step 120 of 500
Processed step 130 of 500
Processed step 140 of 500
Processed step 150 of 500
Processed step 160 of 500
Processed step 170 of 500
Processed step 180 of 500
Processed step 190 of 500
Processed step 200 of 500
Processed step 210 of 500
Processed step 220 of 500
Processed step 230 of 500
Processed step 240 of 500
Processed step 250 of 500
Processed step 260 of 500
Processed step 270 of 500
Processed step 280 of 500
Processed step 290 of 500
Processed step 300 of 500
Processed step 310 of 500
Processed step 320 of 500
Processed step 330 of 500
Processed step 340 of 500
Processed step 350 of 500
Processed step 360 of 500
Processed step 370 of 500
Processed step 380 of 500
Processed step 390 of 500
Processed step 400 of 500
Processed step 410 of 500
Processed step 420 of 500
Processed step 430 of 500
Processed step 440 of 500
Processed step 450 of 500
Processed step 460 of 500
Processed step 470 of 500
Processed step 480 of 500
Processed step 490 of 500
[2026-10-09 15:02:34,481][agent.finetune.train_ppo_diffusion_agent][INFO] - approx_kl: 0.0, update_epoch: 0, num_batch: 4
[2026-10-09 15:02:36,723][agent.finetune.train_ppo_diffusion_agent][INFO] - approx_kl: 9.164213658763298e-12, update_epoch: 0, num_batch: 4
[2026-10-09 15:02:38,972][agent.finetune.train_ppo_diffusion_agent][INFO] - approx_kl: 6.482005036889671e-12, update_epoch: 0, num_batch: 4
[2026-10-09 15:02:41,314][agent.finetune.train_ppo_diffusion_agent][INFO] - approx_kl: 7.972121227051154e-12, update_epoch: 0, num_batch: 4
[2026-10-09 15:02:43,464][agent.finetune.train_ppo_diffusion_agent][INFO] - approx_kl: -2.9802321634825324e-13, update_epoch: 1, num_batch: 4
[2026-10-09 15:02:45,727][agent.finetune.train_ppo_diffusion_agent][INFO] - approx_kl: 7.711350655248417e-12, update_epoch: 1, num_batch: 4
[2026-10-09 15:02:47,987][agent.finetune.train_ppo_diffusion_agent][INFO] - approx_kl: 8.791685261744231e-12, update_epoch: 1, num_batch: 4
[2026-10-09 15:02:50,295][agent.finetune.train_ppo_diffusion_agent][INFO] - approx_kl: 7.45058008344568e-12, update_epoch: 1, num_batch: 4
[2026-10-09 15:02:52,443][agent.finetune.train_ppo_diffusion_agent][INFO] - approx_kl: 1.0244548265259112e-11, update_epoch: 2, num_batch: 4
[2026-10-09 15:02:54,690][agent.finetune.train_ppo_diffusion_agent][INFO] - approx_kl: 1.1026859113305587e-11, update_epoch: 2, num_batch: 4
[2026-10-09 15:02:56,918][agent.finetune.train_ppo_diffusion_agent][INFO] - approx_kl: 1.795589892050753e-11, update_epoch: 2, num_batch: 4
[2026-10-09 15:02:59,243][agent.finetune.train_ppo_diffusion_agent][INFO] - approx_kl: 1.192092865393013e-11, update_epoch: 2, num_batch: 4
[2026-10-09 15:03:01,362][agent.finetune.train_ppo_diffusion_agent][INFO] - approx_kl: 7.748603841895019e-12, update_epoch: 3, num_batch: 4
[2026-10-09 15:03:03,563][agent.finetune.train_ppo_diffusion_agent][INFO] - approx_kl: 1.3150274272288875e-11, update_epoch: 3, num_batch: 4
[2026-10-09 15:03:05,780][agent.finetune.train_ppo_diffusion_agent][INFO] - approx_kl: 4.61935975581973e-11, update_epoch: 3, num_batch: 4
[2026-10-09 15:03:08,134][agent.finetune.train_ppo_diffusion_agent][INFO] - approx_kl: 1.1809169961352062e-11, update_epoch: 3, num_batch: 4
[2026-10-09 15:03:10,283][agent.finetune.train_ppo_diffusion_agent][INFO] - approx_kl: 5.5134295566527936e-12, update_epoch: 4, num_batch: 4
[2026-10-09 15:03:12,499][agent.finetune.train_ppo_diffusion_agent][INFO] - approx_kl: 2.4549662649975268e-11, update_epoch: 4, num_batch: 4
[2026-10-09 15:03:14,732][agent.finetune.train_ppo_diffusion_agent][INFO] - approx_kl: 5.841255257266198e-11, update_epoch: 4, num_batch: 4
[2026-10-09 15:03:17,087][agent.finetune.train_ppo_diffusion_agent][INFO] - approx_kl: 3.691762520685593e-11, update_epoch: 4, num_batch: 4
[2026-10-09 15:03:17,178][agent.finetune.train_agent][INFO] - Saved model to /soalnas/share/data/zbao7/diffusion_policy/results/stage2_noclip/runs/NC2_seed1/native/checkpoint/state_139.pt
[2026-10-09 15:03:17,178][agent.finetune.train_ppo_diffusion_agent][INFO] - 139: step 10080000 | loss   0.0033 | pg loss  -0.0000 | value loss   0.0067 | bc loss   0.0000 | reward -294.1314 | eta   1.0000 | t: 57.4801 | kl_true_per_action=5.929093539422965e-08 | logratio_p99=0.0 | clamp_hit_frac=0.0008083333333333333
