[2026-10-10 10:15:49,732][absl][INFO] - MUJOCO_GL is not set, so an OpenGL backend will be chosen automatically.
[2026-10-10 10:15:49,747][absl][INFO] - Successfully imported OpenGL backend: glfw
[2026-10-10 10:15:49,839][absl][INFO] - MuJoCo library version is: 3.2.3
[2026-10-10 10:15:53,788][root][INFO] - Loaded SL-trained policy from /soalnas/share/data/zbao7/diffusion_policy/results/repro_halfcheetah/dppo/log/gym-pretrain/halfcheetah-medium-v2_pre_diffusion_mlp_ta4_td20/2024-06-12_23-04-42/checkpoint/state_3000.pt
[2026-10-10 10:15:53,788][root][INFO] - Number of network parameters: 568392
[2026-10-10 10:15:53,934][root][INFO] - Cloned model for fine-tuning
[2026-10-10 10:15:53,934][root][INFO] - Turned off gradients of the pretrained network
[2026-10-10 10:15:53,934][root][INFO] - Number of finetuned parameters: 568392
[2026-10-10 10:15:53,952][agent.finetune.train_ppo_diffusion_agent][INFO] - stage2_flags clamp_logprob=False logprob_reduce=sum actor_single_step=True
[2026-10-10 10:15:53,955][agent.finetune.stage3_support][INFO] - STAGE3_SETTINGS {"actor_beta1": 0.9, "actor_loss": "score", "actor_optimizer": "adamw", "actor_single_step": true, "adv_estimator": "mc_none", "betas": [0.9, 0.999], "calib_kl_target": null, "ckpt_eval_repeats": 1, "clamp_logprob": false, "decision_discount": true, "denoised_clip_value": 1.0, "gamma_denoising": 1.0, "logprob_reduce": "sum", "lr": 0.0001, "max_grad_norm": null, "min_logprob_denoising_std": 0.1, "min_sampling_denoising_std": 0.1, "mode": "train", "momentum": null, "norm_adv": false, "ns_batches": 25, "ns_warmup_batches": 20, "optimizer_class": "AdamW", "proj_radius": null, "randn_clip_value": 100, "scheduler_max_lr": 0.0001, "scheduler_min_lr": 0.0001, "stage3_diag": true}
[2026-10-10 10:16:07,189][agent.finetune.train_agent][INFO] - Saved model to /soalnas/share/data/zbao7/diffusion_policy/results/stage3/E2_nobase_seed0/checkpoint/state_0.pt
[2026-10-10 10:16:07,190][agent.finetune.train_ppo_diffusion_agent][INFO] - eval: success rate   1.0000 | avg episode reward 4189.3296 | avg best reward   6.4247
[2026-10-10 10:16:07,190][agent.finetune.stage3_support][INFO] - STAGE3_METRICS {"J_disc_eval": 1490.5314957624482, "J_disc_eval_se": 19.932121962042313, "action_oor_frac": 0.0, "diagnostics_seconds": 0.01533745601773262, "episode_count": 80, "policy_action_oor_frac": 0.0, "rollout_seconds": 13.193197499029338, "update_seconds": 0.0}
[2026-10-10 10:16:22,381][agent.finetune.train_ppo_diffusion_agent][INFO] - approx_kl: 0.0, update_epoch: 0, num_batch: 4
[2026-10-10 10:16:24,079][agent.finetune.train_ppo_diffusion_agent][INFO] - approx_kl: 0.0, update_epoch: 0, num_batch: 4
[2026-10-10 10:16:25,874][agent.finetune.train_ppo_diffusion_agent][INFO] - approx_kl: 0.0, update_epoch: 0, num_batch: 4
[2026-10-10 10:16:27,735][agent.finetune.train_ppo_diffusion_agent][INFO] - approx_kl: 0.0, update_epoch: 0, num_batch: 4
[2026-10-10 10:16:29,378][agent.finetune.train_ppo_diffusion_agent][INFO] - approx_kl: 0.0, update_epoch: 1, num_batch: 4
[2026-10-10 10:16:31,152][agent.finetune.train_ppo_diffusion_agent][INFO] - approx_kl: 0.0, update_epoch: 1, num_batch: 4
[2026-10-10 10:16:32,884][agent.finetune.train_ppo_diffusion_agent][INFO] - approx_kl: 0.0, update_epoch: 1, num_batch: 4
[2026-10-10 10:16:34,748][agent.finetune.train_ppo_diffusion_agent][INFO] - approx_kl: 0.0, update_epoch: 1, num_batch: 4
[2026-10-10 10:16:36,384][agent.finetune.train_ppo_diffusion_agent][INFO] - approx_kl: 0.0, update_epoch: 2, num_batch: 4
[2026-10-10 10:16:38,112][agent.finetune.train_ppo_diffusion_agent][INFO] - approx_kl: 0.0, update_epoch: 2, num_batch: 4
[2026-10-10 10:16:39,810][agent.finetune.train_ppo_diffusion_agent][INFO] - approx_kl: 0.0, update_epoch: 2, num_batch: 4
[2026-10-10 10:16:41,673][agent.finetune.train_ppo_diffusion_agent][INFO] - approx_kl: 0.0, update_epoch: 2, num_batch: 4
[2026-10-10 10:16:43,336][agent.finetune.train_ppo_diffusion_agent][INFO] - approx_kl: 0.0, update_epoch: 3, num_batch: 4
[2026-10-10 10:16:45,078][agent.finetune.train_ppo_diffusion_agent][INFO] - approx_kl: 0.0, update_epoch: 3, num_batch: 4
[2026-10-10 10:16:46,780][agent.finetune.train_ppo_diffusion_agent][INFO] - approx_kl: 0.0, update_epoch: 3, num_batch: 4
[2026-10-10 10:16:48,597][agent.finetune.train_ppo_diffusion_agent][INFO] - approx_kl: 0.0, update_epoch: 3, num_batch: 4
[2026-10-10 10:16:50,204][agent.finetune.train_ppo_diffusion_agent][INFO] - approx_kl: 0.0, update_epoch: 4, num_batch: 4
[2026-10-10 10:16:51,896][agent.finetune.train_ppo_diffusion_agent][INFO] - approx_kl: 0.0, update_epoch: 4, num_batch: 4
[2026-10-10 10:16:53,623][agent.finetune.train_ppo_diffusion_agent][INFO] - approx_kl: 0.0, update_epoch: 4, num_batch: 4
[2026-10-10 10:16:55,452][agent.finetune.train_ppo_diffusion_agent][INFO] - approx_kl: 0.0, update_epoch: 4, num_batch: 4
[2026-10-10 10:17:02,496][agent.finetune.train_ppo_diffusion_agent][INFO] - 1: step    80000 | loss -2525.2065 | pg loss -2525.2130 | value loss   0.0129 | bc loss   0.0000 | reward 3847.4349 | eta   1.0000 | t: 55.3058 | kl_true_per_action=0.004931153094130433 | logratio_p99=0.10007563114166257 | clamp_hit_frac=0.0008020833333333334 | actor_step_ratio=1.0 | actor_step_clipfrac=0.0
[2026-10-10 10:17:02,496][agent.finetune.stage3_support][INFO] - STAGE3_METRICS {"J_disc_train": 1370.1123653544003, "J_disc_train_se": 26.988107497631017, "action_oor_frac": 0.13935625, "adv_raw_mean": 996.4094778867699, "adv_raw_std": 479.1416171414959, "diagnostics_seconds": 0.24508024286478758, "episode_count": 80, "explained_var": -0.20578539371490479, "explained_var_reason": null, "grad_cos_prev": null, "grad_cos_prev_reason": "first_training_iteration", "grad_norm": 108.41289761253714, "policy_action_oor_frac": 0.13938125, "proj_active": false, "reward_clip_frac": 0.0, "rollout_seconds": 12.673806144972332, "split_diff_sq": 45029.19744443554, "split_dot": 496.05682005813094, "theta_dist": 0.07168053998876658, "theta_dist_preproj": 0.07168053998876658, "update_norm": 0.07168053998876658, "update_seconds": 42.38448501913808, "x0_sat_frac_last": 0.021390916463909164, "x0_sat_frac_mean": 0.06464145870701092}
[2026-10-10 10:17:17,327][agent.finetune.train_ppo_diffusion_agent][INFO] - approx_kl: 0.0, update_epoch: 0, num_batch: 4
[2026-10-10 10:17:19,100][agent.finetune.train_ppo_diffusion_agent][INFO] - approx_kl: 0.0, update_epoch: 0, num_batch: 4
[2026-10-10 10:17:20,823][agent.finetune.train_ppo_diffusion_agent][INFO] - approx_kl: 0.0, update_epoch: 0, num_batch: 4
[2026-10-10 10:17:22,713][agent.finetune.train_ppo_diffusion_agent][INFO] - approx_kl: 0.0, update_epoch: 0, num_batch: 4
[2026-10-10 10:17:24,360][agent.finetune.train_ppo_diffusion_agent][INFO] - approx_kl: 0.0, update_epoch: 1, num_batch: 4
[2026-10-10 10:17:26,122][agent.finetune.train_ppo_diffusion_agent][INFO] - approx_kl: 0.0, update_epoch: 1, num_batch: 4
[2026-10-10 10:17:27,857][agent.finetune.train_ppo_diffusion_agent][INFO] - approx_kl: 0.0, update_epoch: 1, num_batch: 4
[2026-10-10 10:17:29,717][agent.finetune.train_ppo_diffusion_agent][INFO] - approx_kl: 0.0, update_epoch: 1, num_batch: 4
[2026-10-10 10:17:31,357][agent.finetune.train_ppo_diffusion_agent][INFO] - approx_kl: 0.0, update_epoch: 2, num_batch: 4
[2026-10-10 10:17:33,094][agent.finetune.train_ppo_diffusion_agent][INFO] - approx_kl: 0.0, update_epoch: 2, num_batch: 4
[2026-10-10 10:17:34,839][agent.finetune.train_ppo_diffusion_agent][INFO] - approx_kl: 0.0, update_epoch: 2, num_batch: 4
[2026-10-10 10:17:36,663][agent.finetune.train_ppo_diffusion_agent][INFO] - approx_kl: 0.0, update_epoch: 2, num_batch: 4
[2026-10-10 10:17:38,336][agent.finetune.train_ppo_diffusion_agent][INFO] - approx_kl: 0.0, update_epoch: 3, num_batch: 4
[2026-10-10 10:17:40,074][agent.finetune.train_ppo_diffusion_agent][INFO] - approx_kl: 0.0, update_epoch: 3, num_batch: 4
[2026-10-10 10:17:41,819][agent.finetune.train_ppo_diffusion_agent][INFO] - approx_kl: 0.0, update_epoch: 3, num_batch: 4
[2026-10-10 10:17:43,671][agent.finetune.train_ppo_diffusion_agent][INFO] - approx_kl: 0.0, update_epoch: 3, num_batch: 4
[2026-10-10 10:17:45,319][agent.finetune.train_ppo_diffusion_agent][INFO] - approx_kl: 0.0, update_epoch: 4, num_batch: 4
[2026-10-10 10:17:47,027][agent.finetune.train_ppo_diffusion_agent][INFO] - approx_kl: 0.0, update_epoch: 4, num_batch: 4
[2026-10-10 10:17:48,733][agent.finetune.train_ppo_diffusion_agent][INFO] - approx_kl: 0.0, update_epoch: 4, num_batch: 4
[2026-10-10 10:17:50,559][agent.finetune.train_ppo_diffusion_agent][INFO] - approx_kl: 0.0, update_epoch: 4, num_batch: 4
[2026-10-10 10:17:57,539][agent.finetune.train_ppo_diffusion_agent][INFO] - 2: step   160000 | loss -2605.9436 | pg loss -2605.9578 | value loss   0.0281 | bc loss   0.0000 | reward 3940.8451 | eta   1.0000 | t: 55.0436 | kl_true_per_action=0.0037837940599683936 | logratio_p99=0.08812608480453488 | clamp_hit_frac=0.0007395833333333333 | actor_step_ratio=1.0 | actor_step_clipfrac=0.0
[2026-10-10 10:17:57,539][agent.finetune.stage3_support][INFO] - STAGE3_METRICS {"J_disc_train": 1407.6258476870762, "J_disc_train_se": 19.621413319260846, "action_oor_frac": 0.14181041666666666, "adv_raw_mean": 1018.9182168602223, "adv_raw_std": 471.75473780167994, "diagnostics_seconds": 0.1419660480460152, "episode_count": 80, "explained_var": 0.3413659930229187, "explained_var_reason": null, "grad_cos_prev": 0.04315711191290661, "grad_cos_prev_reason": null, "grad_norm": 113.5741434932961, "policy_action_oor_frac": 0.1418375, "proj_active": false, "reward_clip_frac": 0.0, "rollout_seconds": 12.895037679001689, "split_diff_sq": 49028.40431712805, "split_dot": 641.9848291777398, "theta_dist": 0.10988148159662556, "theta_dist_preproj": 0.10988148159662556, "update_norm": 0.05104702465335881, "update_seconds": 42.003301213961095, "x0_sat_frac_last": 0.0241670873296315, "x0_sat_frac_mean": 0.06713505159379139}
[2026-10-10 10:18:12,262][agent.finetune.train_ppo_diffusion_agent][INFO] - approx_kl: 0.0, update_epoch: 0, num_batch: 4
[2026-10-10 10:18:14,008][agent.finetune.train_ppo_diffusion_agent][INFO] - approx_kl: 0.0, update_epoch: 0, num_batch: 4
[2026-10-10 10:18:15,717][agent.finetune.train_ppo_diffusion_agent][INFO] - approx_kl: 0.0, update_epoch: 0, num_batch: 4
[2026-10-10 10:18:17,555][agent.finetune.train_ppo_diffusion_agent][INFO] - approx_kl: 0.0, update_epoch: 0, num_batch: 4
[2026-10-10 10:18:19,179][agent.finetune.train_ppo_diffusion_agent][INFO] - approx_kl: 0.0, update_epoch: 1, num_batch: 4
[2026-10-10 10:18:20,903][agent.finetune.train_ppo_diffusion_agent][INFO] - approx_kl: 0.0, update_epoch: 1, num_batch: 4
[2026-10-10 10:18:22,646][agent.finetune.train_ppo_diffusion_agent][INFO] - approx_kl: 0.0, update_epoch: 1, num_batch: 4
[2026-10-10 10:18:24,482][agent.finetune.train_ppo_diffusion_agent][INFO] - approx_kl: 0.0, update_epoch: 1, num_batch: 4
[2026-10-10 10:18:26,120][agent.finetune.train_ppo_diffusion_agent][INFO] - approx_kl: 0.0, update_epoch: 2, num_batch: 4
[2026-10-10 10:18:27,846][agent.finetune.train_ppo_diffusion_agent][INFO] - approx_kl: 0.0, update_epoch: 2, num_batch: 4
[2026-10-10 10:18:29,591][agent.finetune.train_ppo_diffusion_agent][INFO] - approx_kl: 0.0, update_epoch: 2, num_batch: 4
[2026-10-10 10:18:31,421][agent.finetune.train_ppo_diffusion_agent][INFO] - approx_kl: 0.0, update_epoch: 2, num_batch: 4
[2026-10-10 10:18:33,057][agent.finetune.train_ppo_diffusion_agent][INFO] - approx_kl: 0.0, update_epoch: 3, num_batch: 4
[2026-10-10 10:18:34,784][agent.finetune.train_ppo_diffusion_agent][INFO] - approx_kl: 0.0, update_epoch: 3, num_batch: 4
[2026-10-10 10:18:36,533][agent.finetune.train_ppo_diffusion_agent][INFO] - approx_kl: 0.0, update_epoch: 3, num_batch: 4
[2026-10-10 10:18:38,357][agent.finetune.train_ppo_diffusion_agent][INFO] - approx_kl: 0.0, update_epoch: 3, num_batch: 4
[2026-10-10 10:18:39,988][agent.finetune.train_ppo_diffusion_agent][INFO] - approx_kl: 0.0, update_epoch: 4, num_batch: 4
[2026-10-10 10:18:41,717][agent.finetune.train_ppo_diffusion_agent][INFO] - approx_kl: 0.0, update_epoch: 4, num_batch: 4
[2026-10-10 10:18:43,471][agent.finetune.train_ppo_diffusion_agent][INFO] - approx_kl: 0.0, update_epoch: 4, num_batch: 4
[2026-10-10 10:18:45,291][agent.finetune.train_ppo_diffusion_agent][INFO] - approx_kl: 0.0, update_epoch: 4, num_batch: 4
[2026-10-10 10:18:52,273][agent.finetune.train_ppo_diffusion_agent][INFO] - 3: step   240000 | loss -2598.5581 | pg loss -2598.5791 | value loss   0.0419 | bc loss   0.0000 | reward 3958.9672 | eta   1.0000 | t: 54.7341 | kl_true_per_action=0.002251146630900101 | logratio_p99=0.06873320817947359 | clamp_hit_frac=0.00081875 | actor_step_ratio=1.0 | actor_step_clipfrac=0.0
[2026-10-10 10:18:52,273][agent.finetune.stage3_support][INFO] - STAGE3_METRICS {"J_disc_train": 1402.9758507044153, "J_disc_train_se": 22.400757518853098, "action_oor_frac": 0.14213541666666665, "adv_raw_mean": 1028.008430419894, "adv_raw_std": 476.09141745883363, "diagnostics_seconds": 0.14251191599760205, "episode_count": 80, "explained_var": 0.35976850986480713, "explained_var_reason": null, "grad_cos_prev": -0.10932260531642864, "grad_cos_prev_reason": null, "grad_norm": 122.4232834799429, "policy_action_oor_frac": 0.14215625, "proj_active": false, "reward_clip_frac": 0.0, "rollout_seconds": 12.800946758012287, "split_diff_sq": 53618.72076274475, "split_dot": 1582.7803252464155, "theta_dist": 0.1402010471471962, "theta_dist_preproj": 0.1402010471471962, "update_norm": 0.04210106204912944, "update_seconds": 41.78753114398569, "x0_sat_frac_last": 0.025374999999999998, "x0_sat_frac_mean": 0.06854961303691225}
[2026-10-10 10:19:06,839][agent.finetune.train_ppo_diffusion_agent][INFO] - approx_kl: 0.0, update_epoch: 0, num_batch: 4
[2026-10-10 10:19:08,566][agent.finetune.train_ppo_diffusion_agent][INFO] - approx_kl: 0.0, update_epoch: 0, num_batch: 4
[2026-10-10 10:19:10,296][agent.finetune.train_ppo_diffusion_agent][INFO] - approx_kl: 0.0, update_epoch: 0, num_batch: 4
[2026-10-10 10:19:12,120][agent.finetune.train_ppo_diffusion_agent][INFO] - approx_kl: 0.0, update_epoch: 0, num_batch: 4
[2026-10-10 10:19:13,767][agent.finetune.train_ppo_diffusion_agent][INFO] - approx_kl: 0.0, update_epoch: 1, num_batch: 4
[2026-10-10 10:19:15,465][agent.finetune.train_ppo_diffusion_agent][INFO] - approx_kl: 0.0, update_epoch: 1, num_batch: 4
[2026-10-10 10:19:17,170][agent.finetune.train_ppo_diffusion_agent][INFO] - approx_kl: 0.0, update_epoch: 1, num_batch: 4
[2026-10-10 10:19:19,007][agent.finetune.train_ppo_diffusion_agent][INFO] - approx_kl: 0.0, update_epoch: 1, num_batch: 4
[2026-10-10 10:19:20,645][agent.finetune.train_ppo_diffusion_agent][INFO] - approx_kl: 0.0, update_epoch: 2, num_batch: 4
[2026-10-10 10:19:22,374][agent.finetune.train_ppo_diffusion_agent][INFO] - approx_kl: 0.0, update_epoch: 2, num_batch: 4
[2026-10-10 10:19:24,100][agent.finetune.train_ppo_diffusion_agent][INFO] - approx_kl: 0.0, update_epoch: 2, num_batch: 4
[2026-10-10 10:19:25,929][agent.finetune.train_ppo_diffusion_agent][INFO] - approx_kl: 0.0, update_epoch: 2, num_batch: 4
[2026-10-10 10:19:27,566][agent.finetune.train_ppo_diffusion_agent][INFO] - approx_kl: 0.0, update_epoch: 3, num_batch: 4
[2026-10-10 10:19:29,296][agent.finetune.train_ppo_diffusion_agent][INFO] - approx_kl: 0.0, update_epoch: 3, num_batch: 4
[2026-10-10 10:19:31,045][agent.finetune.train_ppo_diffusion_agent][INFO] - approx_kl: 0.0, update_epoch: 3, num_batch: 4
[2026-10-10 10:19:32,868][agent.finetune.train_ppo_diffusion_agent][INFO] - approx_kl: 0.0, update_epoch: 3, num_batch: 4
[2026-10-10 10:19:34,501][agent.finetune.train_ppo_diffusion_agent][INFO] - approx_kl: 0.0, update_epoch: 4, num_batch: 4
[2026-10-10 10:19:36,230][agent.finetune.train_ppo_diffusion_agent][INFO] - approx_kl: 0.0, update_epoch: 4, num_batch: 4
[2026-10-10 10:19:37,949][agent.finetune.train_ppo_diffusion_agent][INFO] - approx_kl: 0.0, update_epoch: 4, num_batch: 4
[2026-10-10 10:19:39,784][agent.finetune.train_ppo_diffusion_agent][INFO] - approx_kl: 0.0, update_epoch: 4, num_batch: 4
[2026-10-10 10:19:46,741][agent.finetune.train_ppo_diffusion_agent][INFO] - 4: step   320000 | loss -2595.9009 | pg loss -2595.9310 | value loss   0.0604 | bc loss   0.0000 | reward 3948.4790 | eta   1.0000 | t: 54.4678 | kl_true_per_action=0.0016277701137439122 | logratio_p99=0.05785717248916622 | clamp_hit_frac=0.0007729166666666667 | actor_step_ratio=1.0 | actor_step_clipfrac=0.0
[2026-10-10 10:19:46,741][agent.finetune.stage3_support][INFO] - STAGE3_METRICS {"J_disc_train": 1406.2839851988283, "J_disc_train_se": 16.984889795839475, "action_oor_frac": 0.14352916666666668, "adv_raw_mean": 1022.5031594228986, "adv_raw_std": 454.83059578239533, "diagnostics_seconds": 0.13181387004442513, "episode_count": 80, "explained_var": 0.2835348844528198, "explained_var_reason": null, "grad_cos_prev": 0.057284578576728376, "grad_cos_prev_reason": null, "grad_norm": 118.90062529031579, "policy_action_oor_frac": 0.14355416666666668, "proj_active": false, "reward_clip_frac": 0.0, "rollout_seconds": 12.67231543501839, "split_diff_sq": 54537.580574051535, "split_dot": 502.96343647973066, "theta_dist": 0.16578105474921376, "theta_dist_preproj": 0.16578105474921376, "update_norm": 0.036376776544607935, "update_seconds": 41.659955752897076, "x0_sat_frac_last": 0.02748724489795918, "x0_sat_frac_mean": 0.06937014402414506}
[2026-10-10 10:20:01,557][agent.finetune.train_ppo_diffusion_agent][INFO] - approx_kl: 0.0, update_epoch: 0, num_batch: 4
[2026-10-10 10:20:03,359][agent.finetune.train_ppo_diffusion_agent][INFO] - approx_kl: 0.0, update_epoch: 0, num_batch: 4
[2026-10-10 10:20:05,247][agent.finetune.train_ppo_diffusion_agent][INFO] - approx_kl: 0.0, update_epoch: 0, num_batch: 4
[2026-10-10 10:20:06,917][agent.finetune.train_ppo_diffusion_agent][INFO] - approx_kl: 0.0, update_epoch: 0, num_batch: 4
[2026-10-10 10:20:08,699][agent.finetune.train_ppo_diffusion_agent][INFO] - approx_kl: 0.0, update_epoch: 1, num_batch: 4
[2026-10-10 10:20:10,466][agent.finetune.train_ppo_diffusion_agent][INFO] - approx_kl: 0.0, update_epoch: 1, num_batch: 4
[2026-10-10 10:20:12,333][agent.finetune.train_ppo_diffusion_agent][INFO] - approx_kl: 0.0, update_epoch: 1, num_batch: 4
[2026-10-10 10:20:14,001][agent.finetune.train_ppo_diffusion_agent][INFO] - approx_kl: 0.0, update_epoch: 1, num_batch: 4
[2026-10-10 10:20:15,718][agent.finetune.train_ppo_diffusion_agent][INFO] - approx_kl: 0.0, update_epoch: 2, num_batch: 4
[2026-10-10 10:20:17,454][agent.finetune.train_ppo_diffusion_agent][INFO] - approx_kl: 0.0, update_epoch: 2, num_batch: 4
[2026-10-10 10:20:19,270][agent.finetune.train_ppo_diffusion_agent][INFO] - approx_kl: 0.0, update_epoch: 2, num_batch: 4
[2026-10-10 10:20:20,908][agent.finetune.train_ppo_diffusion_agent][INFO] - approx_kl: 0.0, update_epoch: 2, num_batch: 4
[2026-10-10 10:20:22,648][agent.finetune.train_ppo_diffusion_agent][INFO] - approx_kl: 0.0, update_epoch: 3, num_batch: 4
[2026-10-10 10:20:24,391][agent.finetune.train_ppo_diffusion_agent][INFO] - approx_kl: 0.0, update_epoch: 3, num_batch: 4
[2026-10-10 10:20:26,256][agent.finetune.train_ppo_diffusion_agent][INFO] - approx_kl: 0.0, update_epoch: 3, num_batch: 4
[2026-10-10 10:20:27,901][agent.finetune.train_ppo_diffusion_agent][INFO] - approx_kl: 0.0, update_epoch: 3, num_batch: 4
[2026-10-10 10:20:29,641][agent.finetune.train_ppo_diffusion_agent][INFO] - approx_kl: 0.0, update_epoch: 4, num_batch: 4
[2026-10-10 10:20:31,383][agent.finetune.train_ppo_diffusion_agent][INFO] - approx_kl: 0.0, update_epoch: 4, num_batch: 4
[2026-10-10 10:20:33,224][agent.finetune.train_ppo_diffusion_agent][INFO] - approx_kl: 0.0, update_epoch: 4, num_batch: 4
[2026-10-10 10:20:34,878][agent.finetune.train_ppo_diffusion_agent][INFO] - approx_kl: 0.0, update_epoch: 4, num_batch: 4
[2026-10-10 10:20:41,925][agent.finetune.train_ppo_diffusion_agent][INFO] - 5: step   400000 | loss -2643.1016 | pg loss -2643.1360 | value loss   0.0689 | bc loss   0.0000 | reward 4007.0065 | eta   1.0000 | t: 55.1841 | kl_true_per_action=0.0015063027833827768 | logratio_p99=0.05563208818435658 | clamp_hit_frac=0.0007604166666666666 | actor_step_ratio=1.0 | actor_step_clipfrac=0.0
[2026-10-10 10:20:41,926][agent.finetune.stage3_support][INFO] - STAGE3_METRICS {"J_disc_train": 1413.496337429909, "J_disc_train_se": 19.90565115833717, "action_oor_frac": 0.14425416666666666, "adv_raw_mean": 1043.0580610946772, "adv_raw_std": 454.58791880087466, "diagnostics_seconds": 0.13600312813650817, "episode_count": 80, "explained_var": 0.20262938737869263, "explained_var_reason": null, "grad_cos_prev": -0.00042100904230133536, "grad_cos_prev_reason": null, "grad_norm": 114.68930767604346, "policy_action_oor_frac": 0.14428125, "proj_active": false, "reward_clip_frac": 0.0, "rollout_seconds": 12.745162449078634, "split_diff_sq": 57488.29525637071, "split_dot": -1218.43633451736, "theta_dist": 0.18827157694175894, "theta_dist_preproj": 0.18827157694175894, "update_norm": 0.0330922315271462, "update_seconds": 42.1935760298511, "x0_sat_frac_last": 0.02564102564102564, "x0_sat_frac_mean": 0.0701195283084074}
[2026-10-10 10:20:56,739][agent.finetune.train_ppo_diffusion_agent][INFO] - approx_kl: 0.0, update_epoch: 0, num_batch: 4
[2026-10-10 10:20:58,520][agent.finetune.train_ppo_diffusion_agent][INFO] - approx_kl: 0.0, update_epoch: 0, num_batch: 4
[2026-10-10 10:21:00,368][agent.finetune.train_ppo_diffusion_agent][INFO] - approx_kl: 0.0, update_epoch: 0, num_batch: 4
[2026-10-10 10:21:02,026][agent.finetune.train_ppo_diffusion_agent][INFO] - approx_kl: 0.0, update_epoch: 0, num_batch: 4
[2026-10-10 10:21:03,764][agent.finetune.train_ppo_diffusion_agent][INFO] - approx_kl: 0.0, update_epoch: 1, num_batch: 4
[2026-10-10 10:21:05,501][agent.finetune.train_ppo_diffusion_agent][INFO] - approx_kl: 0.0, update_epoch: 1, num_batch: 4
[2026-10-10 10:21:07,351][agent.finetune.train_ppo_diffusion_agent][INFO] - approx_kl: 0.0, update_epoch: 1, num_batch: 4
[2026-10-10 10:21:09,023][agent.finetune.train_ppo_diffusion_agent][INFO] - approx_kl: 0.0, update_epoch: 1, num_batch: 4
[2026-10-10 10:21:10,761][agent.finetune.train_ppo_diffusion_agent][INFO] - approx_kl: 0.0, update_epoch: 2, num_batch: 4
[2026-10-10 10:21:12,515][agent.finetune.train_ppo_diffusion_agent][INFO] - approx_kl: 0.0, update_epoch: 2, num_batch: 4
[2026-10-10 10:21:14,352][agent.finetune.train_ppo_diffusion_agent][INFO] - approx_kl: 0.0, update_epoch: 2, num_batch: 4
[2026-10-10 10:21:15,977][agent.finetune.train_ppo_diffusion_agent][INFO] - approx_kl: 0.0, update_epoch: 2, num_batch: 4
[2026-10-10 10:21:17,722][agent.finetune.train_ppo_diffusion_agent][INFO] - approx_kl: 0.0, update_epoch: 3, num_batch: 4
[2026-10-10 10:21:19,443][agent.finetune.train_ppo_diffusion_agent][INFO] - approx_kl: 0.0, update_epoch: 3, num_batch: 4
[2026-10-10 10:21:21,278][agent.finetune.train_ppo_diffusion_agent][INFO] - approx_kl: 0.0, update_epoch: 3, num_batch: 4
[2026-10-10 10:21:22,928][agent.finetune.train_ppo_diffusion_agent][INFO] - approx_kl: 0.0, update_epoch: 3, num_batch: 4
[2026-10-10 10:21:24,670][agent.finetune.train_ppo_diffusion_agent][INFO] - approx_kl: 0.0, update_epoch: 4, num_batch: 4
[2026-10-10 10:21:26,406][agent.finetune.train_ppo_diffusion_agent][INFO] - approx_kl: 0.0, update_epoch: 4, num_batch: 4
[2026-10-10 10:21:28,246][agent.finetune.train_ppo_diffusion_agent][INFO] - approx_kl: 0.0, update_epoch: 4, num_batch: 4
[2026-10-10 10:21:29,894][agent.finetune.train_ppo_diffusion_agent][INFO] - approx_kl: 0.0, update_epoch: 4, num_batch: 4
[2026-10-10 10:21:36,936][agent.finetune.train_ppo_diffusion_agent][INFO] - 6: step   480000 | loss -2664.9568 | pg loss -2664.9951 | value loss   0.0769 | bc loss   0.0000 | reward 4045.5088 | eta   1.0000 | t: 55.0110 | kl_true_per_action=0.0014390037466356436 | logratio_p99=0.05401277661323542 | clamp_hit_frac=0.0007583333333333333 | actor_step_ratio=1.0 | actor_step_clipfrac=0.0
[2026-10-10 10:21:36,936][agent.finetune.stage3_support][INFO] - STAGE3_METRICS {"J_disc_train": 1431.6093533915341, "J_disc_train_se": 17.131084823999274, "action_oor_frac": 0.1449875, "adv_raw_mean": 1051.286204911015, "adv_raw_std": 460.89126966869327, "diagnostics_seconds": 0.13881991291418672, "episode_count": 80, "explained_var": 0.2579152584075928, "explained_var_reason": null, "grad_cos_prev": 0.02369904886542873, "grad_cos_prev_reason": null, "grad_norm": 113.19409398528188, "policy_action_oor_frac": 0.1450125, "proj_active": false, "reward_clip_frac": 0.0, "rollout_seconds": 12.749682813999243, "split_diff_sq": 50050.151861636536, "split_dot": 300.3651629741847, "theta_dist": 0.20850666440295235, "theta_dist_preproj": 0.20850666440295235, "update_norm": 0.03063538303782536, "update_seconds": 42.11899087904021, "x0_sat_frac_last": 0.024888003982080638, "x0_sat_frac_mean": 0.07022852468034457}
[2026-10-10 10:21:51,693][agent.finetune.train_ppo_diffusion_agent][INFO] - approx_kl: 0.0, update_epoch: 0, num_batch: 4
[2026-10-10 10:21:53,291][agent.finetune.train_ppo_diffusion_agent][INFO] - approx_kl: 0.0, update_epoch: 0, num_batch: 4
[2026-10-10 10:21:55,037][agent.finetune.train_ppo_diffusion_agent][INFO] - approx_kl: 0.0, update_epoch: 0, num_batch: 4
[2026-10-10 10:21:56,612][agent.finetune.train_ppo_diffusion_agent][INFO] - approx_kl: 0.0, update_epoch: 0, num_batch: 4
[2026-10-10 10:21:58,347][agent.finetune.train_ppo_diffusion_agent][INFO] - approx_kl: 0.0, update_epoch: 1, num_batch: 4
[2026-10-10 10:22:00,150][agent.finetune.train_ppo_diffusion_agent][INFO] - approx_kl: 0.0, update_epoch: 1, num_batch: 4
[2026-10-10 10:22:01,761][agent.finetune.train_ppo_diffusion_agent][INFO] - approx_kl: 0.0, update_epoch: 1, num_batch: 4
[2026-10-10 10:22:03,485][agent.finetune.train_ppo_diffusion_agent][INFO] - approx_kl: 0.0, update_epoch: 1, num_batch: 4
[2026-10-10 10:22:05,207][agent.finetune.train_ppo_diffusion_agent][INFO] - approx_kl: 0.0, update_epoch: 2, num_batch: 4
[2026-10-10 10:22:07,035][agent.finetune.train_ppo_diffusion_agent][INFO] - approx_kl: 0.0, update_epoch: 2, num_batch: 4
[2026-10-10 10:22:08,664][agent.finetune.train_ppo_diffusion_agent][INFO] - approx_kl: 0.0, update_epoch: 2, num_batch: 4
[2026-10-10 10:22:10,352][agent.finetune.train_ppo_diffusion_agent][INFO] - approx_kl: 0.0, update_epoch: 2, num_batch: 4
[2026-10-10 10:22:12,036][agent.finetune.train_ppo_diffusion_agent][INFO] - approx_kl: 0.0, update_epoch: 3, num_batch: 4
[2026-10-10 10:22:13,876][agent.finetune.train_ppo_diffusion_agent][INFO] - approx_kl: 0.0, update_epoch: 3, num_batch: 4
[2026-10-10 10:22:15,497][agent.finetune.train_ppo_diffusion_agent][INFO] - approx_kl: 0.0, update_epoch: 3, num_batch: 4
[2026-10-10 10:22:17,213][agent.finetune.train_ppo_diffusion_agent][INFO] - approx_kl: 0.0, update_epoch: 3, num_batch: 4
[2026-10-10 10:22:18,924][agent.finetune.train_ppo_diffusion_agent][INFO] - approx_kl: 0.0, update_epoch: 4, num_batch: 4
[2026-10-10 10:22:20,733][agent.finetune.train_ppo_diffusion_agent][INFO] - approx_kl: 0.0, update_epoch: 4, num_batch: 4
[2026-10-10 10:22:22,374][agent.finetune.train_ppo_diffusion_agent][INFO] - approx_kl: 0.0, update_epoch: 4, num_batch: 4
[2026-10-10 10:22:24,075][agent.finetune.train_ppo_diffusion_agent][INFO] - approx_kl: 0.0, update_epoch: 4, num_batch: 4
[2026-10-10 10:22:30,997][agent.finetune.train_ppo_diffusion_agent][INFO] - 7: step   560000 | loss -2674.5242 | pg loss -2674.5664 | value loss   0.0844 | bc loss   0.0000 | reward 4061.7134 | eta   1.0000 | t: 54.0609 | kl_true_per_action=0.0011124624716715523 | logratio_p99=0.04753651738166801 | clamp_hit_frac=0.00078125 | actor_step_ratio=1.0 | actor_step_clipfrac=0.0
[2026-10-10 10:22:30,997][agent.finetune.stage3_support][INFO] - STAGE3_METRICS {"J_disc_train": 1421.4086618743331, "J_disc_train_se": 14.17594441810186, "action_oor_frac": 0.14566875, "adv_raw_mean": 1061.8075485343713, "adv_raw_std": 444.16644865979634, "diagnostics_seconds": 0.13585890689864755, "episode_count": 80, "explained_var": 0.08264458179473877, "explained_var_reason": null, "grad_cos_prev": -0.00946558367691802, "grad_cos_prev_reason": null, "grad_norm": 112.26657086371866, "policy_action_oor_frac": 0.14570833333333333, "proj_active": false, "reward_clip_frac": 0.0, "rollout_seconds": 12.739143874961883, "split_diff_sq": 49243.477448909165, "split_dot": 292.9130905251008, "theta_dist": 0.2260879668670815, "theta_dist_preproj": 0.2260879668670815, "update_norm": 0.028135078963805665, "update_seconds": 41.182237035012804, "x0_sat_frac_last": 0.025322283609576425, "x0_sat_frac_mean": 0.06974962396769252}
[2026-10-10 10:22:45,459][agent.finetune.train_ppo_diffusion_agent][INFO] - approx_kl: 0.0, update_epoch: 0, num_batch: 4
[2026-10-10 10:22:47,355][agent.finetune.train_ppo_diffusion_agent][INFO] - approx_kl: 0.0, update_epoch: 0, num_batch: 4
[2026-10-10 10:22:48,962][agent.finetune.train_ppo_diffusion_agent][INFO] - approx_kl: 0.0, update_epoch: 0, num_batch: 4
[2026-10-10 10:22:50,706][agent.finetune.train_ppo_diffusion_agent][INFO] - approx_kl: 0.0, update_epoch: 0, num_batch: 4
[2026-10-10 10:22:52,501][agent.finetune.train_ppo_diffusion_agent][INFO] - approx_kl: 0.0, update_epoch: 1, num_batch: 4
[2026-10-10 10:22:54,362][agent.finetune.train_ppo_diffusion_agent][INFO] - approx_kl: 0.0, update_epoch: 1, num_batch: 4
[2026-10-10 10:22:56,004][agent.finetune.train_ppo_diffusion_agent][INFO] - approx_kl: 0.0, update_epoch: 1, num_batch: 4
[2026-10-10 10:22:57,752][agent.finetune.train_ppo_diffusion_agent][INFO] - approx_kl: 0.0, update_epoch: 1, num_batch: 4
[2026-10-10 10:22:59,523][agent.finetune.train_ppo_diffusion_agent][INFO] - approx_kl: 0.0, update_epoch: 2, num_batch: 4
[2026-10-10 10:23:01,384][agent.finetune.train_ppo_diffusion_agent][INFO] - approx_kl: 0.0, update_epoch: 2, num_batch: 4
[2026-10-10 10:23:03,022][agent.finetune.train_ppo_diffusion_agent][INFO] - approx_kl: 0.0, update_epoch: 2, num_batch: 4
[2026-10-10 10:23:04,760][agent.finetune.train_ppo_diffusion_agent][INFO] - approx_kl: 0.0, update_epoch: 2, num_batch: 4
[2026-10-10 10:23:06,476][agent.finetune.train_ppo_diffusion_agent][INFO] - approx_kl: 0.0, update_epoch: 3, num_batch: 4
[2026-10-10 10:23:08,331][agent.finetune.train_ppo_diffusion_agent][INFO] - approx_kl: 0.0, update_epoch: 3, num_batch: 4
[2026-10-10 10:23:09,973][agent.finetune.train_ppo_diffusion_agent][INFO] - approx_kl: 0.0, update_epoch: 3, num_batch: 4
[2026-10-10 10:23:11,722][agent.finetune.train_ppo_diffusion_agent][INFO] - approx_kl: 0.0, update_epoch: 3, num_batch: 4
[2026-10-10 10:23:13,472][agent.finetune.train_ppo_diffusion_agent][INFO] - approx_kl: 0.0, update_epoch: 4, num_batch: 4
[2026-10-10 10:23:15,307][agent.finetune.train_ppo_diffusion_agent][INFO] - approx_kl: 0.0, update_epoch: 4, num_batch: 4
[2026-10-10 10:23:16,948][agent.finetune.train_ppo_diffusion_agent][INFO] - approx_kl: 0.0, update_epoch: 4, num_batch: 4
[2026-10-10 10:23:18,697][agent.finetune.train_ppo_diffusion_agent][INFO] - approx_kl: 0.0, update_epoch: 4, num_batch: 4
[2026-10-10 10:23:25,682][agent.finetune.train_ppo_diffusion_agent][INFO] - 8: step   640000 | loss -2599.6978 | pg loss -2599.7413 | value loss   0.0871 | bc loss   0.0000 | reward 3939.9520 | eta   1.0000 | t: 54.6853 | kl_true_per_action=0.001114658178226334 | logratio_p99=0.04833256959915142 | clamp_hit_frac=0.0007666666666666667 | actor_step_ratio=1.0 | actor_step_clipfrac=0.0
[2026-10-10 10:23:25,683][agent.finetune.stage3_support][INFO] - STAGE3_METRICS {"J_disc_train": 1407.6094095925987, "J_disc_train_se": 20.38820425219255, "action_oor_frac": 0.14291875, "adv_raw_mean": 1018.5674587400146, "adv_raw_std": 474.3980838073161, "diagnostics_seconds": 0.13258431723807007, "episode_count": 80, "explained_var": 0.37940049171447754, "explained_var_reason": null, "grad_cos_prev": 0.009127291716668347, "grad_cos_prev_reason": null, "grad_norm": 112.63971784117915, "policy_action_oor_frac": 0.14295208333333334, "proj_active": false, "reward_clip_frac": 0.0, "rollout_seconds": 12.467593344976194, "split_diff_sq": 49452.0153027622, "split_dot": 324.702183141816, "theta_dist": 0.24227359499368767, "theta_dist_preproj": 0.24227359499368767, "update_norm": 0.0269594028335596, "update_seconds": 42.08169000479393, "x0_sat_frac_last": 0.024385656970912738, "x0_sat_frac_mean": 0.06971837440200616}
[2026-10-10 10:23:40,325][agent.finetune.train_ppo_diffusion_agent][INFO] - approx_kl: 0.0, update_epoch: 0, num_batch: 4
[2026-10-10 10:23:42,219][agent.finetune.train_ppo_diffusion_agent][INFO] - approx_kl: 0.0, update_epoch: 0, num_batch: 4
[2026-10-10 10:23:43,888][agent.finetune.train_ppo_diffusion_agent][INFO] - approx_kl: 0.0, update_epoch: 0, num_batch: 4
[2026-10-10 10:23:45,651][agent.finetune.train_ppo_diffusion_agent][INFO] - approx_kl: 0.0, update_epoch: 0, num_batch: 4
[2026-10-10 10:23:47,408][agent.finetune.train_ppo_diffusion_agent][INFO] - approx_kl: 0.0, update_epoch: 1, num_batch: 4
[2026-10-10 10:23:49,291][agent.finetune.train_ppo_diffusion_agent][INFO] - approx_kl: 0.0, update_epoch: 1, num_batch: 4
[2026-10-10 10:23:50,942][agent.finetune.train_ppo_diffusion_agent][INFO] - approx_kl: 0.0, update_epoch: 1, num_batch: 4
[2026-10-10 10:23:52,703][agent.finetune.train_ppo_diffusion_agent][INFO] - approx_kl: 0.0, update_epoch: 1, num_batch: 4
[2026-10-10 10:23:54,475][agent.finetune.train_ppo_diffusion_agent][INFO] - approx_kl: 0.0, update_epoch: 2, num_batch: 4
[2026-10-10 10:23:56,344][agent.finetune.train_ppo_diffusion_agent][INFO] - approx_kl: 0.0, update_epoch: 2, num_batch: 4
[2026-10-10 10:23:57,999][agent.finetune.train_ppo_diffusion_agent][INFO] - approx_kl: 0.0, update_epoch: 2, num_batch: 4
[2026-10-10 10:23:59,722][agent.finetune.train_ppo_diffusion_agent][INFO] - approx_kl: 0.0, update_epoch: 2, num_batch: 4
[2026-10-10 10:24:01,418][agent.finetune.train_ppo_diffusion_agent][INFO] - approx_kl: 0.0, update_epoch: 3, num_batch: 4
[2026-10-10 10:24:03,238][agent.finetune.train_ppo_diffusion_agent][INFO] - approx_kl: 0.0, update_epoch: 3, num_batch: 4
[2026-10-10 10:24:04,933][agent.finetune.train_ppo_diffusion_agent][INFO] - approx_kl: 0.0, update_epoch: 3, num_batch: 4
[2026-10-10 10:24:06,657][agent.finetune.train_ppo_diffusion_agent][INFO] - approx_kl: 0.0, update_epoch: 3, num_batch: 4
[2026-10-10 10:24:08,382][agent.finetune.train_ppo_diffusion_agent][INFO] - approx_kl: 0.0, update_epoch: 4, num_batch: 4
[2026-10-10 10:24:10,196][agent.finetune.train_ppo_diffusion_agent][INFO] - approx_kl: 0.0, update_epoch: 4, num_batch: 4
[2026-10-10 10:24:11,799][agent.finetune.train_ppo_diffusion_agent][INFO] - approx_kl: 0.0, update_epoch: 4, num_batch: 4
[2026-10-10 10:24:13,506][agent.finetune.train_ppo_diffusion_agent][INFO] - approx_kl: 0.0, update_epoch: 4, num_batch: 4
[2026-10-10 10:24:20,396][agent.finetune.train_ppo_diffusion_agent][INFO] - 9: step   720000 | loss -2589.8784 | pg loss -2589.9215 | value loss   0.0862 | bc loss   0.0000 | reward 3942.8896 | eta   1.0000 | t: 54.7140 | kl_true_per_action=0.0009357934709664029 | logratio_p99=0.044460868835449203 | clamp_hit_frac=0.0007583333333333333 | actor_step_ratio=1.0 | actor_step_clipfrac=0.0
[2026-10-10 10:24:20,397][agent.finetune.stage3_support][INFO] - STAGE3_METRICS {"J_disc_train": 1422.1668307614138, "J_disc_train_se": 17.774749557321133, "action_oor_frac": 0.14119375, "adv_raw_mean": 1013.977794964413, "adv_raw_std": 489.50563971099996, "diagnostics_seconds": 0.12990245991386473, "episode_count": 80, "explained_var": 0.48179686069488525, "explained_var_reason": null, "grad_cos_prev": 0.039144045915859814, "grad_cos_prev_reason": null, "grad_norm": 113.6037838982375, "policy_action_oor_frac": 0.14120625, "proj_active": false, "reward_clip_frac": 0.0, "rollout_seconds": 12.63820368598681, "split_diff_sq": 55271.202942368036, "split_dot": -911.9818047928436, "theta_dist": 0.2572410471126198, "theta_dist_preproj": 0.2572410471126198, "update_norm": 0.02533253212706997, "update_seconds": 41.94230299408082, "x0_sat_frac_last": 0.025079285595059255, "x0_sat_frac_mean": 0.0698897398404935}
[2026-10-10 10:24:32,962][agent.finetune.train_ppo_diffusion_agent][INFO] - eval: success rate   1.0000 | avg episode reward 4237.1457 | avg best reward   6.4993
[2026-10-10 10:24:32,963][agent.finetune.stage3_support][INFO] - STAGE3_METRICS {"J_disc_eval": 1503.7261734012104, "J_disc_eval_se": 22.771020441327508, "action_oor_frac": 0.0, "diagnostics_seconds": 0.006087415968067944, "episode_count": 80, "policy_action_oor_frac": 0.0, "rollout_seconds": 12.556614898028784, "update_seconds": 0.0}
[2026-10-10 10:24:47,565][agent.finetune.train_ppo_diffusion_agent][INFO] - approx_kl: 0.0, update_epoch: 0, num_batch: 4
[2026-10-10 10:24:49,346][agent.finetune.train_ppo_diffusion_agent][INFO] - approx_kl: 0.0, update_epoch: 0, num_batch: 4
[2026-10-10 10:24:50,949][agent.finetune.train_ppo_diffusion_agent][INFO] - approx_kl: 0.0, update_epoch: 0, num_batch: 4
[2026-10-10 10:24:52,701][agent.finetune.train_ppo_diffusion_agent][INFO] - approx_kl: 0.0, update_epoch: 0, num_batch: 4
[2026-10-10 10:24:54,427][agent.finetune.train_ppo_diffusion_agent][INFO] - approx_kl: 0.0, update_epoch: 1, num_batch: 4
[2026-10-10 10:24:56,253][agent.finetune.train_ppo_diffusion_agent][INFO] - approx_kl: 0.0, update_epoch: 1, num_batch: 4
[2026-10-10 10:24:57,881][agent.finetune.train_ppo_diffusion_agent][INFO] - approx_kl: 0.0, update_epoch: 1, num_batch: 4
[2026-10-10 10:24:59,608][agent.finetune.train_ppo_diffusion_agent][INFO] - approx_kl: 0.0, update_epoch: 1, num_batch: 4
[2026-10-10 10:25:01,310][agent.finetune.train_ppo_diffusion_agent][INFO] - approx_kl: 0.0, update_epoch: 2, num_batch: 4
[2026-10-10 10:25:03,127][agent.finetune.train_ppo_diffusion_agent][INFO] - approx_kl: 0.0, update_epoch: 2, num_batch: 4
[2026-10-10 10:25:04,754][agent.finetune.train_ppo_diffusion_agent][INFO] - approx_kl: 0.0, update_epoch: 2, num_batch: 4
[2026-10-10 10:25:06,452][agent.finetune.train_ppo_diffusion_agent][INFO] - approx_kl: 0.0, update_epoch: 2, num_batch: 4
[2026-10-10 10:25:08,196][agent.finetune.train_ppo_diffusion_agent][INFO] - approx_kl: 0.0, update_epoch: 3, num_batch: 4
[2026-10-10 10:25:10,026][agent.finetune.train_ppo_diffusion_agent][INFO] - approx_kl: 0.0, update_epoch: 3, num_batch: 4
[2026-10-10 10:25:11,673][agent.finetune.train_ppo_diffusion_agent][INFO] - approx_kl: 0.0, update_epoch: 3, num_batch: 4
[2026-10-10 10:25:13,420][agent.finetune.train_ppo_diffusion_agent][INFO] - approx_kl: 0.0, update_epoch: 3, num_batch: 4
[2026-10-10 10:25:15,144][agent.finetune.train_ppo_diffusion_agent][INFO] - approx_kl: 0.0, update_epoch: 4, num_batch: 4
[2026-10-10 10:25:16,978][agent.finetune.train_ppo_diffusion_agent][INFO] - approx_kl: 0.0, update_epoch: 4, num_batch: 4
[2026-10-10 10:25:18,608][agent.finetune.train_ppo_diffusion_agent][INFO] - approx_kl: 0.0, update_epoch: 4, num_batch: 4
[2026-10-10 10:25:20,307][agent.finetune.train_ppo_diffusion_agent][INFO] - approx_kl: 0.0, update_epoch: 4, num_batch: 4
[2026-10-10 10:25:27,224][agent.finetune.train_ppo_diffusion_agent][INFO] - 11: step   800000 | loss -2570.6733 | pg loss -2570.7202 | value loss   0.0937 | bc loss   0.0000 | reward 3905.3986 | eta   1.0000 | t: 54.2616 | kl_true_per_action=0.0009628937674518705 | logratio_p99=0.043950667381286564 | clamp_hit_frac=0.0007041666666666666 | actor_step_ratio=1.0 | actor_step_clipfrac=0.0
[2026-10-10 10:25:27,224][agent.finetune.stage3_support][INFO] - STAGE3_METRICS {"J_disc_train": 1402.3285166953026, "J_disc_train_se": 18.978069064622865, "action_oor_frac": 0.1411125, "adv_raw_mean": 1006.8373628324006, "adv_raw_std": 482.0302237093453, "diagnostics_seconds": 0.12775129498913884, "episode_count": 80, "explained_var": 0.4976508617401123, "explained_var_reason": null, "grad_cos_prev": 0.040806757163700545, "grad_cos_prev_reason": null, "grad_norm": 108.79234983682142, "policy_action_oor_frac": 0.14112916666666667, "proj_active": false, "reward_clip_frac": 0.0, "rollout_seconds": 12.616167406900786, "split_diff_sq": 55108.774423997995, "split_dot": -1941.418360107618, "theta_dist": 0.2713706381722933, "theta_dist_preproj": 0.2713706381722933, "update_norm": 0.024286388017865274, "update_seconds": 41.514263497898355, "x0_sat_frac_last": 0.024351715082881996, "x0_sat_frac_mean": 0.06971942196827186}
[2026-10-10 10:25:41,803][agent.finetune.train_ppo_diffusion_agent][INFO] - approx_kl: 0.0, update_epoch: 0, num_batch: 4
[2026-10-10 10:25:43,379][agent.finetune.train_ppo_diffusion_agent][INFO] - approx_kl: 0.0, update_epoch: 0, num_batch: 4
[2026-10-10 10:25:45,089][agent.finetune.train_ppo_diffusion_agent][INFO] - approx_kl: 0.0, update_epoch: 0, num_batch: 4
[2026-10-10 10:25:46,817][agent.finetune.train_ppo_diffusion_agent][INFO] - approx_kl: 0.0, update_epoch: 0, num_batch: 4
[2026-10-10 10:25:48,628][agent.finetune.train_ppo_diffusion_agent][INFO] - approx_kl: 0.0, update_epoch: 1, num_batch: 4
[2026-10-10 10:25:50,263][agent.finetune.train_ppo_diffusion_agent][INFO] - approx_kl: 0.0, update_epoch: 1, num_batch: 4
[2026-10-10 10:25:51,979][agent.finetune.train_ppo_diffusion_agent][INFO] - approx_kl: 0.0, update_epoch: 1, num_batch: 4
[2026-10-10 10:25:53,687][agent.finetune.train_ppo_diffusion_agent][INFO] - approx_kl: 0.0, update_epoch: 1, num_batch: 4
[2026-10-10 10:25:55,508][agent.finetune.train_ppo_diffusion_agent][INFO] - approx_kl: 0.0, update_epoch: 2, num_batch: 4
[2026-10-10 10:25:57,126][agent.finetune.train_ppo_diffusion_agent][INFO] - approx_kl: 0.0, update_epoch: 2, num_batch: 4
[2026-10-10 10:25:58,807][agent.finetune.train_ppo_diffusion_agent][INFO] - approx_kl: 0.0, update_epoch: 2, num_batch: 4
[2026-10-10 10:26:00,502][agent.finetune.train_ppo_diffusion_agent][INFO] - approx_kl: 0.0, update_epoch: 2, num_batch: 4
[2026-10-10 10:26:02,289][agent.finetune.train_ppo_diffusion_agent][INFO] - approx_kl: 0.0, update_epoch: 3, num_batch: 4
[2026-10-10 10:26:03,884][agent.finetune.train_ppo_diffusion_agent][INFO] - approx_kl: 0.0, update_epoch: 3, num_batch: 4
[2026-10-10 10:26:05,566][agent.finetune.train_ppo_diffusion_agent][INFO] - approx_kl: 0.0, update_epoch: 3, num_batch: 4
[2026-10-10 10:26:07,266][agent.finetune.train_ppo_diffusion_agent][INFO] - approx_kl: 0.0, update_epoch: 3, num_batch: 4
[2026-10-10 10:26:09,078][agent.finetune.train_ppo_diffusion_agent][INFO] - approx_kl: 0.0, update_epoch: 4, num_batch: 4
[2026-10-10 10:26:10,697][agent.finetune.train_ppo_diffusion_agent][INFO] - approx_kl: 0.0, update_epoch: 4, num_batch: 4
[2026-10-10 10:26:12,415][agent.finetune.train_ppo_diffusion_agent][INFO] - approx_kl: 0.0, update_epoch: 4, num_batch: 4
[2026-10-10 10:26:14,136][agent.finetune.train_ppo_diffusion_agent][INFO] - approx_kl: 0.0, update_epoch: 4, num_batch: 4
[2026-10-10 10:26:21,025][agent.finetune.train_ppo_diffusion_agent][INFO] - 12: step   880000 | loss -2549.9089 | pg loss -2549.9578 | value loss   0.0976 | bc loss   0.0000 | reward 3889.4793 | eta   1.0000 | t: 53.8013 | kl_true_per_action=0.0007606671995979021 | logratio_p99=0.03797157406806939 | clamp_hit_frac=0.0008020833333333334 | actor_step_ratio=1.0 | actor_step_clipfrac=0.0
[2026-10-10 10:26:21,026][agent.finetune.stage3_support][INFO] - STAGE3_METRICS {"J_disc_train": 1382.5396128919188, "J_disc_train_se": 26.666581037465043, "action_oor_frac": 0.1408625, "adv_raw_mean": 1008.3060202513468, "adv_raw_std": 478.49542806101175, "diagnostics_seconds": 0.15326475794427097, "episode_count": 80, "explained_var": 0.47949427366256714, "explained_var_reason": null, "grad_cos_prev": -0.06292034486376255, "grad_cos_prev_reason": null, "grad_norm": 124.14081425139507, "policy_action_oor_frac": 0.14089166666666667, "proj_active": false, "reward_clip_frac": 0.0, "rollout_seconds": 12.497647244017571, "split_diff_sq": 52551.10717746811, "split_dot": 2273.165176010136, "theta_dist": 0.2847630913170229, "theta_dist_preproj": 0.2847630913170229, "update_norm": 0.02335089356055975, "update_seconds": 41.147341973963194, "x0_sat_frac_last": 0.023636991028295376, "x0_sat_frac_mean": 0.06961358345261691}
[2026-10-10 10:26:35,919][agent.finetune.train_ppo_diffusion_agent][INFO] - approx_kl: 0.0, update_epoch: 0, num_batch: 4
[2026-10-10 10:26:37,525][agent.finetune.train_ppo_diffusion_agent][INFO] - approx_kl: 0.0, update_epoch: 0, num_batch: 4
[2026-10-10 10:26:39,283][agent.finetune.train_ppo_diffusion_agent][INFO] - approx_kl: 0.0, update_epoch: 0, num_batch: 4
[2026-10-10 10:26:40,985][agent.finetune.train_ppo_diffusion_agent][INFO] - approx_kl: 0.0, update_epoch: 0, num_batch: 4
[2026-10-10 10:26:42,841][agent.finetune.train_ppo_diffusion_agent][INFO] - approx_kl: 0.0, update_epoch: 1, num_batch: 4
[2026-10-10 10:26:44,531][agent.finetune.train_ppo_diffusion_agent][INFO] - approx_kl: 0.0, update_epoch: 1, num_batch: 4
[2026-10-10 10:26:46,254][agent.finetune.train_ppo_diffusion_agent][INFO] - approx_kl: 0.0, update_epoch: 1, num_batch: 4
[2026-10-10 10:26:47,951][agent.finetune.train_ppo_diffusion_agent][INFO] - approx_kl: 0.0, update_epoch: 1, num_batch: 4
[2026-10-10 10:26:49,749][agent.finetune.train_ppo_diffusion_agent][INFO] - approx_kl: 0.0, update_epoch: 2, num_batch: 4
[2026-10-10 10:26:51,350][agent.finetune.train_ppo_diffusion_agent][INFO] - approx_kl: 0.0, update_epoch: 2, num_batch: 4
[2026-10-10 10:26:53,050][agent.finetune.train_ppo_diffusion_agent][INFO] - approx_kl: 0.0, update_epoch: 2, num_batch: 4
[2026-10-10 10:26:54,765][agent.finetune.train_ppo_diffusion_agent][INFO] - approx_kl: 0.0, update_epoch: 2, num_batch: 4
[2026-10-10 10:26:56,562][agent.finetune.train_ppo_diffusion_agent][INFO] - approx_kl: 0.0, update_epoch: 3, num_batch: 4
[2026-10-10 10:26:58,188][agent.finetune.train_ppo_diffusion_agent][INFO] - approx_kl: 0.0, update_epoch: 3, num_batch: 4
[2026-10-10 10:26:59,906][agent.finetune.train_ppo_diffusion_agent][INFO] - approx_kl: 0.0, update_epoch: 3, num_batch: 4
[2026-10-10 10:27:01,602][agent.finetune.train_ppo_diffusion_agent][INFO] - approx_kl: 0.0, update_epoch: 3, num_batch: 4
[2026-10-10 10:27:03,408][agent.finetune.train_ppo_diffusion_agent][INFO] - approx_kl: 0.0, update_epoch: 4, num_batch: 4
[2026-10-10 10:27:05,006][agent.finetune.train_ppo_diffusion_agent][INFO] - approx_kl: 0.0, update_epoch: 4, num_batch: 4
[2026-10-10 10:27:06,692][agent.finetune.train_ppo_diffusion_agent][INFO] - approx_kl: 0.0, update_epoch: 4, num_batch: 4
[2026-10-10 10:27:08,392][agent.finetune.train_ppo_diffusion_agent][INFO] - approx_kl: 0.0, update_epoch: 4, num_batch: 4
[2026-10-10 10:27:15,291][agent.finetune.train_ppo_diffusion_agent][INFO] - 13: step   960000 | loss -2694.1528 | pg loss -2694.2034 | value loss   0.1012 | bc loss   0.0000 | reward 4071.2460 | eta   1.0000 | t: 54.2660 | kl_true_per_action=0.0007113106927943121 | logratio_p99=0.03885091423988321 | clamp_hit_frac=0.000775 | actor_step_ratio=1.0 | actor_step_clipfrac=0.0
[2026-10-10 10:27:15,292][agent.finetune.stage3_support][INFO] - STAGE3_METRICS {"J_disc_train": 1438.1958151471142, "J_disc_train_se": 16.862179551812574, "action_oor_frac": 0.14447291666666667, "adv_raw_mean": 1058.9728542126863, "adv_raw_std": 477.18627613823844, "diagnostics_seconds": 0.1268019088311121, "episode_count": 80, "explained_var": 0.39596933126449585, "explained_var_reason": null, "grad_cos_prev": 0.07712549957147312, "grad_cos_prev_reason": null, "grad_norm": 116.50321682099931, "policy_action_oor_frac": 0.14450208333333334, "proj_active": false, "reward_clip_frac": 0.0, "rollout_seconds": 12.762350687058643, "split_diff_sq": 59451.521118101286, "split_dot": -1289.8806645544287, "theta_dist": 0.29740089820389953, "theta_dist_preproj": 0.29740089820389953, "update_norm": 0.022744851974605136, "update_seconds": 41.373462159070186, "x0_sat_frac_last": 0.024360277918996778, "x0_sat_frac_mean": 0.0722333948660678}
[2026-10-10 10:27:29,919][agent.finetune.train_ppo_diffusion_agent][INFO] - approx_kl: 0.0, update_epoch: 0, num_batch: 4
[2026-10-10 10:27:31,553][agent.finetune.train_ppo_diffusion_agent][INFO] - approx_kl: 0.0, update_epoch: 0, num_batch: 4
[2026-10-10 10:27:33,293][agent.finetune.train_ppo_diffusion_agent][INFO] - approx_kl: 0.0, update_epoch: 0, num_batch: 4
[2026-10-10 10:27:35,123][agent.finetune.train_ppo_diffusion_agent][INFO] - approx_kl: 0.0, update_epoch: 0, num_batch: 4
[2026-10-10 10:27:36,756][agent.finetune.train_ppo_diffusion_agent][INFO] - approx_kl: 0.0, update_epoch: 1, num_batch: 4
[2026-10-10 10:27:38,480][agent.finetune.train_ppo_diffusion_agent][INFO] - approx_kl: 0.0, update_epoch: 1, num_batch: 4
[2026-10-10 10:27:40,206][agent.finetune.train_ppo_diffusion_agent][INFO] - approx_kl: 0.0, update_epoch: 1, num_batch: 4
[2026-10-10 10:27:42,035][agent.finetune.train_ppo_diffusion_agent][INFO] - approx_kl: 0.0, update_epoch: 1, num_batch: 4
[2026-10-10 10:27:43,692][agent.finetune.train_ppo_diffusion_agent][INFO] - approx_kl: 0.0, update_epoch: 2, num_batch: 4
[2026-10-10 10:27:45,418][agent.finetune.train_ppo_diffusion_agent][INFO] - approx_kl: 0.0, update_epoch: 2, num_batch: 4
[2026-10-10 10:27:47,119][agent.finetune.train_ppo_diffusion_agent][INFO] - approx_kl: 0.0, update_epoch: 2, num_batch: 4
[2026-10-10 10:27:48,926][agent.finetune.train_ppo_diffusion_agent][INFO] - approx_kl: 0.0, update_epoch: 2, num_batch: 4
[2026-10-10 10:27:50,551][agent.finetune.train_ppo_diffusion_agent][INFO] - approx_kl: 0.0, update_epoch: 3, num_batch: 4
[2026-10-10 10:27:52,277][agent.finetune.train_ppo_diffusion_agent][INFO] - approx_kl: 0.0, update_epoch: 3, num_batch: 4
[2026-10-10 10:27:53,999][agent.finetune.train_ppo_diffusion_agent][INFO] - approx_kl: 0.0, update_epoch: 3, num_batch: 4
[2026-10-10 10:27:55,814][agent.finetune.train_ppo_diffusion_agent][INFO] - approx_kl: 0.0, update_epoch: 3, num_batch: 4
[2026-10-10 10:27:57,447][agent.finetune.train_ppo_diffusion_agent][INFO] - approx_kl: 0.0, update_epoch: 4, num_batch: 4
[2026-10-10 10:27:59,177][agent.finetune.train_ppo_diffusion_agent][INFO] - approx_kl: 0.0, update_epoch: 4, num_batch: 4
[2026-10-10 10:28:00,884][agent.finetune.train_ppo_diffusion_agent][INFO] - approx_kl: 0.0, update_epoch: 4, num_batch: 4
[2026-10-10 10:28:02,701][agent.finetune.train_ppo_diffusion_agent][INFO] - approx_kl: 0.0, update_epoch: 4, num_batch: 4
[2026-10-10 10:28:09,695][agent.finetune.train_ppo_diffusion_agent][INFO] - 14: step  1040000 | loss -2517.7039 | pg loss -2517.7571 | value loss   0.1066 | bc loss   0.0000 | reward 3846.7585 | eta   1.0000 | t: 54.4032 | kl_true_per_action=0.0005992639988847965 | logratio_p99=0.03555384755134578 | clamp_hit_frac=0.0007666666666666667 | actor_step_ratio=1.0 | actor_step_clipfrac=0.0
[2026-10-10 10:28:09,695][agent.finetune.stage3_support][INFO] - STAGE3_METRICS {"J_disc_train": 1370.8724503932117, "J_disc_train_se": 28.093043145316628, "action_oor_frac": 0.13967708333333334, "adv_raw_mean": 995.8379206220038, "adv_raw_std": 490.54999279278326, "diagnostics_seconds": 0.12986103794537485, "episode_count": 80, "explained_var": 0.5673804581165314, "explained_var_reason": null, "grad_cos_prev": -0.0332358840363558, "grad_cos_prev_reason": null, "grad_norm": 110.23677714967188, "policy_action_oor_frac": 0.13968125, "proj_active": false, "reward_clip_frac": 0.0, "rollout_seconds": 12.54841883899644, "split_diff_sq": 50175.19842650488, "split_dot": -391.6526778022484, "theta_dist": 0.30918604601838956, "theta_dist_preproj": 0.30918604601838956, "update_norm": 0.02193733387959962, "update_seconds": 41.72127089998685, "x0_sat_frac_last": 0.024093667979002625, "x0_sat_frac_mean": 0.07126846211392247}
[2026-10-10 10:28:24,612][agent.finetune.train_ppo_diffusion_agent][INFO] - approx_kl: 0.0, update_epoch: 0, num_batch: 4
[2026-10-10 10:28:26,591][agent.finetune.train_ppo_diffusion_agent][INFO] - approx_kl: 0.0, update_epoch: 0, num_batch: 4
[2026-10-10 10:28:28,495][agent.finetune.train_ppo_diffusion_agent][INFO] - approx_kl: 0.0, update_epoch: 0, num_batch: 4
[2026-10-10 10:28:30,651][agent.finetune.train_ppo_diffusion_agent][INFO] - approx_kl: 0.0, update_epoch: 0, num_batch: 4
[2026-10-10 10:28:32,448][agent.finetune.train_ppo_diffusion_agent][INFO] - approx_kl: 0.0, update_epoch: 1, num_batch: 4
[2026-10-10 10:28:34,351][agent.finetune.train_ppo_diffusion_agent][INFO] - approx_kl: 0.0, update_epoch: 1, num_batch: 4
[2026-10-10 10:28:36,257][agent.finetune.train_ppo_diffusion_agent][INFO] - approx_kl: 0.0, update_epoch: 1, num_batch: 4
[2026-10-10 10:28:38,312][agent.finetune.train_ppo_diffusion_agent][INFO] - approx_kl: 0.0, update_epoch: 1, num_batch: 4
[2026-10-10 10:28:40,080][agent.finetune.train_ppo_diffusion_agent][INFO] - approx_kl: 0.0, update_epoch: 2, num_batch: 4
[2026-10-10 10:28:41,986][agent.finetune.train_ppo_diffusion_agent][INFO] - approx_kl: 0.0, update_epoch: 2, num_batch: 4
[2026-10-10 10:28:43,914][agent.finetune.train_ppo_diffusion_agent][INFO] - approx_kl: 0.0, update_epoch: 2, num_batch: 4
[2026-10-10 10:28:45,961][agent.finetune.train_ppo_diffusion_agent][INFO] - approx_kl: 0.0, update_epoch: 2, num_batch: 4
[2026-10-10 10:28:47,726][agent.finetune.train_ppo_diffusion_agent][INFO] - approx_kl: 0.0, update_epoch: 3, num_batch: 4
[2026-10-10 10:28:49,631][agent.finetune.train_ppo_diffusion_agent][INFO] - approx_kl: 0.0, update_epoch: 3, num_batch: 4
[2026-10-10 10:28:51,500][agent.finetune.train_ppo_diffusion_agent][INFO] - approx_kl: 0.0, update_epoch: 3, num_batch: 4
[2026-10-10 10:28:53,582][agent.finetune.train_ppo_diffusion_agent][INFO] - approx_kl: 0.0, update_epoch: 3, num_batch: 4
[2026-10-10 10:28:55,345][agent.finetune.train_ppo_diffusion_agent][INFO] - approx_kl: 0.0, update_epoch: 4, num_batch: 4
[2026-10-10 10:28:57,223][agent.finetune.train_ppo_diffusion_agent][INFO] - approx_kl: 0.0, update_epoch: 4, num_batch: 4
[2026-10-10 10:28:59,096][agent.finetune.train_ppo_diffusion_agent][INFO] - approx_kl: 0.0, update_epoch: 4, num_batch: 4
[2026-10-10 10:29:01,157][agent.finetune.train_ppo_diffusion_agent][INFO] - approx_kl: 0.0, update_epoch: 4, num_batch: 4
[2026-10-10 10:29:08,858][agent.finetune.train_ppo_diffusion_agent][INFO] - 15: step  1120000 | loss -2597.7207 | pg loss -2597.7740 | value loss   0.1065 | bc loss   0.0000 | reward 3962.9378 | eta   1.0000 | t: 59.1636 | kl_true_per_action=0.00049375446970223 | logratio_p99=0.03206492185592651 | clamp_hit_frac=0.00075625 | actor_step_ratio=1.0 | actor_step_clipfrac=0.0
[2026-10-10 10:29:08,858][agent.finetune.stage3_support][INFO] - STAGE3_METRICS {"J_disc_train": 1414.7081115051092, "J_disc_train_se": 24.600792782163943, "action_oor_frac": 0.14362916666666667, "adv_raw_mean": 1024.9507142871762, "adv_raw_std": 486.4778626967067, "diagnostics_seconds": 0.14759695914108306, "episode_count": 80, "explained_var": 0.578558474779129, "explained_var_reason": null, "grad_cos_prev": -0.0020163989708659926, "grad_cos_prev_reason": null, "grad_norm": 113.25355517306676, "policy_action_oor_frac": 0.14365416666666667, "proj_active": false, "reward_clip_frac": 0.0, "rollout_seconds": 12.763505403068848, "split_diff_sq": 52455.62374158569, "split_dot": -287.5383072294054, "theta_dist": 0.3201011867254558, "theta_dist_preproj": 0.3201011867254558, "update_norm": 0.021156583426148387, "update_seconds": 46.24915891280398, "x0_sat_frac_last": 0.026126126126126126, "x0_sat_frac_mean": 0.07427061588456262}
[2026-10-10 10:29:23,610][agent.finetune.train_ppo_diffusion_agent][INFO] - approx_kl: 0.0, update_epoch: 0, num_batch: 4
[2026-10-10 10:29:25,580][agent.finetune.train_ppo_diffusion_agent][INFO] - approx_kl: 0.0, update_epoch: 0, num_batch: 4
[2026-10-10 10:29:27,517][agent.finetune.train_ppo_diffusion_agent][INFO] - approx_kl: 0.0, update_epoch: 0, num_batch: 4
[2026-10-10 10:29:29,584][agent.finetune.train_ppo_diffusion_agent][INFO] - approx_kl: 0.0, update_epoch: 0, num_batch: 4
[2026-10-10 10:29:31,352][agent.finetune.train_ppo_diffusion_agent][INFO] - approx_kl: 0.0, update_epoch: 1, num_batch: 4
[2026-10-10 10:29:33,287][agent.finetune.train_ppo_diffusion_agent][INFO] - approx_kl: 0.0, update_epoch: 1, num_batch: 4
[2026-10-10 10:29:35,195][agent.finetune.train_ppo_diffusion_agent][INFO] - approx_kl: 0.0, update_epoch: 1, num_batch: 4
[2026-10-10 10:29:37,246][agent.finetune.train_ppo_diffusion_agent][INFO] - approx_kl: 0.0, update_epoch: 1, num_batch: 4
[2026-10-10 10:29:39,016][agent.finetune.train_ppo_diffusion_agent][INFO] - approx_kl: 0.0, update_epoch: 2, num_batch: 4
[2026-10-10 10:29:40,931][agent.finetune.train_ppo_diffusion_agent][INFO] - approx_kl: 0.0, update_epoch: 2, num_batch: 4
[2026-10-10 10:29:42,834][agent.finetune.train_ppo_diffusion_agent][INFO] - approx_kl: 0.0, update_epoch: 2, num_batch: 4
[2026-10-10 10:29:44,902][agent.finetune.train_ppo_diffusion_agent][INFO] - approx_kl: 0.0, update_epoch: 2, num_batch: 4
[2026-10-10 10:29:46,657][agent.finetune.train_ppo_diffusion_agent][INFO] - approx_kl: 0.0, update_epoch: 3, num_batch: 4
[2026-10-10 10:29:48,548][agent.finetune.train_ppo_diffusion_agent][INFO] - approx_kl: 0.0, update_epoch: 3, num_batch: 4
[2026-10-10 10:29:50,458][agent.finetune.train_ppo_diffusion_agent][INFO] - approx_kl: 0.0, update_epoch: 3, num_batch: 4
[2026-10-10 10:29:52,525][agent.finetune.train_ppo_diffusion_agent][INFO] - approx_kl: 0.0, update_epoch: 3, num_batch: 4
[2026-10-10 10:29:54,290][agent.finetune.train_ppo_diffusion_agent][INFO] - approx_kl: 0.0, update_epoch: 4, num_batch: 4
[2026-10-10 10:29:56,188][agent.finetune.train_ppo_diffusion_agent][INFO] - approx_kl: 0.0, update_epoch: 4, num_batch: 4
[2026-10-10 10:29:58,091][agent.finetune.train_ppo_diffusion_agent][INFO] - approx_kl: 0.0, update_epoch: 4, num_batch: 4
[2026-10-10 10:30:00,147][agent.finetune.train_ppo_diffusion_agent][INFO] - approx_kl: 0.0, update_epoch: 4, num_batch: 4
[2026-10-10 10:30:07,814][agent.finetune.train_ppo_diffusion_agent][INFO] - 16: step  1200000 | loss -2541.4304 | pg loss -2541.4832 | value loss   0.1053 | bc loss   0.0000 | reward 3875.8011 | eta   1.0000 | t: 58.9558 | kl_true_per_action=0.0004198627467205286 | logratio_p99=0.029586905241012554 | clamp_hit_frac=0.0007916666666666666 | actor_step_ratio=1.0 | actor_step_clipfrac=0.0
[2026-10-10 10:30:07,814][agent.finetune.stage3_support][INFO] - STAGE3_METRICS {"J_disc_train": 1393.461367371467, "J_disc_train_se": 27.107957215589323, "action_oor_frac": 0.13988333333333333, "adv_raw_mean": 998.5097539232543, "adv_raw_std": 497.52279897423887, "diagnostics_seconds": 0.13501216901931912, "episode_count": 80, "explained_var": 0.5645561218261719, "explained_var_reason": null, "grad_cos_prev": 0.023724110929554468, "grad_cos_prev_reason": null, "grad_norm": 117.37276798072018, "policy_action_oor_frac": 0.1399, "proj_active": false, "reward_clip_frac": 0.0, "rollout_seconds": 12.692049584933557, "split_diff_sq": 54428.37667215614, "split_dot": 169.27234017550046, "theta_dist": 0.3306205635500219, "theta_dist_preproj": 0.3306205635500219, "update_norm": 0.020747422002530394, "update_seconds": 46.12530318496283, "x0_sat_frac_last": 0.023860220440881767, "x0_sat_frac_mean": 0.07151543970187056}
[2026-10-10 10:30:22,711][agent.finetune.train_ppo_diffusion_agent][INFO] - approx_kl: 0.0, update_epoch: 0, num_batch: 4
[2026-10-10 10:30:24,655][agent.finetune.train_ppo_diffusion_agent][INFO] - approx_kl: 0.0, update_epoch: 0, num_batch: 4
[2026-10-10 10:30:26,565][agent.finetune.train_ppo_diffusion_agent][INFO] - approx_kl: 0.0, update_epoch: 0, num_batch: 4
[2026-10-10 10:30:28,658][agent.finetune.train_ppo_diffusion_agent][INFO] - approx_kl: 0.0, update_epoch: 0, num_batch: 4
[2026-10-10 10:30:30,421][agent.finetune.train_ppo_diffusion_agent][INFO] - approx_kl: 0.0, update_epoch: 1, num_batch: 4
[2026-10-10 10:30:32,330][agent.finetune.train_ppo_diffusion_agent][INFO] - approx_kl: 0.0, update_epoch: 1, num_batch: 4
[2026-10-10 10:30:34,265][agent.finetune.train_ppo_diffusion_agent][INFO] - approx_kl: 0.0, update_epoch: 1, num_batch: 4
[2026-10-10 10:30:36,325][agent.finetune.train_ppo_diffusion_agent][INFO] - approx_kl: 0.0, update_epoch: 1, num_batch: 4
[2026-10-10 10:30:38,088][agent.finetune.train_ppo_diffusion_agent][INFO] - approx_kl: 0.0, update_epoch: 2, num_batch: 4
[2026-10-10 10:30:39,975][agent.finetune.train_ppo_diffusion_agent][INFO] - approx_kl: 0.0, update_epoch: 2, num_batch: 4
[2026-10-10 10:30:41,879][agent.finetune.train_ppo_diffusion_agent][INFO] - approx_kl: 0.0, update_epoch: 2, num_batch: 4
[2026-10-10 10:30:43,945][agent.finetune.train_ppo_diffusion_agent][INFO] - approx_kl: 0.0, update_epoch: 2, num_batch: 4
[2026-10-10 10:30:45,710][agent.finetune.train_ppo_diffusion_agent][INFO] - approx_kl: 0.0, update_epoch: 3, num_batch: 4
[2026-10-10 10:30:47,564][agent.finetune.train_ppo_diffusion_agent][INFO] - approx_kl: 0.0, update_epoch: 3, num_batch: 4
[2026-10-10 10:30:49,463][agent.finetune.train_ppo_diffusion_agent][INFO] - approx_kl: 0.0, update_epoch: 3, num_batch: 4
[2026-10-10 10:30:51,511][agent.finetune.train_ppo_diffusion_agent][INFO] - approx_kl: 0.0, update_epoch: 3, num_batch: 4
[2026-10-10 10:30:53,267][agent.finetune.train_ppo_diffusion_agent][INFO] - approx_kl: 0.0, update_epoch: 4, num_batch: 4
[2026-10-10 10:30:55,160][agent.finetune.train_ppo_diffusion_agent][INFO] - approx_kl: 0.0, update_epoch: 4, num_batch: 4
[2026-10-10 10:30:57,052][agent.finetune.train_ppo_diffusion_agent][INFO] - approx_kl: 0.0, update_epoch: 4, num_batch: 4
[2026-10-10 10:30:59,058][agent.finetune.train_ppo_diffusion_agent][INFO] - approx_kl: 0.0, update_epoch: 4, num_batch: 4
[2026-10-10 10:31:06,664][agent.finetune.train_ppo_diffusion_agent][INFO] - 17: step  1280000 | loss -2593.9553 | pg loss -2594.0091 | value loss   0.1074 | bc loss   0.0000 | reward 3937.5423 | eta   1.0000 | t: 58.8504 | kl_true_per_action=0.00037485874947148915 | logratio_p99=0.027192009687423645 | clamp_hit_frac=0.00076875 | actor_step_ratio=1.0 | actor_step_clipfrac=0.0
[2026-10-10 10:31:06,665][agent.finetune.stage3_support][INFO] - STAGE3_METRICS {"J_disc_train": 1394.9757396147731, "J_disc_train_se": 19.17526605577141, "action_oor_frac": 0.14146458333333334, "adv_raw_mean": 1022.6065439447888, "adv_raw_std": 473.1084246239322, "diagnostics_seconds": 0.1238844838226214, "episode_count": 80, "explained_var": 0.4462875723838806, "explained_var_reason": null, "grad_cos_prev": -0.05046530298502127, "grad_cos_prev_reason": null, "grad_norm": 108.84134339943178, "policy_action_oor_frac": 0.14148541666666667, "proj_active": false, "reward_clip_frac": 0.0, "rollout_seconds": 12.864772171946242, "split_diff_sq": 52092.439866076485, "split_dot": -1176.6724588551956, "theta_dist": 0.34057934012909336, "theta_dist_preproj": 0.34057934012909336, "update_norm": 0.020379093189148496, "update_seconds": 45.8579204371199, "x0_sat_frac_last": 0.025358692025358693, "x0_sat_frac_mean": 0.07292501175114809}
[2026-10-10 10:31:21,481][agent.finetune.train_ppo_diffusion_agent][INFO] - approx_kl: 0.0, update_epoch: 0, num_batch: 4
[2026-10-10 10:31:23,383][agent.finetune.train_ppo_diffusion_agent][INFO] - approx_kl: 0.0, update_epoch: 0, num_batch: 4
[2026-10-10 10:31:25,442][agent.finetune.train_ppo_diffusion_agent][INFO] - approx_kl: 0.0, update_epoch: 0, num_batch: 4
[2026-10-10 10:31:27,202][agent.finetune.train_ppo_diffusion_agent][INFO] - approx_kl: 0.0, update_epoch: 0, num_batch: 4
[2026-10-10 10:31:29,103][agent.finetune.train_ppo_diffusion_agent][INFO] - approx_kl: 0.0, update_epoch: 1, num_batch: 4
[2026-10-10 10:31:31,058][agent.finetune.train_ppo_diffusion_agent][INFO] - approx_kl: 0.0, update_epoch: 1, num_batch: 4
[2026-10-10 10:31:33,165][agent.finetune.train_ppo_diffusion_agent][INFO] - approx_kl: 0.0, update_epoch: 1, num_batch: 4
[2026-10-10 10:31:34,948][agent.finetune.train_ppo_diffusion_agent][INFO] - approx_kl: 0.0, update_epoch: 1, num_batch: 4
[2026-10-10 10:31:36,821][agent.finetune.train_ppo_diffusion_agent][INFO] - approx_kl: 0.0, update_epoch: 2, num_batch: 4
[2026-10-10 10:31:38,700][agent.finetune.train_ppo_diffusion_agent][INFO] - approx_kl: 0.0, update_epoch: 2, num_batch: 4
[2026-10-10 10:31:40,770][agent.finetune.train_ppo_diffusion_agent][INFO] - approx_kl: 0.0, update_epoch: 2, num_batch: 4
[2026-10-10 10:31:42,520][agent.finetune.train_ppo_diffusion_agent][INFO] - approx_kl: 0.0, update_epoch: 2, num_batch: 4
[2026-10-10 10:31:44,423][agent.finetune.train_ppo_diffusion_agent][INFO] - approx_kl: 0.0, update_epoch: 3, num_batch: 4
[2026-10-10 10:31:46,327][agent.finetune.train_ppo_diffusion_agent][INFO] - approx_kl: 0.0, update_epoch: 3, num_batch: 4
[2026-10-10 10:31:48,353][agent.finetune.train_ppo_diffusion_agent][INFO] - approx_kl: 0.0, update_epoch: 3, num_batch: 4
[2026-10-10 10:31:50,096][agent.finetune.train_ppo_diffusion_agent][INFO] - approx_kl: 0.0, update_epoch: 3, num_batch: 4
[2026-10-10 10:31:51,975][agent.finetune.train_ppo_diffusion_agent][INFO] - approx_kl: 0.0, update_epoch: 4, num_batch: 4
[2026-10-10 10:31:53,916][agent.finetune.train_ppo_diffusion_agent][INFO] - approx_kl: 0.0, update_epoch: 4, num_batch: 4
[2026-10-10 10:31:55,984][agent.finetune.train_ppo_diffusion_agent][INFO] - approx_kl: 0.0, update_epoch: 4, num_batch: 4
[2026-10-10 10:31:57,744][agent.finetune.train_ppo_diffusion_agent][INFO] - approx_kl: 0.0, update_epoch: 4, num_batch: 4
[2026-10-10 10:32:05,324][agent.finetune.train_ppo_diffusion_agent][INFO] - 18: step  1360000 | loss -2697.7222 | pg loss -2697.7740 | value loss   0.1033 | bc loss   0.0000 | reward 4069.2994 | eta   1.0000 | t: 58.6593 | kl_true_per_action=0.0003107882172852889 | logratio_p99=0.02412504792213437 | clamp_hit_frac=0.0007895833333333333 | actor_step_ratio=1.0 | actor_step_clipfrac=0.0
[2026-10-10 10:32:05,324][agent.finetune.stage3_support][INFO] - STAGE3_METRICS {"J_disc_train": 1438.6507279837108, "J_disc_train_se": 17.84285555673918, "action_oor_frac": 0.14377916666666668, "adv_raw_mean": 1058.0140795176644, "adv_raw_std": 478.8938601612187, "diagnostics_seconds": 0.1316196599509567, "episode_count": 80, "explained_var": 0.409728467464447, "explained_var_reason": null, "grad_cos_prev": -0.019422141886049345, "grad_cos_prev_reason": null, "grad_norm": 117.19064362375478, "policy_action_oor_frac": 0.14380833333333334, "proj_active": false, "reward_clip_frac": 0.0, "rollout_seconds": 12.801452048006468, "split_diff_sq": 56887.362710935486, "split_dot": -488.1933357502091, "theta_dist": 0.34986805250416425, "theta_dist_preproj": 0.34986805250416425, "update_norm": 0.01985725834920854, "update_seconds": 45.72179996303748, "x0_sat_frac_last": 0.025564001961745953, "x0_sat_frac_mean": 0.07438259764532447}
[2026-10-10 10:32:20,479][agent.finetune.train_ppo_diffusion_agent][INFO] - approx_kl: 0.0, update_epoch: 0, num_batch: 4
[2026-10-10 10:32:22,376][agent.finetune.train_ppo_diffusion_agent][INFO] - approx_kl: 0.0, update_epoch: 0, num_batch: 4
[2026-10-10 10:32:24,424][agent.finetune.train_ppo_diffusion_agent][INFO] - approx_kl: 0.0, update_epoch: 0, num_batch: 4
[2026-10-10 10:32:26,176][agent.finetune.train_ppo_diffusion_agent][INFO] - approx_kl: 0.0, update_epoch: 0, num_batch: 4
[2026-10-10 10:32:28,064][agent.finetune.train_ppo_diffusion_agent][INFO] - approx_kl: 0.0, update_epoch: 1, num_batch: 4
[2026-10-10 10:32:30,014][agent.finetune.train_ppo_diffusion_agent][INFO] - approx_kl: 0.0, update_epoch: 1, num_batch: 4
[2026-10-10 10:32:32,108][agent.finetune.train_ppo_diffusion_agent][INFO] - approx_kl: 0.0, update_epoch: 1, num_batch: 4
[2026-10-10 10:32:33,909][agent.finetune.train_ppo_diffusion_agent][INFO] - approx_kl: 0.0, update_epoch: 1, num_batch: 4
[2026-10-10 10:32:35,811][agent.finetune.train_ppo_diffusion_agent][INFO] - approx_kl: 0.0, update_epoch: 2, num_batch: 4
[2026-10-10 10:32:37,711][agent.finetune.train_ppo_diffusion_agent][INFO] - approx_kl: 0.0, update_epoch: 2, num_batch: 4
[2026-10-10 10:32:39,772][agent.finetune.train_ppo_diffusion_agent][INFO] - approx_kl: 0.0, update_epoch: 2, num_batch: 4
[2026-10-10 10:32:41,518][agent.finetune.train_ppo_diffusion_agent][INFO] - approx_kl: 0.0, update_epoch: 2, num_batch: 4
[2026-10-10 10:32:43,405][agent.finetune.train_ppo_diffusion_agent][INFO] - approx_kl: 0.0, update_epoch: 3, num_batch: 4
[2026-10-10 10:32:45,302][agent.finetune.train_ppo_diffusion_agent][INFO] - approx_kl: 0.0, update_epoch: 3, num_batch: 4
[2026-10-10 10:32:47,298][agent.finetune.train_ppo_diffusion_agent][INFO] - approx_kl: 0.0, update_epoch: 3, num_batch: 4
[2026-10-10 10:32:49,024][agent.finetune.train_ppo_diffusion_agent][INFO] - approx_kl: 0.0, update_epoch: 3, num_batch: 4
[2026-10-10 10:32:50,897][agent.finetune.train_ppo_diffusion_agent][INFO] - approx_kl: 0.0, update_epoch: 4, num_batch: 4
[2026-10-10 10:32:52,826][agent.finetune.train_ppo_diffusion_agent][INFO] - approx_kl: 0.0, update_epoch: 4, num_batch: 4
[2026-10-10 10:32:54,853][agent.finetune.train_ppo_diffusion_agent][INFO] - approx_kl: 0.0, update_epoch: 4, num_batch: 4
[2026-10-10 10:32:56,602][agent.finetune.train_ppo_diffusion_agent][INFO] - approx_kl: 0.0, update_epoch: 4, num_batch: 4
[2026-10-10 10:33:04,147][agent.finetune.train_ppo_diffusion_agent][INFO] - 19: step  1440000 | loss -2635.8752 | pg loss -2635.9302 | value loss   0.1098 | bc loss   0.0000 | reward 4017.3320 | eta   1.0000 | t: 58.8234 | kl_true_per_action=0.00033010853413586126 | logratio_p99=0.025405246019363354 | clamp_hit_frac=0.0007375 | actor_step_ratio=1.0 | actor_step_clipfrac=0.0
[2026-10-10 10:33:04,147][agent.finetune.stage3_support][INFO] - STAGE3_METRICS {"J_disc_train": 1434.9794083155725, "J_disc_train_se": 23.594035300513493, "action_oor_frac": 0.14406875, "adv_raw_mean": 1038.68095098505, "adv_raw_std": 491.1575429563539, "diagnostics_seconds": 0.12271132285241038, "episode_count": 80, "explained_var": 0.50136798620224, "explained_var_reason": null, "grad_cos_prev": -0.036692539842656, "grad_cos_prev_reason": null, "grad_norm": 115.35840883394755, "policy_action_oor_frac": 0.14410625, "proj_active": false, "reward_clip_frac": 0.0, "rollout_seconds": 13.002766745048575, "split_diff_sq": 49392.04090197383, "split_dot": 959.5521811807927, "theta_dist": 0.35887579532409236, "theta_dist_preproj": 0.35887579532409236, "update_norm": 0.01952115720128383, "update_seconds": 45.694443166139536, "x0_sat_frac_last": 0.026593609505459213, "x0_sat_frac_mean": 0.07497939286151035}
[2026-10-10 10:33:17,119][agent.finetune.train_ppo_diffusion_agent][INFO] - eval: success rate   1.0000 | avg episode reward 4306.6259 | avg best reward   6.5327
[2026-10-10 10:33:17,119][agent.finetune.stage3_support][INFO] - STAGE3_METRICS {"J_disc_eval": 1506.5070939279583, "J_disc_eval_se": 17.772858522251724, "action_oor_frac": 0.0, "diagnostics_seconds": 0.007282493985258043, "episode_count": 80, "policy_action_oor_frac": 0.0, "rollout_seconds": 12.961055931984447, "update_seconds": 0.0}
[2026-10-10 10:33:32,182][agent.finetune.train_ppo_diffusion_agent][INFO] - approx_kl: 0.0, update_epoch: 0, num_batch: 4
[2026-10-10 10:33:34,066][agent.finetune.train_ppo_diffusion_agent][INFO] - approx_kl: 0.0, update_epoch: 0, num_batch: 4
[2026-10-10 10:33:36,098][agent.finetune.train_ppo_diffusion_agent][INFO] - approx_kl: 0.0, update_epoch: 0, num_batch: 4
[2026-10-10 10:33:37,841][agent.finetune.train_ppo_diffusion_agent][INFO] - approx_kl: 0.0, update_epoch: 0, num_batch: 4
[2026-10-10 10:33:39,725][agent.finetune.train_ppo_diffusion_agent][INFO] - approx_kl: 0.0, update_epoch: 1, num_batch: 4
[2026-10-10 10:33:41,793][agent.finetune.train_ppo_diffusion_agent][INFO] - approx_kl: 0.0, update_epoch: 1, num_batch: 4
[2026-10-10 10:33:43,560][agent.finetune.train_ppo_diffusion_agent][INFO] - approx_kl: 0.0, update_epoch: 1, num_batch: 4
[2026-10-10 10:33:45,485][agent.finetune.train_ppo_diffusion_agent][INFO] - approx_kl: 0.0, update_epoch: 1, num_batch: 4
[2026-10-10 10:33:47,367][agent.finetune.train_ppo_diffusion_agent][INFO] - approx_kl: 0.0, update_epoch: 2, num_batch: 4
[2026-10-10 10:33:49,406][agent.finetune.train_ppo_diffusion_agent][INFO] - approx_kl: 0.0, update_epoch: 2, num_batch: 4
[2026-10-10 10:33:51,190][agent.finetune.train_ppo_diffusion_agent][INFO] - approx_kl: 0.0, update_epoch: 2, num_batch: 4
[2026-10-10 10:33:53,068][agent.finetune.train_ppo_diffusion_agent][INFO] - approx_kl: 0.0, update_epoch: 2, num_batch: 4
[2026-10-10 10:33:54,955][agent.finetune.train_ppo_diffusion_agent][INFO] - approx_kl: 0.0, update_epoch: 3, num_batch: 4
[2026-10-10 10:33:56,993][agent.finetune.train_ppo_diffusion_agent][INFO] - approx_kl: 0.0, update_epoch: 3, num_batch: 4
[2026-10-10 10:33:58,743][agent.finetune.train_ppo_diffusion_agent][INFO] - approx_kl: 0.0, update_epoch: 3, num_batch: 4
[2026-10-10 10:34:00,656][agent.finetune.train_ppo_diffusion_agent][INFO] - approx_kl: 0.0, update_epoch: 3, num_batch: 4
[2026-10-10 10:34:02,540][agent.finetune.train_ppo_diffusion_agent][INFO] - approx_kl: 0.0, update_epoch: 4, num_batch: 4
[2026-10-10 10:34:04,572][agent.finetune.train_ppo_diffusion_agent][INFO] - approx_kl: 0.0, update_epoch: 4, num_batch: 4
[2026-10-10 10:34:06,282][agent.finetune.train_ppo_diffusion_agent][INFO] - approx_kl: 0.0, update_epoch: 4, num_batch: 4
[2026-10-10 10:34:08,176][agent.finetune.train_ppo_diffusion_agent][INFO] - approx_kl: 0.0, update_epoch: 4, num_batch: 4
[2026-10-10 10:34:15,746][agent.finetune.train_ppo_diffusion_agent][INFO] - 21: step  1520000 | loss -2454.7573 | pg loss -2454.8088 | value loss   0.1030 | bc loss   0.0000 | reward 3729.9218 | eta   1.0000 | t: 58.6275 | kl_true_per_action=0.0004051833775876953 | logratio_p99=0.02708987951278676 | clamp_hit_frac=0.00081875 | actor_step_ratio=1.0 | actor_step_clipfrac=0.0
[2026-10-10 10:34:15,747][agent.finetune.stage3_support][INFO] - STAGE3_METRICS {"J_disc_train": 1336.149503892553, "J_disc_train_se": 30.32374929534316, "action_oor_frac": 0.13639791666666667, "adv_raw_mean": 962.8535192453546, "adv_raw_std": 524.0412248346411, "diagnostics_seconds": 0.12290561175905168, "episode_count": 80, "explained_var": 0.7076686024665833, "explained_var_reason": null, "grad_cos_prev": 0.03527998122368474, "grad_cos_prev_reason": null, "grad_norm": 109.80978154438475, "policy_action_oor_frac": 0.13641041666666667, "proj_active": false, "reward_clip_frac": 0.0, "rollout_seconds": 12.922406253986992, "split_diff_sq": 46519.129555980864, "split_dot": 428.4057692012056, "theta_dist": 0.3676986650297941, "theta_dist_preproj": 0.3676986650297941, "update_norm": 0.019356253854035, "update_seconds": 45.578855233150534, "x0_sat_frac_last": 0.025729646697388635, "x0_sat_frac_mean": 0.07086657425424768}
[2026-10-10 10:34:30,639][agent.finetune.train_ppo_diffusion_agent][INFO] - approx_kl: 0.0, update_epoch: 0, num_batch: 4
[2026-10-10 10:34:32,665][agent.finetune.train_ppo_diffusion_agent][INFO] - approx_kl: 0.0, update_epoch: 0, num_batch: 4
[2026-10-10 10:34:34,417][agent.finetune.train_ppo_diffusion_agent][INFO] - approx_kl: 0.0, update_epoch: 0, num_batch: 4
[2026-10-10 10:34:36,301][agent.finetune.train_ppo_diffusion_agent][INFO] - approx_kl: 0.0, update_epoch: 0, num_batch: 4
[2026-10-10 10:34:38,184][agent.finetune.train_ppo_diffusion_agent][INFO] - approx_kl: 0.0, update_epoch: 1, num_batch: 4
[2026-10-10 10:34:40,315][agent.finetune.train_ppo_diffusion_agent][INFO] - approx_kl: 0.0, update_epoch: 1, num_batch: 4
[2026-10-10 10:34:42,085][agent.finetune.train_ppo_diffusion_agent][INFO] - approx_kl: 0.0, update_epoch: 1, num_batch: 4
[2026-10-10 10:34:44,037][agent.finetune.train_ppo_diffusion_agent][INFO] - approx_kl: 0.0, update_epoch: 1, num_batch: 4
[2026-10-10 10:34:45,930][agent.finetune.train_ppo_diffusion_agent][INFO] - approx_kl: 0.0, update_epoch: 2, num_batch: 4
[2026-10-10 10:34:47,989][agent.finetune.train_ppo_diffusion_agent][INFO] - approx_kl: 0.0, update_epoch: 2, num_batch: 4
[2026-10-10 10:34:49,781][agent.finetune.train_ppo_diffusion_agent][INFO] - approx_kl: 0.0, update_epoch: 2, num_batch: 4
[2026-10-10 10:34:51,674][agent.finetune.train_ppo_diffusion_agent][INFO] - approx_kl: 0.0, update_epoch: 2, num_batch: 4
[2026-10-10 10:34:53,575][agent.finetune.train_ppo_diffusion_agent][INFO] - approx_kl: 0.0, update_epoch: 3, num_batch: 4
[2026-10-10 10:34:55,613][agent.finetune.train_ppo_diffusion_agent][INFO] - approx_kl: 0.0, update_epoch: 3, num_batch: 4
[2026-10-10 10:34:57,342][agent.finetune.train_ppo_diffusion_agent][INFO] - approx_kl: 0.0, update_epoch: 3, num_batch: 4
[2026-10-10 10:34:59,231][agent.finetune.train_ppo_diffusion_agent][INFO] - approx_kl: 0.0, update_epoch: 3, num_batch: 4
[2026-10-10 10:35:01,120][agent.finetune.train_ppo_diffusion_agent][INFO] - approx_kl: 0.0, update_epoch: 4, num_batch: 4
[2026-10-10 10:35:03,145][agent.finetune.train_ppo_diffusion_agent][INFO] - approx_kl: 0.0, update_epoch: 4, num_batch: 4
[2026-10-10 10:35:04,894][agent.finetune.train_ppo_diffusion_agent][INFO] - approx_kl: 0.0, update_epoch: 4, num_batch: 4
[2026-10-10 10:35:06,771][agent.finetune.train_ppo_diffusion_agent][INFO] - approx_kl: 0.0, update_epoch: 4, num_batch: 4
[2026-10-10 10:35:14,434][agent.finetune.train_ppo_diffusion_agent][INFO] - 22: step  1600000 | loss -2612.3833 | pg loss -2612.4373 | value loss   0.1077 | bc loss   0.0000 | reward 3968.7798 | eta   1.0000 | t: 58.6882 | kl_true_per_action=0.00043710763653039355 | logratio_p99=0.029151326417922955 | clamp_hit_frac=0.0007895833333333333 | actor_step_ratio=1.0 | actor_step_clipfrac=0.0
[2026-10-10 10:35:14,435][agent.finetune.stage3_support][INFO] - STAGE3_METRICS {"J_disc_train": 1415.6266864375073, "J_disc_train_se": 23.4326566087094, "action_oor_frac": 0.14270208333333334, "adv_raw_mean": 1026.9237661439893, "adv_raw_std": 485.84445686833703, "diagnostics_seconds": 0.12213620299007744, "episode_count": 80, "explained_var": 0.5197692811489105, "explained_var_reason": null, "grad_cos_prev": 0.031039677168418017, "grad_cos_prev_reason": null, "grad_norm": 115.3773220953709, "policy_action_oor_frac": 0.142725, "proj_active": false, "reward_clip_frac": 0.0, "rollout_seconds": 12.748247622977942, "split_diff_sq": 54251.39789493673, "split_dot": -250.92363573195055, "theta_dist": 0.37601252097563526, "theta_dist_preproj": 0.37601252097563526, "update_norm": 0.019315145191593365, "update_seconds": 45.81449054891709, "x0_sat_frac_last": 0.023443949149744098, "x0_sat_frac_mean": 0.07492652551414745}
[2026-10-10 10:35:29,560][agent.finetune.train_ppo_diffusion_agent][INFO] - approx_kl: 0.0, update_epoch: 0, num_batch: 4
[2026-10-10 10:35:31,608][agent.finetune.train_ppo_diffusion_agent][INFO] - approx_kl: 0.0, update_epoch: 0, num_batch: 4
[2026-10-10 10:35:33,367][agent.finetune.train_ppo_diffusion_agent][INFO] - approx_kl: 0.0, update_epoch: 0, num_batch: 4
[2026-10-10 10:35:35,256][agent.finetune.train_ppo_diffusion_agent][INFO] - approx_kl: 0.0, update_epoch: 0, num_batch: 4
[2026-10-10 10:35:37,147][agent.finetune.train_ppo_diffusion_agent][INFO] - approx_kl: 0.0, update_epoch: 1, num_batch: 4
[2026-10-10 10:35:39,245][agent.finetune.train_ppo_diffusion_agent][INFO] - approx_kl: 0.0, update_epoch: 1, num_batch: 4
[2026-10-10 10:35:41,004][agent.finetune.train_ppo_diffusion_agent][INFO] - approx_kl: 0.0, update_epoch: 1, num_batch: 4
[2026-10-10 10:35:42,949][agent.finetune.train_ppo_diffusion_agent][INFO] - approx_kl: 0.0, update_epoch: 1, num_batch: 4
[2026-10-10 10:35:44,840][agent.finetune.train_ppo_diffusion_agent][INFO] - approx_kl: 0.0, update_epoch: 2, num_batch: 4
[2026-10-10 10:35:46,904][agent.finetune.train_ppo_diffusion_agent][INFO] - approx_kl: 0.0, update_epoch: 2, num_batch: 4
[2026-10-10 10:35:48,662][agent.finetune.train_ppo_diffusion_agent][INFO] - approx_kl: 0.0, update_epoch: 2, num_batch: 4
[2026-10-10 10:35:50,529][agent.finetune.train_ppo_diffusion_agent][INFO] - approx_kl: 0.0, update_epoch: 2, num_batch: 4
[2026-10-10 10:35:52,438][agent.finetune.train_ppo_diffusion_agent][INFO] - approx_kl: 0.0, update_epoch: 3, num_batch: 4
[2026-10-10 10:35:54,473][agent.finetune.train_ppo_diffusion_agent][INFO] - approx_kl: 0.0, update_epoch: 3, num_batch: 4
[2026-10-10 10:35:56,236][agent.finetune.train_ppo_diffusion_agent][INFO] - approx_kl: 0.0, update_epoch: 3, num_batch: 4
[2026-10-10 10:35:58,157][agent.finetune.train_ppo_diffusion_agent][INFO] - approx_kl: 0.0, update_epoch: 3, num_batch: 4
[2026-10-10 10:36:00,015][agent.finetune.train_ppo_diffusion_agent][INFO] - approx_kl: 0.0, update_epoch: 4, num_batch: 4
[2026-10-10 10:36:02,047][agent.finetune.train_ppo_diffusion_agent][INFO] - approx_kl: 0.0, update_epoch: 4, num_batch: 4
[2026-10-10 10:36:03,798][agent.finetune.train_ppo_diffusion_agent][INFO] - approx_kl: 0.0, update_epoch: 4, num_batch: 4
[2026-10-10 10:36:05,656][agent.finetune.train_ppo_diffusion_agent][INFO] - approx_kl: 0.0, update_epoch: 4, num_batch: 4
[2026-10-10 10:36:13,285][agent.finetune.train_ppo_diffusion_agent][INFO] - 23: step  1680000 | loss -2657.7593 | pg loss -2657.8137 | value loss   0.1089 | bc loss   0.0000 | reward 4021.5163 | eta   1.0000 | t: 58.8500 | kl_true_per_action=0.0004178459144952744 | logratio_p99=0.028581539392471288 | clamp_hit_frac=0.0007375 | actor_step_ratio=1.0 | actor_step_clipfrac=0.0
[2026-10-10 10:36:13,285][agent.finetune.stage3_support][INFO] - STAGE3_METRICS {"J_disc_train": 1430.8954950281757, "J_disc_train_se": 18.398849795172833, "action_oor_frac": 0.14476458333333334, "adv_raw_mean": 1041.9719101000846, "adv_raw_std": 486.9010741004432, "diagnostics_seconds": 0.122352852136828, "episode_count": 80, "explained_var": 0.4812011122703552, "explained_var_reason": null, "grad_cos_prev": -0.005527947705291713, "grad_cos_prev_reason": null, "grad_norm": 115.19523895517342, "policy_action_oor_frac": 0.14479375, "proj_active": false, "reward_clip_frac": 0.0, "rollout_seconds": 12.976472010021098, "split_diff_sq": 51709.775878780114, "split_dot": 342.4994466655325, "theta_dist": 0.38423337856776074, "theta_dist_preproj": 0.38423337856776074, "update_norm": 0.019079378192074285, "update_seconds": 45.744397648843005, "x0_sat_frac_last": 0.026425226098191215, "x0_sat_frac_mean": 0.07716004478861212}
[2026-10-10 10:36:28,596][agent.finetune.train_ppo_diffusion_agent][INFO] - approx_kl: 0.0, update_epoch: 0, num_batch: 4
[2026-10-10 10:36:30,553][agent.finetune.train_ppo_diffusion_agent][INFO] - approx_kl: 0.0, update_epoch: 0, num_batch: 4
[2026-10-10 10:36:32,308][agent.finetune.train_ppo_diffusion_agent][INFO] - approx_kl: 0.0, update_epoch: 0, num_batch: 4
[2026-10-10 10:36:34,161][agent.finetune.train_ppo_diffusion_agent][INFO] - approx_kl: 0.0, update_epoch: 0, num_batch: 4
[2026-10-10 10:36:36,013][agent.finetune.train_ppo_diffusion_agent][INFO] - approx_kl: 0.0, update_epoch: 1, num_batch: 4
[2026-10-10 10:36:38,034][agent.finetune.train_ppo_diffusion_agent][INFO] - approx_kl: 0.0, update_epoch: 1, num_batch: 4
[2026-10-10 10:36:39,839][agent.finetune.train_ppo_diffusion_agent][INFO] - approx_kl: 0.0, update_epoch: 1, num_batch: 4
[2026-10-10 10:36:41,697][agent.finetune.train_ppo_diffusion_agent][INFO] - approx_kl: 0.0, update_epoch: 1, num_batch: 4
[2026-10-10 10:36:43,614][agent.finetune.train_ppo_diffusion_agent][INFO] - approx_kl: 0.0, update_epoch: 2, num_batch: 4
[2026-10-10 10:36:45,607][agent.finetune.train_ppo_diffusion_agent][INFO] - approx_kl: 0.0, update_epoch: 2, num_batch: 4
[2026-10-10 10:36:47,370][agent.finetune.train_ppo_diffusion_agent][INFO] - approx_kl: 0.0, update_epoch: 2, num_batch: 4
[2026-10-10 10:36:49,217][agent.finetune.train_ppo_diffusion_agent][INFO] - approx_kl: 0.0, update_epoch: 2, num_batch: 4
[2026-10-10 10:36:51,104][agent.finetune.train_ppo_diffusion_agent][INFO] - approx_kl: 0.0, update_epoch: 3, num_batch: 4
[2026-10-10 10:36:53,100][agent.finetune.train_ppo_diffusion_agent][INFO] - approx_kl: 0.0, update_epoch: 3, num_batch: 4
[2026-10-10 10:36:54,860][agent.finetune.train_ppo_diffusion_agent][INFO] - approx_kl: 0.0, update_epoch: 3, num_batch: 4
[2026-10-10 10:36:56,710][agent.finetune.train_ppo_diffusion_agent][INFO] - approx_kl: 0.0, update_epoch: 3, num_batch: 4
[2026-10-10 10:36:58,559][agent.finetune.train_ppo_diffusion_agent][INFO] - approx_kl: 0.0, update_epoch: 4, num_batch: 4
[2026-10-10 10:37:00,529][agent.finetune.train_ppo_diffusion_agent][INFO] - approx_kl: 0.0, update_epoch: 4, num_batch: 4
[2026-10-10 10:37:02,292][agent.finetune.train_ppo_diffusion_agent][INFO] - approx_kl: 0.0, update_epoch: 4, num_batch: 4
[2026-10-10 10:37:04,164][agent.finetune.train_ppo_diffusion_agent][INFO] - approx_kl: 0.0, update_epoch: 4, num_batch: 4
[2026-10-10 10:37:11,622][agent.finetune.train_ppo_diffusion_agent][INFO] - 24: step  1760000 | loss -2614.3279 | pg loss -2614.3816 | value loss   0.1073 | bc loss   0.0000 | reward 3981.3131 | eta   1.0000 | t: 58.3378 | kl_true_per_action=0.000493007409882677 | logratio_p99=0.03086080193519592 | clamp_hit_frac=0.000775 | actor_step_ratio=1.0 | actor_step_clipfrac=0.0
[2026-10-10 10:37:11,623][agent.finetune.stage3_support][INFO] - STAGE3_METRICS {"J_disc_train": 1420.080178238911, "J_disc_train_se": 16.508813889174768, "action_oor_frac": 0.14441458333333335, "adv_raw_mean": 1030.1734909961906, "adv_raw_std": 479.8101235515839, "diagnostics_seconds": 0.124893385800533, "episode_count": 80, "explained_var": 0.48256033658981323, "explained_var_reason": null, "grad_cos_prev": 0.08019568291137981, "grad_cos_prev_reason": null, "grad_norm": 117.25964196369934, "policy_action_oor_frac": 0.1444375, "proj_active": false, "reward_clip_frac": 0.0, "rollout_seconds": 13.019572256947868, "split_diff_sq": 57142.99680086599, "split_dot": -535.9259315192025, "theta_dist": 0.39196144294583346, "theta_dist_preproj": 0.39196144294583346, "update_norm": 0.019269387432721684, "update_seconds": 45.18910540419165, "x0_sat_frac_last": 0.025766976904515685, "x0_sat_frac_mean": 0.07742391173130833}
[2026-10-10 10:37:26,791][agent.finetune.train_ppo_diffusion_agent][INFO] - approx_kl: 0.0, update_epoch: 0, num_batch: 4
[2026-10-10 10:37:28,559][agent.finetune.train_ppo_diffusion_agent][INFO] - approx_kl: 0.0, update_epoch: 0, num_batch: 4
[2026-10-10 10:37:30,428][agent.finetune.train_ppo_diffusion_agent][INFO] - approx_kl: 0.0, update_epoch: 0, num_batch: 4
[2026-10-10 10:37:32,301][agent.finetune.train_ppo_diffusion_agent][INFO] - approx_kl: 0.0, update_epoch: 0, num_batch: 4
[2026-10-10 10:37:34,288][agent.finetune.train_ppo_diffusion_agent][INFO] - approx_kl: 0.0, update_epoch: 1, num_batch: 4
[2026-10-10 10:37:36,062][agent.finetune.train_ppo_diffusion_agent][INFO] - approx_kl: 0.0, update_epoch: 1, num_batch: 4
[2026-10-10 10:37:38,016][agent.finetune.train_ppo_diffusion_agent][INFO] - approx_kl: 0.0, update_epoch: 1, num_batch: 4
[2026-10-10 10:37:39,898][agent.finetune.train_ppo_diffusion_agent][INFO] - approx_kl: 0.0, update_epoch: 1, num_batch: 4
[2026-10-10 10:37:41,901][agent.finetune.train_ppo_diffusion_agent][INFO] - approx_kl: 0.0, update_epoch: 2, num_batch: 4
[2026-10-10 10:37:43,683][agent.finetune.train_ppo_diffusion_agent][INFO] - approx_kl: 0.0, update_epoch: 2, num_batch: 4
[2026-10-10 10:37:45,574][agent.finetune.train_ppo_diffusion_agent][INFO] - approx_kl: 0.0, update_epoch: 2, num_batch: 4
[2026-10-10 10:37:47,431][agent.finetune.train_ppo_diffusion_agent][INFO] - approx_kl: 0.0, update_epoch: 2, num_batch: 4
[2026-10-10 10:37:49,432][agent.finetune.train_ppo_diffusion_agent][INFO] - approx_kl: 0.0, update_epoch: 3, num_batch: 4
[2026-10-10 10:37:51,177][agent.finetune.train_ppo_diffusion_agent][INFO] - approx_kl: 0.0, update_epoch: 3, num_batch: 4
[2026-10-10 10:37:53,068][agent.finetune.train_ppo_diffusion_agent][INFO] - approx_kl: 0.0, update_epoch: 3, num_batch: 4
[2026-10-10 10:37:54,938][agent.finetune.train_ppo_diffusion_agent][INFO] - approx_kl: 0.0, update_epoch: 3, num_batch: 4
[2026-10-10 10:37:56,908][agent.finetune.train_ppo_diffusion_agent][INFO] - approx_kl: 0.0, update_epoch: 4, num_batch: 4
[2026-10-10 10:37:58,652][agent.finetune.train_ppo_diffusion_agent][INFO] - approx_kl: 0.0, update_epoch: 4, num_batch: 4
[2026-10-10 10:38:00,496][agent.finetune.train_ppo_diffusion_agent][INFO] - approx_kl: 0.0, update_epoch: 4, num_batch: 4
[2026-10-10 10:38:02,389][agent.finetune.train_ppo_diffusion_agent][INFO] - approx_kl: 0.0, update_epoch: 4, num_batch: 4
[2026-10-10 10:38:09,915][agent.finetune.train_ppo_diffusion_agent][INFO] - 25: step  1840000 | loss -2641.3689 | pg loss -2641.4229 | value loss   0.1080 | bc loss   0.0000 | reward 4010.3597 | eta   1.0000 | t: 58.2927 | kl_true_per_action=0.0004601022492834687 | logratio_p99=0.029765360355377104 | clamp_hit_frac=0.0007833333333333334 | actor_step_ratio=1.0 | actor_step_clipfrac=0.0
[2026-10-10 10:38:09,915][agent.finetune.stage3_support][INFO] - STAGE3_METRICS {"J_disc_train": 1414.7578218807425, "J_disc_train_se": 22.994544265417616, "action_oor_frac": 0.14447291666666667, "adv_raw_mean": 1043.8997758857754, "adv_raw_std": 480.6450315836377, "diagnostics_seconds": 0.11716186301782727, "episode_count": 80, "explained_var": 0.48718708753585815, "explained_var_reason": null, "grad_cos_prev": -0.05949660532785695, "grad_cos_prev_reason": null, "grad_norm": 118.2454344971457, "policy_action_oor_frac": 0.14451875, "proj_active": false, "reward_clip_frac": 0.0, "rollout_seconds": 12.950537719996646, "split_diff_sq": 62180.49779443046, "split_dot": -1563.1414166284712, "theta_dist": 0.3996740037699252, "theta_dist_preproj": 0.3996740037699252, "update_norm": 0.018939061204687885, "update_seconds": 45.22131506993901, "x0_sat_frac_last": 0.02774991641591441, "x0_sat_frac_mean": 0.07830829323089661}
[2026-10-10 10:38:25,321][agent.finetune.train_ppo_diffusion_agent][INFO] - approx_kl: 0.0, update_epoch: 0, num_batch: 4
[2026-10-10 10:38:26,951][agent.finetune.train_ppo_diffusion_agent][INFO] - approx_kl: 0.0, update_epoch: 0, num_batch: 4
[2026-10-10 10:38:28,689][agent.finetune.train_ppo_diffusion_agent][INFO] - approx_kl: 0.0, update_epoch: 0, num_batch: 4
[2026-10-10 10:38:30,427][agent.finetune.train_ppo_diffusion_agent][INFO] - approx_kl: 0.0, update_epoch: 0, num_batch: 4
[2026-10-10 10:38:32,253][agent.finetune.train_ppo_diffusion_agent][INFO] - approx_kl: 0.0, update_epoch: 1, num_batch: 4
[2026-10-10 10:38:33,943][agent.finetune.train_ppo_diffusion_agent][INFO] - approx_kl: 0.0, update_epoch: 1, num_batch: 4
[2026-10-10 10:38:35,699][agent.finetune.train_ppo_diffusion_agent][INFO] - approx_kl: 0.0, update_epoch: 1, num_batch: 4
[2026-10-10 10:38:37,546][agent.finetune.train_ppo_diffusion_agent][INFO] - approx_kl: 0.0, update_epoch: 1, num_batch: 4
[2026-10-10 10:38:39,414][agent.finetune.train_ppo_diffusion_agent][INFO] - approx_kl: 0.0, update_epoch: 2, num_batch: 4
[2026-10-10 10:38:41,056][agent.finetune.train_ppo_diffusion_agent][INFO] - approx_kl: 0.0, update_epoch: 2, num_batch: 4
[2026-10-10 10:38:42,812][agent.finetune.train_ppo_diffusion_agent][INFO] - approx_kl: 0.0, update_epoch: 2, num_batch: 4
[2026-10-10 10:38:44,577][agent.finetune.train_ppo_diffusion_agent][INFO] - approx_kl: 0.0, update_epoch: 2, num_batch: 4
[2026-10-10 10:38:46,424][agent.finetune.train_ppo_diffusion_agent][INFO] - approx_kl: 0.0, update_epoch: 3, num_batch: 4
[2026-10-10 10:38:48,046][agent.finetune.train_ppo_diffusion_agent][INFO] - approx_kl: 0.0, update_epoch: 3, num_batch: 4
[2026-10-10 10:38:49,788][agent.finetune.train_ppo_diffusion_agent][INFO] - approx_kl: 0.0, update_epoch: 3, num_batch: 4
[2026-10-10 10:38:51,516][agent.finetune.train_ppo_diffusion_agent][INFO] - approx_kl: 0.0, update_epoch: 3, num_batch: 4
[2026-10-10 10:38:53,363][agent.finetune.train_ppo_diffusion_agent][INFO] - approx_kl: 0.0, update_epoch: 4, num_batch: 4
[2026-10-10 10:38:55,015][agent.finetune.train_ppo_diffusion_agent][INFO] - approx_kl: 0.0, update_epoch: 4, num_batch: 4
[2026-10-10 10:38:56,759][agent.finetune.train_ppo_diffusion_agent][INFO] - approx_kl: 0.0, update_epoch: 4, num_batch: 4
[2026-10-10 10:38:58,471][agent.finetune.train_ppo_diffusion_agent][INFO] - approx_kl: 0.0, update_epoch: 4, num_batch: 4
[2026-10-10 10:39:05,481][agent.finetune.train_ppo_diffusion_agent][INFO] - 26: step  1920000 | loss -2589.2156 | pg loss -2589.2707 | value loss   0.1104 | bc loss   0.0000 | reward 3928.5596 | eta   1.0000 | t: 55.5664 | kl_true_per_action=0.0003789724117024651 | logratio_p99=0.02759788274765013 | clamp_hit_frac=0.0007291666666666667 | actor_step_ratio=1.0 | actor_step_clipfrac=0.0
[2026-10-10 10:39:05,482][agent.finetune.stage3_support][INFO] - STAGE3_METRICS {"J_disc_train": 1403.974338017059, "J_disc_train_se": 23.93127995169229, "action_oor_frac": 0.14257291666666666, "adv_raw_mean": 1015.4500051823636, "adv_raw_std": 495.5203964370192, "diagnostics_seconds": 0.13420270499773324, "episode_count": 80, "explained_var": 0.5619052946567535, "explained_var_reason": null, "grad_cos_prev": 0.020324260326625043, "grad_cos_prev_reason": null, "grad_norm": 108.5260678059688, "policy_action_oor_frac": 0.14260416666666667, "proj_active": false, "reward_clip_frac": 0.0, "rollout_seconds": 12.96825582603924, "split_diff_sq": 58287.79336429702, "split_dot": -2794.0411653472643, "theta_dist": 0.40703004102660134, "theta_dist_preproj": 0.40703004102660134, "update_norm": 0.018518564744703446, "update_seconds": 42.46079625096172, "x0_sat_frac_last": 0.026772151898734175, "x0_sat_frac_mean": 0.07702378866614401}
[2026-10-10 10:39:20,403][agent.finetune.train_ppo_diffusion_agent][INFO] - approx_kl: 0.0, update_epoch: 0, num_batch: 4
[2026-10-10 10:39:22,044][agent.finetune.train_ppo_diffusion_agent][INFO] - approx_kl: 0.0, update_epoch: 0, num_batch: 4
[2026-10-10 10:39:23,796][agent.finetune.train_ppo_diffusion_agent][INFO] - approx_kl: 0.0, update_epoch: 0, num_batch: 4
[2026-10-10 10:39:25,650][agent.finetune.train_ppo_diffusion_agent][INFO] - approx_kl: 0.0, update_epoch: 0, num_batch: 4
[2026-10-10 10:39:27,296][agent.finetune.train_ppo_diffusion_agent][INFO] - approx_kl: 0.0, update_epoch: 1, num_batch: 4
[2026-10-10 10:39:29,041][agent.finetune.train_ppo_diffusion_agent][INFO] - approx_kl: 0.0, update_epoch: 1, num_batch: 4
[2026-10-10 10:39:30,835][agent.finetune.train_ppo_diffusion_agent][INFO] - approx_kl: 0.0, update_epoch: 1, num_batch: 4
[2026-10-10 10:39:32,703][agent.finetune.train_ppo_diffusion_agent][INFO] - approx_kl: 0.0, update_epoch: 1, num_batch: 4
[2026-10-10 10:39:34,387][agent.finetune.train_ppo_diffusion_agent][INFO] - approx_kl: 0.0, update_epoch: 2, num_batch: 4
[2026-10-10 10:39:36,125][agent.finetune.train_ppo_diffusion_agent][INFO] - approx_kl: 0.0, update_epoch: 2, num_batch: 4
[2026-10-10 10:39:37,879][agent.finetune.train_ppo_diffusion_agent][INFO] - approx_kl: 0.0, update_epoch: 2, num_batch: 4
[2026-10-10 10:39:39,738][agent.finetune.train_ppo_diffusion_agent][INFO] - approx_kl: 0.0, update_epoch: 2, num_batch: 4
[2026-10-10 10:39:41,396][agent.finetune.train_ppo_diffusion_agent][INFO] - approx_kl: 0.0, update_epoch: 3, num_batch: 4
[2026-10-10 10:39:43,142][agent.finetune.train_ppo_diffusion_agent][INFO] - approx_kl: 0.0, update_epoch: 3, num_batch: 4
[2026-10-10 10:39:44,876][agent.finetune.train_ppo_diffusion_agent][INFO] - approx_kl: 0.0, update_epoch: 3, num_batch: 4
[2026-10-10 10:39:46,721][agent.finetune.train_ppo_diffusion_agent][INFO] - approx_kl: 0.0, update_epoch: 3, num_batch: 4
[2026-10-10 10:39:48,346][agent.finetune.train_ppo_diffusion_agent][INFO] - approx_kl: 0.0, update_epoch: 4, num_batch: 4
[2026-10-10 10:39:50,084][agent.finetune.train_ppo_diffusion_agent][INFO] - approx_kl: 0.0, update_epoch: 4, num_batch: 4
[2026-10-10 10:39:51,836][agent.finetune.train_ppo_diffusion_agent][INFO] - approx_kl: 0.0, update_epoch: 4, num_batch: 4
[2026-10-10 10:39:53,680][agent.finetune.train_ppo_diffusion_agent][INFO] - approx_kl: 0.0, update_epoch: 4, num_batch: 4
[2026-10-10 10:40:00,714][agent.finetune.train_ppo_diffusion_agent][INFO] - 27: step  2000000 | loss -2546.8403 | pg loss -2546.8932 | value loss   0.1057 | bc loss   0.0000 | reward 3887.4440 | eta   1.0000 | t: 55.2323 | kl_true_per_action=0.00033176188550481403 | logratio_p99=0.026345794200897207 | clamp_hit_frac=0.0007333333333333333 | actor_step_ratio=1.0 | actor_step_clipfrac=0.0
[2026-10-10 10:40:00,714][agent.finetune.stage3_support][INFO] - STAGE3_METRICS {"J_disc_train": 1394.430177820742, "J_disc_train_se": 19.296225324283544, "action_oor_frac": 0.14317291666666668, "adv_raw_mean": 1002.7832324139127, "adv_raw_std": 479.6264792938413, "diagnostics_seconds": 0.12469854613300413, "episode_count": 80, "explained_var": 0.5619924664497375, "explained_var_reason": null, "grad_cos_prev": 0.060653454013638065, "grad_cos_prev_reason": null, "grad_norm": 114.52849624474678, "policy_action_oor_frac": 0.14320625, "proj_active": false, "reward_clip_frac": 0.0, "rollout_seconds": 12.821827357984148, "split_diff_sq": 48498.293387100406, "split_dot": 992.203425466429, "theta_dist": 0.4142113372361186, "theta_dist_preproj": 0.4142113372361186, "update_norm": 0.018355680493365584, "update_seconds": 42.282086877850816, "x0_sat_frac_last": 0.026933468422830127, "x0_sat_frac_mean": 0.07844128048946652}
[2026-10-10 10:40:15,300][agent.finetune.train_ppo_diffusion_agent][INFO] - approx_kl: 0.0, update_epoch: 0, num_batch: 4
[2026-10-10 10:40:17,054][agent.finetune.train_ppo_diffusion_agent][INFO] - approx_kl: 0.0, update_epoch: 0, num_batch: 4
[2026-10-10 10:40:18,776][agent.finetune.train_ppo_diffusion_agent][INFO] - approx_kl: 0.0, update_epoch: 0, num_batch: 4
[2026-10-10 10:40:20,578][agent.finetune.train_ppo_diffusion_agent][INFO] - approx_kl: 0.0, update_epoch: 0, num_batch: 4
[2026-10-10 10:40:22,226][agent.finetune.train_ppo_diffusion_agent][INFO] - approx_kl: 0.0, update_epoch: 1, num_batch: 4
[2026-10-10 10:40:23,951][agent.finetune.train_ppo_diffusion_agent][INFO] - approx_kl: 0.0, update_epoch: 1, num_batch: 4
[2026-10-10 10:40:25,730][agent.finetune.train_ppo_diffusion_agent][INFO] - approx_kl: 0.0, update_epoch: 1, num_batch: 4
[2026-10-10 10:40:27,610][agent.finetune.train_ppo_diffusion_agent][INFO] - approx_kl: 0.0, update_epoch: 1, num_batch: 4
[2026-10-10 10:40:29,294][agent.finetune.train_ppo_diffusion_agent][INFO] - approx_kl: 0.0, update_epoch: 2, num_batch: 4
[2026-10-10 10:40:31,031][agent.finetune.train_ppo_diffusion_agent][INFO] - approx_kl: 0.0, update_epoch: 2, num_batch: 4
[2026-10-10 10:40:32,788][agent.finetune.train_ppo_diffusion_agent][INFO] - approx_kl: 0.0, update_epoch: 2, num_batch: 4
[2026-10-10 10:40:34,636][agent.finetune.train_ppo_diffusion_agent][INFO] - approx_kl: 0.0, update_epoch: 2, num_batch: 4
[2026-10-10 10:40:36,308][agent.finetune.train_ppo_diffusion_agent][INFO] - approx_kl: 0.0, update_epoch: 3, num_batch: 4
[2026-10-10 10:40:38,041][agent.finetune.train_ppo_diffusion_agent][INFO] - approx_kl: 0.0, update_epoch: 3, num_batch: 4
[2026-10-10 10:40:39,771][agent.finetune.train_ppo_diffusion_agent][INFO] - approx_kl: 0.0, update_epoch: 3, num_batch: 4
[2026-10-10 10:40:41,613][agent.finetune.train_ppo_diffusion_agent][INFO] - approx_kl: 0.0, update_epoch: 3, num_batch: 4
[2026-10-10 10:40:43,256][agent.finetune.train_ppo_diffusion_agent][INFO] - approx_kl: 0.0, update_epoch: 4, num_batch: 4
[2026-10-10 10:40:45,000][agent.finetune.train_ppo_diffusion_agent][INFO] - approx_kl: 0.0, update_epoch: 4, num_batch: 4
[2026-10-10 10:40:46,736][agent.finetune.train_ppo_diffusion_agent][INFO] - approx_kl: 0.0, update_epoch: 4, num_batch: 4
[2026-10-10 10:40:48,573][agent.finetune.train_ppo_diffusion_agent][INFO] - approx_kl: 0.0, update_epoch: 4, num_batch: 4
[2026-10-10 10:40:55,588][agent.finetune.train_ppo_diffusion_agent][INFO] - 28: step  2080000 | loss -2620.0249 | pg loss -2620.0773 | value loss   0.1049 | bc loss   0.0000 | reward 3994.5266 | eta   1.0000 | t: 54.8743 | kl_true_per_action=0.0002837552660756905 | logratio_p99=0.023831554651260328 | clamp_hit_frac=0.0008229166666666667 | actor_step_ratio=1.0 | actor_step_clipfrac=0.0
[2026-10-10 10:40:55,588][agent.finetune.stage3_support][INFO] - STAGE3_METRICS {"J_disc_train": 1406.0942616767231, "J_disc_train_se": 20.42331432330622, "action_oor_frac": 0.14516041666666665, "adv_raw_mean": 1040.9972948111713, "adv_raw_std": 464.01241399236403, "diagnostics_seconds": 0.11986502807121724, "episode_count": 80, "explained_var": 0.429662823677063, "explained_var_reason": null, "grad_cos_prev": -0.03689503485455193, "grad_cos_prev_reason": null, "grad_norm": 110.50702762524165, "policy_action_oor_frac": 0.14519791666666668, "proj_active": false, "reward_clip_frac": 0.0, "rollout_seconds": 12.703403776977211, "split_diff_sq": 57723.800466285975, "split_dot": -2219.1462396486995, "theta_dist": 0.42113885088950226, "theta_dist_preproj": 0.42113885088950226, "update_norm": 0.01830911794585815, "update_seconds": 42.047515053884126, "x0_sat_frac_last": 0.02851851851851852, "x0_sat_frac_mean": 0.08030881940975519}
[2026-10-10 10:41:10,143][agent.finetune.train_ppo_diffusion_agent][INFO] - approx_kl: 0.0, update_epoch: 0, num_batch: 4
[2026-10-10 10:41:11,936][agent.finetune.train_ppo_diffusion_agent][INFO] - approx_kl: 0.0, update_epoch: 0, num_batch: 4
[2026-10-10 10:41:13,695][agent.finetune.train_ppo_diffusion_agent][INFO] - approx_kl: 0.0, update_epoch: 0, num_batch: 4
[2026-10-10 10:41:15,555][agent.finetune.train_ppo_diffusion_agent][INFO] - approx_kl: 0.0, update_epoch: 0, num_batch: 4
[2026-10-10 10:41:17,192][agent.finetune.train_ppo_diffusion_agent][INFO] - approx_kl: 0.0, update_epoch: 1, num_batch: 4
[2026-10-10 10:41:18,956][agent.finetune.train_ppo_diffusion_agent][INFO] - approx_kl: 0.0, update_epoch: 1, num_batch: 4
[2026-10-10 10:41:20,710][agent.finetune.train_ppo_diffusion_agent][INFO] - approx_kl: 0.0, update_epoch: 1, num_batch: 4
[2026-10-10 10:41:22,622][agent.finetune.train_ppo_diffusion_agent][INFO] - approx_kl: 0.0, update_epoch: 1, num_batch: 4
[2026-10-10 10:41:24,274][agent.finetune.train_ppo_diffusion_agent][INFO] - approx_kl: 0.0, update_epoch: 2, num_batch: 4
[2026-10-10 10:41:26,029][agent.finetune.train_ppo_diffusion_agent][INFO] - approx_kl: 0.0, update_epoch: 2, num_batch: 4
[2026-10-10 10:41:27,783][agent.finetune.train_ppo_diffusion_agent][INFO] - approx_kl: 0.0, update_epoch: 2, num_batch: 4
[2026-10-10 10:41:29,630][agent.finetune.train_ppo_diffusion_agent][INFO] - approx_kl: 0.0, update_epoch: 2, num_batch: 4
[2026-10-10 10:41:31,274][agent.finetune.train_ppo_diffusion_agent][INFO] - approx_kl: 0.0, update_epoch: 3, num_batch: 4
[2026-10-10 10:41:33,006][agent.finetune.train_ppo_diffusion_agent][INFO] - approx_kl: 0.0, update_epoch: 3, num_batch: 4
[2026-10-10 10:41:34,768][agent.finetune.train_ppo_diffusion_agent][INFO] - approx_kl: 0.0, update_epoch: 3, num_batch: 4
[2026-10-10 10:41:36,618][agent.finetune.train_ppo_diffusion_agent][INFO] - approx_kl: 0.0, update_epoch: 3, num_batch: 4
[2026-10-10 10:41:38,258][agent.finetune.train_ppo_diffusion_agent][INFO] - approx_kl: 0.0, update_epoch: 4, num_batch: 4
[2026-10-10 10:41:39,995][agent.finetune.train_ppo_diffusion_agent][INFO] - approx_kl: 0.0, update_epoch: 4, num_batch: 4
[2026-10-10 10:41:41,733][agent.finetune.train_ppo_diffusion_agent][INFO] - approx_kl: 0.0, update_epoch: 4, num_batch: 4
[2026-10-10 10:41:43,577][agent.finetune.train_ppo_diffusion_agent][INFO] - approx_kl: 0.0, update_epoch: 4, num_batch: 4
[2026-10-10 10:41:50,555][agent.finetune.train_ppo_diffusion_agent][INFO] - 29: step  2160000 | loss -2653.4290 | pg loss -2653.4810 | value loss   0.1041 | bc loss   0.0000 | reward 4021.6097 | eta   1.0000 | t: 54.9670 | kl_true_per_action=0.00032255633079727525 | logratio_p99=0.025440266132354727 | clamp_hit_frac=0.0007708333333333333 | actor_step_ratio=1.0 | actor_step_clipfrac=0.0
[2026-10-10 10:41:50,555][agent.finetune.stage3_support][INFO] - STAGE3_METRICS {"J_disc_train": 1426.5070275729886, "J_disc_train_se": 16.874783884083516, "action_oor_frac": 0.14669791666666668, "adv_raw_mean": 1043.74711320989, "adv_raw_std": 462.2067390457683, "diagnostics_seconds": 0.11066513892728835, "episode_count": 80, "explained_var": 0.34241676330566406, "explained_var_reason": null, "grad_cos_prev": -0.008610935821204127, "grad_cos_prev_reason": null, "grad_norm": 116.77101043402261, "policy_action_oor_frac": 0.14673125, "proj_active": false, "reward_clip_frac": 0.0, "rollout_seconds": 12.673590955906548, "split_diff_sq": 50008.364707574336, "split_dot": 1133.377810666229, "theta_dist": 0.42793151337086305, "theta_dist_preproj": 0.42793151337086305, "update_norm": 0.01851385454128099, "update_seconds": 42.17851878097281, "x0_sat_frac_last": 0.02883957585086369, "x0_sat_frac_mean": 0.07925932684258857}
[2026-10-10 10:42:03,189][agent.finetune.train_ppo_diffusion_agent][INFO] - eval: success rate   1.0000 | avg episode reward 4374.6979 | avg best reward   6.4791
[2026-10-10 10:42:03,189][agent.finetune.stage3_support][INFO] - STAGE3_METRICS {"J_disc_eval": 1549.1910096925412, "J_disc_eval_se": 11.146255216508697, "action_oor_frac": 0.0, "diagnostics_seconds": 0.007099043927155435, "episode_count": 80, "policy_action_oor_frac": 0.0, "rollout_seconds": 12.623171510989778, "update_seconds": 0.0}
[2026-10-10 10:42:17,992][agent.finetune.train_ppo_diffusion_agent][INFO] - approx_kl: 0.0, update_epoch: 0, num_batch: 4
[2026-10-10 10:42:20,088][agent.finetune.train_ppo_diffusion_agent][INFO] - approx_kl: 0.0, update_epoch: 0, num_batch: 4
[2026-10-10 10:42:21,950][agent.finetune.train_ppo_diffusion_agent][INFO] - approx_kl: 0.0, update_epoch: 0, num_batch: 4
[2026-10-10 10:42:23,926][agent.finetune.train_ppo_diffusion_agent][INFO] - approx_kl: 0.0, update_epoch: 0, num_batch: 4
[2026-10-10 10:42:25,690][agent.finetune.train_ppo_diffusion_agent][INFO] - approx_kl: 0.0, update_epoch: 1, num_batch: 4
[2026-10-10 10:42:27,569][agent.finetune.train_ppo_diffusion_agent][INFO] - approx_kl: 0.0, update_epoch: 1, num_batch: 4
[2026-10-10 10:42:29,571][agent.finetune.train_ppo_diffusion_agent][INFO] - approx_kl: 0.0, update_epoch: 1, num_batch: 4
[2026-10-10 10:42:31,606][agent.finetune.train_ppo_diffusion_agent][INFO] - approx_kl: 0.0, update_epoch: 1, num_batch: 4
[2026-10-10 10:42:33,384][agent.finetune.train_ppo_diffusion_agent][INFO] - approx_kl: 0.0, update_epoch: 2, num_batch: 4
[2026-10-10 10:42:35,271][agent.finetune.train_ppo_diffusion_agent][INFO] - approx_kl: 0.0, update_epoch: 2, num_batch: 4
[2026-10-10 10:42:37,143][agent.finetune.train_ppo_diffusion_agent][INFO] - approx_kl: 0.0, update_epoch: 2, num_batch: 4
[2026-10-10 10:42:39,153][agent.finetune.train_ppo_diffusion_agent][INFO] - approx_kl: 0.0, update_epoch: 2, num_batch: 4
[2026-10-10 10:42:40,913][agent.finetune.train_ppo_diffusion_agent][INFO] - approx_kl: 0.0, update_epoch: 3, num_batch: 4
[2026-10-10 10:42:42,829][agent.finetune.train_ppo_diffusion_agent][INFO] - approx_kl: 0.0, update_epoch: 3, num_batch: 4
[2026-10-10 10:42:44,705][agent.finetune.train_ppo_diffusion_agent][INFO] - approx_kl: 0.0, update_epoch: 3, num_batch: 4
[2026-10-10 10:42:46,671][agent.finetune.train_ppo_diffusion_agent][INFO] - approx_kl: 0.0, update_epoch: 3, num_batch: 4
[2026-10-10 10:42:48,411][agent.finetune.train_ppo_diffusion_agent][INFO] - approx_kl: 0.0, update_epoch: 4, num_batch: 4
[2026-10-10 10:42:50,259][agent.finetune.train_ppo_diffusion_agent][INFO] - approx_kl: 0.0, update_epoch: 4, num_batch: 4
[2026-10-10 10:42:52,113][agent.finetune.train_ppo_diffusion_agent][INFO] - approx_kl: 0.0, update_epoch: 4, num_batch: 4
[2026-10-10 10:42:54,094][agent.finetune.train_ppo_diffusion_agent][INFO] - approx_kl: 0.0, update_epoch: 4, num_batch: 4
[2026-10-10 10:43:01,581][agent.finetune.train_ppo_diffusion_agent][INFO] - 31: step  2240000 | loss -2723.0527 | pg loss -2723.1050 | value loss   0.1046 | bc loss   0.0000 | reward 4125.6764 | eta   1.0000 | t: 58.3926 | kl_true_per_action=0.0002998229703266097 | logratio_p99=0.02378736257553097 | clamp_hit_frac=0.0008333333333333334 | actor_step_ratio=1.0 | actor_step_clipfrac=0.0
[2026-10-10 10:43:01,581][agent.finetune.stage3_support][INFO] - STAGE3_METRICS {"J_disc_train": 1450.1340800472262, "J_disc_train_se": 12.280190948801161, "action_oor_frac": 0.1493125, "adv_raw_mean": 1076.0174732813246, "adv_raw_std": 450.3544885996841, "diagnostics_seconds": 0.13688942801672965, "episode_count": 80, "explained_var": 0.1890152096748352, "explained_var_reason": null, "grad_cos_prev": -0.0026410651129415027, "grad_cos_prev_reason": null, "grad_norm": 117.04375838825759, "policy_action_oor_frac": 0.14934166666666668, "proj_active": false, "reward_clip_frac": 0.0, "rollout_seconds": 12.65723598911427, "split_diff_sq": 53765.86114512215, "split_dot": 257.77575488034586, "theta_dist": 0.4347445866076421, "theta_dist_preproj": 0.4347445866076421, "update_norm": 0.018380078549737004, "update_seconds": 45.594931880012155, "x0_sat_frac_last": 0.028381025378981434, "x0_sat_frac_mean": 0.08169039165664518}
[2026-10-10 10:43:16,370][agent.finetune.train_ppo_diffusion_agent][INFO] - approx_kl: 0.0, update_epoch: 0, num_batch: 4
[2026-10-10 10:43:18,236][agent.finetune.train_ppo_diffusion_agent][INFO] - approx_kl: 0.0, update_epoch: 0, num_batch: 4
[2026-10-10 10:43:20,187][agent.finetune.train_ppo_diffusion_agent][INFO] - approx_kl: 0.0, update_epoch: 0, num_batch: 4
[2026-10-10 10:43:21,947][agent.finetune.train_ppo_diffusion_agent][INFO] - approx_kl: 0.0, update_epoch: 0, num_batch: 4
[2026-10-10 10:43:23,796][agent.finetune.train_ppo_diffusion_agent][INFO] - approx_kl: 0.0, update_epoch: 1, num_batch: 4
[2026-10-10 10:43:25,688][agent.finetune.train_ppo_diffusion_agent][INFO] - approx_kl: 0.0, update_epoch: 1, num_batch: 4
[2026-10-10 10:43:27,698][agent.finetune.train_ppo_diffusion_agent][INFO] - approx_kl: 0.0, update_epoch: 1, num_batch: 4
[2026-10-10 10:43:29,498][agent.finetune.train_ppo_diffusion_agent][INFO] - approx_kl: 0.0, update_epoch: 1, num_batch: 4
[2026-10-10 10:43:31,364][agent.finetune.train_ppo_diffusion_agent][INFO] - approx_kl: 0.0, update_epoch: 2, num_batch: 4
[2026-10-10 10:43:33,259][agent.finetune.train_ppo_diffusion_agent][INFO] - approx_kl: 0.0, update_epoch: 2, num_batch: 4
[2026-10-10 10:43:35,227][agent.finetune.train_ppo_diffusion_agent][INFO] - approx_kl: 0.0, update_epoch: 2, num_batch: 4
[2026-10-10 10:43:37,030][agent.finetune.train_ppo_diffusion_agent][INFO] - approx_kl: 0.0, update_epoch: 2, num_batch: 4
[2026-10-10 10:43:38,891][agent.finetune.train_ppo_diffusion_agent][INFO] - approx_kl: 0.0, update_epoch: 3, num_batch: 4
[2026-10-10 10:43:40,763][agent.finetune.train_ppo_diffusion_agent][INFO] - approx_kl: 0.0, update_epoch: 3, num_batch: 4
[2026-10-10 10:43:42,736][agent.finetune.train_ppo_diffusion_agent][INFO] - approx_kl: 0.0, update_epoch: 3, num_batch: 4
[2026-10-10 10:43:44,516][agent.finetune.train_ppo_diffusion_agent][INFO] - approx_kl: 0.0, update_epoch: 3, num_batch: 4
[2026-10-10 10:43:46,400][agent.finetune.train_ppo_diffusion_agent][INFO] - approx_kl: 0.0, update_epoch: 4, num_batch: 4
[2026-10-10 10:43:48,252][agent.finetune.train_ppo_diffusion_agent][INFO] - approx_kl: 0.0, update_epoch: 4, num_batch: 4
[2026-10-10 10:43:50,250][agent.finetune.train_ppo_diffusion_agent][INFO] - approx_kl: 0.0, update_epoch: 4, num_batch: 4
[2026-10-10 10:43:52,003][agent.finetune.train_ppo_diffusion_agent][INFO] - approx_kl: 0.0, update_epoch: 4, num_batch: 4
[2026-10-10 10:43:59,494][agent.finetune.train_ppo_diffusion_agent][INFO] - 32: step  2320000 | loss -2616.7874 | pg loss -2616.8415 | value loss   0.1082 | bc loss   0.0000 | reward 3981.8750 | eta   1.0000 | t: 57.9126 | kl_true_per_action=0.0003408376260907673 | logratio_p99=0.025828894376754733 | clamp_hit_frac=0.0007625 | actor_step_ratio=1.0 | actor_step_clipfrac=0.0
[2026-10-10 10:43:59,494][agent.finetune.stage3_support][INFO] - STAGE3_METRICS {"J_disc_train": 1418.2893163696394, "J_disc_train_se": 19.100719322020147, "action_oor_frac": 0.14552708333333333, "adv_raw_mean": 1031.1074498503215, "adv_raw_std": 464.9481510176688, "diagnostics_seconds": 0.11730313301086426, "episode_count": 80, "explained_var": 0.33941739797592163, "explained_var_reason": null, "grad_cos_prev": -0.011792518926079451, "grad_cos_prev_reason": null, "grad_norm": 112.4342231445742, "policy_action_oor_frac": 0.14556875, "proj_active": false, "reward_clip_frac": 0.0, "rollout_seconds": 12.830341354943812, "split_diff_sq": 52731.70964897368, "split_dot": -541.4733781537805, "theta_dist": 0.4414463556560231, "theta_dist_preproj": 0.4414463556560231, "update_norm": 0.01843395310119726, "update_seconds": 44.96120639704168, "x0_sat_frac_last": 0.027688834154351395, "x0_sat_frac_mean": 0.08013099832371164}
[2026-10-10 10:44:14,455][agent.finetune.train_ppo_diffusion_agent][INFO] - approx_kl: 0.0, update_epoch: 0, num_batch: 4
[2026-10-10 10:44:16,185][agent.finetune.train_ppo_diffusion_agent][INFO] - approx_kl: 0.0, update_epoch: 0, num_batch: 4
[2026-10-10 10:44:18,018][agent.finetune.train_ppo_diffusion_agent][INFO] - approx_kl: 0.0, update_epoch: 0, num_batch: 4
[2026-10-10 10:44:19,647][agent.finetune.train_ppo_diffusion_agent][INFO] - approx_kl: 0.0, update_epoch: 0, num_batch: 4
[2026-10-10 10:44:21,361][agent.finetune.train_ppo_diffusion_agent][INFO] - approx_kl: 0.0, update_epoch: 1, num_batch: 4
[2026-10-10 10:44:23,096][agent.finetune.train_ppo_diffusion_agent][INFO] - approx_kl: 0.0, update_epoch: 1, num_batch: 4
[2026-10-10 10:44:25,081][agent.finetune.train_ppo_diffusion_agent][INFO] - approx_kl: 0.0, update_epoch: 1, num_batch: 4
[2026-10-10 10:44:26,726][agent.finetune.train_ppo_diffusion_agent][INFO] - approx_kl: 0.0, update_epoch: 1, num_batch: 4
[2026-10-10 10:44:28,500][agent.finetune.train_ppo_diffusion_agent][INFO] - approx_kl: 0.0, update_epoch: 2, num_batch: 4
[2026-10-10 10:44:30,232][agent.finetune.train_ppo_diffusion_agent][INFO] - approx_kl: 0.0, update_epoch: 2, num_batch: 4
[2026-10-10 10:44:32,090][agent.finetune.train_ppo_diffusion_agent][INFO] - approx_kl: 0.0, update_epoch: 2, num_batch: 4
[2026-10-10 10:44:33,727][agent.finetune.train_ppo_diffusion_agent][INFO] - approx_kl: 0.0, update_epoch: 2, num_batch: 4
[2026-10-10 10:44:35,486][agent.finetune.train_ppo_diffusion_agent][INFO] - approx_kl: 0.0, update_epoch: 3, num_batch: 4
[2026-10-10 10:44:37,214][agent.finetune.train_ppo_diffusion_agent][INFO] - approx_kl: 0.0, update_epoch: 3, num_batch: 4
[2026-10-10 10:44:39,049][agent.finetune.train_ppo_diffusion_agent][INFO] - approx_kl: 0.0, update_epoch: 3, num_batch: 4
[2026-10-10 10:44:40,677][agent.finetune.train_ppo_diffusion_agent][INFO] - approx_kl: 0.0, update_epoch: 3, num_batch: 4
[2026-10-10 10:44:42,394][agent.finetune.train_ppo_diffusion_agent][INFO] - approx_kl: 0.0, update_epoch: 4, num_batch: 4
[2026-10-10 10:44:44,138][agent.finetune.train_ppo_diffusion_agent][INFO] - approx_kl: 0.0, update_epoch: 4, num_batch: 4
[2026-10-10 10:44:45,946][agent.finetune.train_ppo_diffusion_agent][INFO] - approx_kl: 0.0, update_epoch: 4, num_batch: 4
[2026-10-10 10:44:47,561][agent.finetune.train_ppo_diffusion_agent][INFO] - approx_kl: 0.0, update_epoch: 4, num_batch: 4
[2026-10-10 10:44:54,465][agent.finetune.train_ppo_diffusion_agent][INFO] - 33: step  2400000 | loss -2646.4326 | pg loss -2646.4846 | value loss   0.1039 | bc loss   0.0000 | reward 4017.3763 | eta   1.0000 | t: 54.9713 | kl_true_per_action=0.0003708386559779524 | logratio_p99=0.026985205411911004 | clamp_hit_frac=0.0008125 | actor_step_ratio=1.0 | actor_step_clipfrac=0.0
[2026-10-10 10:44:54,465][agent.finetune.stage3_support][INFO] - STAGE3_METRICS {"J_disc_train": 1411.517735614446, "J_disc_train_se": 22.146672531969536, "action_oor_frac": 0.14521666666666666, "adv_raw_mean": 1047.989506510606, "adv_raw_std": 465.65063614339067, "diagnostics_seconds": 0.12918877718038857, "episode_count": 80, "explained_var": 0.36310291290283203, "explained_var_reason": null, "grad_cos_prev": -0.08758756028529059, "grad_cos_prev_reason": null, "grad_norm": 139.17123030757048, "policy_action_oor_frac": 0.14524166666666666, "proj_active": false, "reward_clip_frac": 0.0, "rollout_seconds": 12.636063538957387, "split_diff_sq": 53599.36461373667, "split_dot": 5968.789473850542, "theta_dist": 0.4477291271421417, "theta_dist_preproj": 0.4477291271421417, "update_norm": 0.018346872673435453, "update_seconds": 42.20270528178662, "x0_sat_frac_last": 0.027310396785534905, "x0_sat_frac_mean": 0.08057123882667623}
[2026-10-10 10:45:09,139][agent.finetune.train_ppo_diffusion_agent][INFO] - approx_kl: 0.0, update_epoch: 0, num_batch: 4
[2026-10-10 10:45:10,849][agent.finetune.train_ppo_diffusion_agent][INFO] - approx_kl: 0.0, update_epoch: 0, num_batch: 4
[2026-10-10 10:45:12,650][agent.finetune.train_ppo_diffusion_agent][INFO] - approx_kl: 0.0, update_epoch: 0, num_batch: 4
[2026-10-10 10:45:14,298][agent.finetune.train_ppo_diffusion_agent][INFO] - approx_kl: 0.0, update_epoch: 0, num_batch: 4
[2026-10-10 10:45:15,985][agent.finetune.train_ppo_diffusion_agent][INFO] - approx_kl: 0.0, update_epoch: 1, num_batch: 4
[2026-10-10 10:45:17,791][agent.finetune.train_ppo_diffusion_agent][INFO] - approx_kl: 0.0, update_epoch: 1, num_batch: 4
[2026-10-10 10:45:19,459][agent.finetune.train_ppo_diffusion_agent][INFO] - approx_kl: 0.0, update_epoch: 1, num_batch: 4
[2026-10-10 10:45:21,213][agent.finetune.train_ppo_diffusion_agent][INFO] - approx_kl: 0.0, update_epoch: 1, num_batch: 4
[2026-10-10 10:45:22,984][agent.finetune.train_ppo_diffusion_agent][INFO] - approx_kl: 0.0, update_epoch: 2, num_batch: 4
[2026-10-10 10:45:24,810][agent.finetune.train_ppo_diffusion_agent][INFO] - approx_kl: 0.0, update_epoch: 2, num_batch: 4
[2026-10-10 10:45:26,444][agent.finetune.train_ppo_diffusion_agent][INFO] - approx_kl: 0.0, update_epoch: 2, num_batch: 4
[2026-10-10 10:45:28,195][agent.finetune.train_ppo_diffusion_agent][INFO] - approx_kl: 0.0, update_epoch: 2, num_batch: 4
[2026-10-10 10:45:29,909][agent.finetune.train_ppo_diffusion_agent][INFO] - approx_kl: 0.0, update_epoch: 3, num_batch: 4
[2026-10-10 10:45:31,761][agent.finetune.train_ppo_diffusion_agent][INFO] - approx_kl: 0.0, update_epoch: 3, num_batch: 4
[2026-10-10 10:45:33,397][agent.finetune.train_ppo_diffusion_agent][INFO] - approx_kl: 0.0, update_epoch: 3, num_batch: 4
[2026-10-10 10:45:35,143][agent.finetune.train_ppo_diffusion_agent][INFO] - approx_kl: 0.0, update_epoch: 3, num_batch: 4
[2026-10-10 10:45:36,853][agent.finetune.train_ppo_diffusion_agent][INFO] - approx_kl: 0.0, update_epoch: 4, num_batch: 4
[2026-10-10 10:45:38,676][agent.finetune.train_ppo_diffusion_agent][INFO] - approx_kl: 0.0, update_epoch: 4, num_batch: 4
[2026-10-10 10:45:40,304][agent.finetune.train_ppo_diffusion_agent][INFO] - approx_kl: 0.0, update_epoch: 4, num_batch: 4
[2026-10-10 10:45:42,041][agent.finetune.train_ppo_diffusion_agent][INFO] - approx_kl: 0.0, update_epoch: 4, num_batch: 4
[2026-10-10 10:45:48,994][agent.finetune.train_ppo_diffusion_agent][INFO] - 34: step  2480000 | loss -2654.6616 | pg loss -2654.7156 | value loss   0.1079 | bc loss   0.0000 | reward 4043.4277 | eta   1.0000 | t: 54.5295 | kl_true_per_action=0.00035194909639098233 | logratio_p99=0.02679915904998776 | clamp_hit_frac=0.00075 | actor_step_ratio=1.0 | actor_step_clipfrac=0.0
[2026-10-10 10:45:48,995][agent.finetune.stage3_support][INFO] - STAGE3_METRICS {"J_disc_train": 1447.044919751263, "J_disc_train_se": 18.48806189544306, "action_oor_frac": 0.14666666666666667, "adv_raw_mean": 1044.3413045177717, "adv_raw_std": 475.24444141487635, "diagnostics_seconds": 0.12884654488880187, "episode_count": 80, "explained_var": 0.3891128897666931, "explained_var_reason": null, "grad_cos_prev": 0.020909106212158354, "grad_cos_prev_reason": null, "grad_norm": 116.65851451253464, "policy_action_oor_frac": 0.14669375, "proj_active": false, "reward_clip_frac": 0.0, "rollout_seconds": 12.652208234998398, "split_diff_sq": 50270.22890256526, "split_dot": 1041.6518233178572, "theta_dist": 0.45391442373148777, "theta_dist_preproj": 0.45391442373148777, "update_norm": 0.01846108195864609, "update_seconds": 41.744657512172125, "x0_sat_frac_last": 0.028586497890295357, "x0_sat_frac_mean": 0.08131439880455682}
[2026-10-10 10:46:03,725][agent.finetune.train_ppo_diffusion_agent][INFO] - approx_kl: 0.0, update_epoch: 0, num_batch: 4
[2026-10-10 10:46:05,552][agent.finetune.train_ppo_diffusion_agent][INFO] - approx_kl: 0.0, update_epoch: 0, num_batch: 4
[2026-10-10 10:46:07,198][agent.finetune.train_ppo_diffusion_agent][INFO] - approx_kl: 0.0, update_epoch: 0, num_batch: 4
[2026-10-10 10:46:08,933][agent.finetune.train_ppo_diffusion_agent][INFO] - approx_kl: 0.0, update_epoch: 0, num_batch: 4
[2026-10-10 10:46:10,659][agent.finetune.train_ppo_diffusion_agent][INFO] - approx_kl: 0.0, update_epoch: 1, num_batch: 4
[2026-10-10 10:46:12,472][agent.finetune.train_ppo_diffusion_agent][INFO] - approx_kl: 0.0, update_epoch: 1, num_batch: 4
[2026-10-10 10:46:14,121][agent.finetune.train_ppo_diffusion_agent][INFO] - approx_kl: 0.0, update_epoch: 1, num_batch: 4
[2026-10-10 10:46:15,862][agent.finetune.train_ppo_diffusion_agent][INFO] - approx_kl: 0.0, update_epoch: 1, num_batch: 4
[2026-10-10 10:46:17,680][agent.finetune.train_ppo_diffusion_agent][INFO] - approx_kl: 0.0, update_epoch: 2, num_batch: 4
[2026-10-10 10:46:19,550][agent.finetune.train_ppo_diffusion_agent][INFO] - approx_kl: 0.0, update_epoch: 2, num_batch: 4
[2026-10-10 10:46:21,236][agent.finetune.train_ppo_diffusion_agent][INFO] - approx_kl: 0.0, update_epoch: 2, num_batch: 4
[2026-10-10 10:46:22,977][agent.finetune.train_ppo_diffusion_agent][INFO] - approx_kl: 0.0, update_epoch: 2, num_batch: 4
[2026-10-10 10:46:24,738][agent.finetune.train_ppo_diffusion_agent][INFO] - approx_kl: 0.0, update_epoch: 3, num_batch: 4
[2026-10-10 10:46:26,589][agent.finetune.train_ppo_diffusion_agent][INFO] - approx_kl: 0.0, update_epoch: 3, num_batch: 4
[2026-10-10 10:46:28,263][agent.finetune.train_ppo_diffusion_agent][INFO] - approx_kl: 0.0, update_epoch: 3, num_batch: 4
[2026-10-10 10:46:30,001][agent.finetune.train_ppo_diffusion_agent][INFO] - approx_kl: 0.0, update_epoch: 3, num_batch: 4
[2026-10-10 10:46:31,754][agent.finetune.train_ppo_diffusion_agent][INFO] - approx_kl: 0.0, update_epoch: 4, num_batch: 4
[2026-10-10 10:46:33,602][agent.finetune.train_ppo_diffusion_agent][INFO] - approx_kl: 0.0, update_epoch: 4, num_batch: 4
[2026-10-10 10:46:35,247][agent.finetune.train_ppo_diffusion_agent][INFO] - approx_kl: 0.0, update_epoch: 4, num_batch: 4
[2026-10-10 10:46:36,991][agent.finetune.train_ppo_diffusion_agent][INFO] - approx_kl: 0.0, update_epoch: 4, num_batch: 4
[2026-10-10 10:46:44,011][agent.finetune.train_agent][INFO] - Saved model to /soalnas/share/data/zbao7/diffusion_policy/results/stage3/E2_nobase_seed0/checkpoint/state_35.pt
[2026-10-10 10:46:44,011][agent.finetune.train_ppo_diffusion_agent][INFO] - 35: step  2560000 | loss -2694.3354 | pg loss -2694.3891 | value loss   0.1076 | bc loss   0.0000 | reward 4076.3794 | eta   1.0000 | t: 55.0164 | kl_true_per_action=0.0003500945810405781 | logratio_p99=0.02702037334442136 | clamp_hit_frac=0.0007833333333333334 | actor_step_ratio=1.0 | actor_step_clipfrac=0.0
[2026-10-10 10:46:44,011][agent.finetune.stage3_support][INFO] - STAGE3_METRICS {"J_disc_train": 1426.040731373439, "J_disc_train_se": 17.134089692331823, "action_oor_frac": 0.14849375, "adv_raw_mean": 1065.8396471142573, "adv_raw_std": 464.0864616527283, "diagnostics_seconds": 0.1137969788396731, "episode_count": 80, "explained_var": 0.3432987928390503, "explained_var_reason": null, "grad_cos_prev": 0.01982942947093853, "grad_cos_prev_reason": null, "grad_norm": 127.46812571088756, "policy_action_oor_frac": 0.14852291666666667, "proj_active": false, "reward_clip_frac": 0.0, "rollout_seconds": 12.821885190089233, "split_diff_sq": 54321.27614617408, "split_dot": 2667.8036429849594, "theta_dist": 0.4602615483310028, "theta_dist_preproj": 0.4602615483310028, "update_norm": 0.01839792416376895, "update_seconds": 42.052990143187344, "x0_sat_frac_last": 0.029656136887133925, "x0_sat_frac_mean": 0.08273228276988107}
[2026-10-10 10:46:59,065][agent.finetune.train_ppo_diffusion_agent][INFO] - approx_kl: 0.0, update_epoch: 0, num_batch: 4
[2026-10-10 10:47:00,868][agent.finetune.train_ppo_diffusion_agent][INFO] - approx_kl: 0.0, update_epoch: 0, num_batch: 4
[2026-10-10 10:47:02,499][agent.finetune.train_ppo_diffusion_agent][INFO] - approx_kl: 0.0, update_epoch: 0, num_batch: 4
[2026-10-10 10:47:04,197][agent.finetune.train_ppo_diffusion_agent][INFO] - approx_kl: 0.0, update_epoch: 0, num_batch: 4
[2026-10-10 10:47:05,891][agent.finetune.train_ppo_diffusion_agent][INFO] - approx_kl: 0.0, update_epoch: 1, num_batch: 4
[2026-10-10 10:47:07,719][agent.finetune.train_ppo_diffusion_agent][INFO] - approx_kl: 0.0, update_epoch: 1, num_batch: 4
[2026-10-10 10:47:09,399][agent.finetune.train_ppo_diffusion_agent][INFO] - approx_kl: 0.0, update_epoch: 1, num_batch: 4
[2026-10-10 10:47:11,150][agent.finetune.train_ppo_diffusion_agent][INFO] - approx_kl: 0.0, update_epoch: 1, num_batch: 4
[2026-10-10 10:47:12,956][agent.finetune.train_ppo_diffusion_agent][INFO] - approx_kl: 0.0, update_epoch: 2, num_batch: 4
[2026-10-10 10:47:14,811][agent.finetune.train_ppo_diffusion_agent][INFO] - approx_kl: 0.0, update_epoch: 2, num_batch: 4
[2026-10-10 10:47:16,458][agent.finetune.train_ppo_diffusion_agent][INFO] - approx_kl: 0.0, update_epoch: 2, num_batch: 4
[2026-10-10 10:47:18,224][agent.finetune.train_ppo_diffusion_agent][INFO] - approx_kl: 0.0, update_epoch: 2, num_batch: 4
[2026-10-10 10:47:19,929][agent.finetune.train_ppo_diffusion_agent][INFO] - approx_kl: 0.0, update_epoch: 3, num_batch: 4
[2026-10-10 10:47:21,783][agent.finetune.train_ppo_diffusion_agent][INFO] - approx_kl: 0.0, update_epoch: 3, num_batch: 4
[2026-10-10 10:47:23,426][agent.finetune.train_ppo_diffusion_agent][INFO] - approx_kl: 0.0, update_epoch: 3, num_batch: 4
[2026-10-10 10:47:25,172][agent.finetune.train_ppo_diffusion_agent][INFO] - approx_kl: 0.0, update_epoch: 3, num_batch: 4
[2026-10-10 10:47:26,907][agent.finetune.train_ppo_diffusion_agent][INFO] - approx_kl: 0.0, update_epoch: 4, num_batch: 4
[2026-10-10 10:47:28,750][agent.finetune.train_ppo_diffusion_agent][INFO] - approx_kl: 0.0, update_epoch: 4, num_batch: 4
[2026-10-10 10:47:30,391][agent.finetune.train_ppo_diffusion_agent][INFO] - approx_kl: 0.0, update_epoch: 4, num_batch: 4
[2026-10-10 10:47:32,130][agent.finetune.train_ppo_diffusion_agent][INFO] - approx_kl: 0.0, update_epoch: 4, num_batch: 4
[2026-10-10 10:47:39,125][agent.finetune.train_ppo_diffusion_agent][INFO] - 36: step  2640000 | loss -2556.3306 | pg loss -2556.3849 | value loss   0.1090 | bc loss   0.0000 | reward 3895.6853 | eta   1.0000 | t: 55.1141 | kl_true_per_action=0.0004027707968657466 | logratio_p99=0.028728752136230447 | clamp_hit_frac=0.000825 | actor_step_ratio=1.0 | actor_step_clipfrac=0.0
[2026-10-10 10:47:39,125][agent.finetune.stage3_support][INFO] - STAGE3_METRICS {"J_disc_train": 1379.4184049248302, "J_disc_train_se": 25.869292248229645, "action_oor_frac": 0.14244375, "adv_raw_mean": 1012.0244418965265, "adv_raw_std": 484.1099605316503, "diagnostics_seconds": 0.1178376319585368, "episode_count": 80, "explained_var": 0.5385475158691406, "explained_var_reason": null, "grad_cos_prev": 0.02714133624963542, "grad_cos_prev_reason": null, "grad_norm": 107.01880696390877, "policy_action_oor_frac": 0.14245833333333333, "proj_active": false, "reward_clip_frac": 0.0, "rollout_seconds": 13.09639809501823, "split_diff_sq": 55755.34636797037, "split_dot": -2485.811791484178, "theta_dist": 0.4667055536301695, "theta_dist_preproj": 0.4667055536301695, "update_norm": 0.018399073083032964, "update_seconds": 41.89702999300789, "x0_sat_frac_last": 0.02881736526946108, "x0_sat_frac_mean": 0.08062935579409874}
[2026-10-10 10:47:54,385][agent.finetune.train_ppo_diffusion_agent][INFO] - approx_kl: 0.0, update_epoch: 0, num_batch: 4
[2026-10-10 10:47:56,462][agent.finetune.train_ppo_diffusion_agent][INFO] - approx_kl: 0.0, update_epoch: 0, num_batch: 4
[2026-10-10 10:47:58,215][agent.finetune.train_ppo_diffusion_agent][INFO] - approx_kl: 0.0, update_epoch: 0, num_batch: 4
[2026-10-10 10:48:00,148][agent.finetune.train_ppo_diffusion_agent][INFO] - approx_kl: 0.0, update_epoch: 0, num_batch: 4
[2026-10-10 10:48:02,061][agent.finetune.train_ppo_diffusion_agent][INFO] - approx_kl: 0.0, update_epoch: 1, num_batch: 4
[2026-10-10 10:48:04,370][agent.finetune.train_ppo_diffusion_agent][INFO] - approx_kl: 0.0, update_epoch: 1, num_batch: 4
[2026-10-10 10:48:06,149][agent.finetune.train_ppo_diffusion_agent][INFO] - approx_kl: 0.0, update_epoch: 1, num_batch: 4
[2026-10-10 10:48:08,250][agent.finetune.train_ppo_diffusion_agent][INFO] - approx_kl: 0.0, update_epoch: 1, num_batch: 4
[2026-10-10 10:48:10,105][agent.finetune.train_ppo_diffusion_agent][INFO] - approx_kl: 0.0, update_epoch: 2, num_batch: 4
[2026-10-10 10:48:12,099][agent.finetune.train_ppo_diffusion_agent][INFO] - approx_kl: 0.0, update_epoch: 2, num_batch: 4
[2026-10-10 10:48:13,886][agent.finetune.train_ppo_diffusion_agent][INFO] - approx_kl: 0.0, update_epoch: 2, num_batch: 4
[2026-10-10 10:48:15,746][agent.finetune.train_ppo_diffusion_agent][INFO] - approx_kl: 0.0, update_epoch: 2, num_batch: 4
[2026-10-10 10:48:17,606][agent.finetune.train_ppo_diffusion_agent][INFO] - approx_kl: 0.0, update_epoch: 3, num_batch: 4
[2026-10-10 10:48:19,590][agent.finetune.train_ppo_diffusion_agent][INFO] - approx_kl: 0.0, update_epoch: 3, num_batch: 4
[2026-10-10 10:48:21,344][agent.finetune.train_ppo_diffusion_agent][INFO] - approx_kl: 0.0, update_epoch: 3, num_batch: 4
[2026-10-10 10:48:23,215][agent.finetune.train_ppo_diffusion_agent][INFO] - approx_kl: 0.0, update_epoch: 3, num_batch: 4
[2026-10-10 10:48:25,067][agent.finetune.train_ppo_diffusion_agent][INFO] - approx_kl: 0.0, update_epoch: 4, num_batch: 4
[2026-10-10 10:48:27,037][agent.finetune.train_ppo_diffusion_agent][INFO] - approx_kl: 0.0, update_epoch: 4, num_batch: 4
[2026-10-10 10:48:28,810][agent.finetune.train_ppo_diffusion_agent][INFO] - approx_kl: 0.0, update_epoch: 4, num_batch: 4
[2026-10-10 10:48:30,661][agent.finetune.train_ppo_diffusion_agent][INFO] - approx_kl: 0.0, update_epoch: 4, num_batch: 4
[2026-10-10 10:48:38,148][agent.finetune.train_ppo_diffusion_agent][INFO] - 37: step  2720000 | loss -2586.1172 | pg loss -2586.1687 | value loss   0.1029 | bc loss   0.0000 | reward 3953.7218 | eta   1.0000 | t: 59.0231 | kl_true_per_action=0.0003695148532482815 | logratio_p99=0.027817337512969956 | clamp_hit_frac=0.0007833333333333334 | actor_step_ratio=1.0 | actor_step_clipfrac=0.0
[2026-10-10 10:48:38,148][agent.finetune.stage3_support][INFO] - STAGE3_METRICS {"J_disc_train": 1414.154843496924, "J_disc_train_se": 22.38226087627575, "action_oor_frac": 0.14469583333333333, "adv_raw_mean": 1021.4833899400122, "adv_raw_std": 483.1304618509896, "diagnostics_seconds": 0.11858911789022386, "episode_count": 80, "explained_var": 0.5313339829444885, "explained_var_reason": null, "grad_cos_prev": -0.010754236403167158, "grad_cos_prev_reason": null, "grad_norm": 114.6616668675194, "policy_action_oor_frac": 0.14472291666666667, "proj_active": false, "reward_clip_frac": 0.0, "rollout_seconds": 13.020014932961203, "split_diff_sq": 58168.03691202229, "split_dot": -1394.7116231052764, "theta_dist": 0.4729403959482311, "theta_dist_preproj": 0.4729403959482311, "update_norm": 0.01791103456996233, "update_seconds": 45.88025501114316, "x0_sat_frac_last": 0.02827978580990629, "x0_sat_frac_mean": 0.08182095950142487}
[2026-10-10 10:48:53,466][agent.finetune.train_ppo_diffusion_agent][INFO] - approx_kl: 0.0, update_epoch: 0, num_batch: 4
[2026-10-10 10:48:55,117][agent.finetune.train_ppo_diffusion_agent][INFO] - approx_kl: 0.0, update_epoch: 0, num_batch: 4
[2026-10-10 10:48:56,839][agent.finetune.train_ppo_diffusion_agent][INFO] - approx_kl: 0.0, update_epoch: 0, num_batch: 4
[2026-10-10 10:48:58,540][agent.finetune.train_ppo_diffusion_agent][INFO] - approx_kl: 0.0, update_epoch: 0, num_batch: 4
[2026-10-10 10:49:00,359][agent.finetune.train_ppo_diffusion_agent][INFO] - approx_kl: 0.0, update_epoch: 1, num_batch: 4
[2026-10-10 10:49:02,007][agent.finetune.train_ppo_diffusion_agent][INFO] - approx_kl: 0.0, update_epoch: 1, num_batch: 4
[2026-10-10 10:49:03,869][agent.finetune.train_ppo_diffusion_agent][INFO] - approx_kl: 0.0, update_epoch: 1, num_batch: 4
[2026-10-10 10:49:05,600][agent.finetune.train_ppo_diffusion_agent][INFO] - approx_kl: 0.0, update_epoch: 1, num_batch: 4
[2026-10-10 10:49:07,488][agent.finetune.train_ppo_diffusion_agent][INFO] - approx_kl: 0.0, update_epoch: 2, num_batch: 4
[2026-10-10 10:49:09,135][agent.finetune.train_ppo_diffusion_agent][INFO] - approx_kl: 0.0, update_epoch: 2, num_batch: 4
[2026-10-10 10:49:10,897][agent.finetune.train_ppo_diffusion_agent][INFO] - approx_kl: 0.0, update_epoch: 2, num_batch: 4
[2026-10-10 10:49:12,636][agent.finetune.train_ppo_diffusion_agent][INFO] - approx_kl: 0.0, update_epoch: 2, num_batch: 4
[2026-10-10 10:49:14,497][agent.finetune.train_ppo_diffusion_agent][INFO] - approx_kl: 0.0, update_epoch: 3, num_batch: 4
[2026-10-10 10:49:16,142][agent.finetune.train_ppo_diffusion_agent][INFO] - approx_kl: 0.0, update_epoch: 3, num_batch: 4
[2026-10-10 10:49:17,892][agent.finetune.train_ppo_diffusion_agent][INFO] - approx_kl: 0.0, update_epoch: 3, num_batch: 4
[2026-10-10 10:49:19,616][agent.finetune.train_ppo_diffusion_agent][INFO] - approx_kl: 0.0, update_epoch: 3, num_batch: 4
[2026-10-10 10:49:21,425][agent.finetune.train_ppo_diffusion_agent][INFO] - approx_kl: 0.0, update_epoch: 4, num_batch: 4
[2026-10-10 10:49:23,088][agent.finetune.train_ppo_diffusion_agent][INFO] - approx_kl: 0.0, update_epoch: 4, num_batch: 4
[2026-10-10 10:49:24,826][agent.finetune.train_ppo_diffusion_agent][INFO] - approx_kl: 0.0, update_epoch: 4, num_batch: 4
[2026-10-10 10:49:26,561][agent.finetune.train_ppo_diffusion_agent][INFO] - approx_kl: 0.0, update_epoch: 4, num_batch: 4
[2026-10-10 10:49:33,544][agent.finetune.train_ppo_diffusion_agent][INFO] - 38: step  2800000 | loss -2556.3496 | pg loss -2556.4034 | value loss   0.1077 | bc loss   0.0000 | reward 3886.1438 | eta   1.0000 | t: 55.3960 | kl_true_per_action=0.00039947407595763653 | logratio_p99=0.02913655757904041 | clamp_hit_frac=0.0007645833333333334 | actor_step_ratio=1.0 | actor_step_clipfrac=0.0
[2026-10-10 10:49:33,544][agent.finetune.stage3_support][INFO] - STAGE3_METRICS {"J_disc_train": 1399.9476323178073, "J_disc_train_se": 23.041958863067435, "action_oor_frac": 0.14252291666666667, "adv_raw_mean": 1000.0782576559674, "adv_raw_std": 499.4166146610936, "diagnostics_seconds": 0.12456994410604239, "episode_count": 80, "explained_var": 0.5943248867988586, "explained_var_reason": null, "grad_cos_prev": 0.02578675121826197, "grad_cos_prev_reason": null, "grad_norm": 110.42798383075994, "policy_action_oor_frac": 0.14255, "proj_active": false, "reward_clip_frac": 0.0, "rollout_seconds": 12.889367004972883, "split_diff_sq": 51959.9073746268, "split_dot": -795.6368983630808, "theta_dist": 0.4791057798210279, "theta_dist_preproj": 0.4791057798210279, "update_norm": 0.01794501168407431, "update_seconds": 42.37768888589926, "x0_sat_frac_last": 0.028053624627606754, "x0_sat_frac_mean": 0.08074696521414654}
[2026-10-10 10:49:49,051][agent.finetune.train_ppo_diffusion_agent][INFO] - approx_kl: 0.0, update_epoch: 0, num_batch: 4
[2026-10-10 10:49:50,792][agent.finetune.train_ppo_diffusion_agent][INFO] - approx_kl: 0.0, update_epoch: 0, num_batch: 4
[2026-10-10 10:49:52,772][agent.finetune.train_ppo_diffusion_agent][INFO] - approx_kl: 0.0, update_epoch: 0, num_batch: 4
[2026-10-10 10:49:54,684][agent.finetune.train_ppo_diffusion_agent][INFO] - approx_kl: 0.0, update_epoch: 0, num_batch: 4
[2026-10-10 10:49:56,659][agent.finetune.train_ppo_diffusion_agent][INFO] - approx_kl: 0.0, update_epoch: 1, num_batch: 4
[2026-10-10 10:49:58,402][agent.finetune.train_ppo_diffusion_agent][INFO] - approx_kl: 0.0, update_epoch: 1, num_batch: 4
[2026-10-10 10:50:00,272][agent.finetune.train_ppo_diffusion_agent][INFO] - approx_kl: 0.0, update_epoch: 1, num_batch: 4
[2026-10-10 10:50:02,115][agent.finetune.train_ppo_diffusion_agent][INFO] - approx_kl: 0.0, update_epoch: 1, num_batch: 4
[2026-10-10 10:50:04,081][agent.finetune.train_ppo_diffusion_agent][INFO] - approx_kl: 0.0, update_epoch: 2, num_batch: 4
[2026-10-10 10:50:05,866][agent.finetune.train_ppo_diffusion_agent][INFO] - approx_kl: 0.0, update_epoch: 2, num_batch: 4
[2026-10-10 10:50:07,802][agent.finetune.train_ppo_diffusion_agent][INFO] - approx_kl: 0.0, update_epoch: 2, num_batch: 4
[2026-10-10 10:50:09,689][agent.finetune.train_ppo_diffusion_agent][INFO] - approx_kl: 0.0, update_epoch: 2, num_batch: 4
[2026-10-10 10:50:11,697][agent.finetune.train_ppo_diffusion_agent][INFO] - approx_kl: 0.0, update_epoch: 3, num_batch: 4
[2026-10-10 10:50:13,473][agent.finetune.train_ppo_diffusion_agent][INFO] - approx_kl: 0.0, update_epoch: 3, num_batch: 4
[2026-10-10 10:50:15,352][agent.finetune.train_ppo_diffusion_agent][INFO] - approx_kl: 0.0, update_epoch: 3, num_batch: 4
[2026-10-10 10:50:17,199][agent.finetune.train_ppo_diffusion_agent][INFO] - approx_kl: 0.0, update_epoch: 3, num_batch: 4
[2026-10-10 10:50:19,168][agent.finetune.train_ppo_diffusion_agent][INFO] - approx_kl: 0.0, update_epoch: 4, num_batch: 4
[2026-10-10 10:50:20,930][agent.finetune.train_ppo_diffusion_agent][INFO] - approx_kl: 0.0, update_epoch: 4, num_batch: 4
[2026-10-10 10:50:22,805][agent.finetune.train_ppo_diffusion_agent][INFO] - approx_kl: 0.0, update_epoch: 4, num_batch: 4
[2026-10-10 10:50:24,658][agent.finetune.train_ppo_diffusion_agent][INFO] - approx_kl: 0.0, update_epoch: 4, num_batch: 4
[2026-10-10 10:50:32,164][agent.finetune.train_ppo_diffusion_agent][INFO] - 39: step  2880000 | loss -2642.1465 | pg loss -2642.2009 | value loss   0.1089 | bc loss   0.0000 | reward 4016.1519 | eta   1.0000 | t: 58.6196 | kl_true_per_action=0.00036963126377382205 | logratio_p99=0.02780928611755367 | clamp_hit_frac=0.0008145833333333333 | actor_step_ratio=1.0 | actor_step_clipfrac=0.0
[2026-10-10 10:50:32,164][agent.finetune.stage3_support][INFO] - STAGE3_METRICS {"J_disc_train": 1418.8179121859346, "J_disc_train_se": 17.8127479362768, "action_oor_frac": 0.14710208333333333, "adv_raw_mean": 1044.6088527030508, "adv_raw_std": 465.5224883082834, "diagnostics_seconds": 0.13174000813160092, "episode_count": 80, "explained_var": 0.34399086236953735, "explained_var_reason": null, "grad_cos_prev": -0.03198866050836486, "grad_cos_prev_reason": null, "grad_norm": 118.91464489744722, "policy_action_oor_frac": 0.14713541666666666, "proj_active": false, "reward_clip_frac": 0.0, "rollout_seconds": 12.781080448068678, "split_diff_sq": 49080.83959027402, "split_dot": 1870.4825811307528, "theta_dist": 0.48519787652714014, "theta_dist_preproj": 0.48519787652714014, "update_norm": 0.017851726558424198, "update_seconds": 45.59869127091952, "x0_sat_frac_last": 0.030032329419771995, "x0_sat_frac_mean": 0.08399162667781868}
[2026-10-10 10:50:45,201][agent.finetune.train_ppo_diffusion_agent][INFO] - eval: success rate   1.0000 | avg episode reward 4363.0645 | avg best reward   6.5048
[2026-10-10 10:50:45,201][agent.finetune.stage3_support][INFO] - STAGE3_METRICS {"J_disc_eval": 1530.2220061380665, "J_disc_eval_se": 13.972578129692364, "action_oor_frac": 0.0, "diagnostics_seconds": 0.011370093910954893, "episode_count": 80, "policy_action_oor_frac": 0.0, "rollout_seconds": 13.022278308984824, "update_seconds": 0.0}
[2026-10-10 10:51:00,411][agent.finetune.train_ppo_diffusion_agent][INFO] - approx_kl: 0.0, update_epoch: 0, num_batch: 4
[2026-10-10 10:51:02,091][agent.finetune.train_ppo_diffusion_agent][INFO] - approx_kl: 0.0, update_epoch: 0, num_batch: 4
[2026-10-10 10:51:03,896][agent.finetune.train_ppo_diffusion_agent][INFO] - approx_kl: 0.0, update_epoch: 0, num_batch: 4
[2026-10-10 10:51:05,859][agent.finetune.train_ppo_diffusion_agent][INFO] - approx_kl: 0.0, update_epoch: 0, num_batch: 4
[2026-10-10 10:51:07,536][agent.finetune.train_ppo_diffusion_agent][INFO] - approx_kl: 0.0, update_epoch: 1, num_batch: 4
[2026-10-10 10:51:09,488][agent.finetune.train_ppo_diffusion_agent][INFO] - approx_kl: 0.0, update_epoch: 1, num_batch: 4
[2026-10-10 10:51:11,581][agent.finetune.train_ppo_diffusion_agent][INFO] - approx_kl: 0.0, update_epoch: 1, num_batch: 4
[2026-10-10 10:51:13,480][agent.finetune.train_ppo_diffusion_agent][INFO] - approx_kl: 0.0, update_epoch: 1, num_batch: 4
[2026-10-10 10:51:15,167][agent.finetune.train_ppo_diffusion_agent][INFO] - approx_kl: 0.0, update_epoch: 2, num_batch: 4
[2026-10-10 10:51:16,942][agent.finetune.train_ppo_diffusion_agent][INFO] - approx_kl: 0.0, update_epoch: 2, num_batch: 4
[2026-10-10 10:51:18,707][agent.finetune.train_ppo_diffusion_agent][INFO] - approx_kl: 0.0, update_epoch: 2, num_batch: 4
[2026-10-10 10:51:20,554][agent.finetune.train_ppo_diffusion_agent][INFO] - approx_kl: 0.0, update_epoch: 2, num_batch: 4
[2026-10-10 10:51:22,229][agent.finetune.train_ppo_diffusion_agent][INFO] - approx_kl: 0.0, update_epoch: 3, num_batch: 4
[2026-10-10 10:51:23,997][agent.finetune.train_ppo_diffusion_agent][INFO] - approx_kl: 0.0, update_epoch: 3, num_batch: 4
[2026-10-10 10:51:25,745][agent.finetune.train_ppo_diffusion_agent][INFO] - approx_kl: 0.0, update_epoch: 3, num_batch: 4
[2026-10-10 10:51:27,603][agent.finetune.train_ppo_diffusion_agent][INFO] - approx_kl: 0.0, update_epoch: 3, num_batch: 4
[2026-10-10 10:51:29,259][agent.finetune.train_ppo_diffusion_agent][INFO] - approx_kl: 0.0, update_epoch: 4, num_batch: 4
[2026-10-10 10:51:31,031][agent.finetune.train_ppo_diffusion_agent][INFO] - approx_kl: 0.0, update_epoch: 4, num_batch: 4
[2026-10-10 10:51:32,792][agent.finetune.train_ppo_diffusion_agent][INFO] - approx_kl: 0.0, update_epoch: 4, num_batch: 4
[2026-10-10 10:51:34,641][agent.finetune.train_ppo_diffusion_agent][INFO] - approx_kl: 0.0, update_epoch: 4, num_batch: 4
[2026-10-10 10:51:41,657][agent.finetune.train_ppo_diffusion_agent][INFO] - 41: step  2960000 | loss -2639.9521 | pg loss -2640.0055 | value loss   0.1064 | bc loss   0.0000 | reward 3997.5235 | eta   1.0000 | t: 56.4563 | kl_true_per_action=0.0003781143233672659 | logratio_p99=0.029398036003112724 | clamp_hit_frac=0.0008125 | actor_step_ratio=1.0 | actor_step_clipfrac=0.0
[2026-10-10 10:51:41,657][agent.finetune.stage3_support][INFO] - STAGE3_METRICS {"J_disc_train": 1402.4901966001312, "J_disc_train_se": 21.82862007579903, "action_oor_frac": 0.14586875, "adv_raw_mean": 1043.6232794572334, "adv_raw_std": 473.19064470290795, "diagnostics_seconds": 0.11927718704100698, "episode_count": 80, "explained_var": 0.3800429105758667, "explained_var_reason": null, "grad_cos_prev": 0.004133096341170294, "grad_cos_prev_reason": null, "grad_norm": 111.2368950351127, "policy_action_oor_frac": 0.14589166666666667, "proj_active": false, "reward_clip_frac": 0.0, "rollout_seconds": 12.967851600027643, "split_diff_sq": 54157.708645294624, "split_dot": -1165.7812717569122, "theta_dist": 0.49121625345614045, "theta_dist_preproj": 0.49121625345614045, "update_norm": 0.01778076684611503, "update_seconds": 43.3650612749625, "x0_sat_frac_last": 0.02746023856858847, "x0_sat_frac_mean": 0.08301666564094523}
[2026-10-10 10:51:56,705][agent.finetune.train_ppo_diffusion_agent][INFO] - approx_kl: 0.0, update_epoch: 0, num_batch: 4
[2026-10-10 10:51:58,762][agent.finetune.train_ppo_diffusion_agent][INFO] - approx_kl: 0.0, update_epoch: 0, num_batch: 4
[2026-10-10 10:52:00,608][agent.finetune.train_ppo_diffusion_agent][INFO] - approx_kl: 0.0, update_epoch: 0, num_batch: 4
[2026-10-10 10:52:02,575][agent.finetune.train_ppo_diffusion_agent][INFO] - approx_kl: 0.0, update_epoch: 0, num_batch: 4
[2026-10-10 10:52:04,330][agent.finetune.train_ppo_diffusion_agent][INFO] - approx_kl: 0.0, update_epoch: 1, num_batch: 4
[2026-10-10 10:52:06,169][agent.finetune.train_ppo_diffusion_agent][INFO] - approx_kl: 0.0, update_epoch: 1, num_batch: 4
[2026-10-10 10:52:08,073][agent.finetune.train_ppo_diffusion_agent][INFO] - approx_kl: 0.0, update_epoch: 1, num_batch: 4
[2026-10-10 10:52:10,087][agent.finetune.train_ppo_diffusion_agent][INFO] - approx_kl: 0.0, update_epoch: 1, num_batch: 4
[2026-10-10 10:52:11,838][agent.finetune.train_ppo_diffusion_agent][INFO] - approx_kl: 0.0, update_epoch: 2, num_batch: 4
[2026-10-10 10:52:13,734][agent.finetune.train_ppo_diffusion_agent][INFO] - approx_kl: 0.0, update_epoch: 2, num_batch: 4
[2026-10-10 10:52:15,586][agent.finetune.train_ppo_diffusion_agent][INFO] - approx_kl: 0.0, update_epoch: 2, num_batch: 4
[2026-10-10 10:52:17,582][agent.finetune.train_ppo_diffusion_agent][INFO] - approx_kl: 0.0, update_epoch: 2, num_batch: 4
[2026-10-10 10:52:19,308][agent.finetune.train_ppo_diffusion_agent][INFO] - approx_kl: 0.0, update_epoch: 3, num_batch: 4
[2026-10-10 10:52:21,152][agent.finetune.train_ppo_diffusion_agent][INFO] - approx_kl: 0.0, update_epoch: 3, num_batch: 4
[2026-10-10 10:52:23,009][agent.finetune.train_ppo_diffusion_agent][INFO] - approx_kl: 0.0, update_epoch: 3, num_batch: 4
[2026-10-10 10:52:24,978][agent.finetune.train_ppo_diffusion_agent][INFO] - approx_kl: 0.0, update_epoch: 3, num_batch: 4
[2026-10-10 10:52:26,733][agent.finetune.train_ppo_diffusion_agent][INFO] - approx_kl: 0.0, update_epoch: 4, num_batch: 4
[2026-10-10 10:52:28,615][agent.finetune.train_ppo_diffusion_agent][INFO] - approx_kl: 0.0, update_epoch: 4, num_batch: 4
[2026-10-10 10:52:30,462][agent.finetune.train_ppo_diffusion_agent][INFO] - approx_kl: 0.0, update_epoch: 4, num_batch: 4
[2026-10-10 10:52:32,431][agent.finetune.train_ppo_diffusion_agent][INFO] - approx_kl: 0.0, update_epoch: 4, num_batch: 4
[2026-10-10 10:52:39,944][agent.finetune.train_ppo_diffusion_agent][INFO] - 42: step  3040000 | loss -2709.5369 | pg loss -2709.5918 | value loss   0.1097 | bc loss   0.0000 | reward 4098.9656 | eta   1.0000 | t: 58.2873 | kl_true_per_action=0.0004003641406788404 | logratio_p99=0.029321157932281443 | clamp_hit_frac=0.0007833333333333334 | actor_step_ratio=1.0 | actor_step_clipfrac=0.0
[2026-10-10 10:52:39,945][agent.finetune.stage3_support][INFO] - STAGE3_METRICS {"J_disc_train": 1434.4196778526916, "J_disc_train_se": 15.7734293246116, "action_oor_frac": 0.14711875, "adv_raw_mean": 1071.5560494057975, "adv_raw_std": 453.6554640077061, "diagnostics_seconds": 0.12502159411087632, "episode_count": 80, "explained_var": 0.22689878940582275, "explained_var_reason": null, "grad_cos_prev": 0.01782587394673998, "grad_cos_prev_reason": null, "grad_norm": 113.38766611955991, "policy_action_oor_frac": 0.14715208333333332, "proj_active": false, "reward_clip_frac": 0.0, "rollout_seconds": 12.941301906015724, "split_diff_sq": 51026.15895993596, "split_dot": 100.22307121332923, "theta_dist": 0.497177568801719, "theta_dist_preproj": 0.497177568801719, "update_norm": 0.017714062800990433, "update_seconds": 45.21653527696617, "x0_sat_frac_last": 0.028707431638986744, "x0_sat_frac_mean": 0.08442831075687364}
[2026-10-10 10:52:55,045][agent.finetune.train_ppo_diffusion_agent][INFO] - approx_kl: 0.0, update_epoch: 0, num_batch: 4
[2026-10-10 10:52:56,942][agent.finetune.train_ppo_diffusion_agent][INFO] - approx_kl: 0.0, update_epoch: 0, num_batch: 4
[2026-10-10 10:52:58,783][agent.finetune.train_ppo_diffusion_agent][INFO] - approx_kl: 0.0, update_epoch: 0, num_batch: 4
[2026-10-10 10:53:00,745][agent.finetune.train_ppo_diffusion_agent][INFO] - approx_kl: 0.0, update_epoch: 0, num_batch: 4
[2026-10-10 10:53:02,513][agent.finetune.train_ppo_diffusion_agent][INFO] - approx_kl: 0.0, update_epoch: 1, num_batch: 4
[2026-10-10 10:53:04,406][agent.finetune.train_ppo_diffusion_agent][INFO] - approx_kl: 0.0, update_epoch: 1, num_batch: 4
[2026-10-10 10:53:06,259][agent.finetune.train_ppo_diffusion_agent][INFO] - approx_kl: 0.0, update_epoch: 1, num_batch: 4
[2026-10-10 10:53:08,295][agent.finetune.train_ppo_diffusion_agent][INFO] - approx_kl: 0.0, update_epoch: 1, num_batch: 4
[2026-10-10 10:53:10,075][agent.finetune.train_ppo_diffusion_agent][INFO] - approx_kl: 0.0, update_epoch: 2, num_batch: 4
[2026-10-10 10:53:11,966][agent.finetune.train_ppo_diffusion_agent][INFO] - approx_kl: 0.0, update_epoch: 2, num_batch: 4
[2026-10-10 10:53:13,832][agent.finetune.train_ppo_diffusion_agent][INFO] - approx_kl: 0.0, update_epoch: 2, num_batch: 4
[2026-10-10 10:53:15,838][agent.finetune.train_ppo_diffusion_agent][INFO] - approx_kl: 0.0, update_epoch: 2, num_batch: 4
[2026-10-10 10:53:17,608][agent.finetune.train_ppo_diffusion_agent][INFO] - approx_kl: 0.0, update_epoch: 3, num_batch: 4
[2026-10-10 10:53:19,488][agent.finetune.train_ppo_diffusion_agent][INFO] - approx_kl: 0.0, update_epoch: 3, num_batch: 4
[2026-10-10 10:53:21,339][agent.finetune.train_ppo_diffusion_agent][INFO] - approx_kl: 0.0, update_epoch: 3, num_batch: 4
[2026-10-10 10:53:23,356][agent.finetune.train_ppo_diffusion_agent][INFO] - approx_kl: 0.0, update_epoch: 3, num_batch: 4
[2026-10-10 10:53:25,123][agent.finetune.train_ppo_diffusion_agent][INFO] - approx_kl: 0.0, update_epoch: 4, num_batch: 4
[2026-10-10 10:53:27,009][agent.finetune.train_ppo_diffusion_agent][INFO] - approx_kl: 0.0, update_epoch: 4, num_batch: 4
[2026-10-10 10:53:28,879][agent.finetune.train_ppo_diffusion_agent][INFO] - approx_kl: 0.0, update_epoch: 4, num_batch: 4
[2026-10-10 10:53:30,861][agent.finetune.train_ppo_diffusion_agent][INFO] - approx_kl: 0.0, update_epoch: 4, num_batch: 4
[2026-10-10 10:53:38,399][agent.finetune.train_ppo_diffusion_agent][INFO] - 43: step  3120000 | loss -2596.2197 | pg loss -2596.2726 | value loss   0.1060 | bc loss   0.0000 | reward 3955.0160 | eta   1.0000 | t: 58.4543 | kl_true_per_action=0.0004078375531124267 | logratio_p99=0.028699439764022706 | clamp_hit_frac=0.000775 | actor_step_ratio=1.0 | actor_step_clipfrac=0.0
[2026-10-10 10:53:38,399][agent.finetune.stage3_support][INFO] - STAGE3_METRICS {"J_disc_train": 1403.4258452225426, "J_disc_train_se": 22.754710309229527, "action_oor_frac": 0.14443541666666668, "adv_raw_mean": 1026.2497648662934, "adv_raw_std": 473.83000521933, "diagnostics_seconds": 0.12109810276888311, "episode_count": 80, "explained_var": 0.5152732133865356, "explained_var_reason": null, "grad_cos_prev": 0.01800055510052737, "grad_cos_prev_reason": null, "grad_norm": 109.88692176467482, "policy_action_oor_frac": 0.14447083333333333, "proj_active": false, "reward_clip_frac": 0.0, "rollout_seconds": 13.087518824962899, "split_diff_sq": 52924.69646621005, "split_dot": -1156.0388454725298, "theta_dist": 0.5028179152235822, "theta_dist_preproj": 0.5028179152235822, "update_norm": 0.017632416990373993, "update_seconds": 45.24206141626928, "x0_sat_frac_last": 0.028215715715715718, "x0_sat_frac_mean": 0.08267935631043379}
[2026-10-10 10:53:53,453][agent.finetune.train_ppo_diffusion_agent][INFO] - approx_kl: 0.0, update_epoch: 0, num_batch: 4
[2026-10-10 10:53:55,432][agent.finetune.train_ppo_diffusion_agent][INFO] - approx_kl: 0.0, update_epoch: 0, num_batch: 4
[2026-10-10 10:53:57,187][agent.finetune.train_ppo_diffusion_agent][INFO] - approx_kl: 0.0, update_epoch: 0, num_batch: 4
[2026-10-10 10:53:59,055][agent.finetune.train_ppo_diffusion_agent][INFO] - approx_kl: 0.0, update_epoch: 0, num_batch: 4
[2026-10-10 10:54:00,713][agent.finetune.train_ppo_diffusion_agent][INFO] - approx_kl: 0.0, update_epoch: 1, num_batch: 4
[2026-10-10 10:54:02,457][agent.finetune.train_ppo_diffusion_agent][INFO] - approx_kl: 0.0, update_epoch: 1, num_batch: 4
[2026-10-10 10:54:04,225][agent.finetune.train_ppo_diffusion_agent][INFO] - approx_kl: 0.0, update_epoch: 1, num_batch: 4
[2026-10-10 10:54:06,122][agent.finetune.train_ppo_diffusion_agent][INFO] - approx_kl: 0.0, update_epoch: 1, num_batch: 4
[2026-10-10 10:54:07,808][agent.finetune.train_ppo_diffusion_agent][INFO] - approx_kl: 0.0, update_epoch: 2, num_batch: 4
[2026-10-10 10:54:09,551][agent.finetune.train_ppo_diffusion_agent][INFO] - approx_kl: 0.0, update_epoch: 2, num_batch: 4
[2026-10-10 10:54:11,287][agent.finetune.train_ppo_diffusion_agent][INFO] - approx_kl: 0.0, update_epoch: 2, num_batch: 4
[2026-10-10 10:54:13,132][agent.finetune.train_ppo_diffusion_agent][INFO] - approx_kl: 0.0, update_epoch: 2, num_batch: 4
[2026-10-10 10:54:14,784][agent.finetune.train_ppo_diffusion_agent][INFO] - approx_kl: 0.0, update_epoch: 3, num_batch: 4
[2026-10-10 10:54:16,518][agent.finetune.train_ppo_diffusion_agent][INFO] - approx_kl: 0.0, update_epoch: 3, num_batch: 4
[2026-10-10 10:54:18,263][agent.finetune.train_ppo_diffusion_agent][INFO] - approx_kl: 0.0, update_epoch: 3, num_batch: 4
[2026-10-10 10:54:20,065][agent.finetune.train_ppo_diffusion_agent][INFO] - approx_kl: 0.0, update_epoch: 3, num_batch: 4
[2026-10-10 10:54:21,674][agent.finetune.train_ppo_diffusion_agent][INFO] - approx_kl: 0.0, update_epoch: 4, num_batch: 4
[2026-10-10 10:54:23,427][agent.finetune.train_ppo_diffusion_agent][INFO] - approx_kl: 0.0, update_epoch: 4, num_batch: 4
[2026-10-10 10:54:25,173][agent.finetune.train_ppo_diffusion_agent][INFO] - approx_kl: 0.0, update_epoch: 4, num_batch: 4
[2026-10-10 10:54:27,014][agent.finetune.train_ppo_diffusion_agent][INFO] - approx_kl: 0.0, update_epoch: 4, num_batch: 4
[2026-10-10 10:54:34,014][agent.finetune.train_ppo_diffusion_agent][INFO] - 44: step  3200000 | loss -2666.8040 | pg loss -2666.8591 | value loss   0.1104 | bc loss   0.0000 | reward 4040.8149 | eta   1.0000 | t: 55.6157 | kl_true_per_action=0.0004122865989055224 | logratio_p99=0.02952952504158015 | clamp_hit_frac=0.0007708333333333333 | actor_step_ratio=1.0 | actor_step_clipfrac=0.0
[2026-10-10 10:54:34,015][agent.finetune.stage3_support][INFO] - STAGE3_METRICS {"J_disc_train": 1438.138337697064, "J_disc_train_se": 21.068367451958206, "action_oor_frac": 0.14588125, "adv_raw_mean": 1046.8231982584707, "adv_raw_std": 486.07382484806664, "diagnostics_seconds": 0.125913169933483, "episode_count": 80, "explained_var": 0.4709891676902771, "explained_var_reason": null, "grad_cos_prev": -0.01117869947417275, "grad_cos_prev_reason": null, "grad_norm": 115.63109755553215, "policy_action_oor_frac": 0.14591458333333332, "proj_active": false, "reward_clip_frac": 0.0, "rollout_seconds": 12.995185822015628, "split_diff_sq": 53275.6468912248, "split_dot": 51.63957251296847, "theta_dist": 0.5083631173566759, "theta_dist_preproj": 0.5083631173566759, "update_norm": 0.017703298417121826, "update_seconds": 42.49103871511761, "x0_sat_frac_last": 0.029352875220246676, "x0_sat_frac_mean": 0.08438649925544695}
[2026-10-10 10:54:48,875][agent.finetune.train_ppo_diffusion_agent][INFO] - approx_kl: 0.0, update_epoch: 0, num_batch: 4
[2026-10-10 10:54:50,636][agent.finetune.train_ppo_diffusion_agent][INFO] - approx_kl: 0.0, update_epoch: 0, num_batch: 4
[2026-10-10 10:54:52,475][agent.finetune.train_ppo_diffusion_agent][INFO] - approx_kl: 0.0, update_epoch: 0, num_batch: 4
[2026-10-10 10:54:54,119][agent.finetune.train_ppo_diffusion_agent][INFO] - approx_kl: 0.0, update_epoch: 0, num_batch: 4
[2026-10-10 10:54:55,849][agent.finetune.train_ppo_diffusion_agent][INFO] - approx_kl: 0.0, update_epoch: 1, num_batch: 4
[2026-10-10 10:54:57,600][agent.finetune.train_ppo_diffusion_agent][INFO] - approx_kl: 0.0, update_epoch: 1, num_batch: 4
[2026-10-10 10:54:59,506][agent.finetune.train_ppo_diffusion_agent][INFO] - approx_kl: 0.0, update_epoch: 1, num_batch: 4
[2026-10-10 10:55:01,199][agent.finetune.train_ppo_diffusion_agent][INFO] - approx_kl: 0.0, update_epoch: 1, num_batch: 4
[2026-10-10 10:55:02,966][agent.finetune.train_ppo_diffusion_agent][INFO] - approx_kl: 0.0, update_epoch: 2, num_batch: 4
[2026-10-10 10:55:04,695][agent.finetune.train_ppo_diffusion_agent][INFO] - approx_kl: 0.0, update_epoch: 2, num_batch: 4
[2026-10-10 10:55:06,540][agent.finetune.train_ppo_diffusion_agent][INFO] - approx_kl: 0.0, update_epoch: 2, num_batch: 4
[2026-10-10 10:55:08,180][agent.finetune.train_ppo_diffusion_agent][INFO] - approx_kl: 0.0, update_epoch: 2, num_batch: 4
[2026-10-10 10:55:09,924][agent.finetune.train_ppo_diffusion_agent][INFO] - approx_kl: 0.0, update_epoch: 3, num_batch: 4
[2026-10-10 10:55:11,675][agent.finetune.train_ppo_diffusion_agent][INFO] - approx_kl: 0.0, update_epoch: 3, num_batch: 4
[2026-10-10 10:55:13,527][agent.finetune.train_ppo_diffusion_agent][INFO] - approx_kl: 0.0, update_epoch: 3, num_batch: 4
[2026-10-10 10:55:15,158][agent.finetune.train_ppo_diffusion_agent][INFO] - approx_kl: 0.0, update_epoch: 3, num_batch: 4
[2026-10-10 10:55:16,850][agent.finetune.train_ppo_diffusion_agent][INFO] - approx_kl: 0.0, update_epoch: 4, num_batch: 4
[2026-10-10 10:55:18,565][agent.finetune.train_ppo_diffusion_agent][INFO] - approx_kl: 0.0, update_epoch: 4, num_batch: 4
[2026-10-10 10:55:20,373][agent.finetune.train_ppo_diffusion_agent][INFO] - approx_kl: 0.0, update_epoch: 4, num_batch: 4
[2026-10-10 10:55:22,039][agent.finetune.train_ppo_diffusion_agent][INFO] - approx_kl: 0.0, update_epoch: 4, num_batch: 4
[2026-10-10 10:55:28,995][agent.finetune.train_ppo_diffusion_agent][INFO] - 45: step  3280000 | loss -2531.5471 | pg loss -2531.6000 | value loss   0.1062 | bc loss   0.0000 | reward 3838.2484 | eta   1.0000 | t: 54.9808 | kl_true_per_action=0.0004673776341560603 | logratio_p99=0.03143893420696256 | clamp_hit_frac=0.0008 | actor_step_ratio=1.0 | actor_step_clipfrac=0.0
[2026-10-10 10:55:28,996][agent.finetune.stage3_support][INFO] - STAGE3_METRICS {"J_disc_train": 1364.2860124235872, "J_disc_train_se": 33.57641577346096, "action_oor_frac": 0.14136458333333332, "adv_raw_mean": 995.0421015631238, "adv_raw_std": 516.2995372836981, "diagnostics_seconds": 0.1125720099080354, "episode_count": 80, "explained_var": 0.6628760695457458, "explained_var_reason": null, "grad_cos_prev": 0.045815851727624195, "grad_cos_prev_reason": null, "grad_norm": 117.05949576542517, "policy_action_oor_frac": 0.14138125, "proj_active": false, "reward_clip_frac": 0.0, "rollout_seconds": 12.9780561090447, "split_diff_sq": 50399.30425671083, "split_dot": 1103.0992316212144, "theta_dist": 0.5139648746287299, "theta_dist_preproj": 0.5139648746287299, "update_norm": 0.017687591722818516, "update_seconds": 41.884606886073016, "x0_sat_frac_last": 0.027398989898989902, "x0_sat_frac_mean": 0.08088541988832171}
[2026-10-10 10:55:44,156][agent.finetune.train_ppo_diffusion_agent][INFO] - approx_kl: 0.0, update_epoch: 0, num_batch: 4
[2026-10-10 10:55:46,060][agent.finetune.train_ppo_diffusion_agent][INFO] - approx_kl: 0.0, update_epoch: 0, num_batch: 4
[2026-10-10 10:55:48,125][agent.finetune.train_ppo_diffusion_agent][INFO] - approx_kl: 0.0, update_epoch: 0, num_batch: 4
[2026-10-10 10:55:49,875][agent.finetune.train_ppo_diffusion_agent][INFO] - approx_kl: 0.0, update_epoch: 0, num_batch: 4
[2026-10-10 10:55:51,777][agent.finetune.train_ppo_diffusion_agent][INFO] - approx_kl: 0.0, update_epoch: 1, num_batch: 4
[2026-10-10 10:55:53,753][agent.finetune.train_ppo_diffusion_agent][INFO] - approx_kl: 0.0, update_epoch: 1, num_batch: 4
[2026-10-10 10:55:56,093][agent.finetune.train_ppo_diffusion_agent][INFO] - approx_kl: 0.0, update_epoch: 1, num_batch: 4
[2026-10-10 10:55:57,903][agent.finetune.train_ppo_diffusion_agent][INFO] - approx_kl: 0.0, update_epoch: 1, num_batch: 4
[2026-10-10 10:55:59,760][agent.finetune.train_ppo_diffusion_agent][INFO] - approx_kl: 0.0, update_epoch: 2, num_batch: 4
[2026-10-10 10:56:01,589][agent.finetune.train_ppo_diffusion_agent][INFO] - approx_kl: 0.0, update_epoch: 2, num_batch: 4
[2026-10-10 10:56:03,585][agent.finetune.train_ppo_diffusion_agent][INFO] - approx_kl: 0.0, update_epoch: 2, num_batch: 4
[2026-10-10 10:56:05,359][agent.finetune.train_ppo_diffusion_agent][INFO] - approx_kl: 0.0, update_epoch: 2, num_batch: 4
[2026-10-10 10:56:07,237][agent.finetune.train_ppo_diffusion_agent][INFO] - approx_kl: 0.0, update_epoch: 3, num_batch: 4
[2026-10-10 10:56:09,092][agent.finetune.train_ppo_diffusion_agent][INFO] - approx_kl: 0.0, update_epoch: 3, num_batch: 4
[2026-10-10 10:56:11,084][agent.finetune.train_ppo_diffusion_agent][INFO] - approx_kl: 0.0, update_epoch: 3, num_batch: 4
[2026-10-10 10:56:12,830][agent.finetune.train_ppo_diffusion_agent][INFO] - approx_kl: 0.0, update_epoch: 3, num_batch: 4
[2026-10-10 10:56:14,696][agent.finetune.train_ppo_diffusion_agent][INFO] - approx_kl: 0.0, update_epoch: 4, num_batch: 4
[2026-10-10 10:56:16,554][agent.finetune.train_ppo_diffusion_agent][INFO] - approx_kl: 0.0, update_epoch: 4, num_batch: 4
[2026-10-10 10:56:18,511][agent.finetune.train_ppo_diffusion_agent][INFO] - approx_kl: 0.0, update_epoch: 4, num_batch: 4
[2026-10-10 10:56:20,283][agent.finetune.train_ppo_diffusion_agent][INFO] - approx_kl: 0.0, update_epoch: 4, num_batch: 4
[2026-10-10 10:56:27,743][agent.finetune.train_ppo_diffusion_agent][INFO] - 46: step  3360000 | loss -2614.8604 | pg loss -2614.9128 | value loss   0.1050 | bc loss   0.0000 | reward 3958.5210 | eta   1.0000 | t: 58.7480 | kl_true_per_action=0.0005261854581360744 | logratio_p99=0.03340614676475523 | clamp_hit_frac=0.0008354166666666667 | actor_step_ratio=1.0 | actor_step_clipfrac=0.0
[2026-10-10 10:56:27,743][agent.finetune.stage3_support][INFO] - STAGE3_METRICS {"J_disc_train": 1412.2098812464944, "J_disc_train_se": 25.394567459952615, "action_oor_frac": 0.14392916666666666, "adv_raw_mean": 1024.1733024263526, "adv_raw_std": 492.45202523472386, "diagnostics_seconds": 0.11853364703711122, "episode_count": 80, "explained_var": 0.5585707128047943, "explained_var_reason": null, "grad_cos_prev": -0.023341427248139958, "grad_cos_prev_reason": null, "grad_norm": 114.62124923723573, "policy_action_oor_frac": 0.14394583333333333, "proj_active": false, "reward_clip_frac": 0.0, "rollout_seconds": 12.948428291943856, "split_diff_sq": 53858.25856325982, "split_dot": -326.53410771562307, "theta_dist": 0.5195039415176406, "theta_dist_preproj": 0.5195039415176406, "update_norm": 0.017789831189248453, "update_seconds": 45.675924976938404, "x0_sat_frac_last": 0.029030226700251887, "x0_sat_frac_mean": 0.08312816901094325}
[2026-10-10 10:56:42,594][agent.finetune.train_ppo_diffusion_agent][INFO] - approx_kl: 0.0, update_epoch: 0, num_batch: 4
[2026-10-10 10:56:44,440][agent.finetune.train_ppo_diffusion_agent][INFO] - approx_kl: 0.0, update_epoch: 0, num_batch: 4
[2026-10-10 10:56:46,468][agent.finetune.train_ppo_diffusion_agent][INFO] - approx_kl: 0.0, update_epoch: 0, num_batch: 4
[2026-10-10 10:56:48,274][agent.finetune.train_ppo_diffusion_agent][INFO] - approx_kl: 0.0, update_epoch: 0, num_batch: 4
[2026-10-10 10:56:50,124][agent.finetune.train_ppo_diffusion_agent][INFO] - approx_kl: 0.0, update_epoch: 1, num_batch: 4
[2026-10-10 10:56:52,103][agent.finetune.train_ppo_diffusion_agent][INFO] - approx_kl: 0.0, update_epoch: 1, num_batch: 4
[2026-10-10 10:56:53,854][agent.finetune.train_ppo_diffusion_agent][INFO] - approx_kl: 0.0, update_epoch: 1, num_batch: 4
[2026-10-10 10:56:55,704][agent.finetune.train_ppo_diffusion_agent][INFO] - approx_kl: 0.0, update_epoch: 1, num_batch: 4
[2026-10-10 10:56:57,555][agent.finetune.train_ppo_diffusion_agent][INFO] - approx_kl: 0.0, update_epoch: 2, num_batch: 4
[2026-10-10 10:56:59,463][agent.finetune.train_ppo_diffusion_agent][INFO] - approx_kl: 0.0, update_epoch: 2, num_batch: 4
[2026-10-10 10:57:01,209][agent.finetune.train_ppo_diffusion_agent][INFO] - approx_kl: 0.0, update_epoch: 2, num_batch: 4
[2026-10-10 10:57:03,068][agent.finetune.train_ppo_diffusion_agent][INFO] - approx_kl: 0.0, update_epoch: 2, num_batch: 4
[2026-10-10 10:57:04,912][agent.finetune.train_ppo_diffusion_agent][INFO] - approx_kl: 0.0, update_epoch: 3, num_batch: 4
[2026-10-10 10:57:06,867][agent.finetune.train_ppo_diffusion_agent][INFO] - approx_kl: 0.0, update_epoch: 3, num_batch: 4
[2026-10-10 10:57:08,628][agent.finetune.train_ppo_diffusion_agent][INFO] - approx_kl: 0.0, update_epoch: 3, num_batch: 4
[2026-10-10 10:57:10,464][agent.finetune.train_ppo_diffusion_agent][INFO] - approx_kl: 0.0, update_epoch: 3, num_batch: 4
[2026-10-10 10:57:12,293][agent.finetune.train_ppo_diffusion_agent][INFO] - approx_kl: 0.0, update_epoch: 4, num_batch: 4
[2026-10-10 10:57:14,228][agent.finetune.train_ppo_diffusion_agent][INFO] - approx_kl: 0.0, update_epoch: 4, num_batch: 4
[2026-10-10 10:57:15,968][agent.finetune.train_ppo_diffusion_agent][INFO] - approx_kl: 0.0, update_epoch: 4, num_batch: 4
[2026-10-10 10:57:17,776][agent.finetune.train_ppo_diffusion_agent][INFO] - approx_kl: 0.0, update_epoch: 4, num_batch: 4
[2026-10-10 10:57:25,219][agent.finetune.train_ppo_diffusion_agent][INFO] - 47: step  3440000 | loss -2704.9829 | pg loss -2705.0362 | value loss   0.1067 | bc loss   0.0000 | reward 4105.7883 | eta   1.0000 | t: 57.4756 | kl_true_per_action=0.0004276084943198508 | logratio_p99=0.029286470413207956 | clamp_hit_frac=0.0007645833333333334 | actor_step_ratio=1.0 | actor_step_clipfrac=0.0
[2026-10-10 10:57:25,219][agent.finetune.stage3_support][INFO] - STAGE3_METRICS {"J_disc_train": 1453.3488038548317, "J_disc_train_se": 15.788829861514465, "action_oor_frac": 0.14762916666666667, "adv_raw_mean": 1066.7892024860262, "adv_raw_std": 468.37124296643935, "diagnostics_seconds": 0.11187716305721551, "episode_count": 80, "explained_var": 0.38771969079971313, "explained_var_reason": null, "grad_cos_prev": -0.05432949114410132, "grad_cos_prev_reason": null, "grad_norm": 119.02075124767754, "policy_action_oor_frac": 0.14766458333333332, "proj_active": false, "reward_clip_frac": 0.0, "rollout_seconds": 12.799785060924478, "split_diff_sq": 52625.99188989169, "split_dot": 1009.4416661412688, "theta_dist": 0.5249494588311652, "theta_dist_preproj": 0.5249494588311652, "update_norm": 0.017692224818338844, "update_seconds": 44.5604744348675, "x0_sat_frac_last": 0.0292177391896493, "x0_sat_frac_mean": 0.08467616184480004}
[2026-10-10 10:57:40,310][agent.finetune.train_ppo_diffusion_agent][INFO] - approx_kl: 0.0, update_epoch: 0, num_batch: 4
[2026-10-10 10:57:42,275][agent.finetune.train_ppo_diffusion_agent][INFO] - approx_kl: 0.0, update_epoch: 0, num_batch: 4
[2026-10-10 10:57:44,033][agent.finetune.train_ppo_diffusion_agent][INFO] - approx_kl: 0.0, update_epoch: 0, num_batch: 4
[2026-10-10 10:57:45,877][agent.finetune.train_ppo_diffusion_agent][INFO] - approx_kl: 0.0, update_epoch: 0, num_batch: 4
[2026-10-10 10:57:47,724][agent.finetune.train_ppo_diffusion_agent][INFO] - approx_kl: 0.0, update_epoch: 1, num_batch: 4
[2026-10-10 10:57:49,688][agent.finetune.train_ppo_diffusion_agent][INFO] - approx_kl: 0.0, update_epoch: 1, num_batch: 4
[2026-10-10 10:57:51,435][agent.finetune.train_ppo_diffusion_agent][INFO] - approx_kl: 0.0, update_epoch: 1, num_batch: 4
[2026-10-10 10:57:53,346][agent.finetune.train_ppo_diffusion_agent][INFO] - approx_kl: 0.0, update_epoch: 1, num_batch: 4
[2026-10-10 10:57:55,200][agent.finetune.train_ppo_diffusion_agent][INFO] - approx_kl: 0.0, update_epoch: 2, num_batch: 4
[2026-10-10 10:57:57,181][agent.finetune.train_ppo_diffusion_agent][INFO] - approx_kl: 0.0, update_epoch: 2, num_batch: 4
[2026-10-10 10:57:58,943][agent.finetune.train_ppo_diffusion_agent][INFO] - approx_kl: 0.0, update_epoch: 2, num_batch: 4
[2026-10-10 10:58:00,818][agent.finetune.train_ppo_diffusion_agent][INFO] - approx_kl: 0.0, update_epoch: 2, num_batch: 4
[2026-10-10 10:58:02,678][agent.finetune.train_ppo_diffusion_agent][INFO] - approx_kl: 0.0, update_epoch: 3, num_batch: 4
[2026-10-10 10:58:04,663][agent.finetune.train_ppo_diffusion_agent][INFO] - approx_kl: 0.0, update_epoch: 3, num_batch: 4
[2026-10-10 10:58:06,420][agent.finetune.train_ppo_diffusion_agent][INFO] - approx_kl: 0.0, update_epoch: 3, num_batch: 4
[2026-10-10 10:58:08,282][agent.finetune.train_ppo_diffusion_agent][INFO] - approx_kl: 0.0, update_epoch: 3, num_batch: 4
[2026-10-10 10:58:10,152][agent.finetune.train_ppo_diffusion_agent][INFO] - approx_kl: 0.0, update_epoch: 4, num_batch: 4
[2026-10-10 10:58:12,119][agent.finetune.train_ppo_diffusion_agent][INFO] - approx_kl: 0.0, update_epoch: 4, num_batch: 4
[2026-10-10 10:58:13,898][agent.finetune.train_ppo_diffusion_agent][INFO] - approx_kl: 0.0, update_epoch: 4, num_batch: 4
[2026-10-10 10:58:15,733][agent.finetune.train_ppo_diffusion_agent][INFO] - approx_kl: 0.0, update_epoch: 4, num_batch: 4
[2026-10-10 10:58:23,200][agent.finetune.train_ppo_diffusion_agent][INFO] - 48: step  3520000 | loss -2734.6392 | pg loss -2734.6949 | value loss   0.1115 | bc loss   0.0000 | reward 4162.1022 | eta   1.0000 | t: 57.9816 | kl_true_per_action=0.00047094931651955516 | logratio_p99=0.030398375988006418 | clamp_hit_frac=0.0007729166666666667 | actor_step_ratio=1.0 | actor_step_clipfrac=0.0
[2026-10-10 10:58:23,201][agent.finetune.stage3_support][INFO] - STAGE3_METRICS {"J_disc_train": 1466.7652835025156, "J_disc_train_se": 12.989297375224181, "action_oor_frac": 0.14944375, "adv_raw_mean": 1084.001828657034, "adv_raw_std": 454.41843444806835, "diagnostics_seconds": 0.11763854895252734, "episode_count": 80, "explained_var": 0.11569523811340332, "explained_var_reason": null, "grad_cos_prev": -0.011854648311050856, "grad_cos_prev_reason": null, "grad_norm": 122.43562356767978, "policy_action_oor_frac": 0.14947291666666668, "proj_active": false, "reward_clip_frac": 0.0, "rollout_seconds": 12.954864781000651, "split_diff_sq": 57647.064227563154, "split_dot": 578.7166459311527, "theta_dist": 0.5305108404377613, "theta_dist_preproj": 0.5305108404377613, "update_norm": 0.017890381366672984, "update_seconds": 44.90492373902816, "x0_sat_frac_last": 0.027418820410868124, "x0_sat_frac_mean": 0.08586883394014913}
[2026-10-10 10:58:38,466][agent.finetune.train_ppo_diffusion_agent][INFO] - approx_kl: 0.0, update_epoch: 0, num_batch: 4
[2026-10-10 10:58:40,329][agent.finetune.train_ppo_diffusion_agent][INFO] - approx_kl: 0.0, update_epoch: 0, num_batch: 4
[2026-10-10 10:58:41,984][agent.finetune.train_ppo_diffusion_agent][INFO] - approx_kl: 0.0, update_epoch: 0, num_batch: 4
[2026-10-10 10:58:43,740][agent.finetune.train_ppo_diffusion_agent][INFO] - approx_kl: 0.0, update_epoch: 0, num_batch: 4
[2026-10-10 10:58:45,491][agent.finetune.train_ppo_diffusion_agent][INFO] - approx_kl: 0.0, update_epoch: 1, num_batch: 4
[2026-10-10 10:58:47,351][agent.finetune.train_ppo_diffusion_agent][INFO] - approx_kl: 0.0, update_epoch: 1, num_batch: 4
[2026-10-10 10:58:49,040][agent.finetune.train_ppo_diffusion_agent][INFO] - approx_kl: 0.0, update_epoch: 1, num_batch: 4
[2026-10-10 10:58:50,846][agent.finetune.train_ppo_diffusion_agent][INFO] - approx_kl: 0.0, update_epoch: 1, num_batch: 4
[2026-10-10 10:58:52,630][agent.finetune.train_ppo_diffusion_agent][INFO] - approx_kl: 0.0, update_epoch: 2, num_batch: 4
[2026-10-10 10:58:54,507][agent.finetune.train_ppo_diffusion_agent][INFO] - approx_kl: 0.0, update_epoch: 2, num_batch: 4
[2026-10-10 10:58:56,165][agent.finetune.train_ppo_diffusion_agent][INFO] - approx_kl: 0.0, update_epoch: 2, num_batch: 4
[2026-10-10 10:58:57,916][agent.finetune.train_ppo_diffusion_agent][INFO] - approx_kl: 0.0, update_epoch: 2, num_batch: 4
[2026-10-10 10:58:59,664][agent.finetune.train_ppo_diffusion_agent][INFO] - approx_kl: 0.0, update_epoch: 3, num_batch: 4
[2026-10-10 10:59:01,496][agent.finetune.train_ppo_diffusion_agent][INFO] - approx_kl: 0.0, update_epoch: 3, num_batch: 4
[2026-10-10 10:59:03,131][agent.finetune.train_ppo_diffusion_agent][INFO] - approx_kl: 0.0, update_epoch: 3, num_batch: 4
[2026-10-10 10:59:04,870][agent.finetune.train_ppo_diffusion_agent][INFO] - approx_kl: 0.0, update_epoch: 3, num_batch: 4
[2026-10-10 10:59:06,594][agent.finetune.train_ppo_diffusion_agent][INFO] - approx_kl: 0.0, update_epoch: 4, num_batch: 4
[2026-10-10 10:59:08,468][agent.finetune.train_ppo_diffusion_agent][INFO] - approx_kl: 0.0, update_epoch: 4, num_batch: 4
[2026-10-10 10:59:10,123][agent.finetune.train_ppo_diffusion_agent][INFO] - approx_kl: 0.0, update_epoch: 4, num_batch: 4
[2026-10-10 10:59:11,823][agent.finetune.train_ppo_diffusion_agent][INFO] - approx_kl: 0.0, update_epoch: 4, num_batch: 4
[2026-10-10 10:59:18,793][agent.finetune.train_ppo_diffusion_agent][INFO] - 49: step  3600000 | loss -2587.8831 | pg loss -2587.9369 | value loss   0.1080 | bc loss   0.0000 | reward 3939.3442 | eta   1.0000 | t: 55.5924 | kl_true_per_action=0.0003941093415546357 | logratio_p99=0.027726089954376216 | clamp_hit_frac=0.00076875 | actor_step_ratio=1.0 | actor_step_clipfrac=0.0
[2026-10-10 10:59:18,793][agent.finetune.stage3_support][INFO] - STAGE3_METRICS {"J_disc_train": 1413.287470371012, "J_disc_train_se": 24.414511631946365, "action_oor_frac": 0.14435208333333333, "adv_raw_mean": 1016.075823604281, "adv_raw_std": 495.6535738383805, "diagnostics_seconds": 0.12993032997474074, "episode_count": 80, "explained_var": 0.5844535827636719, "explained_var_reason": null, "grad_cos_prev": -0.03731997306781043, "grad_cos_prev_reason": null, "grad_norm": 114.79903692786176, "policy_action_oor_frac": 0.144375, "proj_active": false, "reward_clip_frac": 0.0, "rollout_seconds": 12.896487743011676, "split_diff_sq": 50609.83306619237, "split_dot": 526.3601517546858, "theta_dist": 0.5358634262788444, "theta_dist_preproj": 0.5358634262788444, "update_norm": 0.017535576351518225, "update_seconds": 42.56200544897001, "x0_sat_frac_last": 0.02966765627577107, "x0_sat_frac_mean": 0.08254637026481984}
[2026-10-10 10:59:31,603][agent.finetune.train_ppo_diffusion_agent][INFO] - eval: success rate   1.0000 | avg episode reward 4344.6401 | avg best reward   6.4942
[2026-10-10 10:59:31,604][agent.finetune.stage3_support][INFO] - STAGE3_METRICS {"J_disc_eval": 1508.667942022927, "J_disc_eval_se": 14.527057588792013, "action_oor_frac": 0.0, "diagnostics_seconds": 0.01244915195275098, "episode_count": 80, "policy_action_oor_frac": 0.0, "rollout_seconds": 12.793681566952728, "update_seconds": 0.0}
[2026-10-10 10:59:46,372][agent.finetune.train_ppo_diffusion_agent][INFO] - approx_kl: 0.0, update_epoch: 0, num_batch: 4
[2026-10-10 10:59:48,181][agent.finetune.train_ppo_diffusion_agent][INFO] - approx_kl: 0.0, update_epoch: 0, num_batch: 4
[2026-10-10 10:59:49,810][agent.finetune.train_ppo_diffusion_agent][INFO] - approx_kl: 0.0, update_epoch: 0, num_batch: 4
[2026-10-10 10:59:51,509][agent.finetune.train_ppo_diffusion_agent][INFO] - approx_kl: 0.0, update_epoch: 0, num_batch: 4
[2026-10-10 10:59:53,266][agent.finetune.train_ppo_diffusion_agent][INFO] - approx_kl: 0.0, update_epoch: 1, num_batch: 4
[2026-10-10 10:59:55,110][agent.finetune.train_ppo_diffusion_agent][INFO] - approx_kl: 0.0, update_epoch: 1, num_batch: 4
[2026-10-10 10:59:56,803][agent.finetune.train_ppo_diffusion_agent][INFO] - approx_kl: 0.0, update_epoch: 1, num_batch: 4
[2026-10-10 10:59:58,574][agent.finetune.train_ppo_diffusion_agent][INFO] - approx_kl: 0.0, update_epoch: 1, num_batch: 4
[2026-10-10 11:00:00,326][agent.finetune.train_ppo_diffusion_agent][INFO] - approx_kl: 0.0, update_epoch: 2, num_batch: 4
[2026-10-10 11:00:02,176][agent.finetune.train_ppo_diffusion_agent][INFO] - approx_kl: 0.0, update_epoch: 2, num_batch: 4
[2026-10-10 11:00:03,818][agent.finetune.train_ppo_diffusion_agent][INFO] - approx_kl: 0.0, update_epoch: 2, num_batch: 4
[2026-10-10 11:00:05,567][agent.finetune.train_ppo_diffusion_agent][INFO] - approx_kl: 0.0, update_epoch: 2, num_batch: 4
[2026-10-10 11:00:07,344][agent.finetune.train_ppo_diffusion_agent][INFO] - approx_kl: 0.0, update_epoch: 3, num_batch: 4
[2026-10-10 11:00:09,202][agent.finetune.train_ppo_diffusion_agent][INFO] - approx_kl: 0.0, update_epoch: 3, num_batch: 4
[2026-10-10 11:00:10,844][agent.finetune.train_ppo_diffusion_agent][INFO] - approx_kl: 0.0, update_epoch: 3, num_batch: 4
[2026-10-10 11:00:12,579][agent.finetune.train_ppo_diffusion_agent][INFO] - approx_kl: 0.0, update_epoch: 3, num_batch: 4
[2026-10-10 11:00:14,337][agent.finetune.train_ppo_diffusion_agent][INFO] - approx_kl: 0.0, update_epoch: 4, num_batch: 4
[2026-10-10 11:00:16,174][agent.finetune.train_ppo_diffusion_agent][INFO] - approx_kl: 0.0, update_epoch: 4, num_batch: 4
[2026-10-10 11:00:17,800][agent.finetune.train_ppo_diffusion_agent][INFO] - approx_kl: 0.0, update_epoch: 4, num_batch: 4
[2026-10-10 11:00:19,522][agent.finetune.train_ppo_diffusion_agent][INFO] - approx_kl: 0.0, update_epoch: 4, num_batch: 4
[2026-10-10 11:00:26,553][agent.finetune.train_ppo_diffusion_agent][INFO] - 51: step  3680000 | loss -2637.3311 | pg loss -2637.3898 | value loss   0.1175 | bc loss   0.0000 | reward 4003.9446 | eta   1.0000 | t: 54.9502 | kl_true_per_action=0.00034926812819080673 | logratio_p99=0.026304996013641332 | clamp_hit_frac=0.00083125 | actor_step_ratio=1.0 | actor_step_clipfrac=0.0
[2026-10-10 11:00:26,553][agent.finetune.stage3_support][INFO] - STAGE3_METRICS {"J_disc_train": 1427.1248061804417, "J_disc_train_se": 19.23247115284302, "action_oor_frac": 0.14567708333333335, "adv_raw_mean": 1036.4364063741318, "adv_raw_std": 489.793854561089, "diagnostics_seconds": 0.1128973881714046, "episode_count": 80, "explained_var": 0.6052293181419373, "explained_var_reason": null, "grad_cos_prev": -0.06263512513165215, "grad_cos_prev_reason": null, "grad_norm": 120.41638229639405, "policy_action_oor_frac": 0.14568958333333334, "proj_active": false, "reward_clip_frac": 0.0, "rollout_seconds": 12.767582335975021, "split_diff_sq": 59113.93840650606, "split_dot": -278.37996976043235, "theta_dist": 0.5411879797290123, "theta_dist_preproj": 0.5411879797290123, "update_norm": 0.01732892970194804, "update_seconds": 42.0648327578092, "x0_sat_frac_last": 0.03213618610969604, "x0_sat_frac_mean": 0.08348298061674098}
[2026-10-10 11:00:41,421][agent.finetune.train_ppo_diffusion_agent][INFO] - approx_kl: 0.0, update_epoch: 0, num_batch: 4
[2026-10-10 11:00:43,067][agent.finetune.train_ppo_diffusion_agent][INFO] - approx_kl: 0.0, update_epoch: 0, num_batch: 4
[2026-10-10 11:00:44,808][agent.finetune.train_ppo_diffusion_agent][INFO] - approx_kl: 0.0, update_epoch: 0, num_batch: 4
[2026-10-10 11:00:46,550][agent.finetune.train_ppo_diffusion_agent][INFO] - approx_kl: 0.0, update_epoch: 0, num_batch: 4
[2026-10-10 11:00:48,391][agent.finetune.train_ppo_diffusion_agent][INFO] - approx_kl: 0.0, update_epoch: 1, num_batch: 4
[2026-10-10 11:00:50,043][agent.finetune.train_ppo_diffusion_agent][INFO] - approx_kl: 0.0, update_epoch: 1, num_batch: 4
[2026-10-10 11:00:51,854][agent.finetune.train_ppo_diffusion_agent][INFO] - approx_kl: 0.0, update_epoch: 1, num_batch: 4
[2026-10-10 11:00:53,613][agent.finetune.train_ppo_diffusion_agent][INFO] - approx_kl: 0.0, update_epoch: 1, num_batch: 4
[2026-10-10 11:00:55,491][agent.finetune.train_ppo_diffusion_agent][INFO] - approx_kl: 0.0, update_epoch: 2, num_batch: 4
[2026-10-10 11:00:57,135][agent.finetune.train_ppo_diffusion_agent][INFO] - approx_kl: 0.0, update_epoch: 2, num_batch: 4
[2026-10-10 11:00:58,866][agent.finetune.train_ppo_diffusion_agent][INFO] - approx_kl: 0.0, update_epoch: 2, num_batch: 4
[2026-10-10 11:01:00,594][agent.finetune.train_ppo_diffusion_agent][INFO] - approx_kl: 0.0, update_epoch: 2, num_batch: 4
[2026-10-10 11:01:02,430][agent.finetune.train_ppo_diffusion_agent][INFO] - approx_kl: 0.0, update_epoch: 3, num_batch: 4
[2026-10-10 11:01:04,098][agent.finetune.train_ppo_diffusion_agent][INFO] - approx_kl: 0.0, update_epoch: 3, num_batch: 4
[2026-10-10 11:01:05,821][agent.finetune.train_ppo_diffusion_agent][INFO] - approx_kl: 0.0, update_epoch: 3, num_batch: 4
[2026-10-10 11:01:07,569][agent.finetune.train_ppo_diffusion_agent][INFO] - approx_kl: 0.0, update_epoch: 3, num_batch: 4
[2026-10-10 11:01:09,412][agent.finetune.train_ppo_diffusion_agent][INFO] - approx_kl: 0.0, update_epoch: 4, num_batch: 4
[2026-10-10 11:01:11,059][agent.finetune.train_ppo_diffusion_agent][INFO] - approx_kl: 0.0, update_epoch: 4, num_batch: 4
[2026-10-10 11:01:12,763][agent.finetune.train_ppo_diffusion_agent][INFO] - approx_kl: 0.0, update_epoch: 4, num_batch: 4
[2026-10-10 11:01:14,494][agent.finetune.train_ppo_diffusion_agent][INFO] - approx_kl: 0.0, update_epoch: 4, num_batch: 4
[2026-10-10 11:01:21,460][agent.finetune.train_ppo_diffusion_agent][INFO] - 52: step  3760000 | loss -2494.0046 | pg loss -2494.0576 | value loss   0.1058 | bc loss   0.0000 | reward 3816.9753 | eta   1.0000 | t: 54.9067 | kl_true_per_action=0.00037817622709842067 | logratio_p99=0.028726265430450433 | clamp_hit_frac=0.0007916666666666666 | actor_step_ratio=1.0 | actor_step_clipfrac=0.0
[2026-10-10 11:01:21,460][agent.finetune.stage3_support][INFO] - STAGE3_METRICS {"J_disc_train": 1369.8738368813679, "J_disc_train_se": 31.56237395795739, "action_oor_frac": 0.14029166666666668, "adv_raw_mean": 984.320064944586, "adv_raw_std": 516.5919597593428, "diagnostics_seconds": 0.11416894721332937, "episode_count": 80, "explained_var": 0.6729401051998138, "explained_var_reason": null, "grad_cos_prev": 0.04777775166699166, "grad_cos_prev_reason": null, "grad_norm": 113.4222019893877, "policy_action_oor_frac": 0.14032708333333332, "proj_active": false, "reward_clip_frac": 0.0, "rollout_seconds": 12.784883453976363, "split_diff_sq": 49977.93576012741, "split_dot": 370.1123169865888, "theta_dist": 0.5464978463113328, "theta_dist_preproj": 0.5464978463113328, "update_norm": 0.017381057671999472, "update_seconds": 42.00334290077444, "x0_sat_frac_last": 0.028432588916459885, "x0_sat_frac_mean": 0.07980269110074847}
[2026-10-10 11:01:36,216][agent.finetune.train_ppo_diffusion_agent][INFO] - approx_kl: 0.0, update_epoch: 0, num_batch: 4
[2026-10-10 11:01:37,833][agent.finetune.train_ppo_diffusion_agent][INFO] - approx_kl: 0.0, update_epoch: 0, num_batch: 4
[2026-10-10 11:01:39,539][agent.finetune.train_ppo_diffusion_agent][INFO] - approx_kl: 0.0, update_epoch: 0, num_batch: 4
[2026-10-10 11:01:41,242][agent.finetune.train_ppo_diffusion_agent][INFO] - approx_kl: 0.0, update_epoch: 0, num_batch: 4
[2026-10-10 11:01:43,103][agent.finetune.train_ppo_diffusion_agent][INFO] - approx_kl: 0.0, update_epoch: 1, num_batch: 4
[2026-10-10 11:01:44,753][agent.finetune.train_ppo_diffusion_agent][INFO] - approx_kl: 0.0, update_epoch: 1, num_batch: 4
[2026-10-10 11:01:46,501][agent.finetune.train_ppo_diffusion_agent][INFO] - approx_kl: 0.0, update_epoch: 1, num_batch: 4
[2026-10-10 11:01:48,275][agent.finetune.train_ppo_diffusion_agent][INFO] - approx_kl: 0.0, update_epoch: 1, num_batch: 4
[2026-10-10 11:01:50,142][agent.finetune.train_ppo_diffusion_agent][INFO] - approx_kl: 0.0, update_epoch: 2, num_batch: 4
[2026-10-10 11:01:51,790][agent.finetune.train_ppo_diffusion_agent][INFO] - approx_kl: 0.0, update_epoch: 2, num_batch: 4
[2026-10-10 11:01:53,543][agent.finetune.train_ppo_diffusion_agent][INFO] - approx_kl: 0.0, update_epoch: 2, num_batch: 4
[2026-10-10 11:01:55,316][agent.finetune.train_ppo_diffusion_agent][INFO] - approx_kl: 0.0, update_epoch: 2, num_batch: 4
[2026-10-10 11:01:57,163][agent.finetune.train_ppo_diffusion_agent][INFO] - approx_kl: 0.0, update_epoch: 3, num_batch: 4
[2026-10-10 11:01:58,800][agent.finetune.train_ppo_diffusion_agent][INFO] - approx_kl: 0.0, update_epoch: 3, num_batch: 4
[2026-10-10 11:02:00,556][agent.finetune.train_ppo_diffusion_agent][INFO] - approx_kl: 0.0, update_epoch: 3, num_batch: 4
[2026-10-10 11:02:02,305][agent.finetune.train_ppo_diffusion_agent][INFO] - approx_kl: 0.0, update_epoch: 3, num_batch: 4
[2026-10-10 11:02:04,129][agent.finetune.train_ppo_diffusion_agent][INFO] - approx_kl: 0.0, update_epoch: 4, num_batch: 4
[2026-10-10 11:02:05,764][agent.finetune.train_ppo_diffusion_agent][INFO] - approx_kl: 0.0, update_epoch: 4, num_batch: 4
[2026-10-10 11:02:07,466][agent.finetune.train_ppo_diffusion_agent][INFO] - approx_kl: 0.0, update_epoch: 4, num_batch: 4
[2026-10-10 11:02:09,211][agent.finetune.train_ppo_diffusion_agent][INFO] - approx_kl: 0.0, update_epoch: 4, num_batch: 4
[2026-10-10 11:02:16,167][agent.finetune.train_ppo_diffusion_agent][INFO] - 53: step  3840000 | loss -2704.4448 | pg loss -2704.4988 | value loss   0.1078 | bc loss   0.0000 | reward 4108.3855 | eta   1.0000 | t: 54.7071 | kl_true_per_action=0.0002798750466743273 | logratio_p99=0.023884490728378244 | clamp_hit_frac=0.0008041666666666667 | actor_step_ratio=1.0 | actor_step_clipfrac=0.0
[2026-10-10 11:02:16,167][agent.finetune.stage3_support][INFO] - STAGE3_METRICS {"J_disc_train": 1461.1411512414572, "J_disc_train_se": 15.787126207326505, "action_oor_frac": 0.14711041666666666, "adv_raw_mean": 1064.7423215276751, "adv_raw_std": 473.19369382914664, "diagnostics_seconds": 0.11442632495891303, "episode_count": 80, "explained_var": 0.3806121349334717, "explained_var_reason": null, "grad_cos_prev": -0.007574817344185589, "grad_cos_prev_reason": null, "grad_norm": 118.26387482066092, "policy_action_oor_frac": 0.14713125, "proj_active": false, "reward_clip_frac": 0.0, "rollout_seconds": 12.65184855996631, "split_diff_sq": 57587.49763932887, "split_dot": -410.53087851245317, "theta_dist": 0.5515857644546729, "theta_dist_preproj": 0.5515857644546729, "update_norm": 0.017356185672161288, "update_seconds": 41.93739307904616, "x0_sat_frac_last": 0.029450804712128756, "x0_sat_frac_mean": 0.0833485822274281}
[2026-10-10 11:02:31,216][agent.finetune.train_ppo_diffusion_agent][INFO] - approx_kl: 0.0, update_epoch: 0, num_batch: 4
[2026-10-10 11:02:32,863][agent.finetune.train_ppo_diffusion_agent][INFO] - approx_kl: 0.0, update_epoch: 0, num_batch: 4
[2026-10-10 11:02:34,600][agent.finetune.train_ppo_diffusion_agent][INFO] - approx_kl: 0.0, update_epoch: 0, num_batch: 4
[2026-10-10 11:02:36,443][agent.finetune.train_ppo_diffusion_agent][INFO] - approx_kl: 0.0, update_epoch: 0, num_batch: 4
[2026-10-10 11:02:38,095][agent.finetune.train_ppo_diffusion_agent][INFO] - approx_kl: 0.0, update_epoch: 1, num_batch: 4
[2026-10-10 11:02:39,870][agent.finetune.train_ppo_diffusion_agent][INFO] - approx_kl: 0.0, update_epoch: 1, num_batch: 4
[2026-10-10 11:02:41,651][agent.finetune.train_ppo_diffusion_agent][INFO] - approx_kl: 0.0, update_epoch: 1, num_batch: 4
[2026-10-10 11:02:43,576][agent.finetune.train_ppo_diffusion_agent][INFO] - approx_kl: 0.0, update_epoch: 1, num_batch: 4
[2026-10-10 11:02:45,235][agent.finetune.train_ppo_diffusion_agent][INFO] - approx_kl: 0.0, update_epoch: 2, num_batch: 4
[2026-10-10 11:02:47,002][agent.finetune.train_ppo_diffusion_agent][INFO] - approx_kl: 0.0, update_epoch: 2, num_batch: 4
[2026-10-10 11:02:48,727][agent.finetune.train_ppo_diffusion_agent][INFO] - approx_kl: 0.0, update_epoch: 2, num_batch: 4
[2026-10-10 11:02:50,594][agent.finetune.train_ppo_diffusion_agent][INFO] - approx_kl: 0.0, update_epoch: 2, num_batch: 4
[2026-10-10 11:02:52,242][agent.finetune.train_ppo_diffusion_agent][INFO] - approx_kl: 0.0, update_epoch: 3, num_batch: 4
[2026-10-10 11:02:54,006][agent.finetune.train_ppo_diffusion_agent][INFO] - approx_kl: 0.0, update_epoch: 3, num_batch: 4
[2026-10-10 11:02:55,746][agent.finetune.train_ppo_diffusion_agent][INFO] - approx_kl: 0.0, update_epoch: 3, num_batch: 4
[2026-10-10 11:02:57,579][agent.finetune.train_ppo_diffusion_agent][INFO] - approx_kl: 0.0, update_epoch: 3, num_batch: 4
[2026-10-10 11:02:59,238][agent.finetune.train_ppo_diffusion_agent][INFO] - approx_kl: 0.0, update_epoch: 4, num_batch: 4
[2026-10-10 11:03:00,978][agent.finetune.train_ppo_diffusion_agent][INFO] - approx_kl: 0.0, update_epoch: 4, num_batch: 4
[2026-10-10 11:03:02,714][agent.finetune.train_ppo_diffusion_agent][INFO] - approx_kl: 0.0, update_epoch: 4, num_batch: 4
[2026-10-10 11:03:04,551][agent.finetune.train_ppo_diffusion_agent][INFO] - approx_kl: 0.0, update_epoch: 4, num_batch: 4
[2026-10-10 11:03:11,547][agent.finetune.train_ppo_diffusion_agent][INFO] - 54: step  3920000 | loss -2586.5815 | pg loss -2586.6342 | value loss   0.1054 | bc loss   0.0000 | reward 3927.4330 | eta   1.0000 | t: 55.3801 | kl_true_per_action=0.0003167952301461778 | logratio_p99=0.02542399644851683 | clamp_hit_frac=0.0008458333333333333 | actor_step_ratio=1.0 | actor_step_clipfrac=0.0
[2026-10-10 11:03:11,547][agent.finetune.stage3_support][INFO] - STAGE3_METRICS {"J_disc_train": 1377.8429171062057, "J_disc_train_se": 26.48518878250968, "action_oor_frac": 0.1429375, "adv_raw_mean": 1025.3474076252207, "adv_raw_std": 487.1091495873445, "diagnostics_seconds": 0.1121623310027644, "episode_count": 80, "explained_var": 0.5670048296451569, "explained_var_reason": null, "grad_cos_prev": -0.04195779577284249, "grad_cos_prev_reason": null, "grad_norm": 109.66784911182216, "policy_action_oor_frac": 0.14295625, "proj_active": false, "reward_clip_frac": 0.0, "rollout_seconds": 12.943985276040621, "split_diff_sq": 50379.51858952316, "split_dot": -567.8423122246364, "theta_dist": 0.5565427299569536, "theta_dist_preproj": 0.5565427299569536, "update_norm": 0.017430886057566992, "update_seconds": 42.31979145202786, "x0_sat_frac_last": 0.030001699813020567, "x0_sat_frac_mean": 0.08059781844521831}
[2026-10-10 11:03:26,492][agent.finetune.train_ppo_diffusion_agent][INFO] - approx_kl: 0.0, update_epoch: 0, num_batch: 4
[2026-10-10 11:03:28,581][agent.finetune.train_ppo_diffusion_agent][INFO] - approx_kl: 0.0, update_epoch: 0, num_batch: 4
[2026-10-10 11:03:30,436][agent.finetune.train_ppo_diffusion_agent][INFO] - approx_kl: 0.0, update_epoch: 0, num_batch: 4
[2026-10-10 11:03:32,392][agent.finetune.train_ppo_diffusion_agent][INFO] - approx_kl: 0.0, update_epoch: 0, num_batch: 4
[2026-10-10 11:03:34,137][agent.finetune.train_ppo_diffusion_agent][INFO] - approx_kl: 0.0, update_epoch: 1, num_batch: 4
[2026-10-10 11:03:36,031][agent.finetune.train_ppo_diffusion_agent][INFO] - approx_kl: 0.0, update_epoch: 1, num_batch: 4
[2026-10-10 11:03:37,906][agent.finetune.train_ppo_diffusion_agent][INFO] - approx_kl: 0.0, update_epoch: 1, num_batch: 4
[2026-10-10 11:03:39,973][agent.finetune.train_ppo_diffusion_agent][INFO] - approx_kl: 0.0, update_epoch: 1, num_batch: 4
[2026-10-10 11:03:41,728][agent.finetune.train_ppo_diffusion_agent][INFO] - approx_kl: 0.0, update_epoch: 2, num_batch: 4
[2026-10-10 11:03:43,611][agent.finetune.train_ppo_diffusion_agent][INFO] - approx_kl: 0.0, update_epoch: 2, num_batch: 4
[2026-10-10 11:03:45,466][agent.finetune.train_ppo_diffusion_agent][INFO] - approx_kl: 0.0, update_epoch: 2, num_batch: 4
[2026-10-10 11:03:47,477][agent.finetune.train_ppo_diffusion_agent][INFO] - approx_kl: 0.0, update_epoch: 2, num_batch: 4
[2026-10-10 11:03:49,252][agent.finetune.train_ppo_diffusion_agent][INFO] - approx_kl: 0.0, update_epoch: 3, num_batch: 4
[2026-10-10 11:03:51,145][agent.finetune.train_ppo_diffusion_agent][INFO] - approx_kl: 0.0, update_epoch: 3, num_batch: 4
[2026-10-10 11:03:52,966][agent.finetune.train_ppo_diffusion_agent][INFO] - approx_kl: 0.0, update_epoch: 3, num_batch: 4
[2026-10-10 11:03:54,927][agent.finetune.train_ppo_diffusion_agent][INFO] - approx_kl: 0.0, update_epoch: 3, num_batch: 4
[2026-10-10 11:03:56,731][agent.finetune.train_ppo_diffusion_agent][INFO] - approx_kl: 0.0, update_epoch: 4, num_batch: 4
[2026-10-10 11:03:58,580][agent.finetune.train_ppo_diffusion_agent][INFO] - approx_kl: 0.0, update_epoch: 4, num_batch: 4
[2026-10-10 11:04:00,453][agent.finetune.train_ppo_diffusion_agent][INFO] - approx_kl: 0.0, update_epoch: 4, num_batch: 4
[2026-10-10 11:04:02,381][agent.finetune.train_ppo_diffusion_agent][INFO] - approx_kl: 0.0, update_epoch: 4, num_batch: 4
[2026-10-10 11:04:09,800][agent.finetune.train_ppo_diffusion_agent][INFO] - 55: step  4000000 | loss -2542.6384 | pg loss -2542.6904 | value loss   0.1039 | bc loss   0.0000 | reward 3865.5465 | eta   1.0000 | t: 58.2526 | kl_true_per_action=0.00031439636538021815 | logratio_p99=0.02526055514812466 | clamp_hit_frac=0.00079375 | actor_step_ratio=1.0 | actor_step_clipfrac=0.0
[2026-10-10 11:04:09,800][agent.finetune.stage3_support][INFO] - STAGE3_METRICS {"J_disc_train": 1391.3480275406187, "J_disc_train_se": 25.690142653800763, "action_oor_frac": 0.14188125, "adv_raw_mean": 995.2447725822857, "adv_raw_std": 496.325249274574, "diagnostics_seconds": 0.12614784098695964, "episode_count": 80, "explained_var": 0.603841245174408, "explained_var_reason": null, "grad_cos_prev": -0.005128548886967676, "grad_cos_prev_reason": null, "grad_norm": 111.72979415898838, "policy_action_oor_frac": 0.14189166666666667, "proj_active": false, "reward_clip_frac": 0.0, "rollout_seconds": 12.812771347933449, "split_diff_sq": 53472.719466086986, "split_dot": -884.6326079549114, "theta_dist": 0.5614728767629921, "theta_dist_preproj": 0.5614728767629921, "update_norm": 0.017645836351987004, "update_seconds": 45.310049998923205, "x0_sat_frac_last": 0.028957286432160806, "x0_sat_frac_mean": 0.08103531953916496}
[2026-10-10 11:04:24,738][agent.finetune.train_ppo_diffusion_agent][INFO] - approx_kl: 0.0, update_epoch: 0, num_batch: 4
[2026-10-10 11:04:26,638][agent.finetune.train_ppo_diffusion_agent][INFO] - approx_kl: 0.0, update_epoch: 0, num_batch: 4
[2026-10-10 11:04:28,499][agent.finetune.train_ppo_diffusion_agent][INFO] - approx_kl: 0.0, update_epoch: 0, num_batch: 4
[2026-10-10 11:04:30,468][agent.finetune.train_ppo_diffusion_agent][INFO] - approx_kl: 0.0, update_epoch: 0, num_batch: 4
[2026-10-10 11:04:32,226][agent.finetune.train_ppo_diffusion_agent][INFO] - approx_kl: 0.0, update_epoch: 1, num_batch: 4
[2026-10-10 11:04:34,085][agent.finetune.train_ppo_diffusion_agent][INFO] - approx_kl: 0.0, update_epoch: 1, num_batch: 4
[2026-10-10 11:04:35,950][agent.finetune.train_ppo_diffusion_agent][INFO] - approx_kl: 0.0, update_epoch: 1, num_batch: 4
[2026-10-10 11:04:37,905][agent.finetune.train_ppo_diffusion_agent][INFO] - approx_kl: 0.0, update_epoch: 1, num_batch: 4
[2026-10-10 11:04:39,675][agent.finetune.train_ppo_diffusion_agent][INFO] - approx_kl: 0.0, update_epoch: 2, num_batch: 4
[2026-10-10 11:04:41,543][agent.finetune.train_ppo_diffusion_agent][INFO] - approx_kl: 0.0, update_epoch: 2, num_batch: 4
[2026-10-10 11:04:43,417][agent.finetune.train_ppo_diffusion_agent][INFO] - approx_kl: 0.0, update_epoch: 2, num_batch: 4
[2026-10-10 11:04:45,399][agent.finetune.train_ppo_diffusion_agent][INFO] - approx_kl: 0.0, update_epoch: 2, num_batch: 4
[2026-10-10 11:04:47,222][agent.finetune.train_ppo_diffusion_agent][INFO] - approx_kl: 0.0, update_epoch: 3, num_batch: 4
[2026-10-10 11:04:49,167][agent.finetune.train_ppo_diffusion_agent][INFO] - approx_kl: 0.0, update_epoch: 3, num_batch: 4
[2026-10-10 11:04:51,061][agent.finetune.train_ppo_diffusion_agent][INFO] - approx_kl: 0.0, update_epoch: 3, num_batch: 4
[2026-10-10 11:04:53,077][agent.finetune.train_ppo_diffusion_agent][INFO] - approx_kl: 0.0, update_epoch: 3, num_batch: 4
[2026-10-10 11:04:54,849][agent.finetune.train_ppo_diffusion_agent][INFO] - approx_kl: 0.0, update_epoch: 4, num_batch: 4
[2026-10-10 11:04:56,737][agent.finetune.train_ppo_diffusion_agent][INFO] - approx_kl: 0.0, update_epoch: 4, num_batch: 4
[2026-10-10 11:04:58,580][agent.finetune.train_ppo_diffusion_agent][INFO] - approx_kl: 0.0, update_epoch: 4, num_batch: 4
[2026-10-10 11:05:00,583][agent.finetune.train_ppo_diffusion_agent][INFO] - approx_kl: 0.0, update_epoch: 4, num_batch: 4
[2026-10-10 11:05:08,057][agent.finetune.train_ppo_diffusion_agent][INFO] - 56: step  4080000 | loss -2648.5132 | pg loss -2648.5665 | value loss   0.1066 | bc loss   0.0000 | reward 4038.9971 | eta   1.0000 | t: 58.2578 | kl_true_per_action=0.00032988645535798227 | logratio_p99=0.026478841304778945 | clamp_hit_frac=0.00076875 | actor_step_ratio=1.0 | actor_step_clipfrac=0.0
[2026-10-10 11:05:08,058][agent.finetune.stage3_support][INFO] - STAGE3_METRICS {"J_disc_train": 1433.6743229194128, "J_disc_train_se": 14.908166067747459, "action_oor_frac": 0.146425, "adv_raw_mean": 1047.8638062833986, "adv_raw_std": 461.68177765584255, "diagnostics_seconds": 0.12924608192406595, "episode_count": 80, "explained_var": 0.4076962471008301, "explained_var_reason": null, "grad_cos_prev": -0.008152542337758188, "grad_cos_prev_reason": null, "grad_norm": 115.00165322306219, "policy_action_oor_frac": 0.14645, "proj_active": false, "reward_clip_frac": 0.0, "rollout_seconds": 12.928821609937586, "split_diff_sq": 53590.4887239236, "split_dot": -172.24145955145008, "theta_dist": 0.5663884977040329, "theta_dist_preproj": 0.5663884977040329, "update_norm": 0.017971398471498798, "update_seconds": 45.19541767903138, "x0_sat_frac_last": 0.02859144167091187, "x0_sat_frac_mean": 0.0826844406061365}
[2026-10-10 11:05:22,977][agent.finetune.train_ppo_diffusion_agent][INFO] - approx_kl: 0.0, update_epoch: 0, num_batch: 4
[2026-10-10 11:05:24,862][agent.finetune.train_ppo_diffusion_agent][INFO] - approx_kl: 0.0, update_epoch: 0, num_batch: 4
[2026-10-10 11:05:26,712][agent.finetune.train_ppo_diffusion_agent][INFO] - approx_kl: 0.0, update_epoch: 0, num_batch: 4
[2026-10-10 11:05:28,670][agent.finetune.train_ppo_diffusion_agent][INFO] - approx_kl: 0.0, update_epoch: 0, num_batch: 4
[2026-10-10 11:05:30,419][agent.finetune.train_ppo_diffusion_agent][INFO] - approx_kl: 0.0, update_epoch: 1, num_batch: 4
[2026-10-10 11:05:32,288][agent.finetune.train_ppo_diffusion_agent][INFO] - approx_kl: 0.0, update_epoch: 1, num_batch: 4
[2026-10-10 11:05:34,220][agent.finetune.train_ppo_diffusion_agent][INFO] - approx_kl: 0.0, update_epoch: 1, num_batch: 4
[2026-10-10 11:05:36,214][agent.finetune.train_ppo_diffusion_agent][INFO] - approx_kl: 0.0, update_epoch: 1, num_batch: 4
[2026-10-10 11:05:38,013][agent.finetune.train_ppo_diffusion_agent][INFO] - approx_kl: 0.0, update_epoch: 2, num_batch: 4
[2026-10-10 11:05:39,894][agent.finetune.train_ppo_diffusion_agent][INFO] - approx_kl: 0.0, update_epoch: 2, num_batch: 4
[2026-10-10 11:05:41,762][agent.finetune.train_ppo_diffusion_agent][INFO] - approx_kl: 0.0, update_epoch: 2, num_batch: 4
[2026-10-10 11:05:43,763][agent.finetune.train_ppo_diffusion_agent][INFO] - approx_kl: 0.0, update_epoch: 2, num_batch: 4
[2026-10-10 11:05:45,521][agent.finetune.train_ppo_diffusion_agent][INFO] - approx_kl: 0.0, update_epoch: 3, num_batch: 4
[2026-10-10 11:05:47,356][agent.finetune.train_ppo_diffusion_agent][INFO] - approx_kl: 0.0, update_epoch: 3, num_batch: 4
[2026-10-10 11:05:49,212][agent.finetune.train_ppo_diffusion_agent][INFO] - approx_kl: 0.0, update_epoch: 3, num_batch: 4
[2026-10-10 11:05:51,165][agent.finetune.train_ppo_diffusion_agent][INFO] - approx_kl: 0.0, update_epoch: 3, num_batch: 4
[2026-10-10 11:05:52,926][agent.finetune.train_ppo_diffusion_agent][INFO] - approx_kl: 0.0, update_epoch: 4, num_batch: 4
[2026-10-10 11:05:54,782][agent.finetune.train_ppo_diffusion_agent][INFO] - approx_kl: 0.0, update_epoch: 4, num_batch: 4
[2026-10-10 11:05:56,633][agent.finetune.train_ppo_diffusion_agent][INFO] - approx_kl: 0.0, update_epoch: 4, num_batch: 4
[2026-10-10 11:05:58,629][agent.finetune.train_ppo_diffusion_agent][INFO] - approx_kl: 0.0, update_epoch: 4, num_batch: 4
[2026-10-10 11:06:06,031][agent.finetune.train_ppo_diffusion_agent][INFO] - 57: step  4160000 | loss -2613.4001 | pg loss -2613.4532 | value loss   0.1057 | bc loss   0.0000 | reward 3993.3559 | eta   1.0000 | t: 57.9731 | kl_true_per_action=0.00030513160758641026 | logratio_p99=0.025235430002212428 | clamp_hit_frac=0.00079375 | actor_step_ratio=1.0 | actor_step_clipfrac=0.0
[2026-10-10 11:06:06,031][agent.finetune.stage3_support][INFO] - STAGE3_METRICS {"J_disc_train": 1414.4791936579136, "J_disc_train_se": 25.513380710240764, "action_oor_frac": 0.14363125, "adv_raw_mean": 1037.2085897546608, "adv_raw_std": 489.02059539623616, "diagnostics_seconds": 0.12040019093547016, "episode_count": 80, "explained_var": 0.5463887751102448, "explained_var_reason": null, "grad_cos_prev": 0.06644187510502315, "grad_cos_prev_reason": null, "grad_norm": 120.70367116511548, "policy_action_oor_frac": 0.14363958333333332, "proj_active": false, "reward_clip_frac": 0.0, "rollout_seconds": 12.904509066022001, "split_diff_sq": 56574.013236898645, "split_dot": 425.8726444696419, "theta_dist": 0.5710564611127908, "theta_dist_preproj": 0.5710564611127908, "update_norm": 0.017708739117836738, "update_seconds": 44.943846551002935, "x0_sat_frac_last": 0.029378172588832487, "x0_sat_frac_mean": 0.08326635973422465}
[2026-10-10 11:06:20,869][agent.finetune.train_ppo_diffusion_agent][INFO] - approx_kl: 0.0, update_epoch: 0, num_batch: 4
[2026-10-10 11:06:22,741][agent.finetune.train_ppo_diffusion_agent][INFO] - approx_kl: 0.0, update_epoch: 0, num_batch: 4
[2026-10-10 11:06:24,718][agent.finetune.train_ppo_diffusion_agent][INFO] - approx_kl: 0.0, update_epoch: 0, num_batch: 4
[2026-10-10 11:06:26,486][agent.finetune.train_ppo_diffusion_agent][INFO] - approx_kl: 0.0, update_epoch: 0, num_batch: 4
[2026-10-10 11:06:28,364][agent.finetune.train_ppo_diffusion_agent][INFO] - approx_kl: 0.0, update_epoch: 1, num_batch: 4
[2026-10-10 11:06:30,233][agent.finetune.train_ppo_diffusion_agent][INFO] - approx_kl: 0.0, update_epoch: 1, num_batch: 4
[2026-10-10 11:06:32,202][agent.finetune.train_ppo_diffusion_agent][INFO] - approx_kl: 0.0, update_epoch: 1, num_batch: 4
[2026-10-10 11:06:33,970][agent.finetune.train_ppo_diffusion_agent][INFO] - approx_kl: 0.0, update_epoch: 1, num_batch: 4
[2026-10-10 11:06:35,833][agent.finetune.train_ppo_diffusion_agent][INFO] - approx_kl: 0.0, update_epoch: 2, num_batch: 4
[2026-10-10 11:06:37,671][agent.finetune.train_ppo_diffusion_agent][INFO] - approx_kl: 0.0, update_epoch: 2, num_batch: 4
[2026-10-10 11:06:39,657][agent.finetune.train_ppo_diffusion_agent][INFO] - approx_kl: 0.0, update_epoch: 2, num_batch: 4
[2026-10-10 11:06:41,455][agent.finetune.train_ppo_diffusion_agent][INFO] - approx_kl: 0.0, update_epoch: 2, num_batch: 4
[2026-10-10 11:06:43,372][agent.finetune.train_ppo_diffusion_agent][INFO] - approx_kl: 0.0, update_epoch: 3, num_batch: 4
[2026-10-10 11:06:45,277][agent.finetune.train_ppo_diffusion_agent][INFO] - approx_kl: 0.0, update_epoch: 3, num_batch: 4
[2026-10-10 11:06:47,278][agent.finetune.train_ppo_diffusion_agent][INFO] - approx_kl: 0.0, update_epoch: 3, num_batch: 4
[2026-10-10 11:06:49,017][agent.finetune.train_ppo_diffusion_agent][INFO] - approx_kl: 0.0, update_epoch: 3, num_batch: 4
[2026-10-10 11:06:50,912][agent.finetune.train_ppo_diffusion_agent][INFO] - approx_kl: 0.0, update_epoch: 4, num_batch: 4
[2026-10-10 11:06:52,787][agent.finetune.train_ppo_diffusion_agent][INFO] - approx_kl: 0.0, update_epoch: 4, num_batch: 4
[2026-10-10 11:06:54,758][agent.finetune.train_ppo_diffusion_agent][INFO] - approx_kl: 0.0, update_epoch: 4, num_batch: 4
[2026-10-10 11:06:56,525][agent.finetune.train_ppo_diffusion_agent][INFO] - approx_kl: 0.0, update_epoch: 4, num_batch: 4
[2026-10-10 11:07:03,986][agent.finetune.train_ppo_diffusion_agent][INFO] - 58: step  4240000 | loss -2657.1848 | pg loss -2657.2381 | value loss   0.1064 | bc loss   0.0000 | reward 4052.3296 | eta   1.0000 | t: 57.9552 | kl_true_per_action=0.0002923426400257473 | logratio_p99=0.024618811607360812 | clamp_hit_frac=0.0008041666666666667 | actor_step_ratio=1.0 | actor_step_clipfrac=0.0
[2026-10-10 11:07:03,986][agent.finetune.stage3_support][INFO] - STAGE3_METRICS {"J_disc_train": 1431.097686362568, "J_disc_train_se": 21.30533759753702, "action_oor_frac": 0.14585416666666667, "adv_raw_mean": 1054.2171539687133, "adv_raw_std": 479.45633792792023, "diagnostics_seconds": 0.11082810594234616, "episode_count": 80, "explained_var": 0.4701420068740845, "explained_var_reason": null, "grad_cos_prev": 0.09156551096844641, "grad_cos_prev_reason": null, "grad_norm": 116.61813024763154, "policy_action_oor_frac": 0.14587291666666666, "proj_active": false, "reward_clip_frac": 0.0, "rollout_seconds": 12.917412848910317, "split_diff_sq": 52074.36060039398, "split_dot": 581.1985340279024, "theta_dist": 0.5756526072288338, "theta_dist_preproj": 0.5756526072288338, "update_norm": 0.017660963886740863, "update_seconds": 44.922393064014614, "x0_sat_frac_last": 0.02814769975786925, "x0_sat_frac_mean": 0.08395337602924076}
[2026-10-10 11:07:19,487][agent.finetune.train_ppo_diffusion_agent][INFO] - approx_kl: 0.0, update_epoch: 0, num_batch: 4
[2026-10-10 11:07:21,359][agent.finetune.train_ppo_diffusion_agent][INFO] - approx_kl: 0.0, update_epoch: 0, num_batch: 4
[2026-10-10 11:07:23,408][agent.finetune.train_ppo_diffusion_agent][INFO] - approx_kl: 0.0, update_epoch: 0, num_batch: 4
[2026-10-10 11:07:25,183][agent.finetune.train_ppo_diffusion_agent][INFO] - approx_kl: 0.0, update_epoch: 0, num_batch: 4
[2026-10-10 11:07:27,105][agent.finetune.train_ppo_diffusion_agent][INFO] - approx_kl: 0.0, update_epoch: 1, num_batch: 4
[2026-10-10 11:07:28,974][agent.finetune.train_ppo_diffusion_agent][INFO] - approx_kl: 0.0, update_epoch: 1, num_batch: 4
[2026-10-10 11:07:30,981][agent.finetune.train_ppo_diffusion_agent][INFO] - approx_kl: 0.0, update_epoch: 1, num_batch: 4
[2026-10-10 11:07:32,748][agent.finetune.train_ppo_diffusion_agent][INFO] - approx_kl: 0.0, update_epoch: 1, num_batch: 4
[2026-10-10 11:07:34,651][agent.finetune.train_ppo_diffusion_agent][INFO] - approx_kl: 0.0, update_epoch: 2, num_batch: 4
[2026-10-10 11:07:36,529][agent.finetune.train_ppo_diffusion_agent][INFO] - approx_kl: 0.0, update_epoch: 2, num_batch: 4
[2026-10-10 11:07:38,532][agent.finetune.train_ppo_diffusion_agent][INFO] - approx_kl: 0.0, update_epoch: 2, num_batch: 4
[2026-10-10 11:07:40,298][agent.finetune.train_ppo_diffusion_agent][INFO] - approx_kl: 0.0, update_epoch: 2, num_batch: 4
[2026-10-10 11:07:42,182][agent.finetune.train_ppo_diffusion_agent][INFO] - approx_kl: 0.0, update_epoch: 3, num_batch: 4
[2026-10-10 11:07:44,057][agent.finetune.train_ppo_diffusion_agent][INFO] - approx_kl: 0.0, update_epoch: 3, num_batch: 4
[2026-10-10 11:07:46,031][agent.finetune.train_ppo_diffusion_agent][INFO] - approx_kl: 0.0, update_epoch: 3, num_batch: 4
[2026-10-10 11:07:47,831][agent.finetune.train_ppo_diffusion_agent][INFO] - approx_kl: 0.0, update_epoch: 3, num_batch: 4
[2026-10-10 11:07:49,696][agent.finetune.train_ppo_diffusion_agent][INFO] - approx_kl: 0.0, update_epoch: 4, num_batch: 4
[2026-10-10 11:07:51,567][agent.finetune.train_ppo_diffusion_agent][INFO] - approx_kl: 0.0, update_epoch: 4, num_batch: 4
[2026-10-10 11:07:53,565][agent.finetune.train_ppo_diffusion_agent][INFO] - approx_kl: 0.0, update_epoch: 4, num_batch: 4
[2026-10-10 11:07:55,331][agent.finetune.train_ppo_diffusion_agent][INFO] - approx_kl: 0.0, update_epoch: 4, num_batch: 4
[2026-10-10 11:08:02,802][agent.finetune.train_ppo_diffusion_agent][INFO] - 59: step  4320000 | loss -2686.9116 | pg loss -2686.9651 | value loss   0.1068 | bc loss   0.0000 | reward 4069.7119 | eta   1.0000 | t: 58.8159 | kl_true_per_action=0.00032228457956673043 | logratio_p99=0.026018211841583202 | clamp_hit_frac=0.0007895833333333333 | actor_step_ratio=1.0 | actor_step_clipfrac=0.0
[2026-10-10 11:08:02,802][agent.finetune.stage3_support][INFO] - STAGE3_METRICS {"J_disc_train": 1447.9424148909372, "J_disc_train_se": 13.94990788476363, "action_oor_frac": 0.14621666666666666, "adv_raw_mean": 1054.499560517371, "adv_raw_std": 457.4562340356831, "diagnostics_seconds": 0.11701294092927128, "episode_count": 80, "explained_var": 0.21528077125549316, "explained_var_reason": null, "grad_cos_prev": -0.023585298605500994, "grad_cos_prev_reason": null, "grad_norm": 112.83293405344301, "policy_action_oor_frac": 0.14624166666666666, "proj_active": false, "reward_clip_frac": 0.0, "rollout_seconds": 13.403054661932401, "split_diff_sq": 53990.114906591145, "split_dot": -766.2576093098488, "theta_dist": 0.5803854799719232, "theta_dist_preproj": 0.5803854799719232, "update_norm": 0.017679877668652037, "update_seconds": 45.292046540998854, "x0_sat_frac_last": 0.029005636070853463, "x0_sat_frac_mean": 0.08278554107779786}
[2026-10-10 11:08:15,609][agent.finetune.train_ppo_diffusion_agent][INFO] - eval: success rate   1.0000 | avg episode reward 4397.6808 | avg best reward   6.4819
[2026-10-10 11:08:15,609][agent.finetune.stage3_support][INFO] - STAGE3_METRICS {"J_disc_eval": 1559.1397512241524, "J_disc_eval_se": 19.894992151647312, "action_oor_frac": 0.0, "diagnostics_seconds": 0.011106493999250233, "episode_count": 80, "policy_action_oor_frac": 0.0, "rollout_seconds": 12.792173769092187, "update_seconds": 0.0}
[2026-10-10 11:08:30,647][agent.finetune.train_ppo_diffusion_agent][INFO] - approx_kl: 0.0, update_epoch: 0, num_batch: 4
[2026-10-10 11:08:32,520][agent.finetune.train_ppo_diffusion_agent][INFO] - approx_kl: 0.0, update_epoch: 0, num_batch: 4
[2026-10-10 11:08:34,473][agent.finetune.train_ppo_diffusion_agent][INFO] - approx_kl: 0.0, update_epoch: 0, num_batch: 4
[2026-10-10 11:08:36,150][agent.finetune.train_ppo_diffusion_agent][INFO] - approx_kl: 0.0, update_epoch: 0, num_batch: 4
[2026-10-10 11:08:37,952][agent.finetune.train_ppo_diffusion_agent][INFO] - approx_kl: 0.0, update_epoch: 1, num_batch: 4
[2026-10-10 11:08:40,242][agent.finetune.train_ppo_diffusion_agent][INFO] - approx_kl: 0.0, update_epoch: 1, num_batch: 4
[2026-10-10 11:08:41,956][agent.finetune.train_ppo_diffusion_agent][INFO] - approx_kl: 0.0, update_epoch: 1, num_batch: 4
[2026-10-10 11:08:43,748][agent.finetune.train_ppo_diffusion_agent][INFO] - approx_kl: 0.0, update_epoch: 1, num_batch: 4
[2026-10-10 11:08:45,526][agent.finetune.train_ppo_diffusion_agent][INFO] - approx_kl: 0.0, update_epoch: 2, num_batch: 4
[2026-10-10 11:08:47,383][agent.finetune.train_ppo_diffusion_agent][INFO] - approx_kl: 0.0, update_epoch: 2, num_batch: 4
[2026-10-10 11:08:49,023][agent.finetune.train_ppo_diffusion_agent][INFO] - approx_kl: 0.0, update_epoch: 2, num_batch: 4
[2026-10-10 11:08:50,724][agent.finetune.train_ppo_diffusion_agent][INFO] - approx_kl: 0.0, update_epoch: 2, num_batch: 4
[2026-10-10 11:08:52,507][agent.finetune.train_ppo_diffusion_agent][INFO] - approx_kl: 0.0, update_epoch: 3, num_batch: 4
[2026-10-10 11:08:54,358][agent.finetune.train_ppo_diffusion_agent][INFO] - approx_kl: 0.0, update_epoch: 3, num_batch: 4
[2026-10-10 11:08:55,994][agent.finetune.train_ppo_diffusion_agent][INFO] - approx_kl: 0.0, update_epoch: 3, num_batch: 4
[2026-10-10 11:08:57,723][agent.finetune.train_ppo_diffusion_agent][INFO] - approx_kl: 0.0, update_epoch: 3, num_batch: 4
[2026-10-10 11:08:59,460][agent.finetune.train_ppo_diffusion_agent][INFO] - approx_kl: 0.0, update_epoch: 4, num_batch: 4
[2026-10-10 11:09:01,288][agent.finetune.train_ppo_diffusion_agent][INFO] - approx_kl: 0.0, update_epoch: 4, num_batch: 4
[2026-10-10 11:09:02,904][agent.finetune.train_ppo_diffusion_agent][INFO] - approx_kl: 0.0, update_epoch: 4, num_batch: 4
[2026-10-10 11:09:04,824][agent.finetune.train_ppo_diffusion_agent][INFO] - approx_kl: 0.0, update_epoch: 4, num_batch: 4
[2026-10-10 11:09:11,808][agent.finetune.train_ppo_diffusion_agent][INFO] - 61: step  4400000 | loss -2652.7566 | pg loss -2652.8095 | value loss   0.1059 | bc loss   0.0000 | reward 4028.9226 | eta   1.0000 | t: 56.1996 | kl_true_per_action=0.00030472801325720446 | logratio_p99=0.024460184574127162 | clamp_hit_frac=0.0007854166666666667 | actor_step_ratio=1.0 | actor_step_clipfrac=0.0
[2026-10-10 11:09:11,809][agent.finetune.stage3_support][INFO] - STAGE3_METRICS {"J_disc_train": 1431.9700385587967, "J_disc_train_se": 26.909691837110163, "action_oor_frac": 0.14474375, "adv_raw_mean": 1044.508889369603, "adv_raw_std": 497.62177059592483, "diagnostics_seconds": 0.11977740400470793, "episode_count": 80, "explained_var": 0.5452447831630707, "explained_var_reason": null, "grad_cos_prev": -0.011844120711756332, "grad_cos_prev_reason": null, "grad_norm": 114.72797638462724, "policy_action_oor_frac": 0.14477916666666665, "proj_active": false, "reward_clip_frac": 0.0, "rollout_seconds": 12.838032381958328, "split_diff_sq": 52776.0832112324, "split_dot": -31.512139465386554, "theta_dist": 0.5851454805418338, "theta_dist_preproj": 0.5851454805418338, "update_norm": 0.01768509514288059, "update_seconds": 43.2352922600694, "x0_sat_frac_last": 0.02800261096605744, "x0_sat_frac_mean": 0.08330256575120676}
[2026-10-10 11:09:27,280][agent.finetune.train_ppo_diffusion_agent][INFO] - approx_kl: 0.0, update_epoch: 0, num_batch: 4
[2026-10-10 11:09:29,365][agent.finetune.train_ppo_diffusion_agent][INFO] - approx_kl: 0.0, update_epoch: 0, num_batch: 4
[2026-10-10 11:09:31,191][agent.finetune.train_ppo_diffusion_agent][INFO] - approx_kl: 0.0, update_epoch: 0, num_batch: 4
[2026-10-10 11:09:33,091][agent.finetune.train_ppo_diffusion_agent][INFO] - approx_kl: 0.0, update_epoch: 0, num_batch: 4
[2026-10-10 11:09:34,962][agent.finetune.train_ppo_diffusion_agent][INFO] - approx_kl: 0.0, update_epoch: 1, num_batch: 4
[2026-10-10 11:09:36,945][agent.finetune.train_ppo_diffusion_agent][INFO] - approx_kl: 0.0, update_epoch: 1, num_batch: 4
[2026-10-10 11:09:38,718][agent.finetune.train_ppo_diffusion_agent][INFO] - approx_kl: 0.0, update_epoch: 1, num_batch: 4
[2026-10-10 11:09:40,586][agent.finetune.train_ppo_diffusion_agent][INFO] - approx_kl: 0.0, update_epoch: 1, num_batch: 4
[2026-10-10 11:09:42,460][agent.finetune.train_ppo_diffusion_agent][INFO] - approx_kl: 0.0, update_epoch: 2, num_batch: 4
[2026-10-10 11:09:44,467][agent.finetune.train_ppo_diffusion_agent][INFO] - approx_kl: 0.0, update_epoch: 2, num_batch: 4
[2026-10-10 11:09:46,262][agent.finetune.train_ppo_diffusion_agent][INFO] - approx_kl: 0.0, update_epoch: 2, num_batch: 4
[2026-10-10 11:09:48,142][agent.finetune.train_ppo_diffusion_agent][INFO] - approx_kl: 0.0, update_epoch: 2, num_batch: 4
[2026-10-10 11:09:50,015][agent.finetune.train_ppo_diffusion_agent][INFO] - approx_kl: 0.0, update_epoch: 3, num_batch: 4
[2026-10-10 11:09:52,015][agent.finetune.train_ppo_diffusion_agent][INFO] - approx_kl: 0.0, update_epoch: 3, num_batch: 4
[2026-10-10 11:09:53,788][agent.finetune.train_ppo_diffusion_agent][INFO] - approx_kl: 0.0, update_epoch: 3, num_batch: 4
[2026-10-10 11:09:55,659][agent.finetune.train_ppo_diffusion_agent][INFO] - approx_kl: 0.0, update_epoch: 3, num_batch: 4
[2026-10-10 11:09:57,534][agent.finetune.train_ppo_diffusion_agent][INFO] - approx_kl: 0.0, update_epoch: 4, num_batch: 4
[2026-10-10 11:09:59,490][agent.finetune.train_ppo_diffusion_agent][INFO] - approx_kl: 0.0, update_epoch: 4, num_batch: 4
[2026-10-10 11:10:01,241][agent.finetune.train_ppo_diffusion_agent][INFO] - approx_kl: 0.0, update_epoch: 4, num_batch: 4
[2026-10-10 11:10:03,118][agent.finetune.train_ppo_diffusion_agent][INFO] - approx_kl: 0.0, update_epoch: 4, num_batch: 4
[2026-10-10 11:10:10,654][agent.finetune.train_ppo_diffusion_agent][INFO] - 62: step  4480000 | loss -2564.1602 | pg loss -2564.2131 | value loss   0.1058 | bc loss   0.0000 | reward 3912.0786 | eta   1.0000 | t: 58.8457 | kl_true_per_action=0.0003015160404142442 | logratio_p99=0.024053186178207363 | clamp_hit_frac=0.0008229166666666667 | actor_step_ratio=1.0 | actor_step_clipfrac=0.0
[2026-10-10 11:10:10,654][agent.finetune.stage3_support][INFO] - STAGE3_METRICS {"J_disc_train": 1402.1204581932338, "J_disc_train_se": 25.408521359773257, "action_oor_frac": 0.1412125, "adv_raw_mean": 1009.5917228111703, "adv_raw_std": 502.11781946104253, "diagnostics_seconds": 0.1301592910895124, "episode_count": 80, "explained_var": 0.6100896596908569, "explained_var_reason": null, "grad_cos_prev": 0.02542229125124561, "grad_cos_prev_reason": null, "grad_norm": 108.7315350437536, "policy_action_oor_frac": 0.1412375, "proj_active": false, "reward_clip_frac": 0.0, "rollout_seconds": 12.947108770953491, "split_diff_sq": 52415.652464344006, "split_dot": -1281.3656823439917, "theta_dist": 0.5900034820663491, "theta_dist_preproj": 0.5900034820663491, "update_norm": 0.017606171711935455, "update_seconds": 45.76446548290551, "x0_sat_frac_last": 0.028754713887522546, "x0_sat_frac_mean": 0.08046790019866808}
[2026-10-10 11:10:26,014][agent.finetune.train_ppo_diffusion_agent][INFO] - approx_kl: 0.0, update_epoch: 0, num_batch: 4
[2026-10-10 11:10:27,861][agent.finetune.train_ppo_diffusion_agent][INFO] - approx_kl: 0.0, update_epoch: 0, num_batch: 4
[2026-10-10 11:10:29,515][agent.finetune.train_ppo_diffusion_agent][INFO] - approx_kl: 0.0, update_epoch: 0, num_batch: 4
[2026-10-10 11:10:31,264][agent.finetune.train_ppo_diffusion_agent][INFO] - approx_kl: 0.0, update_epoch: 0, num_batch: 4
[2026-10-10 11:10:33,013][agent.finetune.train_ppo_diffusion_agent][INFO] - approx_kl: 0.0, update_epoch: 1, num_batch: 4
[2026-10-10 11:10:34,868][agent.finetune.train_ppo_diffusion_agent][INFO] - approx_kl: 0.0, update_epoch: 1, num_batch: 4
[2026-10-10 11:10:36,557][agent.finetune.train_ppo_diffusion_agent][INFO] - approx_kl: 0.0, update_epoch: 1, num_batch: 4
[2026-10-10 11:10:38,339][agent.finetune.train_ppo_diffusion_agent][INFO] - approx_kl: 0.0, update_epoch: 1, num_batch: 4
[2026-10-10 11:10:40,095][agent.finetune.train_ppo_diffusion_agent][INFO] - approx_kl: 0.0, update_epoch: 2, num_batch: 4
[2026-10-10 11:10:41,996][agent.finetune.train_ppo_diffusion_agent][INFO] - approx_kl: 0.0, update_epoch: 2, num_batch: 4
[2026-10-10 11:10:43,665][agent.finetune.train_ppo_diffusion_agent][INFO] - approx_kl: 0.0, update_epoch: 2, num_batch: 4
[2026-10-10 11:10:45,400][agent.finetune.train_ppo_diffusion_agent][INFO] - approx_kl: 0.0, update_epoch: 2, num_batch: 4
[2026-10-10 11:10:47,111][agent.finetune.train_ppo_diffusion_agent][INFO] - approx_kl: 0.0, update_epoch: 3, num_batch: 4
[2026-10-10 11:10:48,929][agent.finetune.train_ppo_diffusion_agent][INFO] - approx_kl: 0.0, update_epoch: 3, num_batch: 4
[2026-10-10 11:10:50,556][agent.finetune.train_ppo_diffusion_agent][INFO] - approx_kl: 0.0, update_epoch: 3, num_batch: 4
[2026-10-10 11:10:52,318][agent.finetune.train_ppo_diffusion_agent][INFO] - approx_kl: 0.0, update_epoch: 3, num_batch: 4
[2026-10-10 11:10:54,080][agent.finetune.train_ppo_diffusion_agent][INFO] - approx_kl: 0.0, update_epoch: 4, num_batch: 4
[2026-10-10 11:10:55,923][agent.finetune.train_ppo_diffusion_agent][INFO] - approx_kl: 0.0, update_epoch: 4, num_batch: 4
[2026-10-10 11:10:57,571][agent.finetune.train_ppo_diffusion_agent][INFO] - approx_kl: 0.0, update_epoch: 4, num_batch: 4
[2026-10-10 11:10:59,321][agent.finetune.train_ppo_diffusion_agent][INFO] - approx_kl: 0.0, update_epoch: 4, num_batch: 4
[2026-10-10 11:11:06,249][agent.finetune.train_ppo_diffusion_agent][INFO] - 63: step  4560000 | loss -2648.7585 | pg loss -2648.8111 | value loss   0.1051 | bc loss   0.0000 | reward 4027.2330 | eta   1.0000 | t: 55.5945 | kl_true_per_action=0.00033735422205762586 | logratio_p99=0.02621289968490599 | clamp_hit_frac=0.0008291666666666666 | actor_step_ratio=1.0 | actor_step_clipfrac=0.0
[2026-10-10 11:11:06,249][agent.finetune.stage3_support][INFO] - STAGE3_METRICS {"J_disc_train": 1433.4356457142298, "J_disc_train_se": 21.011252757180042, "action_oor_frac": 0.14523958333333334, "adv_raw_mean": 1043.2526779488826, "adv_raw_std": 480.38560335410045, "diagnostics_seconds": 0.1305087598739192, "episode_count": 80, "explained_var": 0.5018523633480072, "explained_var_reason": null, "grad_cos_prev": -0.06408689700155952, "grad_cos_prev_reason": null, "grad_norm": 114.69454232715455, "policy_action_oor_frac": 0.14527083333333332, "proj_active": false, "reward_clip_frac": 0.0, "rollout_seconds": 12.96678547700867, "split_diff_sq": 46309.162397585606, "split_dot": 1577.5476344973763, "theta_dist": 0.5949684255968218, "theta_dist_preproj": 0.5949684255968218, "update_norm": 0.017597037182297985, "update_seconds": 42.49347728001885, "x0_sat_frac_last": 0.02708835341365462, "x0_sat_frac_mean": 0.0835897495602918}
[2026-10-10 11:11:21,113][agent.finetune.train_ppo_diffusion_agent][INFO] - approx_kl: 0.0, update_epoch: 0, num_batch: 4
[2026-10-10 11:11:22,985][agent.finetune.train_ppo_diffusion_agent][INFO] - approx_kl: 0.0, update_epoch: 0, num_batch: 4
[2026-10-10 11:11:24,641][agent.finetune.train_ppo_diffusion_agent][INFO] - approx_kl: 0.0, update_epoch: 0, num_batch: 4
[2026-10-10 11:11:26,388][agent.finetune.train_ppo_diffusion_agent][INFO] - approx_kl: 0.0, update_epoch: 0, num_batch: 4
[2026-10-10 11:11:28,140][agent.finetune.train_ppo_diffusion_agent][INFO] - approx_kl: 0.0, update_epoch: 1, num_batch: 4
[2026-10-10 11:11:29,998][agent.finetune.train_ppo_diffusion_agent][INFO] - approx_kl: 0.0, update_epoch: 1, num_batch: 4
[2026-10-10 11:11:31,700][agent.finetune.train_ppo_diffusion_agent][INFO] - approx_kl: 0.0, update_epoch: 1, num_batch: 4
[2026-10-10 11:11:33,451][agent.finetune.train_ppo_diffusion_agent][INFO] - approx_kl: 0.0, update_epoch: 1, num_batch: 4
[2026-10-10 11:11:35,192][agent.finetune.train_ppo_diffusion_agent][INFO] - approx_kl: 0.0, update_epoch: 2, num_batch: 4
[2026-10-10 11:11:37,039][agent.finetune.train_ppo_diffusion_agent][INFO] - approx_kl: 0.0, update_epoch: 2, num_batch: 4
[2026-10-10 11:11:38,692][agent.finetune.train_ppo_diffusion_agent][INFO] - approx_kl: 0.0, update_epoch: 2, num_batch: 4
[2026-10-10 11:11:40,417][agent.finetune.train_ppo_diffusion_agent][INFO] - approx_kl: 0.0, update_epoch: 2, num_batch: 4
[2026-10-10 11:11:42,202][agent.finetune.train_ppo_diffusion_agent][INFO] - approx_kl: 0.0, update_epoch: 3, num_batch: 4
[2026-10-10 11:11:44,123][agent.finetune.train_ppo_diffusion_agent][INFO] - approx_kl: 0.0, update_epoch: 3, num_batch: 4
[2026-10-10 11:11:45,801][agent.finetune.train_ppo_diffusion_agent][INFO] - approx_kl: 0.0, update_epoch: 3, num_batch: 4
[2026-10-10 11:11:47,548][agent.finetune.train_ppo_diffusion_agent][INFO] - approx_kl: 0.0, update_epoch: 3, num_batch: 4
[2026-10-10 11:11:49,305][agent.finetune.train_ppo_diffusion_agent][INFO] - approx_kl: 0.0, update_epoch: 4, num_batch: 4
[2026-10-10 11:11:51,151][agent.finetune.train_ppo_diffusion_agent][INFO] - approx_kl: 0.0, update_epoch: 4, num_batch: 4
[2026-10-10 11:11:52,798][agent.finetune.train_ppo_diffusion_agent][INFO] - approx_kl: 0.0, update_epoch: 4, num_batch: 4
[2026-10-10 11:11:54,535][agent.finetune.train_ppo_diffusion_agent][INFO] - approx_kl: 0.0, update_epoch: 4, num_batch: 4
[2026-10-10 11:12:01,529][agent.finetune.train_ppo_diffusion_agent][INFO] - 64: step  4640000 | loss -2659.3711 | pg loss -2659.4255 | value loss   0.1089 | bc loss   0.0000 | reward 4049.4521 | eta   1.0000 | t: 55.2802 | kl_true_per_action=0.00037649592940311135 | logratio_p99=0.027199832201003995 | clamp_hit_frac=0.0007854166666666667 | actor_step_ratio=1.0 | actor_step_clipfrac=0.0
[2026-10-10 11:12:01,529][agent.finetune.stage3_support][INFO] - STAGE3_METRICS {"J_disc_train": 1437.6858098554453, "J_disc_train_se": 22.881005822087626, "action_oor_frac": 0.14494791666666668, "adv_raw_mean": 1050.4572779971854, "adv_raw_std": 475.12330733184314, "diagnostics_seconds": 0.11316648893989623, "episode_count": 80, "explained_var": 0.40141892433166504, "explained_var_reason": null, "grad_cos_prev": 0.04709467539985474, "grad_cos_prev_reason": null, "grad_norm": 116.12587401734147, "policy_action_oor_frac": 0.14497708333333334, "proj_active": false, "reward_clip_frac": 0.0, "rollout_seconds": 12.892355049960315, "split_diff_sq": 53848.4321270424, "split_dot": 23.110949912416828, "theta_dist": 0.5999421306717806, "theta_dist_preproj": 0.5999421306717806, "update_norm": 0.017679389381639713, "update_seconds": 42.268366634030826, "x0_sat_frac_last": 0.028384468712081817, "x0_sat_frac_mean": 0.08264561658969163}
[2026-10-10 11:12:16,216][agent.finetune.train_ppo_diffusion_agent][INFO] - approx_kl: 0.0, update_epoch: 0, num_batch: 4
[2026-10-10 11:12:17,837][agent.finetune.train_ppo_diffusion_agent][INFO] - approx_kl: 0.0, update_epoch: 0, num_batch: 4
[2026-10-10 11:12:19,541][agent.finetune.train_ppo_diffusion_agent][INFO] - approx_kl: 0.0, update_epoch: 0, num_batch: 4
[2026-10-10 11:12:21,250][agent.finetune.train_ppo_diffusion_agent][INFO] - approx_kl: 0.0, update_epoch: 0, num_batch: 4
[2026-10-10 11:12:23,097][agent.finetune.train_ppo_diffusion_agent][INFO] - approx_kl: 0.0, update_epoch: 1, num_batch: 4
[2026-10-10 11:12:24,741][agent.finetune.train_ppo_diffusion_agent][INFO] - approx_kl: 0.0, update_epoch: 1, num_batch: 4
[2026-10-10 11:12:26,476][agent.finetune.train_ppo_diffusion_agent][INFO] - approx_kl: 0.0, update_epoch: 1, num_batch: 4
[2026-10-10 11:12:28,231][agent.finetune.train_ppo_diffusion_agent][INFO] - approx_kl: 0.0, update_epoch: 1, num_batch: 4
[2026-10-10 11:12:30,060][agent.finetune.train_ppo_diffusion_agent][INFO] - approx_kl: 0.0, update_epoch: 2, num_batch: 4
[2026-10-10 11:12:31,699][agent.finetune.train_ppo_diffusion_agent][INFO] - approx_kl: 0.0, update_epoch: 2, num_batch: 4
[2026-10-10 11:12:33,430][agent.finetune.train_ppo_diffusion_agent][INFO] - approx_kl: 0.0, update_epoch: 2, num_batch: 4
[2026-10-10 11:12:35,163][agent.finetune.train_ppo_diffusion_agent][INFO] - approx_kl: 0.0, update_epoch: 2, num_batch: 4
[2026-10-10 11:12:36,998][agent.finetune.train_ppo_diffusion_agent][INFO] - approx_kl: 0.0, update_epoch: 3, num_batch: 4
[2026-10-10 11:12:38,674][agent.finetune.train_ppo_diffusion_agent][INFO] - approx_kl: 0.0, update_epoch: 3, num_batch: 4
[2026-10-10 11:12:40,410][agent.finetune.train_ppo_diffusion_agent][INFO] - approx_kl: 0.0, update_epoch: 3, num_batch: 4
[2026-10-10 11:12:42,161][agent.finetune.train_ppo_diffusion_agent][INFO] - approx_kl: 0.0, update_epoch: 3, num_batch: 4
[2026-10-10 11:12:43,991][agent.finetune.train_ppo_diffusion_agent][INFO] - approx_kl: 0.0, update_epoch: 4, num_batch: 4
[2026-10-10 11:12:45,624][agent.finetune.train_ppo_diffusion_agent][INFO] - approx_kl: 0.0, update_epoch: 4, num_batch: 4
[2026-10-10 11:12:47,350][agent.finetune.train_ppo_diffusion_agent][INFO] - approx_kl: 0.0, update_epoch: 4, num_batch: 4
[2026-10-10 11:12:49,045][agent.finetune.train_ppo_diffusion_agent][INFO] - approx_kl: 0.0, update_epoch: 4, num_batch: 4
[2026-10-10 11:12:56,082][agent.finetune.train_ppo_diffusion_agent][INFO] - 65: step  4720000 | loss -2662.3838 | pg loss -2662.4380 | value loss   0.1083 | bc loss   0.0000 | reward 4028.3183 | eta   1.0000 | t: 54.5528 | kl_true_per_action=0.00037768500004308283 | logratio_p99=0.027479017972946152 | clamp_hit_frac=0.0008125 | actor_step_ratio=1.0 | actor_step_clipfrac=0.0
[2026-10-10 11:12:56,082][agent.finetune.stage3_support][INFO] - STAGE3_METRICS {"J_disc_train": 1421.0851069040953, "J_disc_train_se": 23.878985169063693, "action_oor_frac": 0.14398958333333334, "adv_raw_mean": 1048.5776027941479, "adv_raw_std": 484.9023452734409, "diagnostics_seconds": 0.11466400499921292, "episode_count": 80, "explained_var": 0.5073639452457428, "explained_var_reason": null, "grad_cos_prev": -0.005995110586474937, "grad_cos_prev_reason": null, "grad_norm": 116.70070359605614, "policy_action_oor_frac": 0.1440125, "proj_active": false, "reward_clip_frac": 0.0, "rollout_seconds": 12.578083838103339, "split_diff_sq": 55307.91736003428, "split_dot": -207.92530398834208, "theta_dist": 0.6050153228460168, "theta_dist_preproj": 0.6050153228460168, "update_norm": 0.01765662703379081, "update_seconds": 41.85638315905817, "x0_sat_frac_last": 0.027213475537497884, "x0_sat_frac_mean": 0.0828083574180286}
[2026-10-10 11:13:10,797][agent.finetune.train_ppo_diffusion_agent][INFO] - approx_kl: 0.0, update_epoch: 0, num_batch: 4
[2026-10-10 11:13:12,445][agent.finetune.train_ppo_diffusion_agent][INFO] - approx_kl: 0.0, update_epoch: 0, num_batch: 4
[2026-10-10 11:13:14,198][agent.finetune.train_ppo_diffusion_agent][INFO] - approx_kl: 0.0, update_epoch: 0, num_batch: 4
[2026-10-10 11:13:15,905][agent.finetune.train_ppo_diffusion_agent][INFO] - approx_kl: 0.0, update_epoch: 0, num_batch: 4
[2026-10-10 11:13:17,742][agent.finetune.train_ppo_diffusion_agent][INFO] - approx_kl: 0.0, update_epoch: 1, num_batch: 4
[2026-10-10 11:13:19,366][agent.finetune.train_ppo_diffusion_agent][INFO] - approx_kl: 0.0, update_epoch: 1, num_batch: 4
[2026-10-10 11:13:21,149][agent.finetune.train_ppo_diffusion_agent][INFO] - approx_kl: 0.0, update_epoch: 1, num_batch: 4
[2026-10-10 11:13:22,935][agent.finetune.train_ppo_diffusion_agent][INFO] - approx_kl: 0.0, update_epoch: 1, num_batch: 4
[2026-10-10 11:13:24,787][agent.finetune.train_ppo_diffusion_agent][INFO] - approx_kl: 0.0, update_epoch: 2, num_batch: 4
[2026-10-10 11:13:26,434][agent.finetune.train_ppo_diffusion_agent][INFO] - approx_kl: 0.0, update_epoch: 2, num_batch: 4
[2026-10-10 11:13:28,179][agent.finetune.train_ppo_diffusion_agent][INFO] - approx_kl: 0.0, update_epoch: 2, num_batch: 4
[2026-10-10 11:13:29,920][agent.finetune.train_ppo_diffusion_agent][INFO] - approx_kl: 0.0, update_epoch: 2, num_batch: 4
[2026-10-10 11:13:31,769][agent.finetune.train_ppo_diffusion_agent][INFO] - approx_kl: 0.0, update_epoch: 3, num_batch: 4
[2026-10-10 11:13:33,418][agent.finetune.train_ppo_diffusion_agent][INFO] - approx_kl: 0.0, update_epoch: 3, num_batch: 4
[2026-10-10 11:13:35,159][agent.finetune.train_ppo_diffusion_agent][INFO] - approx_kl: 0.0, update_epoch: 3, num_batch: 4
[2026-10-10 11:13:36,907][agent.finetune.train_ppo_diffusion_agent][INFO] - approx_kl: 0.0, update_epoch: 3, num_batch: 4
[2026-10-10 11:13:38,791][agent.finetune.train_ppo_diffusion_agent][INFO] - approx_kl: 0.0, update_epoch: 4, num_batch: 4
[2026-10-10 11:13:40,473][agent.finetune.train_ppo_diffusion_agent][INFO] - approx_kl: 0.0, update_epoch: 4, num_batch: 4
[2026-10-10 11:13:42,225][agent.finetune.train_ppo_diffusion_agent][INFO] - approx_kl: 0.0, update_epoch: 4, num_batch: 4
[2026-10-10 11:13:43,978][agent.finetune.train_ppo_diffusion_agent][INFO] - approx_kl: 0.0, update_epoch: 4, num_batch: 4
[2026-10-10 11:13:51,007][agent.finetune.train_ppo_diffusion_agent][INFO] - 66: step  4800000 | loss -2649.2214 | pg loss -2649.2760 | value loss   0.1090 | bc loss   0.0000 | reward 4011.9751 | eta   1.0000 | t: 54.9252 | kl_true_per_action=0.0003703173304561046 | logratio_p99=0.027043668031692416 | clamp_hit_frac=0.0007354166666666667 | actor_step_ratio=1.0 | actor_step_clipfrac=0.0
[2026-10-10 11:13:51,007][agent.finetune.stage3_support][INFO] - STAGE3_METRICS {"J_disc_train": 1435.8746534883435, "J_disc_train_se": 15.116157485540022, "action_oor_frac": 0.14467083333333333, "adv_raw_mean": 1036.1836710410403, "adv_raw_std": 478.95941022710116, "diagnostics_seconds": 0.11264130100607872, "episode_count": 80, "explained_var": 0.4654543995857239, "explained_var_reason": null, "grad_cos_prev": 0.07543407098918158, "grad_cos_prev_reason": null, "grad_norm": 114.13120528841995, "policy_action_oor_frac": 0.14469791666666668, "proj_active": false, "reward_clip_frac": 0.0, "rollout_seconds": 12.605179808102548, "split_diff_sq": 57952.43597504317, "split_dot": -1462.1766898363455, "theta_dist": 0.610064361879923, "theta_dist_preproj": 0.610064361879923, "update_norm": 0.017787754584034275, "update_seconds": 42.203800342045724, "x0_sat_frac_last": 0.026757255494044622, "x0_sat_frac_mean": 0.08320626040606693}
[2026-10-10 11:14:05,764][agent.finetune.train_ppo_diffusion_agent][INFO] - approx_kl: 0.0, update_epoch: 0, num_batch: 4
[2026-10-10 11:14:07,434][agent.finetune.train_ppo_diffusion_agent][INFO] - approx_kl: 0.0, update_epoch: 0, num_batch: 4
[2026-10-10 11:14:09,176][agent.finetune.train_ppo_diffusion_agent][INFO] - approx_kl: 0.0, update_epoch: 0, num_batch: 4
[2026-10-10 11:14:11,025][agent.finetune.train_ppo_diffusion_agent][INFO] - approx_kl: 0.0, update_epoch: 0, num_batch: 4
[2026-10-10 11:14:12,678][agent.finetune.train_ppo_diffusion_agent][INFO] - approx_kl: 0.0, update_epoch: 1, num_batch: 4
[2026-10-10 11:14:14,424][agent.finetune.train_ppo_diffusion_agent][INFO] - approx_kl: 0.0, update_epoch: 1, num_batch: 4
[2026-10-10 11:14:16,174][agent.finetune.train_ppo_diffusion_agent][INFO] - approx_kl: 0.0, update_epoch: 1, num_batch: 4
[2026-10-10 11:14:18,053][agent.finetune.train_ppo_diffusion_agent][INFO] - approx_kl: 0.0, update_epoch: 1, num_batch: 4
[2026-10-10 11:14:19,701][agent.finetune.train_ppo_diffusion_agent][INFO] - approx_kl: 0.0, update_epoch: 2, num_batch: 4
[2026-10-10 11:14:21,423][agent.finetune.train_ppo_diffusion_agent][INFO] - approx_kl: 0.0, update_epoch: 2, num_batch: 4
[2026-10-10 11:14:23,183][agent.finetune.train_ppo_diffusion_agent][INFO] - approx_kl: 0.0, update_epoch: 2, num_batch: 4
[2026-10-10 11:14:25,027][agent.finetune.train_ppo_diffusion_agent][INFO] - approx_kl: 0.0, update_epoch: 2, num_batch: 4
[2026-10-10 11:14:26,677][agent.finetune.train_ppo_diffusion_agent][INFO] - approx_kl: 0.0, update_epoch: 3, num_batch: 4
[2026-10-10 11:14:28,467][agent.finetune.train_ppo_diffusion_agent][INFO] - approx_kl: 0.0, update_epoch: 3, num_batch: 4
[2026-10-10 11:14:30,234][agent.finetune.train_ppo_diffusion_agent][INFO] - approx_kl: 0.0, update_epoch: 3, num_batch: 4
[2026-10-10 11:14:32,095][agent.finetune.train_ppo_diffusion_agent][INFO] - approx_kl: 0.0, update_epoch: 3, num_batch: 4
[2026-10-10 11:14:33,748][agent.finetune.train_ppo_diffusion_agent][INFO] - approx_kl: 0.0, update_epoch: 4, num_batch: 4
[2026-10-10 11:14:35,492][agent.finetune.train_ppo_diffusion_agent][INFO] - approx_kl: 0.0, update_epoch: 4, num_batch: 4
[2026-10-10 11:14:37,231][agent.finetune.train_ppo_diffusion_agent][INFO] - approx_kl: 0.0, update_epoch: 4, num_batch: 4
[2026-10-10 11:14:39,103][agent.finetune.train_ppo_diffusion_agent][INFO] - approx_kl: 0.0, update_epoch: 4, num_batch: 4
[2026-10-10 11:14:46,178][agent.finetune.train_ppo_diffusion_agent][INFO] - 67: step  4880000 | loss -2655.4927 | pg loss -2655.5467 | value loss   0.1080 | bc loss   0.0000 | reward 4032.2313 | eta   1.0000 | t: 55.1711 | kl_true_per_action=0.00034767826189021 | logratio_p99=0.02644440412521353 | clamp_hit_frac=0.0008145833333333333 | actor_step_ratio=1.0 | actor_step_clipfrac=0.0
[2026-10-10 11:14:46,178][agent.finetune.stage3_support][INFO] - STAGE3_METRICS {"J_disc_train": 1436.3343821612239, "J_disc_train_se": 23.457571795696104, "action_oor_frac": 0.14536041666666666, "adv_raw_mean": 1044.1040936839909, "adv_raw_std": 479.56560684276974, "diagnostics_seconds": 0.11298796022310853, "episode_count": 80, "explained_var": 0.45373111963272095, "explained_var_reason": null, "grad_cos_prev": -0.03508884550344844, "grad_cos_prev_reason": null, "grad_norm": 113.66801818736002, "policy_action_oor_frac": 0.14540208333333332, "proj_active": false, "reward_clip_frac": 0.0, "rollout_seconds": 12.6794252890395, "split_diff_sq": 53097.00123072359, "split_dot": -353.8314565560446, "theta_dist": 0.6148438761866789, "theta_dist_preproj": 0.6148438761866789, "update_norm": 0.017615199447987197, "update_seconds": 42.37460669479333, "x0_sat_frac_last": 0.0275657336726039, "x0_sat_frac_mean": 0.08400453123024118}
[2026-10-10 11:15:00,541][agent.finetune.train_ppo_diffusion_agent][INFO] - approx_kl: 0.0, update_epoch: 0, num_batch: 4
[2026-10-10 11:15:02,269][agent.finetune.train_ppo_diffusion_agent][INFO] - approx_kl: 0.0, update_epoch: 0, num_batch: 4
[2026-10-10 11:15:03,998][agent.finetune.train_ppo_diffusion_agent][INFO] - approx_kl: 0.0, update_epoch: 0, num_batch: 4
[2026-10-10 11:15:05,840][agent.finetune.train_ppo_diffusion_agent][INFO] - approx_kl: 0.0, update_epoch: 0, num_batch: 4
[2026-10-10 11:15:07,493][agent.finetune.train_ppo_diffusion_agent][INFO] - approx_kl: 0.0, update_epoch: 1, num_batch: 4
[2026-10-10 11:15:09,232][agent.finetune.train_ppo_diffusion_agent][INFO] - approx_kl: 0.0, update_epoch: 1, num_batch: 4
[2026-10-10 11:15:10,979][agent.finetune.train_ppo_diffusion_agent][INFO] - approx_kl: 0.0, update_epoch: 1, num_batch: 4
[2026-10-10 11:15:12,844][agent.finetune.train_ppo_diffusion_agent][INFO] - approx_kl: 0.0, update_epoch: 1, num_batch: 4
[2026-10-10 11:15:14,497][agent.finetune.train_ppo_diffusion_agent][INFO] - approx_kl: 0.0, update_epoch: 2, num_batch: 4
[2026-10-10 11:15:16,212][agent.finetune.train_ppo_diffusion_agent][INFO] - approx_kl: 0.0, update_epoch: 2, num_batch: 4
[2026-10-10 11:15:17,968][agent.finetune.train_ppo_diffusion_agent][INFO] - approx_kl: 0.0, update_epoch: 2, num_batch: 4
[2026-10-10 11:15:19,823][agent.finetune.train_ppo_diffusion_agent][INFO] - approx_kl: 0.0, update_epoch: 2, num_batch: 4
[2026-10-10 11:15:21,478][agent.finetune.train_ppo_diffusion_agent][INFO] - approx_kl: 0.0, update_epoch: 3, num_batch: 4
[2026-10-10 11:15:23,220][agent.finetune.train_ppo_diffusion_agent][INFO] - approx_kl: 0.0, update_epoch: 3, num_batch: 4
[2026-10-10 11:15:24,962][agent.finetune.train_ppo_diffusion_agent][INFO] - approx_kl: 0.0, update_epoch: 3, num_batch: 4
[2026-10-10 11:15:26,809][agent.finetune.train_ppo_diffusion_agent][INFO] - approx_kl: 0.0, update_epoch: 3, num_batch: 4
[2026-10-10 11:15:28,456][agent.finetune.train_ppo_diffusion_agent][INFO] - approx_kl: 0.0, update_epoch: 4, num_batch: 4
[2026-10-10 11:15:30,198][agent.finetune.train_ppo_diffusion_agent][INFO] - approx_kl: 0.0, update_epoch: 4, num_batch: 4
[2026-10-10 11:15:31,937][agent.finetune.train_ppo_diffusion_agent][INFO] - approx_kl: 0.0, update_epoch: 4, num_batch: 4
[2026-10-10 11:15:33,776][agent.finetune.train_ppo_diffusion_agent][INFO] - approx_kl: 0.0, update_epoch: 4, num_batch: 4
[2026-10-10 11:15:40,823][agent.finetune.train_ppo_diffusion_agent][INFO] - 68: step  4960000 | loss -2666.9636 | pg loss -2667.0165 | value loss   0.1059 | bc loss   0.0000 | reward 4056.1410 | eta   1.0000 | t: 54.6449 | kl_true_per_action=0.00034266904868153426 | logratio_p99=0.025731828212738034 | clamp_hit_frac=0.0008270833333333333 | actor_step_ratio=1.0 | actor_step_clipfrac=0.0
[2026-10-10 11:15:40,823][agent.finetune.stage3_support][INFO] - STAGE3_METRICS {"J_disc_train": 1449.9289245924836, "J_disc_train_se": 13.337568328296507, "action_oor_frac": 0.145475, "adv_raw_mean": 1048.2845610474874, "adv_raw_std": 477.96238312723875, "diagnostics_seconds": 0.11169146408792585, "episode_count": 80, "explained_var": 0.44690459966659546, "explained_var_reason": null, "grad_cos_prev": 0.0302747805889157, "grad_cos_prev_reason": null, "grad_norm": 119.15232497530924, "policy_action_oor_frac": 0.14550208333333334, "proj_active": false, "reward_clip_frac": 0.0, "rollout_seconds": 12.539558365009725, "split_diff_sq": 51235.43939164125, "split_dot": 1388.417784078768, "theta_dist": 0.6194077622926729, "theta_dist_preproj": 0.6194077622926729, "update_norm": 0.017622627885499294, "update_seconds": 41.98941802897025, "x0_sat_frac_last": 0.028519099947671375, "x0_sat_frac_mean": 0.0853930457767329}
[2026-10-10 11:15:55,315][agent.finetune.train_ppo_diffusion_agent][INFO] - approx_kl: 0.0, update_epoch: 0, num_batch: 4
[2026-10-10 11:15:57,050][agent.finetune.train_ppo_diffusion_agent][INFO] - approx_kl: 0.0, update_epoch: 0, num_batch: 4
[2026-10-10 11:15:58,776][agent.finetune.train_ppo_diffusion_agent][INFO] - approx_kl: 0.0, update_epoch: 0, num_batch: 4
[2026-10-10 11:16:00,606][agent.finetune.train_ppo_diffusion_agent][INFO] - approx_kl: 0.0, update_epoch: 0, num_batch: 4
[2026-10-10 11:16:02,245][agent.finetune.train_ppo_diffusion_agent][INFO] - approx_kl: 0.0, update_epoch: 1, num_batch: 4
[2026-10-10 11:16:03,959][agent.finetune.train_ppo_diffusion_agent][INFO] - approx_kl: 0.0, update_epoch: 1, num_batch: 4
[2026-10-10 11:16:05,683][agent.finetune.train_ppo_diffusion_agent][INFO] - approx_kl: 0.0, update_epoch: 1, num_batch: 4
[2026-10-10 11:16:07,546][agent.finetune.train_ppo_diffusion_agent][INFO] - approx_kl: 0.0, update_epoch: 1, num_batch: 4
[2026-10-10 11:16:09,189][agent.finetune.train_ppo_diffusion_agent][INFO] - approx_kl: 0.0, update_epoch: 2, num_batch: 4
[2026-10-10 11:16:10,924][agent.finetune.train_ppo_diffusion_agent][INFO] - approx_kl: 0.0, update_epoch: 2, num_batch: 4
[2026-10-10 11:16:12,655][agent.finetune.train_ppo_diffusion_agent][INFO] - approx_kl: 0.0, update_epoch: 2, num_batch: 4
[2026-10-10 11:16:14,489][agent.finetune.train_ppo_diffusion_agent][INFO] - approx_kl: 0.0, update_epoch: 2, num_batch: 4
[2026-10-10 11:16:16,136][agent.finetune.train_ppo_diffusion_agent][INFO] - approx_kl: 0.0, update_epoch: 3, num_batch: 4
[2026-10-10 11:16:17,891][agent.finetune.train_ppo_diffusion_agent][INFO] - approx_kl: 0.0, update_epoch: 3, num_batch: 4
[2026-10-10 11:16:19,617][agent.finetune.train_ppo_diffusion_agent][INFO] - approx_kl: 0.0, update_epoch: 3, num_batch: 4
[2026-10-10 11:16:21,472][agent.finetune.train_ppo_diffusion_agent][INFO] - approx_kl: 0.0, update_epoch: 3, num_batch: 4
[2026-10-10 11:16:23,137][agent.finetune.train_ppo_diffusion_agent][INFO] - approx_kl: 0.0, update_epoch: 4, num_batch: 4
[2026-10-10 11:16:24,902][agent.finetune.train_ppo_diffusion_agent][INFO] - approx_kl: 0.0, update_epoch: 4, num_batch: 4
[2026-10-10 11:16:26,652][agent.finetune.train_ppo_diffusion_agent][INFO] - approx_kl: 0.0, update_epoch: 4, num_batch: 4
[2026-10-10 11:16:28,503][agent.finetune.train_ppo_diffusion_agent][INFO] - approx_kl: 0.0, update_epoch: 4, num_batch: 4
[2026-10-10 11:16:35,616][agent.finetune.train_ppo_diffusion_agent][INFO] - 69: step  5040000 | loss -2667.4844 | pg loss -2667.5391 | value loss   0.1096 | bc loss   0.0000 | reward 4041.0854 | eta   1.0000 | t: 54.7931 | kl_true_per_action=0.00030257251094802193 | logratio_p99=0.024934862852096524 | clamp_hit_frac=0.0007958333333333333 | actor_step_ratio=1.0 | actor_step_clipfrac=0.0
[2026-10-10 11:16:35,616][agent.finetune.stage3_support][INFO] - STAGE3_METRICS {"J_disc_train": 1430.0215952809506, "J_disc_train_se": 21.803098854180163, "action_oor_frac": 0.14490833333333333, "adv_raw_mean": 1050.1456187094693, "adv_raw_std": 469.6512055420249, "diagnostics_seconds": 0.10937303688842803, "episode_count": 80, "explained_var": 0.33443325757980347, "explained_var_reason": null, "grad_cos_prev": -0.04720728926132567, "grad_cos_prev_reason": null, "grad_norm": 119.8689007917682, "policy_action_oor_frac": 0.14494166666666666, "proj_active": false, "reward_clip_frac": 0.0, "rollout_seconds": 12.617157518980093, "split_diff_sq": 60885.18561828772, "split_dot": -852.7432840419284, "theta_dist": 0.6238010067844463, "theta_dist_preproj": 0.6238010067844463, "update_norm": 0.01745258434274332, "update_seconds": 42.06310784013476, "x0_sat_frac_last": 0.02914061247394581, "x0_sat_frac_mean": 0.08585509066692376}
[2026-10-10 11:16:48,560][agent.finetune.train_agent][INFO] - Saved model to /soalnas/share/data/zbao7/diffusion_policy/results/stage3/E2_nobase_seed0/checkpoint/state_70.pt
[2026-10-10 11:16:48,562][agent.finetune.train_ppo_diffusion_agent][INFO] - eval: success rate   1.0000 | avg episode reward 4469.4050 | avg best reward   6.4673
[2026-10-10 11:16:48,563][agent.finetune.stage3_support][INFO] - STAGE3_METRICS {"J_disc_eval": 1561.7182833852628, "J_disc_eval_se": 10.347161568108433, "action_oor_frac": 0.0, "diagnostics_seconds": 0.018746537039987743, "episode_count": 80, "policy_action_oor_frac": 0.0, "rollout_seconds": 12.887551208026707, "update_seconds": 0.0}
[2026-10-10 11:17:03,532][agent.finetune.train_ppo_diffusion_agent][INFO] - approx_kl: 0.0, update_epoch: 0, num_batch: 4
[2026-10-10 11:17:05,299][agent.finetune.train_ppo_diffusion_agent][INFO] - approx_kl: 0.0, update_epoch: 0, num_batch: 4
[2026-10-10 11:17:07,019][agent.finetune.train_ppo_diffusion_agent][INFO] - approx_kl: 0.0, update_epoch: 0, num_batch: 4
[2026-10-10 11:17:08,852][agent.finetune.train_ppo_diffusion_agent][INFO] - approx_kl: 0.0, update_epoch: 0, num_batch: 4
[2026-10-10 11:17:10,491][agent.finetune.train_ppo_diffusion_agent][INFO] - approx_kl: 0.0, update_epoch: 1, num_batch: 4
[2026-10-10 11:17:12,224][agent.finetune.train_ppo_diffusion_agent][INFO] - approx_kl: 0.0, update_epoch: 1, num_batch: 4
[2026-10-10 11:17:13,945][agent.finetune.train_ppo_diffusion_agent][INFO] - approx_kl: 0.0, update_epoch: 1, num_batch: 4
[2026-10-10 11:17:15,758][agent.finetune.train_ppo_diffusion_agent][INFO] - approx_kl: 0.0, update_epoch: 1, num_batch: 4
[2026-10-10 11:17:17,404][agent.finetune.train_ppo_diffusion_agent][INFO] - approx_kl: 0.0, update_epoch: 2, num_batch: 4
[2026-10-10 11:17:19,145][agent.finetune.train_ppo_diffusion_agent][INFO] - approx_kl: 0.0, update_epoch: 2, num_batch: 4
[2026-10-10 11:17:20,857][agent.finetune.train_ppo_diffusion_agent][INFO] - approx_kl: 0.0, update_epoch: 2, num_batch: 4
[2026-10-10 11:17:22,728][agent.finetune.train_ppo_diffusion_agent][INFO] - approx_kl: 0.0, update_epoch: 2, num_batch: 4
[2026-10-10 11:17:24,422][agent.finetune.train_ppo_diffusion_agent][INFO] - approx_kl: 0.0, update_epoch: 3, num_batch: 4
[2026-10-10 11:17:26,221][agent.finetune.train_ppo_diffusion_agent][INFO] - approx_kl: 0.0, update_epoch: 3, num_batch: 4
[2026-10-10 11:17:27,962][agent.finetune.train_ppo_diffusion_agent][INFO] - approx_kl: 0.0, update_epoch: 3, num_batch: 4
[2026-10-10 11:17:29,799][agent.finetune.train_ppo_diffusion_agent][INFO] - approx_kl: 0.0, update_epoch: 3, num_batch: 4
[2026-10-10 11:17:31,438][agent.finetune.train_ppo_diffusion_agent][INFO] - approx_kl: 0.0, update_epoch: 4, num_batch: 4
[2026-10-10 11:17:33,175][agent.finetune.train_ppo_diffusion_agent][INFO] - approx_kl: 0.0, update_epoch: 4, num_batch: 4
[2026-10-10 11:17:34,905][agent.finetune.train_ppo_diffusion_agent][INFO] - approx_kl: 0.0, update_epoch: 4, num_batch: 4
[2026-10-10 11:17:36,733][agent.finetune.train_ppo_diffusion_agent][INFO] - approx_kl: 0.0, update_epoch: 4, num_batch: 4
[2026-10-10 11:17:43,764][agent.finetune.train_ppo_diffusion_agent][INFO] - 71: step  5120000 | loss -2645.2739 | pg loss -2645.3265 | value loss   0.1056 | bc loss   0.0000 | reward 4001.6627 | eta   1.0000 | t: 55.2019 | kl_true_per_action=0.0003911344721160142 | logratio_p99=0.028294686079025248 | clamp_hit_frac=0.00070625 | actor_step_ratio=1.0 | actor_step_clipfrac=0.0
[2026-10-10 11:17:43,765][agent.finetune.stage3_support][INFO] - STAGE3_METRICS {"J_disc_train": 1420.0962940458976, "J_disc_train_se": 20.23333624216502, "action_oor_frac": 0.14417291666666668, "adv_raw_mean": 1038.3069409509399, "adv_raw_std": 481.02246223293383, "diagnostics_seconds": 0.12497352191712707, "episode_count": 80, "explained_var": 0.48409056663513184, "explained_var_reason": null, "grad_cos_prev": -0.022106976560020895, "grad_cos_prev_reason": null, "grad_norm": 112.60571990459432, "policy_action_oor_frac": 0.14419166666666666, "proj_active": false, "reward_clip_frac": 0.0, "rollout_seconds": 13.067597000976093, "split_diff_sq": 47814.71300002099, "split_dot": 726.3698409348231, "theta_dist": 0.6281430001330746, "theta_dist_preproj": 0.6281430001330746, "update_norm": 0.01763965513966353, "update_seconds": 42.00585404294543, "x0_sat_frac_last": 0.030112897985705003, "x0_sat_frac_mean": 0.08505871862048651}
[2026-10-10 11:17:58,476][agent.finetune.train_ppo_diffusion_agent][INFO] - approx_kl: 0.0, update_epoch: 0, num_batch: 4
[2026-10-10 11:18:00,222][agent.finetune.train_ppo_diffusion_agent][INFO] - approx_kl: 0.0, update_epoch: 0, num_batch: 4
[2026-10-10 11:18:02,083][agent.finetune.train_ppo_diffusion_agent][INFO] - approx_kl: 0.0, update_epoch: 0, num_batch: 4
[2026-10-10 11:18:03,743][agent.finetune.train_ppo_diffusion_agent][INFO] - approx_kl: 0.0, update_epoch: 0, num_batch: 4
[2026-10-10 11:18:05,493][agent.finetune.train_ppo_diffusion_agent][INFO] - approx_kl: 0.0, update_epoch: 1, num_batch: 4
[2026-10-10 11:18:07,239][agent.finetune.train_ppo_diffusion_agent][INFO] - approx_kl: 0.0, update_epoch: 1, num_batch: 4
[2026-10-10 11:18:09,086][agent.finetune.train_ppo_diffusion_agent][INFO] - approx_kl: 0.0, update_epoch: 1, num_batch: 4
[2026-10-10 11:18:10,742][agent.finetune.train_ppo_diffusion_agent][INFO] - approx_kl: 0.0, update_epoch: 1, num_batch: 4
[2026-10-10 11:18:12,490][agent.finetune.train_ppo_diffusion_agent][INFO] - approx_kl: 0.0, update_epoch: 2, num_batch: 4
[2026-10-10 11:18:14,221][agent.finetune.train_ppo_diffusion_agent][INFO] - approx_kl: 0.0, update_epoch: 2, num_batch: 4
[2026-10-10 11:18:16,051][agent.finetune.train_ppo_diffusion_agent][INFO] - approx_kl: 0.0, update_epoch: 2, num_batch: 4
[2026-10-10 11:18:17,706][agent.finetune.train_ppo_diffusion_agent][INFO] - approx_kl: 0.0, update_epoch: 2, num_batch: 4
[2026-10-10 11:18:19,482][agent.finetune.train_ppo_diffusion_agent][INFO] - approx_kl: 0.0, update_epoch: 3, num_batch: 4
[2026-10-10 11:18:21,265][agent.finetune.train_ppo_diffusion_agent][INFO] - approx_kl: 0.0, update_epoch: 3, num_batch: 4
[2026-10-10 11:18:23,132][agent.finetune.train_ppo_diffusion_agent][INFO] - approx_kl: 0.0, update_epoch: 3, num_batch: 4
[2026-10-10 11:18:24,779][agent.finetune.train_ppo_diffusion_agent][INFO] - approx_kl: 0.0, update_epoch: 3, num_batch: 4
[2026-10-10 11:18:26,519][agent.finetune.train_ppo_diffusion_agent][INFO] - approx_kl: 0.0, update_epoch: 4, num_batch: 4
[2026-10-10 11:18:28,259][agent.finetune.train_ppo_diffusion_agent][INFO] - approx_kl: 0.0, update_epoch: 4, num_batch: 4
[2026-10-10 11:18:30,101][agent.finetune.train_ppo_diffusion_agent][INFO] - approx_kl: 0.0, update_epoch: 4, num_batch: 4
[2026-10-10 11:18:31,749][agent.finetune.train_ppo_diffusion_agent][INFO] - approx_kl: 0.0, update_epoch: 4, num_batch: 4
[2026-10-10 11:18:38,805][agent.finetune.train_ppo_diffusion_agent][INFO] - 72: step  5200000 | loss -2661.2556 | pg loss -2661.3066 | value loss   0.1019 | bc loss   0.0000 | reward 4051.0252 | eta   1.0000 | t: 55.0406 | kl_true_per_action=0.0003743225657842078 | logratio_p99=0.027359137535095213 | clamp_hit_frac=0.0007770833333333333 | actor_step_ratio=1.0 | actor_step_clipfrac=0.0
[2026-10-10 11:18:38,805][agent.finetune.stage3_support][INFO] - STAGE3_METRICS {"J_disc_train": 1418.6194833435723, "J_disc_train_se": 17.264586405516656, "action_oor_frac": 0.146425, "adv_raw_mean": 1058.6367524067568, "adv_raw_std": 461.3888130748444, "diagnostics_seconds": 0.1133709279820323, "episode_count": 80, "explained_var": 0.37454652786254883, "explained_var_reason": null, "grad_cos_prev": -0.017512642747752348, "grad_cos_prev_reason": null, "grad_norm": 115.98254193515972, "policy_action_oor_frac": 0.14645208333333334, "proj_active": false, "reward_clip_frac": 0.0, "rollout_seconds": 12.823984505957924, "split_diff_sq": 52406.78931334168, "split_dot": 350.25236401484, "theta_dist": 0.6323884866070475, "theta_dist_preproj": 0.6323884866070475, "update_norm": 0.017577539081283886, "update_seconds": 42.09944832790643, "x0_sat_frac_last": 0.029098150051387463, "x0_sat_frac_mean": 0.08579050603328496}
[2026-10-10 11:18:53,535][agent.finetune.train_ppo_diffusion_agent][INFO] - approx_kl: 0.0, update_epoch: 0, num_batch: 4
[2026-10-10 11:18:55,271][agent.finetune.train_ppo_diffusion_agent][INFO] - approx_kl: 0.0, update_epoch: 0, num_batch: 4
[2026-10-10 11:18:57,083][agent.finetune.train_ppo_diffusion_agent][INFO] - approx_kl: 0.0, update_epoch: 0, num_batch: 4
[2026-10-10 11:18:58,704][agent.finetune.train_ppo_diffusion_agent][INFO] - approx_kl: 0.0, update_epoch: 0, num_batch: 4
[2026-10-10 11:19:00,427][agent.finetune.train_ppo_diffusion_agent][INFO] - approx_kl: 0.0, update_epoch: 1, num_batch: 4
[2026-10-10 11:19:02,170][agent.finetune.train_ppo_diffusion_agent][INFO] - approx_kl: 0.0, update_epoch: 1, num_batch: 4
[2026-10-10 11:19:04,073][agent.finetune.train_ppo_diffusion_agent][INFO] - approx_kl: 0.0, update_epoch: 1, num_batch: 4
[2026-10-10 11:19:05,719][agent.finetune.train_ppo_diffusion_agent][INFO] - approx_kl: 0.0, update_epoch: 1, num_batch: 4
[2026-10-10 11:19:07,483][agent.finetune.train_ppo_diffusion_agent][INFO] - approx_kl: 0.0, update_epoch: 2, num_batch: 4
[2026-10-10 11:19:09,222][agent.finetune.train_ppo_diffusion_agent][INFO] - approx_kl: 0.0, update_epoch: 2, num_batch: 4
[2026-10-10 11:19:11,066][agent.finetune.train_ppo_diffusion_agent][INFO] - approx_kl: 0.0, update_epoch: 2, num_batch: 4
[2026-10-10 11:19:12,687][agent.finetune.train_ppo_diffusion_agent][INFO] - approx_kl: 0.0, update_epoch: 2, num_batch: 4
[2026-10-10 11:19:14,397][agent.finetune.train_ppo_diffusion_agent][INFO] - approx_kl: 0.0, update_epoch: 3, num_batch: 4
[2026-10-10 11:19:16,158][agent.finetune.train_ppo_diffusion_agent][INFO] - approx_kl: 0.0, update_epoch: 3, num_batch: 4
[2026-10-10 11:19:17,976][agent.finetune.train_ppo_diffusion_agent][INFO] - approx_kl: 0.0, update_epoch: 3, num_batch: 4
[2026-10-10 11:19:19,654][agent.finetune.train_ppo_diffusion_agent][INFO] - approx_kl: 0.0, update_epoch: 3, num_batch: 4
[2026-10-10 11:19:21,397][agent.finetune.train_ppo_diffusion_agent][INFO] - approx_kl: 0.0, update_epoch: 4, num_batch: 4
[2026-10-10 11:19:23,158][agent.finetune.train_ppo_diffusion_agent][INFO] - approx_kl: 0.0, update_epoch: 4, num_batch: 4
[2026-10-10 11:19:25,027][agent.finetune.train_ppo_diffusion_agent][INFO] - approx_kl: 0.0, update_epoch: 4, num_batch: 4
[2026-10-10 11:19:26,669][agent.finetune.train_ppo_diffusion_agent][INFO] - approx_kl: 0.0, update_epoch: 4, num_batch: 4
[2026-10-10 11:19:33,710][agent.finetune.train_ppo_diffusion_agent][INFO] - 73: step  5280000 | loss -2610.0264 | pg loss -2610.0814 | value loss   0.1102 | bc loss   0.0000 | reward 3956.2071 | eta   1.0000 | t: 54.9048 | kl_true_per_action=0.000370458708288656 | logratio_p99=0.02767160296440107 | clamp_hit_frac=0.0007395833333333333 | actor_step_ratio=1.0 | actor_step_clipfrac=0.0
[2026-10-10 11:19:33,710][agent.finetune.stage3_support][INFO] - STAGE3_METRICS {"J_disc_train": 1421.406946066946, "J_disc_train_se": 21.15220728628451, "action_oor_frac": 0.14335416666666667, "adv_raw_mean": 1019.6057005539691, "adv_raw_std": 484.1931593208303, "diagnostics_seconds": 0.11201921198517084, "episode_count": 80, "explained_var": 0.5200935006141663, "explained_var_reason": null, "grad_cos_prev": -0.027969683636793023, "grad_cos_prev_reason": null, "grad_norm": 122.34881884867926, "policy_action_oor_frac": 0.14338333333333333, "proj_active": false, "reward_clip_frac": 0.0, "rollout_seconds": 12.731460234033875, "split_diff_sq": 48171.604897685334, "split_dot": 2926.332768314849, "theta_dist": 0.6366287318834665, "theta_dist_preproj": 0.6366287318834665, "update_norm": 0.017526062288345533, "update_seconds": 42.05694621312432, "x0_sat_frac_last": 0.029417922948073702, "x0_sat_frac_mean": 0.08504525102776612}
[2026-10-10 11:19:48,372][agent.finetune.train_ppo_diffusion_agent][INFO] - approx_kl: 0.0, update_epoch: 0, num_batch: 4
[2026-10-10 11:19:50,123][agent.finetune.train_ppo_diffusion_agent][INFO] - approx_kl: 0.0, update_epoch: 0, num_batch: 4
[2026-10-10 11:19:51,961][agent.finetune.train_ppo_diffusion_agent][INFO] - approx_kl: 0.0, update_epoch: 0, num_batch: 4
[2026-10-10 11:19:53,613][agent.finetune.train_ppo_diffusion_agent][INFO] - approx_kl: 0.0, update_epoch: 0, num_batch: 4
[2026-10-10 11:19:55,345][agent.finetune.train_ppo_diffusion_agent][INFO] - approx_kl: 0.0, update_epoch: 1, num_batch: 4
[2026-10-10 11:19:57,182][agent.finetune.train_ppo_diffusion_agent][INFO] - approx_kl: 0.0, update_epoch: 1, num_batch: 4
[2026-10-10 11:19:58,840][agent.finetune.train_ppo_diffusion_agent][INFO] - approx_kl: 0.0, update_epoch: 1, num_batch: 4
[2026-10-10 11:20:00,582][agent.finetune.train_ppo_diffusion_agent][INFO] - approx_kl: 0.0, update_epoch: 1, num_batch: 4
[2026-10-10 11:20:02,291][agent.finetune.train_ppo_diffusion_agent][INFO] - approx_kl: 0.0, update_epoch: 2, num_batch: 4
[2026-10-10 11:20:04,101][agent.finetune.train_ppo_diffusion_agent][INFO] - approx_kl: 0.0, update_epoch: 2, num_batch: 4
[2026-10-10 11:20:05,730][agent.finetune.train_ppo_diffusion_agent][INFO] - approx_kl: 0.0, update_epoch: 2, num_batch: 4
[2026-10-10 11:20:07,463][agent.finetune.train_ppo_diffusion_agent][INFO] - approx_kl: 0.0, update_epoch: 2, num_batch: 4
[2026-10-10 11:20:09,198][agent.finetune.train_ppo_diffusion_agent][INFO] - approx_kl: 0.0, update_epoch: 3, num_batch: 4
[2026-10-10 11:20:11,081][agent.finetune.train_ppo_diffusion_agent][INFO] - approx_kl: 0.0, update_epoch: 3, num_batch: 4
[2026-10-10 11:20:12,732][agent.finetune.train_ppo_diffusion_agent][INFO] - approx_kl: 0.0, update_epoch: 3, num_batch: 4
[2026-10-10 11:20:14,518][agent.finetune.train_ppo_diffusion_agent][INFO] - approx_kl: 0.0, update_epoch: 3, num_batch: 4
[2026-10-10 11:20:16,256][agent.finetune.train_ppo_diffusion_agent][INFO] - approx_kl: 0.0, update_epoch: 4, num_batch: 4
[2026-10-10 11:20:18,065][agent.finetune.train_ppo_diffusion_agent][INFO] - approx_kl: 0.0, update_epoch: 4, num_batch: 4
[2026-10-10 11:20:19,701][agent.finetune.train_ppo_diffusion_agent][INFO] - approx_kl: 0.0, update_epoch: 4, num_batch: 4
[2026-10-10 11:20:21,440][agent.finetune.train_ppo_diffusion_agent][INFO] - approx_kl: 0.0, update_epoch: 4, num_batch: 4
[2026-10-10 11:20:28,499][agent.finetune.train_ppo_diffusion_agent][INFO] - 74: step  5360000 | loss -2611.1318 | pg loss -2611.1863 | value loss   0.1087 | bc loss   0.0000 | reward 3965.0920 | eta   1.0000 | t: 54.7891 | kl_true_per_action=0.0003639719075515231 | logratio_p99=0.02758631825447079 | clamp_hit_frac=0.0008145833333333333 | actor_step_ratio=1.0 | actor_step_clipfrac=0.0
[2026-10-10 11:20:28,499][agent.finetune.stage3_support][INFO] - STAGE3_METRICS {"J_disc_train": 1427.0029365581886, "J_disc_train_se": 22.490058813477816, "action_oor_frac": 0.143075, "adv_raw_mean": 1020.9436559607684, "adv_raw_std": 502.67016192306335, "diagnostics_seconds": 0.11339442781172693, "episode_count": 80, "explained_var": 0.5778021514415741, "explained_var_reason": null, "grad_cos_prev": -0.052434643137432374, "grad_cos_prev_reason": null, "grad_norm": 111.65903098850691, "policy_action_oor_frac": 0.14309791666666666, "proj_active": false, "reward_clip_frac": 0.0, "rollout_seconds": 12.69693187798839, "split_diff_sq": 62707.54174804423, "split_dot": -3209.146501550037, "theta_dist": 0.641080462629967, "theta_dist_preproj": 0.641080462629967, "update_norm": 0.017619229541014417, "update_seconds": 41.9752963532228, "x0_sat_frac_last": 0.029160382101558573, "x0_sat_frac_mean": 0.08552491719339451}
[2026-10-10 11:20:43,218][agent.finetune.train_ppo_diffusion_agent][INFO] - approx_kl: 0.0, update_epoch: 0, num_batch: 4
[2026-10-10 11:20:45,064][agent.finetune.train_ppo_diffusion_agent][INFO] - approx_kl: 0.0, update_epoch: 0, num_batch: 4
[2026-10-10 11:20:46,714][agent.finetune.train_ppo_diffusion_agent][INFO] - approx_kl: 0.0, update_epoch: 0, num_batch: 4
[2026-10-10 11:20:48,422][agent.finetune.train_ppo_diffusion_agent][INFO] - approx_kl: 0.0, update_epoch: 0, num_batch: 4
[2026-10-10 11:20:50,135][agent.finetune.train_ppo_diffusion_agent][INFO] - approx_kl: 0.0, update_epoch: 1, num_batch: 4
[2026-10-10 11:20:51,962][agent.finetune.train_ppo_diffusion_agent][INFO] - approx_kl: 0.0, update_epoch: 1, num_batch: 4
[2026-10-10 11:20:53,614][agent.finetune.train_ppo_diffusion_agent][INFO] - approx_kl: 0.0, update_epoch: 1, num_batch: 4
[2026-10-10 11:20:55,406][agent.finetune.train_ppo_diffusion_agent][INFO] - approx_kl: 0.0, update_epoch: 1, num_batch: 4
[2026-10-10 11:20:57,123][agent.finetune.train_ppo_diffusion_agent][INFO] - approx_kl: 0.0, update_epoch: 2, num_batch: 4
[2026-10-10 11:20:58,948][agent.finetune.train_ppo_diffusion_agent][INFO] - approx_kl: 0.0, update_epoch: 2, num_batch: 4
[2026-10-10 11:21:00,589][agent.finetune.train_ppo_diffusion_agent][INFO] - approx_kl: 0.0, update_epoch: 2, num_batch: 4
[2026-10-10 11:21:02,320][agent.finetune.train_ppo_diffusion_agent][INFO] - approx_kl: 0.0, update_epoch: 2, num_batch: 4
[2026-10-10 11:21:04,029][agent.finetune.train_ppo_diffusion_agent][INFO] - approx_kl: 0.0, update_epoch: 3, num_batch: 4
[2026-10-10 11:21:05,842][agent.finetune.train_ppo_diffusion_agent][INFO] - approx_kl: 0.0, update_epoch: 3, num_batch: 4
[2026-10-10 11:21:07,484][agent.finetune.train_ppo_diffusion_agent][INFO] - approx_kl: 0.0, update_epoch: 3, num_batch: 4
[2026-10-10 11:21:09,225][agent.finetune.train_ppo_diffusion_agent][INFO] - approx_kl: 0.0, update_epoch: 3, num_batch: 4
[2026-10-10 11:21:10,993][agent.finetune.train_ppo_diffusion_agent][INFO] - approx_kl: 0.0, update_epoch: 4, num_batch: 4
[2026-10-10 11:21:12,855][agent.finetune.train_ppo_diffusion_agent][INFO] - approx_kl: 0.0, update_epoch: 4, num_batch: 4
[2026-10-10 11:21:14,523][agent.finetune.train_ppo_diffusion_agent][INFO] - approx_kl: 0.0, update_epoch: 4, num_batch: 4
[2026-10-10 11:21:16,234][agent.finetune.train_ppo_diffusion_agent][INFO] - approx_kl: 0.0, update_epoch: 4, num_batch: 4
[2026-10-10 11:21:23,240][agent.finetune.train_ppo_diffusion_agent][INFO] - 75: step  5440000 | loss -2668.8169 | pg loss -2668.8696 | value loss   0.1056 | bc loss   0.0000 | reward 4039.5636 | eta   1.0000 | t: 54.7408 | kl_true_per_action=0.0003609584672564346 | logratio_p99=0.02723621129989607 | clamp_hit_frac=0.0007041666666666666 | actor_step_ratio=1.0 | actor_step_clipfrac=0.0
[2026-10-10 11:21:23,240][agent.finetune.stage3_support][INFO] - STAGE3_METRICS {"J_disc_train": 1451.3830572666418, "J_disc_train_se": 16.36834986653536, "action_oor_frac": 0.14609791666666666, "adv_raw_mean": 1041.0777594622878, "adv_raw_std": 467.72458500468, "diagnostics_seconds": 0.11177560081705451, "episode_count": 80, "explained_var": 0.3331531882286072, "explained_var_reason": null, "grad_cos_prev": 0.0023706170924126494, "grad_cos_prev_reason": null, "grad_norm": 118.69785752112774, "policy_action_oor_frac": 0.14611458333333333, "proj_active": false, "reward_clip_frac": 0.0, "rollout_seconds": 12.602192030986771, "split_diff_sq": 53099.16695091994, "split_dot": 814.3896388626895, "theta_dist": 0.6454335143200093, "theta_dist_preproj": 0.6454335143200093, "update_norm": 0.01757562413651654, "update_seconds": 41.91418073524255, "x0_sat_frac_last": 0.028938640132669984, "x0_sat_frac_mean": 0.08645583460695067}
[2026-10-10 11:21:37,839][agent.finetune.train_ppo_diffusion_agent][INFO] - approx_kl: 0.0, update_epoch: 0, num_batch: 4
[2026-10-10 11:21:39,688][agent.finetune.train_ppo_diffusion_agent][INFO] - approx_kl: 0.0, update_epoch: 0, num_batch: 4
[2026-10-10 11:21:41,352][agent.finetune.train_ppo_diffusion_agent][INFO] - approx_kl: 0.0, update_epoch: 0, num_batch: 4
[2026-10-10 11:21:43,100][agent.finetune.train_ppo_diffusion_agent][INFO] - approx_kl: 0.0, update_epoch: 0, num_batch: 4
[2026-10-10 11:21:44,858][agent.finetune.train_ppo_diffusion_agent][INFO] - approx_kl: 0.0, update_epoch: 1, num_batch: 4
[2026-10-10 11:21:46,698][agent.finetune.train_ppo_diffusion_agent][INFO] - approx_kl: 0.0, update_epoch: 1, num_batch: 4
[2026-10-10 11:21:48,331][agent.finetune.train_ppo_diffusion_agent][INFO] - approx_kl: 0.0, update_epoch: 1, num_batch: 4
[2026-10-10 11:21:50,083][agent.finetune.train_ppo_diffusion_agent][INFO] - approx_kl: 0.0, update_epoch: 1, num_batch: 4
[2026-10-10 11:21:51,817][agent.finetune.train_ppo_diffusion_agent][INFO] - approx_kl: 0.0, update_epoch: 2, num_batch: 4
[2026-10-10 11:21:53,664][agent.finetune.train_ppo_diffusion_agent][INFO] - approx_kl: 0.0, update_epoch: 2, num_batch: 4
[2026-10-10 11:21:55,317][agent.finetune.train_ppo_diffusion_agent][INFO] - approx_kl: 0.0, update_epoch: 2, num_batch: 4
[2026-10-10 11:21:57,055][agent.finetune.train_ppo_diffusion_agent][INFO] - approx_kl: 0.0, update_epoch: 2, num_batch: 4
[2026-10-10 11:21:58,786][agent.finetune.train_ppo_diffusion_agent][INFO] - approx_kl: 0.0, update_epoch: 3, num_batch: 4
[2026-10-10 11:22:00,632][agent.finetune.train_ppo_diffusion_agent][INFO] - approx_kl: 0.0, update_epoch: 3, num_batch: 4
[2026-10-10 11:22:02,290][agent.finetune.train_ppo_diffusion_agent][INFO] - approx_kl: 0.0, update_epoch: 3, num_batch: 4
[2026-10-10 11:22:04,024][agent.finetune.train_ppo_diffusion_agent][INFO] - approx_kl: 0.0, update_epoch: 3, num_batch: 4
[2026-10-10 11:22:05,775][agent.finetune.train_ppo_diffusion_agent][INFO] - approx_kl: 0.0, update_epoch: 4, num_batch: 4
[2026-10-10 11:22:07,617][agent.finetune.train_ppo_diffusion_agent][INFO] - approx_kl: 0.0, update_epoch: 4, num_batch: 4
[2026-10-10 11:22:09,243][agent.finetune.train_ppo_diffusion_agent][INFO] - approx_kl: 0.0, update_epoch: 4, num_batch: 4
[2026-10-10 11:22:10,954][agent.finetune.train_ppo_diffusion_agent][INFO] - approx_kl: 0.0, update_epoch: 4, num_batch: 4
[2026-10-10 11:22:17,967][agent.finetune.train_ppo_diffusion_agent][INFO] - 76: step  5520000 | loss -2553.1431 | pg loss -2553.2000 | value loss   0.1139 | bc loss   0.0000 | reward 3908.0183 | eta   1.0000 | t: 54.7271 | kl_true_per_action=0.000336026981811915 | logratio_p99=0.026384000778198184 | clamp_hit_frac=0.0006979166666666667 | actor_step_ratio=1.0 | actor_step_clipfrac=0.0
[2026-10-10 11:22:17,967][agent.finetune.stage3_support][INFO] - STAGE3_METRICS {"J_disc_train": 1392.6146993230136, "J_disc_train_se": 21.971897268104616, "action_oor_frac": 0.1437125, "adv_raw_mean": 1011.7319011981763, "adv_raw_std": 483.2435723422937, "diagnostics_seconds": 0.11389019596390426, "episode_count": 80, "explained_var": 0.5847108364105225, "explained_var_reason": null, "grad_cos_prev": -0.015723607828346888, "grad_cos_prev_reason": null, "grad_norm": 109.47492629654498, "policy_action_oor_frac": 0.14374375, "proj_active": false, "reward_clip_frac": 0.0, "rollout_seconds": 12.609066699049436, "split_diff_sq": 52065.44912821186, "split_dot": -1031.6024368781978, "theta_dist": 0.6496971774776787, "theta_dist_preproj": 0.6496971774776787, "update_norm": 0.017511732803498294, "update_seconds": 42.000422987155616, "x0_sat_frac_last": 0.03239354624085163, "x0_sat_frac_mean": 0.08565539660204598}
[2026-10-10 11:22:32,968][agent.finetune.train_ppo_diffusion_agent][INFO] - approx_kl: 0.0, update_epoch: 0, num_batch: 4
[2026-10-10 11:22:35,056][agent.finetune.train_ppo_diffusion_agent][INFO] - approx_kl: 0.0, update_epoch: 0, num_batch: 4
[2026-10-10 11:22:36,848][agent.finetune.train_ppo_diffusion_agent][INFO] - approx_kl: 0.0, update_epoch: 0, num_batch: 4
[2026-10-10 11:22:38,781][agent.finetune.train_ppo_diffusion_agent][INFO] - approx_kl: 0.0, update_epoch: 0, num_batch: 4
[2026-10-10 11:22:40,717][agent.finetune.train_ppo_diffusion_agent][INFO] - approx_kl: 0.0, update_epoch: 1, num_batch: 4
[2026-10-10 11:22:42,815][agent.finetune.train_ppo_diffusion_agent][INFO] - approx_kl: 0.0, update_epoch: 1, num_batch: 4
[2026-10-10 11:22:44,623][agent.finetune.train_ppo_diffusion_agent][INFO] - approx_kl: 0.0, update_epoch: 1, num_batch: 4
[2026-10-10 11:22:46,560][agent.finetune.train_ppo_diffusion_agent][INFO] - approx_kl: 0.0, update_epoch: 1, num_batch: 4
[2026-10-10 11:22:48,485][agent.finetune.train_ppo_diffusion_agent][INFO] - approx_kl: 0.0, update_epoch: 2, num_batch: 4
[2026-10-10 11:22:50,544][agent.finetune.train_ppo_diffusion_agent][INFO] - approx_kl: 0.0, update_epoch: 2, num_batch: 4
[2026-10-10 11:22:52,315][agent.finetune.train_ppo_diffusion_agent][INFO] - approx_kl: 0.0, update_epoch: 2, num_batch: 4
[2026-10-10 11:22:54,252][agent.finetune.train_ppo_diffusion_agent][INFO] - approx_kl: 0.0, update_epoch: 2, num_batch: 4
[2026-10-10 11:22:56,188][agent.finetune.train_ppo_diffusion_agent][INFO] - approx_kl: 0.0, update_epoch: 3, num_batch: 4
[2026-10-10 11:22:58,280][agent.finetune.train_ppo_diffusion_agent][INFO] - approx_kl: 0.0, update_epoch: 3, num_batch: 4
[2026-10-10 11:23:00,049][agent.finetune.train_ppo_diffusion_agent][INFO] - approx_kl: 0.0, update_epoch: 3, num_batch: 4
[2026-10-10 11:23:01,963][agent.finetune.train_ppo_diffusion_agent][INFO] - approx_kl: 0.0, update_epoch: 3, num_batch: 4
[2026-10-10 11:23:03,859][agent.finetune.train_ppo_diffusion_agent][INFO] - approx_kl: 0.0, update_epoch: 4, num_batch: 4
[2026-10-10 11:23:05,922][agent.finetune.train_ppo_diffusion_agent][INFO] - approx_kl: 0.0, update_epoch: 4, num_batch: 4
[2026-10-10 11:23:07,732][agent.finetune.train_ppo_diffusion_agent][INFO] - approx_kl: 0.0, update_epoch: 4, num_batch: 4
[2026-10-10 11:23:09,671][agent.finetune.train_ppo_diffusion_agent][INFO] - approx_kl: 0.0, update_epoch: 4, num_batch: 4
[2026-10-10 11:23:17,474][agent.finetune.train_ppo_diffusion_agent][INFO] - 77: step  5600000 | loss -2642.0654 | pg loss -2642.1181 | value loss   0.1054 | bc loss   0.0000 | reward 3998.1873 | eta   1.0000 | t: 59.5070 | kl_true_per_action=0.0003977027033709408 | logratio_p99=0.028535606861114463 | clamp_hit_frac=0.0007666666666666667 | actor_step_ratio=1.0 | actor_step_clipfrac=0.0
[2026-10-10 11:23:17,474][agent.finetune.stage3_support][INFO] - STAGE3_METRICS {"J_disc_train": 1417.348817245984, "J_disc_train_se": 24.17515611565545, "action_oor_frac": 0.14532916666666668, "adv_raw_mean": 1038.0048045126339, "adv_raw_std": 485.6039103309521, "diagnostics_seconds": 0.11237273900769651, "episode_count": 80, "explained_var": 0.5152595043182373, "explained_var_reason": null, "grad_cos_prev": 0.05508384477433977, "grad_cos_prev_reason": null, "grad_norm": 118.06190895166151, "policy_action_oor_frac": 0.14536041666666666, "proj_active": false, "reward_clip_frac": 0.0, "rollout_seconds": 12.862401228048839, "split_diff_sq": 59145.49229157031, "split_dot": -847.7586059160406, "theta_dist": 0.6539226347812754, "theta_dist_preproj": 0.6539226347812754, "update_norm": 0.017763266872888168, "update_seconds": 46.526438008993864, "x0_sat_frac_last": 0.03049486924859318, "x0_sat_frac_mean": 0.08811761514283284}
[2026-10-10 11:23:32,411][agent.finetune.train_ppo_diffusion_agent][INFO] - approx_kl: 0.0, update_epoch: 0, num_batch: 4
[2026-10-10 11:23:34,080][agent.finetune.train_ppo_diffusion_agent][INFO] - approx_kl: 0.0, update_epoch: 0, num_batch: 4
[2026-10-10 11:23:35,842][agent.finetune.train_ppo_diffusion_agent][INFO] - approx_kl: 0.0, update_epoch: 0, num_batch: 4
[2026-10-10 11:23:37,593][agent.finetune.train_ppo_diffusion_agent][INFO] - approx_kl: 0.0, update_epoch: 0, num_batch: 4
[2026-10-10 11:23:39,447][agent.finetune.train_ppo_diffusion_agent][INFO] - approx_kl: 0.0, update_epoch: 1, num_batch: 4
[2026-10-10 11:23:41,138][agent.finetune.train_ppo_diffusion_agent][INFO] - approx_kl: 0.0, update_epoch: 1, num_batch: 4
[2026-10-10 11:23:42,933][agent.finetune.train_ppo_diffusion_agent][INFO] - approx_kl: 0.0, update_epoch: 1, num_batch: 4
[2026-10-10 11:23:44,671][agent.finetune.train_ppo_diffusion_agent][INFO] - approx_kl: 0.0, update_epoch: 1, num_batch: 4
[2026-10-10 11:23:46,508][agent.finetune.train_ppo_diffusion_agent][INFO] - approx_kl: 0.0, update_epoch: 2, num_batch: 4
[2026-10-10 11:23:48,150][agent.finetune.train_ppo_diffusion_agent][INFO] - approx_kl: 0.0, update_epoch: 2, num_batch: 4
[2026-10-10 11:23:49,881][agent.finetune.train_ppo_diffusion_agent][INFO] - approx_kl: 0.0, update_epoch: 2, num_batch: 4
[2026-10-10 11:23:51,621][agent.finetune.train_ppo_diffusion_agent][INFO] - approx_kl: 0.0, update_epoch: 2, num_batch: 4
[2026-10-10 11:23:53,535][agent.finetune.train_ppo_diffusion_agent][INFO] - approx_kl: 0.0, update_epoch: 3, num_batch: 4
[2026-10-10 11:23:55,171][agent.finetune.train_ppo_diffusion_agent][INFO] - approx_kl: 0.0, update_epoch: 3, num_batch: 4
[2026-10-10 11:23:56,924][agent.finetune.train_ppo_diffusion_agent][INFO] - approx_kl: 0.0, update_epoch: 3, num_batch: 4
[2026-10-10 11:23:58,651][agent.finetune.train_ppo_diffusion_agent][INFO] - approx_kl: 0.0, update_epoch: 3, num_batch: 4
[2026-10-10 11:24:00,485][agent.finetune.train_ppo_diffusion_agent][INFO] - approx_kl: 0.0, update_epoch: 4, num_batch: 4
[2026-10-10 11:24:02,095][agent.finetune.train_ppo_diffusion_agent][INFO] - approx_kl: 0.0, update_epoch: 4, num_batch: 4
[2026-10-10 11:24:03,804][agent.finetune.train_ppo_diffusion_agent][INFO] - approx_kl: 0.0, update_epoch: 4, num_batch: 4
[2026-10-10 11:24:05,545][agent.finetune.train_ppo_diffusion_agent][INFO] - approx_kl: 0.0, update_epoch: 4, num_batch: 4
[2026-10-10 11:24:12,586][agent.finetune.train_ppo_diffusion_agent][INFO] - 78: step  5680000 | loss -2580.8459 | pg loss -2580.8982 | value loss   0.1044 | bc loss   0.0000 | reward 3933.3331 | eta   1.0000 | t: 55.1125 | kl_true_per_action=0.0003046799477046531 | logratio_p99=0.025645862817764282 | clamp_hit_frac=0.0008208333333333334 | actor_step_ratio=1.0 | actor_step_clipfrac=0.0
[2026-10-10 11:24:12,586][agent.finetune.stage3_support][INFO] - STAGE3_METRICS {"J_disc_train": 1404.3435398180798, "J_disc_train_se": 30.395769730467226, "action_oor_frac": 0.14391458333333335, "adv_raw_mean": 1017.2131944646919, "adv_raw_std": 504.3492072606341, "diagnostics_seconds": 0.1212122900178656, "episode_count": 80, "explained_var": 0.6036869287490845, "explained_var_reason": null, "grad_cos_prev": -0.051789406676405386, "grad_cos_prev_reason": null, "grad_norm": 118.9499418410383, "policy_action_oor_frac": 0.1439625, "proj_active": false, "reward_clip_frac": 0.0, "rollout_seconds": 12.781183029990643, "split_diff_sq": 61843.314425847246, "split_dot": -1311.7404790301616, "theta_dist": 0.6581955898965115, "theta_dist_preproj": 0.6581955898965115, "update_norm": 0.017364746705835127, "update_seconds": 42.20632061292417, "x0_sat_frac_last": 0.03137081862497899, "x0_sat_frac_mean": 0.08566679384132075}
[2026-10-10 11:24:27,314][agent.finetune.train_ppo_diffusion_agent][INFO] - approx_kl: 0.0, update_epoch: 0, num_batch: 4
[2026-10-10 11:24:28,961][agent.finetune.train_ppo_diffusion_agent][INFO] - approx_kl: 0.0, update_epoch: 0, num_batch: 4
[2026-10-10 11:24:30,707][agent.finetune.train_ppo_diffusion_agent][INFO] - approx_kl: 0.0, update_epoch: 0, num_batch: 4
[2026-10-10 11:24:32,446][agent.finetune.train_ppo_diffusion_agent][INFO] - approx_kl: 0.0, update_epoch: 0, num_batch: 4
[2026-10-10 11:24:34,291][agent.finetune.train_ppo_diffusion_agent][INFO] - approx_kl: 0.0, update_epoch: 1, num_batch: 4
[2026-10-10 11:24:35,939][agent.finetune.train_ppo_diffusion_agent][INFO] - approx_kl: 0.0, update_epoch: 1, num_batch: 4
[2026-10-10 11:24:37,678][agent.finetune.train_ppo_diffusion_agent][INFO] - approx_kl: 0.0, update_epoch: 1, num_batch: 4
[2026-10-10 11:24:39,414][agent.finetune.train_ppo_diffusion_agent][INFO] - approx_kl: 0.0, update_epoch: 1, num_batch: 4
[2026-10-10 11:24:41,311][agent.finetune.train_ppo_diffusion_agent][INFO] - approx_kl: 0.0, update_epoch: 2, num_batch: 4
[2026-10-10 11:24:42,961][agent.finetune.train_ppo_diffusion_agent][INFO] - approx_kl: 0.0, update_epoch: 2, num_batch: 4
[2026-10-10 11:24:44,737][agent.finetune.train_ppo_diffusion_agent][INFO] - approx_kl: 0.0, update_epoch: 2, num_batch: 4
[2026-10-10 11:24:46,477][agent.finetune.train_ppo_diffusion_agent][INFO] - approx_kl: 0.0, update_epoch: 2, num_batch: 4
[2026-10-10 11:24:48,294][agent.finetune.train_ppo_diffusion_agent][INFO] - approx_kl: 0.0, update_epoch: 3, num_batch: 4
[2026-10-10 11:24:49,923][agent.finetune.train_ppo_diffusion_agent][INFO] - approx_kl: 0.0, update_epoch: 3, num_batch: 4
[2026-10-10 11:24:51,661][agent.finetune.train_ppo_diffusion_agent][INFO] - approx_kl: 0.0, update_epoch: 3, num_batch: 4
[2026-10-10 11:24:53,453][agent.finetune.train_ppo_diffusion_agent][INFO] - approx_kl: 0.0, update_epoch: 3, num_batch: 4
[2026-10-10 11:24:55,311][agent.finetune.train_ppo_diffusion_agent][INFO] - approx_kl: 0.0, update_epoch: 4, num_batch: 4
[2026-10-10 11:24:56,962][agent.finetune.train_ppo_diffusion_agent][INFO] - approx_kl: 0.0, update_epoch: 4, num_batch: 4
[2026-10-10 11:24:58,678][agent.finetune.train_ppo_diffusion_agent][INFO] - approx_kl: 0.0, update_epoch: 4, num_batch: 4
[2026-10-10 11:25:00,399][agent.finetune.train_ppo_diffusion_agent][INFO] - approx_kl: 0.0, update_epoch: 4, num_batch: 4
[2026-10-10 11:25:07,444][agent.finetune.train_ppo_diffusion_agent][INFO] - 79: step  5760000 | loss -2676.9307 | pg loss -2676.9826 | value loss   0.1039 | bc loss   0.0000 | reward 4068.7607 | eta   1.0000 | t: 54.8580 | kl_true_per_action=0.00023869212988355496 | logratio_p99=0.022314827442169182 | clamp_hit_frac=0.00075 | actor_step_ratio=1.0 | actor_step_clipfrac=0.0
[2026-10-10 11:25:07,445][agent.finetune.stage3_support][INFO] - STAGE3_METRICS {"J_disc_train": 1433.4652923579324, "J_disc_train_se": 22.038319700612337, "action_oor_frac": 0.14854166666666666, "adv_raw_mean": 1059.8520311165962, "adv_raw_std": 470.01261129375473, "diagnostics_seconds": 0.11027850315440446, "episode_count": 80, "explained_var": 0.38983261585235596, "explained_var_reason": null, "grad_cos_prev": -0.06917524462872215, "grad_cos_prev_reason": null, "grad_norm": 125.10091893101227, "policy_action_oor_frac": 0.14856666666666668, "proj_active": false, "reward_clip_frac": 0.0, "rollout_seconds": 12.687888909946196, "split_diff_sq": 55434.72391540806, "split_dot": 1791.5593523847015, "theta_dist": 0.662380805895281, "theta_dist_preproj": 0.662380805895281, "update_norm": 0.017232892383933454, "update_seconds": 42.05617994477507, "x0_sat_frac_last": 0.030974202308214526, "x0_sat_frac_mean": 0.0895434248126613}
[2026-10-10 11:25:20,363][agent.finetune.train_ppo_diffusion_agent][INFO] - eval: success rate   1.0000 | avg episode reward 4440.4523 | avg best reward   6.5035
[2026-10-10 11:25:20,364][agent.finetune.stage3_support][INFO] - STAGE3_METRICS {"J_disc_eval": 1572.8008794642105, "J_disc_eval_se": 9.137639278251482, "action_oor_frac": 0.0, "diagnostics_seconds": 0.012912860023789108, "episode_count": 80, "policy_action_oor_frac": 0.0, "rollout_seconds": 12.901729209930636, "update_seconds": 0.0}
[2026-10-10 11:25:35,484][agent.finetune.train_ppo_diffusion_agent][INFO] - approx_kl: 0.0, update_epoch: 0, num_batch: 4
[2026-10-10 11:25:37,135][agent.finetune.train_ppo_diffusion_agent][INFO] - approx_kl: 0.0, update_epoch: 0, num_batch: 4
[2026-10-10 11:25:38,878][agent.finetune.train_ppo_diffusion_agent][INFO] - approx_kl: 0.0, update_epoch: 0, num_batch: 4
[2026-10-10 11:25:40,724][agent.finetune.train_ppo_diffusion_agent][INFO] - approx_kl: 0.0, update_epoch: 0, num_batch: 4
[2026-10-10 11:25:42,369][agent.finetune.train_ppo_diffusion_agent][INFO] - approx_kl: 0.0, update_epoch: 1, num_batch: 4
[2026-10-10 11:25:44,146][agent.finetune.train_ppo_diffusion_agent][INFO] - approx_kl: 0.0, update_epoch: 1, num_batch: 4
[2026-10-10 11:25:45,899][agent.finetune.train_ppo_diffusion_agent][INFO] - approx_kl: 0.0, update_epoch: 1, num_batch: 4
[2026-10-10 11:25:47,758][agent.finetune.train_ppo_diffusion_agent][INFO] - approx_kl: 0.0, update_epoch: 1, num_batch: 4
[2026-10-10 11:25:49,415][agent.finetune.train_ppo_diffusion_agent][INFO] - approx_kl: 0.0, update_epoch: 2, num_batch: 4
[2026-10-10 11:25:51,169][agent.finetune.train_ppo_diffusion_agent][INFO] - approx_kl: 0.0, update_epoch: 2, num_batch: 4
[2026-10-10 11:25:52,913][agent.finetune.train_ppo_diffusion_agent][INFO] - approx_kl: 0.0, update_epoch: 2, num_batch: 4
[2026-10-10 11:25:54,758][agent.finetune.train_ppo_diffusion_agent][INFO] - approx_kl: 0.0, update_epoch: 2, num_batch: 4
[2026-10-10 11:25:56,460][agent.finetune.train_ppo_diffusion_agent][INFO] - approx_kl: 0.0, update_epoch: 3, num_batch: 4
[2026-10-10 11:25:58,236][agent.finetune.train_ppo_diffusion_agent][INFO] - approx_kl: 0.0, update_epoch: 3, num_batch: 4
[2026-10-10 11:25:59,948][agent.finetune.train_ppo_diffusion_agent][INFO] - approx_kl: 0.0, update_epoch: 3, num_batch: 4
[2026-10-10 11:26:01,773][agent.finetune.train_ppo_diffusion_agent][INFO] - approx_kl: 0.0, update_epoch: 3, num_batch: 4
[2026-10-10 11:26:03,396][agent.finetune.train_ppo_diffusion_agent][INFO] - approx_kl: 0.0, update_epoch: 4, num_batch: 4
[2026-10-10 11:26:05,119][agent.finetune.train_ppo_diffusion_agent][INFO] - approx_kl: 0.0, update_epoch: 4, num_batch: 4
[2026-10-10 11:26:06,864][agent.finetune.train_ppo_diffusion_agent][INFO] - approx_kl: 0.0, update_epoch: 4, num_batch: 4
[2026-10-10 11:26:08,728][agent.finetune.train_ppo_diffusion_agent][INFO] - approx_kl: 0.0, update_epoch: 4, num_batch: 4
[2026-10-10 11:26:15,719][agent.finetune.train_ppo_diffusion_agent][INFO] - 81: step  5840000 | loss -2632.1843 | pg loss -2632.2361 | value loss   0.1037 | bc loss   0.0000 | reward 4013.3019 | eta   1.0000 | t: 55.3563 | kl_true_per_action=0.0002604840261328635 | logratio_p99=0.02284573078155516 | clamp_hit_frac=0.0007458333333333334 | actor_step_ratio=1.0 | actor_step_clipfrac=0.0
[2026-10-10 11:26:15,719][agent.finetune.stage3_support][INFO] - STAGE3_METRICS {"J_disc_train": 1421.2344848896669, "J_disc_train_se": 18.67182434052611, "action_oor_frac": 0.14675833333333332, "adv_raw_mean": 1042.511906060575, "adv_raw_std": 470.74701263000725, "diagnostics_seconds": 0.11571824096608907, "episode_count": 80, "explained_var": 0.4448264241218567, "explained_var_reason": null, "grad_cos_prev": 0.050680188792085544, "grad_cos_prev_reason": null, "grad_norm": 113.2186019381338, "policy_action_oor_frac": 0.14679375, "proj_active": false, "reward_clip_frac": 0.0, "rollout_seconds": 12.993905215989798, "split_diff_sq": 54663.53156136314, "split_dot": -847.432480592071, "theta_dist": 0.6664543678130954, "theta_dist_preproj": 0.6664543678130954, "update_norm": 0.017187293517197038, "update_seconds": 42.241811451967806, "x0_sat_frac_last": 0.03257836861972756, "x0_sat_frac_mean": 0.08854830757761512}
[2026-10-10 11:26:30,380][agent.finetune.train_ppo_diffusion_agent][INFO] - approx_kl: 0.0, update_epoch: 0, num_batch: 4
[2026-10-10 11:26:32,154][agent.finetune.train_ppo_diffusion_agent][INFO] - approx_kl: 0.0, update_epoch: 0, num_batch: 4
[2026-10-10 11:26:33,886][agent.finetune.train_ppo_diffusion_agent][INFO] - approx_kl: 0.0, update_epoch: 0, num_batch: 4
[2026-10-10 11:26:35,726][agent.finetune.train_ppo_diffusion_agent][INFO] - approx_kl: 0.0, update_epoch: 0, num_batch: 4
[2026-10-10 11:26:37,391][agent.finetune.train_ppo_diffusion_agent][INFO] - approx_kl: 0.0, update_epoch: 1, num_batch: 4
[2026-10-10 11:26:39,160][agent.finetune.train_ppo_diffusion_agent][INFO] - approx_kl: 0.0, update_epoch: 1, num_batch: 4
[2026-10-10 11:26:40,912][agent.finetune.train_ppo_diffusion_agent][INFO] - approx_kl: 0.0, update_epoch: 1, num_batch: 4
[2026-10-10 11:26:42,821][agent.finetune.train_ppo_diffusion_agent][INFO] - approx_kl: 0.0, update_epoch: 1, num_batch: 4
[2026-10-10 11:26:44,559][agent.finetune.train_ppo_diffusion_agent][INFO] - approx_kl: 0.0, update_epoch: 2, num_batch: 4
[2026-10-10 11:26:46,304][agent.finetune.train_ppo_diffusion_agent][INFO] - approx_kl: 0.0, update_epoch: 2, num_batch: 4
[2026-10-10 11:26:48,017][agent.finetune.train_ppo_diffusion_agent][INFO] - approx_kl: 0.0, update_epoch: 2, num_batch: 4
[2026-10-10 11:26:49,845][agent.finetune.train_ppo_diffusion_agent][INFO] - approx_kl: 0.0, update_epoch: 2, num_batch: 4
[2026-10-10 11:26:51,496][agent.finetune.train_ppo_diffusion_agent][INFO] - approx_kl: 0.0, update_epoch: 3, num_batch: 4
[2026-10-10 11:26:53,239][agent.finetune.train_ppo_diffusion_agent][INFO] - approx_kl: 0.0, update_epoch: 3, num_batch: 4
[2026-10-10 11:26:54,981][agent.finetune.train_ppo_diffusion_agent][INFO] - approx_kl: 0.0, update_epoch: 3, num_batch: 4
[2026-10-10 11:26:56,800][agent.finetune.train_ppo_diffusion_agent][INFO] - approx_kl: 0.0, update_epoch: 3, num_batch: 4
[2026-10-10 11:26:58,437][agent.finetune.train_ppo_diffusion_agent][INFO] - approx_kl: 0.0, update_epoch: 4, num_batch: 4
[2026-10-10 11:27:00,204][agent.finetune.train_ppo_diffusion_agent][INFO] - approx_kl: 0.0, update_epoch: 4, num_batch: 4
[2026-10-10 11:27:01,944][agent.finetune.train_ppo_diffusion_agent][INFO] - approx_kl: 0.0, update_epoch: 4, num_batch: 4
[2026-10-10 11:27:03,794][agent.finetune.train_ppo_diffusion_agent][INFO] - approx_kl: 0.0, update_epoch: 4, num_batch: 4
[2026-10-10 11:27:10,766][agent.finetune.train_ppo_diffusion_agent][INFO] - 82: step  5920000 | loss -2679.3967 | pg loss -2679.4509 | value loss   0.1085 | bc loss   0.0000 | reward 4065.3746 | eta   1.0000 | t: 55.0471 | kl_true_per_action=0.00025068364771776156 | logratio_p99=0.02297043085098265 | clamp_hit_frac=0.0008083333333333333 | actor_step_ratio=1.0 | actor_step_clipfrac=0.0
[2026-10-10 11:27:10,766][agent.finetune.stage3_support][INFO] - STAGE3_METRICS {"J_disc_train": 1448.2562420664854, "J_disc_train_se": 17.52071068352009, "action_oor_frac": 0.14767291666666665, "adv_raw_mean": 1052.6403517454767, "adv_raw_std": 479.0066407036601, "diagnostics_seconds": 0.11340832791756839, "episode_count": 80, "explained_var": 0.423481285572052, "explained_var_reason": null, "grad_cos_prev": -0.012430085608641846, "grad_cos_prev_reason": null, "grad_norm": 119.79898119426551, "policy_action_oor_frac": 0.14772291666666668, "proj_active": false, "reward_clip_frac": 0.0, "rollout_seconds": 12.761653479072265, "split_diff_sq": 51189.84862076593, "split_dot": 1554.3348144421066, "theta_dist": 0.6704065022611095, "theta_dist_preproj": 0.6704065022611095, "update_norm": 0.017308919993884377, "update_seconds": 42.16820867510978, "x0_sat_frac_last": 0.033533033782659344, "x0_sat_frac_mean": 0.08912792425117355}
[2026-10-10 11:27:25,396][agent.finetune.train_ppo_diffusion_agent][INFO] - approx_kl: 0.0, update_epoch: 0, num_batch: 4
[2026-10-10 11:27:27,187][agent.finetune.train_ppo_diffusion_agent][INFO] - approx_kl: 0.0, update_epoch: 0, num_batch: 4
[2026-10-10 11:27:28,946][agent.finetune.train_ppo_diffusion_agent][INFO] - approx_kl: 0.0, update_epoch: 0, num_batch: 4
[2026-10-10 11:27:30,794][agent.finetune.train_ppo_diffusion_agent][INFO] - approx_kl: 0.0, update_epoch: 0, num_batch: 4
[2026-10-10 11:27:32,455][agent.finetune.train_ppo_diffusion_agent][INFO] - approx_kl: 0.0, update_epoch: 1, num_batch: 4
[2026-10-10 11:27:34,224][agent.finetune.train_ppo_diffusion_agent][INFO] - approx_kl: 0.0, update_epoch: 1, num_batch: 4
[2026-10-10 11:27:36,033][agent.finetune.train_ppo_diffusion_agent][INFO] - approx_kl: 0.0, update_epoch: 1, num_batch: 4
[2026-10-10 11:27:37,914][agent.finetune.train_ppo_diffusion_agent][INFO] - approx_kl: 0.0, update_epoch: 1, num_batch: 4
[2026-10-10 11:27:39,573][agent.finetune.train_ppo_diffusion_agent][INFO] - approx_kl: 0.0, update_epoch: 2, num_batch: 4
[2026-10-10 11:27:41,329][agent.finetune.train_ppo_diffusion_agent][INFO] - approx_kl: 0.0, update_epoch: 2, num_batch: 4
[2026-10-10 11:27:43,086][agent.finetune.train_ppo_diffusion_agent][INFO] - approx_kl: 0.0, update_epoch: 2, num_batch: 4
[2026-10-10 11:27:44,938][agent.finetune.train_ppo_diffusion_agent][INFO] - approx_kl: 0.0, update_epoch: 2, num_batch: 4
[2026-10-10 11:27:46,619][agent.finetune.train_ppo_diffusion_agent][INFO] - approx_kl: 0.0, update_epoch: 3, num_batch: 4
[2026-10-10 11:27:48,390][agent.finetune.train_ppo_diffusion_agent][INFO] - approx_kl: 0.0, update_epoch: 3, num_batch: 4
[2026-10-10 11:27:50,168][agent.finetune.train_ppo_diffusion_agent][INFO] - approx_kl: 0.0, update_epoch: 3, num_batch: 4
[2026-10-10 11:27:52,019][agent.finetune.train_ppo_diffusion_agent][INFO] - approx_kl: 0.0, update_epoch: 3, num_batch: 4
[2026-10-10 11:27:53,688][agent.finetune.train_ppo_diffusion_agent][INFO] - approx_kl: 0.0, update_epoch: 4, num_batch: 4
[2026-10-10 11:27:55,441][agent.finetune.train_ppo_diffusion_agent][INFO] - approx_kl: 0.0, update_epoch: 4, num_batch: 4
[2026-10-10 11:27:57,196][agent.finetune.train_ppo_diffusion_agent][INFO] - approx_kl: 0.0, update_epoch: 4, num_batch: 4
[2026-10-10 11:27:59,055][agent.finetune.train_ppo_diffusion_agent][INFO] - approx_kl: 0.0, update_epoch: 4, num_batch: 4
[2026-10-10 11:28:06,088][agent.finetune.train_ppo_diffusion_agent][INFO] - 83: step  6000000 | loss -2646.2507 | pg loss -2646.3046 | value loss   0.1080 | bc loss   0.0000 | reward 4022.6997 | eta   1.0000 | t: 55.3217 | kl_true_per_action=0.0002703897850764336 | logratio_p99=0.023172495365142803 | clamp_hit_frac=0.0008 | actor_step_ratio=1.0 | actor_step_clipfrac=0.0
[2026-10-10 11:28:06,088][agent.finetune.stage3_support][INFO] - STAGE3_METRICS {"J_disc_train": 1413.796900182958, "J_disc_train_se": 22.43456874047841, "action_oor_frac": 0.14722083333333333, "adv_raw_mean": 1049.2162950322777, "adv_raw_std": 466.6520306552116, "diagnostics_seconds": 0.1117979132104665, "episode_count": 80, "explained_var": 0.40123188495635986, "explained_var_reason": null, "grad_cos_prev": -0.03761873686558357, "grad_cos_prev_reason": null, "grad_norm": 108.31383008332023, "policy_action_oor_frac": 0.14724166666666666, "proj_active": false, "reward_clip_frac": 0.0, "rollout_seconds": 12.723257292062044, "split_diff_sq": 50856.94628829121, "split_dot": -982.350893987145, "theta_dist": 0.6741927784623228, "theta_dist_preproj": 0.6741927784623228, "update_norm": 0.0173914584988146, "update_seconds": 42.481603593798354, "x0_sat_frac_last": 0.03177368508378962, "x0_sat_frac_mean": 0.08818660760443993}
[2026-10-10 11:28:21,419][agent.finetune.train_ppo_diffusion_agent][INFO] - approx_kl: 0.0, update_epoch: 0, num_batch: 4
[2026-10-10 11:28:23,512][agent.finetune.train_ppo_diffusion_agent][INFO] - approx_kl: 0.0, update_epoch: 0, num_batch: 4
[2026-10-10 11:28:25,367][agent.finetune.train_ppo_diffusion_agent][INFO] - approx_kl: 0.0, update_epoch: 0, num_batch: 4
[2026-10-10 11:28:27,335][agent.finetune.train_ppo_diffusion_agent][INFO] - approx_kl: 0.0, update_epoch: 0, num_batch: 4
[2026-10-10 11:28:29,092][agent.finetune.train_ppo_diffusion_agent][INFO] - approx_kl: 0.0, update_epoch: 1, num_batch: 4
[2026-10-10 11:28:30,960][agent.finetune.train_ppo_diffusion_agent][INFO] - approx_kl: 0.0, update_epoch: 1, num_batch: 4
[2026-10-10 11:28:32,898][agent.finetune.train_ppo_diffusion_agent][INFO] - approx_kl: 0.0, update_epoch: 1, num_batch: 4
[2026-10-10 11:28:34,852][agent.finetune.train_ppo_diffusion_agent][INFO] - approx_kl: 0.0, update_epoch: 1, num_batch: 4
[2026-10-10 11:28:36,606][agent.finetune.train_ppo_diffusion_agent][INFO] - approx_kl: 0.0, update_epoch: 2, num_batch: 4
[2026-10-10 11:28:38,456][agent.finetune.train_ppo_diffusion_agent][INFO] - approx_kl: 0.0, update_epoch: 2, num_batch: 4
[2026-10-10 11:28:40,299][agent.finetune.train_ppo_diffusion_agent][INFO] - approx_kl: 0.0, update_epoch: 2, num_batch: 4
[2026-10-10 11:28:42,255][agent.finetune.train_ppo_diffusion_agent][INFO] - approx_kl: 0.0, update_epoch: 2, num_batch: 4
[2026-10-10 11:28:44,054][agent.finetune.train_ppo_diffusion_agent][INFO] - approx_kl: 0.0, update_epoch: 3, num_batch: 4
[2026-10-10 11:28:45,932][agent.finetune.train_ppo_diffusion_agent][INFO] - approx_kl: 0.0, update_epoch: 3, num_batch: 4
[2026-10-10 11:28:47,793][agent.finetune.train_ppo_diffusion_agent][INFO] - approx_kl: 0.0, update_epoch: 3, num_batch: 4
[2026-10-10 11:28:49,717][agent.finetune.train_ppo_diffusion_agent][INFO] - approx_kl: 0.0, update_epoch: 3, num_batch: 4
[2026-10-10 11:28:51,451][agent.finetune.train_ppo_diffusion_agent][INFO] - approx_kl: 0.0, update_epoch: 4, num_batch: 4
[2026-10-10 11:28:53,300][agent.finetune.train_ppo_diffusion_agent][INFO] - approx_kl: 0.0, update_epoch: 4, num_batch: 4
[2026-10-10 11:28:55,157][agent.finetune.train_ppo_diffusion_agent][INFO] - approx_kl: 0.0, update_epoch: 4, num_batch: 4
[2026-10-10 11:28:57,105][agent.finetune.train_ppo_diffusion_agent][INFO] - approx_kl: 0.0, update_epoch: 4, num_batch: 4
[2026-10-10 11:29:04,602][agent.finetune.train_ppo_diffusion_agent][INFO] - 84: step  6080000 | loss -2687.1108 | pg loss -2687.1642 | value loss   0.1064 | bc loss   0.0000 | reward 4077.7384 | eta   1.0000 | t: 58.5139 | kl_true_per_action=0.0003278711359693973 | logratio_p99=0.02606367111206051 | clamp_hit_frac=0.0007520833333333333 | actor_step_ratio=1.0 | actor_step_clipfrac=0.0
[2026-10-10 11:29:04,602][agent.finetune.stage3_support][INFO] - STAGE3_METRICS {"J_disc_train": 1443.9767457538487, "J_disc_train_se": 19.792790920990576, "action_oor_frac": 0.14912916666666667, "adv_raw_mean": 1059.280585806735, "adv_raw_std": 477.1999688394985, "diagnostics_seconds": 0.12951627001166344, "episode_count": 80, "explained_var": 0.4435400366783142, "explained_var_reason": null, "grad_cos_prev": 0.007871091424159912, "grad_cos_prev_reason": null, "grad_norm": 119.8248335911122, "policy_action_oor_frac": 0.1491625, "proj_active": false, "reward_clip_frac": 0.0, "rollout_seconds": 13.184419940924272, "split_diff_sq": 47438.52693876443, "split_dot": 2498.3584565918763, "theta_dist": 0.6780987245889121, "theta_dist_preproj": 0.6780987245889121, "update_norm": 0.01745592764678359, "update_seconds": 45.19561509008054, "x0_sat_frac_last": 0.0306679511881824, "x0_sat_frac_mean": 0.08886604402476234}
[2026-10-10 11:29:19,460][agent.finetune.train_ppo_diffusion_agent][INFO] - approx_kl: 0.0, update_epoch: 0, num_batch: 4
[2026-10-10 11:29:21,329][agent.finetune.train_ppo_diffusion_agent][INFO] - approx_kl: 0.0, update_epoch: 0, num_batch: 4
[2026-10-10 11:29:23,326][agent.finetune.train_ppo_diffusion_agent][INFO] - approx_kl: 0.0, update_epoch: 0, num_batch: 4
[2026-10-10 11:29:25,093][agent.finetune.train_ppo_diffusion_agent][INFO] - approx_kl: 0.0, update_epoch: 0, num_batch: 4
[2026-10-10 11:29:26,953][agent.finetune.train_ppo_diffusion_agent][INFO] - approx_kl: 0.0, update_epoch: 1, num_batch: 4
[2026-10-10 11:29:28,868][agent.finetune.train_ppo_diffusion_agent][INFO] - approx_kl: 0.0, update_epoch: 1, num_batch: 4
[2026-10-10 11:29:30,862][agent.finetune.train_ppo_diffusion_agent][INFO] - approx_kl: 0.0, update_epoch: 1, num_batch: 4
[2026-10-10 11:29:32,638][agent.finetune.train_ppo_diffusion_agent][INFO] - approx_kl: 0.0, update_epoch: 1, num_batch: 4
[2026-10-10 11:29:34,499][agent.finetune.train_ppo_diffusion_agent][INFO] - approx_kl: 0.0, update_epoch: 2, num_batch: 4
[2026-10-10 11:29:36,372][agent.finetune.train_ppo_diffusion_agent][INFO] - approx_kl: 0.0, update_epoch: 2, num_batch: 4
[2026-10-10 11:29:38,339][agent.finetune.train_ppo_diffusion_agent][INFO] - approx_kl: 0.0, update_epoch: 2, num_batch: 4
[2026-10-10 11:29:40,116][agent.finetune.train_ppo_diffusion_agent][INFO] - approx_kl: 0.0, update_epoch: 2, num_batch: 4
[2026-10-10 11:29:42,042][agent.finetune.train_ppo_diffusion_agent][INFO] - approx_kl: 0.0, update_epoch: 3, num_batch: 4
[2026-10-10 11:29:43,937][agent.finetune.train_ppo_diffusion_agent][INFO] - approx_kl: 0.0, update_epoch: 3, num_batch: 4
[2026-10-10 11:29:45,907][agent.finetune.train_ppo_diffusion_agent][INFO] - approx_kl: 0.0, update_epoch: 3, num_batch: 4
[2026-10-10 11:29:47,671][agent.finetune.train_ppo_diffusion_agent][INFO] - approx_kl: 0.0, update_epoch: 3, num_batch: 4
[2026-10-10 11:29:49,539][agent.finetune.train_ppo_diffusion_agent][INFO] - approx_kl: 0.0, update_epoch: 4, num_batch: 4
[2026-10-10 11:29:51,407][agent.finetune.train_ppo_diffusion_agent][INFO] - approx_kl: 0.0, update_epoch: 4, num_batch: 4
[2026-10-10 11:29:53,397][agent.finetune.train_ppo_diffusion_agent][INFO] - approx_kl: 0.0, update_epoch: 4, num_batch: 4
[2026-10-10 11:29:55,205][agent.finetune.train_ppo_diffusion_agent][INFO] - approx_kl: 0.0, update_epoch: 4, num_batch: 4
[2026-10-10 11:30:02,721][agent.finetune.train_ppo_diffusion_agent][INFO] - 85: step  6160000 | loss -2715.5979 | pg loss -2715.6534 | value loss   0.1110 | bc loss   0.0000 | reward 4115.1522 | eta   1.0000 | t: 58.1192 | kl_true_per_action=0.0002623583416461547 | logratio_p99=0.023242406845092767 | clamp_hit_frac=0.0007833333333333334 | actor_step_ratio=1.0 | actor_step_clipfrac=0.0
[2026-10-10 11:30:02,721][agent.finetune.stage3_support][INFO] - STAGE3_METRICS {"J_disc_train": 1433.018947396508, "J_disc_train_se": 17.318882723854642, "action_oor_frac": 0.14894583333333333, "adv_raw_mean": 1078.5853758113096, "adv_raw_std": 450.3636678854268, "diagnostics_seconds": 0.12676634395029396, "episode_count": 80, "explained_var": 0.13784652948379517, "explained_var_reason": null, "grad_cos_prev": 0.01999129781881808, "grad_cos_prev_reason": null, "grad_norm": 114.74269688046886, "policy_action_oor_frac": 0.14898333333333333, "proj_active": false, "reward_clip_frac": 0.0, "rollout_seconds": 12.86859725706745, "split_diff_sq": 51741.80398080393, "split_dot": 230.43518028954787, "theta_dist": 0.681937895961137, "theta_dist_preproj": 0.681937895961137, "update_norm": 0.017316553593263603, "update_seconds": 45.119378281058744, "x0_sat_frac_last": 0.03329649639816634, "x0_sat_frac_mean": 0.09030576874164867}
[2026-10-10 11:30:17,822][agent.finetune.train_ppo_diffusion_agent][INFO] - approx_kl: 0.0, update_epoch: 0, num_batch: 4
[2026-10-10 11:30:19,560][agent.finetune.train_ppo_diffusion_agent][INFO] - approx_kl: 0.0, update_epoch: 0, num_batch: 4
[2026-10-10 11:30:21,384][agent.finetune.train_ppo_diffusion_agent][INFO] - approx_kl: 0.0, update_epoch: 0, num_batch: 4
[2026-10-10 11:30:23,051][agent.finetune.train_ppo_diffusion_agent][INFO] - approx_kl: 0.0, update_epoch: 0, num_batch: 4
[2026-10-10 11:30:24,793][agent.finetune.train_ppo_diffusion_agent][INFO] - approx_kl: 0.0, update_epoch: 1, num_batch: 4
[2026-10-10 11:30:26,580][agent.finetune.train_ppo_diffusion_agent][INFO] - approx_kl: 0.0, update_epoch: 1, num_batch: 4
[2026-10-10 11:30:28,479][agent.finetune.train_ppo_diffusion_agent][INFO] - approx_kl: 0.0, update_epoch: 1, num_batch: 4
[2026-10-10 11:30:30,118][agent.finetune.train_ppo_diffusion_agent][INFO] - approx_kl: 0.0, update_epoch: 1, num_batch: 4
[2026-10-10 11:30:31,846][agent.finetune.train_ppo_diffusion_agent][INFO] - approx_kl: 0.0, update_epoch: 2, num_batch: 4
[2026-10-10 11:30:33,572][agent.finetune.train_ppo_diffusion_agent][INFO] - approx_kl: 0.0, update_epoch: 2, num_batch: 4
[2026-10-10 11:30:35,398][agent.finetune.train_ppo_diffusion_agent][INFO] - approx_kl: 0.0, update_epoch: 2, num_batch: 4
[2026-10-10 11:30:37,034][agent.finetune.train_ppo_diffusion_agent][INFO] - approx_kl: 0.0, update_epoch: 2, num_batch: 4
[2026-10-10 11:30:38,831][agent.finetune.train_ppo_diffusion_agent][INFO] - approx_kl: 0.0, update_epoch: 3, num_batch: 4
[2026-10-10 11:30:40,588][agent.finetune.train_ppo_diffusion_agent][INFO] - approx_kl: 0.0, update_epoch: 3, num_batch: 4
[2026-10-10 11:30:42,427][agent.finetune.train_ppo_diffusion_agent][INFO] - approx_kl: 0.0, update_epoch: 3, num_batch: 4
[2026-10-10 11:30:44,073][agent.finetune.train_ppo_diffusion_agent][INFO] - approx_kl: 0.0, update_epoch: 3, num_batch: 4
[2026-10-10 11:30:45,803][agent.finetune.train_ppo_diffusion_agent][INFO] - approx_kl: 0.0, update_epoch: 4, num_batch: 4
[2026-10-10 11:30:47,539][agent.finetune.train_ppo_diffusion_agent][INFO] - approx_kl: 0.0, update_epoch: 4, num_batch: 4
[2026-10-10 11:30:49,364][agent.finetune.train_ppo_diffusion_agent][INFO] - approx_kl: 0.0, update_epoch: 4, num_batch: 4
[2026-10-10 11:30:51,012][agent.finetune.train_ppo_diffusion_agent][INFO] - approx_kl: 0.0, update_epoch: 4, num_batch: 4
[2026-10-10 11:30:58,068][agent.finetune.train_ppo_diffusion_agent][INFO] - 86: step  6240000 | loss -2639.2502 | pg loss -2639.3019 | value loss   0.1035 | bc loss   0.0000 | reward 4009.4127 | eta   1.0000 | t: 55.3472 | kl_true_per_action=0.0002515052864267241 | logratio_p99=0.02246040403842925 | clamp_hit_frac=0.0007770833333333333 | actor_step_ratio=1.0 | actor_step_clipfrac=0.0
[2026-10-10 11:30:58,069][agent.finetune.stage3_support][INFO] - STAGE3_METRICS {"J_disc_train": 1414.6130528450053, "J_disc_train_se": 21.910754686057647, "action_oor_frac": 0.1469625, "adv_raw_mean": 1043.5783233414274, "adv_raw_std": 486.0089950413452, "diagnostics_seconds": 0.1283160550519824, "episode_count": 80, "explained_var": 0.5051358044147491, "explained_var_reason": null, "grad_cos_prev": 0.023345033783961164, "grad_cos_prev_reason": null, "grad_norm": 109.09557688071345, "policy_action_oor_frac": 0.14697916666666666, "proj_active": false, "reward_clip_frac": 0.0, "rollout_seconds": 12.754342285101302, "split_diff_sq": 49805.0277937524, "split_dot": -549.4113441304914, "theta_dist": 0.68573872333922, "theta_dist_preproj": 0.68573872333922, "update_norm": 0.017454759098463703, "update_seconds": 42.460542693967, "x0_sat_frac_last": 0.03247154873824839, "x0_sat_frac_mean": 0.0890990974441191}
[2026-10-10 11:31:12,690][agent.finetune.train_ppo_diffusion_agent][INFO] - approx_kl: 0.0, update_epoch: 0, num_batch: 4
[2026-10-10 11:31:14,423][agent.finetune.train_ppo_diffusion_agent][INFO] - approx_kl: 0.0, update_epoch: 0, num_batch: 4
[2026-10-10 11:31:16,235][agent.finetune.train_ppo_diffusion_agent][INFO] - approx_kl: 0.0, update_epoch: 0, num_batch: 4
[2026-10-10 11:31:17,866][agent.finetune.train_ppo_diffusion_agent][INFO] - approx_kl: 0.0, update_epoch: 0, num_batch: 4
[2026-10-10 11:31:19,593][agent.finetune.train_ppo_diffusion_agent][INFO] - approx_kl: 0.0, update_epoch: 1, num_batch: 4
[2026-10-10 11:31:21,425][agent.finetune.train_ppo_diffusion_agent][INFO] - approx_kl: 0.0, update_epoch: 1, num_batch: 4
[2026-10-10 11:31:23,125][agent.finetune.train_ppo_diffusion_agent][INFO] - approx_kl: 0.0, update_epoch: 1, num_batch: 4
[2026-10-10 11:31:24,892][agent.finetune.train_ppo_diffusion_agent][INFO] - approx_kl: 0.0, update_epoch: 1, num_batch: 4
[2026-10-10 11:31:26,651][agent.finetune.train_ppo_diffusion_agent][INFO] - approx_kl: 0.0, update_epoch: 2, num_batch: 4
[2026-10-10 11:31:28,488][agent.finetune.train_ppo_diffusion_agent][INFO] - approx_kl: 0.0, update_epoch: 2, num_batch: 4
[2026-10-10 11:31:30,136][agent.finetune.train_ppo_diffusion_agent][INFO] - approx_kl: 0.0, update_epoch: 2, num_batch: 4
[2026-10-10 11:31:31,875][agent.finetune.train_ppo_diffusion_agent][INFO] - approx_kl: 0.0, update_epoch: 2, num_batch: 4
[2026-10-10 11:31:33,613][agent.finetune.train_ppo_diffusion_agent][INFO] - approx_kl: 0.0, update_epoch: 3, num_batch: 4
[2026-10-10 11:31:35,451][agent.finetune.train_ppo_diffusion_agent][INFO] - approx_kl: 0.0, update_epoch: 3, num_batch: 4
[2026-10-10 11:31:37,130][agent.finetune.train_ppo_diffusion_agent][INFO] - approx_kl: 0.0, update_epoch: 3, num_batch: 4
[2026-10-10 11:31:38,845][agent.finetune.train_ppo_diffusion_agent][INFO] - approx_kl: 0.0, update_epoch: 3, num_batch: 4
[2026-10-10 11:31:40,619][agent.finetune.train_ppo_diffusion_agent][INFO] - approx_kl: 0.0, update_epoch: 4, num_batch: 4
[2026-10-10 11:31:42,451][agent.finetune.train_ppo_diffusion_agent][INFO] - approx_kl: 0.0, update_epoch: 4, num_batch: 4
[2026-10-10 11:31:44,118][agent.finetune.train_ppo_diffusion_agent][INFO] - approx_kl: 0.0, update_epoch: 4, num_batch: 4
[2026-10-10 11:31:45,850][agent.finetune.train_ppo_diffusion_agent][INFO] - approx_kl: 0.0, update_epoch: 4, num_batch: 4
[2026-10-10 11:31:52,868][agent.finetune.train_ppo_diffusion_agent][INFO] - 87: step  6320000 | loss -2629.4990 | pg loss -2629.5518 | value loss   0.1055 | bc loss   0.0000 | reward 4014.6625 | eta   1.0000 | t: 54.7992 | kl_true_per_action=0.00026568289176507665 | logratio_p99=0.02313770294189447 | clamp_hit_frac=0.00079375 | actor_step_ratio=1.0 | actor_step_clipfrac=0.0
[2026-10-10 11:31:52,868][agent.finetune.stage3_support][INFO] - STAGE3_METRICS {"J_disc_train": 1424.1135412069216, "J_disc_train_se": 25.047167397774537, "action_oor_frac": 0.14714791666666666, "adv_raw_mean": 1041.9160446795238, "adv_raw_std": 479.5172242724183, "diagnostics_seconds": 0.11850808805320412, "episode_count": 80, "explained_var": 0.45103925466537476, "explained_var_reason": null, "grad_cos_prev": 0.01078658087045826, "grad_cos_prev_reason": null, "grad_norm": 111.25236095762006, "policy_action_oor_frac": 0.14716666666666667, "proj_active": false, "reward_clip_frac": 0.0, "rollout_seconds": 12.646044592023827, "split_diff_sq": 56126.38401840057, "split_dot": -1654.507492349273, "theta_dist": 0.6895242220814668, "theta_dist_preproj": 0.6895242220814668, "update_norm": 0.01730205572577309, "update_seconds": 42.03038478491362, "x0_sat_frac_last": 0.03424401197604791, "x0_sat_frac_mean": 0.08971292070231535}
[2026-10-10 11:32:07,536][agent.finetune.train_ppo_diffusion_agent][INFO] - approx_kl: 0.0, update_epoch: 0, num_batch: 4
[2026-10-10 11:32:09,349][agent.finetune.train_ppo_diffusion_agent][INFO] - approx_kl: 0.0, update_epoch: 0, num_batch: 4
[2026-10-10 11:32:10,979][agent.finetune.train_ppo_diffusion_agent][INFO] - approx_kl: 0.0, update_epoch: 0, num_batch: 4
[2026-10-10 11:32:12,688][agent.finetune.train_ppo_diffusion_agent][INFO] - approx_kl: 0.0, update_epoch: 0, num_batch: 4
[2026-10-10 11:32:14,417][agent.finetune.train_ppo_diffusion_agent][INFO] - approx_kl: 0.0, update_epoch: 1, num_batch: 4
[2026-10-10 11:32:16,258][agent.finetune.train_ppo_diffusion_agent][INFO] - approx_kl: 0.0, update_epoch: 1, num_batch: 4
[2026-10-10 11:32:17,901][agent.finetune.train_ppo_diffusion_agent][INFO] - approx_kl: 0.0, update_epoch: 1, num_batch: 4
[2026-10-10 11:32:19,641][agent.finetune.train_ppo_diffusion_agent][INFO] - approx_kl: 0.0, update_epoch: 1, num_batch: 4
[2026-10-10 11:32:21,356][agent.finetune.train_ppo_diffusion_agent][INFO] - approx_kl: 0.0, update_epoch: 2, num_batch: 4
[2026-10-10 11:32:23,210][agent.finetune.train_ppo_diffusion_agent][INFO] - approx_kl: 0.0, update_epoch: 2, num_batch: 4
[2026-10-10 11:32:24,852][agent.finetune.train_ppo_diffusion_agent][INFO] - approx_kl: 0.0, update_epoch: 2, num_batch: 4
[2026-10-10 11:32:26,597][agent.finetune.train_ppo_diffusion_agent][INFO] - approx_kl: 0.0, update_epoch: 2, num_batch: 4
[2026-10-10 11:32:28,395][agent.finetune.train_ppo_diffusion_agent][INFO] - approx_kl: 0.0, update_epoch: 3, num_batch: 4
[2026-10-10 11:32:30,282][agent.finetune.train_ppo_diffusion_agent][INFO] - approx_kl: 0.0, update_epoch: 3, num_batch: 4
[2026-10-10 11:32:31,932][agent.finetune.train_ppo_diffusion_agent][INFO] - approx_kl: 0.0, update_epoch: 3, num_batch: 4
[2026-10-10 11:32:33,671][agent.finetune.train_ppo_diffusion_agent][INFO] - approx_kl: 0.0, update_epoch: 3, num_batch: 4
[2026-10-10 11:32:35,407][agent.finetune.train_ppo_diffusion_agent][INFO] - approx_kl: 0.0, update_epoch: 4, num_batch: 4
[2026-10-10 11:32:37,239][agent.finetune.train_ppo_diffusion_agent][INFO] - approx_kl: 0.0, update_epoch: 4, num_batch: 4
[2026-10-10 11:32:38,885][agent.finetune.train_ppo_diffusion_agent][INFO] - approx_kl: 0.0, update_epoch: 4, num_batch: 4
[2026-10-10 11:32:40,620][agent.finetune.train_ppo_diffusion_agent][INFO] - approx_kl: 0.0, update_epoch: 4, num_batch: 4
[2026-10-10 11:32:47,672][agent.finetune.train_ppo_diffusion_agent][INFO] - 88: step  6400000 | loss -2616.4316 | pg loss -2616.4857 | value loss   0.1082 | bc loss   0.0000 | reward 3975.0286 | eta   1.0000 | t: 54.8039 | kl_true_per_action=0.0003464697194689417 | logratio_p99=0.02755348920822141 | clamp_hit_frac=0.00074375 | actor_step_ratio=1.0 | actor_step_clipfrac=0.0
[2026-10-10 11:32:47,672][agent.finetune.stage3_support][INFO] - STAGE3_METRICS {"J_disc_train": 1404.2906877356968, "J_disc_train_se": 24.37325166490778, "action_oor_frac": 0.1475, "adv_raw_mean": 1033.91234143691, "adv_raw_std": 492.0008217465317, "diagnostics_seconds": 0.12357385503128171, "episode_count": 80, "explained_var": 0.5387964248657227, "explained_var_reason": null, "grad_cos_prev": 0.051258075412257624, "grad_cos_prev_reason": null, "grad_norm": 117.36468791120694, "policy_action_oor_frac": 0.1475375, "proj_active": false, "reward_clip_frac": 0.0, "rollout_seconds": 12.648134573013522, "split_diff_sq": 56912.572067220586, "split_dot": -453.67287322838166, "theta_dist": 0.6933393368877103, "theta_dist_preproj": 0.6933393368877103, "update_norm": 0.017643146225822307, "update_seconds": 42.02833720797207, "x0_sat_frac_last": 0.03332503320053121, "x0_sat_frac_mean": 0.08979713214484945}
[2026-10-10 11:33:02,449][agent.finetune.train_ppo_diffusion_agent][INFO] - approx_kl: 0.0, update_epoch: 0, num_batch: 4
[2026-10-10 11:33:04,284][agent.finetune.train_ppo_diffusion_agent][INFO] - approx_kl: 0.0, update_epoch: 0, num_batch: 4
[2026-10-10 11:33:05,906][agent.finetune.train_ppo_diffusion_agent][INFO] - approx_kl: 0.0, update_epoch: 0, num_batch: 4
[2026-10-10 11:33:07,647][agent.finetune.train_ppo_diffusion_agent][INFO] - approx_kl: 0.0, update_epoch: 0, num_batch: 4
[2026-10-10 11:33:09,387][agent.finetune.train_ppo_diffusion_agent][INFO] - approx_kl: 0.0, update_epoch: 1, num_batch: 4
[2026-10-10 11:33:11,233][agent.finetune.train_ppo_diffusion_agent][INFO] - approx_kl: 0.0, update_epoch: 1, num_batch: 4
[2026-10-10 11:33:12,856][agent.finetune.train_ppo_diffusion_agent][INFO] - approx_kl: 0.0, update_epoch: 1, num_batch: 4
[2026-10-10 11:33:14,599][agent.finetune.train_ppo_diffusion_agent][INFO] - approx_kl: 0.0, update_epoch: 1, num_batch: 4
[2026-10-10 11:33:16,311][agent.finetune.train_ppo_diffusion_agent][INFO] - approx_kl: 0.0, update_epoch: 2, num_batch: 4
[2026-10-10 11:33:18,147][agent.finetune.train_ppo_diffusion_agent][INFO] - approx_kl: 0.0, update_epoch: 2, num_batch: 4
[2026-10-10 11:33:19,795][agent.finetune.train_ppo_diffusion_agent][INFO] - approx_kl: 0.0, update_epoch: 2, num_batch: 4
[2026-10-10 11:33:21,511][agent.finetune.train_ppo_diffusion_agent][INFO] - approx_kl: 0.0, update_epoch: 2, num_batch: 4
[2026-10-10 11:33:23,327][agent.finetune.train_ppo_diffusion_agent][INFO] - approx_kl: 0.0, update_epoch: 3, num_batch: 4
[2026-10-10 11:33:25,188][agent.finetune.train_ppo_diffusion_agent][INFO] - approx_kl: 0.0, update_epoch: 3, num_batch: 4
[2026-10-10 11:33:26,837][agent.finetune.train_ppo_diffusion_agent][INFO] - approx_kl: 0.0, update_epoch: 3, num_batch: 4
[2026-10-10 11:33:28,570][agent.finetune.train_ppo_diffusion_agent][INFO] - approx_kl: 0.0, update_epoch: 3, num_batch: 4
[2026-10-10 11:33:30,307][agent.finetune.train_ppo_diffusion_agent][INFO] - approx_kl: 0.0, update_epoch: 4, num_batch: 4
[2026-10-10 11:33:32,144][agent.finetune.train_ppo_diffusion_agent][INFO] - approx_kl: 0.0, update_epoch: 4, num_batch: 4
[2026-10-10 11:33:33,787][agent.finetune.train_ppo_diffusion_agent][INFO] - approx_kl: 0.0, update_epoch: 4, num_batch: 4
[2026-10-10 11:33:35,574][agent.finetune.train_ppo_diffusion_agent][INFO] - approx_kl: 0.0, update_epoch: 4, num_batch: 4
[2026-10-10 11:33:42,631][agent.finetune.train_ppo_diffusion_agent][INFO] - 89: step  6480000 | loss -2573.6995 | pg loss -2573.7535 | value loss   0.1080 | bc loss   0.0000 | reward 3905.2975 | eta   1.0000 | t: 54.9599 | kl_true_per_action=0.0003313726988180666 | logratio_p99=0.026392808556556676 | clamp_hit_frac=0.0008020833333333334 | actor_step_ratio=1.0 | actor_step_clipfrac=0.0
[2026-10-10 11:33:42,632][agent.finetune.stage3_support][INFO] - STAGE3_METRICS {"J_disc_train": 1401.9615355152794, "J_disc_train_se": 24.115524299240846, "action_oor_frac": 0.14472291666666667, "adv_raw_mean": 1006.9422475617774, "adv_raw_std": 509.8001924941025, "diagnostics_seconds": 0.11415888520423323, "episode_count": 80, "explained_var": 0.6133763790130615, "explained_var_reason": null, "grad_cos_prev": -0.05567852850233956, "grad_cos_prev_reason": null, "grad_norm": 113.49151195920804, "policy_action_oor_frac": 0.14474791666666667, "proj_active": false, "reward_clip_frac": 0.0, "rollout_seconds": 12.757111216080375, "split_diff_sq": 52204.184261776056, "split_dot": -170.72279522482344, "theta_dist": 0.6971461179582756, "theta_dist_preproj": 0.6971461179582756, "update_norm": 0.017756571245728246, "update_seconds": 42.0843113247538, "x0_sat_frac_last": 0.034482758620689655, "x0_sat_frac_mean": 0.08866870116319028}
[2026-10-10 11:33:55,325][agent.finetune.train_ppo_diffusion_agent][INFO] - eval: success rate   1.0000 | avg episode reward 4351.2140 | avg best reward   6.4688
[2026-10-10 11:33:55,325][agent.finetune.stage3_support][INFO] - STAGE3_METRICS {"J_disc_eval": 1522.1360025845333, "J_disc_eval_se": 22.18299202667657, "action_oor_frac": 0.0, "diagnostics_seconds": 0.007853712071664631, "episode_count": 80, "policy_action_oor_frac": 0.0, "rollout_seconds": 12.681743255932815, "update_seconds": 0.0}
[2026-10-10 11:34:10,289][agent.finetune.train_ppo_diffusion_agent][INFO] - approx_kl: 0.0, update_epoch: 0, num_batch: 4
[2026-10-10 11:34:12,380][agent.finetune.train_ppo_diffusion_agent][INFO] - approx_kl: 0.0, update_epoch: 0, num_batch: 4
[2026-10-10 11:34:14,188][agent.finetune.train_ppo_diffusion_agent][INFO] - approx_kl: 0.0, update_epoch: 0, num_batch: 4
[2026-10-10 11:34:16,111][agent.finetune.train_ppo_diffusion_agent][INFO] - approx_kl: 0.0, update_epoch: 0, num_batch: 4
[2026-10-10 11:34:18,040][agent.finetune.train_ppo_diffusion_agent][INFO] - approx_kl: 0.0, update_epoch: 1, num_batch: 4
[2026-10-10 11:34:20,290][agent.finetune.train_ppo_diffusion_agent][INFO] - approx_kl: 0.0, update_epoch: 1, num_batch: 4
[2026-10-10 11:34:22,206][agent.finetune.train_ppo_diffusion_agent][INFO] - approx_kl: 0.0, update_epoch: 1, num_batch: 4
[2026-10-10 11:34:24,142][agent.finetune.train_ppo_diffusion_agent][INFO] - approx_kl: 0.0, update_epoch: 1, num_batch: 4
[2026-10-10 11:34:26,180][agent.finetune.train_ppo_diffusion_agent][INFO] - approx_kl: 0.0, update_epoch: 2, num_batch: 4
[2026-10-10 11:34:28,160][agent.finetune.train_ppo_diffusion_agent][INFO] - approx_kl: 0.0, update_epoch: 2, num_batch: 4
[2026-10-10 11:34:29,937][agent.finetune.train_ppo_diffusion_agent][INFO] - approx_kl: 0.0, update_epoch: 2, num_batch: 4
[2026-10-10 11:34:31,814][agent.finetune.train_ppo_diffusion_agent][INFO] - approx_kl: 0.0, update_epoch: 2, num_batch: 4
[2026-10-10 11:34:33,687][agent.finetune.train_ppo_diffusion_agent][INFO] - approx_kl: 0.0, update_epoch: 3, num_batch: 4
[2026-10-10 11:34:35,681][agent.finetune.train_ppo_diffusion_agent][INFO] - approx_kl: 0.0, update_epoch: 3, num_batch: 4
[2026-10-10 11:34:37,480][agent.finetune.train_ppo_diffusion_agent][INFO] - approx_kl: 0.0, update_epoch: 3, num_batch: 4
[2026-10-10 11:34:39,358][agent.finetune.train_ppo_diffusion_agent][INFO] - approx_kl: 0.0, update_epoch: 3, num_batch: 4
[2026-10-10 11:34:41,230][agent.finetune.train_ppo_diffusion_agent][INFO] - approx_kl: 0.0, update_epoch: 4, num_batch: 4
[2026-10-10 11:34:43,224][agent.finetune.train_ppo_diffusion_agent][INFO] - approx_kl: 0.0, update_epoch: 4, num_batch: 4
[2026-10-10 11:34:45,004][agent.finetune.train_ppo_diffusion_agent][INFO] - approx_kl: 0.0, update_epoch: 4, num_batch: 4
[2026-10-10 11:34:46,853][agent.finetune.train_ppo_diffusion_agent][INFO] - approx_kl: 0.0, update_epoch: 4, num_batch: 4
[2026-10-10 11:34:54,385][agent.finetune.train_ppo_diffusion_agent][INFO] - 91: step  6560000 | loss -2580.1646 | pg loss -2580.2182 | value loss   0.1074 | bc loss   0.0000 | reward 3919.3877 | eta   1.0000 | t: 59.0606 | kl_true_per_action=0.0003468453318139675 | logratio_p99=0.02714661002159116 | clamp_hit_frac=0.0008354166666666667 | actor_step_ratio=1.0 | actor_step_clipfrac=0.0
[2026-10-10 11:34:54,386][agent.finetune.stage3_support][INFO] - STAGE3_METRICS {"J_disc_train": 1406.7931973172388, "J_disc_train_se": 22.474160749852047, "action_oor_frac": 0.14528541666666667, "adv_raw_mean": 1010.6649657548309, "adv_raw_std": 491.38728799617286, "diagnostics_seconds": 0.11764044803567231, "episode_count": 80, "explained_var": 0.5801228284835815, "explained_var_reason": null, "grad_cos_prev": -0.035392605258130753, "grad_cos_prev_reason": null, "grad_norm": 113.06151868548797, "policy_action_oor_frac": 0.14530625, "proj_active": false, "reward_clip_frac": 0.0, "rollout_seconds": 12.74193739600014, "split_diff_sq": 53663.46057495951, "split_dot": -632.9590726327538, "theta_dist": 0.7010658244773635, "theta_dist_preproj": 0.7010658244773635, "update_norm": 0.017842225243080292, "update_seconds": 46.196596586029045, "x0_sat_frac_last": 0.03490768216287504, "x0_sat_frac_mean": 0.08910505230634855}
[2026-10-10 11:35:09,623][agent.finetune.train_ppo_diffusion_agent][INFO] - approx_kl: 0.0, update_epoch: 0, num_batch: 4
[2026-10-10 11:35:11,388][agent.finetune.train_ppo_diffusion_agent][INFO] - approx_kl: 0.0, update_epoch: 0, num_batch: 4
[2026-10-10 11:35:13,249][agent.finetune.train_ppo_diffusion_agent][INFO] - approx_kl: 0.0, update_epoch: 0, num_batch: 4
[2026-10-10 11:35:15,114][agent.finetune.train_ppo_diffusion_agent][INFO] - approx_kl: 0.0, update_epoch: 0, num_batch: 4
[2026-10-10 11:35:17,056][agent.finetune.train_ppo_diffusion_agent][INFO] - approx_kl: 0.0, update_epoch: 1, num_batch: 4
[2026-10-10 11:35:18,870][agent.finetune.train_ppo_diffusion_agent][INFO] - approx_kl: 0.0, update_epoch: 1, num_batch: 4
[2026-10-10 11:35:20,769][agent.finetune.train_ppo_diffusion_agent][INFO] - approx_kl: 0.0, update_epoch: 1, num_batch: 4
[2026-10-10 11:35:22,642][agent.finetune.train_ppo_diffusion_agent][INFO] - approx_kl: 0.0, update_epoch: 1, num_batch: 4
[2026-10-10 11:35:24,626][agent.finetune.train_ppo_diffusion_agent][INFO] - approx_kl: 0.0, update_epoch: 2, num_batch: 4
[2026-10-10 11:35:26,395][agent.finetune.train_ppo_diffusion_agent][INFO] - approx_kl: 0.0, update_epoch: 2, num_batch: 4
[2026-10-10 11:35:28,264][agent.finetune.train_ppo_diffusion_agent][INFO] - approx_kl: 0.0, update_epoch: 2, num_batch: 4
[2026-10-10 11:35:30,156][agent.finetune.train_ppo_diffusion_agent][INFO] - approx_kl: 0.0, update_epoch: 2, num_batch: 4
[2026-10-10 11:35:32,170][agent.finetune.train_ppo_diffusion_agent][INFO] - approx_kl: 0.0, update_epoch: 3, num_batch: 4
[2026-10-10 11:35:33,937][agent.finetune.train_ppo_diffusion_agent][INFO] - approx_kl: 0.0, update_epoch: 3, num_batch: 4
[2026-10-10 11:35:35,801][agent.finetune.train_ppo_diffusion_agent][INFO] - approx_kl: 0.0, update_epoch: 3, num_batch: 4
[2026-10-10 11:35:37,660][agent.finetune.train_ppo_diffusion_agent][INFO] - approx_kl: 0.0, update_epoch: 3, num_batch: 4
[2026-10-10 11:35:39,631][agent.finetune.train_ppo_diffusion_agent][INFO] - approx_kl: 0.0, update_epoch: 4, num_batch: 4
[2026-10-10 11:35:41,401][agent.finetune.train_ppo_diffusion_agent][INFO] - approx_kl: 0.0, update_epoch: 4, num_batch: 4
[2026-10-10 11:35:43,289][agent.finetune.train_ppo_diffusion_agent][INFO] - approx_kl: 0.0, update_epoch: 4, num_batch: 4
[2026-10-10 11:35:45,159][agent.finetune.train_ppo_diffusion_agent][INFO] - approx_kl: 0.0, update_epoch: 4, num_batch: 4
[2026-10-10 11:35:52,671][agent.finetune.train_ppo_diffusion_agent][INFO] - 92: step  6640000 | loss -2636.5925 | pg loss -2636.6451 | value loss   0.1052 | bc loss   0.0000 | reward 4024.5815 | eta   1.0000 | t: 58.2851 | kl_true_per_action=0.0002957136720154146 | logratio_p99=0.024792566299438476 | clamp_hit_frac=0.0008020833333333334 | actor_step_ratio=1.0 | actor_step_clipfrac=0.0
[2026-10-10 11:35:52,671][agent.finetune.stage3_support][INFO] - STAGE3_METRICS {"J_disc_train": 1423.6414855752535, "J_disc_train_se": 20.031441211059793, "action_oor_frac": 0.14896666666666666, "adv_raw_mean": 1046.0705814118846, "adv_raw_std": 468.0803634535092, "diagnostics_seconds": 0.11383949604351074, "episode_count": 80, "explained_var": 0.3680134415626526, "explained_var_reason": null, "grad_cos_prev": -0.04230431040506512, "grad_cos_prev_reason": null, "grad_norm": 113.82447565571, "policy_action_oor_frac": 0.14898958333333334, "proj_active": false, "reward_clip_frac": 0.0, "rollout_seconds": 12.979534871992655, "split_diff_sq": 51129.13002349995, "split_dot": 173.72814393932467, "theta_dist": 0.7051016885055238, "theta_dist_preproj": 0.7051016885055238, "update_norm": 0.01765016822323869, "update_seconds": 45.18720512802247, "x0_sat_frac_last": 0.034312499999999996, "x0_sat_frac_mean": 0.0919952776597319}
[2026-10-10 11:36:07,712][agent.finetune.train_ppo_diffusion_agent][INFO] - approx_kl: 0.0, update_epoch: 0, num_batch: 4
[2026-10-10 11:36:09,475][agent.finetune.train_ppo_diffusion_agent][INFO] - approx_kl: 0.0, update_epoch: 0, num_batch: 4
[2026-10-10 11:36:11,341][agent.finetune.train_ppo_diffusion_agent][INFO] - approx_kl: 0.0, update_epoch: 0, num_batch: 4
[2026-10-10 11:36:13,206][agent.finetune.train_ppo_diffusion_agent][INFO] - approx_kl: 0.0, update_epoch: 0, num_batch: 4
[2026-10-10 11:36:15,181][agent.finetune.train_ppo_diffusion_agent][INFO] - approx_kl: 0.0, update_epoch: 1, num_batch: 4
[2026-10-10 11:36:16,997][agent.finetune.train_ppo_diffusion_agent][INFO] - approx_kl: 0.0, update_epoch: 1, num_batch: 4
[2026-10-10 11:36:18,889][agent.finetune.train_ppo_diffusion_agent][INFO] - approx_kl: 0.0, update_epoch: 1, num_batch: 4
[2026-10-10 11:36:20,719][agent.finetune.train_ppo_diffusion_agent][INFO] - approx_kl: 0.0, update_epoch: 1, num_batch: 4
[2026-10-10 11:36:22,713][agent.finetune.train_ppo_diffusion_agent][INFO] - approx_kl: 0.0, update_epoch: 2, num_batch: 4
[2026-10-10 11:36:24,481][agent.finetune.train_ppo_diffusion_agent][INFO] - approx_kl: 0.0, update_epoch: 2, num_batch: 4
[2026-10-10 11:36:26,341][agent.finetune.train_ppo_diffusion_agent][INFO] - approx_kl: 0.0, update_epoch: 2, num_batch: 4
[2026-10-10 11:36:28,229][agent.finetune.train_ppo_diffusion_agent][INFO] - approx_kl: 0.0, update_epoch: 2, num_batch: 4
[2026-10-10 11:36:30,236][agent.finetune.train_ppo_diffusion_agent][INFO] - approx_kl: 0.0, update_epoch: 3, num_batch: 4
[2026-10-10 11:36:32,001][agent.finetune.train_ppo_diffusion_agent][INFO] - approx_kl: 0.0, update_epoch: 3, num_batch: 4
[2026-10-10 11:36:33,876][agent.finetune.train_ppo_diffusion_agent][INFO] - approx_kl: 0.0, update_epoch: 3, num_batch: 4
[2026-10-10 11:36:35,740][agent.finetune.train_ppo_diffusion_agent][INFO] - approx_kl: 0.0, update_epoch: 3, num_batch: 4
[2026-10-10 11:36:37,711][agent.finetune.train_ppo_diffusion_agent][INFO] - approx_kl: 0.0, update_epoch: 4, num_batch: 4
[2026-10-10 11:36:39,473][agent.finetune.train_ppo_diffusion_agent][INFO] - approx_kl: 0.0, update_epoch: 4, num_batch: 4
[2026-10-10 11:36:41,347][agent.finetune.train_ppo_diffusion_agent][INFO] - approx_kl: 0.0, update_epoch: 4, num_batch: 4
[2026-10-10 11:36:43,257][agent.finetune.train_ppo_diffusion_agent][INFO] - approx_kl: 0.0, update_epoch: 4, num_batch: 4
[2026-10-10 11:36:50,742][agent.finetune.train_ppo_diffusion_agent][INFO] - 93: step  6720000 | loss -2712.7219 | pg loss -2712.7751 | value loss   0.1066 | bc loss   0.0000 | reward 4123.0826 | eta   1.0000 | t: 58.0717 | kl_true_per_action=0.0003247025649832948 | logratio_p99=0.025695931911468503 | clamp_hit_frac=0.00083125 | actor_step_ratio=1.0 | actor_step_clipfrac=0.0
[2026-10-10 11:36:50,742][agent.finetune.stage3_support][INFO] - STAGE3_METRICS {"J_disc_train": 1447.6607377742384, "J_disc_train_se": 22.829284758960146, "action_oor_frac": 0.15023125, "adv_raw_mean": 1075.9593975857467, "adv_raw_std": 478.7798350158265, "diagnostics_seconds": 0.12492935103364289, "episode_count": 80, "explained_var": 0.4090353846549988, "explained_var_reason": null, "grad_cos_prev": 0.027226332268000062, "grad_cos_prev_reason": null, "grad_norm": 120.73232580005363, "policy_action_oor_frac": 0.15025416666666666, "proj_active": false, "reward_clip_frac": 0.0, "rollout_seconds": 12.76243651099503, "split_diff_sq": 52635.18663838192, "split_dot": 1417.4974015621829, "theta_dist": 0.7089421878802643, "theta_dist_preproj": 0.7089421878802643, "update_norm": 0.01765187507705611, "update_seconds": 45.18003706994932, "x0_sat_frac_last": 0.03528801245459263, "x0_sat_frac_mean": 0.09318903519076158}
[2026-10-10 11:37:05,968][agent.finetune.train_ppo_diffusion_agent][INFO] - approx_kl: 0.0, update_epoch: 0, num_batch: 4
[2026-10-10 11:37:07,719][agent.finetune.train_ppo_diffusion_agent][INFO] - approx_kl: 0.0, update_epoch: 0, num_batch: 4
[2026-10-10 11:37:09,580][agent.finetune.train_ppo_diffusion_agent][INFO] - approx_kl: 0.0, update_epoch: 0, num_batch: 4
[2026-10-10 11:37:11,549][agent.finetune.train_ppo_diffusion_agent][INFO] - approx_kl: 0.0, update_epoch: 0, num_batch: 4
[2026-10-10 11:37:13,280][agent.finetune.train_ppo_diffusion_agent][INFO] - approx_kl: 0.0, update_epoch: 1, num_batch: 4
[2026-10-10 11:37:15,179][agent.finetune.train_ppo_diffusion_agent][INFO] - approx_kl: 0.0, update_epoch: 1, num_batch: 4
[2026-10-10 11:37:17,055][agent.finetune.train_ppo_diffusion_agent][INFO] - approx_kl: 0.0, update_epoch: 1, num_batch: 4
[2026-10-10 11:37:19,033][agent.finetune.train_ppo_diffusion_agent][INFO] - approx_kl: 0.0, update_epoch: 1, num_batch: 4
[2026-10-10 11:37:20,763][agent.finetune.train_ppo_diffusion_agent][INFO] - approx_kl: 0.0, update_epoch: 2, num_batch: 4
[2026-10-10 11:37:22,651][agent.finetune.train_ppo_diffusion_agent][INFO] - approx_kl: 0.0, update_epoch: 2, num_batch: 4
[2026-10-10 11:37:24,515][agent.finetune.train_ppo_diffusion_agent][INFO] - approx_kl: 0.0, update_epoch: 2, num_batch: 4
[2026-10-10 11:37:26,545][agent.finetune.train_ppo_diffusion_agent][INFO] - approx_kl: 0.0, update_epoch: 2, num_batch: 4
[2026-10-10 11:37:28,335][agent.finetune.train_ppo_diffusion_agent][INFO] - approx_kl: 0.0, update_epoch: 3, num_batch: 4
[2026-10-10 11:37:30,227][agent.finetune.train_ppo_diffusion_agent][INFO] - approx_kl: 0.0, update_epoch: 3, num_batch: 4
[2026-10-10 11:37:32,088][agent.finetune.train_ppo_diffusion_agent][INFO] - approx_kl: 0.0, update_epoch: 3, num_batch: 4
[2026-10-10 11:37:34,061][agent.finetune.train_ppo_diffusion_agent][INFO] - approx_kl: 0.0, update_epoch: 3, num_batch: 4
[2026-10-10 11:37:35,822][agent.finetune.train_ppo_diffusion_agent][INFO] - approx_kl: 0.0, update_epoch: 4, num_batch: 4
[2026-10-10 11:37:37,678][agent.finetune.train_ppo_diffusion_agent][INFO] - approx_kl: 0.0, update_epoch: 4, num_batch: 4
[2026-10-10 11:37:39,539][agent.finetune.train_ppo_diffusion_agent][INFO] - approx_kl: 0.0, update_epoch: 4, num_batch: 4
[2026-10-10 11:37:41,541][agent.finetune.train_ppo_diffusion_agent][INFO] - approx_kl: 0.0, update_epoch: 4, num_batch: 4
[2026-10-10 11:37:49,054][agent.finetune.train_ppo_diffusion_agent][INFO] - 94: step  6800000 | loss -2644.2458 | pg loss -2644.2994 | value loss   0.1067 | bc loss   0.0000 | reward 4027.1910 | eta   1.0000 | t: 58.3119 | kl_true_per_action=0.0003741656523152439 | logratio_p99=0.028046016693115215 | clamp_hit_frac=0.0008229166666666667 | actor_step_ratio=1.0 | actor_step_clipfrac=0.0
[2026-10-10 11:37:49,054][agent.finetune.stage3_support][INFO] - STAGE3_METRICS {"J_disc_train": 1417.051252378115, "J_disc_train_se": 24.09238528475997, "action_oor_frac": 0.14939166666666667, "adv_raw_mean": 1049.7240985344063, "adv_raw_std": 478.6778095094724, "diagnostics_seconds": 0.12185736512765288, "episode_count": 80, "explained_var": 0.46937239170074463, "explained_var_reason": null, "grad_cos_prev": -0.026835876688345667, "grad_cos_prev_reason": null, "grad_norm": 115.96136586962102, "policy_action_oor_frac": 0.14941458333333332, "proj_active": false, "reward_clip_frac": 0.0, "rollout_seconds": 12.992112255073152, "split_diff_sq": 52758.53668293374, "split_dot": 257.40420619519, "theta_dist": 0.712639725402911, "theta_dist_preproj": 0.712639725402911, "update_norm": 0.01788869788323862, "update_seconds": 45.19409111677669, "x0_sat_frac_last": 0.036979937510277915, "x0_sat_frac_mean": 0.09260215576041204}
[2026-10-10 11:38:03,896][agent.finetune.train_ppo_diffusion_agent][INFO] - approx_kl: 0.0, update_epoch: 0, num_batch: 4
[2026-10-10 11:38:05,751][agent.finetune.train_ppo_diffusion_agent][INFO] - approx_kl: 0.0, update_epoch: 0, num_batch: 4
[2026-10-10 11:38:07,604][agent.finetune.train_ppo_diffusion_agent][INFO] - approx_kl: 0.0, update_epoch: 0, num_batch: 4
[2026-10-10 11:38:09,564][agent.finetune.train_ppo_diffusion_agent][INFO] - approx_kl: 0.0, update_epoch: 0, num_batch: 4
[2026-10-10 11:38:11,318][agent.finetune.train_ppo_diffusion_agent][INFO] - approx_kl: 0.0, update_epoch: 1, num_batch: 4
[2026-10-10 11:38:13,154][agent.finetune.train_ppo_diffusion_agent][INFO] - approx_kl: 0.0, update_epoch: 1, num_batch: 4
[2026-10-10 11:38:15,004][agent.finetune.train_ppo_diffusion_agent][INFO] - approx_kl: 0.0, update_epoch: 1, num_batch: 4
[2026-10-10 11:38:16,952][agent.finetune.train_ppo_diffusion_agent][INFO] - approx_kl: 0.0, update_epoch: 1, num_batch: 4
[2026-10-10 11:38:18,745][agent.finetune.train_ppo_diffusion_agent][INFO] - approx_kl: 0.0, update_epoch: 2, num_batch: 4
[2026-10-10 11:38:20,612][agent.finetune.train_ppo_diffusion_agent][INFO] - approx_kl: 0.0, update_epoch: 2, num_batch: 4
[2026-10-10 11:38:22,471][agent.finetune.train_ppo_diffusion_agent][INFO] - approx_kl: 0.0, update_epoch: 2, num_batch: 4
[2026-10-10 11:38:24,444][agent.finetune.train_ppo_diffusion_agent][INFO] - approx_kl: 0.0, update_epoch: 2, num_batch: 4
[2026-10-10 11:38:26,209][agent.finetune.train_ppo_diffusion_agent][INFO] - approx_kl: 0.0, update_epoch: 3, num_batch: 4
[2026-10-10 11:38:28,070][agent.finetune.train_ppo_diffusion_agent][INFO] - approx_kl: 0.0, update_epoch: 3, num_batch: 4
[2026-10-10 11:38:29,941][agent.finetune.train_ppo_diffusion_agent][INFO] - approx_kl: 0.0, update_epoch: 3, num_batch: 4
[2026-10-10 11:38:32,006][agent.finetune.train_ppo_diffusion_agent][INFO] - approx_kl: 0.0, update_epoch: 3, num_batch: 4
[2026-10-10 11:38:33,773][agent.finetune.train_ppo_diffusion_agent][INFO] - approx_kl: 0.0, update_epoch: 4, num_batch: 4
[2026-10-10 11:38:35,645][agent.finetune.train_ppo_diffusion_agent][INFO] - approx_kl: 0.0, update_epoch: 4, num_batch: 4
[2026-10-10 11:38:37,504][agent.finetune.train_ppo_diffusion_agent][INFO] - approx_kl: 0.0, update_epoch: 4, num_batch: 4
[2026-10-10 11:38:39,472][agent.finetune.train_ppo_diffusion_agent][INFO] - approx_kl: 0.0, update_epoch: 4, num_batch: 4
[2026-10-10 11:38:46,996][agent.finetune.train_ppo_diffusion_agent][INFO] - 95: step  6880000 | loss -2672.6548 | pg loss -2672.7086 | value loss   0.1075 | bc loss   0.0000 | reward 4053.4216 | eta   1.0000 | t: 57.9418 | kl_true_per_action=0.0003614896661979205 | logratio_p99=0.027586725950241066 | clamp_hit_frac=0.0007145833333333333 | actor_step_ratio=1.0 | actor_step_clipfrac=0.0
[2026-10-10 11:38:46,996][agent.finetune.stage3_support][INFO] - STAGE3_METRICS {"J_disc_train": 1437.1562124691202, "J_disc_train_se": 27.512040652868297, "action_oor_frac": 0.14913333333333334, "adv_raw_mean": 1052.2547681396331, "adv_raw_std": 495.8073695090812, "diagnostics_seconds": 0.11659164086449891, "episode_count": 80, "explained_var": 0.49197185039520264, "explained_var_reason": null, "grad_cos_prev": 0.03267786536823493, "grad_cos_prev_reason": null, "grad_norm": 122.28655811664399, "policy_action_oor_frac": 0.14915833333333334, "proj_active": false, "reward_clip_frac": 0.0, "rollout_seconds": 12.875074542011134, "split_diff_sq": 58976.54984548419, "split_dot": 209.86343507305241, "theta_dist": 0.7162973122940738, "theta_dist_preproj": 0.7162973122940738, "update_norm": 0.017902538853167293, "update_seconds": 44.94551245612092, "x0_sat_frac_last": 0.034121227280306816, "x0_sat_frac_mean": 0.09302037300534245}
[2026-10-10 11:39:02,005][agent.finetune.train_ppo_diffusion_agent][INFO] - approx_kl: 0.0, update_epoch: 0, num_batch: 4
[2026-10-10 11:39:03,831][agent.finetune.train_ppo_diffusion_agent][INFO] - approx_kl: 0.0, update_epoch: 0, num_batch: 4
[2026-10-10 11:39:05,665][agent.finetune.train_ppo_diffusion_agent][INFO] - approx_kl: 0.0, update_epoch: 0, num_batch: 4
[2026-10-10 11:39:07,634][agent.finetune.train_ppo_diffusion_agent][INFO] - approx_kl: 0.0, update_epoch: 0, num_batch: 4
[2026-10-10 11:39:09,391][agent.finetune.train_ppo_diffusion_agent][INFO] - approx_kl: 0.0, update_epoch: 1, num_batch: 4
[2026-10-10 11:39:11,239][agent.finetune.train_ppo_diffusion_agent][INFO] - approx_kl: 0.0, update_epoch: 1, num_batch: 4
[2026-10-10 11:39:13,091][agent.finetune.train_ppo_diffusion_agent][INFO] - approx_kl: 0.0, update_epoch: 1, num_batch: 4
[2026-10-10 11:39:15,026][agent.finetune.train_ppo_diffusion_agent][INFO] - approx_kl: 0.0, update_epoch: 1, num_batch: 4
[2026-10-10 11:39:16,774][agent.finetune.train_ppo_diffusion_agent][INFO] - approx_kl: 0.0, update_epoch: 2, num_batch: 4
[2026-10-10 11:39:18,626][agent.finetune.train_ppo_diffusion_agent][INFO] - approx_kl: 0.0, update_epoch: 2, num_batch: 4
[2026-10-10 11:39:20,455][agent.finetune.train_ppo_diffusion_agent][INFO] - approx_kl: 0.0, update_epoch: 2, num_batch: 4
[2026-10-10 11:39:22,438][agent.finetune.train_ppo_diffusion_agent][INFO] - approx_kl: 0.0, update_epoch: 2, num_batch: 4
[2026-10-10 11:39:24,191][agent.finetune.train_ppo_diffusion_agent][INFO] - approx_kl: 0.0, update_epoch: 3, num_batch: 4
[2026-10-10 11:39:26,046][agent.finetune.train_ppo_diffusion_agent][INFO] - approx_kl: 0.0, update_epoch: 3, num_batch: 4
[2026-10-10 11:39:27,897][agent.finetune.train_ppo_diffusion_agent][INFO] - approx_kl: 0.0, update_epoch: 3, num_batch: 4
[2026-10-10 11:39:29,858][agent.finetune.train_ppo_diffusion_agent][INFO] - approx_kl: 0.0, update_epoch: 3, num_batch: 4
[2026-10-10 11:39:31,610][agent.finetune.train_ppo_diffusion_agent][INFO] - approx_kl: 0.0, update_epoch: 4, num_batch: 4
[2026-10-10 11:39:33,460][agent.finetune.train_ppo_diffusion_agent][INFO] - approx_kl: 0.0, update_epoch: 4, num_batch: 4
[2026-10-10 11:39:35,360][agent.finetune.train_ppo_diffusion_agent][INFO] - approx_kl: 0.0, update_epoch: 4, num_batch: 4
[2026-10-10 11:39:37,361][agent.finetune.train_ppo_diffusion_agent][INFO] - approx_kl: 0.0, update_epoch: 4, num_batch: 4
[2026-10-10 11:39:44,841][agent.finetune.train_ppo_diffusion_agent][INFO] - 96: step  6960000 | loss -2648.6143 | pg loss -2648.6677 | value loss   0.1071 | bc loss   0.0000 | reward 4030.0310 | eta   1.0000 | t: 57.8450 | kl_true_per_action=0.0003464964540471072 | logratio_p99=0.027610637545585577 | clamp_hit_frac=0.00074375 | actor_step_ratio=1.0 | actor_step_clipfrac=0.0
[2026-10-10 11:39:44,841][agent.finetune.stage3_support][INFO] - STAGE3_METRICS {"J_disc_train": 1411.358297369855, "J_disc_train_se": 21.370798021950762, "action_oor_frac": 0.14949166666666666, "adv_raw_mean": 1053.1145061490238, "adv_raw_std": 466.7959923155577, "diagnostics_seconds": 0.11316969792824239, "episode_count": 80, "explained_var": 0.39741992950439453, "explained_var_reason": null, "grad_cos_prev": -0.07695756422255266, "grad_cos_prev_reason": null, "grad_norm": 113.12208156625637, "policy_action_oor_frac": 0.14952916666666666, "proj_active": false, "reward_clip_frac": 0.0, "rollout_seconds": 13.04788302804809, "split_diff_sq": 59619.84597022449, "split_dot": -2108.3559477566946, "theta_dist": 0.7200483132439233, "theta_dist_preproj": 0.7200483132439233, "update_norm": 0.017900184313131267, "update_seconds": 44.67970401013736, "x0_sat_frac_last": 0.03652083333333333, "x0_sat_frac_mean": 0.09317269885938087}
[2026-10-10 11:39:59,806][agent.finetune.train_ppo_diffusion_agent][INFO] - approx_kl: 0.0, update_epoch: 0, num_batch: 4
[2026-10-10 11:40:01,608][agent.finetune.train_ppo_diffusion_agent][INFO] - approx_kl: 0.0, update_epoch: 0, num_batch: 4
[2026-10-10 11:40:03,407][agent.finetune.train_ppo_diffusion_agent][INFO] - approx_kl: 0.0, update_epoch: 0, num_batch: 4
[2026-10-10 11:40:05,355][agent.finetune.train_ppo_diffusion_agent][INFO] - approx_kl: 0.0, update_epoch: 0, num_batch: 4
[2026-10-10 11:40:07,023][agent.finetune.train_ppo_diffusion_agent][INFO] - approx_kl: 0.0, update_epoch: 1, num_batch: 4
[2026-10-10 11:40:08,817][agent.finetune.train_ppo_diffusion_agent][INFO] - approx_kl: 0.0, update_epoch: 1, num_batch: 4
[2026-10-10 11:40:10,625][agent.finetune.train_ppo_diffusion_agent][INFO] - approx_kl: 0.0, update_epoch: 1, num_batch: 4
[2026-10-10 11:40:12,753][agent.finetune.train_ppo_diffusion_agent][INFO] - approx_kl: 0.0, update_epoch: 1, num_batch: 4
[2026-10-10 11:40:14,526][agent.finetune.train_ppo_diffusion_agent][INFO] - approx_kl: 0.0, update_epoch: 2, num_batch: 4
[2026-10-10 11:40:16,363][agent.finetune.train_ppo_diffusion_agent][INFO] - approx_kl: 0.0, update_epoch: 2, num_batch: 4
[2026-10-10 11:40:18,215][agent.finetune.train_ppo_diffusion_agent][INFO] - approx_kl: 0.0, update_epoch: 2, num_batch: 4
[2026-10-10 11:40:20,191][agent.finetune.train_ppo_diffusion_agent][INFO] - approx_kl: 0.0, update_epoch: 2, num_batch: 4
[2026-10-10 11:40:21,969][agent.finetune.train_ppo_diffusion_agent][INFO] - approx_kl: 0.0, update_epoch: 3, num_batch: 4
[2026-10-10 11:40:23,847][agent.finetune.train_ppo_diffusion_agent][INFO] - approx_kl: 0.0, update_epoch: 3, num_batch: 4
[2026-10-10 11:40:25,777][agent.finetune.train_ppo_diffusion_agent][INFO] - approx_kl: 0.0, update_epoch: 3, num_batch: 4
[2026-10-10 11:40:27,775][agent.finetune.train_ppo_diffusion_agent][INFO] - approx_kl: 0.0, update_epoch: 3, num_batch: 4
[2026-10-10 11:40:29,553][agent.finetune.train_ppo_diffusion_agent][INFO] - approx_kl: 0.0, update_epoch: 4, num_batch: 4
[2026-10-10 11:40:31,440][agent.finetune.train_ppo_diffusion_agent][INFO] - approx_kl: 0.0, update_epoch: 4, num_batch: 4
[2026-10-10 11:40:33,306][agent.finetune.train_ppo_diffusion_agent][INFO] - approx_kl: 0.0, update_epoch: 4, num_batch: 4
[2026-10-10 11:40:35,278][agent.finetune.train_ppo_diffusion_agent][INFO] - approx_kl: 0.0, update_epoch: 4, num_batch: 4
[2026-10-10 11:40:42,971][agent.finetune.train_ppo_diffusion_agent][INFO] - 97: step  7040000 | loss -2711.4319 | pg loss -2711.4864 | value loss   0.1090 | bc loss   0.0000 | reward 4117.8315 | eta   1.0000 | t: 58.1302 | kl_true_per_action=0.00031178121981610387 | logratio_p99=0.026188671588897657 | clamp_hit_frac=0.0008604166666666667 | actor_step_ratio=1.0 | actor_step_clipfrac=0.0
[2026-10-10 11:40:42,971][agent.finetune.stage3_support][INFO] - STAGE3_METRICS {"J_disc_train": 1446.4220739468506, "J_disc_train_se": 19.037704076481496, "action_oor_frac": 0.15119791666666665, "adv_raw_mean": 1074.3494657623667, "adv_raw_std": 473.45812549539767, "diagnostics_seconds": 0.13822856987826526, "episode_count": 80, "explained_var": 0.3606715202331543, "explained_var_reason": null, "grad_cos_prev": 0.02815312785317192, "grad_cos_prev_reason": null, "grad_norm": 116.0701815678229, "policy_action_oor_frac": 0.151225, "proj_active": false, "reward_clip_frac": 0.0, "rollout_seconds": 13.027154212002642, "split_diff_sq": 57007.926182735195, "split_dot": -779.6940434911719, "theta_dist": 0.7237453391516557, "theta_dist_preproj": 0.7237453391516557, "update_norm": 0.017840099114691633, "update_seconds": 44.960911717033014, "x0_sat_frac_last": 0.037911033216491405, "x0_sat_frac_mean": 0.09435756804818024}
[2026-10-10 11:40:57,965][agent.finetune.train_ppo_diffusion_agent][INFO] - approx_kl: 0.0, update_epoch: 0, num_batch: 4
[2026-10-10 11:40:59,787][agent.finetune.train_ppo_diffusion_agent][INFO] - approx_kl: 0.0, update_epoch: 0, num_batch: 4
[2026-10-10 11:41:01,792][agent.finetune.train_ppo_diffusion_agent][INFO] - approx_kl: 0.0, update_epoch: 0, num_batch: 4
[2026-10-10 11:41:03,548][agent.finetune.train_ppo_diffusion_agent][INFO] - approx_kl: 0.0, update_epoch: 0, num_batch: 4
[2026-10-10 11:41:05,398][agent.finetune.train_ppo_diffusion_agent][INFO] - approx_kl: 0.0, update_epoch: 1, num_batch: 4
[2026-10-10 11:41:07,249][agent.finetune.train_ppo_diffusion_agent][INFO] - approx_kl: 0.0, update_epoch: 1, num_batch: 4
[2026-10-10 11:41:09,202][agent.finetune.train_ppo_diffusion_agent][INFO] - approx_kl: 0.0, update_epoch: 1, num_batch: 4
[2026-10-10 11:41:10,954][agent.finetune.train_ppo_diffusion_agent][INFO] - approx_kl: 0.0, update_epoch: 1, num_batch: 4
[2026-10-10 11:41:12,779][agent.finetune.train_ppo_diffusion_agent][INFO] - approx_kl: 0.0, update_epoch: 2, num_batch: 4
[2026-10-10 11:41:14,624][agent.finetune.train_ppo_diffusion_agent][INFO] - approx_kl: 0.0, update_epoch: 2, num_batch: 4
[2026-10-10 11:41:16,585][agent.finetune.train_ppo_diffusion_agent][INFO] - approx_kl: 0.0, update_epoch: 2, num_batch: 4
[2026-10-10 11:41:18,363][agent.finetune.train_ppo_diffusion_agent][INFO] - approx_kl: 0.0, update_epoch: 2, num_batch: 4
[2026-10-10 11:41:20,217][agent.finetune.train_ppo_diffusion_agent][INFO] - approx_kl: 0.0, update_epoch: 3, num_batch: 4
[2026-10-10 11:41:22,069][agent.finetune.train_ppo_diffusion_agent][INFO] - approx_kl: 0.0, update_epoch: 3, num_batch: 4
[2026-10-10 11:41:24,021][agent.finetune.train_ppo_diffusion_agent][INFO] - approx_kl: 0.0, update_epoch: 3, num_batch: 4
[2026-10-10 11:41:25,774][agent.finetune.train_ppo_diffusion_agent][INFO] - approx_kl: 0.0, update_epoch: 3, num_batch: 4
[2026-10-10 11:41:27,666][agent.finetune.train_ppo_diffusion_agent][INFO] - approx_kl: 0.0, update_epoch: 4, num_batch: 4
[2026-10-10 11:41:29,533][agent.finetune.train_ppo_diffusion_agent][INFO] - approx_kl: 0.0, update_epoch: 4, num_batch: 4
[2026-10-10 11:41:31,498][agent.finetune.train_ppo_diffusion_agent][INFO] - approx_kl: 0.0, update_epoch: 4, num_batch: 4
[2026-10-10 11:41:33,247][agent.finetune.train_ppo_diffusion_agent][INFO] - approx_kl: 0.0, update_epoch: 4, num_batch: 4
[2026-10-10 11:41:40,684][agent.finetune.train_ppo_diffusion_agent][INFO] - 98: step  7120000 | loss -2720.4863 | pg loss -2720.5399 | value loss   0.1070 | bc loss   0.0000 | reward 4139.8738 | eta   1.0000 | t: 57.7129 | kl_true_per_action=0.0003224779097151007 | logratio_p99=0.026286211609840352 | clamp_hit_frac=0.0008479166666666666 | actor_step_ratio=1.0 | actor_step_clipfrac=0.0
[2026-10-10 11:41:40,684][agent.finetune.stage3_support][INFO] - STAGE3_METRICS {"J_disc_train": 1461.009338208693, "J_disc_train_se": 15.037500787110487, "action_oor_frac": 0.15310625, "adv_raw_mean": 1077.3898106628037, "adv_raw_std": 460.6902119250766, "diagnostics_seconds": 0.1222905331524089, "episode_count": 80, "explained_var": 0.3045538067817688, "explained_var_reason": null, "grad_cos_prev": 0.03258566505955191, "grad_cos_prev_reason": null, "grad_norm": 119.78278104998864, "policy_action_oor_frac": 0.15314583333333334, "proj_active": false, "reward_clip_frac": 0.0, "rollout_seconds": 13.007415583939292, "split_diff_sq": 57378.56205764391, "split_dot": 3.273582981565255, "theta_dist": 0.7272084966809839, "theta_dist_preproj": 0.7272084966809839, "update_norm": 0.017902368439968713, "update_seconds": 44.579334831913, "x0_sat_frac_last": 0.03739263296993723, "x0_sat_frac_mean": 0.09610342346855966}
[2026-10-10 11:41:55,812][agent.finetune.train_ppo_diffusion_agent][INFO] - approx_kl: 0.0, update_epoch: 0, num_batch: 4
[2026-10-10 11:41:57,677][agent.finetune.train_ppo_diffusion_agent][INFO] - approx_kl: 0.0, update_epoch: 0, num_batch: 4
[2026-10-10 11:41:59,621][agent.finetune.train_ppo_diffusion_agent][INFO] - approx_kl: 0.0, update_epoch: 0, num_batch: 4
[2026-10-10 11:42:01,380][agent.finetune.train_ppo_diffusion_agent][INFO] - approx_kl: 0.0, update_epoch: 0, num_batch: 4
[2026-10-10 11:42:03,244][agent.finetune.train_ppo_diffusion_agent][INFO] - approx_kl: 0.0, update_epoch: 1, num_batch: 4
[2026-10-10 11:42:05,104][agent.finetune.train_ppo_diffusion_agent][INFO] - approx_kl: 0.0, update_epoch: 1, num_batch: 4
[2026-10-10 11:42:07,052][agent.finetune.train_ppo_diffusion_agent][INFO] - approx_kl: 0.0, update_epoch: 1, num_batch: 4
[2026-10-10 11:42:08,793][agent.finetune.train_ppo_diffusion_agent][INFO] - approx_kl: 0.0, update_epoch: 1, num_batch: 4
[2026-10-10 11:42:10,653][agent.finetune.train_ppo_diffusion_agent][INFO] - approx_kl: 0.0, update_epoch: 2, num_batch: 4
[2026-10-10 11:42:12,482][agent.finetune.train_ppo_diffusion_agent][INFO] - approx_kl: 0.0, update_epoch: 2, num_batch: 4
[2026-10-10 11:42:14,448][agent.finetune.train_ppo_diffusion_agent][INFO] - approx_kl: 0.0, update_epoch: 2, num_batch: 4
[2026-10-10 11:42:16,212][agent.finetune.train_ppo_diffusion_agent][INFO] - approx_kl: 0.0, update_epoch: 2, num_batch: 4
[2026-10-10 11:42:18,053][agent.finetune.train_ppo_diffusion_agent][INFO] - approx_kl: 0.0, update_epoch: 3, num_batch: 4
[2026-10-10 11:42:19,890][agent.finetune.train_ppo_diffusion_agent][INFO] - approx_kl: 0.0, update_epoch: 3, num_batch: 4
[2026-10-10 11:42:21,827][agent.finetune.train_ppo_diffusion_agent][INFO] - approx_kl: 0.0, update_epoch: 3, num_batch: 4
[2026-10-10 11:42:23,607][agent.finetune.train_ppo_diffusion_agent][INFO] - approx_kl: 0.0, update_epoch: 3, num_batch: 4
[2026-10-10 11:42:25,465][agent.finetune.train_ppo_diffusion_agent][INFO] - approx_kl: 0.0, update_epoch: 4, num_batch: 4
[2026-10-10 11:42:27,327][agent.finetune.train_ppo_diffusion_agent][INFO] - approx_kl: 0.0, update_epoch: 4, num_batch: 4
[2026-10-10 11:42:29,304][agent.finetune.train_ppo_diffusion_agent][INFO] - approx_kl: 0.0, update_epoch: 4, num_batch: 4
[2026-10-10 11:42:31,067][agent.finetune.train_ppo_diffusion_agent][INFO] - approx_kl: 0.0, update_epoch: 4, num_batch: 4
[2026-10-10 11:42:38,572][agent.finetune.train_ppo_diffusion_agent][INFO] - 99: step  7200000 | loss -2624.3799 | pg loss -2624.4325 | value loss   0.1054 | bc loss   0.0000 | reward 3992.6286 | eta   1.0000 | t: 57.8877 | kl_true_per_action=0.000366570072488371 | logratio_p99=0.028262051343917804 | clamp_hit_frac=0.0007395833333333333 | actor_step_ratio=1.0 | actor_step_clipfrac=0.0
[2026-10-10 11:42:38,572][agent.finetune.stage3_support][INFO] - STAGE3_METRICS {"J_disc_train": 1415.8498855900655, "J_disc_train_se": 29.62353851347934, "action_oor_frac": 0.14846875, "adv_raw_mean": 1036.3748965313316, "adv_raw_std": 506.40762427105716, "diagnostics_seconds": 0.11325684282928705, "episode_count": 80, "explained_var": 0.5863426625728607, "explained_var_reason": null, "grad_cos_prev": -0.003912407044189894, "grad_cos_prev_reason": null, "grad_norm": 118.75759839396792, "policy_action_oor_frac": 0.14849583333333333, "proj_active": false, "reward_clip_frac": 0.0, "rollout_seconds": 13.068835860001855, "split_diff_sq": 67254.81481920762, "split_dot": -2710.3374419221564, "theta_dist": 0.7308848962459434, "theta_dist_preproj": 0.7308848962459434, "update_norm": 0.018099177329539515, "update_seconds": 44.700338839087635, "x0_sat_frac_last": 0.03725614927905004, "x0_sat_frac_mean": 0.09338833321864899}
[2026-10-10 11:42:51,508][agent.finetune.train_ppo_diffusion_agent][INFO] - eval: success rate   1.0000 | avg episode reward 4443.2610 | avg best reward   6.5345
[2026-10-10 11:42:51,509][agent.finetune.stage3_support][INFO] - STAGE3_METRICS {"J_disc_eval": 1562.9464091829243, "J_disc_eval_se": 13.811047158543511, "action_oor_frac": 0.0, "diagnostics_seconds": 0.003674791078083217, "episode_count": 80, "policy_action_oor_frac": 0.0, "rollout_seconds": 12.928278374951333, "update_seconds": 0.0}
[2026-10-10 11:43:06,652][agent.finetune.train_ppo_diffusion_agent][INFO] - approx_kl: 0.0, update_epoch: 0, num_batch: 4
[2026-10-10 11:43:08,544][agent.finetune.train_ppo_diffusion_agent][INFO] - approx_kl: 0.0, update_epoch: 0, num_batch: 4
[2026-10-10 11:43:10,518][agent.finetune.train_ppo_diffusion_agent][INFO] - approx_kl: 0.0, update_epoch: 0, num_batch: 4
[2026-10-10 11:43:12,255][agent.finetune.train_ppo_diffusion_agent][INFO] - approx_kl: 0.0, update_epoch: 0, num_batch: 4
[2026-10-10 11:43:14,140][agent.finetune.train_ppo_diffusion_agent][INFO] - approx_kl: 0.0, update_epoch: 1, num_batch: 4
[2026-10-10 11:43:16,128][agent.finetune.train_ppo_diffusion_agent][INFO] - approx_kl: 0.0, update_epoch: 1, num_batch: 4
[2026-10-10 11:43:17,890][agent.finetune.train_ppo_diffusion_agent][INFO] - approx_kl: 0.0, update_epoch: 1, num_batch: 4
[2026-10-10 11:43:19,751][agent.finetune.train_ppo_diffusion_agent][INFO] - approx_kl: 0.0, update_epoch: 1, num_batch: 4
[2026-10-10 11:43:21,592][agent.finetune.train_ppo_diffusion_agent][INFO] - approx_kl: 0.0, update_epoch: 2, num_batch: 4
[2026-10-10 11:43:23,573][agent.finetune.train_ppo_diffusion_agent][INFO] - approx_kl: 0.0, update_epoch: 2, num_batch: 4
[2026-10-10 11:43:25,340][agent.finetune.train_ppo_diffusion_agent][INFO] - approx_kl: 0.0, update_epoch: 2, num_batch: 4
[2026-10-10 11:43:27,206][agent.finetune.train_ppo_diffusion_agent][INFO] - approx_kl: 0.0, update_epoch: 2, num_batch: 4
[2026-10-10 11:43:29,123][agent.finetune.train_ppo_diffusion_agent][INFO] - approx_kl: 0.0, update_epoch: 3, num_batch: 4
[2026-10-10 11:43:31,134][agent.finetune.train_ppo_diffusion_agent][INFO] - approx_kl: 0.0, update_epoch: 3, num_batch: 4
[2026-10-10 11:43:32,902][agent.finetune.train_ppo_diffusion_agent][INFO] - approx_kl: 0.0, update_epoch: 3, num_batch: 4
[2026-10-10 11:43:34,771][agent.finetune.train_ppo_diffusion_agent][INFO] - approx_kl: 0.0, update_epoch: 3, num_batch: 4
[2026-10-10 11:43:36,640][agent.finetune.train_ppo_diffusion_agent][INFO] - approx_kl: 0.0, update_epoch: 4, num_batch: 4
[2026-10-10 11:43:38,621][agent.finetune.train_ppo_diffusion_agent][INFO] - approx_kl: 0.0, update_epoch: 4, num_batch: 4
[2026-10-10 11:43:40,388][agent.finetune.train_ppo_diffusion_agent][INFO] - approx_kl: 0.0, update_epoch: 4, num_batch: 4
[2026-10-10 11:43:42,258][agent.finetune.train_ppo_diffusion_agent][INFO] - approx_kl: 0.0, update_epoch: 4, num_batch: 4
[2026-10-10 11:43:49,855][agent.finetune.train_ppo_diffusion_agent][INFO] - 101: step  7280000 | loss -2628.7112 | pg loss -2628.7639 | value loss   0.1056 | bc loss   0.0000 | reward 3981.4020 | eta   1.0000 | t: 58.3465 | kl_true_per_action=0.0003597115822681971 | logratio_p99=0.028334903717041008 | clamp_hit_frac=0.0008291666666666666 | actor_step_ratio=1.0 | actor_step_clipfrac=0.0
[2026-10-10 11:43:49,855][agent.finetune.stage3_support][INFO] - STAGE3_METRICS {"J_disc_train": 1419.0631655920265, "J_disc_train_se": 26.76815076695703, "action_oor_frac": 0.14785, "adv_raw_mean": 1030.6117999779676, "adv_raw_std": 514.4613014517554, "diagnostics_seconds": 0.11800745292566717, "episode_count": 80, "explained_var": 0.6180592775344849, "explained_var_reason": null, "grad_cos_prev": 0.0243825238395688, "grad_cos_prev_reason": null, "grad_norm": 115.14617237275398, "policy_action_oor_frac": 0.14787916666666667, "proj_active": false, "reward_clip_frac": 0.0, "rollout_seconds": 13.034462751005776, "split_diff_sq": 53045.48674512337, "split_dot": -2.730056939633016, "theta_dist": 0.7344313077585907, "theta_dist_preproj": 0.7344313077585907, "update_norm": 0.018094280430623416, "update_seconds": 45.19078490103129, "x0_sat_frac_last": 0.039581226828446246, "x0_sat_frac_mean": 0.09364948256433932}
[2026-10-10 11:44:05,119][agent.finetune.train_ppo_diffusion_agent][INFO] - approx_kl: 0.0, update_epoch: 0, num_batch: 4
[2026-10-10 11:44:06,990][agent.finetune.train_ppo_diffusion_agent][INFO] - approx_kl: 0.0, update_epoch: 0, num_batch: 4
[2026-10-10 11:44:08,672][agent.finetune.train_ppo_diffusion_agent][INFO] - approx_kl: 0.0, update_epoch: 0, num_batch: 4
[2026-10-10 11:44:10,438][agent.finetune.train_ppo_diffusion_agent][INFO] - approx_kl: 0.0, update_epoch: 0, num_batch: 4
[2026-10-10 11:44:12,199][agent.finetune.train_ppo_diffusion_agent][INFO] - approx_kl: 0.0, update_epoch: 1, num_batch: 4
[2026-10-10 11:44:14,196][agent.finetune.train_ppo_diffusion_agent][INFO] - approx_kl: 0.0, update_epoch: 1, num_batch: 4
[2026-10-10 11:44:15,823][agent.finetune.train_ppo_diffusion_agent][INFO] - approx_kl: 0.0, update_epoch: 1, num_batch: 4
[2026-10-10 11:44:17,605][agent.finetune.train_ppo_diffusion_agent][INFO] - approx_kl: 0.0, update_epoch: 1, num_batch: 4
[2026-10-10 11:44:19,345][agent.finetune.train_ppo_diffusion_agent][INFO] - approx_kl: 0.0, update_epoch: 2, num_batch: 4
[2026-10-10 11:44:21,166][agent.finetune.train_ppo_diffusion_agent][INFO] - approx_kl: 0.0, update_epoch: 2, num_batch: 4
[2026-10-10 11:44:22,842][agent.finetune.train_ppo_diffusion_agent][INFO] - approx_kl: 0.0, update_epoch: 2, num_batch: 4
[2026-10-10 11:44:24,589][agent.finetune.train_ppo_diffusion_agent][INFO] - approx_kl: 0.0, update_epoch: 2, num_batch: 4
[2026-10-10 11:44:26,385][agent.finetune.train_ppo_diffusion_agent][INFO] - approx_kl: 0.0, update_epoch: 3, num_batch: 4
[2026-10-10 11:44:28,246][agent.finetune.train_ppo_diffusion_agent][INFO] - approx_kl: 0.0, update_epoch: 3, num_batch: 4
[2026-10-10 11:44:29,900][agent.finetune.train_ppo_diffusion_agent][INFO] - approx_kl: 0.0, update_epoch: 3, num_batch: 4
[2026-10-10 11:44:31,646][agent.finetune.train_ppo_diffusion_agent][INFO] - approx_kl: 0.0, update_epoch: 3, num_batch: 4
[2026-10-10 11:44:33,390][agent.finetune.train_ppo_diffusion_agent][INFO] - approx_kl: 0.0, update_epoch: 4, num_batch: 4
[2026-10-10 11:44:35,236][agent.finetune.train_ppo_diffusion_agent][INFO] - approx_kl: 0.0, update_epoch: 4, num_batch: 4
[2026-10-10 11:44:36,894][agent.finetune.train_ppo_diffusion_agent][INFO] - approx_kl: 0.0, update_epoch: 4, num_batch: 4
[2026-10-10 11:44:38,650][agent.finetune.train_ppo_diffusion_agent][INFO] - approx_kl: 0.0, update_epoch: 4, num_batch: 4
[2026-10-10 11:44:45,745][agent.finetune.train_ppo_diffusion_agent][INFO] - 102: step  7360000 | loss -2529.1887 | pg loss -2529.2418 | value loss   0.1060 | bc loss   0.0000 | reward 3859.5244 | eta   1.0000 | t: 55.8895 | kl_true_per_action=0.000340753131238644 | logratio_p99=0.027027049064636204 | clamp_hit_frac=0.0008145833333333333 | actor_step_ratio=1.0 | actor_step_clipfrac=0.0
[2026-10-10 11:44:45,745][agent.finetune.stage3_support][INFO] - STAGE3_METRICS {"J_disc_train": 1391.2526529664672, "J_disc_train_se": 31.9910295404947, "action_oor_frac": 0.143975, "adv_raw_mean": 992.8737211243808, "adv_raw_std": 533.1389886259597, "diagnostics_seconds": 0.12215187901165336, "episode_count": 80, "explained_var": 0.6798653900623322, "explained_var_reason": null, "grad_cos_prev": 0.0021700540232505294, "grad_cos_prev_reason": null, "grad_norm": 114.66214925858604, "policy_action_oor_frac": 0.14400208333333334, "proj_active": false, "reward_clip_frac": 0.0, "rollout_seconds": 12.980243163998239, "split_diff_sq": 54150.122174862525, "split_dot": -390.12199050936306, "theta_dist": 0.7381199120458892, "theta_dist_preproj": 0.7381199120458892, "update_norm": 0.018041703934748354, "update_seconds": 42.782187423086725, "x0_sat_frac_last": 0.03830049261083744, "x0_sat_frac_mean": 0.09142584707537431}
[2026-10-10 11:45:00,917][agent.finetune.train_ppo_diffusion_agent][INFO] - approx_kl: 0.0, update_epoch: 0, num_batch: 4
[2026-10-10 11:45:02,923][agent.finetune.train_ppo_diffusion_agent][INFO] - approx_kl: 0.0, update_epoch: 0, num_batch: 4
[2026-10-10 11:45:04,682][agent.finetune.train_ppo_diffusion_agent][INFO] - approx_kl: 0.0, update_epoch: 0, num_batch: 4
[2026-10-10 11:45:06,560][agent.finetune.train_ppo_diffusion_agent][INFO] - approx_kl: 0.0, update_epoch: 0, num_batch: 4
[2026-10-10 11:45:08,474][agent.finetune.train_ppo_diffusion_agent][INFO] - approx_kl: 0.0, update_epoch: 1, num_batch: 4
[2026-10-10 11:45:10,714][agent.finetune.train_ppo_diffusion_agent][INFO] - approx_kl: 0.0, update_epoch: 1, num_batch: 4
[2026-10-10 11:45:12,474][agent.finetune.train_ppo_diffusion_agent][INFO] - approx_kl: 0.0, update_epoch: 1, num_batch: 4
[2026-10-10 11:45:14,358][agent.finetune.train_ppo_diffusion_agent][INFO] - approx_kl: 0.0, update_epoch: 1, num_batch: 4
[2026-10-10 11:45:16,178][agent.finetune.train_ppo_diffusion_agent][INFO] - approx_kl: 0.0, update_epoch: 2, num_batch: 4
[2026-10-10 11:45:18,133][agent.finetune.train_ppo_diffusion_agent][INFO] - approx_kl: 0.0, update_epoch: 2, num_batch: 4
[2026-10-10 11:45:19,885][agent.finetune.train_ppo_diffusion_agent][INFO] - approx_kl: 0.0, update_epoch: 2, num_batch: 4
[2026-10-10 11:45:21,772][agent.finetune.train_ppo_diffusion_agent][INFO] - approx_kl: 0.0, update_epoch: 2, num_batch: 4
[2026-10-10 11:45:23,644][agent.finetune.train_ppo_diffusion_agent][INFO] - approx_kl: 0.0, update_epoch: 3, num_batch: 4
[2026-10-10 11:45:25,642][agent.finetune.train_ppo_diffusion_agent][INFO] - approx_kl: 0.0, update_epoch: 3, num_batch: 4
[2026-10-10 11:45:27,407][agent.finetune.train_ppo_diffusion_agent][INFO] - approx_kl: 0.0, update_epoch: 3, num_batch: 4
[2026-10-10 11:45:29,271][agent.finetune.train_ppo_diffusion_agent][INFO] - approx_kl: 0.0, update_epoch: 3, num_batch: 4
[2026-10-10 11:45:31,130][agent.finetune.train_ppo_diffusion_agent][INFO] - approx_kl: 0.0, update_epoch: 4, num_batch: 4
[2026-10-10 11:45:33,104][agent.finetune.train_ppo_diffusion_agent][INFO] - approx_kl: 0.0, update_epoch: 4, num_batch: 4
[2026-10-10 11:45:34,916][agent.finetune.train_ppo_diffusion_agent][INFO] - approx_kl: 0.0, update_epoch: 4, num_batch: 4
[2026-10-10 11:45:36,818][agent.finetune.train_ppo_diffusion_agent][INFO] - approx_kl: 0.0, update_epoch: 4, num_batch: 4
[2026-10-10 11:45:44,368][agent.finetune.train_ppo_diffusion_agent][INFO] - 103: step  7440000 | loss -2691.2151 | pg loss -2691.2692 | value loss   0.1083 | bc loss   0.0000 | reward 4084.0270 | eta   1.0000 | t: 58.6231 | kl_true_per_action=0.0002927972756034877 | logratio_p99=0.02551014780998227 | clamp_hit_frac=0.0007541666666666667 | actor_step_ratio=1.0 | actor_step_clipfrac=0.0
[2026-10-10 11:45:44,368][agent.finetune.stage3_support][INFO] - STAGE3_METRICS {"J_disc_train": 1449.1402311843333, "J_disc_train_se": 15.45665840571671, "action_oor_frac": 0.151075, "adv_raw_mean": 1059.751275896944, "adv_raw_std": 486.4654222060533, "diagnostics_seconds": 0.12441753502935171, "episode_count": 80, "explained_var": 0.42841583490371704, "explained_var_reason": null, "grad_cos_prev": -0.07445714734649535, "grad_cos_prev_reason": null, "grad_norm": 118.17760842363049, "policy_action_oor_frac": 0.15111458333333333, "proj_active": false, "reward_clip_frac": 0.0, "rollout_seconds": 12.809938519028947, "split_diff_sq": 53090.98014494753, "split_dot": 693.2006802241523, "theta_dist": 0.7417406279630367, "theta_dist_preproj": 0.7417406279630367, "update_norm": 0.017905131301526794, "update_seconds": 45.68442300299648, "x0_sat_frac_last": 0.04030257936507936, "x0_sat_frac_mean": 0.09521216201745841}
[2026-10-10 11:45:59,117][agent.finetune.train_ppo_diffusion_agent][INFO] - approx_kl: 0.0, update_epoch: 0, num_batch: 4
[2026-10-10 11:46:01,077][agent.finetune.train_ppo_diffusion_agent][INFO] - approx_kl: 0.0, update_epoch: 0, num_batch: 4
[2026-10-10 11:46:02,834][agent.finetune.train_ppo_diffusion_agent][INFO] - approx_kl: 0.0, update_epoch: 0, num_batch: 4
[2026-10-10 11:46:04,706][agent.finetune.train_ppo_diffusion_agent][INFO] - approx_kl: 0.0, update_epoch: 0, num_batch: 4
[2026-10-10 11:46:06,607][agent.finetune.train_ppo_diffusion_agent][INFO] - approx_kl: 0.0, update_epoch: 1, num_batch: 4
[2026-10-10 11:46:08,602][agent.finetune.train_ppo_diffusion_agent][INFO] - approx_kl: 0.0, update_epoch: 1, num_batch: 4
[2026-10-10 11:46:10,362][agent.finetune.train_ppo_diffusion_agent][INFO] - approx_kl: 0.0, update_epoch: 1, num_batch: 4
[2026-10-10 11:46:12,222][agent.finetune.train_ppo_diffusion_agent][INFO] - approx_kl: 0.0, update_epoch: 1, num_batch: 4
[2026-10-10 11:46:14,049][agent.finetune.train_ppo_diffusion_agent][INFO] - approx_kl: 0.0, update_epoch: 2, num_batch: 4
[2026-10-10 11:46:16,005][agent.finetune.train_ppo_diffusion_agent][INFO] - approx_kl: 0.0, update_epoch: 2, num_batch: 4
[2026-10-10 11:46:17,779][agent.finetune.train_ppo_diffusion_agent][INFO] - approx_kl: 0.0, update_epoch: 2, num_batch: 4
[2026-10-10 11:46:19,613][agent.finetune.train_ppo_diffusion_agent][INFO] - approx_kl: 0.0, update_epoch: 2, num_batch: 4
[2026-10-10 11:46:21,500][agent.finetune.train_ppo_diffusion_agent][INFO] - approx_kl: 0.0, update_epoch: 3, num_batch: 4
[2026-10-10 11:46:23,465][agent.finetune.train_ppo_diffusion_agent][INFO] - approx_kl: 0.0, update_epoch: 3, num_batch: 4
[2026-10-10 11:46:25,219][agent.finetune.train_ppo_diffusion_agent][INFO] - approx_kl: 0.0, update_epoch: 3, num_batch: 4
[2026-10-10 11:46:27,072][agent.finetune.train_ppo_diffusion_agent][INFO] - approx_kl: 0.0, update_epoch: 3, num_batch: 4
[2026-10-10 11:46:28,928][agent.finetune.train_ppo_diffusion_agent][INFO] - approx_kl: 0.0, update_epoch: 4, num_batch: 4
[2026-10-10 11:46:30,913][agent.finetune.train_ppo_diffusion_agent][INFO] - approx_kl: 0.0, update_epoch: 4, num_batch: 4
[2026-10-10 11:46:32,683][agent.finetune.train_ppo_diffusion_agent][INFO] - approx_kl: 0.0, update_epoch: 4, num_batch: 4
[2026-10-10 11:46:34,559][agent.finetune.train_ppo_diffusion_agent][INFO] - approx_kl: 0.0, update_epoch: 4, num_batch: 4
[2026-10-10 11:46:41,978][agent.finetune.train_ppo_diffusion_agent][INFO] - 104: step  7520000 | loss -2618.9351 | pg loss -2618.9882 | value loss   0.1066 | bc loss   0.0000 | reward 3968.7950 | eta   1.0000 | t: 57.6104 | kl_true_per_action=0.0003269053975248425 | logratio_p99=0.026646828651428187 | clamp_hit_frac=0.0007833333333333334 | actor_step_ratio=1.0 | actor_step_clipfrac=0.0
[2026-10-10 11:46:41,978][agent.finetune.stage3_support][INFO] - STAGE3_METRICS {"J_disc_train": 1406.4290627786163, "J_disc_train_se": 30.920444726516692, "action_oor_frac": 0.14841458333333332, "adv_raw_mean": 1030.5721103548071, "adv_raw_std": 507.766145875587, "diagnostics_seconds": 0.1151550889480859, "episode_count": 80, "explained_var": 0.5951724052429199, "explained_var_reason": null, "grad_cos_prev": -0.005715095311538843, "grad_cos_prev_reason": null, "grad_norm": 115.89227357902122, "policy_action_oor_frac": 0.1484375, "proj_active": false, "reward_clip_frac": 0.0, "rollout_seconds": 12.7184811149491, "split_diff_sq": 59097.97742769653, "split_dot": -1343.4749601069186, "theta_dist": 0.7454583328913801, "theta_dist_preproj": 0.7454583328913801, "update_norm": 0.01794325458396213, "update_seconds": 44.77282678510528, "x0_sat_frac_last": 0.037187705456936226, "x0_sat_frac_mean": 0.09424777178932445}
[2026-10-10 11:46:56,873][agent.finetune.train_ppo_diffusion_agent][INFO] - approx_kl: 0.0, update_epoch: 0, num_batch: 4
[2026-10-10 11:46:58,618][agent.finetune.train_ppo_diffusion_agent][INFO] - approx_kl: 0.0, update_epoch: 0, num_batch: 4
[2026-10-10 11:47:00,451][agent.finetune.train_ppo_diffusion_agent][INFO] - approx_kl: 0.0, update_epoch: 0, num_batch: 4
[2026-10-10 11:47:02,317][agent.finetune.train_ppo_diffusion_agent][INFO] - approx_kl: 0.0, update_epoch: 0, num_batch: 4
[2026-10-10 11:47:04,290][agent.finetune.train_ppo_diffusion_agent][INFO] - approx_kl: 0.0, update_epoch: 1, num_batch: 4
[2026-10-10 11:47:06,051][agent.finetune.train_ppo_diffusion_agent][INFO] - approx_kl: 0.0, update_epoch: 1, num_batch: 4
[2026-10-10 11:47:07,900][agent.finetune.train_ppo_diffusion_agent][INFO] - approx_kl: 0.0, update_epoch: 1, num_batch: 4
[2026-10-10 11:47:09,758][agent.finetune.train_ppo_diffusion_agent][INFO] - approx_kl: 0.0, update_epoch: 1, num_batch: 4
[2026-10-10 11:47:11,721][agent.finetune.train_ppo_diffusion_agent][INFO] - approx_kl: 0.0, update_epoch: 2, num_batch: 4
[2026-10-10 11:47:13,478][agent.finetune.train_ppo_diffusion_agent][INFO] - approx_kl: 0.0, update_epoch: 2, num_batch: 4
[2026-10-10 11:47:15,330][agent.finetune.train_ppo_diffusion_agent][INFO] - approx_kl: 0.0, update_epoch: 2, num_batch: 4
[2026-10-10 11:47:17,184][agent.finetune.train_ppo_diffusion_agent][INFO] - approx_kl: 0.0, update_epoch: 2, num_batch: 4
[2026-10-10 11:47:19,146][agent.finetune.train_ppo_diffusion_agent][INFO] - approx_kl: 0.0, update_epoch: 3, num_batch: 4
[2026-10-10 11:47:20,905][agent.finetune.train_ppo_diffusion_agent][INFO] - approx_kl: 0.0, update_epoch: 3, num_batch: 4
[2026-10-10 11:47:22,789][agent.finetune.train_ppo_diffusion_agent][INFO] - approx_kl: 0.0, update_epoch: 3, num_batch: 4
[2026-10-10 11:47:24,696][agent.finetune.train_ppo_diffusion_agent][INFO] - approx_kl: 0.0, update_epoch: 3, num_batch: 4
[2026-10-10 11:47:26,704][agent.finetune.train_ppo_diffusion_agent][INFO] - approx_kl: 0.0, update_epoch: 4, num_batch: 4
[2026-10-10 11:47:28,462][agent.finetune.train_ppo_diffusion_agent][INFO] - approx_kl: 0.0, update_epoch: 4, num_batch: 4
[2026-10-10 11:47:30,320][agent.finetune.train_ppo_diffusion_agent][INFO] - approx_kl: 0.0, update_epoch: 4, num_batch: 4
[2026-10-10 11:47:32,178][agent.finetune.train_ppo_diffusion_agent][INFO] - approx_kl: 0.0, update_epoch: 4, num_batch: 4
[2026-10-10 11:47:39,709][agent.finetune.train_agent][INFO] - Saved model to /soalnas/share/data/zbao7/diffusion_policy/results/stage3/E2_nobase_seed0/checkpoint/state_105.pt
[2026-10-10 11:47:39,709][agent.finetune.train_ppo_diffusion_agent][INFO] - 105: step  7600000 | loss -2637.9766 | pg loss -2638.0320 | value loss   0.1109 | bc loss   0.0000 | reward 4004.8017 | eta   1.0000 | t: 57.7313 | kl_true_per_action=0.00029244173966289327 | logratio_p99=0.02493998169898974 | clamp_hit_frac=0.0008270833333333333 | actor_step_ratio=1.0 | actor_step_clipfrac=0.0
[2026-10-10 11:47:39,710][agent.finetune.stage3_support][INFO] - STAGE3_METRICS {"J_disc_train": 1416.898773438184, "J_disc_train_se": 24.973207880934048, "action_oor_frac": 0.14945208333333335, "adv_raw_mean": 1040.8287675701033, "adv_raw_std": 490.6319739265477, "diagnostics_seconds": 0.11214999598450959, "episode_count": 80, "explained_var": 0.4818269610404968, "explained_var_reason": null, "grad_cos_prev": 0.00025638531310254186, "grad_cos_prev_reason": null, "grad_norm": 115.46257446406554, "policy_action_oor_frac": 0.14947083333333333, "proj_active": false, "reward_clip_frac": 0.0, "rollout_seconds": 12.751606133999303, "split_diff_sq": 52498.523320436696, "split_dot": 206.97476103087305, "theta_dist": 0.7490436742322713, "theta_dist_preproj": 0.7490436742322713, "update_norm": 0.01794512304798044, "update_seconds": 44.84135450399481, "x0_sat_frac_last": 0.037873071763916834, "x0_sat_frac_mean": 0.09513797822438363}
[2026-10-10 11:47:54,656][agent.finetune.train_ppo_diffusion_agent][INFO] - approx_kl: 0.0, update_epoch: 0, num_batch: 4
[2026-10-10 11:47:56,423][agent.finetune.train_ppo_diffusion_agent][INFO] - approx_kl: 0.0, update_epoch: 0, num_batch: 4
[2026-10-10 11:47:58,288][agent.finetune.train_ppo_diffusion_agent][INFO] - approx_kl: 0.0, update_epoch: 0, num_batch: 4
[2026-10-10 11:48:00,115][agent.finetune.train_ppo_diffusion_agent][INFO] - approx_kl: 0.0, update_epoch: 0, num_batch: 4
[2026-10-10 11:48:02,074][agent.finetune.train_ppo_diffusion_agent][INFO] - approx_kl: 0.0, update_epoch: 1, num_batch: 4
[2026-10-10 11:48:03,848][agent.finetune.train_ppo_diffusion_agent][INFO] - approx_kl: 0.0, update_epoch: 1, num_batch: 4
[2026-10-10 11:48:05,692][agent.finetune.train_ppo_diffusion_agent][INFO] - approx_kl: 0.0, update_epoch: 1, num_batch: 4
[2026-10-10 11:48:07,562][agent.finetune.train_ppo_diffusion_agent][INFO] - approx_kl: 0.0, update_epoch: 1, num_batch: 4
[2026-10-10 11:48:09,571][agent.finetune.train_ppo_diffusion_agent][INFO] - approx_kl: 0.0, update_epoch: 2, num_batch: 4
[2026-10-10 11:48:11,338][agent.finetune.train_ppo_diffusion_agent][INFO] - approx_kl: 0.0, update_epoch: 2, num_batch: 4
[2026-10-10 11:48:13,197][agent.finetune.train_ppo_diffusion_agent][INFO] - approx_kl: 0.0, update_epoch: 2, num_batch: 4
[2026-10-10 11:48:15,032][agent.finetune.train_ppo_diffusion_agent][INFO] - approx_kl: 0.0, update_epoch: 2, num_batch: 4
[2026-10-10 11:48:17,029][agent.finetune.train_ppo_diffusion_agent][INFO] - approx_kl: 0.0, update_epoch: 3, num_batch: 4
[2026-10-10 11:48:18,818][agent.finetune.train_ppo_diffusion_agent][INFO] - approx_kl: 0.0, update_epoch: 3, num_batch: 4
[2026-10-10 11:48:20,667][agent.finetune.train_ppo_diffusion_agent][INFO] - approx_kl: 0.0, update_epoch: 3, num_batch: 4
[2026-10-10 11:48:22,554][agent.finetune.train_ppo_diffusion_agent][INFO] - approx_kl: 0.0, update_epoch: 3, num_batch: 4
[2026-10-10 11:48:24,526][agent.finetune.train_ppo_diffusion_agent][INFO] - approx_kl: 0.0, update_epoch: 4, num_batch: 4
[2026-10-10 11:48:26,283][agent.finetune.train_ppo_diffusion_agent][INFO] - approx_kl: 0.0, update_epoch: 4, num_batch: 4
[2026-10-10 11:48:28,139][agent.finetune.train_ppo_diffusion_agent][INFO] - approx_kl: 0.0, update_epoch: 4, num_batch: 4
[2026-10-10 11:48:30,001][agent.finetune.train_ppo_diffusion_agent][INFO] - approx_kl: 0.0, update_epoch: 4, num_batch: 4
[2026-10-10 11:48:37,558][agent.finetune.train_ppo_diffusion_agent][INFO] - 106: step  7680000 | loss -2590.6733 | pg loss -2590.7273 | value loss   0.1077 | bc loss   0.0000 | reward 3943.8074 | eta   1.0000 | t: 57.8491 | kl_true_per_action=0.000399343816465905 | logratio_p99=0.02962312102317799 | clamp_hit_frac=0.0007145833333333333 | actor_step_ratio=1.0 | actor_step_clipfrac=0.0
[2026-10-10 11:48:37,559][agent.finetune.stage3_support][INFO] - STAGE3_METRICS {"J_disc_train": 1396.1556567657713, "J_disc_train_se": 26.019459903678502, "action_oor_frac": 0.148075, "adv_raw_mean": 1024.6453143169933, "adv_raw_std": 483.8055319557665, "diagnostics_seconds": 0.11454324086662382, "episode_count": 80, "explained_var": 0.5418627262115479, "explained_var_reason": null, "grad_cos_prev": -0.006948884734792194, "grad_cos_prev_reason": null, "grad_norm": 111.58285229326579, "policy_action_oor_frac": 0.14810208333333333, "proj_active": false, "reward_clip_frac": 0.0, "rollout_seconds": 12.69659649708774, "split_diff_sq": 47725.60565868531, "split_dot": 519.3322663120343, "theta_dist": 0.7525741665866074, "theta_dist_preproj": 0.7525741665866074, "update_norm": 0.018199753705827357, "update_seconds": 45.03437347617, "x0_sat_frac_last": 0.03771533701287841, "x0_sat_frac_mean": 0.0943638992338129}
[2026-10-10 11:48:52,488][agent.finetune.train_ppo_diffusion_agent][INFO] - approx_kl: 0.0, update_epoch: 0, num_batch: 4
[2026-10-10 11:48:54,243][agent.finetune.train_ppo_diffusion_agent][INFO] - approx_kl: 0.0, update_epoch: 0, num_batch: 4
[2026-10-10 11:48:56,095][agent.finetune.train_ppo_diffusion_agent][INFO] - approx_kl: 0.0, update_epoch: 0, num_batch: 4
[2026-10-10 11:48:58,056][agent.finetune.train_ppo_diffusion_agent][INFO] - approx_kl: 0.0, update_epoch: 0, num_batch: 4
[2026-10-10 11:48:59,814][agent.finetune.train_ppo_diffusion_agent][INFO] - approx_kl: 0.0, update_epoch: 1, num_batch: 4
[2026-10-10 11:49:01,674][agent.finetune.train_ppo_diffusion_agent][INFO] - approx_kl: 0.0, update_epoch: 1, num_batch: 4
[2026-10-10 11:49:03,513][agent.finetune.train_ppo_diffusion_agent][INFO] - approx_kl: 0.0, update_epoch: 1, num_batch: 4
[2026-10-10 11:49:05,459][agent.finetune.train_ppo_diffusion_agent][INFO] - approx_kl: 0.0, update_epoch: 1, num_batch: 4
[2026-10-10 11:49:07,207][agent.finetune.train_ppo_diffusion_agent][INFO] - approx_kl: 0.0, update_epoch: 2, num_batch: 4
[2026-10-10 11:49:09,066][agent.finetune.train_ppo_diffusion_agent][INFO] - approx_kl: 0.0, update_epoch: 2, num_batch: 4
[2026-10-10 11:49:10,923][agent.finetune.train_ppo_diffusion_agent][INFO] - approx_kl: 0.0, update_epoch: 2, num_batch: 4
[2026-10-10 11:49:12,921][agent.finetune.train_ppo_diffusion_agent][INFO] - approx_kl: 0.0, update_epoch: 2, num_batch: 4
[2026-10-10 11:49:14,678][agent.finetune.train_ppo_diffusion_agent][INFO] - approx_kl: 0.0, update_epoch: 3, num_batch: 4
[2026-10-10 11:49:16,536][agent.finetune.train_ppo_diffusion_agent][INFO] - approx_kl: 0.0, update_epoch: 3, num_batch: 4
[2026-10-10 11:49:18,396][agent.finetune.train_ppo_diffusion_agent][INFO] - approx_kl: 0.0, update_epoch: 3, num_batch: 4
[2026-10-10 11:49:20,356][agent.finetune.train_ppo_diffusion_agent][INFO] - approx_kl: 0.0, update_epoch: 3, num_batch: 4
[2026-10-10 11:49:22,120][agent.finetune.train_ppo_diffusion_agent][INFO] - approx_kl: 0.0, update_epoch: 4, num_batch: 4
[2026-10-10 11:49:23,974][agent.finetune.train_ppo_diffusion_agent][INFO] - approx_kl: 0.0, update_epoch: 4, num_batch: 4
[2026-10-10 11:49:25,826][agent.finetune.train_ppo_diffusion_agent][INFO] - approx_kl: 0.0, update_epoch: 4, num_batch: 4
[2026-10-10 11:49:27,793][agent.finetune.train_ppo_diffusion_agent][INFO] - approx_kl: 0.0, update_epoch: 4, num_batch: 4
[2026-10-10 11:49:35,269][agent.finetune.train_ppo_diffusion_agent][INFO] - 107: step  7760000 | loss -2550.2751 | pg loss -2550.3280 | value loss   0.1060 | bc loss   0.0000 | reward 3890.3285 | eta   1.0000 | t: 57.7104 | kl_true_per_action=0.0004073483986950314 | logratio_p99=0.03032094001770009 | clamp_hit_frac=0.0007791666666666666 | actor_step_ratio=1.0 | actor_step_clipfrac=0.0
[2026-10-10 11:49:35,269][agent.finetune.stage3_support][INFO] - STAGE3_METRICS {"J_disc_train": 1381.434074743068, "J_disc_train_se": 36.8251118193973, "action_oor_frac": 0.14620208333333334, "adv_raw_mean": 1009.0835113794565, "adv_raw_std": 521.9643805242863, "diagnostics_seconds": 0.11551451892592013, "episode_count": 80, "explained_var": 0.6562094390392303, "explained_var_reason": null, "grad_cos_prev": -0.020658103151907855, "grad_cos_prev_reason": null, "grad_norm": 110.84794874975215, "policy_action_oor_frac": 0.146225, "proj_active": false, "reward_clip_frac": 0.0, "rollout_seconds": 12.753882125020027, "split_diff_sq": 49738.64663881434, "split_dot": -147.39375537919727, "theta_dist": 0.7559979490693578, "theta_dist_preproj": 0.7559979490693578, "update_norm": 0.017992844323673696, "update_seconds": 44.83495720208157, "x0_sat_frac_last": 0.03779669762641899, "x0_sat_frac_mean": 0.09338520195395544}
[2026-10-10 11:49:50,016][agent.finetune.train_ppo_diffusion_agent][INFO] - approx_kl: 0.0, update_epoch: 0, num_batch: 4
[2026-10-10 11:49:51,872][agent.finetune.train_ppo_diffusion_agent][INFO] - approx_kl: 0.0, update_epoch: 0, num_batch: 4
[2026-10-10 11:49:53,733][agent.finetune.train_ppo_diffusion_agent][INFO] - approx_kl: 0.0, update_epoch: 0, num_batch: 4
[2026-10-10 11:49:55,703][agent.finetune.train_ppo_diffusion_agent][INFO] - approx_kl: 0.0, update_epoch: 0, num_batch: 4
[2026-10-10 11:49:57,439][agent.finetune.train_ppo_diffusion_agent][INFO] - approx_kl: 0.0, update_epoch: 1, num_batch: 4
[2026-10-10 11:49:59,302][agent.finetune.train_ppo_diffusion_agent][INFO] - approx_kl: 0.0, update_epoch: 1, num_batch: 4
[2026-10-10 11:50:01,167][agent.finetune.train_ppo_diffusion_agent][INFO] - approx_kl: 0.0, update_epoch: 1, num_batch: 4
[2026-10-10 11:50:03,109][agent.finetune.train_ppo_diffusion_agent][INFO] - approx_kl: 0.0, update_epoch: 1, num_batch: 4
[2026-10-10 11:50:04,847][agent.finetune.train_ppo_diffusion_agent][INFO] - approx_kl: 0.0, update_epoch: 2, num_batch: 4
[2026-10-10 11:50:06,690][agent.finetune.train_ppo_diffusion_agent][INFO] - approx_kl: 0.0, update_epoch: 2, num_batch: 4
[2026-10-10 11:50:08,558][agent.finetune.train_ppo_diffusion_agent][INFO] - approx_kl: 0.0, update_epoch: 2, num_batch: 4
[2026-10-10 11:50:10,614][agent.finetune.train_ppo_diffusion_agent][INFO] - approx_kl: 0.0, update_epoch: 2, num_batch: 4
[2026-10-10 11:50:12,381][agent.finetune.train_ppo_diffusion_agent][INFO] - approx_kl: 0.0, update_epoch: 3, num_batch: 4
[2026-10-10 11:50:14,272][agent.finetune.train_ppo_diffusion_agent][INFO] - approx_kl: 0.0, update_epoch: 3, num_batch: 4
[2026-10-10 11:50:16,137][agent.finetune.train_ppo_diffusion_agent][INFO] - approx_kl: 0.0, update_epoch: 3, num_batch: 4
[2026-10-10 11:50:18,083][agent.finetune.train_ppo_diffusion_agent][INFO] - approx_kl: 0.0, update_epoch: 3, num_batch: 4
[2026-10-10 11:50:19,828][agent.finetune.train_ppo_diffusion_agent][INFO] - approx_kl: 0.0, update_epoch: 4, num_batch: 4
[2026-10-10 11:50:21,697][agent.finetune.train_ppo_diffusion_agent][INFO] - approx_kl: 0.0, update_epoch: 4, num_batch: 4
[2026-10-10 11:50:23,603][agent.finetune.train_ppo_diffusion_agent][INFO] - approx_kl: 0.0, update_epoch: 4, num_batch: 4
[2026-10-10 11:50:25,595][agent.finetune.train_ppo_diffusion_agent][INFO] - approx_kl: 0.0, update_epoch: 4, num_batch: 4
[2026-10-10 11:50:33,097][agent.finetune.train_ppo_diffusion_agent][INFO] - 108: step  7840000 | loss -2756.6091 | pg loss -2756.6623 | value loss   0.1066 | bc loss   0.0000 | reward 4183.9643 | eta   1.0000 | t: 57.8284 | kl_true_per_action=0.00032683138944731454 | logratio_p99=0.026773191690444835 | clamp_hit_frac=0.0007895833333333333 | actor_step_ratio=1.0 | actor_step_clipfrac=0.0
[2026-10-10 11:50:33,098][agent.finetune.stage3_support][INFO] - STAGE3_METRICS {"J_disc_train": 1478.650083767111, "J_disc_train_se": 20.534248062772875, "action_oor_frac": 0.15387083333333335, "adv_raw_mean": 1088.0402683846585, "adv_raw_std": 475.8975162967866, "diagnostics_seconds": 0.11004027305170894, "episode_count": 80, "explained_var": 0.3518083095550537, "explained_var_reason": null, "grad_cos_prev": -0.04294226400181796, "grad_cos_prev_reason": null, "grad_norm": 119.89454575950437, "policy_action_oor_frac": 0.1539, "proj_active": false, "reward_clip_frac": 0.0, "rollout_seconds": 12.808074150932953, "split_diff_sq": 60335.88157472524, "split_dot": -709.2681978078105, "theta_dist": 0.7591931306759472, "theta_dist_preproj": 0.7591931306759472, "update_norm": 0.01781233540646093, "update_seconds": 44.90593894990161, "x0_sat_frac_last": 0.039736661519986276, "x0_sat_frac_mean": 0.09804491888133526}
[2026-10-10 11:50:48,118][agent.finetune.train_ppo_diffusion_agent][INFO] - approx_kl: 0.0, update_epoch: 0, num_batch: 4
[2026-10-10 11:50:49,986][agent.finetune.train_ppo_diffusion_agent][INFO] - approx_kl: 0.0, update_epoch: 0, num_batch: 4
[2026-10-10 11:50:51,851][agent.finetune.train_ppo_diffusion_agent][INFO] - approx_kl: 0.0, update_epoch: 0, num_batch: 4
[2026-10-10 11:50:53,824][agent.finetune.train_ppo_diffusion_agent][INFO] - approx_kl: 0.0, update_epoch: 0, num_batch: 4
[2026-10-10 11:50:55,585][agent.finetune.train_ppo_diffusion_agent][INFO] - approx_kl: 0.0, update_epoch: 1, num_batch: 4
[2026-10-10 11:50:57,491][agent.finetune.train_ppo_diffusion_agent][INFO] - approx_kl: 0.0, update_epoch: 1, num_batch: 4
[2026-10-10 11:50:59,360][agent.finetune.train_ppo_diffusion_agent][INFO] - approx_kl: 0.0, update_epoch: 1, num_batch: 4
[2026-10-10 11:51:01,333][agent.finetune.train_ppo_diffusion_agent][INFO] - approx_kl: 0.0, update_epoch: 1, num_batch: 4
[2026-10-10 11:51:03,064][agent.finetune.train_ppo_diffusion_agent][INFO] - approx_kl: 0.0, update_epoch: 2, num_batch: 4
[2026-10-10 11:51:04,911][agent.finetune.train_ppo_diffusion_agent][INFO] - approx_kl: 0.0, update_epoch: 2, num_batch: 4
[2026-10-10 11:51:06,759][agent.finetune.train_ppo_diffusion_agent][INFO] - approx_kl: 0.0, update_epoch: 2, num_batch: 4
[2026-10-10 11:51:08,758][agent.finetune.train_ppo_diffusion_agent][INFO] - approx_kl: 0.0, update_epoch: 2, num_batch: 4
[2026-10-10 11:51:10,562][agent.finetune.train_ppo_diffusion_agent][INFO] - approx_kl: 0.0, update_epoch: 3, num_batch: 4
[2026-10-10 11:51:12,438][agent.finetune.train_ppo_diffusion_agent][INFO] - approx_kl: 0.0, update_epoch: 3, num_batch: 4
[2026-10-10 11:51:14,296][agent.finetune.train_ppo_diffusion_agent][INFO] - approx_kl: 0.0, update_epoch: 3, num_batch: 4
[2026-10-10 11:51:16,236][agent.finetune.train_ppo_diffusion_agent][INFO] - approx_kl: 0.0, update_epoch: 3, num_batch: 4
[2026-10-10 11:51:17,986][agent.finetune.train_ppo_diffusion_agent][INFO] - approx_kl: 0.0, update_epoch: 4, num_batch: 4
[2026-10-10 11:51:19,851][agent.finetune.train_ppo_diffusion_agent][INFO] - approx_kl: 0.0, update_epoch: 4, num_batch: 4
[2026-10-10 11:51:21,716][agent.finetune.train_ppo_diffusion_agent][INFO] - approx_kl: 0.0, update_epoch: 4, num_batch: 4
[2026-10-10 11:51:23,721][agent.finetune.train_ppo_diffusion_agent][INFO] - approx_kl: 0.0, update_epoch: 4, num_batch: 4
[2026-10-10 11:51:31,267][agent.finetune.train_ppo_diffusion_agent][INFO] - 109: step  7920000 | loss -2655.8804 | pg loss -2655.9357 | value loss   0.1104 | bc loss   0.0000 | reward 4048.3368 | eta   1.0000 | t: 58.1695 | kl_true_per_action=0.0003658052291478851 | logratio_p99=0.02885144710540763 | clamp_hit_frac=0.0007770833333333333 | actor_step_ratio=1.0 | actor_step_clipfrac=0.0
[2026-10-10 11:51:31,267][agent.finetune.stage3_support][INFO] - STAGE3_METRICS {"J_disc_train": 1420.5132405627053, "J_disc_train_se": 22.67010953628503, "action_oor_frac": 0.15128541666666667, "adv_raw_mean": 1056.8114776673015, "adv_raw_std": 462.0503290407065, "diagnostics_seconds": 0.12454033712856472, "episode_count": 80, "explained_var": 0.32385075092315674, "explained_var_reason": null, "grad_cos_prev": -0.03714940698476934, "grad_cos_prev_reason": null, "grad_norm": 113.33422484450111, "policy_action_oor_frac": 0.15130833333333332, "proj_active": false, "reward_clip_frac": 0.0, "rollout_seconds": 12.930884753004648, "split_diff_sq": 49985.53679903108, "split_dot": 348.2623515123896, "theta_dist": 0.7623696101354932, "theta_dist_preproj": 0.7623696101354932, "update_norm": 0.018014885636318034, "update_seconds": 45.00806014088448, "x0_sat_frac_last": 0.03877744758131088, "x0_sat_frac_mean": 0.09599189964609207}
[2026-10-10 11:51:44,021][agent.finetune.train_ppo_diffusion_agent][INFO] - eval: success rate   1.0000 | avg episode reward 4318.8778 | avg best reward   6.5277
[2026-10-10 11:51:44,022][agent.finetune.stage3_support][INFO] - STAGE3_METRICS {"J_disc_eval": 1511.6861310195184, "J_disc_eval_se": 26.65609375493977, "action_oor_frac": 0.0, "diagnostics_seconds": 0.005920514930039644, "episode_count": 80, "policy_action_oor_frac": 0.0, "rollout_seconds": 12.745383033063263, "update_seconds": 0.0}
[2026-10-10 11:51:58,673][agent.finetune.train_ppo_diffusion_agent][INFO] - approx_kl: 0.0, update_epoch: 0, num_batch: 4
[2026-10-10 11:52:00,519][agent.finetune.train_ppo_diffusion_agent][INFO] - approx_kl: 0.0, update_epoch: 0, num_batch: 4
[2026-10-10 11:52:02,350][agent.finetune.train_ppo_diffusion_agent][INFO] - approx_kl: 0.0, update_epoch: 0, num_batch: 4
[2026-10-10 11:52:04,301][agent.finetune.train_ppo_diffusion_agent][INFO] - approx_kl: 0.0, update_epoch: 0, num_batch: 4
[2026-10-10 11:52:06,102][agent.finetune.train_ppo_diffusion_agent][INFO] - approx_kl: 0.0, update_epoch: 1, num_batch: 4
[2026-10-10 11:52:07,962][agent.finetune.train_ppo_diffusion_agent][INFO] - approx_kl: 0.0, update_epoch: 1, num_batch: 4
[2026-10-10 11:52:09,813][agent.finetune.train_ppo_diffusion_agent][INFO] - approx_kl: 0.0, update_epoch: 1, num_batch: 4
[2026-10-10 11:52:11,763][agent.finetune.train_ppo_diffusion_agent][INFO] - approx_kl: 0.0, update_epoch: 1, num_batch: 4
[2026-10-10 11:52:13,521][agent.finetune.train_ppo_diffusion_agent][INFO] - approx_kl: 0.0, update_epoch: 2, num_batch: 4
[2026-10-10 11:52:15,358][agent.finetune.train_ppo_diffusion_agent][INFO] - approx_kl: 0.0, update_epoch: 2, num_batch: 4
[2026-10-10 11:52:17,243][agent.finetune.train_ppo_diffusion_agent][INFO] - approx_kl: 0.0, update_epoch: 2, num_batch: 4
[2026-10-10 11:52:19,231][agent.finetune.train_ppo_diffusion_agent][INFO] - approx_kl: 0.0, update_epoch: 2, num_batch: 4
[2026-10-10 11:52:20,992][agent.finetune.train_ppo_diffusion_agent][INFO] - approx_kl: 0.0, update_epoch: 3, num_batch: 4
[2026-10-10 11:52:22,858][agent.finetune.train_ppo_diffusion_agent][INFO] - approx_kl: 0.0, update_epoch: 3, num_batch: 4
[2026-10-10 11:52:24,724][agent.finetune.train_ppo_diffusion_agent][INFO] - approx_kl: 0.0, update_epoch: 3, num_batch: 4
[2026-10-10 11:52:26,695][agent.finetune.train_ppo_diffusion_agent][INFO] - approx_kl: 0.0, update_epoch: 3, num_batch: 4
[2026-10-10 11:52:28,468][agent.finetune.train_ppo_diffusion_agent][INFO] - approx_kl: 0.0, update_epoch: 4, num_batch: 4
[2026-10-10 11:52:30,386][agent.finetune.train_ppo_diffusion_agent][INFO] - approx_kl: 0.0, update_epoch: 4, num_batch: 4
[2026-10-10 11:52:32,256][agent.finetune.train_ppo_diffusion_agent][INFO] - approx_kl: 0.0, update_epoch: 4, num_batch: 4
[2026-10-10 11:52:34,254][agent.finetune.train_ppo_diffusion_agent][INFO] - approx_kl: 0.0, update_epoch: 4, num_batch: 4
[2026-10-10 11:52:41,768][agent.finetune.train_ppo_diffusion_agent][INFO] - 111: step  8000000 | loss -2736.0308 | pg loss -2736.0851 | value loss   0.1089 | bc loss   0.0000 | reward 4124.7320 | eta   1.0000 | t: 57.7466 | kl_true_per_action=0.00038924733998021283 | logratio_p99=0.029787032604217514 | clamp_hit_frac=0.0007354166666666667 | actor_step_ratio=1.0 | actor_step_clipfrac=0.0
[2026-10-10 11:52:41,768][agent.finetune.stage3_support][INFO] - STAGE3_METRICS {"J_disc_train": 1457.1247571561848, "J_disc_train_se": 18.920959983912763, "action_oor_frac": 0.15291041666666666, "adv_raw_mean": 1072.8714035481635, "adv_raw_std": 483.72404578579625, "diagnostics_seconds": 0.12143137503881007, "episode_count": 80, "explained_var": 0.41174131631851196, "explained_var_reason": null, "grad_cos_prev": 0.0463240980817123, "grad_cos_prev_reason": null, "grad_norm": 130.25617200740962, "policy_action_oor_frac": 0.15292708333333332, "proj_active": false, "reward_clip_frac": 0.0, "rollout_seconds": 12.702880796045065, "split_diff_sq": 59302.609719156404, "split_dot": 2141.0189337495826, "theta_dist": 0.7658295265760392, "theta_dist_preproj": 0.7658295265760392, "update_norm": 0.01799692963883157, "update_seconds": 44.9180450119311, "x0_sat_frac_last": 0.03897782224445556, "x0_sat_frac_mean": 0.0977340779793884}
[2026-10-10 11:52:56,637][agent.finetune.train_ppo_diffusion_agent][INFO] - approx_kl: 0.0, update_epoch: 0, num_batch: 4
[2026-10-10 11:52:58,587][agent.finetune.train_ppo_diffusion_agent][INFO] - approx_kl: 0.0, update_epoch: 0, num_batch: 4
[2026-10-10 11:53:00,430][agent.finetune.train_ppo_diffusion_agent][INFO] - approx_kl: 0.0, update_epoch: 0, num_batch: 4
[2026-10-10 11:53:02,064][agent.finetune.train_ppo_diffusion_agent][INFO] - approx_kl: 0.0, update_epoch: 0, num_batch: 4
[2026-10-10 11:53:03,777][agent.finetune.train_ppo_diffusion_agent][INFO] - approx_kl: 0.0, update_epoch: 1, num_batch: 4
[2026-10-10 11:53:05,516][agent.finetune.train_ppo_diffusion_agent][INFO] - approx_kl: 0.0, update_epoch: 1, num_batch: 4
[2026-10-10 11:53:07,513][agent.finetune.train_ppo_diffusion_agent][INFO] - approx_kl: 0.0, update_epoch: 1, num_batch: 4
[2026-10-10 11:53:09,161][agent.finetune.train_ppo_diffusion_agent][INFO] - approx_kl: 0.0, update_epoch: 1, num_batch: 4
[2026-10-10 11:53:10,899][agent.finetune.train_ppo_diffusion_agent][INFO] - approx_kl: 0.0, update_epoch: 2, num_batch: 4
[2026-10-10 11:53:12,631][agent.finetune.train_ppo_diffusion_agent][INFO] - approx_kl: 0.0, update_epoch: 2, num_batch: 4
[2026-10-10 11:53:14,475][agent.finetune.train_ppo_diffusion_agent][INFO] - approx_kl: 0.0, update_epoch: 2, num_batch: 4
[2026-10-10 11:53:16,123][agent.finetune.train_ppo_diffusion_agent][INFO] - approx_kl: 0.0, update_epoch: 2, num_batch: 4
[2026-10-10 11:53:17,838][agent.finetune.train_ppo_diffusion_agent][INFO] - approx_kl: 0.0, update_epoch: 3, num_batch: 4
[2026-10-10 11:53:19,593][agent.finetune.train_ppo_diffusion_agent][INFO] - approx_kl: 0.0, update_epoch: 3, num_batch: 4
[2026-10-10 11:53:21,450][agent.finetune.train_ppo_diffusion_agent][INFO] - approx_kl: 0.0, update_epoch: 3, num_batch: 4
[2026-10-10 11:53:23,126][agent.finetune.train_ppo_diffusion_agent][INFO] - approx_kl: 0.0, update_epoch: 3, num_batch: 4
[2026-10-10 11:53:24,872][agent.finetune.train_ppo_diffusion_agent][INFO] - approx_kl: 0.0, update_epoch: 4, num_batch: 4
[2026-10-10 11:53:26,614][agent.finetune.train_ppo_diffusion_agent][INFO] - approx_kl: 0.0, update_epoch: 4, num_batch: 4
[2026-10-10 11:53:28,462][agent.finetune.train_ppo_diffusion_agent][INFO] - approx_kl: 0.0, update_epoch: 4, num_batch: 4
[2026-10-10 11:53:30,113][agent.finetune.train_ppo_diffusion_agent][INFO] - approx_kl: 0.0, update_epoch: 4, num_batch: 4
[2026-10-10 11:53:37,195][agent.finetune.train_ppo_diffusion_agent][INFO] - 112: step  8080000 | loss -2715.5645 | pg loss -2715.6187 | value loss   0.1082 | bc loss   0.0000 | reward 4114.5534 | eta   1.0000 | t: 55.4264 | kl_true_per_action=0.000352034564875165 | logratio_p99=0.028084254264831528 | clamp_hit_frac=0.0008229166666666667 | actor_step_ratio=1.0 | actor_step_clipfrac=0.0
[2026-10-10 11:53:37,195][agent.finetune.stage3_support][INFO] - STAGE3_METRICS {"J_disc_train": 1441.0096705326418, "J_disc_train_se": 15.233807750738976, "action_oor_frac": 0.15305416666666666, "adv_raw_mean": 1075.1815264331603, "adv_raw_std": 455.09247418660294, "diagnostics_seconds": 0.13563231902662665, "episode_count": 80, "explained_var": 0.1730017066001892, "explained_var_reason": null, "grad_cos_prev": -0.1281019402627326, "grad_cos_prev_reason": null, "grad_norm": 124.31979746505772, "policy_action_oor_frac": 0.15307916666666666, "proj_active": false, "reward_clip_frac": 0.0, "rollout_seconds": 12.807689322973602, "split_diff_sq": 63647.885140456696, "split_dot": -456.5591101101061, "theta_dist": 0.7693333648092388, "theta_dist_preproj": 0.7693333648092388, "update_norm": 0.018063166784662285, "update_seconds": 42.478512438130565, "x0_sat_frac_last": 0.03900840751730959, "x0_sat_frac_mean": 0.09780003618778627}
[2026-10-10 11:53:52,477][agent.finetune.train_ppo_diffusion_agent][INFO] - approx_kl: 0.0, update_epoch: 0, num_batch: 4
[2026-10-10 11:53:54,350][agent.finetune.train_ppo_diffusion_agent][INFO] - approx_kl: 0.0, update_epoch: 0, num_batch: 4
[2026-10-10 11:53:56,336][agent.finetune.train_ppo_diffusion_agent][INFO] - approx_kl: 0.0, update_epoch: 0, num_batch: 4
[2026-10-10 11:53:58,102][agent.finetune.train_ppo_diffusion_agent][INFO] - approx_kl: 0.0, update_epoch: 0, num_batch: 4
[2026-10-10 11:53:59,974][agent.finetune.train_ppo_diffusion_agent][INFO] - approx_kl: 0.0, update_epoch: 1, num_batch: 4
[2026-10-10 11:54:01,888][agent.finetune.train_ppo_diffusion_agent][INFO] - approx_kl: 0.0, update_epoch: 1, num_batch: 4
[2026-10-10 11:54:03,942][agent.finetune.train_ppo_diffusion_agent][INFO] - approx_kl: 0.0, update_epoch: 1, num_batch: 4
[2026-10-10 11:54:05,712][agent.finetune.train_ppo_diffusion_agent][INFO] - approx_kl: 0.0, update_epoch: 1, num_batch: 4
[2026-10-10 11:54:07,581][agent.finetune.train_ppo_diffusion_agent][INFO] - approx_kl: 0.0, update_epoch: 2, num_batch: 4
[2026-10-10 11:54:09,446][agent.finetune.train_ppo_diffusion_agent][INFO] - approx_kl: 0.0, update_epoch: 2, num_batch: 4
[2026-10-10 11:54:11,430][agent.finetune.train_ppo_diffusion_agent][INFO] - approx_kl: 0.0, update_epoch: 2, num_batch: 4
[2026-10-10 11:54:13,236][agent.finetune.train_ppo_diffusion_agent][INFO] - approx_kl: 0.0, update_epoch: 2, num_batch: 4
[2026-10-10 11:54:15,093][agent.finetune.train_ppo_diffusion_agent][INFO] - approx_kl: 0.0, update_epoch: 3, num_batch: 4
[2026-10-10 11:54:16,966][agent.finetune.train_ppo_diffusion_agent][INFO] - approx_kl: 0.0, update_epoch: 3, num_batch: 4
[2026-10-10 11:54:18,941][agent.finetune.train_ppo_diffusion_agent][INFO] - approx_kl: 0.0, update_epoch: 3, num_batch: 4
[2026-10-10 11:54:20,718][agent.finetune.train_ppo_diffusion_agent][INFO] - approx_kl: 0.0, update_epoch: 3, num_batch: 4
[2026-10-10 11:54:22,593][agent.finetune.train_ppo_diffusion_agent][INFO] - approx_kl: 0.0, update_epoch: 4, num_batch: 4
[2026-10-10 11:54:24,467][agent.finetune.train_ppo_diffusion_agent][INFO] - approx_kl: 0.0, update_epoch: 4, num_batch: 4
[2026-10-10 11:54:26,473][agent.finetune.train_ppo_diffusion_agent][INFO] - approx_kl: 0.0, update_epoch: 4, num_batch: 4
[2026-10-10 11:54:28,262][agent.finetune.train_ppo_diffusion_agent][INFO] - approx_kl: 0.0, update_epoch: 4, num_batch: 4
[2026-10-10 11:54:35,858][agent.finetune.train_ppo_diffusion_agent][INFO] - 113: step  8160000 | loss -2598.9963 | pg loss -2599.0508 | value loss   0.1087 | bc loss   0.0000 | reward 3937.7595 | eta   1.0000 | t: 58.6637 | kl_true_per_action=0.0003569348993994725 | logratio_p99=0.028017182350158498 | clamp_hit_frac=0.00075 | actor_step_ratio=1.0 | actor_step_clipfrac=0.0
[2026-10-10 11:54:35,859][agent.finetune.stage3_support][INFO] - STAGE3_METRICS {"J_disc_train": 1408.0978240900283, "J_disc_train_se": 29.726327617651425, "action_oor_frac": 0.14830625, "adv_raw_mean": 1017.49705744971, "adv_raw_std": 517.525963836605, "diagnostics_seconds": 0.12437683600001037, "episode_count": 80, "explained_var": 0.6296444237232208, "explained_var_reason": null, "grad_cos_prev": -0.035965286500705775, "grad_cos_prev_reason": null, "grad_norm": 111.73059569914481, "policy_action_oor_frac": 0.14832083333333335, "proj_active": false, "reward_clip_frac": 0.0, "rollout_seconds": 12.791693574050441, "split_diff_sq": 49064.38030058138, "split_dot": 217.63056241293737, "theta_dist": 0.7728133064805266, "theta_dist_preproj": 0.7728133064805266, "update_norm": 0.018030563835048103, "update_seconds": 45.74120591010433, "x0_sat_frac_last": 0.03870232172470978, "x0_sat_frac_mean": 0.09474404861767907}
[2026-10-10 11:54:51,092][agent.finetune.train_ppo_diffusion_agent][INFO] - approx_kl: 0.0, update_epoch: 0, num_batch: 4
[2026-10-10 11:54:52,973][agent.finetune.train_ppo_diffusion_agent][INFO] - approx_kl: 0.0, update_epoch: 0, num_batch: 4
[2026-10-10 11:54:54,964][agent.finetune.train_ppo_diffusion_agent][INFO] - approx_kl: 0.0, update_epoch: 0, num_batch: 4
[2026-10-10 11:54:56,743][agent.finetune.train_ppo_diffusion_agent][INFO] - approx_kl: 0.0, update_epoch: 0, num_batch: 4
[2026-10-10 11:54:58,589][agent.finetune.train_ppo_diffusion_agent][INFO] - approx_kl: 0.0, update_epoch: 1, num_batch: 4
[2026-10-10 11:55:00,578][agent.finetune.train_ppo_diffusion_agent][INFO] - approx_kl: 0.0, update_epoch: 1, num_batch: 4
[2026-10-10 11:55:02,359][agent.finetune.train_ppo_diffusion_agent][INFO] - approx_kl: 0.0, update_epoch: 1, num_batch: 4
[2026-10-10 11:55:04,240][agent.finetune.train_ppo_diffusion_agent][INFO] - approx_kl: 0.0, update_epoch: 1, num_batch: 4
[2026-10-10 11:55:06,119][agent.finetune.train_ppo_diffusion_agent][INFO] - approx_kl: 0.0, update_epoch: 2, num_batch: 4
[2026-10-10 11:55:08,107][agent.finetune.train_ppo_diffusion_agent][INFO] - approx_kl: 0.0, update_epoch: 2, num_batch: 4
[2026-10-10 11:55:09,881][agent.finetune.train_ppo_diffusion_agent][INFO] - approx_kl: 0.0, update_epoch: 2, num_batch: 4
[2026-10-10 11:55:11,778][agent.finetune.train_ppo_diffusion_agent][INFO] - approx_kl: 0.0, update_epoch: 2, num_batch: 4
[2026-10-10 11:55:13,720][agent.finetune.train_ppo_diffusion_agent][INFO] - approx_kl: 0.0, update_epoch: 3, num_batch: 4
[2026-10-10 11:55:15,728][agent.finetune.train_ppo_diffusion_agent][INFO] - approx_kl: 0.0, update_epoch: 3, num_batch: 4
[2026-10-10 11:55:17,487][agent.finetune.train_ppo_diffusion_agent][INFO] - approx_kl: 0.0, update_epoch: 3, num_batch: 4
[2026-10-10 11:55:19,332][agent.finetune.train_ppo_diffusion_agent][INFO] - approx_kl: 0.0, update_epoch: 3, num_batch: 4
[2026-10-10 11:55:21,208][agent.finetune.train_ppo_diffusion_agent][INFO] - approx_kl: 0.0, update_epoch: 4, num_batch: 4
[2026-10-10 11:55:23,199][agent.finetune.train_ppo_diffusion_agent][INFO] - approx_kl: 0.0, update_epoch: 4, num_batch: 4
[2026-10-10 11:55:24,986][agent.finetune.train_ppo_diffusion_agent][INFO] - approx_kl: 0.0, update_epoch: 4, num_batch: 4
[2026-10-10 11:55:26,907][agent.finetune.train_ppo_diffusion_agent][INFO] - approx_kl: 0.0, update_epoch: 4, num_batch: 4
[2026-10-10 11:55:34,511][agent.finetune.train_ppo_diffusion_agent][INFO] - 114: step  8240000 | loss -2713.4988 | pg loss -2713.5522 | value loss   0.1070 | bc loss   0.0000 | reward 4126.6672 | eta   1.0000 | t: 58.6531 | kl_true_per_action=0.00035419295891448793 | logratio_p99=0.02752413272857656 | clamp_hit_frac=0.00080625 | actor_step_ratio=1.0 | actor_step_clipfrac=0.0
[2026-10-10 11:55:34,512][agent.finetune.stage3_support][INFO] - STAGE3_METRICS {"J_disc_train": 1449.1273881512843, "J_disc_train_se": 17.529274357671902, "action_oor_frac": 0.15370208333333332, "adv_raw_mean": 1076.8124503172833, "adv_raw_std": 453.4601002150173, "diagnostics_seconds": 0.11473474092781544, "episode_count": 80, "explained_var": 0.2466566562652588, "explained_var_reason": null, "grad_cos_prev": 0.010122110844830043, "grad_cos_prev_reason": null, "grad_norm": 120.33053219018828, "policy_action_oor_frac": 0.15373333333333333, "proj_active": false, "reward_clip_frac": 0.0, "rollout_seconds": 13.098225385067053, "split_diff_sq": 57683.0140389469, "split_dot": 58.683588774307054, "theta_dist": 0.7762682327826286, "theta_dist_preproj": 0.7762682327826286, "update_norm": 0.017998881837103565, "update_seconds": 45.43237597204279, "x0_sat_frac_last": 0.038613778002358094, "x0_sat_frac_mean": 0.09839481794682575}
[2026-10-10 11:55:49,740][agent.finetune.train_ppo_diffusion_agent][INFO] - approx_kl: 0.0, update_epoch: 0, num_batch: 4
[2026-10-10 11:55:51,588][agent.finetune.train_ppo_diffusion_agent][INFO] - approx_kl: 0.0, update_epoch: 0, num_batch: 4
[2026-10-10 11:55:53,245][agent.finetune.train_ppo_diffusion_agent][INFO] - approx_kl: 0.0, update_epoch: 0, num_batch: 4
[2026-10-10 11:55:55,000][agent.finetune.train_ppo_diffusion_agent][INFO] - approx_kl: 0.0, update_epoch: 0, num_batch: 4
[2026-10-10 11:55:56,725][agent.finetune.train_ppo_diffusion_agent][INFO] - approx_kl: 0.0, update_epoch: 1, num_batch: 4
[2026-10-10 11:55:58,568][agent.finetune.train_ppo_diffusion_agent][INFO] - approx_kl: 0.0, update_epoch: 1, num_batch: 4
[2026-10-10 11:56:00,226][agent.finetune.train_ppo_diffusion_agent][INFO] - approx_kl: 0.0, update_epoch: 1, num_batch: 4
[2026-10-10 11:56:01,987][agent.finetune.train_ppo_diffusion_agent][INFO] - approx_kl: 0.0, update_epoch: 1, num_batch: 4
[2026-10-10 11:56:03,739][agent.finetune.train_ppo_diffusion_agent][INFO] - approx_kl: 0.0, update_epoch: 2, num_batch: 4
[2026-10-10 11:56:05,596][agent.finetune.train_ppo_diffusion_agent][INFO] - approx_kl: 0.0, update_epoch: 2, num_batch: 4
[2026-10-10 11:56:07,248][agent.finetune.train_ppo_diffusion_agent][INFO] - approx_kl: 0.0, update_epoch: 2, num_batch: 4
[2026-10-10 11:56:08,992][agent.finetune.train_ppo_diffusion_agent][INFO] - approx_kl: 0.0, update_epoch: 2, num_batch: 4
[2026-10-10 11:56:10,802][agent.finetune.train_ppo_diffusion_agent][INFO] - approx_kl: 0.0, update_epoch: 3, num_batch: 4
[2026-10-10 11:56:12,696][agent.finetune.train_ppo_diffusion_agent][INFO] - approx_kl: 0.0, update_epoch: 3, num_batch: 4
[2026-10-10 11:56:14,365][agent.finetune.train_ppo_diffusion_agent][INFO] - approx_kl: 0.0, update_epoch: 3, num_batch: 4
[2026-10-10 11:56:16,099][agent.finetune.train_ppo_diffusion_agent][INFO] - approx_kl: 0.0, update_epoch: 3, num_batch: 4
[2026-10-10 11:56:17,806][agent.finetune.train_ppo_diffusion_agent][INFO] - approx_kl: 0.0, update_epoch: 4, num_batch: 4
[2026-10-10 11:56:19,641][agent.finetune.train_ppo_diffusion_agent][INFO] - approx_kl: 0.0, update_epoch: 4, num_batch: 4
[2026-10-10 11:56:21,274][agent.finetune.train_ppo_diffusion_agent][INFO] - approx_kl: 0.0, update_epoch: 4, num_batch: 4
[2026-10-10 11:56:23,030][agent.finetune.train_ppo_diffusion_agent][INFO] - approx_kl: 0.0, update_epoch: 4, num_batch: 4
[2026-10-10 11:56:30,068][agent.finetune.train_ppo_diffusion_agent][INFO] - 115: step  8320000 | loss -2737.0337 | pg loss -2737.0864 | value loss   0.1053 | bc loss   0.0000 | reward 4168.0065 | eta   1.0000 | t: 55.5565 | kl_true_per_action=0.0003677932416716173 | logratio_p99=0.02870172858238219 | clamp_hit_frac=0.0008625 | actor_step_ratio=1.0 | actor_step_clipfrac=0.0
[2026-10-10 11:56:30,068][agent.finetune.stage3_support][INFO] - STAGE3_METRICS {"J_disc_train": 1470.2289872002289, "J_disc_train_se": 16.572653192840534, "action_oor_frac": 0.15514791666666666, "adv_raw_mean": 1084.991935699329, "adv_raw_std": 467.8507942466507, "diagnostics_seconds": 0.13218591001350433, "episode_count": 80, "explained_var": 0.33728039264678955, "explained_var_reason": null, "grad_cos_prev": -7.221444151625884e-05, "grad_cos_prev_reason": null, "grad_norm": 117.63855047020614, "policy_action_oor_frac": 0.15516666666666667, "proj_active": false, "reward_clip_frac": 0.0, "rollout_seconds": 12.905464799958281, "split_diff_sq": 54819.979880233805, "split_dot": 133.83330098375086, "theta_dist": 0.7796309430652858, "theta_dist_preproj": 0.7796309430652858, "update_norm": 0.018207619925908473, "update_seconds": 42.51273979898542, "x0_sat_frac_last": 0.0394704433497537, "x0_sat_frac_mean": 0.0977191826340657}
[2026-10-10 11:56:44,921][agent.finetune.train_ppo_diffusion_agent][INFO] - approx_kl: 0.0, update_epoch: 0, num_batch: 4
[2026-10-10 11:56:47,019][agent.finetune.train_ppo_diffusion_agent][INFO] - approx_kl: 0.0, update_epoch: 0, num_batch: 4
[2026-10-10 11:56:48,811][agent.finetune.train_ppo_diffusion_agent][INFO] - approx_kl: 0.0, update_epoch: 0, num_batch: 4
[2026-10-10 11:56:50,715][agent.finetune.train_ppo_diffusion_agent][INFO] - approx_kl: 0.0, update_epoch: 0, num_batch: 4
[2026-10-10 11:56:52,649][agent.finetune.train_ppo_diffusion_agent][INFO] - approx_kl: 0.0, update_epoch: 1, num_batch: 4
[2026-10-10 11:56:54,745][agent.finetune.train_ppo_diffusion_agent][INFO] - approx_kl: 0.0, update_epoch: 1, num_batch: 4
[2026-10-10 11:56:56,539][agent.finetune.train_ppo_diffusion_agent][INFO] - approx_kl: 0.0, update_epoch: 1, num_batch: 4
[2026-10-10 11:56:58,441][agent.finetune.train_ppo_diffusion_agent][INFO] - approx_kl: 0.0, update_epoch: 1, num_batch: 4
[2026-10-10 11:57:00,345][agent.finetune.train_ppo_diffusion_agent][INFO] - approx_kl: 0.0, update_epoch: 2, num_batch: 4
[2026-10-10 11:57:02,453][agent.finetune.train_ppo_diffusion_agent][INFO] - approx_kl: 0.0, update_epoch: 2, num_batch: 4
[2026-10-10 11:57:04,251][agent.finetune.train_ppo_diffusion_agent][INFO] - approx_kl: 0.0, update_epoch: 2, num_batch: 4
[2026-10-10 11:57:06,152][agent.finetune.train_ppo_diffusion_agent][INFO] - approx_kl: 0.0, update_epoch: 2, num_batch: 4
[2026-10-10 11:57:08,079][agent.finetune.train_ppo_diffusion_agent][INFO] - approx_kl: 0.0, update_epoch: 3, num_batch: 4
[2026-10-10 11:57:10,172][agent.finetune.train_ppo_diffusion_agent][INFO] - approx_kl: 0.0, update_epoch: 3, num_batch: 4
[2026-10-10 11:57:11,962][agent.finetune.train_ppo_diffusion_agent][INFO] - approx_kl: 0.0, update_epoch: 3, num_batch: 4
[2026-10-10 11:57:13,900][agent.finetune.train_ppo_diffusion_agent][INFO] - approx_kl: 0.0, update_epoch: 3, num_batch: 4
[2026-10-10 11:57:15,823][agent.finetune.train_ppo_diffusion_agent][INFO] - approx_kl: 0.0, update_epoch: 4, num_batch: 4
[2026-10-10 11:57:17,903][agent.finetune.train_ppo_diffusion_agent][INFO] - approx_kl: 0.0, update_epoch: 4, num_batch: 4
[2026-10-10 11:57:19,700][agent.finetune.train_ppo_diffusion_agent][INFO] - approx_kl: 0.0, update_epoch: 4, num_batch: 4
[2026-10-10 11:57:21,658][agent.finetune.train_ppo_diffusion_agent][INFO] - approx_kl: 0.0, update_epoch: 4, num_batch: 4
[2026-10-10 11:57:29,497][agent.finetune.train_ppo_diffusion_agent][INFO] - 116: step  8400000 | loss -2629.0862 | pg loss -2629.1387 | value loss   0.1048 | bc loss   0.0000 | reward 3993.3023 | eta   1.0000 | t: 59.4293 | kl_true_per_action=0.00037788015205215524 | logratio_p99=0.028535349369049036 | clamp_hit_frac=0.0008270833333333333 | actor_step_ratio=1.0 | actor_step_clipfrac=0.0
[2026-10-10 11:57:29,498][agent.finetune.stage3_support][INFO] - STAGE3_METRICS {"J_disc_train": 1416.5155975233422, "J_disc_train_se": 27.094151725398994, "action_oor_frac": 0.15055833333333332, "adv_raw_mean": 1036.3807389734827, "adv_raw_std": 507.6905522517469, "diagnostics_seconds": 0.12997843394987285, "episode_count": 80, "explained_var": 0.6128951609134674, "explained_var_reason": null, "grad_cos_prev": 0.01656983587273323, "grad_cos_prev_reason": null, "grad_norm": 110.39588259938115, "policy_action_oor_frac": 0.15058333333333335, "proj_active": false, "reward_clip_frac": 0.0, "rollout_seconds": 12.703661427018233, "split_diff_sq": 50986.094803897606, "split_dot": -559.2730100443142, "theta_dist": 0.7831224319329404, "theta_dist_preproj": 0.7831224319329404, "update_norm": 0.018211261895787485, "update_seconds": 46.591461544972844, "x0_sat_frac_last": 0.040255308392315475, "x0_sat_frac_mean": 0.09515747303913072}
[2026-10-10 11:57:44,472][agent.finetune.train_ppo_diffusion_agent][INFO] - approx_kl: 0.0, update_epoch: 0, num_batch: 4
[2026-10-10 11:57:46,576][agent.finetune.train_ppo_diffusion_agent][INFO] - approx_kl: 0.0, update_epoch: 0, num_batch: 4
[2026-10-10 11:57:48,373][agent.finetune.train_ppo_diffusion_agent][INFO] - approx_kl: 0.0, update_epoch: 0, num_batch: 4
[2026-10-10 11:57:50,292][agent.finetune.train_ppo_diffusion_agent][INFO] - approx_kl: 0.0, update_epoch: 0, num_batch: 4
[2026-10-10 11:57:52,211][agent.finetune.train_ppo_diffusion_agent][INFO] - approx_kl: 0.0, update_epoch: 1, num_batch: 4
[2026-10-10 11:57:54,302][agent.finetune.train_ppo_diffusion_agent][INFO] - approx_kl: 0.0, update_epoch: 1, num_batch: 4
[2026-10-10 11:57:56,100][agent.finetune.train_ppo_diffusion_agent][INFO] - approx_kl: 0.0, update_epoch: 1, num_batch: 4
[2026-10-10 11:57:58,066][agent.finetune.train_ppo_diffusion_agent][INFO] - approx_kl: 0.0, update_epoch: 1, num_batch: 4
[2026-10-10 11:58:00,218][agent.finetune.train_ppo_diffusion_agent][INFO] - approx_kl: 0.0, update_epoch: 2, num_batch: 4
[2026-10-10 11:58:02,225][agent.finetune.train_ppo_diffusion_agent][INFO] - approx_kl: 0.0, update_epoch: 2, num_batch: 4
[2026-10-10 11:58:03,992][agent.finetune.train_ppo_diffusion_agent][INFO] - approx_kl: 0.0, update_epoch: 2, num_batch: 4
[2026-10-10 11:58:05,865][agent.finetune.train_ppo_diffusion_agent][INFO] - approx_kl: 0.0, update_epoch: 2, num_batch: 4
[2026-10-10 11:58:07,753][agent.finetune.train_ppo_diffusion_agent][INFO] - approx_kl: 0.0, update_epoch: 3, num_batch: 4
[2026-10-10 11:58:09,879][agent.finetune.train_ppo_diffusion_agent][INFO] - approx_kl: 0.0, update_epoch: 3, num_batch: 4
[2026-10-10 11:58:11,647][agent.finetune.train_ppo_diffusion_agent][INFO] - approx_kl: 0.0, update_epoch: 3, num_batch: 4
[2026-10-10 11:58:13,552][agent.finetune.train_ppo_diffusion_agent][INFO] - approx_kl: 0.0, update_epoch: 3, num_batch: 4
[2026-10-10 11:58:15,386][agent.finetune.train_ppo_diffusion_agent][INFO] - approx_kl: 0.0, update_epoch: 4, num_batch: 4
[2026-10-10 11:58:17,354][agent.finetune.train_ppo_diffusion_agent][INFO] - approx_kl: 0.0, update_epoch: 4, num_batch: 4
[2026-10-10 11:58:19,095][agent.finetune.train_ppo_diffusion_agent][INFO] - approx_kl: 0.0, update_epoch: 4, num_batch: 4
[2026-10-10 11:58:20,956][agent.finetune.train_ppo_diffusion_agent][INFO] - approx_kl: 0.0, update_epoch: 4, num_batch: 4
[2026-10-10 11:58:28,603][agent.finetune.train_ppo_diffusion_agent][INFO] - 117: step  8480000 | loss -2726.2280 | pg loss -2726.2819 | value loss   0.1081 | bc loss   0.0000 | reward 4137.0182 | eta   1.0000 | t: 59.1063 | kl_true_per_action=0.0003424996239435561 | logratio_p99=0.027735786437988248 | clamp_hit_frac=0.0007645833333333334 | actor_step_ratio=1.0 | actor_step_clipfrac=0.0
[2026-10-10 11:58:28,604][agent.finetune.stage3_support][INFO] - STAGE3_METRICS {"J_disc_train": 1451.4239128436157, "J_disc_train_se": 16.226496845437737, "action_oor_frac": 0.15551666666666666, "adv_raw_mean": 1080.0434087243934, "adv_raw_std": 461.49831545106696, "diagnostics_seconds": 0.11789903382305056, "episode_count": 80, "explained_var": 0.19789546728134155, "explained_var_reason": null, "grad_cos_prev": -0.02028928178311887, "grad_cos_prev_reason": null, "grad_norm": 113.62570602599475, "policy_action_oor_frac": 0.15554583333333333, "proj_active": false, "reward_clip_frac": 0.0, "rollout_seconds": 12.831705835997127, "split_diff_sq": 52143.60999258082, "split_dot": -125.10092186024798, "theta_dist": 0.7864971045987859, "theta_dist_preproj": 0.7864971045987859, "update_norm": 0.01812707526573432, "update_seconds": 46.15151440515183, "x0_sat_frac_last": 0.039780701754385965, "x0_sat_frac_mean": 0.09874978835952374}
[2026-10-10 11:58:43,985][agent.finetune.train_ppo_diffusion_agent][INFO] - approx_kl: 0.0, update_epoch: 0, num_batch: 4
[2026-10-10 11:58:45,743][agent.finetune.train_ppo_diffusion_agent][INFO] - approx_kl: 0.0, update_epoch: 0, num_batch: 4
[2026-10-10 11:58:47,612][agent.finetune.train_ppo_diffusion_agent][INFO] - approx_kl: 0.0, update_epoch: 0, num_batch: 4
[2026-10-10 11:58:49,446][agent.finetune.train_ppo_diffusion_agent][INFO] - approx_kl: 0.0, update_epoch: 0, num_batch: 4
[2026-10-10 11:58:51,404][agent.finetune.train_ppo_diffusion_agent][INFO] - approx_kl: 0.0, update_epoch: 1, num_batch: 4
[2026-10-10 11:58:53,192][agent.finetune.train_ppo_diffusion_agent][INFO] - approx_kl: 0.0, update_epoch: 1, num_batch: 4
[2026-10-10 11:58:55,046][agent.finetune.train_ppo_diffusion_agent][INFO] - approx_kl: 0.0, update_epoch: 1, num_batch: 4
[2026-10-10 11:58:56,902][agent.finetune.train_ppo_diffusion_agent][INFO] - approx_kl: 0.0, update_epoch: 1, num_batch: 4
[2026-10-10 11:58:58,872][agent.finetune.train_ppo_diffusion_agent][INFO] - approx_kl: 0.0, update_epoch: 2, num_batch: 4
[2026-10-10 11:59:00,637][agent.finetune.train_ppo_diffusion_agent][INFO] - approx_kl: 0.0, update_epoch: 2, num_batch: 4
[2026-10-10 11:59:02,470][agent.finetune.train_ppo_diffusion_agent][INFO] - approx_kl: 0.0, update_epoch: 2, num_batch: 4
[2026-10-10 11:59:04,326][agent.finetune.train_ppo_diffusion_agent][INFO] - approx_kl: 0.0, update_epoch: 2, num_batch: 4
[2026-10-10 11:59:06,307][agent.finetune.train_ppo_diffusion_agent][INFO] - approx_kl: 0.0, update_epoch: 3, num_batch: 4
[2026-10-10 11:59:08,067][agent.finetune.train_ppo_diffusion_agent][INFO] - approx_kl: 0.0, update_epoch: 3, num_batch: 4
[2026-10-10 11:59:09,921][agent.finetune.train_ppo_diffusion_agent][INFO] - approx_kl: 0.0, update_epoch: 3, num_batch: 4
[2026-10-10 11:59:11,779][agent.finetune.train_ppo_diffusion_agent][INFO] - approx_kl: 0.0, update_epoch: 3, num_batch: 4
[2026-10-10 11:59:13,736][agent.finetune.train_ppo_diffusion_agent][INFO] - approx_kl: 0.0, update_epoch: 4, num_batch: 4
[2026-10-10 11:59:15,492][agent.finetune.train_ppo_diffusion_agent][INFO] - approx_kl: 0.0, update_epoch: 4, num_batch: 4
[2026-10-10 11:59:17,354][agent.finetune.train_ppo_diffusion_agent][INFO] - approx_kl: 0.0, update_epoch: 4, num_batch: 4
[2026-10-10 11:59:19,183][agent.finetune.train_ppo_diffusion_agent][INFO] - approx_kl: 0.0, update_epoch: 4, num_batch: 4
[2026-10-10 11:59:26,783][agent.finetune.train_ppo_diffusion_agent][INFO] - 118: step  8560000 | loss -2782.8696 | pg loss -2782.9248 | value loss   0.1105 | bc loss   0.0000 | reward 4212.9441 | eta   1.0000 | t: 58.1794 | kl_true_per_action=0.0004092355629142641 | logratio_p99=0.029251352548599147 | clamp_hit_frac=0.0007270833333333334 | actor_step_ratio=1.0 | actor_step_clipfrac=0.0
[2026-10-10 11:59:26,783][agent.finetune.stage3_support][INFO] - STAGE3_METRICS {"J_disc_train": 1468.9796129797749, "J_disc_train_se": 13.025563714471703, "action_oor_frac": 0.15758541666666667, "adv_raw_mean": 1103.4616998763208, "adv_raw_std": 448.05695587012207, "diagnostics_seconds": 0.12542895483784378, "episode_count": 80, "explained_var": 0.030101895332336426, "explained_var_reason": null, "grad_cos_prev": 0.004293494791260538, "grad_cos_prev_reason": null, "grad_norm": 121.54679007306231, "policy_action_oor_frac": 0.15760208333333334, "proj_active": false, "reward_clip_frac": 0.0, "rollout_seconds": 13.175707360031083, "split_diff_sq": 52654.89508632022, "split_dot": 1609.8982940742549, "theta_dist": 0.7898488277325155, "theta_dist_preproj": 0.7898488277325155, "update_norm": 0.01826709155765282, "update_seconds": 44.87399420212023, "x0_sat_frac_last": 0.039165383957585086, "x0_sat_frac_mean": 0.09936763743072163}
[2026-10-10 11:59:41,771][agent.finetune.train_ppo_diffusion_agent][INFO] - approx_kl: 0.0, update_epoch: 0, num_batch: 4
[2026-10-10 11:59:43,541][agent.finetune.train_ppo_diffusion_agent][INFO] - approx_kl: 0.0, update_epoch: 0, num_batch: 4
[2026-10-10 11:59:45,390][agent.finetune.train_ppo_diffusion_agent][INFO] - approx_kl: 0.0, update_epoch: 0, num_batch: 4
[2026-10-10 11:59:47,231][agent.finetune.train_ppo_diffusion_agent][INFO] - approx_kl: 0.0, update_epoch: 0, num_batch: 4
[2026-10-10 11:59:49,183][agent.finetune.train_ppo_diffusion_agent][INFO] - approx_kl: 0.0, update_epoch: 1, num_batch: 4
[2026-10-10 11:59:50,937][agent.finetune.train_ppo_diffusion_agent][INFO] - approx_kl: 0.0, update_epoch: 1, num_batch: 4
[2026-10-10 11:59:52,808][agent.finetune.train_ppo_diffusion_agent][INFO] - approx_kl: 0.0, update_epoch: 1, num_batch: 4
[2026-10-10 11:59:54,683][agent.finetune.train_ppo_diffusion_agent][INFO] - approx_kl: 0.0, update_epoch: 1, num_batch: 4
[2026-10-10 11:59:56,653][agent.finetune.train_ppo_diffusion_agent][INFO] - approx_kl: 0.0, update_epoch: 2, num_batch: 4
[2026-10-10 11:59:58,411][agent.finetune.train_ppo_diffusion_agent][INFO] - approx_kl: 0.0, update_epoch: 2, num_batch: 4
[2026-10-10 12:00:00,281][agent.finetune.train_ppo_diffusion_agent][INFO] - approx_kl: 0.0, update_epoch: 2, num_batch: 4
[2026-10-10 12:00:02,102][agent.finetune.train_ppo_diffusion_agent][INFO] - approx_kl: 0.0, update_epoch: 2, num_batch: 4
[2026-10-10 12:00:04,049][agent.finetune.train_ppo_diffusion_agent][INFO] - approx_kl: 0.0, update_epoch: 3, num_batch: 4
[2026-10-10 12:00:05,796][agent.finetune.train_ppo_diffusion_agent][INFO] - approx_kl: 0.0, update_epoch: 3, num_batch: 4
[2026-10-10 12:00:07,643][agent.finetune.train_ppo_diffusion_agent][INFO] - approx_kl: 0.0, update_epoch: 3, num_batch: 4
[2026-10-10 12:00:09,493][agent.finetune.train_ppo_diffusion_agent][INFO] - approx_kl: 0.0, update_epoch: 3, num_batch: 4
[2026-10-10 12:00:11,450][agent.finetune.train_ppo_diffusion_agent][INFO] - approx_kl: 0.0, update_epoch: 4, num_batch: 4
[2026-10-10 12:00:13,210][agent.finetune.train_ppo_diffusion_agent][INFO] - approx_kl: 0.0, update_epoch: 4, num_batch: 4
[2026-10-10 12:00:15,037][agent.finetune.train_ppo_diffusion_agent][INFO] - approx_kl: 0.0, update_epoch: 4, num_batch: 4
[2026-10-10 12:00:16,869][agent.finetune.train_ppo_diffusion_agent][INFO] - approx_kl: 0.0, update_epoch: 4, num_batch: 4
[2026-10-10 12:00:24,344][agent.finetune.train_ppo_diffusion_agent][INFO] - 119: step  8640000 | loss -2772.8103 | pg loss -2772.8629 | value loss   0.1050 | bc loss   0.0000 | reward 4202.1061 | eta   1.0000 | t: 57.5608 | kl_true_per_action=0.00036230347086310314 | logratio_p99=0.027873693704605094 | clamp_hit_frac=0.0007625 | actor_step_ratio=1.0 | actor_step_clipfrac=0.0
[2026-10-10 12:00:24,344][agent.finetune.stage3_support][INFO] - STAGE3_METRICS {"J_disc_train": 1478.9116040283216, "J_disc_train_se": 13.227823506265839, "action_oor_frac": 0.15681875, "adv_raw_mean": 1095.1934542866866, "adv_raw_std": 455.82094549814923, "diagnostics_seconds": 0.11071718099992722, "episode_count": 80, "explained_var": 0.1382589340209961, "explained_var_reason": null, "grad_cos_prev": 0.025185895383353946, "grad_cos_prev_reason": null, "grad_norm": 119.53357885365226, "policy_action_oor_frac": 0.15683333333333332, "proj_active": false, "reward_clip_frac": 0.0, "rollout_seconds": 12.823227336979471, "split_diff_sq": 56105.10166485676, "split_dot": 262.00107091614433, "theta_dist": 0.7931636301635988, "theta_dist_preproj": 0.7931636301635988, "update_norm": 0.01836469796263719, "update_seconds": 44.622653942904435, "x0_sat_frac_last": 0.041540148448043185, "x0_sat_frac_mean": 0.09801642402691535}
[2026-10-10 12:00:37,340][agent.finetune.train_ppo_diffusion_agent][INFO] - eval: success rate   1.0000 | avg episode reward 4445.3107 | avg best reward   6.5726
[2026-10-10 12:00:37,340][agent.finetune.stage3_support][INFO] - STAGE3_METRICS {"J_disc_eval": 1557.9800338149057, "J_disc_eval_se": 13.738462812293928, "action_oor_frac": 0.0, "diagnostics_seconds": 0.0037098299944773316, "episode_count": 80, "policy_action_oor_frac": 0.0, "rollout_seconds": 12.988477921928279, "update_seconds": 0.0}
[2026-10-10 12:00:52,423][agent.finetune.train_ppo_diffusion_agent][INFO] - approx_kl: 0.0, update_epoch: 0, num_batch: 4
[2026-10-10 12:00:54,175][agent.finetune.train_ppo_diffusion_agent][INFO] - approx_kl: 0.0, update_epoch: 0, num_batch: 4
[2026-10-10 12:00:56,031][agent.finetune.train_ppo_diffusion_agent][INFO] - approx_kl: 0.0, update_epoch: 0, num_batch: 4
[2026-10-10 12:00:57,989][agent.finetune.train_ppo_diffusion_agent][INFO] - approx_kl: 0.0, update_epoch: 0, num_batch: 4
[2026-10-10 12:00:59,747][agent.finetune.train_ppo_diffusion_agent][INFO] - approx_kl: 0.0, update_epoch: 1, num_batch: 4
[2026-10-10 12:01:01,592][agent.finetune.train_ppo_diffusion_agent][INFO] - approx_kl: 0.0, update_epoch: 1, num_batch: 4
[2026-10-10 12:01:03,421][agent.finetune.train_ppo_diffusion_agent][INFO] - approx_kl: 0.0, update_epoch: 1, num_batch: 4
[2026-10-10 12:01:05,361][agent.finetune.train_ppo_diffusion_agent][INFO] - approx_kl: 0.0, update_epoch: 1, num_batch: 4
[2026-10-10 12:01:07,116][agent.finetune.train_ppo_diffusion_agent][INFO] - approx_kl: 0.0, update_epoch: 2, num_batch: 4
[2026-10-10 12:01:08,975][agent.finetune.train_ppo_diffusion_agent][INFO] - approx_kl: 0.0, update_epoch: 2, num_batch: 4
[2026-10-10 12:01:10,828][agent.finetune.train_ppo_diffusion_agent][INFO] - approx_kl: 0.0, update_epoch: 2, num_batch: 4
[2026-10-10 12:01:12,763][agent.finetune.train_ppo_diffusion_agent][INFO] - approx_kl: 0.0, update_epoch: 2, num_batch: 4
[2026-10-10 12:01:14,533][agent.finetune.train_ppo_diffusion_agent][INFO] - approx_kl: 0.0, update_epoch: 3, num_batch: 4
[2026-10-10 12:01:16,383][agent.finetune.train_ppo_diffusion_agent][INFO] - approx_kl: 0.0, update_epoch: 3, num_batch: 4
[2026-10-10 12:01:18,236][agent.finetune.train_ppo_diffusion_agent][INFO] - approx_kl: 0.0, update_epoch: 3, num_batch: 4
[2026-10-10 12:01:20,166][agent.finetune.train_ppo_diffusion_agent][INFO] - approx_kl: 0.0, update_epoch: 3, num_batch: 4
[2026-10-10 12:01:21,915][agent.finetune.train_ppo_diffusion_agent][INFO] - approx_kl: 0.0, update_epoch: 4, num_batch: 4
[2026-10-10 12:01:23,796][agent.finetune.train_ppo_diffusion_agent][INFO] - approx_kl: 0.0, update_epoch: 4, num_batch: 4
[2026-10-10 12:01:25,650][agent.finetune.train_ppo_diffusion_agent][INFO] - approx_kl: 0.0, update_epoch: 4, num_batch: 4
[2026-10-10 12:01:27,625][agent.finetune.train_ppo_diffusion_agent][INFO] - approx_kl: 0.0, update_epoch: 4, num_batch: 4
[2026-10-10 12:01:35,163][agent.finetune.train_ppo_diffusion_agent][INFO] - 121: step  8720000 | loss -2657.3079 | pg loss -2657.3611 | value loss   0.1064 | bc loss   0.0000 | reward 4034.9655 | eta   1.0000 | t: 57.8232 | kl_true_per_action=0.00035977779291201386 | logratio_p99=0.02723194360733032 | clamp_hit_frac=0.0007604166666666666 | actor_step_ratio=1.0 | actor_step_clipfrac=0.0
[2026-10-10 12:01:35,163][agent.finetune.stage3_support][INFO] - STAGE3_METRICS {"J_disc_train": 1425.9396310902325, "J_disc_train_se": 21.961225471994453, "action_oor_frac": 0.15188125, "adv_raw_mean": 1049.3140891842472, "adv_raw_std": 478.897700946867, "diagnostics_seconds": 0.10885205818340182, "episode_count": 80, "explained_var": 0.44050055742263794, "explained_var_reason": null, "grad_cos_prev": -0.06280193389774048, "grad_cos_prev_reason": null, "grad_norm": 114.72435763308606, "policy_action_oor_frac": 0.15189375, "proj_active": false, "reward_clip_frac": 0.0, "rollout_seconds": 12.92155523400288, "split_diff_sq": 55820.17666531527, "split_dot": -793.3664274668771, "theta_dist": 0.7967228082648236, "theta_dist_preproj": 0.7967228082648236, "update_norm": 0.01826968413175668, "update_seconds": 44.788282491848804, "x0_sat_frac_last": 0.0406437875751503, "x0_sat_frac_mean": 0.09574717207854017}
[2026-10-10 12:01:49,999][agent.finetune.train_ppo_diffusion_agent][INFO] - approx_kl: 0.0, update_epoch: 0, num_batch: 4
[2026-10-10 12:01:51,777][agent.finetune.train_ppo_diffusion_agent][INFO] - approx_kl: 0.0, update_epoch: 0, num_batch: 4
[2026-10-10 12:01:53,576][agent.finetune.train_ppo_diffusion_agent][INFO] - approx_kl: 0.0, update_epoch: 0, num_batch: 4
[2026-10-10 12:01:55,525][agent.finetune.train_ppo_diffusion_agent][INFO] - approx_kl: 0.0, update_epoch: 0, num_batch: 4
[2026-10-10 12:01:57,188][agent.finetune.train_ppo_diffusion_agent][INFO] - approx_kl: 0.0, update_epoch: 1, num_batch: 4
[2026-10-10 12:01:58,984][agent.finetune.train_ppo_diffusion_agent][INFO] - approx_kl: 0.0, update_epoch: 1, num_batch: 4
[2026-10-10 12:02:00,752][agent.finetune.train_ppo_diffusion_agent][INFO] - approx_kl: 0.0, update_epoch: 1, num_batch: 4
[2026-10-10 12:02:02,685][agent.finetune.train_ppo_diffusion_agent][INFO] - approx_kl: 0.0, update_epoch: 1, num_batch: 4
[2026-10-10 12:02:04,350][agent.finetune.train_ppo_diffusion_agent][INFO] - approx_kl: 0.0, update_epoch: 2, num_batch: 4
[2026-10-10 12:02:06,146][agent.finetune.train_ppo_diffusion_agent][INFO] - approx_kl: 0.0, update_epoch: 2, num_batch: 4
[2026-10-10 12:02:07,940][agent.finetune.train_ppo_diffusion_agent][INFO] - approx_kl: 0.0, update_epoch: 2, num_batch: 4
[2026-10-10 12:02:09,861][agent.finetune.train_ppo_diffusion_agent][INFO] - approx_kl: 0.0, update_epoch: 2, num_batch: 4
[2026-10-10 12:02:11,500][agent.finetune.train_ppo_diffusion_agent][INFO] - approx_kl: 0.0, update_epoch: 3, num_batch: 4
[2026-10-10 12:02:13,319][agent.finetune.train_ppo_diffusion_agent][INFO] - approx_kl: 0.0, update_epoch: 3, num_batch: 4
[2026-10-10 12:02:15,106][agent.finetune.train_ppo_diffusion_agent][INFO] - approx_kl: 0.0, update_epoch: 3, num_batch: 4
[2026-10-10 12:02:17,033][agent.finetune.train_ppo_diffusion_agent][INFO] - approx_kl: 0.0, update_epoch: 3, num_batch: 4
[2026-10-10 12:02:18,695][agent.finetune.train_ppo_diffusion_agent][INFO] - approx_kl: 0.0, update_epoch: 4, num_batch: 4
[2026-10-10 12:02:20,466][agent.finetune.train_ppo_diffusion_agent][INFO] - approx_kl: 0.0, update_epoch: 4, num_batch: 4
[2026-10-10 12:02:22,273][agent.finetune.train_ppo_diffusion_agent][INFO] - approx_kl: 0.0, update_epoch: 4, num_batch: 4
[2026-10-10 12:02:24,219][agent.finetune.train_ppo_diffusion_agent][INFO] - approx_kl: 0.0, update_epoch: 4, num_batch: 4
[2026-10-10 12:02:31,461][agent.finetune.train_ppo_diffusion_agent][INFO] - 122: step  8800000 | loss -2637.2253 | pg loss -2637.2770 | value loss   0.1029 | bc loss   0.0000 | reward 4001.4320 | eta   1.0000 | t: 56.2978 | kl_true_per_action=0.000424951993448098 | logratio_p99=0.030044423341751007 | clamp_hit_frac=0.0008041666666666667 | actor_step_ratio=1.0 | actor_step_clipfrac=0.0
[2026-10-10 12:02:31,461][agent.finetune.stage3_support][INFO] - STAGE3_METRICS {"J_disc_train": 1443.330366604592, "J_disc_train_se": 20.926116025195235, "action_oor_frac": 0.15089375, "adv_raw_mean": 1029.013981515684, "adv_raw_std": 504.17201148855133, "diagnostics_seconds": 0.1139164149062708, "episode_count": 80, "explained_var": 0.5552730858325958, "explained_var_reason": null, "grad_cos_prev": 0.01431172475159467, "grad_cos_prev_reason": null, "grad_norm": 113.09115522153193, "policy_action_oor_frac": 0.15092083333333334, "proj_active": false, "reward_clip_frac": 0.0, "rollout_seconds": 12.982697820989415, "split_diff_sq": 56050.1426443311, "split_dot": -1222.9270553051672, "theta_dist": 0.8006911896143258, "theta_dist_preproj": 0.8006911896143258, "update_norm": 0.018491245980630393, "update_seconds": 43.197175101027824, "x0_sat_frac_last": 0.041211066931742875, "x0_sat_frac_mean": 0.09454719085854832}
[2026-10-10 12:02:46,671][agent.finetune.train_ppo_diffusion_agent][INFO] - approx_kl: 0.0, update_epoch: 0, num_batch: 4
[2026-10-10 12:02:48,524][agent.finetune.train_ppo_diffusion_agent][INFO] - approx_kl: 0.0, update_epoch: 0, num_batch: 4
[2026-10-10 12:02:50,376][agent.finetune.train_ppo_diffusion_agent][INFO] - approx_kl: 0.0, update_epoch: 0, num_batch: 4
[2026-10-10 12:02:52,363][agent.finetune.train_ppo_diffusion_agent][INFO] - approx_kl: 0.0, update_epoch: 0, num_batch: 4
[2026-10-10 12:02:54,141][agent.finetune.train_ppo_diffusion_agent][INFO] - approx_kl: 0.0, update_epoch: 1, num_batch: 4
[2026-10-10 12:02:56,017][agent.finetune.train_ppo_diffusion_agent][INFO] - approx_kl: 0.0, update_epoch: 1, num_batch: 4
[2026-10-10 12:02:57,887][agent.finetune.train_ppo_diffusion_agent][INFO] - approx_kl: 0.0, update_epoch: 1, num_batch: 4
[2026-10-10 12:02:59,872][agent.finetune.train_ppo_diffusion_agent][INFO] - approx_kl: 0.0, update_epoch: 1, num_batch: 4
[2026-10-10 12:03:01,647][agent.finetune.train_ppo_diffusion_agent][INFO] - approx_kl: 0.0, update_epoch: 2, num_batch: 4
[2026-10-10 12:03:03,513][agent.finetune.train_ppo_diffusion_agent][INFO] - approx_kl: 0.0, update_epoch: 2, num_batch: 4
[2026-10-10 12:03:05,357][agent.finetune.train_ppo_diffusion_agent][INFO] - approx_kl: 0.0, update_epoch: 2, num_batch: 4
[2026-10-10 12:03:07,320][agent.finetune.train_ppo_diffusion_agent][INFO] - approx_kl: 0.0, update_epoch: 2, num_batch: 4
[2026-10-10 12:03:09,088][agent.finetune.train_ppo_diffusion_agent][INFO] - approx_kl: 0.0, update_epoch: 3, num_batch: 4
[2026-10-10 12:03:10,951][agent.finetune.train_ppo_diffusion_agent][INFO] - approx_kl: 0.0, update_epoch: 3, num_batch: 4
[2026-10-10 12:03:12,819][agent.finetune.train_ppo_diffusion_agent][INFO] - approx_kl: 0.0, update_epoch: 3, num_batch: 4
[2026-10-10 12:03:14,776][agent.finetune.train_ppo_diffusion_agent][INFO] - approx_kl: 0.0, update_epoch: 3, num_batch: 4
[2026-10-10 12:03:16,547][agent.finetune.train_ppo_diffusion_agent][INFO] - approx_kl: 0.0, update_epoch: 4, num_batch: 4
[2026-10-10 12:03:18,421][agent.finetune.train_ppo_diffusion_agent][INFO] - approx_kl: 0.0, update_epoch: 4, num_batch: 4
[2026-10-10 12:03:20,298][agent.finetune.train_ppo_diffusion_agent][INFO] - approx_kl: 0.0, update_epoch: 4, num_batch: 4
[2026-10-10 12:03:22,271][agent.finetune.train_ppo_diffusion_agent][INFO] - approx_kl: 0.0, update_epoch: 4, num_batch: 4
[2026-10-10 12:03:29,787][agent.finetune.train_ppo_diffusion_agent][INFO] - 123: step  8880000 | loss -2732.9817 | pg loss -2733.0364 | value loss   0.1092 | bc loss   0.0000 | reward 4160.4223 | eta   1.0000 | t: 58.3259 | kl_true_per_action=0.0004083232960205236 | logratio_p99=0.029194207191467272 | clamp_hit_frac=0.0008333333333333334 | actor_step_ratio=1.0 | actor_step_clipfrac=0.0
[2026-10-10 12:03:29,787][agent.finetune.stage3_support][INFO] - STAGE3_METRICS {"J_disc_train": 1460.6712106165066, "J_disc_train_se": 17.285908826173756, "action_oor_frac": 0.15626041666666668, "adv_raw_mean": 1085.7431357787202, "adv_raw_std": 459.0345939292162, "diagnostics_seconds": 0.11287461698520929, "episode_count": 80, "explained_var": 0.19480514526367188, "explained_var_reason": null, "grad_cos_prev": -0.008970984785246406, "grad_cos_prev_reason": null, "grad_norm": 120.89969578301661, "policy_action_oor_frac": 0.156275, "proj_active": false, "reward_clip_frac": 0.0, "rollout_seconds": 13.257228804053739, "split_diff_sq": 63414.438889068224, "split_dot": -1236.873488359041, "theta_dist": 0.8047516330278346, "theta_dist_preproj": 0.8047516330278346, "update_norm": 0.018504290132346717, "update_seconds": 44.95154739008285, "x0_sat_frac_last": 0.04352483385799231, "x0_sat_frac_mean": 0.09804765027429747}
[2026-10-10 12:03:44,630][agent.finetune.train_ppo_diffusion_agent][INFO] - approx_kl: 0.0, update_epoch: 0, num_batch: 4
[2026-10-10 12:03:46,481][agent.finetune.train_ppo_diffusion_agent][INFO] - approx_kl: 0.0, update_epoch: 0, num_batch: 4
[2026-10-10 12:03:48,309][agent.finetune.train_ppo_diffusion_agent][INFO] - approx_kl: 0.0, update_epoch: 0, num_batch: 4
[2026-10-10 12:03:50,393][agent.finetune.train_ppo_diffusion_agent][INFO] - approx_kl: 0.0, update_epoch: 0, num_batch: 4
[2026-10-10 12:03:52,158][agent.finetune.train_ppo_diffusion_agent][INFO] - approx_kl: 0.0, update_epoch: 1, num_batch: 4
[2026-10-10 12:03:54,012][agent.finetune.train_ppo_diffusion_agent][INFO] - approx_kl: 0.0, update_epoch: 1, num_batch: 4
[2026-10-10 12:03:55,866][agent.finetune.train_ppo_diffusion_agent][INFO] - approx_kl: 0.0, update_epoch: 1, num_batch: 4
[2026-10-10 12:03:57,805][agent.finetune.train_ppo_diffusion_agent][INFO] - approx_kl: 0.0, update_epoch: 1, num_batch: 4
[2026-10-10 12:03:59,554][agent.finetune.train_ppo_diffusion_agent][INFO] - approx_kl: 0.0, update_epoch: 2, num_batch: 4
[2026-10-10 12:04:01,406][agent.finetune.train_ppo_diffusion_agent][INFO] - approx_kl: 0.0, update_epoch: 2, num_batch: 4
[2026-10-10 12:04:03,250][agent.finetune.train_ppo_diffusion_agent][INFO] - approx_kl: 0.0, update_epoch: 2, num_batch: 4
[2026-10-10 12:04:05,207][agent.finetune.train_ppo_diffusion_agent][INFO] - approx_kl: 0.0, update_epoch: 2, num_batch: 4
[2026-10-10 12:04:06,967][agent.finetune.train_ppo_diffusion_agent][INFO] - approx_kl: 0.0, update_epoch: 3, num_batch: 4
[2026-10-10 12:04:08,827][agent.finetune.train_ppo_diffusion_agent][INFO] - approx_kl: 0.0, update_epoch: 3, num_batch: 4
[2026-10-10 12:04:10,677][agent.finetune.train_ppo_diffusion_agent][INFO] - approx_kl: 0.0, update_epoch: 3, num_batch: 4
[2026-10-10 12:04:12,665][agent.finetune.train_ppo_diffusion_agent][INFO] - approx_kl: 0.0, update_epoch: 3, num_batch: 4
[2026-10-10 12:04:14,468][agent.finetune.train_ppo_diffusion_agent][INFO] - approx_kl: 0.0, update_epoch: 4, num_batch: 4
[2026-10-10 12:04:16,317][agent.finetune.train_ppo_diffusion_agent][INFO] - approx_kl: 0.0, update_epoch: 4, num_batch: 4
[2026-10-10 12:04:18,183][agent.finetune.train_ppo_diffusion_agent][INFO] - approx_kl: 0.0, update_epoch: 4, num_batch: 4
[2026-10-10 12:04:20,118][agent.finetune.train_ppo_diffusion_agent][INFO] - approx_kl: 0.0, update_epoch: 4, num_batch: 4
[2026-10-10 12:04:27,607][agent.finetune.train_ppo_diffusion_agent][INFO] - 124: step  8960000 | loss -2663.5691 | pg loss -2663.6238 | value loss   0.1093 | bc loss   0.0000 | reward 4046.5223 | eta   1.0000 | t: 57.8204 | kl_true_per_action=0.00045623505912470604 | logratio_p99=0.03073403716087338 | clamp_hit_frac=0.0007729166666666667 | actor_step_ratio=1.0 | actor_step_clipfrac=0.0
[2026-10-10 12:04:27,608][agent.finetune.stage3_support][INFO] - STAGE3_METRICS {"J_disc_train": 1432.0852306415013, "J_disc_train_se": 21.496475552285236, "action_oor_frac": 0.1526, "adv_raw_mean": 1051.5031671811623, "adv_raw_std": 485.4423964336382, "diagnostics_seconds": 0.10883154778275639, "episode_count": 80, "explained_var": 0.4656514525413513, "explained_var_reason": null, "grad_cos_prev": -0.015204966238191592, "grad_cos_prev_reason": null, "grad_norm": 109.88154778533179, "policy_action_oor_frac": 0.15261875, "proj_active": false, "reward_clip_frac": 0.0, "rollout_seconds": 12.856389487045817, "split_diff_sq": 54524.68531059907, "split_dot": -1557.2155681858721, "theta_dist": 0.8088958998354435, "theta_dist_preproj": 0.8088958998354435, "update_norm": 0.018558734053584887, "update_seconds": 44.85065861220937, "x0_sat_frac_last": 0.04254273504273504, "x0_sat_frac_mean": 0.09583067746218786}
[2026-10-10 12:04:42,505][agent.finetune.train_ppo_diffusion_agent][INFO] - approx_kl: 0.0, update_epoch: 0, num_batch: 4
[2026-10-10 12:04:44,435][agent.finetune.train_ppo_diffusion_agent][INFO] - approx_kl: 0.0, update_epoch: 0, num_batch: 4
[2026-10-10 12:04:46,420][agent.finetune.train_ppo_diffusion_agent][INFO] - approx_kl: 0.0, update_epoch: 0, num_batch: 4
[2026-10-10 12:04:48,200][agent.finetune.train_ppo_diffusion_agent][INFO] - approx_kl: 0.0, update_epoch: 0, num_batch: 4
[2026-10-10 12:04:50,044][agent.finetune.train_ppo_diffusion_agent][INFO] - approx_kl: 0.0, update_epoch: 1, num_batch: 4
[2026-10-10 12:04:51,914][agent.finetune.train_ppo_diffusion_agent][INFO] - approx_kl: 0.0, update_epoch: 1, num_batch: 4
[2026-10-10 12:04:53,920][agent.finetune.train_ppo_diffusion_agent][INFO] - approx_kl: 0.0, update_epoch: 1, num_batch: 4
[2026-10-10 12:04:55,720][agent.finetune.train_ppo_diffusion_agent][INFO] - approx_kl: 0.0, update_epoch: 1, num_batch: 4
[2026-10-10 12:04:57,618][agent.finetune.train_ppo_diffusion_agent][INFO] - approx_kl: 0.0, update_epoch: 2, num_batch: 4
[2026-10-10 12:04:59,464][agent.finetune.train_ppo_diffusion_agent][INFO] - approx_kl: 0.0, update_epoch: 2, num_batch: 4
[2026-10-10 12:05:01,432][agent.finetune.train_ppo_diffusion_agent][INFO] - approx_kl: 0.0, update_epoch: 2, num_batch: 4
[2026-10-10 12:05:03,208][agent.finetune.train_ppo_diffusion_agent][INFO] - approx_kl: 0.0, update_epoch: 2, num_batch: 4
[2026-10-10 12:05:05,079][agent.finetune.train_ppo_diffusion_agent][INFO] - approx_kl: 0.0, update_epoch: 3, num_batch: 4
[2026-10-10 12:05:06,965][agent.finetune.train_ppo_diffusion_agent][INFO] - approx_kl: 0.0, update_epoch: 3, num_batch: 4
[2026-10-10 12:05:09,033][agent.finetune.train_ppo_diffusion_agent][INFO] - approx_kl: 0.0, update_epoch: 3, num_batch: 4
[2026-10-10 12:05:10,809][agent.finetune.train_ppo_diffusion_agent][INFO] - approx_kl: 0.0, update_epoch: 3, num_batch: 4
[2026-10-10 12:05:12,674][agent.finetune.train_ppo_diffusion_agent][INFO] - approx_kl: 0.0, update_epoch: 4, num_batch: 4
[2026-10-10 12:05:14,540][agent.finetune.train_ppo_diffusion_agent][INFO] - approx_kl: 0.0, update_epoch: 4, num_batch: 4
[2026-10-10 12:05:16,487][agent.finetune.train_ppo_diffusion_agent][INFO] - approx_kl: 0.0, update_epoch: 4, num_batch: 4
[2026-10-10 12:05:18,266][agent.finetune.train_ppo_diffusion_agent][INFO] - approx_kl: 0.0, update_epoch: 4, num_batch: 4
[2026-10-10 12:05:25,810][agent.finetune.train_ppo_diffusion_agent][INFO] - 125: step  9040000 | loss -2583.0020 | pg loss -2583.0562 | value loss   0.1086 | bc loss   0.0000 | reward 3938.8233 | eta   1.0000 | t: 58.2025 | kl_true_per_action=0.0004879049738465463 | logratio_p99=0.03216674923896781 | clamp_hit_frac=0.0008 | actor_step_ratio=1.0 | actor_step_clipfrac=0.0
[2026-10-10 12:05:25,810][agent.finetune.stage3_support][INFO] - STAGE3_METRICS {"J_disc_train": 1403.9954804302695, "J_disc_train_se": 25.508037208891206, "action_oor_frac": 0.14978541666666667, "adv_raw_mean": 1019.5471135479582, "adv_raw_std": 513.2497876869593, "diagnostics_seconds": 0.11361806700006127, "episode_count": 80, "explained_var": 0.615031510591507, "explained_var_reason": null, "grad_cos_prev": -0.02059058888073865, "grad_cos_prev_reason": null, "grad_norm": 116.51606689641552, "policy_action_oor_frac": 0.1498125, "proj_active": false, "reward_clip_frac": 0.0, "rollout_seconds": 12.834696167963557, "split_diff_sq": 51953.35095934135, "split_dot": 587.6557705148803, "theta_dist": 0.8129135184908864, "theta_dist_preproj": 0.8129135184908864, "update_norm": 0.018628537696891913, "update_seconds": 45.24989627499599, "x0_sat_frac_last": 0.04016038696537678, "x0_sat_frac_mean": 0.09422703277351173}
[2026-10-10 12:05:40,773][agent.finetune.train_ppo_diffusion_agent][INFO] - approx_kl: 0.0, update_epoch: 0, num_batch: 4
[2026-10-10 12:05:42,639][agent.finetune.train_ppo_diffusion_agent][INFO] - approx_kl: 0.0, update_epoch: 0, num_batch: 4
[2026-10-10 12:05:44,628][agent.finetune.train_ppo_diffusion_agent][INFO] - approx_kl: 0.0, update_epoch: 0, num_batch: 4
[2026-10-10 12:05:46,389][agent.finetune.train_ppo_diffusion_agent][INFO] - approx_kl: 0.0, update_epoch: 0, num_batch: 4
[2026-10-10 12:05:48,249][agent.finetune.train_ppo_diffusion_agent][INFO] - approx_kl: 0.0, update_epoch: 1, num_batch: 4
[2026-10-10 12:05:50,103][agent.finetune.train_ppo_diffusion_agent][INFO] - approx_kl: 0.0, update_epoch: 1, num_batch: 4
[2026-10-10 12:05:52,064][agent.finetune.train_ppo_diffusion_agent][INFO] - approx_kl: 0.0, update_epoch: 1, num_batch: 4
[2026-10-10 12:05:53,825][agent.finetune.train_ppo_diffusion_agent][INFO] - approx_kl: 0.0, update_epoch: 1, num_batch: 4
[2026-10-10 12:05:55,686][agent.finetune.train_ppo_diffusion_agent][INFO] - approx_kl: 0.0, update_epoch: 2, num_batch: 4
[2026-10-10 12:05:57,531][agent.finetune.train_ppo_diffusion_agent][INFO] - approx_kl: 0.0, update_epoch: 2, num_batch: 4
[2026-10-10 12:05:59,492][agent.finetune.train_ppo_diffusion_agent][INFO] - approx_kl: 0.0, update_epoch: 2, num_batch: 4
[2026-10-10 12:06:01,255][agent.finetune.train_ppo_diffusion_agent][INFO] - approx_kl: 0.0, update_epoch: 2, num_batch: 4
[2026-10-10 12:06:03,086][agent.finetune.train_ppo_diffusion_agent][INFO] - approx_kl: 0.0, update_epoch: 3, num_batch: 4
[2026-10-10 12:06:04,916][agent.finetune.train_ppo_diffusion_agent][INFO] - approx_kl: 0.0, update_epoch: 3, num_batch: 4
[2026-10-10 12:06:06,867][agent.finetune.train_ppo_diffusion_agent][INFO] - approx_kl: 0.0, update_epoch: 3, num_batch: 4
[2026-10-10 12:06:08,639][agent.finetune.train_ppo_diffusion_agent][INFO] - approx_kl: 0.0, update_epoch: 3, num_batch: 4
[2026-10-10 12:06:10,501][agent.finetune.train_ppo_diffusion_agent][INFO] - approx_kl: 0.0, update_epoch: 4, num_batch: 4
[2026-10-10 12:06:12,337][agent.finetune.train_ppo_diffusion_agent][INFO] - approx_kl: 0.0, update_epoch: 4, num_batch: 4
[2026-10-10 12:06:14,329][agent.finetune.train_ppo_diffusion_agent][INFO] - approx_kl: 0.0, update_epoch: 4, num_batch: 4
[2026-10-10 12:06:16,090][agent.finetune.train_ppo_diffusion_agent][INFO] - approx_kl: 0.0, update_epoch: 4, num_batch: 4
[2026-10-10 12:06:23,569][agent.finetune.train_ppo_diffusion_agent][INFO] - 126: step  9120000 | loss -2750.5811 | pg loss -2750.6364 | value loss   0.1103 | bc loss   0.0000 | reward 4172.5150 | eta   1.0000 | t: 57.7594 | kl_true_per_action=0.0004541706614232851 | logratio_p99=0.03137188076972957 | clamp_hit_frac=0.0007833333333333334 | actor_step_ratio=1.0 | actor_step_clipfrac=0.0
[2026-10-10 12:06:23,569][agent.finetune.stage3_support][INFO] - STAGE3_METRICS {"J_disc_train": 1469.8739838660288, "J_disc_train_se": 14.522170361028426, "action_oor_frac": 0.156875, "adv_raw_mean": 1086.9358894696102, "adv_raw_std": 456.943231800821, "diagnostics_seconds": 0.11661287699826062, "episode_count": 80, "explained_var": 0.05525469779968262, "explained_var_reason": null, "grad_cos_prev": 0.04221110637418665, "grad_cos_prev_reason": null, "grad_norm": 116.53063572268955, "policy_action_oor_frac": 0.15689791666666666, "proj_active": false, "reward_clip_frac": 0.0, "rollout_seconds": 12.905953026958741, "split_diff_sq": 54093.46612837324, "split_dot": 56.02320268673748, "theta_dist": 0.8168127141623859, "theta_dist_preproj": 0.8168127141623859, "update_norm": 0.018466784755026375, "update_seconds": 44.73243303212803, "x0_sat_frac_last": 0.04188266804907552, "x0_sat_frac_mean": 0.09948186070912401}
[2026-10-10 12:06:38,601][agent.finetune.train_ppo_diffusion_agent][INFO] - approx_kl: 0.0, update_epoch: 0, num_batch: 4
[2026-10-10 12:06:40,457][agent.finetune.train_ppo_diffusion_agent][INFO] - approx_kl: 0.0, update_epoch: 0, num_batch: 4
[2026-10-10 12:06:42,429][agent.finetune.train_ppo_diffusion_agent][INFO] - approx_kl: 0.0, update_epoch: 0, num_batch: 4
[2026-10-10 12:06:44,214][agent.finetune.train_ppo_diffusion_agent][INFO] - approx_kl: 0.0, update_epoch: 0, num_batch: 4
[2026-10-10 12:06:46,082][agent.finetune.train_ppo_diffusion_agent][INFO] - approx_kl: 0.0, update_epoch: 1, num_batch: 4
[2026-10-10 12:06:48,036][agent.finetune.train_ppo_diffusion_agent][INFO] - approx_kl: 0.0, update_epoch: 1, num_batch: 4
[2026-10-10 12:06:49,797][agent.finetune.train_ppo_diffusion_agent][INFO] - approx_kl: 0.0, update_epoch: 1, num_batch: 4
[2026-10-10 12:06:51,633][agent.finetune.train_ppo_diffusion_agent][INFO] - approx_kl: 0.0, update_epoch: 1, num_batch: 4
[2026-10-10 12:06:53,527][agent.finetune.train_ppo_diffusion_agent][INFO] - approx_kl: 0.0, update_epoch: 2, num_batch: 4
[2026-10-10 12:06:55,495][agent.finetune.train_ppo_diffusion_agent][INFO] - approx_kl: 0.0, update_epoch: 2, num_batch: 4
[2026-10-10 12:06:57,273][agent.finetune.train_ppo_diffusion_agent][INFO] - approx_kl: 0.0, update_epoch: 2, num_batch: 4
[2026-10-10 12:06:59,162][agent.finetune.train_ppo_diffusion_agent][INFO] - approx_kl: 0.0, update_epoch: 2, num_batch: 4
[2026-10-10 12:07:01,030][agent.finetune.train_ppo_diffusion_agent][INFO] - approx_kl: 0.0, update_epoch: 3, num_batch: 4
[2026-10-10 12:07:02,988][agent.finetune.train_ppo_diffusion_agent][INFO] - approx_kl: 0.0, update_epoch: 3, num_batch: 4
[2026-10-10 12:07:04,746][agent.finetune.train_ppo_diffusion_agent][INFO] - approx_kl: 0.0, update_epoch: 3, num_batch: 4
[2026-10-10 12:07:06,630][agent.finetune.train_ppo_diffusion_agent][INFO] - approx_kl: 0.0, update_epoch: 3, num_batch: 4
[2026-10-10 12:07:08,512][agent.finetune.train_ppo_diffusion_agent][INFO] - approx_kl: 0.0, update_epoch: 4, num_batch: 4
[2026-10-10 12:07:10,501][agent.finetune.train_ppo_diffusion_agent][INFO] - approx_kl: 0.0, update_epoch: 4, num_batch: 4
[2026-10-10 12:07:12,275][agent.finetune.train_ppo_diffusion_agent][INFO] - approx_kl: 0.0, update_epoch: 4, num_batch: 4
[2026-10-10 12:07:14,127][agent.finetune.train_ppo_diffusion_agent][INFO] - approx_kl: 0.0, update_epoch: 4, num_batch: 4
[2026-10-10 12:07:21,688][agent.finetune.train_ppo_diffusion_agent][INFO] - 127: step  9200000 | loss -2741.6052 | pg loss -2741.6603 | value loss   0.1102 | bc loss   0.0000 | reward 4159.1336 | eta   1.0000 | t: 58.1186 | kl_true_per_action=0.0004643352728691474 | logratio_p99=0.031898132562637314 | clamp_hit_frac=0.0007541666666666667 | actor_step_ratio=1.0 | actor_step_clipfrac=0.0
[2026-10-10 12:07:21,688][agent.finetune.stage3_support][INFO] - STAGE3_METRICS {"J_disc_train": 1469.83356000704, "J_disc_train_se": 14.607885845294401, "action_oor_frac": 0.15738125, "adv_raw_mean": 1081.599359353142, "adv_raw_std": 467.6568414497167, "diagnostics_seconds": 0.11418244487140328, "episode_count": 80, "explained_var": 0.27259373664855957, "explained_var_reason": null, "grad_cos_prev": 0.005799156133363225, "grad_cos_prev_reason": null, "grad_norm": 125.49848612530847, "policy_action_oor_frac": 0.15740416666666668, "proj_active": false, "reward_clip_frac": 0.0, "rollout_seconds": 12.972588107921183, "split_diff_sq": 56544.3424308794, "split_dot": 1613.784293149779, "theta_dist": 0.8209062284815724, "theta_dist_preproj": 0.8209062284815724, "update_norm": 0.018559661899939225, "update_seconds": 45.0278883210849, "x0_sat_frac_last": 0.04502857623129938, "x0_sat_frac_mean": 0.0998256162272233}
[2026-10-10 12:07:36,803][agent.finetune.train_ppo_diffusion_agent][INFO] - approx_kl: 0.0, update_epoch: 0, num_batch: 4
[2026-10-10 12:07:38,784][agent.finetune.train_ppo_diffusion_agent][INFO] - approx_kl: 0.0, update_epoch: 0, num_batch: 4
[2026-10-10 12:07:40,465][agent.finetune.train_ppo_diffusion_agent][INFO] - approx_kl: 0.0, update_epoch: 0, num_batch: 4
[2026-10-10 12:07:42,271][agent.finetune.train_ppo_diffusion_agent][INFO] - approx_kl: 0.0, update_epoch: 0, num_batch: 4
[2026-10-10 12:07:44,083][agent.finetune.train_ppo_diffusion_agent][INFO] - approx_kl: 0.0, update_epoch: 1, num_batch: 4
[2026-10-10 12:07:46,034][agent.finetune.train_ppo_diffusion_agent][INFO] - approx_kl: 0.0, update_epoch: 1, num_batch: 4
[2026-10-10 12:07:47,707][agent.finetune.train_ppo_diffusion_agent][INFO] - approx_kl: 0.0, update_epoch: 1, num_batch: 4
[2026-10-10 12:07:49,481][agent.finetune.train_ppo_diffusion_agent][INFO] - approx_kl: 0.0, update_epoch: 1, num_batch: 4
[2026-10-10 12:07:51,270][agent.finetune.train_ppo_diffusion_agent][INFO] - approx_kl: 0.0, update_epoch: 2, num_batch: 4
[2026-10-10 12:07:53,233][agent.finetune.train_ppo_diffusion_agent][INFO] - approx_kl: 0.0, update_epoch: 2, num_batch: 4
[2026-10-10 12:07:54,906][agent.finetune.train_ppo_diffusion_agent][INFO] - approx_kl: 0.0, update_epoch: 2, num_batch: 4
[2026-10-10 12:07:56,719][agent.finetune.train_ppo_diffusion_agent][INFO] - approx_kl: 0.0, update_epoch: 2, num_batch: 4
[2026-10-10 12:07:58,528][agent.finetune.train_ppo_diffusion_agent][INFO] - approx_kl: 0.0, update_epoch: 3, num_batch: 4
[2026-10-10 12:08:00,459][agent.finetune.train_ppo_diffusion_agent][INFO] - approx_kl: 0.0, update_epoch: 3, num_batch: 4
[2026-10-10 12:08:02,164][agent.finetune.train_ppo_diffusion_agent][INFO] - approx_kl: 0.0, update_epoch: 3, num_batch: 4
[2026-10-10 12:08:03,976][agent.finetune.train_ppo_diffusion_agent][INFO] - approx_kl: 0.0, update_epoch: 3, num_batch: 4
[2026-10-10 12:08:05,758][agent.finetune.train_ppo_diffusion_agent][INFO] - approx_kl: 0.0, update_epoch: 4, num_batch: 4
[2026-10-10 12:08:07,733][agent.finetune.train_ppo_diffusion_agent][INFO] - approx_kl: 0.0, update_epoch: 4, num_batch: 4
[2026-10-10 12:08:09,405][agent.finetune.train_ppo_diffusion_agent][INFO] - approx_kl: 0.0, update_epoch: 4, num_batch: 4
[2026-10-10 12:08:11,217][agent.finetune.train_ppo_diffusion_agent][INFO] - approx_kl: 0.0, update_epoch: 4, num_batch: 4
[2026-10-10 12:08:18,416][agent.finetune.train_ppo_diffusion_agent][INFO] - 128: step  9280000 | loss -2674.6948 | pg loss -2674.7502 | value loss   0.1108 | bc loss   0.0000 | reward 4077.9527 | eta   1.0000 | t: 56.7279 | kl_true_per_action=0.0004110833262794891 | logratio_p99=0.030321580171584858 | clamp_hit_frac=0.0007875 | actor_step_ratio=1.0 | actor_step_clipfrac=0.0
[2026-10-10 12:08:18,416][agent.finetune.stage3_support][INFO] - STAGE3_METRICS {"J_disc_train": 1445.4706400953405, "J_disc_train_se": 16.163923773393822, "action_oor_frac": 0.1556, "adv_raw_mean": 1058.7747172406341, "adv_raw_std": 465.781777523795, "diagnostics_seconds": 0.1066882440354675, "episode_count": 80, "explained_var": 0.39398056268692017, "explained_var_reason": null, "grad_cos_prev": 0.07440647548860625, "grad_cos_prev_reason": null, "grad_norm": 118.92450481298376, "policy_action_oor_frac": 0.15563333333333335, "proj_active": false, "reward_clip_frac": 0.0, "rollout_seconds": 13.089878228027374, "split_diff_sq": 73379.66227595769, "split_dot": -4201.877136625758, "theta_dist": 0.8246438016254481, "theta_dist_preproj": 0.8246438016254481, "update_norm": 0.0183257899190642, "update_seconds": 43.52636389492545, "x0_sat_frac_last": 0.04457269155206287, "x0_sat_frac_mean": 0.09857916352756085}
[2026-10-10 12:08:33,651][agent.finetune.train_ppo_diffusion_agent][INFO] - approx_kl: 0.0, update_epoch: 0, num_batch: 4
[2026-10-10 12:08:35,644][agent.finetune.train_ppo_diffusion_agent][INFO] - approx_kl: 0.0, update_epoch: 0, num_batch: 4
[2026-10-10 12:08:37,426][agent.finetune.train_ppo_diffusion_agent][INFO] - approx_kl: 0.0, update_epoch: 0, num_batch: 4
[2026-10-10 12:08:39,306][agent.finetune.train_ppo_diffusion_agent][INFO] - approx_kl: 0.0, update_epoch: 0, num_batch: 4
[2026-10-10 12:08:41,179][agent.finetune.train_ppo_diffusion_agent][INFO] - approx_kl: 0.0, update_epoch: 1, num_batch: 4
[2026-10-10 12:08:43,180][agent.finetune.train_ppo_diffusion_agent][INFO] - approx_kl: 0.0, update_epoch: 1, num_batch: 4
[2026-10-10 12:08:44,954][agent.finetune.train_ppo_diffusion_agent][INFO] - approx_kl: 0.0, update_epoch: 1, num_batch: 4
[2026-10-10 12:08:46,818][agent.finetune.train_ppo_diffusion_agent][INFO] - approx_kl: 0.0, update_epoch: 1, num_batch: 4
[2026-10-10 12:08:48,682][agent.finetune.train_ppo_diffusion_agent][INFO] - approx_kl: 0.0, update_epoch: 2, num_batch: 4
[2026-10-10 12:08:50,692][agent.finetune.train_ppo_diffusion_agent][INFO] - approx_kl: 0.0, update_epoch: 2, num_batch: 4
[2026-10-10 12:08:52,471][agent.finetune.train_ppo_diffusion_agent][INFO] - approx_kl: 0.0, update_epoch: 2, num_batch: 4
[2026-10-10 12:08:54,374][agent.finetune.train_ppo_diffusion_agent][INFO] - approx_kl: 0.0, update_epoch: 2, num_batch: 4
[2026-10-10 12:08:56,246][agent.finetune.train_ppo_diffusion_agent][INFO] - approx_kl: 0.0, update_epoch: 3, num_batch: 4
[2026-10-10 12:08:58,208][agent.finetune.train_ppo_diffusion_agent][INFO] - approx_kl: 0.0, update_epoch: 3, num_batch: 4
[2026-10-10 12:08:59,964][agent.finetune.train_ppo_diffusion_agent][INFO] - approx_kl: 0.0, update_epoch: 3, num_batch: 4
[2026-10-10 12:09:01,882][agent.finetune.train_ppo_diffusion_agent][INFO] - approx_kl: 0.0, update_epoch: 3, num_batch: 4
[2026-10-10 12:09:03,783][agent.finetune.train_ppo_diffusion_agent][INFO] - approx_kl: 0.0, update_epoch: 4, num_batch: 4
[2026-10-10 12:09:05,804][agent.finetune.train_ppo_diffusion_agent][INFO] - approx_kl: 0.0, update_epoch: 4, num_batch: 4
[2026-10-10 12:09:07,587][agent.finetune.train_ppo_diffusion_agent][INFO] - approx_kl: 0.0, update_epoch: 4, num_batch: 4
[2026-10-10 12:09:09,495][agent.finetune.train_ppo_diffusion_agent][INFO] - approx_kl: 0.0, update_epoch: 4, num_batch: 4
[2026-10-10 12:09:17,048][agent.finetune.train_ppo_diffusion_agent][INFO] - 129: step  9360000 | loss -2615.7383 | pg loss -2615.7914 | value loss   0.1066 | bc loss   0.0000 | reward 3982.1581 | eta   1.0000 | t: 58.6325 | kl_true_per_action=0.0003064761471648715 | logratio_p99=0.025925743579864467 | clamp_hit_frac=0.0007583333333333333 | actor_step_ratio=1.0 | actor_step_clipfrac=0.0
[2026-10-10 12:09:17,049][agent.finetune.stage3_support][INFO] - STAGE3_METRICS {"J_disc_train": 1426.160883412876, "J_disc_train_se": 19.24746195945533, "action_oor_frac": 0.15141875, "adv_raw_mean": 1028.1035105713413, "adv_raw_std": 495.5694224212329, "diagnostics_seconds": 0.11877048294991255, "episode_count": 80, "explained_var": 0.5526280999183655, "explained_var_reason": null, "grad_cos_prev": 0.02244312182997399, "grad_cos_prev_reason": null, "grad_norm": 114.80079714940456, "policy_action_oor_frac": 0.15143541666666666, "proj_active": false, "reward_clip_frac": 0.0, "rollout_seconds": 13.173129445058294, "split_diff_sq": 54755.3237329727, "split_dot": -509.6082131540368, "theta_dist": 0.8281942526303331, "theta_dist_preproj": 0.8281942526303331, "update_norm": 0.01797896177933813, "update_seconds": 45.33646099001635, "x0_sat_frac_last": 0.044462527124019366, "x0_sat_frac_mean": 0.0969355420026669}
[2026-10-10 12:09:29,898][agent.finetune.train_ppo_diffusion_agent][INFO] - eval: success rate   1.0000 | avg episode reward 4391.9451 | avg best reward   6.5524
[2026-10-10 12:09:29,901][agent.finetune.stage3_support][INFO] - STAGE3_METRICS {"J_disc_eval": 1547.5779662379769, "J_disc_eval_se": 15.694102165629934, "action_oor_frac": 0.0, "diagnostics_seconds": 0.012485507992096245, "episode_count": 80, "policy_action_oor_frac": 0.0, "rollout_seconds": 12.83052855997812, "update_seconds": 0.0}
[2026-10-10 12:09:44,819][agent.finetune.train_ppo_diffusion_agent][INFO] - approx_kl: 0.0, update_epoch: 0, num_batch: 4
[2026-10-10 12:09:46,776][agent.finetune.train_ppo_diffusion_agent][INFO] - approx_kl: 0.0, update_epoch: 0, num_batch: 4
[2026-10-10 12:09:48,513][agent.finetune.train_ppo_diffusion_agent][INFO] - approx_kl: 0.0, update_epoch: 0, num_batch: 4
[2026-10-10 12:09:50,363][agent.finetune.train_ppo_diffusion_agent][INFO] - approx_kl: 0.0, update_epoch: 0, num_batch: 4
[2026-10-10 12:09:52,221][agent.finetune.train_ppo_diffusion_agent][INFO] - approx_kl: 0.0, update_epoch: 1, num_batch: 4
[2026-10-10 12:09:54,225][agent.finetune.train_ppo_diffusion_agent][INFO] - approx_kl: 0.0, update_epoch: 1, num_batch: 4
[2026-10-10 12:09:55,985][agent.finetune.train_ppo_diffusion_agent][INFO] - approx_kl: 0.0, update_epoch: 1, num_batch: 4
[2026-10-10 12:09:57,813][agent.finetune.train_ppo_diffusion_agent][INFO] - approx_kl: 0.0, update_epoch: 1, num_batch: 4
[2026-10-10 12:09:59,652][agent.finetune.train_ppo_diffusion_agent][INFO] - approx_kl: 0.0, update_epoch: 2, num_batch: 4
[2026-10-10 12:10:01,608][agent.finetune.train_ppo_diffusion_agent][INFO] - approx_kl: 0.0, update_epoch: 2, num_batch: 4
[2026-10-10 12:10:03,364][agent.finetune.train_ppo_diffusion_agent][INFO] - approx_kl: 0.0, update_epoch: 2, num_batch: 4
[2026-10-10 12:10:05,225][agent.finetune.train_ppo_diffusion_agent][INFO] - approx_kl: 0.0, update_epoch: 2, num_batch: 4
[2026-10-10 12:10:07,128][agent.finetune.train_ppo_diffusion_agent][INFO] - approx_kl: 0.0, update_epoch: 3, num_batch: 4
[2026-10-10 12:10:09,109][agent.finetune.train_ppo_diffusion_agent][INFO] - approx_kl: 0.0, update_epoch: 3, num_batch: 4
[2026-10-10 12:10:10,899][agent.finetune.train_ppo_diffusion_agent][INFO] - approx_kl: 0.0, update_epoch: 3, num_batch: 4
[2026-10-10 12:10:12,726][agent.finetune.train_ppo_diffusion_agent][INFO] - approx_kl: 0.0, update_epoch: 3, num_batch: 4
[2026-10-10 12:10:14,584][agent.finetune.train_ppo_diffusion_agent][INFO] - approx_kl: 0.0, update_epoch: 4, num_batch: 4
[2026-10-10 12:10:16,527][agent.finetune.train_ppo_diffusion_agent][INFO] - approx_kl: 0.0, update_epoch: 4, num_batch: 4
[2026-10-10 12:10:18,279][agent.finetune.train_ppo_diffusion_agent][INFO] - approx_kl: 0.0, update_epoch: 4, num_batch: 4
[2026-10-10 12:10:20,156][agent.finetune.train_ppo_diffusion_agent][INFO] - approx_kl: 0.0, update_epoch: 4, num_batch: 4
[2026-10-10 12:10:27,730][agent.finetune.train_ppo_diffusion_agent][INFO] - 131: step  9440000 | loss -2630.5322 | pg loss -2630.5856 | value loss   0.1065 | bc loss   0.0000 | reward 4009.5066 | eta   1.0000 | t: 57.8324 | kl_true_per_action=0.0003285496125117674 | logratio_p99=0.026457074880599937 | clamp_hit_frac=0.0007833333333333334 | actor_step_ratio=1.0 | actor_step_clipfrac=0.0
[2026-10-10 12:10:27,730][agent.finetune.stage3_support][INFO] - STAGE3_METRICS {"J_disc_train": 1438.3383067940372, "J_disc_train_se": 22.89372217720668, "action_oor_frac": 0.15289583333333334, "adv_raw_mean": 1034.2206750066143, "adv_raw_std": 491.05552726494005, "diagnostics_seconds": 0.12522103905212134, "episode_count": 80, "explained_var": 0.5606826841831207, "explained_var_reason": null, "grad_cos_prev": -0.000590131112714515, "grad_cos_prev_reason": null, "grad_norm": 111.37629587196382, "policy_action_oor_frac": 0.15291458333333333, "proj_active": false, "reward_clip_frac": 0.0, "rollout_seconds": 12.73814438492991, "split_diff_sq": 52784.69337575846, "split_dot": -791.4942751982855, "theta_dist": 0.8319079916213672, "theta_dist_preproj": 0.8319079916213672, "update_norm": 0.01815376686691309, "update_seconds": 44.9595283329254, "x0_sat_frac_last": 0.04563987352304876, "x0_sat_frac_mean": 0.09883582418897384}
[2026-10-10 12:10:42,426][agent.finetune.train_ppo_diffusion_agent][INFO] - approx_kl: 0.0, update_epoch: 0, num_batch: 4
[2026-10-10 12:10:44,090][agent.finetune.train_ppo_diffusion_agent][INFO] - approx_kl: 0.0, update_epoch: 0, num_batch: 4
[2026-10-10 12:10:45,894][agent.finetune.train_ppo_diffusion_agent][INFO] - approx_kl: 0.0, update_epoch: 0, num_batch: 4
[2026-10-10 12:10:47,703][agent.finetune.train_ppo_diffusion_agent][INFO] - approx_kl: 0.0, update_epoch: 0, num_batch: 4
[2026-10-10 12:10:49,626][agent.finetune.train_ppo_diffusion_agent][INFO] - approx_kl: 0.0, update_epoch: 1, num_batch: 4
[2026-10-10 12:10:51,285][agent.finetune.train_ppo_diffusion_agent][INFO] - approx_kl: 0.0, update_epoch: 1, num_batch: 4
[2026-10-10 12:10:53,110][agent.finetune.train_ppo_diffusion_agent][INFO] - approx_kl: 0.0, update_epoch: 1, num_batch: 4
[2026-10-10 12:10:54,909][agent.finetune.train_ppo_diffusion_agent][INFO] - approx_kl: 0.0, update_epoch: 1, num_batch: 4
[2026-10-10 12:10:56,854][agent.finetune.train_ppo_diffusion_agent][INFO] - approx_kl: 0.0, update_epoch: 2, num_batch: 4
[2026-10-10 12:10:58,518][agent.finetune.train_ppo_diffusion_agent][INFO] - approx_kl: 0.0, update_epoch: 2, num_batch: 4
[2026-10-10 12:11:00,299][agent.finetune.train_ppo_diffusion_agent][INFO] - approx_kl: 0.0, update_epoch: 2, num_batch: 4
[2026-10-10 12:11:02,112][agent.finetune.train_ppo_diffusion_agent][INFO] - approx_kl: 0.0, update_epoch: 2, num_batch: 4
[2026-10-10 12:11:04,058][agent.finetune.train_ppo_diffusion_agent][INFO] - approx_kl: 0.0, update_epoch: 3, num_batch: 4
[2026-10-10 12:11:05,704][agent.finetune.train_ppo_diffusion_agent][INFO] - approx_kl: 0.0, update_epoch: 3, num_batch: 4
[2026-10-10 12:11:07,706][agent.finetune.train_ppo_diffusion_agent][INFO] - approx_kl: 0.0, update_epoch: 3, num_batch: 4
[2026-10-10 12:11:09,629][agent.finetune.train_ppo_diffusion_agent][INFO] - approx_kl: 0.0, update_epoch: 3, num_batch: 4
[2026-10-10 12:11:11,621][agent.finetune.train_ppo_diffusion_agent][INFO] - approx_kl: 0.0, update_epoch: 4, num_batch: 4
[2026-10-10 12:11:13,439][agent.finetune.train_ppo_diffusion_agent][INFO] - approx_kl: 0.0, update_epoch: 4, num_batch: 4
[2026-10-10 12:11:15,302][agent.finetune.train_ppo_diffusion_agent][INFO] - approx_kl: 0.0, update_epoch: 4, num_batch: 4
[2026-10-10 12:11:17,182][agent.finetune.train_ppo_diffusion_agent][INFO] - approx_kl: 0.0, update_epoch: 4, num_batch: 4
[2026-10-10 12:11:24,932][agent.finetune.train_ppo_diffusion_agent][INFO] - 132: step  9520000 | loss -2734.2927 | pg loss -2734.3459 | value loss   0.1064 | bc loss   0.0000 | reward 4166.3676 | eta   1.0000 | t: 57.2026 | kl_true_per_action=0.0002703519489926507 | logratio_p99=0.02361719846725463 | clamp_hit_frac=0.0007708333333333333 | actor_step_ratio=1.0 | actor_step_clipfrac=0.0
[2026-10-10 12:11:24,932][agent.finetune.stage3_support][INFO] - STAGE3_METRICS {"J_disc_train": 1465.9022208495696, "J_disc_train_se": 15.764280898057617, "action_oor_frac": 0.15812708333333333, "adv_raw_mean": 1086.0497680106953, "adv_raw_std": 460.74739319666514, "diagnostics_seconds": 0.11774855596013367, "episode_count": 80, "explained_var": 0.24731367826461792, "explained_var_reason": null, "grad_cos_prev": -0.02059283181710011, "grad_cos_prev_reason": null, "grad_norm": 114.58221701626975, "policy_action_oor_frac": 0.15815208333333333, "proj_active": false, "reward_clip_frac": 0.0, "rollout_seconds": 12.515011660056189, "split_diff_sq": 51372.02692862057, "split_dot": 286.0777064067173, "theta_dist": 0.8355543680968249, "theta_dist_preproj": 0.8355543680968249, "update_norm": 0.018005214471217536, "update_seconds": 44.56530590495095, "x0_sat_frac_last": 0.04649697580645162, "x0_sat_frac_mean": 0.10178649863971066}
[2026-10-10 12:11:40,126][agent.finetune.train_ppo_diffusion_agent][INFO] - approx_kl: 0.0, update_epoch: 0, num_batch: 4
[2026-10-10 12:11:41,898][agent.finetune.train_ppo_diffusion_agent][INFO] - approx_kl: 0.0, update_epoch: 0, num_batch: 4
[2026-10-10 12:11:43,772][agent.finetune.train_ppo_diffusion_agent][INFO] - approx_kl: 0.0, update_epoch: 0, num_batch: 4
[2026-10-10 12:11:45,639][agent.finetune.train_ppo_diffusion_agent][INFO] - approx_kl: 0.0, update_epoch: 0, num_batch: 4
[2026-10-10 12:11:47,590][agent.finetune.train_ppo_diffusion_agent][INFO] - approx_kl: 0.0, update_epoch: 1, num_batch: 4
[2026-10-10 12:11:49,407][agent.finetune.train_ppo_diffusion_agent][INFO] - approx_kl: 0.0, update_epoch: 1, num_batch: 4
[2026-10-10 12:11:51,303][agent.finetune.train_ppo_diffusion_agent][INFO] - approx_kl: 0.0, update_epoch: 1, num_batch: 4
[2026-10-10 12:11:53,172][agent.finetune.train_ppo_diffusion_agent][INFO] - approx_kl: 0.0, update_epoch: 1, num_batch: 4
[2026-10-10 12:11:55,155][agent.finetune.train_ppo_diffusion_agent][INFO] - approx_kl: 0.0, update_epoch: 2, num_batch: 4
[2026-10-10 12:11:56,929][agent.finetune.train_ppo_diffusion_agent][INFO] - approx_kl: 0.0, update_epoch: 2, num_batch: 4
[2026-10-10 12:11:58,766][agent.finetune.train_ppo_diffusion_agent][INFO] - approx_kl: 0.0, update_epoch: 2, num_batch: 4
[2026-10-10 12:12:00,619][agent.finetune.train_ppo_diffusion_agent][INFO] - approx_kl: 0.0, update_epoch: 2, num_batch: 4
[2026-10-10 12:12:02,636][agent.finetune.train_ppo_diffusion_agent][INFO] - approx_kl: 0.0, update_epoch: 3, num_batch: 4
[2026-10-10 12:12:04,414][agent.finetune.train_ppo_diffusion_agent][INFO] - approx_kl: 0.0, update_epoch: 3, num_batch: 4
[2026-10-10 12:12:06,269][agent.finetune.train_ppo_diffusion_agent][INFO] - approx_kl: 0.0, update_epoch: 3, num_batch: 4
[2026-10-10 12:12:08,130][agent.finetune.train_ppo_diffusion_agent][INFO] - approx_kl: 0.0, update_epoch: 3, num_batch: 4
[2026-10-10 12:12:10,112][agent.finetune.train_ppo_diffusion_agent][INFO] - approx_kl: 0.0, update_epoch: 4, num_batch: 4
[2026-10-10 12:12:11,857][agent.finetune.train_ppo_diffusion_agent][INFO] - approx_kl: 0.0, update_epoch: 4, num_batch: 4
[2026-10-10 12:12:13,727][agent.finetune.train_ppo_diffusion_agent][INFO] - approx_kl: 0.0, update_epoch: 4, num_batch: 4
[2026-10-10 12:12:15,570][agent.finetune.train_ppo_diffusion_agent][INFO] - approx_kl: 0.0, update_epoch: 4, num_batch: 4
[2026-10-10 12:12:23,163][agent.finetune.train_ppo_diffusion_agent][INFO] - 133: step  9600000 | loss -2670.8555 | pg loss -2670.9096 | value loss   0.1085 | bc loss   0.0000 | reward 4073.7190 | eta   1.0000 | t: 58.2312 | kl_true_per_action=0.0002955212544926077 | logratio_p99=0.024668223857879486 | clamp_hit_frac=0.0007895833333333333 | actor_step_ratio=1.0 | actor_step_clipfrac=0.0
[2026-10-10 12:12:23,164][agent.finetune.stage3_support][INFO] - STAGE3_METRICS {"J_disc_train": 1446.3876779859702, "J_disc_train_se": 18.250446587578377, "action_oor_frac": 0.15541458333333333, "adv_raw_mean": 1056.718084161298, "adv_raw_std": 469.3945215780185, "diagnostics_seconds": 0.1178853070596233, "episode_count": 80, "explained_var": 0.3677119016647339, "explained_var_reason": null, "grad_cos_prev": 0.02343712239932812, "grad_cos_prev_reason": null, "grad_norm": 117.08382956012385, "policy_action_oor_frac": 0.15543958333333333, "proj_active": false, "reward_clip_frac": 0.0, "rollout_seconds": 12.840310693020001, "split_diff_sq": 58130.13994664728, "split_dot": -823.9127152502742, "theta_dist": 0.8393038751426201, "theta_dist_preproj": 0.8393038751426201, "update_norm": 0.01790524225089716, "update_seconds": 45.26824131491594, "x0_sat_frac_last": 0.04808168316831683, "x0_sat_frac_mean": 0.10073561897805361}
[2026-10-10 12:12:38,049][agent.finetune.train_ppo_diffusion_agent][INFO] - approx_kl: 0.0, update_epoch: 0, num_batch: 4
[2026-10-10 12:12:39,816][agent.finetune.train_ppo_diffusion_agent][INFO] - approx_kl: 0.0, update_epoch: 0, num_batch: 4
[2026-10-10 12:12:41,677][agent.finetune.train_ppo_diffusion_agent][INFO] - approx_kl: 0.0, update_epoch: 0, num_batch: 4
[2026-10-10 12:12:43,687][agent.finetune.train_ppo_diffusion_agent][INFO] - approx_kl: 0.0, update_epoch: 0, num_batch: 4
[2026-10-10 12:12:45,459][agent.finetune.train_ppo_diffusion_agent][INFO] - approx_kl: 0.0, update_epoch: 1, num_batch: 4
[2026-10-10 12:12:47,297][agent.finetune.train_ppo_diffusion_agent][INFO] - approx_kl: 0.0, update_epoch: 1, num_batch: 4
[2026-10-10 12:12:49,141][agent.finetune.train_ppo_diffusion_agent][INFO] - approx_kl: 0.0, update_epoch: 1, num_batch: 4
[2026-10-10 12:12:51,099][agent.finetune.train_ppo_diffusion_agent][INFO] - approx_kl: 0.0, update_epoch: 1, num_batch: 4
[2026-10-10 12:12:52,886][agent.finetune.train_ppo_diffusion_agent][INFO] - approx_kl: 0.0, update_epoch: 2, num_batch: 4
[2026-10-10 12:12:54,755][agent.finetune.train_ppo_diffusion_agent][INFO] - approx_kl: 0.0, update_epoch: 2, num_batch: 4
[2026-10-10 12:12:56,623][agent.finetune.train_ppo_diffusion_agent][INFO] - approx_kl: 0.0, update_epoch: 2, num_batch: 4
[2026-10-10 12:12:58,600][agent.finetune.train_ppo_diffusion_agent][INFO] - approx_kl: 0.0, update_epoch: 2, num_batch: 4
[2026-10-10 12:13:00,374][agent.finetune.train_ppo_diffusion_agent][INFO] - approx_kl: 0.0, update_epoch: 3, num_batch: 4
[2026-10-10 12:13:02,225][agent.finetune.train_ppo_diffusion_agent][INFO] - approx_kl: 0.0, update_epoch: 3, num_batch: 4
[2026-10-10 12:13:04,080][agent.finetune.train_ppo_diffusion_agent][INFO] - approx_kl: 0.0, update_epoch: 3, num_batch: 4
[2026-10-10 12:13:06,054][agent.finetune.train_ppo_diffusion_agent][INFO] - approx_kl: 0.0, update_epoch: 3, num_batch: 4
[2026-10-10 12:13:07,832][agent.finetune.train_ppo_diffusion_agent][INFO] - approx_kl: 0.0, update_epoch: 4, num_batch: 4
[2026-10-10 12:13:09,708][agent.finetune.train_ppo_diffusion_agent][INFO] - approx_kl: 0.0, update_epoch: 4, num_batch: 4
[2026-10-10 12:13:11,578][agent.finetune.train_ppo_diffusion_agent][INFO] - approx_kl: 0.0, update_epoch: 4, num_batch: 4
[2026-10-10 12:13:13,622][agent.finetune.train_ppo_diffusion_agent][INFO] - approx_kl: 0.0, update_epoch: 4, num_batch: 4
[2026-10-10 12:13:21,096][agent.finetune.train_ppo_diffusion_agent][INFO] - 134: step  9680000 | loss -2738.8394 | pg loss -2738.8928 | value loss   0.1071 | bc loss   0.0000 | reward 4161.2496 | eta   1.0000 | t: 57.9328 | kl_true_per_action=0.0003285067984281817 | logratio_p99=0.02594139456748962 | clamp_hit_frac=0.0007520833333333333 | actor_step_ratio=1.0 | actor_step_clipfrac=0.0
[2026-10-10 12:13:21,096][agent.finetune.stage3_support][INFO] - STAGE3_METRICS {"J_disc_train": 1453.8323620342028, "J_disc_train_se": 15.693629928971239, "action_oor_frac": 0.15846458333333333, "adv_raw_mean": 1088.782208844378, "adv_raw_std": 457.5842115279281, "diagnostics_seconds": 0.11843227501958609, "episode_count": 80, "explained_var": 0.26873427629470825, "explained_var_reason": null, "grad_cos_prev": -0.08825266751587389, "grad_cos_prev_reason": null, "grad_norm": 117.74736540876007, "policy_action_oor_frac": 0.15850208333333332, "proj_active": false, "reward_clip_frac": 0.0, "rollout_seconds": 12.662675569066778, "split_diff_sq": 56132.5904821182, "split_dot": -168.70465895167115, "theta_dist": 0.8432906638380201, "theta_dist_preproj": 0.8432906638380201, "update_norm": 0.018088225190811002, "update_seconds": 45.147327802027576, "x0_sat_frac_last": 0.0462962962962963, "x0_sat_frac_mean": 0.10168203371722617}
[2026-10-10 12:13:36,159][agent.finetune.train_ppo_diffusion_agent][INFO] - approx_kl: 0.0, update_epoch: 0, num_batch: 4
[2026-10-10 12:13:38,055][agent.finetune.train_ppo_diffusion_agent][INFO] - approx_kl: 0.0, update_epoch: 0, num_batch: 4
[2026-10-10 12:13:39,920][agent.finetune.train_ppo_diffusion_agent][INFO] - approx_kl: 0.0, update_epoch: 0, num_batch: 4
[2026-10-10 12:13:41,899][agent.finetune.train_ppo_diffusion_agent][INFO] - approx_kl: 0.0, update_epoch: 0, num_batch: 4
[2026-10-10 12:13:43,681][agent.finetune.train_ppo_diffusion_agent][INFO] - approx_kl: 0.0, update_epoch: 1, num_batch: 4
[2026-10-10 12:13:45,551][agent.finetune.train_ppo_diffusion_agent][INFO] - approx_kl: 0.0, update_epoch: 1, num_batch: 4
[2026-10-10 12:13:47,404][agent.finetune.train_ppo_diffusion_agent][INFO] - approx_kl: 0.0, update_epoch: 1, num_batch: 4
[2026-10-10 12:13:49,376][agent.finetune.train_ppo_diffusion_agent][INFO] - approx_kl: 0.0, update_epoch: 1, num_batch: 4
[2026-10-10 12:13:51,121][agent.finetune.train_ppo_diffusion_agent][INFO] - approx_kl: 0.0, update_epoch: 2, num_batch: 4
[2026-10-10 12:13:53,018][agent.finetune.train_ppo_diffusion_agent][INFO] - approx_kl: 0.0, update_epoch: 2, num_batch: 4
[2026-10-10 12:13:54,882][agent.finetune.train_ppo_diffusion_agent][INFO] - approx_kl: 0.0, update_epoch: 2, num_batch: 4
[2026-10-10 12:13:56,901][agent.finetune.train_ppo_diffusion_agent][INFO] - approx_kl: 0.0, update_epoch: 2, num_batch: 4
[2026-10-10 12:13:58,677][agent.finetune.train_ppo_diffusion_agent][INFO] - approx_kl: 0.0, update_epoch: 3, num_batch: 4
[2026-10-10 12:14:00,551][agent.finetune.train_ppo_diffusion_agent][INFO] - approx_kl: 0.0, update_epoch: 3, num_batch: 4
[2026-10-10 12:14:02,428][agent.finetune.train_ppo_diffusion_agent][INFO] - approx_kl: 0.0, update_epoch: 3, num_batch: 4
[2026-10-10 12:14:04,376][agent.finetune.train_ppo_diffusion_agent][INFO] - approx_kl: 0.0, update_epoch: 3, num_batch: 4
[2026-10-10 12:14:06,144][agent.finetune.train_ppo_diffusion_agent][INFO] - approx_kl: 0.0, update_epoch: 4, num_batch: 4
[2026-10-10 12:14:08,012][agent.finetune.train_ppo_diffusion_agent][INFO] - approx_kl: 0.0, update_epoch: 4, num_batch: 4
[2026-10-10 12:14:09,884][agent.finetune.train_ppo_diffusion_agent][INFO] - approx_kl: 0.0, update_epoch: 4, num_batch: 4
[2026-10-10 12:14:11,859][agent.finetune.train_ppo_diffusion_agent][INFO] - approx_kl: 0.0, update_epoch: 4, num_batch: 4
[2026-10-10 12:14:19,410][agent.finetune.train_ppo_diffusion_agent][INFO] - 135: step  9760000 | loss -2752.7346 | pg loss -2752.7906 | value loss   0.1117 | bc loss   0.0000 | reward 4139.2925 | eta   1.0000 | t: 58.3142 | kl_true_per_action=0.000365253000011235 | logratio_p99=0.02809377074241637 | clamp_hit_frac=0.00079375 | actor_step_ratio=1.0 | actor_step_clipfrac=0.0
[2026-10-10 12:14:19,411][agent.finetune.stage3_support][INFO] - STAGE3_METRICS {"J_disc_train": 1453.424299743357, "J_disc_train_se": 13.326672377429704, "action_oor_frac": 0.15820833333333334, "adv_raw_mean": 1080.1609766308948, "adv_raw_std": 459.78019481639177, "diagnostics_seconds": 0.11830711574293673, "episode_count": 80, "explained_var": 0.13797521591186523, "explained_var_reason": null, "grad_cos_prev": 0.13115231471718275, "grad_cos_prev_reason": null, "grad_norm": 115.9627222967036, "policy_action_oor_frac": 0.15823541666666666, "proj_active": false, "reward_clip_frac": 0.0, "rollout_seconds": 13.040564680006355, "split_diff_sq": 56656.13564068571, "split_dot": -716.6803019730671, "theta_dist": 0.8470356605199194, "theta_dist_preproj": 0.8470356605199194, "update_norm": 0.01860963683948563, "update_seconds": 45.14917618117761, "x0_sat_frac_last": 0.045597484276729564, "x0_sat_frac_mean": 0.10216544177357326}
[2026-10-10 12:14:34,265][agent.finetune.train_ppo_diffusion_agent][INFO] - approx_kl: 0.0, update_epoch: 0, num_batch: 4
[2026-10-10 12:14:36,132][agent.finetune.train_ppo_diffusion_agent][INFO] - approx_kl: 0.0, update_epoch: 0, num_batch: 4
[2026-10-10 12:14:38,004][agent.finetune.train_ppo_diffusion_agent][INFO] - approx_kl: 0.0, update_epoch: 0, num_batch: 4
[2026-10-10 12:14:39,983][agent.finetune.train_ppo_diffusion_agent][INFO] - approx_kl: 0.0, update_epoch: 0, num_batch: 4
[2026-10-10 12:14:41,756][agent.finetune.train_ppo_diffusion_agent][INFO] - approx_kl: 0.0, update_epoch: 1, num_batch: 4
[2026-10-10 12:14:43,637][agent.finetune.train_ppo_diffusion_agent][INFO] - approx_kl: 0.0, update_epoch: 1, num_batch: 4
[2026-10-10 12:14:45,524][agent.finetune.train_ppo_diffusion_agent][INFO] - approx_kl: 0.0, update_epoch: 1, num_batch: 4
[2026-10-10 12:14:47,496][agent.finetune.train_ppo_diffusion_agent][INFO] - approx_kl: 0.0, update_epoch: 1, num_batch: 4
[2026-10-10 12:14:49,243][agent.finetune.train_ppo_diffusion_agent][INFO] - approx_kl: 0.0, update_epoch: 2, num_batch: 4
[2026-10-10 12:14:51,096][agent.finetune.train_ppo_diffusion_agent][INFO] - approx_kl: 0.0, update_epoch: 2, num_batch: 4
[2026-10-10 12:14:52,954][agent.finetune.train_ppo_diffusion_agent][INFO] - approx_kl: 0.0, update_epoch: 2, num_batch: 4
[2026-10-10 12:14:54,918][agent.finetune.train_ppo_diffusion_agent][INFO] - approx_kl: 0.0, update_epoch: 2, num_batch: 4
[2026-10-10 12:14:56,688][agent.finetune.train_ppo_diffusion_agent][INFO] - approx_kl: 0.0, update_epoch: 3, num_batch: 4
[2026-10-10 12:14:58,525][agent.finetune.train_ppo_diffusion_agent][INFO] - approx_kl: 0.0, update_epoch: 3, num_batch: 4
[2026-10-10 12:15:00,351][agent.finetune.train_ppo_diffusion_agent][INFO] - approx_kl: 0.0, update_epoch: 3, num_batch: 4
[2026-10-10 12:15:02,299][agent.finetune.train_ppo_diffusion_agent][INFO] - approx_kl: 0.0, update_epoch: 3, num_batch: 4
[2026-10-10 12:15:04,065][agent.finetune.train_ppo_diffusion_agent][INFO] - approx_kl: 0.0, update_epoch: 4, num_batch: 4
[2026-10-10 12:15:05,920][agent.finetune.train_ppo_diffusion_agent][INFO] - approx_kl: 0.0, update_epoch: 4, num_batch: 4
[2026-10-10 12:15:07,798][agent.finetune.train_ppo_diffusion_agent][INFO] - approx_kl: 0.0, update_epoch: 4, num_batch: 4
[2026-10-10 12:15:09,782][agent.finetune.train_ppo_diffusion_agent][INFO] - approx_kl: 0.0, update_epoch: 4, num_batch: 4
[2026-10-10 12:15:17,260][agent.finetune.train_ppo_diffusion_agent][INFO] - 136: step  9840000 | loss -2653.4033 | pg loss -2653.4572 | value loss   0.1081 | bc loss   0.0000 | reward 4049.1500 | eta   1.0000 | t: 57.8498 | kl_true_per_action=0.00040607834442126027 | logratio_p99=0.028923997879028183 | clamp_hit_frac=0.0007895833333333333 | actor_step_ratio=1.0 | actor_step_clipfrac=0.0
[2026-10-10 12:15:17,260][agent.finetune.stage3_support][INFO] - STAGE3_METRICS {"J_disc_train": 1423.6194718764395, "J_disc_train_se": 21.414388964539818, "action_oor_frac": 0.15455208333333334, "adv_raw_mean": 1055.9066788493817, "adv_raw_std": 468.09540337908544, "diagnostics_seconds": 0.10895351006183773, "episode_count": 80, "explained_var": 0.39104169607162476, "explained_var_reason": null, "grad_cos_prev": 0.09005301603441086, "grad_cos_prev_reason": null, "grad_norm": 113.18067644480313, "policy_action_oor_frac": 0.15457708333333334, "proj_active": false, "reward_clip_frac": 0.0, "rollout_seconds": 12.897689135977998, "split_diff_sq": 53084.61017245204, "split_dot": -461.287560983739, "theta_dist": 0.8506586422627608, "theta_dist_preproj": 0.8506586422627608, "update_norm": 0.018479033810064483, "update_seconds": 44.83860416896641, "x0_sat_frac_last": 0.0472001982160555, "x0_sat_frac_mean": 0.10163296866528948}
[2026-10-10 12:15:31,699][agent.finetune.train_ppo_diffusion_agent][INFO] - approx_kl: 0.0, update_epoch: 0, num_batch: 4
[2026-10-10 12:15:33,515][agent.finetune.train_ppo_diffusion_agent][INFO] - approx_kl: 0.0, update_epoch: 0, num_batch: 4
[2026-10-10 12:15:35,324][agent.finetune.train_ppo_diffusion_agent][INFO] - approx_kl: 0.0, update_epoch: 0, num_batch: 4
[2026-10-10 12:15:37,293][agent.finetune.train_ppo_diffusion_agent][INFO] - approx_kl: 0.0, update_epoch: 0, num_batch: 4
[2026-10-10 12:15:38,975][agent.finetune.train_ppo_diffusion_agent][INFO] - approx_kl: 0.0, update_epoch: 1, num_batch: 4
[2026-10-10 12:15:40,780][agent.finetune.train_ppo_diffusion_agent][INFO] - approx_kl: 0.0, update_epoch: 1, num_batch: 4
[2026-10-10 12:15:42,595][agent.finetune.train_ppo_diffusion_agent][INFO] - approx_kl: 0.0, update_epoch: 1, num_batch: 4
[2026-10-10 12:15:44,557][agent.finetune.train_ppo_diffusion_agent][INFO] - approx_kl: 0.0, update_epoch: 1, num_batch: 4
[2026-10-10 12:15:46,247][agent.finetune.train_ppo_diffusion_agent][INFO] - approx_kl: 0.0, update_epoch: 2, num_batch: 4
[2026-10-10 12:15:48,071][agent.finetune.train_ppo_diffusion_agent][INFO] - approx_kl: 0.0, update_epoch: 2, num_batch: 4
[2026-10-10 12:15:49,892][agent.finetune.train_ppo_diffusion_agent][INFO] - approx_kl: 0.0, update_epoch: 2, num_batch: 4
[2026-10-10 12:15:51,850][agent.finetune.train_ppo_diffusion_agent][INFO] - approx_kl: 0.0, update_epoch: 2, num_batch: 4
[2026-10-10 12:15:53,529][agent.finetune.train_ppo_diffusion_agent][INFO] - approx_kl: 0.0, update_epoch: 3, num_batch: 4
[2026-10-10 12:15:55,346][agent.finetune.train_ppo_diffusion_agent][INFO] - approx_kl: 0.0, update_epoch: 3, num_batch: 4
[2026-10-10 12:15:57,165][agent.finetune.train_ppo_diffusion_agent][INFO] - approx_kl: 0.0, update_epoch: 3, num_batch: 4
[2026-10-10 12:15:59,090][agent.finetune.train_ppo_diffusion_agent][INFO] - approx_kl: 0.0, update_epoch: 3, num_batch: 4
[2026-10-10 12:16:00,781][agent.finetune.train_ppo_diffusion_agent][INFO] - approx_kl: 0.0, update_epoch: 4, num_batch: 4
[2026-10-10 12:16:02,556][agent.finetune.train_ppo_diffusion_agent][INFO] - approx_kl: 0.0, update_epoch: 4, num_batch: 4
[2026-10-10 12:16:04,353][agent.finetune.train_ppo_diffusion_agent][INFO] - approx_kl: 0.0, update_epoch: 4, num_batch: 4
[2026-10-10 12:16:06,282][agent.finetune.train_ppo_diffusion_agent][INFO] - approx_kl: 0.0, update_epoch: 4, num_batch: 4
[2026-10-10 12:16:13,732][agent.finetune.train_ppo_diffusion_agent][INFO] - 137: step  9920000 | loss -2704.6252 | pg loss -2704.6805 | value loss   0.1105 | bc loss   0.0000 | reward 4104.9843 | eta   1.0000 | t: 56.4716 | kl_true_per_action=0.0003760258615978715 | logratio_p99=0.028191193342208713 | clamp_hit_frac=0.0008020833333333334 | actor_step_ratio=1.0 | actor_step_clipfrac=0.0
[2026-10-10 12:16:13,732][agent.finetune.stage3_support][INFO] - STAGE3_METRICS {"J_disc_train": 1444.4409744287016, "J_disc_train_se": 22.216466038818695, "action_oor_frac": 0.15660625, "adv_raw_mean": 1069.9950787596295, "adv_raw_std": 480.86713398593133, "diagnostics_seconds": 0.10640499892178923, "episode_count": 80, "explained_var": 0.4206972122192383, "explained_var_reason": null, "grad_cos_prev": 0.008809898733086446, "grad_cos_prev_reason": null, "grad_norm": 117.4339625768991, "policy_action_oor_frac": 0.15663541666666667, "proj_active": false, "reward_clip_frac": 0.0, "rollout_seconds": 12.581984502961859, "split_diff_sq": 58482.79720841559, "split_dot": -829.9635128247131, "theta_dist": 0.854221410426445, "theta_dist_preproj": 0.854221410426445, "update_norm": 0.018285883725804912, "update_seconds": 43.77857357903849, "x0_sat_frac_last": 0.04853268309377139, "x0_sat_frac_mean": 0.1024580408815627}
[2026-10-10 12:16:28,506][agent.finetune.train_ppo_diffusion_agent][INFO] - approx_kl: 0.0, update_epoch: 0, num_batch: 4
[2026-10-10 12:16:30,385][agent.finetune.train_ppo_diffusion_agent][INFO] - approx_kl: 0.0, update_epoch: 0, num_batch: 4
[2026-10-10 12:16:32,339][agent.finetune.train_ppo_diffusion_agent][INFO] - approx_kl: 0.0, update_epoch: 0, num_batch: 4
[2026-10-10 12:16:34,095][agent.finetune.train_ppo_diffusion_agent][INFO] - approx_kl: 0.0, update_epoch: 0, num_batch: 4
[2026-10-10 12:16:35,949][agent.finetune.train_ppo_diffusion_agent][INFO] - approx_kl: 0.0, update_epoch: 1, num_batch: 4
[2026-10-10 12:16:37,841][agent.finetune.train_ppo_diffusion_agent][INFO] - approx_kl: 0.0, update_epoch: 1, num_batch: 4
[2026-10-10 12:16:39,813][agent.finetune.train_ppo_diffusion_agent][INFO] - approx_kl: 0.0, update_epoch: 1, num_batch: 4
[2026-10-10 12:16:41,548][agent.finetune.train_ppo_diffusion_agent][INFO] - approx_kl: 0.0, update_epoch: 1, num_batch: 4
[2026-10-10 12:16:43,415][agent.finetune.train_ppo_diffusion_agent][INFO] - approx_kl: 0.0, update_epoch: 2, num_batch: 4
[2026-10-10 12:16:45,259][agent.finetune.train_ppo_diffusion_agent][INFO] - approx_kl: 0.0, update_epoch: 2, num_batch: 4
[2026-10-10 12:16:47,179][agent.finetune.train_ppo_diffusion_agent][INFO] - approx_kl: 0.0, update_epoch: 2, num_batch: 4
[2026-10-10 12:16:48,923][agent.finetune.train_ppo_diffusion_agent][INFO] - approx_kl: 0.0, update_epoch: 2, num_batch: 4
[2026-10-10 12:16:50,774][agent.finetune.train_ppo_diffusion_agent][INFO] - approx_kl: 0.0, update_epoch: 3, num_batch: 4
[2026-10-10 12:16:52,659][agent.finetune.train_ppo_diffusion_agent][INFO] - approx_kl: 0.0, update_epoch: 3, num_batch: 4
[2026-10-10 12:16:54,669][agent.finetune.train_ppo_diffusion_agent][INFO] - approx_kl: 0.0, update_epoch: 3, num_batch: 4
[2026-10-10 12:16:56,419][agent.finetune.train_ppo_diffusion_agent][INFO] - approx_kl: 0.0, update_epoch: 3, num_batch: 4
[2026-10-10 12:16:58,278][agent.finetune.train_ppo_diffusion_agent][INFO] - approx_kl: 0.0, update_epoch: 4, num_batch: 4
[2026-10-10 12:17:00,123][agent.finetune.train_ppo_diffusion_agent][INFO] - approx_kl: 0.0, update_epoch: 4, num_batch: 4
[2026-10-10 12:17:02,076][agent.finetune.train_ppo_diffusion_agent][INFO] - approx_kl: 0.0, update_epoch: 4, num_batch: 4
[2026-10-10 12:17:03,823][agent.finetune.train_ppo_diffusion_agent][INFO] - approx_kl: 0.0, update_epoch: 4, num_batch: 4
[2026-10-10 12:17:11,304][agent.finetune.train_ppo_diffusion_agent][INFO] - 138: step 10000000 | loss -2722.9192 | pg loss -2722.9729 | value loss   0.1073 | bc loss   0.0000 | reward 4126.8181 | eta   1.0000 | t: 57.5726 | kl_true_per_action=0.00033267084765863054 | logratio_p99=0.026580876111984165 | clamp_hit_frac=0.00075 | actor_step_ratio=1.0 | actor_step_clipfrac=0.0
[2026-10-10 12:17:11,305][agent.finetune.stage3_support][INFO] - STAGE3_METRICS {"J_disc_train": 1450.731415604171, "J_disc_train_se": 16.401245267358835, "action_oor_frac": 0.15798125, "adv_raw_mean": 1076.2376155591191, "adv_raw_std": 462.78592823628674, "diagnostics_seconds": 0.12112822907511145, "episode_count": 80, "explained_var": 0.29383784532546997, "explained_var_reason": null, "grad_cos_prev": -0.06245577239755505, "grad_cos_prev_reason": null, "grad_norm": 112.4845246494604, "policy_action_oor_frac": 0.1580125, "proj_active": false, "reward_clip_frac": 0.0, "rollout_seconds": 12.768988722003996, "split_diff_sq": 58704.70040729211, "split_dot": -2023.4070575103806, "theta_dist": 0.857799501293693, "theta_dist_preproj": 0.857799501293693, "update_norm": 0.0183088092372068, "update_seconds": 44.67814640398137, "x0_sat_frac_last": 0.05025974025974026, "x0_sat_frac_mean": 0.10417005364327868}
[2026-10-10 12:17:26,218][agent.finetune.train_ppo_diffusion_agent][INFO] - approx_kl: 0.0, update_epoch: 0, num_batch: 4
[2026-10-10 12:17:28,063][agent.finetune.train_ppo_diffusion_agent][INFO] - approx_kl: 0.0, update_epoch: 0, num_batch: 4
[2026-10-10 12:17:30,013][agent.finetune.train_ppo_diffusion_agent][INFO] - approx_kl: 0.0, update_epoch: 0, num_batch: 4
[2026-10-10 12:17:31,765][agent.finetune.train_ppo_diffusion_agent][INFO] - approx_kl: 0.0, update_epoch: 0, num_batch: 4
[2026-10-10 12:17:33,612][agent.finetune.train_ppo_diffusion_agent][INFO] - approx_kl: 0.0, update_epoch: 1, num_batch: 4
[2026-10-10 12:17:35,458][agent.finetune.train_ppo_diffusion_agent][INFO] - approx_kl: 0.0, update_epoch: 1, num_batch: 4
[2026-10-10 12:17:37,408][agent.finetune.train_ppo_diffusion_agent][INFO] - approx_kl: 0.0, update_epoch: 1, num_batch: 4
[2026-10-10 12:17:39,159][agent.finetune.train_ppo_diffusion_agent][INFO] - approx_kl: 0.0, update_epoch: 1, num_batch: 4
[2026-10-10 12:17:41,009][agent.finetune.train_ppo_diffusion_agent][INFO] - approx_kl: 0.0, update_epoch: 2, num_batch: 4
[2026-10-10 12:17:42,851][agent.finetune.train_ppo_diffusion_agent][INFO] - approx_kl: 0.0, update_epoch: 2, num_batch: 4
[2026-10-10 12:17:44,813][agent.finetune.train_ppo_diffusion_agent][INFO] - approx_kl: 0.0, update_epoch: 2, num_batch: 4
[2026-10-10 12:17:46,582][agent.finetune.train_ppo_diffusion_agent][INFO] - approx_kl: 0.0, update_epoch: 2, num_batch: 4
[2026-10-10 12:17:48,402][agent.finetune.train_ppo_diffusion_agent][INFO] - approx_kl: 0.0, update_epoch: 3, num_batch: 4
[2026-10-10 12:17:50,231][agent.finetune.train_ppo_diffusion_agent][INFO] - approx_kl: 0.0, update_epoch: 3, num_batch: 4
[2026-10-10 12:17:52,183][agent.finetune.train_ppo_diffusion_agent][INFO] - approx_kl: 0.0, update_epoch: 3, num_batch: 4
[2026-10-10 12:17:53,937][agent.finetune.train_ppo_diffusion_agent][INFO] - approx_kl: 0.0, update_epoch: 3, num_batch: 4
[2026-10-10 12:17:55,786][agent.finetune.train_ppo_diffusion_agent][INFO] - approx_kl: 0.0, update_epoch: 4, num_batch: 4
[2026-10-10 12:17:57,593][agent.finetune.train_ppo_diffusion_agent][INFO] - approx_kl: 0.0, update_epoch: 4, num_batch: 4
[2026-10-10 12:17:59,531][agent.finetune.train_ppo_diffusion_agent][INFO] - approx_kl: 0.0, update_epoch: 4, num_batch: 4
[2026-10-10 12:18:01,284][agent.finetune.train_ppo_diffusion_agent][INFO] - approx_kl: 0.0, update_epoch: 4, num_batch: 4
[2026-10-10 12:18:08,688][agent.finetune.train_agent][INFO] - Saved model to /soalnas/share/data/zbao7/diffusion_policy/results/stage3/E2_nobase_seed0/checkpoint/state_139.pt
[2026-10-10 12:18:08,688][agent.finetune.train_ppo_diffusion_agent][INFO] - 139: step 10080000 | loss -2677.7756 | pg loss -2677.8298 | value loss   0.1085 | bc loss   0.0000 | reward 4075.2490 | eta   1.0000 | t: 57.3841 | kl_true_per_action=0.0003991853336237613 | logratio_p99=0.028319234848022366 | clamp_hit_frac=0.0007916666666666666 | actor_step_ratio=1.0 | actor_step_clipfrac=0.0
[2026-10-10 12:18:08,689][agent.finetune.stage3_support][INFO] - STAGE3_METRICS {"J_disc_train": 1440.5600010223948, "J_disc_train_se": 21.241978367341552, "action_oor_frac": 0.15644791666666666, "adv_raw_mean": 1059.6378227525927, "adv_raw_std": 490.79107939464194, "diagnostics_seconds": 0.11165681201964617, "episode_count": 80, "explained_var": 0.5107199847698212, "explained_var_reason": null, "grad_cos_prev": -0.053575697412394194, "grad_cos_prev_reason": null, "grad_norm": 114.98422779527492, "policy_action_oor_frac": 0.15648541666666665, "proj_active": false, "reward_clip_frac": 0.0, "rollout_seconds": 12.848582645994611, "split_diff_sq": 51319.789785616544, "split_dot": 391.42522213430993, "theta_dist": 0.861532252881964, "theta_dist_preproj": 0.861532252881964, "update_norm": 0.018623116269508178, "update_seconds": 44.39880754693877, "x0_sat_frac_last": 0.04665720185854414, "x0_sat_frac_mean": 0.10218548744016723}
