[2026-10-08 20:34:35,096][agent.finetune.train_ppo_diffusion_agent][INFO] - approx_kl: 3.8108603348518955e-06, update_epoch: 1, num_batch: 4
[2026-10-08 20:34:37,200][agent.finetune.train_ppo_diffusion_agent][INFO] - approx_kl: 5.588210569840157e-06, update_epoch: 1, num_batch: 4
[2026-10-08 20:34:39,457][agent.finetune.train_ppo_diffusion_agent][INFO] - approx_kl: 7.324452326429309e-06, update_epoch: 2, num_batch: 4
[2026-10-08 20:34:41,669][agent.finetune.train_ppo_diffusion_agent][INFO] - approx_kl: 8.948778486228548e-06, update_epoch: 2, num_batch: 4
[2026-10-08 20:34:43,990][agent.finetune.train_ppo_diffusion_agent][INFO] - approx_kl: 9.875226169242524e-06, update_epoch: 2, num_batch: 4
[2026-10-08 20:34:46,090][agent.finetune.train_ppo_diffusion_agent][INFO] - approx_kl: 1.047155456035398e-05, update_epoch: 2, num_batch: 4
[2026-10-08 20:34:48,309][agent.finetune.train_ppo_diffusion_agent][INFO] - approx_kl: 1.0623096386552788e-05, update_epoch: 3, num_batch: 4
[2026-10-08 20:34:50,506][agent.finetune.train_ppo_diffusion_agent][INFO] - approx_kl: 1.0626228686305694e-05, update_epoch: 3, num_batch: 4
[2026-10-08 20:34:52,847][agent.finetune.train_ppo_diffusion_agent][INFO] - approx_kl: 1.0828444828803185e-05, update_epoch: 3, num_batch: 4
[2026-10-08 20:34:54,969][agent.finetune.train_ppo_diffusion_agent][INFO] - approx_kl: 1.1023534170817584e-05, update_epoch: 3, num_batch: 4
[2026-10-08 20:34:57,170][agent.finetune.train_ppo_diffusion_agent][INFO] - approx_kl: 1.1457796063041314e-05, update_epoch: 4, num_batch: 4
[2026-10-08 20:34:59,377][agent.finetune.train_ppo_diffusion_agent][INFO] - approx_kl: 1.2076064194843639e-05, update_epoch: 4, num_batch: 4
[2026-10-08 20:35:01,672][agent.finetune.train_ppo_diffusion_agent][INFO] - approx_kl: 1.2622122085304e-05, update_epoch: 4, num_batch: 4
[2026-10-08 20:35:03,770][agent.finetune.train_ppo_diffusion_agent][INFO] - approx_kl: 1.3356079762161244e-05, update_epoch: 4, num_batch: 4
[2026-10-08 20:35:03,778][agent.finetune.train_ppo_diffusion_agent][INFO] - 37: step  2720000 | loss   0.0522 | pg loss  -0.0005 | value loss   0.1054 | bc loss   0.0000 | reward 4259.6316 | eta   1.0000 | t: 57.5911
Processed step 0 of 500
Processed step 10 of 500
Processed step 20 of 500
Processed step 30 of 500
Processed step 40 of 500
Processed step 50 of 500
Processed step 60 of 500
Processed step 70 of 500
Processed step 80 of 500
Processed step 90 of 500
Processed step 100 of 500
Processed step 110 of 500
Processed step 120 of 500
Processed step 130 of 500
Processed step 140 of 500
Processed step 150 of 500
Processed step 160 of 500
Processed step 170 of 500
Processed step 180 of 500
Processed step 190 of 500
Processed step 200 of 500
Processed step 210 of 500
Processed step 220 of 500
Processed step 230 of 500
Processed step 240 of 500
Processed step 250 of 500
Processed step 260 of 500
Processed step 270 of 500
Processed step 280 of 500
Processed step 290 of 500
Processed step 300 of 500
Processed step 310 of 500
Processed step 320 of 500
Processed step 330 of 500
Processed step 340 of 500
Processed step 350 of 500
Processed step 360 of 500
Processed step 370 of 500
Processed step 380 of 500
Processed step 390 of 500
Processed step 400 of 500
Processed step 410 of 500
Processed step 420 of 500
Processed step 430 of 500
Processed step 440 of 500
Processed step 450 of 500
Processed step 460 of 500
Processed step 470 of 500
Processed step 480 of 500
Processed step 490 of 500
[2026-10-08 20:35:18,521][agent.finetune.train_ppo_diffusion_agent][INFO] - approx_kl: 0.0, update_epoch: 0, num_batch: 4
[2026-10-08 20:35:20,714][agent.finetune.train_ppo_diffusion_agent][INFO] - approx_kl: 1.0243623194128304e-07, update_epoch: 0, num_batch: 4
[2026-10-08 20:35:23,064][agent.finetune.train_ppo_diffusion_agent][INFO] - approx_kl: 4.031046785257786e-07, update_epoch: 0, num_batch: 4
[2026-10-08 20:35:25,186][agent.finetune.train_ppo_diffusion_agent][INFO] - approx_kl: 8.941956934904738e-07, update_epoch: 0, num_batch: 4
[2026-10-08 20:35:27,404][agent.finetune.train_ppo_diffusion_agent][INFO] - approx_kl: 1.5655439256079262e-06, update_epoch: 1, num_batch: 4
[2026-10-08 20:35:29,731][agent.finetune.train_ppo_diffusion_agent][INFO] - approx_kl: 2.47419256993453e-06, update_epoch: 1, num_batch: 4
[2026-10-08 20:35:31,845][agent.finetune.train_ppo_diffusion_agent][INFO] - approx_kl: 3.6891806303174235e-06, update_epoch: 1, num_batch: 4
[2026-10-08 20:35:34,062][agent.finetune.train_ppo_diffusion_agent][INFO] - approx_kl: 5.0998696679016575e-06, update_epoch: 1, num_batch: 4
[2026-10-08 20:35:36,273][agent.finetune.train_ppo_diffusion_agent][INFO] - approx_kl: 6.6584511841938365e-06, update_epoch: 2, num_batch: 4
[2026-10-08 20:35:38,592][agent.finetune.train_ppo_diffusion_agent][INFO] - approx_kl: 8.311407327710185e-06, update_epoch: 2, num_batch: 4
[2026-10-08 20:35:40,754][agent.finetune.train_ppo_diffusion_agent][INFO] - approx_kl: 9.312257134297397e-06, update_epoch: 2, num_batch: 4
[2026-10-08 20:35:42,967][agent.finetune.train_ppo_diffusion_agent][INFO] - approx_kl: 9.579675861459691e-06, update_epoch: 2, num_batch: 4
[2026-10-08 20:35:45,176][agent.finetune.train_ppo_diffusion_agent][INFO] - approx_kl: 9.791794582270086e-06, update_epoch: 3, num_batch: 4
[2026-10-08 20:35:47,512][agent.finetune.train_ppo_diffusion_agent][INFO] - approx_kl: 9.99224266706733e-06, update_epoch: 3, num_batch: 4
[2026-10-08 20:35:49,637][agent.finetune.train_ppo_diffusion_agent][INFO] - approx_kl: 1.0508224477234762e-05, update_epoch: 3, num_batch: 4
[2026-10-08 20:35:51,867][agent.finetune.train_ppo_diffusion_agent][INFO] - approx_kl: 1.0966166883008555e-05, update_epoch: 3, num_batch: 4
[2026-10-08 20:35:54,063][agent.finetune.train_ppo_diffusion_agent][INFO] - approx_kl: 1.1728377103281673e-05, update_epoch: 4, num_batch: 4
[2026-10-08 20:35:56,383][agent.finetune.train_ppo_diffusion_agent][INFO] - approx_kl: 1.2650481949094683e-05, update_epoch: 4, num_batch: 4
[2026-10-08 20:35:58,501][agent.finetune.train_ppo_diffusion_agent][INFO] - approx_kl: 1.3417446098173968e-05, update_epoch: 4, num_batch: 4
[2026-10-08 20:36:00,743][agent.finetune.train_ppo_diffusion_agent][INFO] - approx_kl: 1.3978593415231444e-05, update_epoch: 4, num_batch: 4
[2026-10-08 20:36:00,750][agent.finetune.train_ppo_diffusion_agent][INFO] - 38: step  2800000 | loss   0.0532 | pg loss  -0.0007 | value loss   0.1077 | bc loss   0.0000 | reward 4247.1474 | eta   1.0000 | t: 56.9716
Processed step 0 of 500
Processed step 10 of 500
Processed step 20 of 500
Processed step 30 of 500
Processed step 40 of 500
Processed step 50 of 500
Processed step 60 of 500
Processed step 70 of 500
Processed step 80 of 500
Processed step 90 of 500
Processed step 100 of 500
Processed step 110 of 500
Processed step 120 of 500
Processed step 130 of 500
Processed step 140 of 500
Processed step 150 of 500
Processed step 160 of 500
Processed step 170 of 500
Processed step 180 of 500
Processed step 190 of 500
Processed step 200 of 500
Processed step 210 of 500
Processed step 220 of 500
Processed step 230 of 500
Processed step 240 of 500
Processed step 250 of 500
Processed step 260 of 500
Processed step 270 of 500
Processed step 280 of 500
Processed step 290 of 500
Processed step 300 of 500
Processed step 310 of 500
Processed step 320 of 500
Processed step 330 of 500
Processed step 340 of 500
Processed step 350 of 500
Processed step 360 of 500
Processed step 370 of 500
Processed step 380 of 500
Processed step 390 of 500
Processed step 400 of 500
Processed step 410 of 500
Processed step 420 of 500
Processed step 430 of 500
Processed step 440 of 500
Processed step 450 of 500
Processed step 460 of 500
Processed step 470 of 500
Processed step 480 of 500
Processed step 490 of 500
[2026-10-08 20:36:15,516][agent.finetune.train_ppo_diffusion_agent][INFO] - approx_kl: 0.0, update_epoch: 0, num_batch: 4
[2026-10-08 20:36:17,829][agent.finetune.train_ppo_diffusion_agent][INFO] - approx_kl: 1.5692374688569544e-07, update_epoch: 0, num_batch: 4
[2026-10-08 20:36:19,954][agent.finetune.train_ppo_diffusion_agent][INFO] - approx_kl: 5.467312007567671e-07, update_epoch: 0, num_batch: 4
[2026-10-08 20:36:22,158][agent.finetune.train_ppo_diffusion_agent][INFO] - approx_kl: 9.775471880857367e-07, update_epoch: 0, num_batch: 4
[2026-10-08 20:36:24,361][agent.finetune.train_ppo_diffusion_agent][INFO] - approx_kl: 1.3823178051097784e-06, update_epoch: 1, num_batch: 4
[2026-10-08 20:36:26,682][agent.finetune.train_ppo_diffusion_agent][INFO] - approx_kl: 1.9782939943979727e-06, update_epoch: 1, num_batch: 4
[2026-10-08 20:36:28,795][agent.finetune.train_ppo_diffusion_agent][INFO] - approx_kl: 2.6874042760027805e-06, update_epoch: 1, num_batch: 4
[2026-10-08 20:36:31,042][agent.finetune.train_ppo_diffusion_agent][INFO] - approx_kl: 3.5104942526231753e-06, update_epoch: 1, num_batch: 4
[2026-10-08 20:36:33,279][agent.finetune.train_ppo_diffusion_agent][INFO] - approx_kl: 4.545491719909478e-06, update_epoch: 2, num_batch: 4
[2026-10-08 20:36:35,602][agent.finetune.train_ppo_diffusion_agent][INFO] - approx_kl: 5.6676958593016025e-06, update_epoch: 2, num_batch: 4
[2026-10-08 20:36:37,725][agent.finetune.train_ppo_diffusion_agent][INFO] - approx_kl: 6.986261269048555e-06, update_epoch: 2, num_batch: 4
[2026-10-08 20:36:39,941][agent.finetune.train_ppo_diffusion_agent][INFO] - approx_kl: 8.099227670754772e-06, update_epoch: 2, num_batch: 4
[2026-10-08 20:36:42,170][agent.finetune.train_ppo_diffusion_agent][INFO] - approx_kl: 9.318749107478652e-06, update_epoch: 3, num_batch: 4
[2026-10-08 20:36:44,506][agent.finetune.train_ppo_diffusion_agent][INFO] - approx_kl: 1.0193691196036525e-05, update_epoch: 3, num_batch: 4
[2026-10-08 20:36:46,629][agent.finetune.train_ppo_diffusion_agent][INFO] - approx_kl: 1.1325877494527958e-05, update_epoch: 3, num_batch: 4
[2026-10-08 20:36:48,848][agent.finetune.train_ppo_diffusion_agent][INFO] - approx_kl: 1.2008450539724436e-05, update_epoch: 3, num_batch: 4
[2026-10-08 20:36:51,067][agent.finetune.train_ppo_diffusion_agent][INFO] - approx_kl: 1.2530938874988351e-05, update_epoch: 4, num_batch: 4
[2026-10-08 20:36:53,393][agent.finetune.train_ppo_diffusion_agent][INFO] - approx_kl: 1.2888881428807508e-05, update_epoch: 4, num_batch: 4
[2026-10-08 20:36:55,526][agent.finetune.train_ppo_diffusion_agent][INFO] - approx_kl: 1.3395447240327485e-05, update_epoch: 4, num_batch: 4
[2026-10-08 20:36:57,750][agent.finetune.train_ppo_diffusion_agent][INFO] - approx_kl: 1.3583690815721639e-05, update_epoch: 4, num_batch: 4
[2026-10-08 20:36:57,758][agent.finetune.train_ppo_diffusion_agent][INFO] - 39: step  2880000 | loss   0.0551 | pg loss  -0.0004 | value loss   0.1111 | bc loss   0.0000 | reward 4226.4050 | eta   1.0000 | t: 57.0078
Processed step 0 of 500
Processed step 10 of 500
Processed step 20 of 500
Processed step 30 of 500
Processed step 40 of 500
Processed step 50 of 500
Processed step 60 of 500
Processed step 70 of 500
Processed step 80 of 500
Processed step 90 of 500
Processed step 100 of 500
Processed step 110 of 500
Processed step 120 of 500
Processed step 130 of 500
Processed step 140 of 500
Processed step 150 of 500
Processed step 160 of 500
Processed step 170 of 500
Processed step 180 of 500
Processed step 190 of 500
Processed step 200 of 500
Processed step 210 of 500
Processed step 220 of 500
Processed step 230 of 500
Processed step 240 of 500
Processed step 250 of 500
Processed step 260 of 500
Processed step 270 of 500
Processed step 280 of 500
Processed step 290 of 500
Processed step 300 of 500
Processed step 310 of 500
Processed step 320 of 500
Processed step 330 of 500
Processed step 340 of 500
Processed step 350 of 500
Processed step 360 of 500
Processed step 370 of 500
Processed step 380 of 500
Processed step 390 of 500
Processed step 400 of 500
Processed step 410 of 500
Processed step 420 of 500
Processed step 430 of 500
Processed step 440 of 500
Processed step 450 of 500
Processed step 460 of 500
Processed step 470 of 500
Processed step 480 of 500
Processed step 490 of 500
[2026-10-08 20:37:10,304][agent.finetune.train_ppo_diffusion_agent][INFO] - eval: success rate   1.0000 | avg episode reward 4480.4506 | avg best reward   6.4734
Processed step 0 of 500
Processed step 10 of 500
Processed step 20 of 500
Processed step 30 of 500
Processed step 40 of 500
Processed step 50 of 500
Processed step 60 of 500
Processed step 70 of 500
Processed step 80 of 500
Processed step 90 of 500
Processed step 100 of 500
Processed step 110 of 500
Processed step 120 of 500
Processed step 130 of 500
Processed step 140 of 500
Processed step 150 of 500
Processed step 160 of 500
Processed step 170 of 500
Processed step 180 of 500
Processed step 190 of 500
Processed step 200 of 500
Processed step 210 of 500
Processed step 220 of 500
Processed step 230 of 500
Processed step 240 of 500
Processed step 250 of 500
Processed step 260 of 500
Processed step 270 of 500
Processed step 280 of 500
Processed step 290 of 500
Processed step 300 of 500
Processed step 310 of 500
Processed step 320 of 500
Processed step 330 of 500
Processed step 340 of 500
Processed step 350 of 500
Processed step 360 of 500
Processed step 370 of 500
Processed step 380 of 500
Processed step 390 of 500
Processed step 400 of 500
Processed step 410 of 500
Processed step 420 of 500
Processed step 430 of 500
Processed step 440 of 500
Processed step 450 of 500
Processed step 460 of 500
Processed step 470 of 500
Processed step 480 of 500
Processed step 490 of 500
[2026-10-08 20:37:26,007][agent.finetune.train_ppo_diffusion_agent][INFO] - approx_kl: 0.0, update_epoch: 0, num_batch: 4
[2026-10-08 20:37:28,308][agent.finetune.train_ppo_diffusion_agent][INFO] - approx_kl: 1.0711480769032278e-07, update_epoch: 0, num_batch: 4
[2026-10-08 20:37:30,414][agent.finetune.train_ppo_diffusion_agent][INFO] - approx_kl: 3.3763546980480896e-07, update_epoch: 0, num_batch: 4
[2026-10-08 20:37:32,610][agent.finetune.train_ppo_diffusion_agent][INFO] - approx_kl: 7.165008355514146e-07, update_epoch: 0, num_batch: 4
[2026-10-08 20:37:34,850][agent.finetune.train_ppo_diffusion_agent][INFO] - approx_kl: 1.2662520703088376e-06, update_epoch: 1, num_batch: 4
[2026-10-08 20:37:37,163][agent.finetune.train_ppo_diffusion_agent][INFO] - approx_kl: 2.0008346837130375e-06, update_epoch: 1, num_batch: 4
[2026-10-08 20:37:39,257][agent.finetune.train_ppo_diffusion_agent][INFO] - approx_kl: 3.1321158076025313e-06, update_epoch: 1, num_batch: 4
[2026-10-08 20:37:41,455][agent.finetune.train_ppo_diffusion_agent][INFO] - approx_kl: 4.488449121708982e-06, update_epoch: 1, num_batch: 4
[2026-10-08 20:37:43,657][agent.finetune.train_ppo_diffusion_agent][INFO] - approx_kl: 6.040727839717874e-06, update_epoch: 2, num_batch: 4
[2026-10-08 20:37:45,977][agent.finetune.train_ppo_diffusion_agent][INFO] - approx_kl: 7.559911409771303e-06, update_epoch: 2, num_batch: 4
[2026-10-08 20:37:48,071][agent.finetune.train_ppo_diffusion_agent][INFO] - approx_kl: 8.849944606481586e-06, update_epoch: 2, num_batch: 4
[2026-10-08 20:37:50,261][agent.finetune.train_ppo_diffusion_agent][INFO] - approx_kl: 9.411402970727067e-06, update_epoch: 2, num_batch: 4
[2026-10-08 20:37:52,457][agent.finetune.train_ppo_diffusion_agent][INFO] - approx_kl: 9.847419278230518e-06, update_epoch: 3, num_batch: 4
[2026-10-08 20:37:54,790][agent.finetune.train_ppo_diffusion_agent][INFO] - approx_kl: 1.0344693691877183e-05, update_epoch: 3, num_batch: 4
[2026-10-08 20:37:56,896][agent.finetune.train_ppo_diffusion_agent][INFO] - approx_kl: 1.0721651051426306e-05, update_epoch: 3, num_batch: 4
[2026-10-08 20:37:59,094][agent.finetune.train_ppo_diffusion_agent][INFO] - approx_kl: 1.1417032510507852e-05, update_epoch: 3, num_batch: 4
[2026-10-08 20:38:01,292][agent.finetune.train_ppo_diffusion_agent][INFO] - approx_kl: 1.1828400602098554e-05, update_epoch: 4, num_batch: 4
[2026-10-08 20:38:03,568][agent.finetune.train_ppo_diffusion_agent][INFO] - approx_kl: 1.2468847671698313e-05, update_epoch: 4, num_batch: 4
[2026-10-08 20:38:05,681][agent.finetune.train_ppo_diffusion_agent][INFO] - approx_kl: 1.3265698726172559e-05, update_epoch: 4, num_batch: 4
[2026-10-08 20:38:07,884][agent.finetune.train_ppo_diffusion_agent][INFO] - approx_kl: 1.3632714399136603e-05, update_epoch: 4, num_batch: 4
[2026-10-08 20:38:07,891][agent.finetune.train_ppo_diffusion_agent][INFO] - 41: step  2960000 | loss   0.0536 | pg loss  -0.0005 | value loss   0.1083 | bc loss   0.0000 | reward 4268.8851 | eta   1.0000 | t: 57.5863
Processed step 0 of 500
Processed step 10 of 500
Processed step 20 of 500
Processed step 30 of 500
Processed step 40 of 500
Processed step 50 of 500
Processed step 60 of 500
Processed step 70 of 500
Processed step 80 of 500
Processed step 90 of 500
Processed step 100 of 500
Processed step 110 of 500
Processed step 120 of 500
Processed step 130 of 500
Processed step 140 of 500
Processed step 150 of 500
Processed step 160 of 500
Processed step 170 of 500
Processed step 180 of 500
Processed step 190 of 500
Processed step 200 of 500
Processed step 210 of 500
Processed step 220 of 500
Processed step 230 of 500
Processed step 240 of 500
Processed step 250 of 500
Processed step 260 of 500
Processed step 270 of 500
Processed step 280 of 500
Processed step 290 of 500
Processed step 300 of 500
Processed step 310 of 500
Processed step 320 of 500
Processed step 330 of 500
Processed step 340 of 500
Processed step 350 of 500
Processed step 360 of 500
Processed step 370 of 500
Processed step 380 of 500
Processed step 390 of 500
Processed step 400 of 500
Processed step 410 of 500
Processed step 420 of 500
Processed step 430 of 500
Processed step 440 of 500
Processed step 450 of 500
Processed step 460 of 500
Processed step 470 of 500
Processed step 480 of 500
Processed step 490 of 500
[2026-10-08 20:38:23,489][agent.finetune.train_ppo_diffusion_agent][INFO] - approx_kl: 0.0, update_epoch: 0, num_batch: 4
[2026-10-08 20:38:25,789][agent.finetune.train_ppo_diffusion_agent][INFO] - approx_kl: 1.2875294430614304e-07, update_epoch: 0, num_batch: 4
[2026-10-08 20:38:27,957][agent.finetune.train_ppo_diffusion_agent][INFO] - approx_kl: 4.723247002402786e-07, update_epoch: 0, num_batch: 4
[2026-10-08 20:38:30,161][agent.finetune.train_ppo_diffusion_agent][INFO] - approx_kl: 1.0767431604108424e-06, update_epoch: 0, num_batch: 4
[2026-10-08 20:38:32,370][agent.finetune.train_ppo_diffusion_agent][INFO] - approx_kl: 1.9613953554653563e-06, update_epoch: 1, num_batch: 4
[2026-10-08 20:38:34,673][agent.finetune.train_ppo_diffusion_agent][INFO] - approx_kl: 3.090325435550767e-06, update_epoch: 1, num_batch: 4
[2026-10-08 20:38:36,788][agent.finetune.train_ppo_diffusion_agent][INFO] - approx_kl: 4.844349405175308e-06, update_epoch: 1, num_batch: 4
[2026-10-08 20:38:38,983][agent.finetune.train_ppo_diffusion_agent][INFO] - approx_kl: 6.83131020196015e-06, update_epoch: 1, num_batch: 4
[2026-10-08 20:38:41,178][agent.finetune.train_ppo_diffusion_agent][INFO] - approx_kl: 8.187284038285725e-06, update_epoch: 2, num_batch: 4
[2026-10-08 20:38:43,482][agent.finetune.train_ppo_diffusion_agent][INFO] - approx_kl: 8.85743156686658e-06, update_epoch: 2, num_batch: 4
[2026-10-08 20:38:45,586][agent.finetune.train_ppo_diffusion_agent][INFO] - approx_kl: 9.25461881706724e-06, update_epoch: 2, num_batch: 4
[2026-10-08 20:38:47,784][agent.finetune.train_ppo_diffusion_agent][INFO] - approx_kl: 9.414513442607131e-06, update_epoch: 2, num_batch: 4
[2026-10-08 20:38:50,012][agent.finetune.train_ppo_diffusion_agent][INFO] - approx_kl: 9.691898412711453e-06, update_epoch: 3, num_batch: 4
[2026-10-08 20:38:52,318][agent.finetune.train_ppo_diffusion_agent][INFO] - approx_kl: 1.019785941025475e-05, update_epoch: 3, num_batch: 4
[2026-10-08 20:38:54,420][agent.finetune.train_ppo_diffusion_agent][INFO] - approx_kl: 1.0629548341967165e-05, update_epoch: 3, num_batch: 4
[2026-10-08 20:38:56,601][agent.finetune.train_ppo_diffusion_agent][INFO] - approx_kl: 1.1378191629773937e-05, update_epoch: 3, num_batch: 4
[2026-10-08 20:38:58,806][agent.finetune.train_ppo_diffusion_agent][INFO] - approx_kl: 1.1836373232654296e-05, update_epoch: 4, num_batch: 4
[2026-10-08 20:39:01,137][agent.finetune.train_ppo_diffusion_agent][INFO] - approx_kl: 1.2569064892886672e-05, update_epoch: 4, num_batch: 4
[2026-10-08 20:39:03,250][agent.finetune.train_ppo_diffusion_agent][INFO] - approx_kl: 1.3234200196166057e-05, update_epoch: 4, num_batch: 4
[2026-10-08 20:39:05,440][agent.finetune.train_ppo_diffusion_agent][INFO] - approx_kl: 1.4201272279024124e-05, update_epoch: 4, num_batch: 4
[2026-10-08 20:39:05,447][agent.finetune.train_ppo_diffusion_agent][INFO] - 42: step  3040000 | loss   0.0551 | pg loss  -0.0004 | value loss   0.1109 | bc loss   0.0000 | reward 4136.7476 | eta   1.0000 | t: 57.5566
Processed step 0 of 500
Processed step 10 of 500
Processed step 20 of 500
Processed step 30 of 500
Processed step 40 of 500
Processed step 50 of 500
Processed step 60 of 500
Processed step 70 of 500
Processed step 80 of 500
Processed step 90 of 500
Processed step 100 of 500
Processed step 110 of 500
Processed step 120 of 500
Processed step 130 of 500
Processed step 140 of 500
Processed step 150 of 500
Processed step 160 of 500
Processed step 170 of 500
Processed step 180 of 500
Processed step 190 of 500
Processed step 200 of 500
Processed step 210 of 500
Processed step 220 of 500
Processed step 230 of 500
Processed step 240 of 500
Processed step 250 of 500
Processed step 260 of 500
Processed step 270 of 500
Processed step 280 of 500
Processed step 290 of 500
Processed step 300 of 500
Processed step 310 of 500
Processed step 320 of 500
Processed step 330 of 500
Processed step 340 of 500
Processed step 350 of 500
Processed step 360 of 500
Processed step 370 of 500
Processed step 380 of 500
Processed step 390 of 500
Processed step 400 of 500
Processed step 410 of 500
Processed step 420 of 500
Processed step 430 of 500
Processed step 440 of 500
Processed step 450 of 500
Processed step 460 of 500
Processed step 470 of 500
Processed step 480 of 500
Processed step 490 of 500
[2026-10-08 20:39:21,032][agent.finetune.train_ppo_diffusion_agent][INFO] - approx_kl: 0.0, update_epoch: 0, num_batch: 4
[2026-10-08 20:39:23,022][agent.finetune.train_ppo_diffusion_agent][INFO] - approx_kl: 1.6473531161409483e-07, update_epoch: 0, num_batch: 4
[2026-10-08 20:39:25,192][agent.finetune.train_ppo_diffusion_agent][INFO] - approx_kl: 6.246981456570211e-07, update_epoch: 0, num_batch: 4
[2026-10-08 20:39:27,382][agent.finetune.train_ppo_diffusion_agent][INFO] - approx_kl: 1.2978988479517284e-06, update_epoch: 0, num_batch: 4
[2026-10-08 20:39:29,708][agent.finetune.train_ppo_diffusion_agent][INFO] - approx_kl: 2.148838802895625e-06, update_epoch: 1, num_batch: 4
[2026-10-08 20:39:31,826][agent.finetune.train_ppo_diffusion_agent][INFO] - approx_kl: 3.4550669170130277e-06, update_epoch: 1, num_batch: 4
[2026-10-08 20:39:34,037][agent.finetune.train_ppo_diffusion_agent][INFO] - approx_kl: 5.093011623102939e-06, update_epoch: 1, num_batch: 4
[2026-10-08 20:39:36,227][agent.finetune.train_ppo_diffusion_agent][INFO] - approx_kl: 6.667353773082141e-06, update_epoch: 1, num_batch: 4
[2026-10-08 20:39:38,543][agent.finetune.train_ppo_diffusion_agent][INFO] - approx_kl: 8.105937922664452e-06, update_epoch: 2, num_batch: 4
[2026-10-08 20:39:40,656][agent.finetune.train_ppo_diffusion_agent][INFO] - approx_kl: 9.099776434595697e-06, update_epoch: 2, num_batch: 4
[2026-10-08 20:39:42,860][agent.finetune.train_ppo_diffusion_agent][INFO] - approx_kl: 9.810896699491423e-06, update_epoch: 2, num_batch: 4
[2026-10-08 20:39:45,075][agent.finetune.train_ppo_diffusion_agent][INFO] - approx_kl: 1.0315325198462233e-05, update_epoch: 2, num_batch: 4
[2026-10-08 20:39:47,389][agent.finetune.train_ppo_diffusion_agent][INFO] - approx_kl: 1.1137460205645766e-05, update_epoch: 3, num_batch: 4
[2026-10-08 20:39:49,529][agent.finetune.train_ppo_diffusion_agent][INFO] - approx_kl: 1.1329054359521251e-05, update_epoch: 3, num_batch: 4
[2026-10-08 20:39:51,757][agent.finetune.train_ppo_diffusion_agent][INFO] - approx_kl: 1.1967144018854015e-05, update_epoch: 3, num_batch: 4
[2026-10-08 20:39:53,987][agent.finetune.train_ppo_diffusion_agent][INFO] - approx_kl: 1.2341084584477358e-05, update_epoch: 3, num_batch: 4
[2026-10-08 20:39:56,316][agent.finetune.train_ppo_diffusion_agent][INFO] - approx_kl: 1.2790867913281545e-05, update_epoch: 4, num_batch: 4
[2026-10-08 20:39:58,423][agent.finetune.train_ppo_diffusion_agent][INFO] - approx_kl: 1.3429757927951869e-05, update_epoch: 4, num_batch: 4
[2026-10-08 20:40:00,615][agent.finetune.train_ppo_diffusion_agent][INFO] - approx_kl: 1.3718986338062678e-05, update_epoch: 4, num_batch: 4
[2026-10-08 20:40:02,815][agent.finetune.train_ppo_diffusion_agent][INFO] - approx_kl: 1.4079533684707712e-05, update_epoch: 4, num_batch: 4
[2026-10-08 20:40:02,822][agent.finetune.train_ppo_diffusion_agent][INFO] - 43: step  3120000 | loss   0.0540 | pg loss  -0.0005 | value loss   0.1090 | bc loss   0.0000 | reward 4230.8171 | eta   1.0000 | t: 57.3744
Processed step 0 of 500
Processed step 10 of 500
Processed step 20 of 500
Processed step 30 of 500
Processed step 40 of 500
Processed step 50 of 500
Processed step 60 of 500
Processed step 70 of 500
Processed step 80 of 500
Processed step 90 of 500
Processed step 100 of 500
Processed step 110 of 500
Processed step 120 of 500
Processed step 130 of 500
Processed step 140 of 500
Processed step 150 of 500
Processed step 160 of 500
Processed step 170 of 500
Processed step 180 of 500
Processed step 190 of 500
Processed step 200 of 500
Processed step 210 of 500
Processed step 220 of 500
Processed step 230 of 500
Processed step 240 of 500
Processed step 250 of 500
Processed step 260 of 500
Processed step 270 of 500
Processed step 280 of 500
Processed step 290 of 500
Processed step 300 of 500
Processed step 310 of 500
Processed step 320 of 500
Processed step 330 of 500
Processed step 340 of 500
Processed step 350 of 500
Processed step 360 of 500
Processed step 370 of 500
Processed step 380 of 500
Processed step 390 of 500
Processed step 400 of 500
Processed step 410 of 500
Processed step 420 of 500
Processed step 430 of 500
Processed step 440 of 500
Processed step 450 of 500
Processed step 460 of 500
Processed step 470 of 500
Processed step 480 of 500
Processed step 490 of 500
[2026-10-08 20:40:18,559][agent.finetune.train_ppo_diffusion_agent][INFO] - approx_kl: 0.0, update_epoch: 0, num_batch: 4
[2026-10-08 20:40:20,682][agent.finetune.train_ppo_diffusion_agent][INFO] - approx_kl: 1.6153664716966887e-07, update_epoch: 0, num_batch: 4
[2026-10-08 20:40:22,881][agent.finetune.train_ppo_diffusion_agent][INFO] - approx_kl: 5.658549753206898e-07, update_epoch: 0, num_batch: 4
[2026-10-08 20:40:25,070][agent.finetune.train_ppo_diffusion_agent][INFO] - approx_kl: 1.2009526244582958e-06, update_epoch: 0, num_batch: 4
[2026-10-08 20:40:27,384][agent.finetune.train_ppo_diffusion_agent][INFO] - approx_kl: 2.1000571450713323e-06, update_epoch: 1, num_batch: 4
[2026-10-08 20:40:29,491][agent.finetune.train_ppo_diffusion_agent][INFO] - approx_kl: 3.420878783799708e-06, update_epoch: 1, num_batch: 4
[2026-10-08 20:40:31,694][agent.finetune.train_ppo_diffusion_agent][INFO] - approx_kl: 5.025216069043381e-06, update_epoch: 1, num_batch: 4
[2026-10-08 20:40:33,891][agent.finetune.train_ppo_diffusion_agent][INFO] - approx_kl: 7.0400201366283e-06, update_epoch: 1, num_batch: 4
[2026-10-08 20:40:36,198][agent.finetune.train_ppo_diffusion_agent][INFO] - approx_kl: 8.218466973630711e-06, update_epoch: 2, num_batch: 4
[2026-10-08 20:40:38,297][agent.finetune.train_ppo_diffusion_agent][INFO] - approx_kl: 8.98336566024227e-06, update_epoch: 2, num_batch: 4
[2026-10-08 20:40:40,500][agent.finetune.train_ppo_diffusion_agent][INFO] - approx_kl: 9.376509296998847e-06, update_epoch: 2, num_batch: 4
[2026-10-08 20:40:42,693][agent.finetune.train_ppo_diffusion_agent][INFO] - approx_kl: 9.525632776785642e-06, update_epoch: 2, num_batch: 4
[2026-10-08 20:40:45,009][agent.finetune.train_ppo_diffusion_agent][INFO] - approx_kl: 9.824117114476394e-06, update_epoch: 3, num_batch: 4
[2026-10-08 20:40:47,129][agent.finetune.train_ppo_diffusion_agent][INFO] - approx_kl: 1.0301997463102452e-05, update_epoch: 3, num_batch: 4
[2026-10-08 20:40:49,334][agent.finetune.train_ppo_diffusion_agent][INFO] - approx_kl: 1.1004382940882351e-05, update_epoch: 3, num_batch: 4
[2026-10-08 20:40:51,535][agent.finetune.train_ppo_diffusion_agent][INFO] - approx_kl: 1.1833376447611954e-05, update_epoch: 3, num_batch: 4
[2026-10-08 20:40:53,851][agent.finetune.train_ppo_diffusion_agent][INFO] - approx_kl: 1.232286922459025e-05, update_epoch: 4, num_batch: 4
[2026-10-08 20:40:55,969][agent.finetune.train_ppo_diffusion_agent][INFO] - approx_kl: 1.2928508112963755e-05, update_epoch: 4, num_batch: 4
[2026-10-08 20:40:58,170][agent.finetune.train_ppo_diffusion_agent][INFO] - approx_kl: 1.3339459655981045e-05, update_epoch: 4, num_batch: 4
[2026-10-08 20:41:00,375][agent.finetune.train_ppo_diffusion_agent][INFO] - approx_kl: 1.3865469554730225e-05, update_epoch: 4, num_batch: 4
[2026-10-08 20:41:00,382][agent.finetune.train_ppo_diffusion_agent][INFO] - 44: step  3200000 | loss   0.0556 | pg loss  -0.0006 | value loss   0.1123 | bc loss   0.0000 | reward 4163.0162 | eta   1.0000 | t: 57.5600
Processed step 0 of 500
Processed step 10 of 500
Processed step 20 of 500
Processed step 30 of 500
Processed step 40 of 500
Processed step 50 of 500
Processed step 60 of 500
Processed step 70 of 500
Processed step 80 of 500
Processed step 90 of 500
Processed step 100 of 500
Processed step 110 of 500
Processed step 120 of 500
Processed step 130 of 500
Processed step 140 of 500
Processed step 150 of 500
Processed step 160 of 500
Processed step 170 of 500
Processed step 180 of 500
Processed step 190 of 500
Processed step 200 of 500
Processed step 210 of 500
Processed step 220 of 500
Processed step 230 of 500
Processed step 240 of 500
Processed step 250 of 500
Processed step 260 of 500
Processed step 270 of 500
Processed step 280 of 500
Processed step 290 of 500
Processed step 300 of 500
Processed step 310 of 500
Processed step 320 of 500
Processed step 330 of 500
Processed step 340 of 500
Processed step 350 of 500
Processed step 360 of 500
Processed step 370 of 500
Processed step 380 of 500
Processed step 390 of 500
Processed step 400 of 500
Processed step 410 of 500
Processed step 420 of 500
Processed step 430 of 500
Processed step 440 of 500
Processed step 450 of 500
Processed step 460 of 500
Processed step 470 of 500
Processed step 480 of 500
Processed step 490 of 500
[2026-10-08 20:41:16,124][agent.finetune.train_ppo_diffusion_agent][INFO] - approx_kl: 0.0, update_epoch: 0, num_batch: 4
[2026-10-08 20:41:18,225][agent.finetune.train_ppo_diffusion_agent][INFO] - approx_kl: 1.522264341247137e-07, update_epoch: 0, num_batch: 4
[2026-10-08 20:41:20,426][agent.finetune.train_ppo_diffusion_agent][INFO] - approx_kl: 5.672572456205671e-07, update_epoch: 0, num_batch: 4
[2026-10-08 20:41:22,723][agent.finetune.train_ppo_diffusion_agent][INFO] - approx_kl: 1.2802016726709553e-06, update_epoch: 0, num_batch: 4
[2026-10-08 20:41:24,824][agent.finetune.train_ppo_diffusion_agent][INFO] - approx_kl: 2.1019932319177315e-06, update_epoch: 1, num_batch: 4
[2026-10-08 20:41:27,033][agent.finetune.train_ppo_diffusion_agent][INFO] - approx_kl: 3.1069480428413954e-06, update_epoch: 1, num_batch: 4
[2026-10-08 20:41:29,256][agent.finetune.train_ppo_diffusion_agent][INFO] - approx_kl: 4.296273345971713e-06, update_epoch: 1, num_batch: 4
[2026-10-08 20:41:31,600][agent.finetune.train_ppo_diffusion_agent][INFO] - approx_kl: 5.590991804638179e-06, update_epoch: 1, num_batch: 4
[2026-10-08 20:41:33,764][agent.finetune.train_ppo_diffusion_agent][INFO] - approx_kl: 6.9048223849677015e-06, update_epoch: 2, num_batch: 4
[2026-10-08 20:41:35,982][agent.finetune.train_ppo_diffusion_agent][INFO] - approx_kl: 7.811453542672098e-06, update_epoch: 2, num_batch: 4
[2026-10-08 20:41:38,187][agent.finetune.train_ppo_diffusion_agent][INFO] - approx_kl: 9.022555786941666e-06, update_epoch: 2, num_batch: 4
[2026-10-08 20:41:40,502][agent.finetune.train_ppo_diffusion_agent][INFO] - approx_kl: 9.274648618884385e-06, update_epoch: 2, num_batch: 4
[2026-10-08 20:41:42,637][agent.finetune.train_ppo_diffusion_agent][INFO] - approx_kl: 9.702653187559918e-06, update_epoch: 3, num_batch: 4
[2026-10-08 20:41:44,847][agent.finetune.train_ppo_diffusion_agent][INFO] - approx_kl: 1.0244238183076959e-05, update_epoch: 3, num_batch: 4
[2026-10-08 20:41:47,052][agent.finetune.train_ppo_diffusion_agent][INFO] - approx_kl: 1.0801242751767859e-05, update_epoch: 3, num_batch: 4
[2026-10-08 20:41:49,383][agent.finetune.train_ppo_diffusion_agent][INFO] - approx_kl: 1.1395187357265968e-05, update_epoch: 3, num_batch: 4
[2026-10-08 20:41:51,484][agent.finetune.train_ppo_diffusion_agent][INFO] - approx_kl: 1.189730301121017e-05, update_epoch: 4, num_batch: 4
[2026-10-08 20:41:53,688][agent.finetune.train_ppo_diffusion_agent][INFO] - approx_kl: 1.2376412996673025e-05, update_epoch: 4, num_batch: 4
[2026-10-08 20:41:55,903][agent.finetune.train_ppo_diffusion_agent][INFO] - approx_kl: 1.3036617929174099e-05, update_epoch: 4, num_batch: 4
[2026-10-08 20:41:58,212][agent.finetune.train_ppo_diffusion_agent][INFO] - approx_kl: 1.3483729162544478e-05, update_epoch: 4, num_batch: 4
[2026-10-08 20:41:58,220][agent.finetune.train_ppo_diffusion_agent][INFO] - 45: step  3280000 | loss   0.0544 | pg loss  -0.0005 | value loss   0.1098 | bc loss   0.0000 | reward 4243.2315 | eta   1.0000 | t: 57.8383
Processed step 0 of 500
Processed step 10 of 500
Processed step 20 of 500
Processed step 30 of 500
Processed step 40 of 500
Processed step 50 of 500
Processed step 60 of 500
Processed step 70 of 500
Processed step 80 of 500
Processed step 90 of 500
Processed step 100 of 500
Processed step 110 of 500
Processed step 120 of 500
Processed step 130 of 500
Processed step 140 of 500
Processed step 150 of 500
Processed step 160 of 500
Processed step 170 of 500
Processed step 180 of 500
Processed step 190 of 500
Processed step 200 of 500
Processed step 210 of 500
Processed step 220 of 500
Processed step 230 of 500
Processed step 240 of 500
Processed step 250 of 500
Processed step 260 of 500
Processed step 270 of 500
Processed step 280 of 500
Processed step 290 of 500
Processed step 300 of 500
Processed step 310 of 500
Processed step 320 of 500
Processed step 330 of 500
Processed step 340 of 500
Processed step 350 of 500
Processed step 360 of 500
Processed step 370 of 500
Processed step 380 of 500
Processed step 390 of 500
Processed step 400 of 500
Processed step 410 of 500
Processed step 420 of 500
Processed step 430 of 500
Processed step 440 of 500
Processed step 450 of 500
Processed step 460 of 500
Processed step 470 of 500
Processed step 480 of 500
Processed step 490 of 500
[2026-10-08 20:42:13,770][agent.finetune.train_ppo_diffusion_agent][INFO] - approx_kl: 0.0, update_epoch: 0, num_batch: 4
[2026-10-08 20:42:16,001][agent.finetune.train_ppo_diffusion_agent][INFO] - approx_kl: 1.6150823967109318e-07, update_epoch: 0, num_batch: 4
[2026-10-08 20:42:18,213][agent.finetune.train_ppo_diffusion_agent][INFO] - approx_kl: 5.996868139845901e-07, update_epoch: 0, num_batch: 4
[2026-10-08 20:42:20,553][agent.finetune.train_ppo_diffusion_agent][INFO] - approx_kl: 1.396151105836907e-06, update_epoch: 0, num_batch: 4
[2026-10-08 20:42:22,683][agent.finetune.train_ppo_diffusion_agent][INFO] - approx_kl: 2.5875194751279196e-06, update_epoch: 1, num_batch: 4
[2026-10-08 20:42:24,902][agent.finetune.train_ppo_diffusion_agent][INFO] - approx_kl: 4.184964382147882e-06, update_epoch: 1, num_batch: 4
[2026-10-08 20:42:27,115][agent.finetune.train_ppo_diffusion_agent][INFO] - approx_kl: 6.083666903577978e-06, update_epoch: 1, num_batch: 4
[2026-10-08 20:42:29,416][agent.finetune.train_ppo_diffusion_agent][INFO] - approx_kl: 8.345690730493516e-06, update_epoch: 1, num_batch: 4
[2026-10-08 20:42:31,515][agent.finetune.train_ppo_diffusion_agent][INFO] - approx_kl: 1.01709529189975e-05, update_epoch: 2, num_batch: 4
[2026-10-08 20:42:33,707][agent.finetune.train_ppo_diffusion_agent][INFO] - approx_kl: 1.1428895959397778e-05, update_epoch: 2, num_batch: 4
[2026-10-08 20:42:35,953][agent.finetune.train_ppo_diffusion_agent][INFO] - approx_kl: 1.2124834029236808e-05, update_epoch: 2, num_batch: 4
[2026-10-08 20:42:38,258][agent.finetune.train_ppo_diffusion_agent][INFO] - approx_kl: 1.2192373105790466e-05, update_epoch: 2, num_batch: 4
[2026-10-08 20:42:40,350][agent.finetune.train_ppo_diffusion_agent][INFO] - approx_kl: 1.1695517969201319e-05, update_epoch: 3, num_batch: 4
[2026-10-08 20:42:42,548][agent.finetune.train_ppo_diffusion_agent][INFO] - approx_kl: 1.151100605056854e-05, update_epoch: 3, num_batch: 4
[2026-10-08 20:42:44,737][agent.finetune.train_ppo_diffusion_agent][INFO] - approx_kl: 1.1245927453273907e-05, update_epoch: 3, num_batch: 4
[2026-10-08 20:42:47,043][agent.finetune.train_ppo_diffusion_agent][INFO] - approx_kl: 1.1322125828883145e-05, update_epoch: 3, num_batch: 4
[2026-10-08 20:42:49,144][agent.finetune.train_ppo_diffusion_agent][INFO] - approx_kl: 1.1727843229891732e-05, update_epoch: 4, num_batch: 4
[2026-10-08 20:42:51,353][agent.finetune.train_ppo_diffusion_agent][INFO] - approx_kl: 1.1877977158292197e-05, update_epoch: 4, num_batch: 4
[2026-10-08 20:42:53,543][agent.finetune.train_ppo_diffusion_agent][INFO] - approx_kl: 1.2531778338598087e-05, update_epoch: 4, num_batch: 4
[2026-10-08 20:42:55,882][agent.finetune.train_ppo_diffusion_agent][INFO] - approx_kl: 1.2764066013914999e-05, update_epoch: 4, num_batch: 4
[2026-10-08 20:42:55,888][agent.finetune.train_ppo_diffusion_agent][INFO] - 46: step  3360000 | loss   0.0529 | pg loss  -0.0005 | value loss   0.1068 | bc loss   0.0000 | reward 4216.6766 | eta   1.0000 | t: 57.6683
Processed step 0 of 500
Processed step 10 of 500
Processed step 20 of 500
Processed step 30 of 500
Processed step 40 of 500
Processed step 50 of 500
Processed step 60 of 500
Processed step 70 of 500
Processed step 80 of 500
Processed step 90 of 500
Processed step 100 of 500
Processed step 110 of 500
Processed step 120 of 500
Processed step 130 of 500
Processed step 140 of 500
Processed step 150 of 500
Processed step 160 of 500
Processed step 170 of 500
Processed step 180 of 500
Processed step 190 of 500
Processed step 200 of 500
Processed step 210 of 500
Processed step 220 of 500
Processed step 230 of 500
Processed step 240 of 500
Processed step 250 of 500
Processed step 260 of 500
Processed step 270 of 500
Processed step 280 of 500
Processed step 290 of 500
Processed step 300 of 500
Processed step 310 of 500
Processed step 320 of 500
Processed step 330 of 500
Processed step 340 of 500
Processed step 350 of 500
Processed step 360 of 500
Processed step 370 of 500
Processed step 380 of 500
Processed step 390 of 500
Processed step 400 of 500
Processed step 410 of 500
Processed step 420 of 500
Processed step 430 of 500
Processed step 440 of 500
Processed step 450 of 500
Processed step 460 of 500
Processed step 470 of 500
Processed step 480 of 500
Processed step 490 of 500
[2026-10-08 20:43:11,383][agent.finetune.train_ppo_diffusion_agent][INFO] - approx_kl: 0.0, update_epoch: 0, num_batch: 4
[2026-10-08 20:43:13,581][agent.finetune.train_ppo_diffusion_agent][INFO] - approx_kl: 1.4395602931926987e-07, update_epoch: 0, num_batch: 4
[2026-10-08 20:43:15,781][agent.finetune.train_ppo_diffusion_agent][INFO] - approx_kl: 4.879176458416623e-07, update_epoch: 0, num_batch: 4
[2026-10-08 20:43:18,086][agent.finetune.train_ppo_diffusion_agent][INFO] - approx_kl: 9.850103879216476e-07, update_epoch: 0, num_batch: 4
[2026-10-08 20:43:20,186][agent.finetune.train_ppo_diffusion_agent][INFO] - approx_kl: 1.580885282237432e-06, update_epoch: 1, num_batch: 4
[2026-10-08 20:43:22,389][agent.finetune.train_ppo_diffusion_agent][INFO] - approx_kl: 2.481205456206226e-06, update_epoch: 1, num_batch: 4
[2026-10-08 20:43:24,587][agent.finetune.train_ppo_diffusion_agent][INFO] - approx_kl: 3.6778169487661216e-06, update_epoch: 1, num_batch: 4
[2026-10-08 20:43:26,923][agent.finetune.train_ppo_diffusion_agent][INFO] - approx_kl: 4.905875357508194e-06, update_epoch: 1, num_batch: 4
[2026-10-08 20:43:29,037][agent.finetune.train_ppo_diffusion_agent][INFO] - approx_kl: 6.0629163272096775e-06, update_epoch: 2, num_batch: 4
[2026-10-08 20:43:31,233][agent.finetune.train_ppo_diffusion_agent][INFO] - approx_kl: 6.85721624904545e-06, update_epoch: 2, num_batch: 4
[2026-10-08 20:43:33,417][agent.finetune.train_ppo_diffusion_agent][INFO] - approx_kl: 7.804525012033992e-06, update_epoch: 2, num_batch: 4
[2026-10-08 20:43:35,701][agent.finetune.train_ppo_diffusion_agent][INFO] - approx_kl: 8.360725587408524e-06, update_epoch: 2, num_batch: 4
[2026-10-08 20:43:37,831][agent.finetune.train_ppo_diffusion_agent][INFO] - approx_kl: 8.728709872229956e-06, update_epoch: 3, num_batch: 4
[2026-10-08 20:43:40,044][agent.finetune.train_ppo_diffusion_agent][INFO] - approx_kl: 9.23289371712599e-06, update_epoch: 3, num_batch: 4
[2026-10-08 20:43:42,246][agent.finetune.train_ppo_diffusion_agent][INFO] - approx_kl: 1.0021903108281549e-05, update_epoch: 3, num_batch: 4
[2026-10-08 20:43:44,560][agent.finetune.train_ppo_diffusion_agent][INFO] - approx_kl: 1.079022422345588e-05, update_epoch: 3, num_batch: 4
[2026-10-08 20:43:46,654][agent.finetune.train_ppo_diffusion_agent][INFO] - approx_kl: 1.1561281098693144e-05, update_epoch: 4, num_batch: 4
[2026-10-08 20:43:48,868][agent.finetune.train_ppo_diffusion_agent][INFO] - approx_kl: 1.2149384929216467e-05, update_epoch: 4, num_batch: 4
[2026-10-08 20:43:51,069][agent.finetune.train_ppo_diffusion_agent][INFO] - approx_kl: 1.2765910469170194e-05, update_epoch: 4, num_batch: 4
[2026-10-08 20:43:53,387][agent.finetune.train_ppo_diffusion_agent][INFO] - approx_kl: 1.3356971066968981e-05, update_epoch: 4, num_batch: 4
[2026-10-08 20:43:53,393][agent.finetune.train_ppo_diffusion_agent][INFO] - 47: step  3440000 | loss   0.0537 | pg loss  -0.0004 | value loss   0.1082 | bc loss   0.0000 | reward 4353.5165 | eta   1.0000 | t: 57.5050
Processed step 0 of 500
Processed step 10 of 500
Processed step 20 of 500
Processed step 30 of 500
Processed step 40 of 500
Processed step 50 of 500
Processed step 60 of 500
Processed step 70 of 500
Processed step 80 of 500
Processed step 90 of 500
Processed step 100 of 500
Processed step 110 of 500
Processed step 120 of 500
Processed step 130 of 500
Processed step 140 of 500
Processed step 150 of 500
Processed step 160 of 500
Processed step 170 of 500
Processed step 180 of 500
Processed step 190 of 500
Processed step 200 of 500
Processed step 210 of 500
Processed step 220 of 500
Processed step 230 of 500
Processed step 240 of 500
Processed step 250 of 500
Processed step 260 of 500
Processed step 270 of 500
Processed step 280 of 500
Processed step 290 of 500
Processed step 300 of 500
Processed step 310 of 500
Processed step 320 of 500
Processed step 330 of 500
Processed step 340 of 500
Processed step 350 of 500
Processed step 360 of 500
Processed step 370 of 500
Processed step 380 of 500
Processed step 390 of 500
Processed step 400 of 500
Processed step 410 of 500
Processed step 420 of 500
Processed step 430 of 500
Processed step 440 of 500
Processed step 450 of 500
Processed step 460 of 500
Processed step 470 of 500
Processed step 480 of 500
Processed step 490 of 500
[2026-10-08 20:44:08,959][agent.finetune.train_ppo_diffusion_agent][INFO] - approx_kl: 0.0, update_epoch: 0, num_batch: 4
[2026-10-08 20:44:11,177][agent.finetune.train_ppo_diffusion_agent][INFO] - approx_kl: 9.994936078783212e-08, update_epoch: 0, num_batch: 4
[2026-10-08 20:44:13,375][agent.finetune.train_ppo_diffusion_agent][INFO] - approx_kl: 3.445426557391329e-07, update_epoch: 0, num_batch: 4
[2026-10-08 20:44:15,692][agent.finetune.train_ppo_diffusion_agent][INFO] - approx_kl: 7.2086464797394e-07, update_epoch: 0, num_batch: 4
[2026-10-08 20:44:17,805][agent.finetune.train_ppo_diffusion_agent][INFO] - approx_kl: 1.3199919521866832e-06, update_epoch: 1, num_batch: 4
[2026-10-08 20:44:20,010][agent.finetune.train_ppo_diffusion_agent][INFO] - approx_kl: 2.1806581571581773e-06, update_epoch: 1, num_batch: 4
[2026-10-08 20:44:22,211][agent.finetune.train_ppo_diffusion_agent][INFO] - approx_kl: 3.3893097679538187e-06, update_epoch: 1, num_batch: 4
[2026-10-08 20:44:24,527][agent.finetune.train_ppo_diffusion_agent][INFO] - approx_kl: 4.868010364589281e-06, update_epoch: 1, num_batch: 4
[2026-10-08 20:44:26,656][agent.finetune.train_ppo_diffusion_agent][INFO] - approx_kl: 6.276682597672334e-06, update_epoch: 2, num_batch: 4
[2026-10-08 20:44:28,849][agent.finetune.train_ppo_diffusion_agent][INFO] - approx_kl: 8.044182322919369e-06, update_epoch: 2, num_batch: 4
[2026-10-08 20:44:31,106][agent.finetune.train_ppo_diffusion_agent][INFO] - approx_kl: 9.45262308960082e-06, update_epoch: 2, num_batch: 4
[2026-10-08 20:44:33,425][agent.finetune.train_ppo_diffusion_agent][INFO] - approx_kl: 1.057042300089961e-05, update_epoch: 2, num_batch: 4
[2026-10-08 20:44:35,546][agent.finetune.train_ppo_diffusion_agent][INFO] - approx_kl: 1.0975400982715655e-05, update_epoch: 3, num_batch: 4
[2026-10-08 20:44:37,766][agent.finetune.train_ppo_diffusion_agent][INFO] - approx_kl: 1.1115780580439605e-05, update_epoch: 3, num_batch: 4
[2026-10-08 20:44:39,963][agent.finetune.train_ppo_diffusion_agent][INFO] - approx_kl: 1.1069182619394269e-05, update_epoch: 3, num_batch: 4
[2026-10-08 20:44:42,287][agent.finetune.train_ppo_diffusion_agent][INFO] - approx_kl: 1.0877983186219353e-05, update_epoch: 3, num_batch: 4
[2026-10-08 20:44:44,401][agent.finetune.train_ppo_diffusion_agent][INFO] - approx_kl: 1.1557044672372285e-05, update_epoch: 4, num_batch: 4
[2026-10-08 20:44:46,611][agent.finetune.train_ppo_diffusion_agent][INFO] - approx_kl: 1.1931307199120056e-05, update_epoch: 4, num_batch: 4
[2026-10-08 20:44:48,819][agent.finetune.train_ppo_diffusion_agent][INFO] - approx_kl: 1.2878698726126458e-05, update_epoch: 4, num_batch: 4
[2026-10-08 20:44:51,148][agent.finetune.train_ppo_diffusion_agent][INFO] - approx_kl: 1.3630198736791499e-05, update_epoch: 4, num_batch: 4
[2026-10-08 20:44:51,154][agent.finetune.train_ppo_diffusion_agent][INFO] - 48: step  3520000 | loss   0.0563 | pg loss  -0.0003 | value loss   0.1134 | bc loss   0.0000 | reward 4302.2829 | eta   1.0000 | t: 57.7612
Processed step 0 of 500
Processed step 10 of 500
Processed step 20 of 500
Processed step 30 of 500
Processed step 40 of 500
Processed step 50 of 500
Processed step 60 of 500
Processed step 70 of 500
Processed step 80 of 500
Processed step 90 of 500
Processed step 100 of 500
Processed step 110 of 500
Processed step 120 of 500
Processed step 130 of 500
Processed step 140 of 500
Processed step 150 of 500
Processed step 160 of 500
Processed step 170 of 500
Processed step 180 of 500
Processed step 190 of 500
Processed step 200 of 500
Processed step 210 of 500
Processed step 220 of 500
Processed step 230 of 500
Processed step 240 of 500
Processed step 250 of 500
Processed step 260 of 500
Processed step 270 of 500
Processed step 280 of 500
Processed step 290 of 500
Processed step 300 of 500
Processed step 310 of 500
Processed step 320 of 500
Processed step 330 of 500
Processed step 340 of 500
Processed step 350 of 500
Processed step 360 of 500
Processed step 370 of 500
Processed step 380 of 500
Processed step 390 of 500
Processed step 400 of 500
Processed step 410 of 500
Processed step 420 of 500
Processed step 430 of 500
Processed step 440 of 500
Processed step 450 of 500
Processed step 460 of 500
Processed step 470 of 500
Processed step 480 of 500
Processed step 490 of 500
[2026-10-08 20:45:06,719][agent.finetune.train_ppo_diffusion_agent][INFO] - approx_kl: 0.0, update_epoch: 0, num_batch: 4
[2026-10-08 20:45:08,924][agent.finetune.train_ppo_diffusion_agent][INFO] - approx_kl: 1.2845141839079588e-07, update_epoch: 0, num_batch: 4
[2026-10-08 20:45:11,226][agent.finetune.train_ppo_diffusion_agent][INFO] - approx_kl: 5.299130521052575e-07, update_epoch: 0, num_batch: 4
[2026-10-08 20:45:13,336][agent.finetune.train_ppo_diffusion_agent][INFO] - approx_kl: 1.2148879022788606e-06, update_epoch: 0, num_batch: 4
[2026-10-08 20:45:15,551][agent.finetune.train_ppo_diffusion_agent][INFO] - approx_kl: 2.012646518778638e-06, update_epoch: 1, num_batch: 4
[2026-10-08 20:45:17,776][agent.finetune.train_ppo_diffusion_agent][INFO] - approx_kl: 3.362565166753484e-06, update_epoch: 1, num_batch: 4
[2026-10-08 20:45:20,088][agent.finetune.train_ppo_diffusion_agent][INFO] - approx_kl: 4.988975888409186e-06, update_epoch: 1, num_batch: 4
[2026-10-08 20:45:22,188][agent.finetune.train_ppo_diffusion_agent][INFO] - approx_kl: 6.887454219395295e-06, update_epoch: 1, num_batch: 4
[2026-10-08 20:45:24,373][agent.finetune.train_ppo_diffusion_agent][INFO] - approx_kl: 7.995481610123534e-06, update_epoch: 2, num_batch: 4
[2026-10-08 20:45:26,572][agent.finetune.train_ppo_diffusion_agent][INFO] - approx_kl: 8.343855370185338e-06, update_epoch: 2, num_batch: 4
[2026-10-08 20:45:28,891][agent.finetune.train_ppo_diffusion_agent][INFO] - approx_kl: 8.608594725956209e-06, update_epoch: 2, num_batch: 4
[2026-10-08 20:45:31,010][agent.finetune.train_ppo_diffusion_agent][INFO] - approx_kl: 8.900538887246512e-06, update_epoch: 2, num_batch: 4
[2026-10-08 20:45:33,263][agent.finetune.train_ppo_diffusion_agent][INFO] - approx_kl: 9.25270524021471e-06, update_epoch: 3, num_batch: 4
[2026-10-08 20:45:35,453][agent.finetune.train_ppo_diffusion_agent][INFO] - approx_kl: 9.565277650835924e-06, update_epoch: 3, num_batch: 4
[2026-10-08 20:45:37,766][agent.finetune.train_ppo_diffusion_agent][INFO] - approx_kl: 9.957429938367568e-06, update_epoch: 3, num_batch: 4
[2026-10-08 20:45:39,879][agent.finetune.train_ppo_diffusion_agent][INFO] - approx_kl: 1.0492401088413317e-05, update_epoch: 3, num_batch: 4
[2026-10-08 20:45:42,083][agent.finetune.train_ppo_diffusion_agent][INFO] - approx_kl: 1.1115806046291254e-05, update_epoch: 4, num_batch: 4
[2026-10-08 20:45:44,278][agent.finetune.train_ppo_diffusion_agent][INFO] - approx_kl: 1.1825291949207895e-05, update_epoch: 4, num_batch: 4
[2026-10-08 20:45:46,590][agent.finetune.train_ppo_diffusion_agent][INFO] - approx_kl: 1.2856224202550948e-05, update_epoch: 4, num_batch: 4
[2026-10-08 20:45:48,705][agent.finetune.train_ppo_diffusion_agent][INFO] - approx_kl: 1.3721577488468029e-05, update_epoch: 4, num_batch: 4
[2026-10-08 20:45:48,711][agent.finetune.train_ppo_diffusion_agent][INFO] - 49: step  3600000 | loss   0.0545 | pg loss  -0.0005 | value loss   0.1101 | bc loss   0.0000 | reward 4291.0141 | eta   1.0000 | t: 57.5569
Processed step 0 of 500
Processed step 10 of 500
Processed step 20 of 500
Processed step 30 of 500
Processed step 40 of 500
Processed step 50 of 500
Processed step 60 of 500
Processed step 70 of 500
Processed step 80 of 500
Processed step 90 of 500
Processed step 100 of 500
Processed step 110 of 500
Processed step 120 of 500
Processed step 130 of 500
Processed step 140 of 500
Processed step 150 of 500
Processed step 160 of 500
Processed step 170 of 500
Processed step 180 of 500
Processed step 190 of 500
Processed step 200 of 500
Processed step 210 of 500
Processed step 220 of 500
Processed step 230 of 500
Processed step 240 of 500
Processed step 250 of 500
Processed step 260 of 500
Processed step 270 of 500
Processed step 280 of 500
Processed step 290 of 500
Processed step 300 of 500
Processed step 310 of 500
Processed step 320 of 500
Processed step 330 of 500
Processed step 340 of 500
Processed step 350 of 500
Processed step 360 of 500
Processed step 370 of 500
Processed step 380 of 500
Processed step 390 of 500
Processed step 400 of 500
Processed step 410 of 500
Processed step 420 of 500
Processed step 430 of 500
Processed step 440 of 500
Processed step 450 of 500
Processed step 460 of 500
Processed step 470 of 500
Processed step 480 of 500
Processed step 490 of 500
[2026-10-08 20:46:02,089][agent.finetune.train_ppo_diffusion_agent][INFO] - eval: success rate   0.9875 | avg episode reward 4497.3923 | avg best reward   6.4289
Processed step 0 of 500
Processed step 10 of 500
Processed step 20 of 500
Processed step 30 of 500
Processed step 40 of 500
Processed step 50 of 500
Processed step 60 of 500
Processed step 70 of 500
Processed step 80 of 500
Processed step 90 of 500
Processed step 100 of 500
Processed step 110 of 500
Processed step 120 of 500
Processed step 130 of 500
Processed step 140 of 500
Processed step 150 of 500
Processed step 160 of 500
Processed step 170 of 500
Processed step 180 of 500
Processed step 190 of 500
Processed step 200 of 500
Processed step 210 of 500
Processed step 220 of 500
Processed step 230 of 500
Processed step 240 of 500
Processed step 250 of 500
Processed step 260 of 500
Processed step 270 of 500
Processed step 280 of 500
Processed step 290 of 500
Processed step 300 of 500
Processed step 310 of 500
Processed step 320 of 500
Processed step 330 of 500
Processed step 340 of 500
Processed step 350 of 500
Processed step 360 of 500
Processed step 370 of 500
Processed step 380 of 500
Processed step 390 of 500
Processed step 400 of 500
Processed step 410 of 500
Processed step 420 of 500
Processed step 430 of 500
Processed step 440 of 500
Processed step 450 of 500
Processed step 460 of 500
Processed step 470 of 500
Processed step 480 of 500
Processed step 490 of 500
[2026-10-08 20:46:17,746][agent.finetune.train_ppo_diffusion_agent][INFO] - approx_kl: 0.0, update_epoch: 0, num_batch: 4
[2026-10-08 20:46:19,950][agent.finetune.train_ppo_diffusion_agent][INFO] - approx_kl: 9.177829696227491e-08, update_epoch: 0, num_batch: 4
[2026-10-08 20:46:22,262][agent.finetune.train_ppo_diffusion_agent][INFO] - approx_kl: 3.643894217475463e-07, update_epoch: 0, num_batch: 4
[2026-10-08 20:46:24,367][agent.finetune.train_ppo_diffusion_agent][INFO] - approx_kl: 8.926978694034915e-07, update_epoch: 0, num_batch: 4
[2026-10-08 20:46:26,566][agent.finetune.train_ppo_diffusion_agent][INFO] - approx_kl: 1.683361233517644e-06, update_epoch: 1, num_batch: 4
[2026-10-08 20:46:28,752][agent.finetune.train_ppo_diffusion_agent][INFO] - approx_kl: 2.878794020944042e-06, update_epoch: 1, num_batch: 4
[2026-10-08 20:46:31,056][agent.finetune.train_ppo_diffusion_agent][INFO] - approx_kl: 4.343650289229117e-06, update_epoch: 1, num_batch: 4
[2026-10-08 20:46:33,164][agent.finetune.train_ppo_diffusion_agent][INFO] - approx_kl: 6.1734112932754215e-06, update_epoch: 1, num_batch: 4
[2026-10-08 20:46:35,390][agent.finetune.train_ppo_diffusion_agent][INFO] - approx_kl: 7.976722372404765e-06, update_epoch: 2, num_batch: 4
[2026-10-08 20:46:37,594][agent.finetune.train_ppo_diffusion_agent][INFO] - approx_kl: 9.371203304908704e-06, update_epoch: 2, num_batch: 4
[2026-10-08 20:46:39,907][agent.finetune.train_ppo_diffusion_agent][INFO] - approx_kl: 1.0057324288936798e-05, update_epoch: 2, num_batch: 4
[2026-10-08 20:46:42,021][agent.finetune.train_ppo_diffusion_agent][INFO] - approx_kl: 1.0263078365824185e-05, update_epoch: 2, num_batch: 4
[2026-10-08 20:46:44,233][agent.finetune.train_ppo_diffusion_agent][INFO] - approx_kl: 1.0297951121174265e-05, update_epoch: 3, num_batch: 4
[2026-10-08 20:46:46,445][agent.finetune.train_ppo_diffusion_agent][INFO] - approx_kl: 1.049484490067698e-05, update_epoch: 3, num_batch: 4
[2026-10-08 20:46:48,750][agent.finetune.train_ppo_diffusion_agent][INFO] - approx_kl: 1.1141261893499177e-05, update_epoch: 3, num_batch: 4
[2026-10-08 20:46:50,877][agent.finetune.train_ppo_diffusion_agent][INFO] - approx_kl: 1.1784602065745275e-05, update_epoch: 3, num_batch: 4
[2026-10-08 20:46:53,078][agent.finetune.train_ppo_diffusion_agent][INFO] - approx_kl: 1.265352784685092e-05, update_epoch: 4, num_batch: 4
[2026-10-08 20:46:55,290][agent.finetune.train_ppo_diffusion_agent][INFO] - approx_kl: 1.3433666026685387e-05, update_epoch: 4, num_batch: 4
[2026-10-08 20:46:57,628][agent.finetune.train_ppo_diffusion_agent][INFO] - approx_kl: 1.4247073522710707e-05, update_epoch: 4, num_batch: 4
[2026-10-08 20:46:59,755][agent.finetune.train_ppo_diffusion_agent][INFO] - approx_kl: 1.4967823517508805e-05, update_epoch: 4, num_batch: 4
[2026-10-08 20:46:59,762][agent.finetune.train_ppo_diffusion_agent][INFO] - 51: step  3680000 | loss   0.0556 | pg loss  -0.0003 | value loss   0.1118 | bc loss   0.0000 | reward 4223.0752 | eta   1.0000 | t: 57.6726
Processed step 0 of 500
Processed step 10 of 500
Processed step 20 of 500
Processed step 30 of 500
Processed step 40 of 500
Processed step 50 of 500
Processed step 60 of 500
Processed step 70 of 500
Processed step 80 of 500
Processed step 90 of 500
Processed step 100 of 500
Processed step 110 of 500
Processed step 120 of 500
Processed step 130 of 500
Processed step 140 of 500
Processed step 150 of 500
Processed step 160 of 500
Processed step 170 of 500
Processed step 180 of 500
Processed step 190 of 500
Processed step 200 of 500
Processed step 210 of 500
Processed step 220 of 500
Processed step 230 of 500
Processed step 240 of 500
Processed step 250 of 500
Processed step 260 of 500
Processed step 270 of 500
Processed step 280 of 500
Processed step 290 of 500
Processed step 300 of 500
Processed step 310 of 500
Processed step 320 of 500
Processed step 330 of 500
Processed step 340 of 500
Processed step 350 of 500
Processed step 360 of 500
Processed step 370 of 500
Processed step 380 of 500
Processed step 390 of 500
Processed step 400 of 500
Processed step 410 of 500
Processed step 420 of 500
Processed step 430 of 500
Processed step 440 of 500
Processed step 450 of 500
Processed step 460 of 500
Processed step 470 of 500
Processed step 480 of 500
Processed step 490 of 500
[2026-10-08 20:47:15,395][agent.finetune.train_ppo_diffusion_agent][INFO] - approx_kl: 0.0, update_epoch: 0, num_batch: 4
[2026-10-08 20:47:17,599][agent.finetune.train_ppo_diffusion_agent][INFO] - approx_kl: 2.2737658866844868e-07, update_epoch: 0, num_batch: 4
[2026-10-08 20:47:19,899][agent.finetune.train_ppo_diffusion_agent][INFO] - approx_kl: 8.04557942046813e-07, update_epoch: 0, num_batch: 4
[2026-10-08 20:47:21,998][agent.finetune.train_ppo_diffusion_agent][INFO] - approx_kl: 1.762412466632668e-06, update_epoch: 0, num_batch: 4
[2026-10-08 20:47:24,199][agent.finetune.train_ppo_diffusion_agent][INFO] - approx_kl: 2.7674686862155795e-06, update_epoch: 1, num_batch: 4
[2026-10-08 20:47:26,500][agent.finetune.train_ppo_diffusion_agent][INFO] - approx_kl: 4.183089458820177e-06, update_epoch: 1, num_batch: 4
[2026-10-08 20:47:28,647][agent.finetune.train_ppo_diffusion_agent][INFO] - approx_kl: 5.386641078075627e-06, update_epoch: 1, num_batch: 4
[2026-10-08 20:47:30,846][agent.finetune.train_ppo_diffusion_agent][INFO] - approx_kl: 6.815471351728775e-06, update_epoch: 1, num_batch: 4
[2026-10-08 20:47:33,044][agent.finetune.train_ppo_diffusion_agent][INFO] - approx_kl: 7.556646778539289e-06, update_epoch: 2, num_batch: 4
[2026-10-08 20:47:35,358][agent.finetune.train_ppo_diffusion_agent][INFO] - approx_kl: 8.280196198029444e-06, update_epoch: 2, num_batch: 4
[2026-10-08 20:47:37,456][agent.finetune.train_ppo_diffusion_agent][INFO] - approx_kl: 8.536755558452569e-06, update_epoch: 2, num_batch: 4
[2026-10-08 20:47:39,660][agent.finetune.train_ppo_diffusion_agent][INFO] - approx_kl: 8.843649084155913e-06, update_epoch: 2, num_batch: 4
[2026-10-08 20:47:41,864][agent.finetune.train_ppo_diffusion_agent][INFO] - approx_kl: 9.43153918342432e-06, update_epoch: 3, num_batch: 4
[2026-10-08 20:47:44,173][agent.finetune.train_ppo_diffusion_agent][INFO] - approx_kl: 1.027883990900591e-05, update_epoch: 3, num_batch: 4
[2026-10-08 20:47:46,274][agent.finetune.train_ppo_diffusion_agent][INFO] - approx_kl: 1.0974375982186757e-05, update_epoch: 3, num_batch: 4
[2026-10-08 20:47:48,476][agent.finetune.train_ppo_diffusion_agent][INFO] - approx_kl: 1.1303526662231889e-05, update_epoch: 3, num_batch: 4
[2026-10-08 20:47:50,665][agent.finetune.train_ppo_diffusion_agent][INFO] - approx_kl: 1.1830022231151816e-05, update_epoch: 4, num_batch: 4
[2026-10-08 20:47:52,964][agent.finetune.train_ppo_diffusion_agent][INFO] - approx_kl: 1.1911023648281116e-05, update_epoch: 4, num_batch: 4
[2026-10-08 20:47:55,062][agent.finetune.train_ppo_diffusion_agent][INFO] - approx_kl: 1.215260817843955e-05, update_epoch: 4, num_batch: 4
[2026-10-08 20:47:57,258][agent.finetune.train_ppo_diffusion_agent][INFO] - approx_kl: 1.2628373951883987e-05, update_epoch: 4, num_batch: 4
[2026-10-08 20:47:57,265][agent.finetune.train_ppo_diffusion_agent][INFO] - 52: step  3760000 | loss   0.0555 | pg loss  -0.0005 | value loss   0.1121 | bc loss   0.0000 | reward 4340.8116 | eta   1.0000 | t: 57.5031
Processed step 0 of 500
Processed step 10 of 500
Processed step 20 of 500
Processed step 30 of 500
Processed step 40 of 500
Processed step 50 of 500
Processed step 60 of 500
Processed step 70 of 500
Processed step 80 of 500
Processed step 90 of 500
Processed step 100 of 500
Processed step 110 of 500
Processed step 120 of 500
Processed step 130 of 500
Processed step 140 of 500
Processed step 150 of 500
Processed step 160 of 500
Processed step 170 of 500
Processed step 180 of 500
Processed step 190 of 500
Processed step 200 of 500
Processed step 210 of 500
Processed step 220 of 500
Processed step 230 of 500
Processed step 240 of 500
Processed step 250 of 500
Processed step 260 of 500
Processed step 270 of 500
Processed step 280 of 500
Processed step 290 of 500
Processed step 300 of 500
Processed step 310 of 500
Processed step 320 of 500
Processed step 330 of 500
Processed step 340 of 500
Processed step 350 of 500
Processed step 360 of 500
Processed step 370 of 500
Processed step 380 of 500
Processed step 390 of 500
Processed step 400 of 500
Processed step 410 of 500
Processed step 420 of 500
Processed step 430 of 500
Processed step 440 of 500
Processed step 450 of 500
Processed step 460 of 500
Processed step 470 of 500
Processed step 480 of 500
Processed step 490 of 500
[2026-10-08 20:48:13,013][agent.finetune.train_ppo_diffusion_agent][INFO] - approx_kl: 0.0, update_epoch: 0, num_batch: 4
[2026-10-08 20:48:15,308][agent.finetune.train_ppo_diffusion_agent][INFO] - approx_kl: 1.782705538744267e-07, update_epoch: 0, num_batch: 4
[2026-10-08 20:48:17,427][agent.finetune.train_ppo_diffusion_agent][INFO] - approx_kl: 5.214338898440474e-07, update_epoch: 0, num_batch: 4
[2026-10-08 20:48:19,632][agent.finetune.train_ppo_diffusion_agent][INFO] - approx_kl: 9.427608347323257e-07, update_epoch: 0, num_batch: 4
[2026-10-08 20:48:21,845][agent.finetune.train_ppo_diffusion_agent][INFO] - approx_kl: 1.4500266161121544e-06, update_epoch: 1, num_batch: 4
[2026-10-08 20:48:24,162][agent.finetune.train_ppo_diffusion_agent][INFO] - approx_kl: 2.0721383862110088e-06, update_epoch: 1, num_batch: 4
[2026-10-08 20:48:26,266][agent.finetune.train_ppo_diffusion_agent][INFO] - approx_kl: 2.754719162112451e-06, update_epoch: 1, num_batch: 4
[2026-10-08 20:48:28,473][agent.finetune.train_ppo_diffusion_agent][INFO] - approx_kl: 3.7021925436420133e-06, update_epoch: 1, num_batch: 4
[2026-10-08 20:48:30,709][agent.finetune.train_ppo_diffusion_agent][INFO] - approx_kl: 4.811014605365926e-06, update_epoch: 2, num_batch: 4
[2026-10-08 20:48:33,033][agent.finetune.train_ppo_diffusion_agent][INFO] - approx_kl: 5.774992587248562e-06, update_epoch: 2, num_batch: 4
[2026-10-08 20:48:35,140][agent.finetune.train_ppo_diffusion_agent][INFO] - approx_kl: 6.602367193409009e-06, update_epoch: 2, num_batch: 4
[2026-10-08 20:48:37,348][agent.finetune.train_ppo_diffusion_agent][INFO] - approx_kl: 7.70087444834644e-06, update_epoch: 2, num_batch: 4
[2026-10-08 20:48:39,556][agent.finetune.train_ppo_diffusion_agent][INFO] - approx_kl: 8.696408258401789e-06, update_epoch: 3, num_batch: 4
[2026-10-08 20:48:41,868][agent.finetune.train_ppo_diffusion_agent][INFO] - approx_kl: 9.617850082577206e-06, update_epoch: 3, num_batch: 4
[2026-10-08 20:48:43,985][agent.finetune.train_ppo_diffusion_agent][INFO] - approx_kl: 1.0617361112963408e-05, update_epoch: 3, num_batch: 4
[2026-10-08 20:48:46,187][agent.finetune.train_ppo_diffusion_agent][INFO] - approx_kl: 1.1484429705888033e-05, update_epoch: 3, num_batch: 4
[2026-10-08 20:48:48,393][agent.finetune.train_ppo_diffusion_agent][INFO] - approx_kl: 1.2281965609872714e-05, update_epoch: 4, num_batch: 4
[2026-10-08 20:48:50,709][agent.finetune.train_ppo_diffusion_agent][INFO] - approx_kl: 1.2761169273289852e-05, update_epoch: 4, num_batch: 4
[2026-10-08 20:48:52,829][agent.finetune.train_ppo_diffusion_agent][INFO] - approx_kl: 1.3367116480367258e-05, update_epoch: 4, num_batch: 4
[2026-10-08 20:48:55,042][agent.finetune.train_ppo_diffusion_agent][INFO] - approx_kl: 1.381911806674907e-05, update_epoch: 4, num_batch: 4
[2026-10-08 20:48:55,048][agent.finetune.train_ppo_diffusion_agent][INFO] - 53: step  3840000 | loss   0.0542 | pg loss  -0.0006 | value loss   0.1097 | bc loss   0.0000 | reward 4252.8670 | eta   1.0000 | t: 57.7831
Processed step 0 of 500
Processed step 10 of 500
Processed step 20 of 500
Processed step 30 of 500
Processed step 40 of 500
Processed step 50 of 500
Processed step 60 of 500
Processed step 70 of 500
Processed step 80 of 500
Processed step 90 of 500
Processed step 100 of 500
Processed step 110 of 500
Processed step 120 of 500
Processed step 130 of 500
Processed step 140 of 500
Processed step 150 of 500
Processed step 160 of 500
Processed step 170 of 500
Processed step 180 of 500
Processed step 190 of 500
Processed step 200 of 500
Processed step 210 of 500
Processed step 220 of 500
Processed step 230 of 500
Processed step 240 of 500
Processed step 250 of 500
Processed step 260 of 500
Processed step 270 of 500
Processed step 280 of 500
Processed step 290 of 500
Processed step 300 of 500
Processed step 310 of 500
Processed step 320 of 500
Processed step 330 of 500
Processed step 340 of 500
Processed step 350 of 500
Processed step 360 of 500
Processed step 370 of 500
Processed step 380 of 500
Processed step 390 of 500
Processed step 400 of 500
Processed step 410 of 500
Processed step 420 of 500
Processed step 430 of 500
Processed step 440 of 500
Processed step 450 of 500
Processed step 460 of 500
Processed step 470 of 500
Processed step 480 of 500
Processed step 490 of 500
[2026-10-08 20:49:10,707][agent.finetune.train_ppo_diffusion_agent][INFO] - approx_kl: 0.0, update_epoch: 0, num_batch: 4
[2026-10-08 20:49:13,034][agent.finetune.train_ppo_diffusion_agent][INFO] - approx_kl: 1.5012074072728865e-07, update_epoch: 0, num_batch: 4
[2026-10-08 20:49:15,152][agent.finetune.train_ppo_diffusion_agent][INFO] - approx_kl: 5.259791464595764e-07, update_epoch: 0, num_batch: 4
[2026-10-08 20:49:17,369][agent.finetune.train_ppo_diffusion_agent][INFO] - approx_kl: 1.095327093025844e-06, update_epoch: 0, num_batch: 4
[2026-10-08 20:49:19,579][agent.finetune.train_ppo_diffusion_agent][INFO] - approx_kl: 1.9382705431780778e-06, update_epoch: 1, num_batch: 4
[2026-10-08 20:49:21,894][agent.finetune.train_ppo_diffusion_agent][INFO] - approx_kl: 3.082029934375896e-06, update_epoch: 1, num_batch: 4
[2026-10-08 20:49:24,001][agent.finetune.train_ppo_diffusion_agent][INFO] - approx_kl: 4.403382263262756e-06, update_epoch: 1, num_batch: 4
[2026-10-08 20:49:26,211][agent.finetune.train_ppo_diffusion_agent][INFO] - approx_kl: 6.000747362122638e-06, update_epoch: 1, num_batch: 4
[2026-10-08 20:49:28,422][agent.finetune.train_ppo_diffusion_agent][INFO] - approx_kl: 7.739840839349199e-06, update_epoch: 2, num_batch: 4
[2026-10-08 20:49:30,715][agent.finetune.train_ppo_diffusion_agent][INFO] - approx_kl: 8.782880286162253e-06, update_epoch: 2, num_batch: 4
[2026-10-08 20:49:32,865][agent.finetune.train_ppo_diffusion_agent][INFO] - approx_kl: 9.464787581237033e-06, update_epoch: 2, num_batch: 4
[2026-10-08 20:49:35,075][agent.finetune.train_ppo_diffusion_agent][INFO] - approx_kl: 9.84122834779555e-06, update_epoch: 2, num_batch: 4
[2026-10-08 20:49:37,283][agent.finetune.train_ppo_diffusion_agent][INFO] - approx_kl: 9.956922440323979e-06, update_epoch: 3, num_batch: 4
[2026-10-08 20:49:39,605][agent.finetune.train_ppo_diffusion_agent][INFO] - approx_kl: 1.0347187526349444e-05, update_epoch: 3, num_batch: 4
[2026-10-08 20:49:41,695][agent.finetune.train_ppo_diffusion_agent][INFO] - approx_kl: 1.0550509614404291e-05, update_epoch: 3, num_batch: 4
[2026-10-08 20:49:43,901][agent.finetune.train_ppo_diffusion_agent][INFO] - approx_kl: 1.1422097486502025e-05, update_epoch: 3, num_batch: 4
[2026-10-08 20:49:46,109][agent.finetune.train_ppo_diffusion_agent][INFO] - approx_kl: 1.2002701623714529e-05, update_epoch: 4, num_batch: 4
[2026-10-08 20:49:48,417][agent.finetune.train_ppo_diffusion_agent][INFO] - approx_kl: 1.2510790838859975e-05, update_epoch: 4, num_batch: 4
[2026-10-08 20:49:50,518][agent.finetune.train_ppo_diffusion_agent][INFO] - approx_kl: 1.3165011296223383e-05, update_epoch: 4, num_batch: 4
[2026-10-08 20:49:52,722][agent.finetune.train_ppo_diffusion_agent][INFO] - approx_kl: 1.3697533177037258e-05, update_epoch: 4, num_batch: 4
[2026-10-08 20:49:52,729][agent.finetune.train_ppo_diffusion_agent][INFO] - 54: step  3920000 | loss   0.0553 | pg loss  -0.0006 | value loss   0.1119 | bc loss   0.0000 | reward 4201.3036 | eta   1.0000 | t: 57.6807
Processed step 0 of 500
Processed step 10 of 500
Processed step 20 of 500
Processed step 30 of 500
Processed step 40 of 500
Processed step 50 of 500
Processed step 60 of 500
Processed step 70 of 500
Processed step 80 of 500
Processed step 90 of 500
Processed step 100 of 500
Processed step 110 of 500
Processed step 120 of 500
Processed step 130 of 500
Processed step 140 of 500
Processed step 150 of 500
Processed step 160 of 500
Processed step 170 of 500
Processed step 180 of 500
Processed step 190 of 500
Processed step 200 of 500
Processed step 210 of 500
Processed step 220 of 500
Processed step 230 of 500
Processed step 240 of 500
Processed step 250 of 500
Processed step 260 of 500
Processed step 270 of 500
Processed step 280 of 500
Processed step 290 of 500
Processed step 300 of 500
Processed step 310 of 500
Processed step 320 of 500
Processed step 330 of 500
Processed step 340 of 500
Processed step 350 of 500
Processed step 360 of 500
Processed step 370 of 500
Processed step 380 of 500
Processed step 390 of 500
Processed step 400 of 500
Processed step 410 of 500
Processed step 420 of 500
Processed step 430 of 500
Processed step 440 of 500
Processed step 450 of 500
Processed step 460 of 500
Processed step 470 of 500
Processed step 480 of 500
Processed step 490 of 500
[2026-10-08 20:50:08,427][agent.finetune.train_ppo_diffusion_agent][INFO] - approx_kl: 0.0, update_epoch: 0, num_batch: 4
[2026-10-08 20:50:10,753][agent.finetune.train_ppo_diffusion_agent][INFO] - approx_kl: 1.3146805599717482e-07, update_epoch: 0, num_batch: 4
[2026-10-08 20:50:12,858][agent.finetune.train_ppo_diffusion_agent][INFO] - approx_kl: 4.572071645725373e-07, update_epoch: 0, num_batch: 4
[2026-10-08 20:50:15,066][agent.finetune.train_ppo_diffusion_agent][INFO] - approx_kl: 1.0260753242619103e-06, update_epoch: 0, num_batch: 4
[2026-10-08 20:50:17,278][agent.finetune.train_ppo_diffusion_agent][INFO] - approx_kl: 1.8203219269707915e-06, update_epoch: 1, num_batch: 4
[2026-10-08 20:50:19,595][agent.finetune.train_ppo_diffusion_agent][INFO] - approx_kl: 2.9794316560582956e-06, update_epoch: 1, num_batch: 4
[2026-10-08 20:50:21,710][agent.finetune.train_ppo_diffusion_agent][INFO] - approx_kl: 4.47161210104241e-06, update_epoch: 1, num_batch: 4
[2026-10-08 20:50:23,918][agent.finetune.train_ppo_diffusion_agent][INFO] - approx_kl: 6.158782070997404e-06, update_epoch: 1, num_batch: 4
[2026-10-08 20:50:26,129][agent.finetune.train_ppo_diffusion_agent][INFO] - approx_kl: 7.654919500055257e-06, update_epoch: 2, num_batch: 4
[2026-10-08 20:50:28,434][agent.finetune.train_ppo_diffusion_agent][INFO] - approx_kl: 8.807606718619354e-06, update_epoch: 2, num_batch: 4
[2026-10-08 20:50:30,547][agent.finetune.train_ppo_diffusion_agent][INFO] - approx_kl: 9.863648301688954e-06, update_epoch: 2, num_batch: 4
[2026-10-08 20:50:32,755][agent.finetune.train_ppo_diffusion_agent][INFO] - approx_kl: 1.0180310709984042e-05, update_epoch: 2, num_batch: 4
[2026-10-08 20:50:34,979][agent.finetune.train_ppo_diffusion_agent][INFO] - approx_kl: 1.0427238521515392e-05, update_epoch: 3, num_batch: 4
[2026-10-08 20:50:37,298][agent.finetune.train_ppo_diffusion_agent][INFO] - approx_kl: 1.084803352568997e-05, update_epoch: 3, num_batch: 4
[2026-10-08 20:50:39,404][agent.finetune.train_ppo_diffusion_agent][INFO] - approx_kl: 1.153069479187252e-05, update_epoch: 3, num_batch: 4
[2026-10-08 20:50:41,615][agent.finetune.train_ppo_diffusion_agent][INFO] - approx_kl: 1.2110824172850698e-05, update_epoch: 3, num_batch: 4
[2026-10-08 20:50:43,812][agent.finetune.train_ppo_diffusion_agent][INFO] - approx_kl: 1.2814903129765298e-05, update_epoch: 4, num_batch: 4
[2026-10-08 20:50:46,143][agent.finetune.train_ppo_diffusion_agent][INFO] - approx_kl: 1.310656989517156e-05, update_epoch: 4, num_batch: 4
[2026-10-08 20:50:48,257][agent.finetune.train_ppo_diffusion_agent][INFO] - approx_kl: 1.376316140522249e-05, update_epoch: 4, num_batch: 4
[2026-10-08 20:50:50,461][agent.finetune.train_ppo_diffusion_agent][INFO] - approx_kl: 1.4323393770609982e-05, update_epoch: 4, num_batch: 4
[2026-10-08 20:50:50,468][agent.finetune.train_ppo_diffusion_agent][INFO] - 55: step  4000000 | loss   0.0540 | pg loss  -0.0005 | value loss   0.1090 | bc loss   0.0000 | reward 4302.1120 | eta   1.0000 | t: 57.7390
Processed step 0 of 500
Processed step 10 of 500
Processed step 20 of 500
Processed step 30 of 500
Processed step 40 of 500
Processed step 50 of 500
Processed step 60 of 500
Processed step 70 of 500
Processed step 80 of 500
Processed step 90 of 500
Processed step 100 of 500
Processed step 110 of 500
Processed step 120 of 500
Processed step 130 of 500
Processed step 140 of 500
Processed step 150 of 500
Processed step 160 of 500
Processed step 170 of 500
Processed step 180 of 500
Processed step 190 of 500
Processed step 200 of 500
Processed step 210 of 500
Processed step 220 of 500
Processed step 230 of 500
Processed step 240 of 500
Processed step 250 of 500
Processed step 260 of 500
Processed step 270 of 500
Processed step 280 of 500
Processed step 290 of 500
Processed step 300 of 500
Processed step 310 of 500
Processed step 320 of 500
Processed step 330 of 500
Processed step 340 of 500
Processed step 350 of 500
Processed step 360 of 500
Processed step 370 of 500
Processed step 380 of 500
Processed step 390 of 500
Processed step 400 of 500
Processed step 410 of 500
Processed step 420 of 500
Processed step 430 of 500
Processed step 440 of 500
Processed step 450 of 500
Processed step 460 of 500
Processed step 470 of 500
Processed step 480 of 500
Processed step 490 of 500
[2026-10-08 20:51:06,269][agent.finetune.train_ppo_diffusion_agent][INFO] - approx_kl: 0.0, update_epoch: 0, num_batch: 4
[2026-10-08 20:51:08,375][agent.finetune.train_ppo_diffusion_agent][INFO] - approx_kl: 2.0051727744885284e-07, update_epoch: 0, num_batch: 4
[2026-10-08 20:51:10,593][agent.finetune.train_ppo_diffusion_agent][INFO] - approx_kl: 7.026980597402144e-07, update_epoch: 0, num_batch: 4
[2026-10-08 20:51:12,809][agent.finetune.train_ppo_diffusion_agent][INFO] - approx_kl: 1.6241506273217965e-06, update_epoch: 0, num_batch: 4
[2026-10-08 20:51:15,125][agent.finetune.train_ppo_diffusion_agent][INFO] - approx_kl: 3.1769609449838754e-06, update_epoch: 1, num_batch: 4
[2026-10-08 20:51:17,241][agent.finetune.train_ppo_diffusion_agent][INFO] - approx_kl: 5.1167321544198785e-06, update_epoch: 1, num_batch: 4
[2026-10-08 20:51:19,440][agent.finetune.train_ppo_diffusion_agent][INFO] - approx_kl: 7.3305559453729074e-06, update_epoch: 1, num_batch: 4
[2026-10-08 20:51:21,649][agent.finetune.train_ppo_diffusion_agent][INFO] - approx_kl: 8.915808393794578e-06, update_epoch: 1, num_batch: 4
[2026-10-08 20:51:23,952][agent.finetune.train_ppo_diffusion_agent][INFO] - approx_kl: 9.495655831415206e-06, update_epoch: 2, num_batch: 4
[2026-10-08 20:51:26,056][agent.finetune.train_ppo_diffusion_agent][INFO] - approx_kl: 9.240159670298453e-06, update_epoch: 2, num_batch: 4
[2026-10-08 20:51:28,259][agent.finetune.train_ppo_diffusion_agent][INFO] - approx_kl: 8.646509741083719e-06, update_epoch: 2, num_batch: 4
[2026-10-08 20:51:30,474][agent.finetune.train_ppo_diffusion_agent][INFO] - approx_kl: 8.395641998504288e-06, update_epoch: 2, num_batch: 4
[2026-10-08 20:51:32,792][agent.finetune.train_ppo_diffusion_agent][INFO] - approx_kl: 8.432007234659977e-06, update_epoch: 3, num_batch: 4
[2026-10-08 20:51:34,900][agent.finetune.train_ppo_diffusion_agent][INFO] - approx_kl: 9.07522098714253e-06, update_epoch: 3, num_batch: 4
[2026-10-08 20:51:37,156][agent.finetune.train_ppo_diffusion_agent][INFO] - approx_kl: 1.0098357051901985e-05, update_epoch: 3, num_batch: 4
[2026-10-08 20:51:39,378][agent.finetune.train_ppo_diffusion_agent][INFO] - approx_kl: 1.1045839528378565e-05, update_epoch: 3, num_batch: 4
[2026-10-08 20:51:41,685][agent.finetune.train_ppo_diffusion_agent][INFO] - approx_kl: 1.1740393347281497e-05, update_epoch: 4, num_batch: 4
[2026-10-08 20:51:43,797][agent.finetune.train_ppo_diffusion_agent][INFO] - approx_kl: 1.2642086403502617e-05, update_epoch: 4, num_batch: 4
[2026-10-08 20:51:45,999][agent.finetune.train_ppo_diffusion_agent][INFO] - approx_kl: 1.3356769159145188e-05, update_epoch: 4, num_batch: 4
[2026-10-08 20:51:48,200][agent.finetune.train_ppo_diffusion_agent][INFO] - approx_kl: 1.4181441656546667e-05, update_epoch: 4, num_batch: 4
[2026-10-08 20:51:48,207][agent.finetune.train_ppo_diffusion_agent][INFO] - 56: step  4080000 | loss   0.0553 | pg loss  -0.0007 | value loss   0.1120 | bc loss   0.0000 | reward 4265.8288 | eta   1.0000 | t: 57.7390
Processed step 0 of 500
Processed step 10 of 500
Processed step 20 of 500
Processed step 30 of 500
Processed step 40 of 500
Processed step 50 of 500
Processed step 60 of 500
Processed step 70 of 500
Processed step 80 of 500
Processed step 90 of 500
Processed step 100 of 500
Processed step 110 of 500
Processed step 120 of 500
Processed step 130 of 500
Processed step 140 of 500
Processed step 150 of 500
Processed step 160 of 500
Processed step 170 of 500
Processed step 180 of 500
Processed step 190 of 500
Processed step 200 of 500
Processed step 210 of 500
Processed step 220 of 500
Processed step 230 of 500
Processed step 240 of 500
Processed step 250 of 500
Processed step 260 of 500
Processed step 270 of 500
Processed step 280 of 500
Processed step 290 of 500
Processed step 300 of 500
Processed step 310 of 500
Processed step 320 of 500
Processed step 330 of 500
Processed step 340 of 500
Processed step 350 of 500
Processed step 360 of 500
Processed step 370 of 500
Processed step 380 of 500
Processed step 390 of 500
Processed step 400 of 500
Processed step 410 of 500
Processed step 420 of 500
Processed step 430 of 500
Processed step 440 of 500
Processed step 450 of 500
Processed step 460 of 500
Processed step 470 of 500
Processed step 480 of 500
Processed step 490 of 500
[2026-10-08 20:52:04,014][agent.finetune.train_ppo_diffusion_agent][INFO] - approx_kl: 0.0, update_epoch: 0, num_batch: 4
[2026-10-08 20:52:06,126][agent.finetune.train_ppo_diffusion_agent][INFO] - approx_kl: 1.522119390529042e-07, update_epoch: 0, num_batch: 4
[2026-10-08 20:52:08,322][agent.finetune.train_ppo_diffusion_agent][INFO] - approx_kl: 5.092064156997367e-07, update_epoch: 0, num_batch: 4
[2026-10-08 20:52:10,525][agent.finetune.train_ppo_diffusion_agent][INFO] - approx_kl: 1.057465283338388e-06, update_epoch: 0, num_batch: 4
[2026-10-08 20:52:12,834][agent.finetune.train_ppo_diffusion_agent][INFO] - approx_kl: 1.7255007378480514e-06, update_epoch: 1, num_batch: 4
[2026-10-08 20:52:14,946][agent.finetune.train_ppo_diffusion_agent][INFO] - approx_kl: 2.5315964649053058e-06, update_epoch: 1, num_batch: 4
[2026-10-08 20:52:17,153][agent.finetune.train_ppo_diffusion_agent][INFO] - approx_kl: 3.583860916478443e-06, update_epoch: 1, num_batch: 4
[2026-10-08 20:52:19,370][agent.finetune.train_ppo_diffusion_agent][INFO] - approx_kl: 5.0075350372935645e-06, update_epoch: 1, num_batch: 4
[2026-10-08 20:52:21,700][agent.finetune.train_ppo_diffusion_agent][INFO] - approx_kl: 6.105784450483043e-06, update_epoch: 2, num_batch: 4
[2026-10-08 20:52:23,806][agent.finetune.train_ppo_diffusion_agent][INFO] - approx_kl: 6.946388111828128e-06, update_epoch: 2, num_batch: 4
[2026-10-08 20:52:26,018][agent.finetune.train_ppo_diffusion_agent][INFO] - approx_kl: 7.789145456627011e-06, update_epoch: 2, num_batch: 4
[2026-10-08 20:52:28,232][agent.finetune.train_ppo_diffusion_agent][INFO] - approx_kl: 8.562496986996848e-06, update_epoch: 2, num_batch: 4
[2026-10-08 20:52:30,605][agent.finetune.train_ppo_diffusion_agent][INFO] - approx_kl: 9.163200047623832e-06, update_epoch: 3, num_batch: 4
[2026-10-08 20:52:32,729][agent.finetune.train_ppo_diffusion_agent][INFO] - approx_kl: 1.0216960617981385e-05, update_epoch: 3, num_batch: 4
[2026-10-08 20:52:34,933][agent.finetune.train_ppo_diffusion_agent][INFO] - approx_kl: 1.1577102668525185e-05, update_epoch: 3, num_batch: 4
[2026-10-08 20:52:37,156][agent.finetune.train_ppo_diffusion_agent][INFO] - approx_kl: 1.2416841855156235e-05, update_epoch: 3, num_batch: 4
[2026-10-08 20:52:39,477][agent.finetune.train_ppo_diffusion_agent][INFO] - approx_kl: 1.2930482625961304e-05, update_epoch: 4, num_batch: 4
[2026-10-08 20:52:41,603][agent.finetune.train_ppo_diffusion_agent][INFO] - approx_kl: 1.3009854228585027e-05, update_epoch: 4, num_batch: 4
[2026-10-08 20:52:43,804][agent.finetune.train_ppo_diffusion_agent][INFO] - approx_kl: 1.3216434126661625e-05, update_epoch: 4, num_batch: 4
[2026-10-08 20:52:46,017][agent.finetune.train_ppo_diffusion_agent][INFO] - approx_kl: 1.391264686390059e-05, update_epoch: 4, num_batch: 4
[2026-10-08 20:52:46,024][agent.finetune.train_ppo_diffusion_agent][INFO] - 57: step  4160000 | loss   0.0553 | pg loss  -0.0004 | value loss   0.1115 | bc loss   0.0000 | reward 4312.5667 | eta   1.0000 | t: 57.8172
Processed step 0 of 500
Processed step 10 of 500
Processed step 20 of 500
Processed step 30 of 500
Processed step 40 of 500
Processed step 50 of 500
Processed step 60 of 500
Processed step 70 of 500
Processed step 80 of 500
Processed step 90 of 500
Processed step 100 of 500
Processed step 110 of 500
Processed step 120 of 500
Processed step 130 of 500
Processed step 140 of 500
Processed step 150 of 500
Processed step 160 of 500
Processed step 170 of 500
Processed step 180 of 500
Processed step 190 of 500
Processed step 200 of 500
Processed step 210 of 500
Processed step 220 of 500
Processed step 230 of 500
Processed step 240 of 500
Processed step 250 of 500
Processed step 260 of 500
Processed step 270 of 500
Processed step 280 of 500
Processed step 290 of 500
Processed step 300 of 500
Processed step 310 of 500
Processed step 320 of 500
Processed step 330 of 500
Processed step 340 of 500
Processed step 350 of 500
Processed step 360 of 500
Processed step 370 of 500
Processed step 380 of 500
Processed step 390 of 500
Processed step 400 of 500
Processed step 410 of 500
Processed step 420 of 500
Processed step 430 of 500
Processed step 440 of 500
Processed step 450 of 500
Processed step 460 of 500
Processed step 470 of 500
Processed step 480 of 500
Processed step 490 of 500
[2026-10-08 20:53:01,857][agent.finetune.train_ppo_diffusion_agent][INFO] - approx_kl: 0.0, update_epoch: 0, num_batch: 4
[2026-10-08 20:53:03,980][agent.finetune.train_ppo_diffusion_agent][INFO] - approx_kl: 1.69674308381218e-07, update_epoch: 0, num_batch: 4
[2026-10-08 20:53:06,191][agent.finetune.train_ppo_diffusion_agent][INFO] - approx_kl: 6.901321967234253e-07, update_epoch: 0, num_batch: 4
[2026-10-08 20:53:08,487][agent.finetune.train_ppo_diffusion_agent][INFO] - approx_kl: 1.3524357882488403e-06, update_epoch: 0, num_batch: 4
[2026-10-08 20:53:10,620][agent.finetune.train_ppo_diffusion_agent][INFO] - approx_kl: 2.203213625762146e-06, update_epoch: 1, num_batch: 4
[2026-10-08 20:53:12,837][agent.finetune.train_ppo_diffusion_agent][INFO] - approx_kl: 3.3619328405620763e-06, update_epoch: 1, num_batch: 4
[2026-10-08 20:53:15,055][agent.finetune.train_ppo_diffusion_agent][INFO] - approx_kl: 4.549710411083652e-06, update_epoch: 1, num_batch: 4
[2026-10-08 20:53:17,373][agent.finetune.train_ppo_diffusion_agent][INFO] - approx_kl: 5.871720077266218e-06, update_epoch: 1, num_batch: 4
[2026-10-08 20:53:19,502][agent.finetune.train_ppo_diffusion_agent][INFO] - approx_kl: 7.43675627745688e-06, update_epoch: 2, num_batch: 4
[2026-10-08 20:53:21,725][agent.finetune.train_ppo_diffusion_agent][INFO] - approx_kl: 9.004071216622833e-06, update_epoch: 2, num_batch: 4
[2026-10-08 20:53:23,939][agent.finetune.train_ppo_diffusion_agent][INFO] - approx_kl: 1.0233557077299338e-05, update_epoch: 2, num_batch: 4
[2026-10-08 20:53:26,250][agent.finetune.train_ppo_diffusion_agent][INFO] - approx_kl: 1.158981649496127e-05, update_epoch: 2, num_batch: 4
[2026-10-08 20:53:28,363][agent.finetune.train_ppo_diffusion_agent][INFO] - approx_kl: 1.2122403859393671e-05, update_epoch: 3, num_batch: 4
[2026-10-08 20:53:30,577][agent.finetune.train_ppo_diffusion_agent][INFO] - approx_kl: 1.2900820365757681e-05, update_epoch: 3, num_batch: 4
[2026-10-08 20:53:32,820][agent.finetune.train_ppo_diffusion_agent][INFO] - approx_kl: 1.3194653547543567e-05, update_epoch: 3, num_batch: 4
[2026-10-08 20:53:35,152][agent.finetune.train_ppo_diffusion_agent][INFO] - approx_kl: 1.3214032151154242e-05, update_epoch: 3, num_batch: 4
[2026-10-08 20:53:37,268][agent.finetune.train_ppo_diffusion_agent][INFO] - approx_kl: 1.3021011000091676e-05, update_epoch: 4, num_batch: 4
[2026-10-08 20:53:39,490][agent.finetune.train_ppo_diffusion_agent][INFO] - approx_kl: 1.3338850294530857e-05, update_epoch: 4, num_batch: 4
[2026-10-08 20:53:41,702][agent.finetune.train_ppo_diffusion_agent][INFO] - approx_kl: 1.3786138879368082e-05, update_epoch: 4, num_batch: 4
[2026-10-08 20:53:44,029][agent.finetune.train_ppo_diffusion_agent][INFO] - approx_kl: 1.4116095371718984e-05, update_epoch: 4, num_batch: 4
[2026-10-08 20:53:44,035][agent.finetune.train_ppo_diffusion_agent][INFO] - 58: step  4240000 | loss   0.0551 | pg loss  -0.0005 | value loss   0.1113 | bc loss   0.0000 | reward 4290.7724 | eta   1.0000 | t: 58.0116
Processed step 0 of 500
Processed step 10 of 500
Processed step 20 of 500
Processed step 30 of 500
Processed step 40 of 500
Processed step 50 of 500
Processed step 60 of 500
Processed step 70 of 500
Processed step 80 of 500
Processed step 90 of 500
Processed step 100 of 500
Processed step 110 of 500
Processed step 120 of 500
Processed step 130 of 500
Processed step 140 of 500
Processed step 150 of 500
Processed step 160 of 500
Processed step 170 of 500
Processed step 180 of 500
Processed step 190 of 500
Processed step 200 of 500
Processed step 210 of 500
Processed step 220 of 500
Processed step 230 of 500
Processed step 240 of 500
Processed step 250 of 500
Processed step 260 of 500
Processed step 270 of 500
Processed step 280 of 500
Processed step 290 of 500
Processed step 300 of 500
Processed step 310 of 500
Processed step 320 of 500
Processed step 330 of 500
Processed step 340 of 500
Processed step 350 of 500
Processed step 360 of 500
Processed step 370 of 500
Processed step 380 of 500
Processed step 390 of 500
Processed step 400 of 500
Processed step 410 of 500
Processed step 420 of 500
Processed step 430 of 500
Processed step 440 of 500
Processed step 450 of 500
Processed step 460 of 500
Processed step 470 of 500
Processed step 480 of 500
Processed step 490 of 500
[2026-10-08 20:53:59,594][agent.finetune.train_ppo_diffusion_agent][INFO] - approx_kl: 0.0, update_epoch: 0, num_batch: 4
[2026-10-08 20:54:01,805][agent.finetune.train_ppo_diffusion_agent][INFO] - approx_kl: 1.5050081003664673e-07, update_epoch: 0, num_batch: 4
[2026-10-08 20:54:03,997][agent.finetune.train_ppo_diffusion_agent][INFO] - approx_kl: 5.261341584628099e-07, update_epoch: 0, num_batch: 4
[2026-10-08 20:54:06,307][agent.finetune.train_ppo_diffusion_agent][INFO] - approx_kl: 1.2079472071491182e-06, update_epoch: 0, num_batch: 4
[2026-10-08 20:54:08,417][agent.finetune.train_ppo_diffusion_agent][INFO] - approx_kl: 2.111986987074488e-06, update_epoch: 1, num_batch: 4
[2026-10-08 20:54:10,616][agent.finetune.train_ppo_diffusion_agent][INFO] - approx_kl: 3.3640478704910493e-06, update_epoch: 1, num_batch: 4
[2026-10-08 20:54:12,813][agent.finetune.train_ppo_diffusion_agent][INFO] - approx_kl: 4.916585567116272e-06, update_epoch: 1, num_batch: 4
[2026-10-08 20:54:15,118][agent.finetune.train_ppo_diffusion_agent][INFO] - approx_kl: 6.7062869675282855e-06, update_epoch: 1, num_batch: 4
[2026-10-08 20:54:17,227][agent.finetune.train_ppo_diffusion_agent][INFO] - approx_kl: 8.184781108866446e-06, update_epoch: 2, num_batch: 4
[2026-10-08 20:54:19,416][agent.finetune.train_ppo_diffusion_agent][INFO] - approx_kl: 9.23850075196242e-06, update_epoch: 2, num_batch: 4
[2026-10-08 20:54:21,620][agent.finetune.train_ppo_diffusion_agent][INFO] - approx_kl: 1.0132900570170023e-05, update_epoch: 2, num_batch: 4
[2026-10-08 20:54:23,967][agent.finetune.train_ppo_diffusion_agent][INFO] - approx_kl: 1.0493912668607663e-05, update_epoch: 2, num_batch: 4
[2026-10-08 20:54:26,071][agent.finetune.train_ppo_diffusion_agent][INFO] - approx_kl: 1.101940233638743e-05, update_epoch: 3, num_batch: 4
[2026-10-08 20:54:28,272][agent.finetune.train_ppo_diffusion_agent][INFO] - approx_kl: 1.1819269275292754e-05, update_epoch: 3, num_batch: 4
[2026-10-08 20:54:30,480][agent.finetune.train_ppo_diffusion_agent][INFO] - approx_kl: 1.2693723874690477e-05, update_epoch: 3, num_batch: 4
[2026-10-08 20:54:32,783][agent.finetune.train_ppo_diffusion_agent][INFO] - approx_kl: 1.3715619388676714e-05, update_epoch: 3, num_batch: 4
[2026-10-08 20:54:34,887][agent.finetune.train_ppo_diffusion_agent][INFO] - approx_kl: 1.4070062206883449e-05, update_epoch: 4, num_batch: 4
[2026-10-08 20:54:37,089][agent.finetune.train_ppo_diffusion_agent][INFO] - approx_kl: 1.4838543393125292e-05, update_epoch: 4, num_batch: 4
[2026-10-08 20:54:39,289][agent.finetune.train_ppo_diffusion_agent][INFO] - approx_kl: 1.5254243407980539e-05, update_epoch: 4, num_batch: 4
[2026-10-08 20:54:41,613][agent.finetune.train_ppo_diffusion_agent][INFO] - approx_kl: 1.591910040588118e-05, update_epoch: 4, num_batch: 4
[2026-10-08 20:54:41,619][agent.finetune.train_ppo_diffusion_agent][INFO] - 59: step  4320000 | loss   0.0542 | pg loss  -0.0005 | value loss   0.1095 | bc loss   0.0000 | reward 4262.1906 | eta   1.0000 | t: 57.5840
Processed step 0 of 500
Processed step 10 of 500
Processed step 20 of 500
Processed step 30 of 500
Processed step 40 of 500
Processed step 50 of 500
Processed step 60 of 500
Processed step 70 of 500
Processed step 80 of 500
Processed step 90 of 500
Processed step 100 of 500
Processed step 110 of 500
Processed step 120 of 500
Processed step 130 of 500
Processed step 140 of 500
Processed step 150 of 500
Processed step 160 of 500
Processed step 170 of 500
Processed step 180 of 500
Processed step 190 of 500
Processed step 200 of 500
Processed step 210 of 500
Processed step 220 of 500
Processed step 230 of 500
Processed step 240 of 500
Processed step 250 of 500
Processed step 260 of 500
Processed step 270 of 500
Processed step 280 of 500
Processed step 290 of 500
Processed step 300 of 500
Processed step 310 of 500
Processed step 320 of 500
Processed step 330 of 500
Processed step 340 of 500
Processed step 350 of 500
Processed step 360 of 500
Processed step 370 of 500
Processed step 380 of 500
Processed step 390 of 500
Processed step 400 of 500
Processed step 410 of 500
Processed step 420 of 500
Processed step 430 of 500
Processed step 440 of 500
Processed step 450 of 500
Processed step 460 of 500
Processed step 470 of 500
Processed step 480 of 500
Processed step 490 of 500
[2026-10-08 20:54:54,216][agent.finetune.train_ppo_diffusion_agent][INFO] - eval: success rate   1.0000 | avg episode reward 4567.9394 | avg best reward   6.4451
Processed step 0 of 500
Processed step 10 of 500
Processed step 20 of 500
Processed step 30 of 500
Processed step 40 of 500
Processed step 50 of 500
Processed step 60 of 500
Processed step 70 of 500
Processed step 80 of 500
Processed step 90 of 500
Processed step 100 of 500
Processed step 110 of 500
Processed step 120 of 500
Processed step 130 of 500
Processed step 140 of 500
Processed step 150 of 500
Processed step 160 of 500
Processed step 170 of 500
Processed step 180 of 500
Processed step 190 of 500
Processed step 200 of 500
Processed step 210 of 500
Processed step 220 of 500
Processed step 230 of 500
Processed step 240 of 500
Processed step 250 of 500
Processed step 260 of 500
Processed step 270 of 500
Processed step 280 of 500
Processed step 290 of 500
Processed step 300 of 500
Processed step 310 of 500
Processed step 320 of 500
Processed step 330 of 500
Processed step 340 of 500
Processed step 350 of 500
Processed step 360 of 500
Processed step 370 of 500
Processed step 380 of 500
Processed step 390 of 500
Processed step 400 of 500
Processed step 410 of 500
Processed step 420 of 500
Processed step 430 of 500
Processed step 440 of 500
Processed step 450 of 500
Processed step 460 of 500
Processed step 470 of 500
Processed step 480 of 500
Processed step 490 of 500
[2026-10-08 20:55:08,851][agent.finetune.train_ppo_diffusion_agent][INFO] - approx_kl: 0.0, update_epoch: 0, num_batch: 4
[2026-10-08 20:55:11,089][agent.finetune.train_ppo_diffusion_agent][INFO] - approx_kl: 1.4804062686835096e-07, update_epoch: 0, num_batch: 4
[2026-10-08 20:55:13,315][agent.finetune.train_ppo_diffusion_agent][INFO] - approx_kl: 5.422544404609653e-07, update_epoch: 0, num_batch: 4
[2026-10-08 20:55:15,654][agent.finetune.train_ppo_diffusion_agent][INFO] - approx_kl: 1.1794435295087169e-06, update_epoch: 0, num_batch: 4
[2026-10-08 20:55:17,783][agent.finetune.train_ppo_diffusion_agent][INFO] - approx_kl: 2.059883627225645e-06, update_epoch: 1, num_batch: 4
[2026-10-08 20:55:20,000][agent.finetune.train_ppo_diffusion_agent][INFO] - approx_kl: 3.4457632409612415e-06, update_epoch: 1, num_batch: 4
[2026-10-08 20:55:22,224][agent.finetune.train_ppo_diffusion_agent][INFO] - approx_kl: 5.072428848507116e-06, update_epoch: 1, num_batch: 4
[2026-10-08 20:55:24,561][agent.finetune.train_ppo_diffusion_agent][INFO] - approx_kl: 6.670150469290093e-06, update_epoch: 1, num_batch: 4
[2026-10-08 20:55:26,754][agent.finetune.train_ppo_diffusion_agent][INFO] - approx_kl: 7.929677849460859e-06, update_epoch: 2, num_batch: 4
[2026-10-08 20:55:28,979][agent.finetune.train_ppo_diffusion_agent][INFO] - approx_kl: 8.48899162519956e-06, update_epoch: 2, num_batch: 4
[2026-10-08 20:55:31,196][agent.finetune.train_ppo_diffusion_agent][INFO] - approx_kl: 8.746674211579375e-06, update_epoch: 2, num_batch: 4
[2026-10-08 20:55:33,515][agent.finetune.train_ppo_diffusion_agent][INFO] - approx_kl: 9.006940672406927e-06, update_epoch: 2, num_batch: 4
[2026-10-08 20:55:35,648][agent.finetune.train_ppo_diffusion_agent][INFO] - approx_kl: 9.545821740175597e-06, update_epoch: 3, num_batch: 4
[2026-10-08 20:55:37,879][agent.finetune.train_ppo_diffusion_agent][INFO] - approx_kl: 9.995846085075755e-06, update_epoch: 3, num_batch: 4
[2026-10-08 20:55:40,116][agent.finetune.train_ppo_diffusion_agent][INFO] - approx_kl: 1.092777711164672e-05, update_epoch: 3, num_batch: 4
[2026-10-08 20:55:42,450][agent.finetune.train_ppo_diffusion_agent][INFO] - approx_kl: 1.1776085557357874e-05, update_epoch: 3, num_batch: 4
[2026-10-08 20:55:44,581][agent.finetune.train_ppo_diffusion_agent][INFO] - approx_kl: 1.2333450285950676e-05, update_epoch: 4, num_batch: 4
[2026-10-08 20:55:46,822][agent.finetune.train_ppo_diffusion_agent][INFO] - approx_kl: 1.2944683476234786e-05, update_epoch: 4, num_batch: 4
[2026-10-08 20:55:49,070][agent.finetune.train_ppo_diffusion_agent][INFO] - approx_kl: 1.3442274394037668e-05, update_epoch: 4, num_batch: 4
[2026-10-08 20:55:51,403][agent.finetune.train_ppo_diffusion_agent][INFO] - approx_kl: 1.3899628356739413e-05, update_epoch: 4, num_batch: 4
[2026-10-08 20:55:51,409][agent.finetune.train_ppo_diffusion_agent][INFO] - 61: step  4400000 | loss   0.0560 | pg loss  -0.0005 | value loss   0.1130 | bc loss   0.0000 | reward 4297.3572 | eta   1.0000 | t: 57.1928
Processed step 0 of 500
Processed step 10 of 500
Processed step 20 of 500
Processed step 30 of 500
Processed step 40 of 500
Processed step 50 of 500
Processed step 60 of 500
Processed step 70 of 500
Processed step 80 of 500
Processed step 90 of 500
Processed step 100 of 500
Processed step 110 of 500
Processed step 120 of 500
Processed step 130 of 500
Processed step 140 of 500
Processed step 150 of 500
Processed step 160 of 500
Processed step 170 of 500
Processed step 180 of 500
Processed step 190 of 500
Processed step 200 of 500
Processed step 210 of 500
Processed step 220 of 500
Processed step 230 of 500
Processed step 240 of 500
Processed step 250 of 500
Processed step 260 of 500
Processed step 270 of 500
Processed step 280 of 500
Processed step 290 of 500
Processed step 300 of 500
Processed step 310 of 500
Processed step 320 of 500
Processed step 330 of 500
Processed step 340 of 500
Processed step 350 of 500
Processed step 360 of 500
Processed step 370 of 500
Processed step 380 of 500
Processed step 390 of 500
Processed step 400 of 500
Processed step 410 of 500
Processed step 420 of 500
Processed step 430 of 500
Processed step 440 of 500
Processed step 450 of 500
Processed step 460 of 500
Processed step 470 of 500
Processed step 480 of 500
Processed step 490 of 500
[2026-10-08 20:56:05,986][agent.finetune.train_ppo_diffusion_agent][INFO] - approx_kl: 0.0, update_epoch: 0, num_batch: 4
[2026-10-08 20:56:08,187][agent.finetune.train_ppo_diffusion_agent][INFO] - approx_kl: 1.7491117887402652e-07, update_epoch: 0, num_batch: 4
[2026-10-08 20:56:10,380][agent.finetune.train_ppo_diffusion_agent][INFO] - approx_kl: 6.198176834004698e-07, update_epoch: 0, num_batch: 4
[2026-10-08 20:56:12,692][agent.finetune.train_ppo_diffusion_agent][INFO] - approx_kl: 1.2320215319050476e-06, update_epoch: 0, num_batch: 4
[2026-10-08 20:56:14,817][agent.finetune.train_ppo_diffusion_agent][INFO] - approx_kl: 1.9162671378580853e-06, update_epoch: 1, num_batch: 4
[2026-10-08 20:56:17,060][agent.finetune.train_ppo_diffusion_agent][INFO] - approx_kl: 2.93594780487183e-06, update_epoch: 1, num_batch: 4
[2026-10-08 20:56:19,269][agent.finetune.train_ppo_diffusion_agent][INFO] - approx_kl: 4.122337031731149e-06, update_epoch: 1, num_batch: 4
[2026-10-08 20:56:21,588][agent.finetune.train_ppo_diffusion_agent][INFO] - approx_kl: 5.576041075983085e-06, update_epoch: 1, num_batch: 4
[2026-10-08 20:56:23,717][agent.finetune.train_ppo_diffusion_agent][INFO] - approx_kl: 7.1144568210002035e-06, update_epoch: 2, num_batch: 4
[2026-10-08 20:56:25,919][agent.finetune.train_ppo_diffusion_agent][INFO] - approx_kl: 8.209772204281762e-06, update_epoch: 2, num_batch: 4
[2026-10-08 20:56:28,115][agent.finetune.train_ppo_diffusion_agent][INFO] - approx_kl: 9.356895134260412e-06, update_epoch: 2, num_batch: 4
[2026-10-08 20:56:30,403][agent.finetune.train_ppo_diffusion_agent][INFO] - approx_kl: 9.85101087280782e-06, update_epoch: 2, num_batch: 4
[2026-10-08 20:56:32,513][agent.finetune.train_ppo_diffusion_agent][INFO] - approx_kl: 1.0579523404885549e-05, update_epoch: 3, num_batch: 4
[2026-10-08 20:56:34,729][agent.finetune.train_ppo_diffusion_agent][INFO] - approx_kl: 1.1556583558558486e-05, update_epoch: 3, num_batch: 4
[2026-10-08 20:56:36,948][agent.finetune.train_ppo_diffusion_agent][INFO] - approx_kl: 1.2422347026586067e-05, update_epoch: 3, num_batch: 4
[2026-10-08 20:56:39,255][agent.finetune.train_ppo_diffusion_agent][INFO] - approx_kl: 1.316722045885399e-05, update_epoch: 3, num_batch: 4
[2026-10-08 20:56:41,364][agent.finetune.train_ppo_diffusion_agent][INFO] - approx_kl: 1.3451238373818342e-05, update_epoch: 4, num_batch: 4
[2026-10-08 20:56:43,576][agent.finetune.train_ppo_diffusion_agent][INFO] - approx_kl: 1.3946897524874657e-05, update_epoch: 4, num_batch: 4
[2026-10-08 20:56:45,789][agent.finetune.train_ppo_diffusion_agent][INFO] - approx_kl: 1.427787992724916e-05, update_epoch: 4, num_batch: 4
[2026-10-08 20:56:48,128][agent.finetune.train_ppo_diffusion_agent][INFO] - approx_kl: 1.4630767509515863e-05, update_epoch: 4, num_batch: 4
[2026-10-08 20:56:48,134][agent.finetune.train_ppo_diffusion_agent][INFO] - 62: step  4480000 | loss   0.0546 | pg loss  -0.0004 | value loss   0.1100 | bc loss   0.0000 | reward 4338.9538 | eta   1.0000 | t: 56.7254
Processed step 0 of 500
Processed step 10 of 500
Processed step 20 of 500
Processed step 30 of 500
Processed step 40 of 500
Processed step 50 of 500
Processed step 60 of 500
Processed step 70 of 500
Processed step 80 of 500
Processed step 90 of 500
Processed step 100 of 500
Processed step 110 of 500
Processed step 120 of 500
Processed step 130 of 500
Processed step 140 of 500
Processed step 150 of 500
Processed step 160 of 500
Processed step 170 of 500
Processed step 180 of 500
Processed step 190 of 500
Processed step 200 of 500
Processed step 210 of 500
Processed step 220 of 500
Processed step 230 of 500
Processed step 240 of 500
Processed step 250 of 500
Processed step 260 of 500
Processed step 270 of 500
Processed step 280 of 500
Processed step 290 of 500
Processed step 300 of 500
Processed step 310 of 500
Processed step 320 of 500
Processed step 330 of 500
Processed step 340 of 500
Processed step 350 of 500
Processed step 360 of 500
Processed step 370 of 500
Processed step 380 of 500
Processed step 390 of 500
Processed step 400 of 500
Processed step 410 of 500
Processed step 420 of 500
Processed step 430 of 500
Processed step 440 of 500
Processed step 450 of 500
Processed step 460 of 500
Processed step 470 of 500
Processed step 480 of 500
Processed step 490 of 500
[2026-10-08 20:57:02,725][agent.finetune.train_ppo_diffusion_agent][INFO] - approx_kl: 0.0, update_epoch: 0, num_batch: 4
[2026-10-08 20:57:04,923][agent.finetune.train_ppo_diffusion_agent][INFO] - approx_kl: 1.5471081837858947e-07, update_epoch: 0, num_batch: 4
[2026-10-08 20:57:07,244][agent.finetune.train_ppo_diffusion_agent][INFO] - approx_kl: 5.844528345733124e-07, update_epoch: 0, num_batch: 4
[2026-10-08 20:57:09,371][agent.finetune.train_ppo_diffusion_agent][INFO] - approx_kl: 1.1931225571970572e-06, update_epoch: 0, num_batch: 4
[2026-10-08 20:57:11,583][agent.finetune.train_ppo_diffusion_agent][INFO] - approx_kl: 1.979175522137666e-06, update_epoch: 1, num_batch: 4
[2026-10-08 20:57:13,787][agent.finetune.train_ppo_diffusion_agent][INFO] - approx_kl: 3.2755617667135084e-06, update_epoch: 1, num_batch: 4
[2026-10-08 20:57:16,099][agent.finetune.train_ppo_diffusion_agent][INFO] - approx_kl: 4.850543518841732e-06, update_epoch: 1, num_batch: 4
[2026-10-08 20:57:18,251][agent.finetune.train_ppo_diffusion_agent][INFO] - approx_kl: 6.301202574832132e-06, update_epoch: 1, num_batch: 4
[2026-10-08 20:57:20,460][agent.finetune.train_ppo_diffusion_agent][INFO] - approx_kl: 7.4363279054523446e-06, update_epoch: 2, num_batch: 4
[2026-10-08 20:57:22,694][agent.finetune.train_ppo_diffusion_agent][INFO] - approx_kl: 8.00658108346397e-06, update_epoch: 2, num_batch: 4
[2026-10-08 20:57:25,039][agent.finetune.train_ppo_diffusion_agent][INFO] - approx_kl: 8.720315236132592e-06, update_epoch: 2, num_batch: 4
[2026-10-08 20:57:27,155][agent.finetune.train_ppo_diffusion_agent][INFO] - approx_kl: 9.30908845475642e-06, update_epoch: 2, num_batch: 4
[2026-10-08 20:57:29,396][agent.finetune.train_ppo_diffusion_agent][INFO] - approx_kl: 9.959253475244623e-06, update_epoch: 3, num_batch: 4
[2026-10-08 20:57:31,625][agent.finetune.train_ppo_diffusion_agent][INFO] - approx_kl: 1.0944492714770604e-05, update_epoch: 3, num_batch: 4
[2026-10-08 20:57:33,951][agent.finetune.train_ppo_diffusion_agent][INFO] - approx_kl: 1.1882259968842845e-05, update_epoch: 3, num_batch: 4
[2026-10-08 20:57:36,076][agent.finetune.train_ppo_diffusion_agent][INFO] - approx_kl: 1.2822704775317106e-05, update_epoch: 3, num_batch: 4
[2026-10-08 20:57:38,310][agent.finetune.train_ppo_diffusion_agent][INFO] - approx_kl: 1.346895078313537e-05, update_epoch: 4, num_batch: 4
[2026-10-08 20:57:40,538][agent.finetune.train_ppo_diffusion_agent][INFO] - approx_kl: 1.3837869119015522e-05, update_epoch: 4, num_batch: 4
[2026-10-08 20:57:42,864][agent.finetune.train_ppo_diffusion_agent][INFO] - approx_kl: 1.415987662767293e-05, update_epoch: 4, num_batch: 4
[2026-10-08 20:57:44,993][agent.finetune.train_ppo_diffusion_agent][INFO] - approx_kl: 1.463782973587513e-05, update_epoch: 4, num_batch: 4
[2026-10-08 20:57:45,000][agent.finetune.train_ppo_diffusion_agent][INFO] - 63: step  4560000 | loss   0.0553 | pg loss  -0.0004 | value loss   0.1114 | bc loss   0.0000 | reward 4219.8096 | eta   1.0000 | t: 56.8652
Processed step 0 of 500
Processed step 10 of 500
Processed step 20 of 500
Processed step 30 of 500
Processed step 40 of 500
Processed step 50 of 500
Processed step 60 of 500
Processed step 70 of 500
Processed step 80 of 500
Processed step 90 of 500
Processed step 100 of 500
Processed step 110 of 500
Processed step 120 of 500
Processed step 130 of 500
Processed step 140 of 500
Processed step 150 of 500
Processed step 160 of 500
Processed step 170 of 500
Processed step 180 of 500
Processed step 190 of 500
Processed step 200 of 500
Processed step 210 of 500
Processed step 220 of 500
Processed step 230 of 500
Processed step 240 of 500
Processed step 250 of 500
Processed step 260 of 500
Processed step 270 of 500
Processed step 280 of 500
Processed step 290 of 500
Processed step 300 of 500
Processed step 310 of 500
Processed step 320 of 500
Processed step 330 of 500
Processed step 340 of 500
Processed step 350 of 500
Processed step 360 of 500
Processed step 370 of 500
Processed step 380 of 500
Processed step 390 of 500
Processed step 400 of 500
Processed step 410 of 500
Processed step 420 of 500
Processed step 430 of 500
Processed step 440 of 500
Processed step 450 of 500
Processed step 460 of 500
Processed step 470 of 500
Processed step 480 of 500
Processed step 490 of 500
[2026-10-08 20:57:59,824][agent.finetune.train_ppo_diffusion_agent][INFO] - approx_kl: 0.0, update_epoch: 0, num_batch: 4
[2026-10-08 20:58:02,066][agent.finetune.train_ppo_diffusion_agent][INFO] - approx_kl: 1.97819034042368e-07, update_epoch: 0, num_batch: 4
[2026-10-08 20:58:04,423][agent.finetune.train_ppo_diffusion_agent][INFO] - approx_kl: 7.089055884534901e-07, update_epoch: 0, num_batch: 4
[2026-10-08 20:58:06,560][agent.finetune.train_ppo_diffusion_agent][INFO] - approx_kl: 1.2400950026858482e-06, update_epoch: 0, num_batch: 4
[2026-10-08 20:58:08,805][agent.finetune.train_ppo_diffusion_agent][INFO] - approx_kl: 2.3379457161354367e-06, update_epoch: 1, num_batch: 4
[2026-10-08 20:58:11,040][agent.finetune.train_ppo_diffusion_agent][INFO] - approx_kl: 3.6212329632689944e-06, update_epoch: 1, num_batch: 4
[2026-10-08 20:58:13,371][agent.finetune.train_ppo_diffusion_agent][INFO] - approx_kl: 5.063933713245206e-06, update_epoch: 1, num_batch: 4
[2026-10-08 20:58:15,500][agent.finetune.train_ppo_diffusion_agent][INFO] - approx_kl: 6.654411208728561e-06, update_epoch: 1, num_batch: 4
[2026-10-08 20:58:17,742][agent.finetune.train_ppo_diffusion_agent][INFO] - approx_kl: 8.50147262099199e-06, update_epoch: 2, num_batch: 4
[2026-10-08 20:58:20,023][agent.finetune.train_ppo_diffusion_agent][INFO] - approx_kl: 9.599242730473634e-06, update_epoch: 2, num_batch: 4
[2026-10-08 20:58:22,363][agent.finetune.train_ppo_diffusion_agent][INFO] - approx_kl: 9.93126832327107e-06, update_epoch: 2, num_batch: 4
[2026-10-08 20:58:24,491][agent.finetune.train_ppo_diffusion_agent][INFO] - approx_kl: 1.0236385605821852e-05, update_epoch: 2, num_batch: 4
[2026-10-08 20:58:26,717][agent.finetune.train_ppo_diffusion_agent][INFO] - approx_kl: 1.0672881217033137e-05, update_epoch: 3, num_batch: 4
[2026-10-08 20:58:28,952][agent.finetune.train_ppo_diffusion_agent][INFO] - approx_kl: 1.1502020242915023e-05, update_epoch: 3, num_batch: 4
[2026-10-08 20:58:31,281][agent.finetune.train_ppo_diffusion_agent][INFO] - approx_kl: 1.2144361789978575e-05, update_epoch: 3, num_batch: 4
[2026-10-08 20:58:33,403][agent.finetune.train_ppo_diffusion_agent][INFO] - approx_kl: 1.3099157513352111e-05, update_epoch: 3, num_batch: 4
[2026-10-08 20:58:35,630][agent.finetune.train_ppo_diffusion_agent][INFO] - approx_kl: 1.3650402252096683e-05, update_epoch: 4, num_batch: 4
[2026-10-08 20:58:37,865][agent.finetune.train_ppo_diffusion_agent][INFO] - approx_kl: 1.4722681044077035e-05, update_epoch: 4, num_batch: 4
[2026-10-08 20:58:40,221][agent.finetune.train_ppo_diffusion_agent][INFO] - approx_kl: 1.5335366697399877e-05, update_epoch: 4, num_batch: 4
[2026-10-08 20:58:42,344][agent.finetune.train_ppo_diffusion_agent][INFO] - approx_kl: 1.532794522063341e-05, update_epoch: 4, num_batch: 4
[2026-10-08 20:58:42,350][agent.finetune.train_ppo_diffusion_agent][INFO] - 64: step  4640000 | loss   0.0606 | pg loss  -0.0005 | value loss   0.1223 | bc loss   0.0000 | reward 4300.1587 | eta   1.0000 | t: 57.3508
Processed step 0 of 500
Processed step 10 of 500
Processed step 20 of 500
Processed step 30 of 500
Processed step 40 of 500
Processed step 50 of 500
Processed step 60 of 500
Processed step 70 of 500
Processed step 80 of 500
Processed step 90 of 500
Processed step 100 of 500
Processed step 110 of 500
Processed step 120 of 500
Processed step 130 of 500
Processed step 140 of 500
Processed step 150 of 500
Processed step 160 of 500
Processed step 170 of 500
Processed step 180 of 500
Processed step 190 of 500
Processed step 200 of 500
Processed step 210 of 500
Processed step 220 of 500
Processed step 230 of 500
Processed step 240 of 500
Processed step 250 of 500
Processed step 260 of 500
Processed step 270 of 500
Processed step 280 of 500
Processed step 290 of 500
Processed step 300 of 500
Processed step 310 of 500
Processed step 320 of 500
Processed step 330 of 500
Processed step 340 of 500
Processed step 350 of 500
Processed step 360 of 500
Processed step 370 of 500
Processed step 380 of 500
Processed step 390 of 500
Processed step 400 of 500
Processed step 410 of 500
Processed step 420 of 500
Processed step 430 of 500
Processed step 440 of 500
Processed step 450 of 500
Processed step 460 of 500
Processed step 470 of 500
Processed step 480 of 500
Processed step 490 of 500
[2026-10-08 20:58:57,141][agent.finetune.train_ppo_diffusion_agent][INFO] - approx_kl: 0.0, update_epoch: 0, num_batch: 4
[2026-10-08 20:58:59,369][agent.finetune.train_ppo_diffusion_agent][INFO] - approx_kl: 1.6699154059551802e-07, update_epoch: 0, num_batch: 4
[2026-10-08 20:59:01,709][agent.finetune.train_ppo_diffusion_agent][INFO] - approx_kl: 6.12233975516574e-07, update_epoch: 0, num_batch: 4
[2026-10-08 20:59:03,825][agent.finetune.train_ppo_diffusion_agent][INFO] - approx_kl: 1.4009577853357769e-06, update_epoch: 0, num_batch: 4
[2026-10-08 20:59:06,054][agent.finetune.train_ppo_diffusion_agent][INFO] - approx_kl: 2.448054601700278e-06, update_epoch: 1, num_batch: 4
[2026-10-08 20:59:08,405][agent.finetune.train_ppo_diffusion_agent][INFO] - approx_kl: 3.794549002122949e-06, update_epoch: 1, num_batch: 4
[2026-10-08 20:59:10,524][agent.finetune.train_ppo_diffusion_agent][INFO] - approx_kl: 5.470881205837941e-06, update_epoch: 1, num_batch: 4
[2026-10-08 20:59:12,767][agent.finetune.train_ppo_diffusion_agent][INFO] - approx_kl: 7.043189725663979e-06, update_epoch: 1, num_batch: 4
[2026-10-08 20:59:14,996][agent.finetune.train_ppo_diffusion_agent][INFO] - approx_kl: 8.685064130986575e-06, update_epoch: 2, num_batch: 4
[2026-10-08 20:59:17,343][agent.finetune.train_ppo_diffusion_agent][INFO] - approx_kl: 9.807962669583503e-06, update_epoch: 2, num_batch: 4
[2026-10-08 20:59:19,469][agent.finetune.train_ppo_diffusion_agent][INFO] - approx_kl: 1.004746627586428e-05, update_epoch: 2, num_batch: 4
[2026-10-08 20:59:21,748][agent.finetune.train_ppo_diffusion_agent][INFO] - approx_kl: 1.0382867003499996e-05, update_epoch: 2, num_batch: 4
[2026-10-08 20:59:23,971][agent.finetune.train_ppo_diffusion_agent][INFO] - approx_kl: 1.0784184269141406e-05, update_epoch: 3, num_batch: 4
[2026-10-08 20:59:26,313][agent.finetune.train_ppo_diffusion_agent][INFO] - approx_kl: 1.1490952601889148e-05, update_epoch: 3, num_batch: 4
[2026-10-08 20:59:28,444][agent.finetune.train_ppo_diffusion_agent][INFO] - approx_kl: 1.2125421562814154e-05, update_epoch: 3, num_batch: 4
[2026-10-08 20:59:30,683][agent.finetune.train_ppo_diffusion_agent][INFO] - approx_kl: 1.2361484550638124e-05, update_epoch: 3, num_batch: 4
[2026-10-08 20:59:32,924][agent.finetune.train_ppo_diffusion_agent][INFO] - approx_kl: 1.3220324035501108e-05, update_epoch: 4, num_batch: 4
[2026-10-08 20:59:35,263][agent.finetune.train_ppo_diffusion_agent][INFO] - approx_kl: 1.3583195141109172e-05, update_epoch: 4, num_batch: 4
[2026-10-08 20:59:37,398][agent.finetune.train_ppo_diffusion_agent][INFO] - approx_kl: 1.4435103366849944e-05, update_epoch: 4, num_batch: 4
[2026-10-08 20:59:39,638][agent.finetune.train_ppo_diffusion_agent][INFO] - approx_kl: 1.4994739103713073e-05, update_epoch: 4, num_batch: 4
[2026-10-08 20:59:39,644][agent.finetune.train_ppo_diffusion_agent][INFO] - 65: step  4720000 | loss   0.0566 | pg loss  -0.0006 | value loss   0.1144 | bc loss   0.0000 | reward 4262.6406 | eta   1.0000 | t: 57.2940
Processed step 0 of 500
Processed step 10 of 500
Processed step 20 of 500
Processed step 30 of 500
Processed step 40 of 500
Processed step 50 of 500
Processed step 60 of 500
Processed step 70 of 500
Processed step 80 of 500
Processed step 90 of 500
Processed step 100 of 500
Processed step 110 of 500
Processed step 120 of 500
Processed step 130 of 500
Processed step 140 of 500
Processed step 150 of 500
Processed step 160 of 500
Processed step 170 of 500
Processed step 180 of 500
Processed step 190 of 500
Processed step 200 of 500
Processed step 210 of 500
Processed step 220 of 500
Processed step 230 of 500
Processed step 240 of 500
Processed step 250 of 500
Processed step 260 of 500
Processed step 270 of 500
Processed step 280 of 500
Processed step 290 of 500
Processed step 300 of 500
Processed step 310 of 500
Processed step 320 of 500
Processed step 330 of 500
Processed step 340 of 500
Processed step 350 of 500
Processed step 360 of 500
Processed step 370 of 500
Processed step 380 of 500
Processed step 390 of 500
Processed step 400 of 500
Processed step 410 of 500
Processed step 420 of 500
Processed step 430 of 500
Processed step 440 of 500
Processed step 450 of 500
Processed step 460 of 500
Processed step 470 of 500
Processed step 480 of 500
Processed step 490 of 500
[2026-10-08 20:59:54,474][agent.finetune.train_ppo_diffusion_agent][INFO] - approx_kl: 0.0, update_epoch: 0, num_batch: 4
[2026-10-08 20:59:56,821][agent.finetune.train_ppo_diffusion_agent][INFO] - approx_kl: 1.3796774567254033e-07, update_epoch: 0, num_batch: 4
[2026-10-08 20:59:58,947][agent.finetune.train_ppo_diffusion_agent][INFO] - approx_kl: 5.329239343154768e-07, update_epoch: 0, num_batch: 4
[2026-10-08 21:00:01,166][agent.finetune.train_ppo_diffusion_agent][INFO] - approx_kl: 1.0824746823345777e-06, update_epoch: 0, num_batch: 4
[2026-10-08 21:00:03,397][agent.finetune.train_ppo_diffusion_agent][INFO] - approx_kl: 1.7933274421011447e-06, update_epoch: 1, num_batch: 4
[2026-10-08 21:00:05,738][agent.finetune.train_ppo_diffusion_agent][INFO] - approx_kl: 2.7970897917839466e-06, update_epoch: 1, num_batch: 4
[2026-10-08 21:00:07,862][agent.finetune.train_ppo_diffusion_agent][INFO] - approx_kl: 4.040487510792445e-06, update_epoch: 1, num_batch: 4
[2026-10-08 21:00:10,082][agent.finetune.train_ppo_diffusion_agent][INFO] - approx_kl: 5.513728865480516e-06, update_epoch: 1, num_batch: 4
[2026-10-08 21:00:12,307][agent.finetune.train_ppo_diffusion_agent][INFO] - approx_kl: 7.062536496960092e-06, update_epoch: 2, num_batch: 4
[2026-10-08 21:00:14,650][agent.finetune.train_ppo_diffusion_agent][INFO] - approx_kl: 8.471599358017556e-06, update_epoch: 2, num_batch: 4
[2026-10-08 21:00:16,786][agent.finetune.train_ppo_diffusion_agent][INFO] - approx_kl: 1.0013035534939263e-05, update_epoch: 2, num_batch: 4
[2026-10-08 21:00:19,020][agent.finetune.train_ppo_diffusion_agent][INFO] - approx_kl: 1.0683221262297593e-05, update_epoch: 2, num_batch: 4
[2026-10-08 21:00:21,313][agent.finetune.train_ppo_diffusion_agent][INFO] - approx_kl: 1.1244867891946342e-05, update_epoch: 3, num_batch: 4
[2026-10-08 21:00:23,648][agent.finetune.train_ppo_diffusion_agent][INFO] - approx_kl: 1.1665376405289862e-05, update_epoch: 3, num_batch: 4
[2026-10-08 21:00:25,783][agent.finetune.train_ppo_diffusion_agent][INFO] - approx_kl: 1.2279720067454036e-05, update_epoch: 3, num_batch: 4
[2026-10-08 21:00:27,997][agent.finetune.train_ppo_diffusion_agent][INFO] - approx_kl: 1.2571176739584189e-05, update_epoch: 3, num_batch: 4
[2026-10-08 21:00:30,205][agent.finetune.train_ppo_diffusion_agent][INFO] - approx_kl: 1.2821978998545092e-05, update_epoch: 4, num_batch: 4
[2026-10-08 21:00:32,549][agent.finetune.train_ppo_diffusion_agent][INFO] - approx_kl: 1.3565468179876916e-05, update_epoch: 4, num_batch: 4
[2026-10-08 21:00:34,678][agent.finetune.train_ppo_diffusion_agent][INFO] - approx_kl: 1.387626525684027e-05, update_epoch: 4, num_batch: 4
[2026-10-08 21:00:36,906][agent.finetune.train_ppo_diffusion_agent][INFO] - approx_kl: 1.418116062268382e-05, update_epoch: 4, num_batch: 4
[2026-10-08 21:00:36,912][agent.finetune.train_ppo_diffusion_agent][INFO] - 66: step  4800000 | loss   0.0572 | pg loss  -0.0005 | value loss   0.1153 | bc loss   0.0000 | reward 4401.0600 | eta   1.0000 | t: 57.2677
Processed step 0 of 500
Processed step 10 of 500
Processed step 20 of 500
Processed step 30 of 500
Processed step 40 of 500
Processed step 50 of 500
Processed step 60 of 500
Processed step 70 of 500
Processed step 80 of 500
Processed step 90 of 500
Processed step 100 of 500
Processed step 110 of 500
Processed step 120 of 500
Processed step 130 of 500
Processed step 140 of 500
Processed step 150 of 500
Processed step 160 of 500
Processed step 170 of 500
Processed step 180 of 500
Processed step 190 of 500
Processed step 200 of 500
Processed step 210 of 500
Processed step 220 of 500
Processed step 230 of 500
Processed step 240 of 500
Processed step 250 of 500
Processed step 260 of 500
Processed step 270 of 500
Processed step 280 of 500
Processed step 290 of 500
Processed step 300 of 500
Processed step 310 of 500
Processed step 320 of 500
Processed step 330 of 500
Processed step 340 of 500
Processed step 350 of 500
Processed step 360 of 500
Processed step 370 of 500
Processed step 380 of 500
Processed step 390 of 500
Processed step 400 of 500
Processed step 410 of 500
Processed step 420 of 500
Processed step 430 of 500
Processed step 440 of 500
Processed step 450 of 500
Processed step 460 of 500
Processed step 470 of 500
Processed step 480 of 500
Processed step 490 of 500
[2026-10-08 21:00:51,726][agent.finetune.train_ppo_diffusion_agent][INFO] - approx_kl: 0.0, update_epoch: 0, num_batch: 4
[2026-10-08 21:00:54,048][agent.finetune.train_ppo_diffusion_agent][INFO] - approx_kl: 1.5176010492723435e-07, update_epoch: 0, num_batch: 4
[2026-10-08 21:00:56,152][agent.finetune.train_ppo_diffusion_agent][INFO] - approx_kl: 5.552858510782244e-07, update_epoch: 0, num_batch: 4
[2026-10-08 21:00:58,355][agent.finetune.train_ppo_diffusion_agent][INFO] - approx_kl: 1.1606067573666223e-06, update_epoch: 0, num_batch: 4
[2026-10-08 21:01:00,549][agent.finetune.train_ppo_diffusion_agent][INFO] - approx_kl: 2.033324108197121e-06, update_epoch: 1, num_batch: 4
[2026-10-08 21:01:02,879][agent.finetune.train_ppo_diffusion_agent][INFO] - approx_kl: 3.256164973208797e-06, update_epoch: 1, num_batch: 4
[2026-10-08 21:01:04,988][agent.finetune.train_ppo_diffusion_agent][INFO] - approx_kl: 4.987787178833969e-06, update_epoch: 1, num_batch: 4
[2026-10-08 21:01:07,188][agent.finetune.train_ppo_diffusion_agent][INFO] - approx_kl: 6.402943199645961e-06, update_epoch: 1, num_batch: 4
[2026-10-08 21:01:09,382][agent.finetune.train_ppo_diffusion_agent][INFO] - approx_kl: 7.54360189603176e-06, update_epoch: 2, num_batch: 4
[2026-10-08 21:01:11,703][agent.finetune.train_ppo_diffusion_agent][INFO] - approx_kl: 8.186792001652066e-06, update_epoch: 2, num_batch: 4
[2026-10-08 21:01:13,860][agent.finetune.train_ppo_diffusion_agent][INFO] - approx_kl: 8.522468306182418e-06, update_epoch: 2, num_batch: 4
[2026-10-08 21:01:16,075][agent.finetune.train_ppo_diffusion_agent][INFO] - approx_kl: 8.54268637340283e-06, update_epoch: 2, num_batch: 4
[2026-10-08 21:01:18,286][agent.finetune.train_ppo_diffusion_agent][INFO] - approx_kl: 9.144119758275338e-06, update_epoch: 3, num_batch: 4
[2026-10-08 21:01:20,594][agent.finetune.train_ppo_diffusion_agent][INFO] - approx_kl: 9.915076589095406e-06, update_epoch: 3, num_batch: 4
[2026-10-08 21:01:22,710][agent.finetune.train_ppo_diffusion_agent][INFO] - approx_kl: 1.0872666280192789e-05, update_epoch: 3, num_batch: 4
[2026-10-08 21:01:24,919][agent.finetune.train_ppo_diffusion_agent][INFO] - approx_kl: 1.1574551535886712e-05, update_epoch: 3, num_batch: 4
[2026-10-08 21:01:27,131][agent.finetune.train_ppo_diffusion_agent][INFO] - approx_kl: 1.2629793673113454e-05, update_epoch: 4, num_batch: 4
[2026-10-08 21:01:29,426][agent.finetune.train_ppo_diffusion_agent][INFO] - approx_kl: 1.3364440746954642e-05, update_epoch: 4, num_batch: 4
[2026-10-08 21:01:31,547][agent.finetune.train_ppo_diffusion_agent][INFO] - approx_kl: 1.4110550182522275e-05, update_epoch: 4, num_batch: 4
[2026-10-08 21:01:33,738][agent.finetune.train_ppo_diffusion_agent][INFO] - approx_kl: 1.4643766917288303e-05, update_epoch: 4, num_batch: 4
[2026-10-08 21:01:33,744][agent.finetune.train_ppo_diffusion_agent][INFO] - 67: step  4880000 | loss   0.0560 | pg loss  -0.0003 | value loss   0.1127 | bc loss   0.0000 | reward 4347.7888 | eta   1.0000 | t: 56.8318
Processed step 0 of 500
Processed step 10 of 500
Processed step 20 of 500
Processed step 30 of 500
Processed step 40 of 500
Processed step 50 of 500
Processed step 60 of 500
Processed step 70 of 500
Processed step 80 of 500
Processed step 90 of 500
Processed step 100 of 500
Processed step 110 of 500
Processed step 120 of 500
Processed step 130 of 500
Processed step 140 of 500
Processed step 150 of 500
Processed step 160 of 500
Processed step 170 of 500
Processed step 180 of 500
Processed step 190 of 500
Processed step 200 of 500
Processed step 210 of 500
Processed step 220 of 500
Processed step 230 of 500
Processed step 240 of 500
Processed step 250 of 500
Processed step 260 of 500
Processed step 270 of 500
Processed step 280 of 500
Processed step 290 of 500
Processed step 300 of 500
Processed step 310 of 500
Processed step 320 of 500
Processed step 330 of 500
Processed step 340 of 500
Processed step 350 of 500
Processed step 360 of 500
Processed step 370 of 500
Processed step 380 of 500
Processed step 390 of 500
Processed step 400 of 500
Processed step 410 of 500
Processed step 420 of 500
Processed step 430 of 500
Processed step 440 of 500
Processed step 450 of 500
Processed step 460 of 500
Processed step 470 of 500
Processed step 480 of 500
Processed step 490 of 500
[2026-10-08 21:01:48,538][agent.finetune.train_ppo_diffusion_agent][INFO] - approx_kl: 0.0, update_epoch: 0, num_batch: 4
[2026-10-08 21:01:50,890][agent.finetune.train_ppo_diffusion_agent][INFO] - approx_kl: 1.2467542376271012e-07, update_epoch: 0, num_batch: 4
[2026-10-08 21:01:53,021][agent.finetune.train_ppo_diffusion_agent][INFO] - approx_kl: 3.9063598933353205e-07, update_epoch: 0, num_batch: 4
[2026-10-08 21:01:55,237][agent.finetune.train_ppo_diffusion_agent][INFO] - approx_kl: 8.18756120679609e-07, update_epoch: 0, num_batch: 4
[2026-10-08 21:01:57,454][agent.finetune.train_ppo_diffusion_agent][INFO] - approx_kl: 1.4597427480111946e-06, update_epoch: 1, num_batch: 4
[2026-10-08 21:01:59,784][agent.finetune.train_ppo_diffusion_agent][INFO] - approx_kl: 2.3217858142743353e-06, update_epoch: 1, num_batch: 4
[2026-10-08 21:02:01,911][agent.finetune.train_ppo_diffusion_agent][INFO] - approx_kl: 3.4454149044904625e-06, update_epoch: 1, num_batch: 4
[2026-10-08 21:02:04,135][agent.finetune.train_ppo_diffusion_agent][INFO] - approx_kl: 4.8658312152838334e-06, update_epoch: 1, num_batch: 4
[2026-10-08 21:02:06,350][agent.finetune.train_ppo_diffusion_agent][INFO] - approx_kl: 6.575168299605139e-06, update_epoch: 2, num_batch: 4
[2026-10-08 21:02:08,672][agent.finetune.train_ppo_diffusion_agent][INFO] - approx_kl: 8.284839168481994e-06, update_epoch: 2, num_batch: 4
[2026-10-08 21:02:10,806][agent.finetune.train_ppo_diffusion_agent][INFO] - approx_kl: 9.473878890275955e-06, update_epoch: 2, num_batch: 4
[2026-10-08 21:02:13,034][agent.finetune.train_ppo_diffusion_agent][INFO] - approx_kl: 1.0146157364943065e-05, update_epoch: 2, num_batch: 4
[2026-10-08 21:02:15,306][agent.finetune.train_ppo_diffusion_agent][INFO] - approx_kl: 1.0268837286275811e-05, update_epoch: 3, num_batch: 4
[2026-10-08 21:02:17,628][agent.finetune.train_ppo_diffusion_agent][INFO] - approx_kl: 1.0684878361644223e-05, update_epoch: 3, num_batch: 4
[2026-10-08 21:02:19,749][agent.finetune.train_ppo_diffusion_agent][INFO] - approx_kl: 1.1238911611144431e-05, update_epoch: 3, num_batch: 4
[2026-10-08 21:02:21,966][agent.finetune.train_ppo_diffusion_agent][INFO] - approx_kl: 1.1847319001390133e-05, update_epoch: 3, num_batch: 4
[2026-10-08 21:02:24,196][agent.finetune.train_ppo_diffusion_agent][INFO] - approx_kl: 1.2536035683297087e-05, update_epoch: 4, num_batch: 4
[2026-10-08 21:02:26,530][agent.finetune.train_ppo_diffusion_agent][INFO] - approx_kl: 1.2815892660000827e-05, update_epoch: 4, num_batch: 4
[2026-10-08 21:02:28,664][agent.finetune.train_ppo_diffusion_agent][INFO] - approx_kl: 1.3646154002344701e-05, update_epoch: 4, num_batch: 4
[2026-10-08 21:02:30,881][agent.finetune.train_ppo_diffusion_agent][INFO] - approx_kl: 1.4020638445799705e-05, update_epoch: 4, num_batch: 4
[2026-10-08 21:02:30,888][agent.finetune.train_ppo_diffusion_agent][INFO] - 68: step  4960000 | loss   0.0557 | pg loss  -0.0006 | value loss   0.1125 | bc loss   0.0000 | reward 4345.1733 | eta   1.0000 | t: 57.1439
Processed step 0 of 500
Processed step 10 of 500
Processed step 20 of 500
Processed step 30 of 500
Processed step 40 of 500
Processed step 50 of 500
Processed step 60 of 500
Processed step 70 of 500
Processed step 80 of 500
Processed step 90 of 500
Processed step 100 of 500
Processed step 110 of 500
Processed step 120 of 500
Processed step 130 of 500
Processed step 140 of 500
Processed step 150 of 500
Processed step 160 of 500
Processed step 170 of 500
Processed step 180 of 500
Processed step 190 of 500
Processed step 200 of 500
Processed step 210 of 500
Processed step 220 of 500
Processed step 230 of 500
Processed step 240 of 500
Processed step 250 of 500
Processed step 260 of 500
Processed step 270 of 500
Processed step 280 of 500
Processed step 290 of 500
Processed step 300 of 500
Processed step 310 of 500
Processed step 320 of 500
Processed step 330 of 500
Processed step 340 of 500
Processed step 350 of 500
Processed step 360 of 500
Processed step 370 of 500
Processed step 380 of 500
Processed step 390 of 500
Processed step 400 of 500
Processed step 410 of 500
Processed step 420 of 500
Processed step 430 of 500
Processed step 440 of 500
Processed step 450 of 500
Processed step 460 of 500
Processed step 470 of 500
Processed step 480 of 500
Processed step 490 of 500
[2026-10-08 21:02:45,770][agent.finetune.train_ppo_diffusion_agent][INFO] - approx_kl: 0.0, update_epoch: 0, num_batch: 4
[2026-10-08 21:02:47,886][agent.finetune.train_ppo_diffusion_agent][INFO] - approx_kl: 1.630289006016028e-07, update_epoch: 0, num_batch: 4
[2026-10-08 21:02:50,097][agent.finetune.train_ppo_diffusion_agent][INFO] - approx_kl: 6.298615744526614e-07, update_epoch: 0, num_batch: 4
[2026-10-08 21:02:52,292][agent.finetune.train_ppo_diffusion_agent][INFO] - approx_kl: 1.3573217074736021e-06, update_epoch: 0, num_batch: 4
[2026-10-08 21:02:54,600][agent.finetune.train_ppo_diffusion_agent][INFO] - approx_kl: 2.282897412442253e-06, update_epoch: 1, num_batch: 4
[2026-10-08 21:02:56,714][agent.finetune.train_ppo_diffusion_agent][INFO] - approx_kl: 3.6494675441645086e-06, update_epoch: 1, num_batch: 4
[2026-10-08 21:02:58,925][agent.finetune.train_ppo_diffusion_agent][INFO] - approx_kl: 5.131410034664441e-06, update_epoch: 1, num_batch: 4
[2026-10-08 21:03:01,142][agent.finetune.train_ppo_diffusion_agent][INFO] - approx_kl: 6.63038736092858e-06, update_epoch: 1, num_batch: 4
[2026-10-08 21:03:03,457][agent.finetune.train_ppo_diffusion_agent][INFO] - approx_kl: 8.289052857435308e-06, update_epoch: 2, num_batch: 4
[2026-10-08 21:03:05,614][agent.finetune.train_ppo_diffusion_agent][INFO] - approx_kl: 9.197209692501929e-06, update_epoch: 2, num_batch: 4
[2026-10-08 21:03:07,810][agent.finetune.train_ppo_diffusion_agent][INFO] - approx_kl: 1.0408408343209885e-05, update_epoch: 2, num_batch: 4
[2026-10-08 21:03:10,021][agent.finetune.train_ppo_diffusion_agent][INFO] - approx_kl: 1.1770436685765162e-05, update_epoch: 2, num_batch: 4
[2026-10-08 21:03:12,342][agent.finetune.train_ppo_diffusion_agent][INFO] - approx_kl: 1.2822258213418536e-05, update_epoch: 3, num_batch: 4
[2026-10-08 21:03:14,450][agent.finetune.train_ppo_diffusion_agent][INFO] - approx_kl: 1.3792866411677096e-05, update_epoch: 3, num_batch: 4
[2026-10-08 21:03:16,666][agent.finetune.train_ppo_diffusion_agent][INFO] - approx_kl: 1.4521469893225003e-05, update_epoch: 3, num_batch: 4
[2026-10-08 21:03:18,880][agent.finetune.train_ppo_diffusion_agent][INFO] - approx_kl: 1.4594580534321722e-05, update_epoch: 3, num_batch: 4
[2026-10-08 21:03:21,205][agent.finetune.train_ppo_diffusion_agent][INFO] - approx_kl: 1.4681877473776694e-05, update_epoch: 4, num_batch: 4
[2026-10-08 21:03:23,319][agent.finetune.train_ppo_diffusion_agent][INFO] - approx_kl: 1.530090048618149e-05, update_epoch: 4, num_batch: 4
[2026-10-08 21:03:25,523][agent.finetune.train_ppo_diffusion_agent][INFO] - approx_kl: 1.5561841792077757e-05, update_epoch: 4, num_batch: 4
[2026-10-08 21:03:27,744][agent.finetune.train_ppo_diffusion_agent][INFO] - approx_kl: 1.6166208297363482e-05, update_epoch: 4, num_batch: 4
[2026-10-08 21:03:27,750][agent.finetune.train_ppo_diffusion_agent][INFO] - 69: step  5040000 | loss   0.0555 | pg loss  -0.0004 | value loss   0.1119 | bc loss   0.0000 | reward 4261.7681 | eta   1.0000 | t: 56.8625
Processed step 0 of 500
Processed step 10 of 500
Processed step 20 of 500
Processed step 30 of 500
Processed step 40 of 500
Processed step 50 of 500
Processed step 60 of 500
Processed step 70 of 500
Processed step 80 of 500
Processed step 90 of 500
Processed step 100 of 500
Processed step 110 of 500
Processed step 120 of 500
Processed step 130 of 500
Processed step 140 of 500
Processed step 150 of 500
Processed step 160 of 500
Processed step 170 of 500
Processed step 180 of 500
Processed step 190 of 500
Processed step 200 of 500
Processed step 210 of 500
Processed step 220 of 500
Processed step 230 of 500
Processed step 240 of 500
Processed step 250 of 500
Processed step 260 of 500
Processed step 270 of 500
Processed step 280 of 500
Processed step 290 of 500
Processed step 300 of 500
Processed step 310 of 500
Processed step 320 of 500
Processed step 330 of 500
Processed step 340 of 500
Processed step 350 of 500
Processed step 360 of 500
Processed step 370 of 500
Processed step 380 of 500
Processed step 390 of 500
Processed step 400 of 500
Processed step 410 of 500
Processed step 420 of 500
Processed step 430 of 500
Processed step 440 of 500
Processed step 450 of 500
Processed step 460 of 500
Processed step 470 of 500
Processed step 480 of 500
Processed step 490 of 500
[2026-10-08 21:03:40,310][agent.finetune.train_agent][INFO] - Saved model to /soalnas/share/data/zbao7/diffusion_policy/results/repro_halfcheetah/dppo/log/gym-finetune/halfcheetah-medium-v2_ppo_diffusion_mlp_ta4_td20_tdf10/2026-10-08_20-01-32_0/checkpoint/state_70.pt
[2026-10-08 21:03:40,311][agent.finetune.train_ppo_diffusion_agent][INFO] - eval: success rate   1.0000 | avg episode reward 4549.1684 | avg best reward   6.4749
Processed step 0 of 500
Processed step 10 of 500
Processed step 20 of 500
Processed step 30 of 500
Processed step 40 of 500
Processed step 50 of 500
Processed step 60 of 500
Processed step 70 of 500
Processed step 80 of 500
Processed step 90 of 500
Processed step 100 of 500
Processed step 110 of 500
Processed step 120 of 500
Processed step 130 of 500
Processed step 140 of 500
Processed step 150 of 500
Processed step 160 of 500
Processed step 170 of 500
Processed step 180 of 500
Processed step 190 of 500
Processed step 200 of 500
Processed step 210 of 500
Processed step 220 of 500
Processed step 230 of 500
Processed step 240 of 500
Processed step 250 of 500
Processed step 260 of 500
Processed step 270 of 500
Processed step 280 of 500
Processed step 290 of 500
Processed step 300 of 500
Processed step 310 of 500
Processed step 320 of 500
Processed step 330 of 500
Processed step 340 of 500
Processed step 350 of 500
Processed step 360 of 500
Processed step 370 of 500
Processed step 380 of 500
Processed step 390 of 500
Processed step 400 of 500
Processed step 410 of 500
Processed step 420 of 500
Processed step 430 of 500
Processed step 440 of 500
Processed step 450 of 500
Processed step 460 of 500
Processed step 470 of 500
Processed step 480 of 500
Processed step 490 of 500
[2026-10-08 21:03:55,212][agent.finetune.train_ppo_diffusion_agent][INFO] - approx_kl: 0.0, update_epoch: 0, num_batch: 4
[2026-10-08 21:03:57,343][agent.finetune.train_ppo_diffusion_agent][INFO] - approx_kl: 1.2898148327167291e-07, update_epoch: 0, num_batch: 4
[2026-10-08 21:03:59,563][agent.finetune.train_ppo_diffusion_agent][INFO] - approx_kl: 4.6311075152516423e-07, update_epoch: 0, num_batch: 4
[2026-10-08 21:04:01,783][agent.finetune.train_ppo_diffusion_agent][INFO] - approx_kl: 9.851045206232811e-07, update_epoch: 0, num_batch: 4
[2026-10-08 21:04:04,101][agent.finetune.train_ppo_diffusion_agent][INFO] - approx_kl: 1.761941575750825e-06, update_epoch: 1, num_batch: 4
[2026-10-08 21:04:06,213][agent.finetune.train_ppo_diffusion_agent][INFO] - approx_kl: 2.8336476134427357e-06, update_epoch: 1, num_batch: 4
[2026-10-08 21:04:08,450][agent.finetune.train_ppo_diffusion_agent][INFO] - approx_kl: 4.203512617095839e-06, update_epoch: 1, num_batch: 4
[2026-10-08 21:04:10,674][agent.finetune.train_ppo_diffusion_agent][INFO] - approx_kl: 6.087997007853119e-06, update_epoch: 1, num_batch: 4
[2026-10-08 21:04:12,996][agent.finetune.train_ppo_diffusion_agent][INFO] - approx_kl: 7.67562505643582e-06, update_epoch: 2, num_batch: 4
[2026-10-08 21:04:15,120][agent.finetune.train_ppo_diffusion_agent][INFO] - approx_kl: 9.05874367163051e-06, update_epoch: 2, num_batch: 4
[2026-10-08 21:04:17,354][agent.finetune.train_ppo_diffusion_agent][INFO] - approx_kl: 9.588854481989983e-06, update_epoch: 2, num_batch: 4
[2026-10-08 21:04:19,573][agent.finetune.train_ppo_diffusion_agent][INFO] - approx_kl: 1.0375390957051422e-05, update_epoch: 2, num_batch: 4
[2026-10-08 21:04:21,886][agent.finetune.train_ppo_diffusion_agent][INFO] - approx_kl: 1.0913276128121652e-05, update_epoch: 3, num_batch: 4
[2026-10-08 21:04:23,992][agent.finetune.train_ppo_diffusion_agent][INFO] - approx_kl: 1.1485193681437522e-05, update_epoch: 3, num_batch: 4
[2026-10-08 21:04:26,199][agent.finetune.train_ppo_diffusion_agent][INFO] - approx_kl: 1.1658527910185512e-05, update_epoch: 3, num_batch: 4
[2026-10-08 21:04:28,422][agent.finetune.train_ppo_diffusion_agent][INFO] - approx_kl: 1.21341663543717e-05, update_epoch: 3, num_batch: 4
[2026-10-08 21:04:30,744][agent.finetune.train_ppo_diffusion_agent][INFO] - approx_kl: 1.2685944966506213e-05, update_epoch: 4, num_batch: 4
[2026-10-08 21:04:32,853][agent.finetune.train_ppo_diffusion_agent][INFO] - approx_kl: 1.315575536864344e-05, update_epoch: 4, num_batch: 4
[2026-10-08 21:04:35,070][agent.finetune.train_ppo_diffusion_agent][INFO] - approx_kl: 1.3560184925154317e-05, update_epoch: 4, num_batch: 4
[2026-10-08 21:04:37,285][agent.finetune.train_ppo_diffusion_agent][INFO] - approx_kl: 1.4134885532257613e-05, update_epoch: 4, num_batch: 4
[2026-10-08 21:04:37,293][agent.finetune.train_ppo_diffusion_agent][INFO] - 71: step  5120000 | loss   0.0544 | pg loss  -0.0004 | value loss   0.1094 | bc loss   0.0000 | reward 4333.6427 | eta   1.0000 | t: 56.9817
Processed step 0 of 500
Processed step 10 of 500
Processed step 20 of 500
Processed step 30 of 500
Processed step 40 of 500
Processed step 50 of 500
Processed step 60 of 500
Processed step 70 of 500
Processed step 80 of 500
Processed step 90 of 500
Processed step 100 of 500
Processed step 110 of 500
Processed step 120 of 500
Processed step 130 of 500
Processed step 140 of 500
Processed step 150 of 500
Processed step 160 of 500
Processed step 170 of 500
Processed step 180 of 500
Processed step 190 of 500
Processed step 200 of 500
Processed step 210 of 500
Processed step 220 of 500
Processed step 230 of 500
Processed step 240 of 500
Processed step 250 of 500
Processed step 260 of 500
Processed step 270 of 500
Processed step 280 of 500
Processed step 290 of 500
Processed step 300 of 500
Processed step 310 of 500
Processed step 320 of 500
Processed step 330 of 500
Processed step 340 of 500
Processed step 350 of 500
Processed step 360 of 500
Processed step 370 of 500
Processed step 380 of 500
Processed step 390 of 500
Processed step 400 of 500
Processed step 410 of 500
Processed step 420 of 500
Processed step 430 of 500
Processed step 440 of 500
Processed step 450 of 500
Processed step 460 of 500
Processed step 470 of 500
Processed step 480 of 500
Processed step 490 of 500
[2026-10-08 21:04:52,157][agent.finetune.train_ppo_diffusion_agent][INFO] - approx_kl: 0.0, update_epoch: 0, num_batch: 4
[2026-10-08 21:04:54,267][agent.finetune.train_ppo_diffusion_agent][INFO] - approx_kl: 1.1811466293920603e-07, update_epoch: 0, num_batch: 4
[2026-10-08 21:04:56,473][agent.finetune.train_ppo_diffusion_agent][INFO] - approx_kl: 4.101446791082708e-07, update_epoch: 0, num_batch: 4
[2026-10-08 21:04:58,777][agent.finetune.train_ppo_diffusion_agent][INFO] - approx_kl: 8.810693543637171e-07, update_epoch: 0, num_batch: 4
[2026-10-08 21:05:00,890][agent.finetune.train_ppo_diffusion_agent][INFO] - approx_kl: 1.5461849898201763e-06, update_epoch: 1, num_batch: 4
[2026-10-08 21:05:03,088][agent.finetune.train_ppo_diffusion_agent][INFO] - approx_kl: 2.6077111670019804e-06, update_epoch: 1, num_batch: 4
[2026-10-08 21:05:05,277][agent.finetune.train_ppo_diffusion_agent][INFO] - approx_kl: 4.092089511686936e-06, update_epoch: 1, num_batch: 4
[2026-10-08 21:05:07,605][agent.finetune.train_ppo_diffusion_agent][INFO] - approx_kl: 5.595637503574835e-06, update_epoch: 1, num_batch: 4
[2026-10-08 21:05:09,711][agent.finetune.train_ppo_diffusion_agent][INFO] - approx_kl: 7.1200643105839845e-06, update_epoch: 2, num_batch: 4
[2026-10-08 21:05:11,906][agent.finetune.train_ppo_diffusion_agent][INFO] - approx_kl: 8.280915608338546e-06, update_epoch: 2, num_batch: 4
[2026-10-08 21:05:14,127][agent.finetune.train_ppo_diffusion_agent][INFO] - approx_kl: 9.263788342650514e-06, update_epoch: 2, num_batch: 4
[2026-10-08 21:05:16,445][agent.finetune.train_ppo_diffusion_agent][INFO] - approx_kl: 1.0145738087885547e-05, update_epoch: 2, num_batch: 4
[2026-10-08 21:05:18,572][agent.finetune.train_ppo_diffusion_agent][INFO] - approx_kl: 1.0684108019631822e-05, update_epoch: 3, num_batch: 4
[2026-10-08 21:05:20,793][agent.finetune.train_ppo_diffusion_agent][INFO] - approx_kl: 1.1358706615283154e-05, update_epoch: 3, num_batch: 4
[2026-10-08 21:05:23,054][agent.finetune.train_ppo_diffusion_agent][INFO] - approx_kl: 1.234776482306188e-05, update_epoch: 3, num_batch: 4
[2026-10-08 21:05:25,383][agent.finetune.train_ppo_diffusion_agent][INFO] - approx_kl: 1.30567786982283e-05, update_epoch: 3, num_batch: 4
[2026-10-08 21:05:27,514][agent.finetune.train_ppo_diffusion_agent][INFO] - approx_kl: 1.3190497156756464e-05, update_epoch: 4, num_batch: 4
[2026-10-08 21:05:29,744][agent.finetune.train_ppo_diffusion_agent][INFO] - approx_kl: 1.3586534805654082e-05, update_epoch: 4, num_batch: 4
[2026-10-08 21:05:31,949][agent.finetune.train_ppo_diffusion_agent][INFO] - approx_kl: 1.414231246599229e-05, update_epoch: 4, num_batch: 4
[2026-10-08 21:05:34,270][agent.finetune.train_ppo_diffusion_agent][INFO] - approx_kl: 1.4593547348340508e-05, update_epoch: 4, num_batch: 4
[2026-10-08 21:05:34,278][agent.finetune.train_ppo_diffusion_agent][INFO] - 72: step  5200000 | loss   0.0529 | pg loss  -0.0004 | value loss   0.1066 | bc loss   0.0000 | reward 4363.6566 | eta   1.0000 | t: 56.9852
Processed step 0 of 500
Processed step 10 of 500
Processed step 20 of 500
Processed step 30 of 500
Processed step 40 of 500
Processed step 50 of 500
Processed step 60 of 500
Processed step 70 of 500
Processed step 80 of 500
Processed step 90 of 500
Processed step 100 of 500
Processed step 110 of 500
Processed step 120 of 500
Processed step 130 of 500
Processed step 140 of 500
Processed step 150 of 500
Processed step 160 of 500
Processed step 170 of 500
Processed step 180 of 500
Processed step 190 of 500
Processed step 200 of 500
Processed step 210 of 500
Processed step 220 of 500
Processed step 230 of 500
Processed step 240 of 500
Processed step 250 of 500
Processed step 260 of 500
Processed step 270 of 500
Processed step 280 of 500
Processed step 290 of 500
Processed step 300 of 500
Processed step 310 of 500
Processed step 320 of 500
Processed step 330 of 500
Processed step 340 of 500
Processed step 350 of 500
Processed step 360 of 500
Processed step 370 of 500
Processed step 380 of 500
Processed step 390 of 500
Processed step 400 of 500
Processed step 410 of 500
Processed step 420 of 500
Processed step 430 of 500
Processed step 440 of 500
Processed step 450 of 500
Processed step 460 of 500
Processed step 470 of 500
Processed step 480 of 500
Processed step 490 of 500
[2026-10-08 21:05:48,906][agent.finetune.train_ppo_diffusion_agent][INFO] - approx_kl: 0.0, update_epoch: 0, num_batch: 4
[2026-10-08 21:05:51,135][agent.finetune.train_ppo_diffusion_agent][INFO] - approx_kl: 1.7805334096010483e-07, update_epoch: 0, num_batch: 4
[2026-10-08 21:05:53,356][agent.finetune.train_ppo_diffusion_agent][INFO] - approx_kl: 7.016694212325092e-07, update_epoch: 0, num_batch: 4
[2026-10-08 21:05:55,684][agent.finetune.train_ppo_diffusion_agent][INFO] - approx_kl: 1.4837369235465303e-06, update_epoch: 0, num_batch: 4
[2026-10-08 21:05:57,815][agent.finetune.train_ppo_diffusion_agent][INFO] - approx_kl: 2.450537522236118e-06, update_epoch: 1, num_batch: 4
[2026-10-08 21:06:00,080][agent.finetune.train_ppo_diffusion_agent][INFO] - approx_kl: 3.88848593502189e-06, update_epoch: 1, num_batch: 4
[2026-10-08 21:06:02,301][agent.finetune.train_ppo_diffusion_agent][INFO] - approx_kl: 5.739048447139794e-06, update_epoch: 1, num_batch: 4
[2026-10-08 21:06:04,622][agent.finetune.train_ppo_diffusion_agent][INFO] - approx_kl: 7.501179879909614e-06, update_epoch: 1, num_batch: 4
[2026-10-08 21:06:06,739][agent.finetune.train_ppo_diffusion_agent][INFO] - approx_kl: 8.844695912557654e-06, update_epoch: 2, num_batch: 4
[2026-10-08 21:06:08,971][agent.finetune.train_ppo_diffusion_agent][INFO] - approx_kl: 9.688871614343952e-06, update_epoch: 2, num_batch: 4
[2026-10-08 21:06:11,198][agent.finetune.train_ppo_diffusion_agent][INFO] - approx_kl: 1.0463569196872413e-05, update_epoch: 2, num_batch: 4
[2026-10-08 21:06:13,540][agent.finetune.train_ppo_diffusion_agent][INFO] - approx_kl: 1.0815726454893593e-05, update_epoch: 2, num_batch: 4
[2026-10-08 21:06:15,672][agent.finetune.train_ppo_diffusion_agent][INFO] - approx_kl: 1.1512727724038996e-05, update_epoch: 3, num_batch: 4
[2026-10-08 21:06:17,890][agent.finetune.train_ppo_diffusion_agent][INFO] - approx_kl: 1.2245996003912296e-05, update_epoch: 3, num_batch: 4
[2026-10-08 21:06:20,108][agent.finetune.train_ppo_diffusion_agent][INFO] - approx_kl: 1.266309482161887e-05, update_epoch: 3, num_batch: 4
[2026-10-08 21:06:22,439][agent.finetune.train_ppo_diffusion_agent][INFO] - approx_kl: 1.3203789421822876e-05, update_epoch: 3, num_batch: 4
[2026-10-08 21:06:24,555][agent.finetune.train_ppo_diffusion_agent][INFO] - approx_kl: 1.3579377991845831e-05, update_epoch: 4, num_batch: 4
[2026-10-08 21:06:26,771][agent.finetune.train_ppo_diffusion_agent][INFO] - approx_kl: 1.3951189430372324e-05, update_epoch: 4, num_batch: 4
[2026-10-08 21:06:28,992][agent.finetune.train_ppo_diffusion_agent][INFO] - approx_kl: 1.4092812307353597e-05, update_epoch: 4, num_batch: 4
[2026-10-08 21:06:31,337][agent.finetune.train_ppo_diffusion_agent][INFO] - approx_kl: 1.4920372450433206e-05, update_epoch: 4, num_batch: 4
[2026-10-08 21:06:31,345][agent.finetune.train_ppo_diffusion_agent][INFO] - 73: step  5280000 | loss   0.0581 | pg loss  -0.0005 | value loss   0.1170 | bc loss   0.0000 | reward 4359.8233 | eta   1.0000 | t: 57.0670
Processed step 0 of 500
Processed step 10 of 500
Processed step 20 of 500
Processed step 30 of 500
Processed step 40 of 500
Processed step 50 of 500
Processed step 60 of 500
Processed step 70 of 500
Processed step 80 of 500
Processed step 90 of 500
Processed step 100 of 500
Processed step 110 of 500
Processed step 120 of 500
Processed step 130 of 500
Processed step 140 of 500
Processed step 150 of 500
Processed step 160 of 500
Processed step 170 of 500
Processed step 180 of 500
Processed step 190 of 500
Processed step 200 of 500
Processed step 210 of 500
Processed step 220 of 500
Processed step 230 of 500
Processed step 240 of 500
Processed step 250 of 500
Processed step 260 of 500
Processed step 270 of 500
Processed step 280 of 500
Processed step 290 of 500
Processed step 300 of 500
Processed step 310 of 500
Processed step 320 of 500
Processed step 330 of 500
Processed step 340 of 500
Processed step 350 of 500
Processed step 360 of 500
Processed step 370 of 500
Processed step 380 of 500
Processed step 390 of 500
Processed step 400 of 500
Processed step 410 of 500
Processed step 420 of 500
Processed step 430 of 500
Processed step 440 of 500
Processed step 450 of 500
Processed step 460 of 500
Processed step 470 of 500
Processed step 480 of 500
Processed step 490 of 500
[2026-10-08 21:06:46,006][agent.finetune.train_ppo_diffusion_agent][INFO] - approx_kl: 0.0, update_epoch: 0, num_batch: 4
[2026-10-08 21:06:48,217][agent.finetune.train_ppo_diffusion_agent][INFO] - approx_kl: 1.1047527692653603e-07, update_epoch: 0, num_batch: 4
[2026-10-08 21:06:50,433][agent.finetune.train_ppo_diffusion_agent][INFO] - approx_kl: 4.3310254227435507e-07, update_epoch: 0, num_batch: 4
[2026-10-08 21:06:52,772][agent.finetune.train_ppo_diffusion_agent][INFO] - approx_kl: 9.972815178116434e-07, update_epoch: 0, num_batch: 4
[2026-10-08 21:06:54,891][agent.finetune.train_ppo_diffusion_agent][INFO] - approx_kl: 1.652236846894084e-06, update_epoch: 1, num_batch: 4
[2026-10-08 21:06:57,105][agent.finetune.train_ppo_diffusion_agent][INFO] - approx_kl: 2.655400066942093e-06, update_epoch: 1, num_batch: 4
[2026-10-08 21:06:59,329][agent.finetune.train_ppo_diffusion_agent][INFO] - approx_kl: 3.968039436585968e-06, update_epoch: 1, num_batch: 4
[2026-10-08 21:07:01,713][agent.finetune.train_ppo_diffusion_agent][INFO] - approx_kl: 5.344299097487237e-06, update_epoch: 1, num_batch: 4
[2026-10-08 21:07:03,840][agent.finetune.train_ppo_diffusion_agent][INFO] - approx_kl: 7.109072157618357e-06, update_epoch: 2, num_batch: 4
[2026-10-08 21:07:06,065][agent.finetune.train_ppo_diffusion_agent][INFO] - approx_kl: 8.59629381011473e-06, update_epoch: 2, num_batch: 4
[2026-10-08 21:07:08,272][agent.finetune.train_ppo_diffusion_agent][INFO] - approx_kl: 1.0065413334814366e-05, update_epoch: 2, num_batch: 4
[2026-10-08 21:07:10,606][agent.finetune.train_ppo_diffusion_agent][INFO] - approx_kl: 1.1315050869598053e-05, update_epoch: 2, num_batch: 4
[2026-10-08 21:07:12,740][agent.finetune.train_ppo_diffusion_agent][INFO] - approx_kl: 1.1938061106775422e-05, update_epoch: 3, num_batch: 4
[2026-10-08 21:07:14,963][agent.finetune.train_ppo_diffusion_agent][INFO] - approx_kl: 1.2698340469796676e-05, update_epoch: 3, num_batch: 4
[2026-10-08 21:07:17,176][agent.finetune.train_ppo_diffusion_agent][INFO] - approx_kl: 1.3182111615606118e-05, update_epoch: 3, num_batch: 4
[2026-10-08 21:07:19,494][agent.finetune.train_ppo_diffusion_agent][INFO] - approx_kl: 1.3443936950352509e-05, update_epoch: 3, num_batch: 4
[2026-10-08 21:07:21,623][agent.finetune.train_ppo_diffusion_agent][INFO] - approx_kl: 1.3963849596621003e-05, update_epoch: 4, num_batch: 4
[2026-10-08 21:07:23,843][agent.finetune.train_ppo_diffusion_agent][INFO] - approx_kl: 1.4183247913024388e-05, update_epoch: 4, num_batch: 4
[2026-10-08 21:07:26,055][agent.finetune.train_ppo_diffusion_agent][INFO] - approx_kl: 1.4572171494364738e-05, update_epoch: 4, num_batch: 4
[2026-10-08 21:07:28,362][agent.finetune.train_ppo_diffusion_agent][INFO] - approx_kl: 1.4918188753654249e-05, update_epoch: 4, num_batch: 4
[2026-10-08 21:07:28,370][agent.finetune.train_ppo_diffusion_agent][INFO] - 74: step  5360000 | loss   0.0563 | pg loss  -0.0005 | value loss   0.1135 | bc loss   0.0000 | reward 4375.5041 | eta   1.0000 | t: 57.0254
Processed step 0 of 500
Processed step 10 of 500
Processed step 20 of 500
Processed step 30 of 500
Processed step 40 of 500
Processed step 50 of 500
Processed step 60 of 500
Processed step 70 of 500
Processed step 80 of 500
Processed step 90 of 500
Processed step 100 of 500
Processed step 110 of 500
Processed step 120 of 500
Processed step 130 of 500
Processed step 140 of 500
Processed step 150 of 500
Processed step 160 of 500
Processed step 170 of 500
Processed step 180 of 500
Processed step 190 of 500
Processed step 200 of 500
Processed step 210 of 500
Processed step 220 of 500
Processed step 230 of 500
Processed step 240 of 500
Processed step 250 of 500
Processed step 260 of 500
Processed step 270 of 500
Processed step 280 of 500
Processed step 290 of 500
Processed step 300 of 500
Processed step 310 of 500
Processed step 320 of 500
Processed step 330 of 500
Processed step 340 of 500
Processed step 350 of 500
Processed step 360 of 500
Processed step 370 of 500
Processed step 380 of 500
Processed step 390 of 500
Processed step 400 of 500
Processed step 410 of 500
Processed step 420 of 500
Processed step 430 of 500
Processed step 440 of 500
Processed step 450 of 500
Processed step 460 of 500
Processed step 470 of 500
Processed step 480 of 500
Processed step 490 of 500
[2026-10-08 21:07:43,893][agent.finetune.train_ppo_diffusion_agent][INFO] - approx_kl: 0.0, update_epoch: 0, num_batch: 4
[2026-10-08 21:07:46,127][agent.finetune.train_ppo_diffusion_agent][INFO] - approx_kl: 4.590057471887121e-07, update_epoch: 0, num_batch: 4
[2026-10-08 21:07:48,332][agent.finetune.train_ppo_diffusion_agent][INFO] - approx_kl: 9.214280112246342e-07, update_epoch: 0, num_batch: 4
[2026-10-08 21:07:50,659][agent.finetune.train_ppo_diffusion_agent][INFO] - approx_kl: 1.7448853668611264e-06, update_epoch: 0, num_batch: 4
[2026-10-08 21:07:52,789][agent.finetune.train_ppo_diffusion_agent][INFO] - approx_kl: 3.044043978661648e-06, update_epoch: 1, num_batch: 4
[2026-10-08 21:07:55,013][agent.finetune.train_ppo_diffusion_agent][INFO] - approx_kl: 4.776561581820715e-06, update_epoch: 1, num_batch: 4
[2026-10-08 21:07:57,232][agent.finetune.train_ppo_diffusion_agent][INFO] - approx_kl: 6.338026196317514e-06, update_epoch: 1, num_batch: 4
[2026-10-08 21:07:59,541][agent.finetune.train_ppo_diffusion_agent][INFO] - approx_kl: 7.705118150624912e-06, update_epoch: 1, num_batch: 4
[2026-10-08 21:08:01,673][agent.finetune.train_ppo_diffusion_agent][INFO] - approx_kl: 8.889111995813437e-06, update_epoch: 2, num_batch: 4
[2026-10-08 21:08:03,894][agent.finetune.train_ppo_diffusion_agent][INFO] - approx_kl: 9.620956916478463e-06, update_epoch: 2, num_batch: 4
[2026-10-08 21:08:06,113][agent.finetune.train_ppo_diffusion_agent][INFO] - approx_kl: 9.813535143621266e-06, update_epoch: 2, num_batch: 4
[2026-10-08 21:08:08,443][agent.finetune.train_ppo_diffusion_agent][INFO] - approx_kl: 1.0284321433573496e-05, update_epoch: 2, num_batch: 4
[2026-10-08 21:08:10,551][agent.finetune.train_ppo_diffusion_agent][INFO] - approx_kl: 1.1026780157408211e-05, update_epoch: 3, num_batch: 4
[2026-10-08 21:08:12,771][agent.finetune.train_ppo_diffusion_agent][INFO] - approx_kl: 1.187849738926161e-05, update_epoch: 3, num_batch: 4
[2026-10-08 21:08:14,984][agent.finetune.train_ppo_diffusion_agent][INFO] - approx_kl: 1.2927805073559284e-05, update_epoch: 3, num_batch: 4
[2026-10-08 21:08:17,317][agent.finetune.train_ppo_diffusion_agent][INFO] - approx_kl: 1.3342257261683699e-05, update_epoch: 3, num_batch: 4
[2026-10-08 21:08:19,440][agent.finetune.train_ppo_diffusion_agent][INFO] - approx_kl: 1.3610037967737298e-05, update_epoch: 4, num_batch: 4
[2026-10-08 21:08:21,648][agent.finetune.train_ppo_diffusion_agent][INFO] - approx_kl: 1.4023378753336146e-05, update_epoch: 4, num_batch: 4
[2026-10-08 21:08:23,857][agent.finetune.train_ppo_diffusion_agent][INFO] - approx_kl: 1.4622459275415167e-05, update_epoch: 4, num_batch: 4
[2026-10-08 21:08:26,186][agent.finetune.train_ppo_diffusion_agent][INFO] - approx_kl: 1.5444957170984708e-05, update_epoch: 4, num_batch: 4
[2026-10-08 21:08:26,192][agent.finetune.train_ppo_diffusion_agent][INFO] - 75: step  5440000 | loss   0.0639 | pg loss  -0.0004 | value loss   0.1287 | bc loss   0.0000 | reward 4317.6586 | eta   1.0000 | t: 57.8221
Processed step 0 of 500
Processed step 10 of 500
Processed step 20 of 500
Processed step 30 of 500
Processed step 40 of 500
Processed step 50 of 500
Processed step 60 of 500
Processed step 70 of 500
Processed step 80 of 500
Processed step 90 of 500
Processed step 100 of 500
Processed step 110 of 500
Processed step 120 of 500
Processed step 130 of 500
Processed step 140 of 500
Processed step 150 of 500
Processed step 160 of 500
Processed step 170 of 500
Processed step 180 of 500
Processed step 190 of 500
Processed step 200 of 500
Processed step 210 of 500
Processed step 220 of 500
Processed step 230 of 500
Processed step 240 of 500
Processed step 250 of 500
Processed step 260 of 500
Processed step 270 of 500
Processed step 280 of 500
Processed step 290 of 500
Processed step 300 of 500
Processed step 310 of 500
Processed step 320 of 500
Processed step 330 of 500
Processed step 340 of 500
Processed step 350 of 500
Processed step 360 of 500
Processed step 370 of 500
Processed step 380 of 500
Processed step 390 of 500
Processed step 400 of 500
Processed step 410 of 500
Processed step 420 of 500
Processed step 430 of 500
Processed step 440 of 500
Processed step 450 of 500
Processed step 460 of 500
Processed step 470 of 500
Processed step 480 of 500
Processed step 490 of 500
[2026-10-08 21:08:41,809][agent.finetune.train_ppo_diffusion_agent][INFO] - approx_kl: 0.0, update_epoch: 0, num_batch: 4
[2026-10-08 21:08:44,049][agent.finetune.train_ppo_diffusion_agent][INFO] - approx_kl: 1.8721831906987063e-07, update_epoch: 0, num_batch: 4
[2026-10-08 21:08:46,384][agent.finetune.train_ppo_diffusion_agent][INFO] - approx_kl: 6.465738806582522e-07, update_epoch: 0, num_batch: 4
[2026-10-08 21:08:48,494][agent.finetune.train_ppo_diffusion_agent][INFO] - approx_kl: 1.3229064279585145e-06, update_epoch: 0, num_batch: 4
[2026-10-08 21:08:50,705][agent.finetune.train_ppo_diffusion_agent][INFO] - approx_kl: 2.0540173863992095e-06, update_epoch: 1, num_batch: 4
[2026-10-08 21:08:52,948][agent.finetune.train_ppo_diffusion_agent][INFO] - approx_kl: 3.1308579764299793e-06, update_epoch: 1, num_batch: 4
[2026-10-08 21:08:55,268][agent.finetune.train_ppo_diffusion_agent][INFO] - approx_kl: 4.377914592623711e-06, update_epoch: 1, num_batch: 4
[2026-10-08 21:08:57,385][agent.finetune.train_ppo_diffusion_agent][INFO] - approx_kl: 5.750225682277232e-06, update_epoch: 1, num_batch: 4
[2026-10-08 21:08:59,603][agent.finetune.train_ppo_diffusion_agent][INFO] - approx_kl: 7.039897354843561e-06, update_epoch: 2, num_batch: 4
[2026-10-08 21:09:01,803][agent.finetune.train_ppo_diffusion_agent][INFO] - approx_kl: 8.305451956402976e-06, update_epoch: 2, num_batch: 4
[2026-10-08 21:09:04,156][agent.finetune.train_ppo_diffusion_agent][INFO] - approx_kl: 9.342305020254571e-06, update_epoch: 2, num_batch: 4
[2026-10-08 21:09:06,269][agent.finetune.train_ppo_diffusion_agent][INFO] - approx_kl: 1.0043950169347227e-05, update_epoch: 2, num_batch: 4
[2026-10-08 21:09:08,477][agent.finetune.train_ppo_diffusion_agent][INFO] - approx_kl: 1.1062435078201815e-05, update_epoch: 3, num_batch: 4
[2026-10-08 21:09:10,697][agent.finetune.train_ppo_diffusion_agent][INFO] - approx_kl: 1.163827892014524e-05, update_epoch: 3, num_batch: 4
[2026-10-08 21:09:13,014][agent.finetune.train_ppo_diffusion_agent][INFO] - approx_kl: 1.1893685950781219e-05, update_epoch: 3, num_batch: 4
[2026-10-08 21:09:15,143][agent.finetune.train_ppo_diffusion_agent][INFO] - approx_kl: 1.2516819879238028e-05, update_epoch: 3, num_batch: 4
[2026-10-08 21:09:17,366][agent.finetune.train_ppo_diffusion_agent][INFO] - approx_kl: 1.2953135410498362e-05, update_epoch: 4, num_batch: 4
[2026-10-08 21:09:19,579][agent.finetune.train_ppo_diffusion_agent][INFO] - approx_kl: 1.363087631034432e-05, update_epoch: 4, num_batch: 4
[2026-10-08 21:09:21,895][agent.finetune.train_ppo_diffusion_agent][INFO] - approx_kl: 1.4007706340635195e-05, update_epoch: 4, num_batch: 4
[2026-10-08 21:09:24,019][agent.finetune.train_ppo_diffusion_agent][INFO] - approx_kl: 1.4418412320083007e-05, update_epoch: 4, num_batch: 4
[2026-10-08 21:09:24,025][agent.finetune.train_ppo_diffusion_agent][INFO] - 76: step  5520000 | loss   0.0559 | pg loss  -0.0007 | value loss   0.1132 | bc loss   0.0000 | reward 4196.2074 | eta   1.0000 | t: 57.8329
Processed step 0 of 500
Processed step 10 of 500
Processed step 20 of 500
Processed step 30 of 500
Processed step 40 of 500
Processed step 50 of 500
Processed step 60 of 500
Processed step 70 of 500
Processed step 80 of 500
Processed step 90 of 500
Processed step 100 of 500
Processed step 110 of 500
Processed step 120 of 500
Processed step 130 of 500
Processed step 140 of 500
Processed step 150 of 500
Processed step 160 of 500
Processed step 170 of 500
Processed step 180 of 500
Processed step 190 of 500
Processed step 200 of 500
Processed step 210 of 500
Processed step 220 of 500
Processed step 230 of 500
Processed step 240 of 500
Processed step 250 of 500
Processed step 260 of 500
Processed step 270 of 500
Processed step 280 of 500
Processed step 290 of 500
Processed step 300 of 500
Processed step 310 of 500
Processed step 320 of 500
Processed step 330 of 500
Processed step 340 of 500
Processed step 350 of 500
Processed step 360 of 500
Processed step 370 of 500
Processed step 380 of 500
Processed step 390 of 500
Processed step 400 of 500
Processed step 410 of 500
Processed step 420 of 500
Processed step 430 of 500
Processed step 440 of 500
Processed step 450 of 500
Processed step 460 of 500
Processed step 470 of 500
Processed step 480 of 500
Processed step 490 of 500
[2026-10-08 21:09:39,742][agent.finetune.train_ppo_diffusion_agent][INFO] - approx_kl: 0.0, update_epoch: 0, num_batch: 4
[2026-10-08 21:09:41,963][agent.finetune.train_ppo_diffusion_agent][INFO] - approx_kl: 1.2002406890587736e-07, update_epoch: 0, num_batch: 4
[2026-10-08 21:09:44,300][agent.finetune.train_ppo_diffusion_agent][INFO] - approx_kl: 4.1881276047206484e-07, update_epoch: 0, num_batch: 4
[2026-10-08 21:09:46,427][agent.finetune.train_ppo_diffusion_agent][INFO] - approx_kl: 9.577040600561304e-07, update_epoch: 0, num_batch: 4
[2026-10-08 21:09:48,656][agent.finetune.train_ppo_diffusion_agent][INFO] - approx_kl: 1.7462366486142855e-06, update_epoch: 1, num_batch: 4
[2026-10-08 21:09:50,893][agent.finetune.train_ppo_diffusion_agent][INFO] - approx_kl: 3.039676357730059e-06, update_epoch: 1, num_batch: 4
[2026-10-08 21:09:53,207][agent.finetune.train_ppo_diffusion_agent][INFO] - approx_kl: 4.732972683996195e-06, update_epoch: 1, num_batch: 4
[2026-10-08 21:09:55,326][agent.finetune.train_ppo_diffusion_agent][INFO] - approx_kl: 6.578413831448415e-06, update_epoch: 1, num_batch: 4
[2026-10-08 21:09:57,545][agent.finetune.train_ppo_diffusion_agent][INFO] - approx_kl: 8.742027603148017e-06, update_epoch: 2, num_batch: 4
[2026-10-08 21:09:59,775][agent.finetune.train_ppo_diffusion_agent][INFO] - approx_kl: 1.0133543582924176e-05, update_epoch: 2, num_batch: 4
[2026-10-08 21:10:02,110][agent.finetune.train_ppo_diffusion_agent][INFO] - approx_kl: 1.0667909009498544e-05, update_epoch: 2, num_batch: 4
[2026-10-08 21:10:04,235][agent.finetune.train_ppo_diffusion_agent][INFO] - approx_kl: 1.0547466445132159e-05, update_epoch: 2, num_batch: 4
[2026-10-08 21:10:06,488][agent.finetune.train_ppo_diffusion_agent][INFO] - approx_kl: 1.0399477105238475e-05, update_epoch: 3, num_batch: 4
[2026-10-08 21:10:08,718][agent.finetune.train_ppo_diffusion_agent][INFO] - approx_kl: 1.040336792357266e-05, update_epoch: 3, num_batch: 4
[2026-10-08 21:10:11,060][agent.finetune.train_ppo_diffusion_agent][INFO] - approx_kl: 1.093389255402144e-05, update_epoch: 3, num_batch: 4
[2026-10-08 21:10:13,179][agent.finetune.train_ppo_diffusion_agent][INFO] - approx_kl: 1.124794016504893e-05, update_epoch: 3, num_batch: 4
[2026-10-08 21:10:15,403][agent.finetune.train_ppo_diffusion_agent][INFO] - approx_kl: 1.1971814274147619e-05, update_epoch: 4, num_batch: 4
[2026-10-08 21:10:17,630][agent.finetune.train_ppo_diffusion_agent][INFO] - approx_kl: 1.263798367290292e-05, update_epoch: 4, num_batch: 4
[2026-10-08 21:10:19,966][agent.finetune.train_ppo_diffusion_agent][INFO] - approx_kl: 1.3197817679611035e-05, update_epoch: 4, num_batch: 4
[2026-10-08 21:10:22,085][agent.finetune.train_ppo_diffusion_agent][INFO] - approx_kl: 1.3669256986759137e-05, update_epoch: 4, num_batch: 4
[2026-10-08 21:10:22,092][agent.finetune.train_ppo_diffusion_agent][INFO] - 77: step  5600000 | loss   0.0557 | pg loss  -0.0005 | value loss   0.1124 | bc loss   0.0000 | reward 4377.1489 | eta   1.0000 | t: 58.0668
Processed step 0 of 500
Processed step 10 of 500
Processed step 20 of 500
Processed step 30 of 500
Processed step 40 of 500
Processed step 50 of 500
Processed step 60 of 500
Processed step 70 of 500
Processed step 80 of 500
Processed step 90 of 500
Processed step 100 of 500
Processed step 110 of 500
Processed step 120 of 500
Processed step 130 of 500
Processed step 140 of 500
Processed step 150 of 500
Processed step 160 of 500
Processed step 170 of 500
Processed step 180 of 500
Processed step 190 of 500
Processed step 200 of 500
Processed step 210 of 500
Processed step 220 of 500
Processed step 230 of 500
Processed step 240 of 500
Processed step 250 of 500
Processed step 260 of 500
Processed step 270 of 500
Processed step 280 of 500
Processed step 290 of 500
Processed step 300 of 500
Processed step 310 of 500
Processed step 320 of 500
Processed step 330 of 500
Processed step 340 of 500
Processed step 350 of 500
Processed step 360 of 500
Processed step 370 of 500
Processed step 380 of 500
Processed step 390 of 500
Processed step 400 of 500
Processed step 410 of 500
Processed step 420 of 500
Processed step 430 of 500
Processed step 440 of 500
Processed step 450 of 500
Processed step 460 of 500
Processed step 470 of 500
Processed step 480 of 500
Processed step 490 of 500
[2026-10-08 21:10:37,800][agent.finetune.train_ppo_diffusion_agent][INFO] - approx_kl: 0.0, update_epoch: 0, num_batch: 4
[2026-10-08 21:10:40,010][agent.finetune.train_ppo_diffusion_agent][INFO] - approx_kl: 1.3205541904426354e-07, update_epoch: 0, num_batch: 4
[2026-10-08 21:10:42,357][agent.finetune.train_ppo_diffusion_agent][INFO] - approx_kl: 5.203366981731961e-07, update_epoch: 0, num_batch: 4
[2026-10-08 21:10:44,498][agent.finetune.train_ppo_diffusion_agent][INFO] - approx_kl: 1.1256986454100115e-06, update_epoch: 0, num_batch: 4
[2026-10-08 21:10:46,718][agent.finetune.train_ppo_diffusion_agent][INFO] - approx_kl: 1.8487453417037614e-06, update_epoch: 1, num_batch: 4
[2026-10-08 21:10:49,046][agent.finetune.train_ppo_diffusion_agent][INFO] - approx_kl: 2.888773678932921e-06, update_epoch: 1, num_batch: 4
[2026-10-08 21:10:51,190][agent.finetune.train_ppo_diffusion_agent][INFO] - approx_kl: 4.249966423230944e-06, update_epoch: 1, num_batch: 4
[2026-10-08 21:10:53,390][agent.finetune.train_ppo_diffusion_agent][INFO] - approx_kl: 5.988222255837172e-06, update_epoch: 1, num_batch: 4
[2026-10-08 21:10:55,619][agent.finetune.train_ppo_diffusion_agent][INFO] - approx_kl: 7.612872650497593e-06, update_epoch: 2, num_batch: 4
[2026-10-08 21:10:57,962][agent.finetune.train_ppo_diffusion_agent][INFO] - approx_kl: 9.362436685478315e-06, update_epoch: 2, num_batch: 4
[2026-10-08 21:11:00,086][agent.finetune.train_ppo_diffusion_agent][INFO] - approx_kl: 1.0530575309530832e-05, update_epoch: 2, num_batch: 4
[2026-10-08 21:11:02,305][agent.finetune.train_ppo_diffusion_agent][INFO] - approx_kl: 1.115751456381986e-05, update_epoch: 2, num_batch: 4
[2026-10-08 21:11:04,532][agent.finetune.train_ppo_diffusion_agent][INFO] - approx_kl: 1.1511469892866444e-05, update_epoch: 3, num_batch: 4
[2026-10-08 21:11:06,868][agent.finetune.train_ppo_diffusion_agent][INFO] - approx_kl: 1.1537251339177601e-05, update_epoch: 3, num_batch: 4
[2026-10-08 21:11:09,038][agent.finetune.train_ppo_diffusion_agent][INFO] - approx_kl: 1.2189428161946125e-05, update_epoch: 3, num_batch: 4
[2026-10-08 21:11:11,265][agent.finetune.train_ppo_diffusion_agent][INFO] - approx_kl: 1.2305831660341937e-05, update_epoch: 3, num_batch: 4
[2026-10-08 21:11:13,473][agent.finetune.train_ppo_diffusion_agent][INFO] - approx_kl: 1.2574930224218406e-05, update_epoch: 4, num_batch: 4
[2026-10-08 21:11:15,811][agent.finetune.train_ppo_diffusion_agent][INFO] - approx_kl: 1.285518374061212e-05, update_epoch: 4, num_batch: 4
[2026-10-08 21:11:17,919][agent.finetune.train_ppo_diffusion_agent][INFO] - approx_kl: 1.3228849638835527e-05, update_epoch: 4, num_batch: 4
[2026-10-08 21:11:20,134][agent.finetune.train_ppo_diffusion_agent][INFO] - approx_kl: 1.3677195966010913e-05, update_epoch: 4, num_batch: 4
[2026-10-08 21:11:20,141][agent.finetune.train_ppo_diffusion_agent][INFO] - 78: step  5680000 | loss   0.0546 | pg loss  -0.0005 | value loss   0.1100 | bc loss   0.0000 | reward 4266.2264 | eta   1.0000 | t: 58.0489
Processed step 0 of 500
Processed step 10 of 500
Processed step 20 of 500
Processed step 30 of 500
Processed step 40 of 500
Processed step 50 of 500
Processed step 60 of 500
Processed step 70 of 500
Processed step 80 of 500
Processed step 90 of 500
Processed step 100 of 500
Processed step 110 of 500
Processed step 120 of 500
Processed step 130 of 500
Processed step 140 of 500
Processed step 150 of 500
Processed step 160 of 500
Processed step 170 of 500
Processed step 180 of 500
Processed step 190 of 500
Processed step 200 of 500
Processed step 210 of 500
Processed step 220 of 500
Processed step 230 of 500
Processed step 240 of 500
Processed step 250 of 500
Processed step 260 of 500
Processed step 270 of 500
Processed step 280 of 500
Processed step 290 of 500
Processed step 300 of 500
Processed step 310 of 500
Processed step 320 of 500
Processed step 330 of 500
Processed step 340 of 500
Processed step 350 of 500
Processed step 360 of 500
Processed step 370 of 500
Processed step 380 of 500
Processed step 390 of 500
Processed step 400 of 500
Processed step 410 of 500
Processed step 420 of 500
Processed step 430 of 500
Processed step 440 of 500
Processed step 450 of 500
Processed step 460 of 500
Processed step 470 of 500
Processed step 480 of 500
Processed step 490 of 500
[2026-10-08 21:11:35,853][agent.finetune.train_ppo_diffusion_agent][INFO] - approx_kl: 0.0, update_epoch: 0, num_batch: 4
[2026-10-08 21:11:38,170][agent.finetune.train_ppo_diffusion_agent][INFO] - approx_kl: 1.6176889516827941e-07, update_epoch: 0, num_batch: 4
[2026-10-08 21:11:40,291][agent.finetune.train_ppo_diffusion_agent][INFO] - approx_kl: 5.862534067091474e-07, update_epoch: 0, num_batch: 4
[2026-10-08 21:11:42,508][agent.finetune.train_ppo_diffusion_agent][INFO] - approx_kl: 1.3495676967067993e-06, update_epoch: 0, num_batch: 4
[2026-10-08 21:11:44,708][agent.finetune.train_ppo_diffusion_agent][INFO] - approx_kl: 2.383537776040612e-06, update_epoch: 1, num_batch: 4
[2026-10-08 21:11:47,018][agent.finetune.train_ppo_diffusion_agent][INFO] - approx_kl: 3.7545423765550368e-06, update_epoch: 1, num_batch: 4
[2026-10-08 21:11:49,129][agent.finetune.train_ppo_diffusion_agent][INFO] - approx_kl: 5.308426352712559e-06, update_epoch: 1, num_batch: 4
[2026-10-08 21:11:51,331][agent.finetune.train_ppo_diffusion_agent][INFO] - approx_kl: 7.193946657935157e-06, update_epoch: 1, num_batch: 4
[2026-10-08 21:11:53,534][agent.finetune.train_ppo_diffusion_agent][INFO] - approx_kl: 8.578103916079272e-06, update_epoch: 2, num_batch: 4
[2026-10-08 21:11:55,854][agent.finetune.train_ppo_diffusion_agent][INFO] - approx_kl: 9.191204298986122e-06, update_epoch: 2, num_batch: 4
[2026-10-08 21:11:57,943][agent.finetune.train_ppo_diffusion_agent][INFO] - approx_kl: 9.102167496166658e-06, update_epoch: 2, num_batch: 4
[2026-10-08 21:12:00,136][agent.finetune.train_ppo_diffusion_agent][INFO] - approx_kl: 9.18889509193832e-06, update_epoch: 2, num_batch: 4
[2026-10-08 21:12:02,398][agent.finetune.train_ppo_diffusion_agent][INFO] - approx_kl: 9.259853868570644e-06, update_epoch: 3, num_batch: 4
[2026-10-08 21:12:04,720][agent.finetune.train_ppo_diffusion_agent][INFO] - approx_kl: 1.0048279364127666e-05, update_epoch: 3, num_batch: 4
[2026-10-08 21:12:06,834][agent.finetune.train_ppo_diffusion_agent][INFO] - approx_kl: 1.0937629667751025e-05, update_epoch: 3, num_batch: 4
[2026-10-08 21:12:09,043][agent.finetune.train_ppo_diffusion_agent][INFO] - approx_kl: 1.1577351870073471e-05, update_epoch: 3, num_batch: 4
[2026-10-08 21:12:11,267][agent.finetune.train_ppo_diffusion_agent][INFO] - approx_kl: 1.1739349247363862e-05, update_epoch: 4, num_batch: 4
[2026-10-08 21:12:13,578][agent.finetune.train_ppo_diffusion_agent][INFO] - approx_kl: 1.2313847037148662e-05, update_epoch: 4, num_batch: 4
[2026-10-08 21:12:15,691][agent.finetune.train_ppo_diffusion_agent][INFO] - approx_kl: 1.3263795153761748e-05, update_epoch: 4, num_batch: 4
[2026-10-08 21:12:17,891][agent.finetune.train_ppo_diffusion_agent][INFO] - approx_kl: 1.4389776879397687e-05, update_epoch: 4, num_batch: 4
[2026-10-08 21:12:17,898][agent.finetune.train_ppo_diffusion_agent][INFO] - 79: step  5760000 | loss   0.0546 | pg loss  -0.0003 | value loss   0.1097 | bc loss   0.0000 | reward 4355.9385 | eta   1.0000 | t: 57.7568
Processed step 0 of 500
Processed step 10 of 500
Processed step 20 of 500
Processed step 30 of 500
Processed step 40 of 500
Processed step 50 of 500
Processed step 60 of 500
Processed step 70 of 500
Processed step 80 of 500
Processed step 90 of 500
Processed step 100 of 500
Processed step 110 of 500
Processed step 120 of 500
Processed step 130 of 500
Processed step 140 of 500
Processed step 150 of 500
Processed step 160 of 500
Processed step 170 of 500
Processed step 180 of 500
Processed step 190 of 500
Processed step 200 of 500
Processed step 210 of 500
Processed step 220 of 500
Processed step 230 of 500
Processed step 240 of 500
Processed step 250 of 500
Processed step 260 of 500
Processed step 270 of 500
Processed step 280 of 500
Processed step 290 of 500
Processed step 300 of 500
Processed step 310 of 500
Processed step 320 of 500
Processed step 330 of 500
Processed step 340 of 500
Processed step 350 of 500
Processed step 360 of 500
Processed step 370 of 500
Processed step 380 of 500
Processed step 390 of 500
Processed step 400 of 500
Processed step 410 of 500
Processed step 420 of 500
Processed step 430 of 500
Processed step 440 of 500
Processed step 450 of 500
Processed step 460 of 500
Processed step 470 of 500
Processed step 480 of 500
Processed step 490 of 500
[2026-10-08 21:12:31,324][agent.finetune.train_ppo_diffusion_agent][INFO] - eval: success rate   1.0000 | avg episode reward 4668.0267 | avg best reward   6.5540
Processed step 0 of 500
Processed step 10 of 500
Processed step 20 of 500
Processed step 30 of 500
Processed step 40 of 500
Processed step 50 of 500
Processed step 60 of 500
Processed step 70 of 500
Processed step 80 of 500
Processed step 90 of 500
Processed step 100 of 500
Processed step 110 of 500
Processed step 120 of 500
Processed step 130 of 500
Processed step 140 of 500
Processed step 150 of 500
Processed step 160 of 500
Processed step 170 of 500
Processed step 180 of 500
Processed step 190 of 500
Processed step 200 of 500
Processed step 210 of 500
Processed step 220 of 500
Processed step 230 of 500
Processed step 240 of 500
Processed step 250 of 500
Processed step 260 of 500
Processed step 270 of 500
Processed step 280 of 500
Processed step 290 of 500
Processed step 300 of 500
Processed step 310 of 500
Processed step 320 of 500
Processed step 330 of 500
Processed step 340 of 500
Processed step 350 of 500
Processed step 360 of 500
Processed step 370 of 500
Processed step 380 of 500
Processed step 390 of 500
Processed step 400 of 500
Processed step 410 of 500
Processed step 420 of 500
Processed step 430 of 500
Processed step 440 of 500
Processed step 450 of 500
Processed step 460 of 500
Processed step 470 of 500
Processed step 480 of 500
Processed step 490 of 500
[2026-10-08 21:12:47,059][agent.finetune.train_ppo_diffusion_agent][INFO] - approx_kl: 0.0, update_epoch: 0, num_batch: 4
[2026-10-08 21:12:49,362][agent.finetune.train_ppo_diffusion_agent][INFO] - approx_kl: 1.3546643629069877e-07, update_epoch: 0, num_batch: 4
[2026-10-08 21:12:51,486][agent.finetune.train_ppo_diffusion_agent][INFO] - approx_kl: 6.054619348105916e-07, update_epoch: 0, num_batch: 4
[2026-10-08 21:12:53,690][agent.finetune.train_ppo_diffusion_agent][INFO] - approx_kl: 1.3744538591708988e-06, update_epoch: 0, num_batch: 4
[2026-10-08 21:12:55,910][agent.finetune.train_ppo_diffusion_agent][INFO] - approx_kl: 2.6303659979021177e-06, update_epoch: 1, num_batch: 4
[2026-10-08 21:12:58,216][agent.finetune.train_ppo_diffusion_agent][INFO] - approx_kl: 4.539662768365815e-06, update_epoch: 1, num_batch: 4
[2026-10-08 21:13:00,320][agent.finetune.train_ppo_diffusion_agent][INFO] - approx_kl: 6.72511077937088e-06, update_epoch: 1, num_batch: 4
[2026-10-08 21:13:02,524][agent.finetune.train_ppo_diffusion_agent][INFO] - approx_kl: 8.519021321262699e-06, update_epoch: 1, num_batch: 4
[2026-10-08 21:13:04,745][agent.finetune.train_ppo_diffusion_agent][INFO] - approx_kl: 9.861616490525194e-06, update_epoch: 2, num_batch: 4
[2026-10-08 21:13:07,053][agent.finetune.train_ppo_diffusion_agent][INFO] - approx_kl: 9.809486982703675e-06, update_epoch: 2, num_batch: 4
[2026-10-08 21:13:09,168][agent.finetune.train_ppo_diffusion_agent][INFO] - approx_kl: 9.724633855512366e-06, update_epoch: 2, num_batch: 4
[2026-10-08 21:13:11,360][agent.finetune.train_ppo_diffusion_agent][INFO] - approx_kl: 9.513828445051331e-06, update_epoch: 2, num_batch: 4
[2026-10-08 21:13:13,572][agent.finetune.train_ppo_diffusion_agent][INFO] - approx_kl: 9.515313649899326e-06, update_epoch: 3, num_batch: 4
[2026-10-08 21:13:15,896][agent.finetune.train_ppo_diffusion_agent][INFO] - approx_kl: 9.985498763853684e-06, update_epoch: 3, num_batch: 4
[2026-10-08 21:13:18,012][agent.finetune.train_ppo_diffusion_agent][INFO] - approx_kl: 1.0748617569333874e-05, update_epoch: 3, num_batch: 4
[2026-10-08 21:13:20,209][agent.finetune.train_ppo_diffusion_agent][INFO] - approx_kl: 1.1723315765266307e-05, update_epoch: 3, num_batch: 4
[2026-10-08 21:13:22,415][agent.finetune.train_ppo_diffusion_agent][INFO] - approx_kl: 1.2353861166047864e-05, update_epoch: 4, num_batch: 4
[2026-10-08 21:13:24,731][agent.finetune.train_ppo_diffusion_agent][INFO] - approx_kl: 1.2849435734096915e-05, update_epoch: 4, num_batch: 4
[2026-10-08 21:13:26,829][agent.finetune.train_ppo_diffusion_agent][INFO] - approx_kl: 1.3604212654172443e-05, update_epoch: 4, num_batch: 4
[2026-10-08 21:13:29,052][agent.finetune.train_ppo_diffusion_agent][INFO] - approx_kl: 1.4492735317617189e-05, update_epoch: 4, num_batch: 4
[2026-10-08 21:13:29,059][agent.finetune.train_ppo_diffusion_agent][INFO] - 81: step  5840000 | loss   0.0537 | pg loss  -0.0006 | value loss   0.1087 | bc loss   0.0000 | reward 4337.7184 | eta   1.0000 | t: 57.7349
Processed step 0 of 500
Processed step 10 of 500
Processed step 20 of 500
Processed step 30 of 500
Processed step 40 of 500
Processed step 50 of 500
Processed step 60 of 500
Processed step 70 of 500
Processed step 80 of 500
Processed step 90 of 500
Processed step 100 of 500
Processed step 110 of 500
Processed step 120 of 500
Processed step 130 of 500
Processed step 140 of 500
Processed step 150 of 500
Processed step 160 of 500
Processed step 170 of 500
Processed step 180 of 500
Processed step 190 of 500
Processed step 200 of 500
Processed step 210 of 500
Processed step 220 of 500
Processed step 230 of 500
Processed step 240 of 500
Processed step 250 of 500
Processed step 260 of 500
Processed step 270 of 500
Processed step 280 of 500
Processed step 290 of 500
Processed step 300 of 500
Processed step 310 of 500
Processed step 320 of 500
Processed step 330 of 500
Processed step 340 of 500
Processed step 350 of 500
Processed step 360 of 500
Processed step 370 of 500
Processed step 380 of 500
Processed step 390 of 500
Processed step 400 of 500
Processed step 410 of 500
Processed step 420 of 500
Processed step 430 of 500
Processed step 440 of 500
Processed step 450 of 500
Processed step 460 of 500
Processed step 470 of 500
Processed step 480 of 500
Processed step 490 of 500
[2026-10-08 21:13:44,765][agent.finetune.train_ppo_diffusion_agent][INFO] - approx_kl: 0.0, update_epoch: 0, num_batch: 4
[2026-10-08 21:13:47,087][agent.finetune.train_ppo_diffusion_agent][INFO] - approx_kl: 1.9783588811606023e-07, update_epoch: 0, num_batch: 4
[2026-10-08 21:13:49,207][agent.finetune.train_ppo_diffusion_agent][INFO] - approx_kl: 8.158226023624593e-07, update_epoch: 0, num_batch: 4
[2026-10-08 21:13:51,399][agent.finetune.train_ppo_diffusion_agent][INFO] - approx_kl: 1.886205950540898e-06, update_epoch: 0, num_batch: 4
[2026-10-08 21:13:53,607][agent.finetune.train_ppo_diffusion_agent][INFO] - approx_kl: 3.441628223299631e-06, update_epoch: 1, num_batch: 4
[2026-10-08 21:13:55,928][agent.finetune.train_ppo_diffusion_agent][INFO] - approx_kl: 5.364704065868864e-06, update_epoch: 1, num_batch: 4
[2026-10-08 21:13:58,096][agent.finetune.train_ppo_diffusion_agent][INFO] - approx_kl: 7.076720976328943e-06, update_epoch: 1, num_batch: 4
[2026-10-08 21:14:00,316][agent.finetune.train_ppo_diffusion_agent][INFO] - approx_kl: 8.124893611238804e-06, update_epoch: 1, num_batch: 4
[2026-10-08 21:14:02,511][agent.finetune.train_ppo_diffusion_agent][INFO] - approx_kl: 8.773674380790908e-06, update_epoch: 2, num_batch: 4
[2026-10-08 21:14:04,806][agent.finetune.train_ppo_diffusion_agent][INFO] - approx_kl: 8.518222784914542e-06, update_epoch: 2, num_batch: 4
[2026-10-08 21:14:06,934][agent.finetune.train_ppo_diffusion_agent][INFO] - approx_kl: 8.22171386971604e-06, update_epoch: 2, num_batch: 4
[2026-10-08 21:14:09,137][agent.finetune.train_ppo_diffusion_agent][INFO] - approx_kl: 8.061913831625134e-06, update_epoch: 2, num_batch: 4
[2026-10-08 21:14:11,330][agent.finetune.train_ppo_diffusion_agent][INFO] - approx_kl: 8.609676115156617e-06, update_epoch: 3, num_batch: 4
[2026-10-08 21:14:13,649][agent.finetune.train_ppo_diffusion_agent][INFO] - approx_kl: 9.471026714891195e-06, update_epoch: 3, num_batch: 4
[2026-10-08 21:14:15,773][agent.finetune.train_ppo_diffusion_agent][INFO] - approx_kl: 1.0526692676648963e-05, update_epoch: 3, num_batch: 4
[2026-10-08 21:14:17,977][agent.finetune.train_ppo_diffusion_agent][INFO] - approx_kl: 1.1331584573781583e-05, update_epoch: 3, num_batch: 4
[2026-10-08 21:14:20,189][agent.finetune.train_ppo_diffusion_agent][INFO] - approx_kl: 1.1991548490186688e-05, update_epoch: 4, num_batch: 4
[2026-10-08 21:14:22,508][agent.finetune.train_ppo_diffusion_agent][INFO] - approx_kl: 1.238854292751057e-05, update_epoch: 4, num_batch: 4
[2026-10-08 21:14:24,639][agent.finetune.train_ppo_diffusion_agent][INFO] - approx_kl: 1.3173751540307421e-05, update_epoch: 4, num_batch: 4
[2026-10-08 21:14:26,860][agent.finetune.train_ppo_diffusion_agent][INFO] - approx_kl: 1.3861507795809302e-05, update_epoch: 4, num_batch: 4
[2026-10-08 21:14:26,867][agent.finetune.train_ppo_diffusion_agent][INFO] - 82: step  5920000 | loss   0.0572 | pg loss  -0.0005 | value loss   0.1156 | bc loss   0.0000 | reward 4377.9455 | eta   1.0000 | t: 57.8077
Processed step 0 of 500
Processed step 10 of 500
Processed step 20 of 500
Processed step 30 of 500
Processed step 40 of 500
Processed step 50 of 500
Processed step 60 of 500
Processed step 70 of 500
Processed step 80 of 500
Processed step 90 of 500
Processed step 100 of 500
Processed step 110 of 500
Processed step 120 of 500
Processed step 130 of 500
Processed step 140 of 500
Processed step 150 of 500
Processed step 160 of 500
Processed step 170 of 500
Processed step 180 of 500
Processed step 190 of 500
Processed step 200 of 500
Processed step 210 of 500
Processed step 220 of 500
Processed step 230 of 500
Processed step 240 of 500
Processed step 250 of 500
Processed step 260 of 500
Processed step 270 of 500
Processed step 280 of 500
Processed step 290 of 500
Processed step 300 of 500
Processed step 310 of 500
Processed step 320 of 500
Processed step 330 of 500
Processed step 340 of 500
Processed step 350 of 500
Processed step 360 of 500
Processed step 370 of 500
Processed step 380 of 500
Processed step 390 of 500
Processed step 400 of 500
Processed step 410 of 500
Processed step 420 of 500
Processed step 430 of 500
Processed step 440 of 500
Processed step 450 of 500
Processed step 460 of 500
Processed step 470 of 500
Processed step 480 of 500
Processed step 490 of 500
[2026-10-08 21:14:42,432][agent.finetune.train_ppo_diffusion_agent][INFO] - approx_kl: 0.0, update_epoch: 0, num_batch: 4
[2026-10-08 21:14:44,541][agent.finetune.train_ppo_diffusion_agent][INFO] - approx_kl: 1.5138967057737318e-07, update_epoch: 0, num_batch: 4
[2026-10-08 21:14:46,555][agent.finetune.train_ppo_diffusion_agent][INFO] - approx_kl: 5.850769184689852e-07, update_epoch: 0, num_batch: 4
[2026-10-08 21:14:48,737][agent.finetune.train_ppo_diffusion_agent][INFO] - approx_kl: 1.4131968555375352e-06, update_epoch: 0, num_batch: 4
[2026-10-08 21:14:51,083][agent.finetune.train_ppo_diffusion_agent][INFO] - approx_kl: 2.867510829673847e-06, update_epoch: 1, num_batch: 4
[2026-10-08 21:14:53,208][agent.finetune.train_ppo_diffusion_agent][INFO] - approx_kl: 4.835036179429153e-06, update_epoch: 1, num_batch: 4
[2026-10-08 21:14:55,430][agent.finetune.train_ppo_diffusion_agent][INFO] - approx_kl: 7.290002940862905e-06, update_epoch: 1, num_batch: 4
[2026-10-08 21:14:57,660][agent.finetune.train_ppo_diffusion_agent][INFO] - approx_kl: 9.34877334657358e-06, update_epoch: 1, num_batch: 4
[2026-10-08 21:15:00,029][agent.finetune.train_ppo_diffusion_agent][INFO] - approx_kl: 1.0077279512188397e-05, update_epoch: 2, num_batch: 4
[2026-10-08 21:15:02,151][agent.finetune.train_ppo_diffusion_agent][INFO] - approx_kl: 9.358514034829568e-06, update_epoch: 2, num_batch: 4
[2026-10-08 21:15:04,377][agent.finetune.train_ppo_diffusion_agent][INFO] - approx_kl: 9.044586477102712e-06, update_epoch: 2, num_batch: 4
[2026-10-08 21:15:06,606][agent.finetune.train_ppo_diffusion_agent][INFO] - approx_kl: 8.830557817418594e-06, update_epoch: 2, num_batch: 4
[2026-10-08 21:15:08,939][agent.finetune.train_ppo_diffusion_agent][INFO] - approx_kl: 9.328246051154565e-06, update_epoch: 3, num_batch: 4
[2026-10-08 21:15:11,066][agent.finetune.train_ppo_diffusion_agent][INFO] - approx_kl: 1.0114230462932028e-05, update_epoch: 3, num_batch: 4
[2026-10-08 21:15:13,288][agent.finetune.train_ppo_diffusion_agent][INFO] - approx_kl: 1.143563258665381e-05, update_epoch: 3, num_batch: 4
[2026-10-08 21:15:15,483][agent.finetune.train_ppo_diffusion_agent][INFO] - approx_kl: 1.2481764315452892e-05, update_epoch: 3, num_batch: 4
[2026-10-08 21:15:17,802][agent.finetune.train_ppo_diffusion_agent][INFO] - approx_kl: 1.3447450328385457e-05, update_epoch: 4, num_batch: 4
[2026-10-08 21:15:19,918][agent.finetune.train_ppo_diffusion_agent][INFO] - approx_kl: 1.44164077937603e-05, update_epoch: 4, num_batch: 4
[2026-10-08 21:15:22,156][agent.finetune.train_ppo_diffusion_agent][INFO] - approx_kl: 1.536762465548236e-05, update_epoch: 4, num_batch: 4
[2026-10-08 21:15:24,368][agent.finetune.train_ppo_diffusion_agent][INFO] - approx_kl: 1.6047571989474818e-05, update_epoch: 4, num_batch: 4
[2026-10-08 21:15:24,374][agent.finetune.train_ppo_diffusion_agent][INFO] - 83: step  6000000 | loss   0.0555 | pg loss  -0.0006 | value loss   0.1123 | bc loss   0.0000 | reward 4228.4691 | eta   1.0000 | t: 57.5075
Processed step 0 of 500
Processed step 10 of 500
Processed step 20 of 500
Processed step 30 of 500
Processed step 40 of 500
Processed step 50 of 500
Processed step 60 of 500
Processed step 70 of 500
Processed step 80 of 500
Processed step 90 of 500
Processed step 100 of 500
Processed step 110 of 500
Processed step 120 of 500
Processed step 130 of 500
Processed step 140 of 500
Processed step 150 of 500
Processed step 160 of 500
Processed step 170 of 500
Processed step 180 of 500
Processed step 190 of 500
Processed step 200 of 500
Processed step 210 of 500
Processed step 220 of 500
Processed step 230 of 500
Processed step 240 of 500
Processed step 250 of 500
Processed step 260 of 500
Processed step 270 of 500
Processed step 280 of 500
Processed step 290 of 500
Processed step 300 of 500
Processed step 310 of 500
Processed step 320 of 500
Processed step 330 of 500
Processed step 340 of 500
Processed step 350 of 500
Processed step 360 of 500
Processed step 370 of 500
Processed step 380 of 500
Processed step 390 of 500
Processed step 400 of 500
Processed step 410 of 500
Processed step 420 of 500
Processed step 430 of 500
Processed step 440 of 500
Processed step 450 of 500
Processed step 460 of 500
Processed step 470 of 500
Processed step 480 of 500
Processed step 490 of 500
[2026-10-08 21:15:39,274][agent.finetune.train_ppo_diffusion_agent][INFO] - approx_kl: 0.0, update_epoch: 0, num_batch: 4
[2026-10-08 21:15:41,379][agent.finetune.train_ppo_diffusion_agent][INFO] - approx_kl: 1.7514116734673735e-07, update_epoch: 0, num_batch: 4
[2026-10-08 21:15:43,592][agent.finetune.train_ppo_diffusion_agent][INFO] - approx_kl: 7.159494543884648e-07, update_epoch: 0, num_batch: 4
[2026-10-08 21:15:45,803][agent.finetune.train_ppo_diffusion_agent][INFO] - approx_kl: 1.617382736185391e-06, update_epoch: 0, num_batch: 4
[2026-10-08 21:15:48,105][agent.finetune.train_ppo_diffusion_agent][INFO] - approx_kl: 2.7518610750121297e-06, update_epoch: 1, num_batch: 4
[2026-10-08 21:15:50,212][agent.finetune.train_ppo_diffusion_agent][INFO] - approx_kl: 4.33459717896767e-06, update_epoch: 1, num_batch: 4
[2026-10-08 21:15:52,446][agent.finetune.train_ppo_diffusion_agent][INFO] - approx_kl: 5.890846750844503e-06, update_epoch: 1, num_batch: 4
[2026-10-08 21:15:54,670][agent.finetune.train_ppo_diffusion_agent][INFO] - approx_kl: 7.467076102329884e-06, update_epoch: 1, num_batch: 4
[2026-10-08 21:15:56,987][agent.finetune.train_ppo_diffusion_agent][INFO] - approx_kl: 8.491624612361193e-06, update_epoch: 2, num_batch: 4
[2026-10-08 21:15:59,116][agent.finetune.train_ppo_diffusion_agent][INFO] - approx_kl: 9.459175089432392e-06, update_epoch: 2, num_batch: 4
[2026-10-08 21:16:01,385][agent.finetune.train_ppo_diffusion_agent][INFO] - approx_kl: 9.745639545144513e-06, update_epoch: 2, num_batch: 4
[2026-10-08 21:16:03,601][agent.finetune.train_ppo_diffusion_agent][INFO] - approx_kl: 1.0115894838236272e-05, update_epoch: 2, num_batch: 4
[2026-10-08 21:16:05,919][agent.finetune.train_ppo_diffusion_agent][INFO] - approx_kl: 1.0436790034873411e-05, update_epoch: 3, num_batch: 4
[2026-10-08 21:16:08,035][agent.finetune.train_ppo_diffusion_agent][INFO] - approx_kl: 1.1169202480232343e-05, update_epoch: 3, num_batch: 4
[2026-10-08 21:16:10,254][agent.finetune.train_ppo_diffusion_agent][INFO] - approx_kl: 1.173089913208969e-05, update_epoch: 3, num_batch: 4
[2026-10-08 21:16:12,466][agent.finetune.train_ppo_diffusion_agent][INFO] - approx_kl: 1.2197564501548186e-05, update_epoch: 3, num_batch: 4
[2026-10-08 21:16:14,786][agent.finetune.train_ppo_diffusion_agent][INFO] - approx_kl: 1.291834814765025e-05, update_epoch: 4, num_batch: 4
[2026-10-08 21:16:16,899][agent.finetune.train_ppo_diffusion_agent][INFO] - approx_kl: 1.3397595466813073e-05, update_epoch: 4, num_batch: 4
[2026-10-08 21:16:19,133][agent.finetune.train_ppo_diffusion_agent][INFO] - approx_kl: 1.3832361219101585e-05, update_epoch: 4, num_batch: 4
[2026-10-08 21:16:21,349][agent.finetune.train_ppo_diffusion_agent][INFO] - approx_kl: 1.4359288798004854e-05, update_epoch: 4, num_batch: 4
[2026-10-08 21:16:21,355][agent.finetune.train_ppo_diffusion_agent][INFO] - 84: step  6080000 | loss   0.0560 | pg loss  -0.0005 | value loss   0.1129 | bc loss   0.0000 | reward 4432.4073 | eta   1.0000 | t: 56.9811
Processed step 0 of 500
Processed step 10 of 500
Processed step 20 of 500
Processed step 30 of 500
Processed step 40 of 500
Processed step 50 of 500
Processed step 60 of 500
Processed step 70 of 500
Processed step 80 of 500
Processed step 90 of 500
Processed step 100 of 500
Processed step 110 of 500
Processed step 120 of 500
Processed step 130 of 500
Processed step 140 of 500
Processed step 150 of 500
Processed step 160 of 500
Processed step 170 of 500
Processed step 180 of 500
Processed step 190 of 500
Processed step 200 of 500
Processed step 210 of 500
Processed step 220 of 500
Processed step 230 of 500
Processed step 240 of 500
Processed step 250 of 500
Processed step 260 of 500
Processed step 270 of 500
Processed step 280 of 500
Processed step 290 of 500
Processed step 300 of 500
Processed step 310 of 500
Processed step 320 of 500
Processed step 330 of 500
Processed step 340 of 500
Processed step 350 of 500
Processed step 360 of 500
Processed step 370 of 500
Processed step 380 of 500
Processed step 390 of 500
Processed step 400 of 500
Processed step 410 of 500
Processed step 420 of 500
Processed step 430 of 500
Processed step 440 of 500
Processed step 450 of 500
Processed step 460 of 500
Processed step 470 of 500
Processed step 480 of 500
Processed step 490 of 500
[2026-10-08 21:16:36,321][agent.finetune.train_ppo_diffusion_agent][INFO] - approx_kl: 0.0, update_epoch: 0, num_batch: 4
[2026-10-08 21:16:38,459][agent.finetune.train_ppo_diffusion_agent][INFO] - approx_kl: 1.6272487357582577e-07, update_epoch: 0, num_batch: 4
[2026-10-08 21:16:40,694][agent.finetune.train_ppo_diffusion_agent][INFO] - approx_kl: 6.796862521696312e-07, update_epoch: 0, num_batch: 4
[2026-10-08 21:16:43,043][agent.finetune.train_ppo_diffusion_agent][INFO] - approx_kl: 1.4717305703015882e-06, update_epoch: 0, num_batch: 4
[2026-10-08 21:16:45,173][agent.finetune.train_ppo_diffusion_agent][INFO] - approx_kl: 2.352168621655437e-06, update_epoch: 1, num_batch: 4
[2026-10-08 21:16:47,399][agent.finetune.train_ppo_diffusion_agent][INFO] - approx_kl: 3.800707418122329e-06, update_epoch: 1, num_batch: 4
[2026-10-08 21:16:49,636][agent.finetune.train_ppo_diffusion_agent][INFO] - approx_kl: 5.447583134809975e-06, update_epoch: 1, num_batch: 4
[2026-10-08 21:16:51,979][agent.finetune.train_ppo_diffusion_agent][INFO] - approx_kl: 6.669162303296616e-06, update_epoch: 1, num_batch: 4
[2026-10-08 21:16:54,110][agent.finetune.train_ppo_diffusion_agent][INFO] - approx_kl: 8.193705070880242e-06, update_epoch: 2, num_batch: 4
[2026-10-08 21:16:56,346][agent.finetune.train_ppo_diffusion_agent][INFO] - approx_kl: 9.347697414341383e-06, update_epoch: 2, num_batch: 4
[2026-10-08 21:16:58,587][agent.finetune.train_ppo_diffusion_agent][INFO] - approx_kl: 1.0540693438088056e-05, update_epoch: 2, num_batch: 4
[2026-10-08 21:17:00,928][agent.finetune.train_ppo_diffusion_agent][INFO] - approx_kl: 1.1308517059660517e-05, update_epoch: 2, num_batch: 4
[2026-10-08 21:17:03,115][agent.finetune.train_ppo_diffusion_agent][INFO] - approx_kl: 1.2166374290245585e-05, update_epoch: 3, num_batch: 4
[2026-10-08 21:17:05,360][agent.finetune.train_ppo_diffusion_agent][INFO] - approx_kl: 1.3012291674385779e-05, update_epoch: 3, num_batch: 4
[2026-10-08 21:17:07,579][agent.finetune.train_ppo_diffusion_agent][INFO] - approx_kl: 1.3965748621558305e-05, update_epoch: 3, num_batch: 4
[2026-10-08 21:17:09,911][agent.finetune.train_ppo_diffusion_agent][INFO] - approx_kl: 1.4355999155668542e-05, update_epoch: 3, num_batch: 4
[2026-10-08 21:17:12,046][agent.finetune.train_ppo_diffusion_agent][INFO] - approx_kl: 1.4756087693967856e-05, update_epoch: 4, num_batch: 4
[2026-10-08 21:17:14,266][agent.finetune.train_ppo_diffusion_agent][INFO] - approx_kl: 1.4469973393715918e-05, update_epoch: 4, num_batch: 4
[2026-10-08 21:17:16,493][agent.finetune.train_ppo_diffusion_agent][INFO] - approx_kl: 1.4657134670414962e-05, update_epoch: 4, num_batch: 4
[2026-10-08 21:17:18,840][agent.finetune.train_ppo_diffusion_agent][INFO] - approx_kl: 1.5169011930993292e-05, update_epoch: 4, num_batch: 4
[2026-10-08 21:17:18,847][agent.finetune.train_ppo_diffusion_agent][INFO] - 85: step  6160000 | loss   0.0577 | pg loss  -0.0004 | value loss   0.1164 | bc loss   0.0000 | reward 4424.4480 | eta   1.0000 | t: 57.4915
Processed step 0 of 500
Processed step 10 of 500
Processed step 20 of 500
Processed step 30 of 500
Processed step 40 of 500
Processed step 50 of 500
Processed step 60 of 500
Processed step 70 of 500
Processed step 80 of 500
Processed step 90 of 500
Processed step 100 of 500
Processed step 110 of 500
Processed step 120 of 500
Processed step 130 of 500
Processed step 140 of 500
Processed step 150 of 500
Processed step 160 of 500
Processed step 170 of 500
Processed step 180 of 500
Processed step 190 of 500
Processed step 200 of 500
Processed step 210 of 500
Processed step 220 of 500
Processed step 230 of 500
Processed step 240 of 500
Processed step 250 of 500
Processed step 260 of 500
Processed step 270 of 500
Processed step 280 of 500
Processed step 290 of 500
Processed step 300 of 500
Processed step 310 of 500
Processed step 320 of 500
Processed step 330 of 500
Processed step 340 of 500
Processed step 350 of 500
Processed step 360 of 500
Processed step 370 of 500
Processed step 380 of 500
Processed step 390 of 500
Processed step 400 of 500
Processed step 410 of 500
Processed step 420 of 500
Processed step 430 of 500
Processed step 440 of 500
Processed step 450 of 500
Processed step 460 of 500
Processed step 470 of 500
Processed step 480 of 500
Processed step 490 of 500
[2026-10-08 21:17:33,890][agent.finetune.train_ppo_diffusion_agent][INFO] - approx_kl: 0.0, update_epoch: 0, num_batch: 4
[2026-10-08 21:17:36,134][agent.finetune.train_ppo_diffusion_agent][INFO] - approx_kl: 1.2896869350242923e-07, update_epoch: 0, num_batch: 4
[2026-10-08 21:17:38,346][agent.finetune.train_ppo_diffusion_agent][INFO] - approx_kl: 5.143822363606887e-07, update_epoch: 0, num_batch: 4
[2026-10-08 21:17:40,689][agent.finetune.train_ppo_diffusion_agent][INFO] - approx_kl: 1.2789058700946043e-06, update_epoch: 0, num_batch: 4
[2026-10-08 21:17:42,812][agent.finetune.train_ppo_diffusion_agent][INFO] - approx_kl: 2.2816004729975248e-06, update_epoch: 1, num_batch: 4
[2026-10-08 21:17:45,032][agent.finetune.train_ppo_diffusion_agent][INFO] - approx_kl: 3.810679118032567e-06, update_epoch: 1, num_batch: 4
[2026-10-08 21:17:47,259][agent.finetune.train_ppo_diffusion_agent][INFO] - approx_kl: 5.533057446882594e-06, update_epoch: 1, num_batch: 4
[2026-10-08 21:17:49,601][agent.finetune.train_ppo_diffusion_agent][INFO] - approx_kl: 7.325272235902958e-06, update_epoch: 1, num_batch: 4
[2026-10-08 21:17:51,738][agent.finetune.train_ppo_diffusion_agent][INFO] - approx_kl: 8.752246685617138e-06, update_epoch: 2, num_batch: 4
[2026-10-08 21:17:53,964][agent.finetune.train_ppo_diffusion_agent][INFO] - approx_kl: 9.45690135267796e-06, update_epoch: 2, num_batch: 4
[2026-10-08 21:17:56,186][agent.finetune.train_ppo_diffusion_agent][INFO] - approx_kl: 9.70147993939463e-06, update_epoch: 2, num_batch: 4
[2026-10-08 21:17:58,523][agent.finetune.train_ppo_diffusion_agent][INFO] - approx_kl: 9.757452971825842e-06, update_epoch: 2, num_batch: 4
[2026-10-08 21:18:00,644][agent.finetune.train_ppo_diffusion_agent][INFO] - approx_kl: 9.853214578470215e-06, update_epoch: 3, num_batch: 4
[2026-10-08 21:18:02,887][agent.finetune.train_ppo_diffusion_agent][INFO] - approx_kl: 1.0277466572006233e-05, update_epoch: 3, num_batch: 4
[2026-10-08 21:18:05,111][agent.finetune.train_ppo_diffusion_agent][INFO] - approx_kl: 1.1164058378199115e-05, update_epoch: 3, num_batch: 4
[2026-10-08 21:18:07,437][agent.finetune.train_ppo_diffusion_agent][INFO] - approx_kl: 1.2007445548078977e-05, update_epoch: 3, num_batch: 4
[2026-10-08 21:18:09,571][agent.finetune.train_ppo_diffusion_agent][INFO] - approx_kl: 1.2892804079456255e-05, update_epoch: 4, num_batch: 4
[2026-10-08 21:18:11,779][agent.finetune.train_ppo_diffusion_agent][INFO] - approx_kl: 1.3895947631681338e-05, update_epoch: 4, num_batch: 4
[2026-10-08 21:18:13,992][agent.finetune.train_ppo_diffusion_agent][INFO] - approx_kl: 1.4530418411595747e-05, update_epoch: 4, num_batch: 4
[2026-10-08 21:18:16,326][agent.finetune.train_ppo_diffusion_agent][INFO] - approx_kl: 1.538018841529265e-05, update_epoch: 4, num_batch: 4
[2026-10-08 21:18:16,333][agent.finetune.train_ppo_diffusion_agent][INFO] - 86: step  6240000 | loss   0.0557 | pg loss  -0.0004 | value loss   0.1123 | bc loss   0.0000 | reward 4392.5567 | eta   1.0000 | t: 57.4858
Processed step 0 of 500
Processed step 10 of 500
Processed step 20 of 500
Processed step 30 of 500
Processed step 40 of 500
Processed step 50 of 500
Processed step 60 of 500
Processed step 70 of 500
Processed step 80 of 500
Processed step 90 of 500
Processed step 100 of 500
Processed step 110 of 500
Processed step 120 of 500
Processed step 130 of 500
Processed step 140 of 500
Processed step 150 of 500
Processed step 160 of 500
Processed step 170 of 500
Processed step 180 of 500
Processed step 190 of 500
Processed step 200 of 500
Processed step 210 of 500
Processed step 220 of 500
Processed step 230 of 500
Processed step 240 of 500
Processed step 250 of 500
Processed step 260 of 500
Processed step 270 of 500
Processed step 280 of 500
Processed step 290 of 500
Processed step 300 of 500
Processed step 310 of 500
Processed step 320 of 500
Processed step 330 of 500
Processed step 340 of 500
Processed step 350 of 500
Processed step 360 of 500
Processed step 370 of 500
Processed step 380 of 500
Processed step 390 of 500
Processed step 400 of 500
Processed step 410 of 500
Processed step 420 of 500
Processed step 430 of 500
Processed step 440 of 500
Processed step 450 of 500
Processed step 460 of 500
Processed step 470 of 500
Processed step 480 of 500
Processed step 490 of 500
[2026-10-08 21:18:31,947][agent.finetune.train_ppo_diffusion_agent][INFO] - approx_kl: 0.0, update_epoch: 0, num_batch: 4
[2026-10-08 21:18:34,172][agent.finetune.train_ppo_diffusion_agent][INFO] - approx_kl: 1.8327629902614717e-07, update_epoch: 0, num_batch: 4
[2026-10-08 21:18:36,382][agent.finetune.train_ppo_diffusion_agent][INFO] - approx_kl: 6.6765539941116e-07, update_epoch: 0, num_batch: 4
[2026-10-08 21:18:38,706][agent.finetune.train_ppo_diffusion_agent][INFO] - approx_kl: 1.3034434687142493e-06, update_epoch: 0, num_batch: 4
[2026-10-08 21:18:40,810][agent.finetune.train_ppo_diffusion_agent][INFO] - approx_kl: 2.1794569420308108e-06, update_epoch: 1, num_batch: 4
[2026-10-08 21:18:43,023][agent.finetune.train_ppo_diffusion_agent][INFO] - approx_kl: 3.5366101656109095e-06, update_epoch: 1, num_batch: 4
[2026-10-08 21:18:45,228][agent.finetune.train_ppo_diffusion_agent][INFO] - approx_kl: 5.104586762172403e-06, update_epoch: 1, num_batch: 4
[2026-10-08 21:18:47,539][agent.finetune.train_ppo_diffusion_agent][INFO] - approx_kl: 6.755446065653814e-06, update_epoch: 1, num_batch: 4
[2026-10-08 21:18:49,640][agent.finetune.train_ppo_diffusion_agent][INFO] - approx_kl: 7.821323379175738e-06, update_epoch: 2, num_batch: 4
[2026-10-08 21:18:51,851][agent.finetune.train_ppo_diffusion_agent][INFO] - approx_kl: 8.912555131246336e-06, update_epoch: 2, num_batch: 4
[2026-10-08 21:18:54,055][agent.finetune.train_ppo_diffusion_agent][INFO] - approx_kl: 9.158477951132227e-06, update_epoch: 2, num_batch: 4
[2026-10-08 21:18:56,425][agent.finetune.train_ppo_diffusion_agent][INFO] - approx_kl: 9.368684004584793e-06, update_epoch: 2, num_batch: 4
[2026-10-08 21:18:58,541][agent.finetune.train_ppo_diffusion_agent][INFO] - approx_kl: 9.808779395825695e-06, update_epoch: 3, num_batch: 4
[2026-10-08 21:19:00,758][agent.finetune.train_ppo_diffusion_agent][INFO] - approx_kl: 1.0621382898534648e-05, update_epoch: 3, num_batch: 4
[2026-10-08 21:19:02,967][agent.finetune.train_ppo_diffusion_agent][INFO] - approx_kl: 1.1574823474802542e-05, update_epoch: 3, num_batch: 4
[2026-10-08 21:19:05,294][agent.finetune.train_ppo_diffusion_agent][INFO] - approx_kl: 1.1936717783100903e-05, update_epoch: 3, num_batch: 4
[2026-10-08 21:19:07,413][agent.finetune.train_ppo_diffusion_agent][INFO] - approx_kl: 1.1990417988272384e-05, update_epoch: 4, num_batch: 4
[2026-10-08 21:19:09,633][agent.finetune.train_ppo_diffusion_agent][INFO] - approx_kl: 1.2354655154922511e-05, update_epoch: 4, num_batch: 4
[2026-10-08 21:19:11,844][agent.finetune.train_ppo_diffusion_agent][INFO] - approx_kl: 1.2944287846039515e-05, update_epoch: 4, num_batch: 4
[2026-10-08 21:19:14,158][agent.finetune.train_ppo_diffusion_agent][INFO] - approx_kl: 1.3652713278133888e-05, update_epoch: 4, num_batch: 4
[2026-10-08 21:19:14,164][agent.finetune.train_ppo_diffusion_agent][INFO] - 87: step  6320000 | loss   0.0559 | pg loss  -0.0006 | value loss   0.1130 | bc loss   0.0000 | reward 4396.8673 | eta   1.0000 | t: 57.8318
Processed step 0 of 500
Processed step 10 of 500
Processed step 20 of 500
Processed step 30 of 500
Processed step 40 of 500
Processed step 50 of 500
Processed step 60 of 500
Processed step 70 of 500
Processed step 80 of 500
Processed step 90 of 500
Processed step 100 of 500
Processed step 110 of 500
Processed step 120 of 500
Processed step 130 of 500
Processed step 140 of 500
Processed step 150 of 500
Processed step 160 of 500
Processed step 170 of 500
Processed step 180 of 500
Processed step 190 of 500
Processed step 200 of 500
Processed step 210 of 500
Processed step 220 of 500
Processed step 230 of 500
Processed step 240 of 500
Processed step 250 of 500
Processed step 260 of 500
Processed step 270 of 500
Processed step 280 of 500
Processed step 290 of 500
Processed step 300 of 500
Processed step 310 of 500
Processed step 320 of 500
Processed step 330 of 500
Processed step 340 of 500
Processed step 350 of 500
Processed step 360 of 500
Processed step 370 of 500
Processed step 380 of 500
Processed step 390 of 500
Processed step 400 of 500
Processed step 410 of 500
Processed step 420 of 500
Processed step 430 of 500
Processed step 440 of 500
Processed step 450 of 500
Processed step 460 of 500
Processed step 470 of 500
Processed step 480 of 500
Processed step 490 of 500
[2026-10-08 21:19:29,035][agent.finetune.train_ppo_diffusion_agent][INFO] - approx_kl: 0.0, update_epoch: 0, num_batch: 4
[2026-10-08 21:19:31,255][agent.finetune.train_ppo_diffusion_agent][INFO] - approx_kl: 1.499124095971638e-07, update_epoch: 0, num_batch: 4
[2026-10-08 21:19:33,470][agent.finetune.train_ppo_diffusion_agent][INFO] - approx_kl: 5.224729306974041e-07, update_epoch: 0, num_batch: 4
[2026-10-08 21:19:35,780][agent.finetune.train_ppo_diffusion_agent][INFO] - approx_kl: 9.545814236844308e-07, update_epoch: 0, num_batch: 4
[2026-10-08 21:19:37,906][agent.finetune.train_ppo_diffusion_agent][INFO] - approx_kl: 1.6414757055827067e-06, update_epoch: 1, num_batch: 4
[2026-10-08 21:19:40,111][agent.finetune.train_ppo_diffusion_agent][INFO] - approx_kl: 2.518805104045896e-06, update_epoch: 1, num_batch: 4
[2026-10-08 21:19:42,308][agent.finetune.train_ppo_diffusion_agent][INFO] - approx_kl: 3.796078772211331e-06, update_epoch: 1, num_batch: 4
[2026-10-08 21:19:44,624][agent.finetune.train_ppo_diffusion_agent][INFO] - approx_kl: 5.319921456248267e-06, update_epoch: 1, num_batch: 4
[2026-10-08 21:19:46,750][agent.finetune.train_ppo_diffusion_agent][INFO] - approx_kl: 6.431031579268165e-06, update_epoch: 2, num_batch: 4
[2026-10-08 21:19:48,956][agent.finetune.train_ppo_diffusion_agent][INFO] - approx_kl: 7.700978130742442e-06, update_epoch: 2, num_batch: 4
[2026-10-08 21:19:51,162][agent.finetune.train_ppo_diffusion_agent][INFO] - approx_kl: 8.340469321410637e-06, update_epoch: 2, num_batch: 4
[2026-10-08 21:19:53,484][agent.finetune.train_ppo_diffusion_agent][INFO] - approx_kl: 9.028776730701793e-06, update_epoch: 2, num_batch: 4
[2026-10-08 21:19:55,614][agent.finetune.train_ppo_diffusion_agent][INFO] - approx_kl: 9.368470273329876e-06, update_epoch: 3, num_batch: 4
[2026-10-08 21:19:57,872][agent.finetune.train_ppo_diffusion_agent][INFO] - approx_kl: 9.997425877372734e-06, update_epoch: 3, num_batch: 4
[2026-10-08 21:20:00,081][agent.finetune.train_ppo_diffusion_agent][INFO] - approx_kl: 1.0753347851277795e-05, update_epoch: 3, num_batch: 4
[2026-10-08 21:20:02,388][agent.finetune.train_ppo_diffusion_agent][INFO] - approx_kl: 1.1254811397520825e-05, update_epoch: 3, num_batch: 4
[2026-10-08 21:20:04,526][agent.finetune.train_ppo_diffusion_agent][INFO] - approx_kl: 1.206566139444476e-05, update_epoch: 4, num_batch: 4
[2026-10-08 21:20:06,753][agent.finetune.train_ppo_diffusion_agent][INFO] - approx_kl: 1.2598063221958e-05, update_epoch: 4, num_batch: 4
[2026-10-08 21:20:08,974][agent.finetune.train_ppo_diffusion_agent][INFO] - approx_kl: 1.3109022802382242e-05, update_epoch: 4, num_batch: 4
[2026-10-08 21:20:11,318][agent.finetune.train_ppo_diffusion_agent][INFO] - approx_kl: 1.3827312614012044e-05, update_epoch: 4, num_batch: 4
[2026-10-08 21:20:11,325][agent.finetune.train_ppo_diffusion_agent][INFO] - 88: step  6400000 | loss   0.0575 | pg loss  -0.0006 | value loss   0.1163 | bc loss   0.0000 | reward 4355.5602 | eta   1.0000 | t: 57.1601
Processed step 0 of 500
Processed step 10 of 500
Processed step 20 of 500
Processed step 30 of 500
Processed step 40 of 500
Processed step 50 of 500
Processed step 60 of 500
Processed step 70 of 500
Processed step 80 of 500
Processed step 90 of 500
Processed step 100 of 500
Processed step 110 of 500
Processed step 120 of 500
Processed step 130 of 500
Processed step 140 of 500
Processed step 150 of 500
Processed step 160 of 500
Processed step 170 of 500
Processed step 180 of 500
Processed step 190 of 500
Processed step 200 of 500
Processed step 210 of 500
Processed step 220 of 500
Processed step 230 of 500
Processed step 240 of 500
Processed step 250 of 500
Processed step 260 of 500
Processed step 270 of 500
Processed step 280 of 500
Processed step 290 of 500
Processed step 300 of 500
Processed step 310 of 500
Processed step 320 of 500
Processed step 330 of 500
Processed step 340 of 500
Processed step 350 of 500
Processed step 360 of 500
Processed step 370 of 500
Processed step 380 of 500
Processed step 390 of 500
Processed step 400 of 500
Processed step 410 of 500
Processed step 420 of 500
Processed step 430 of 500
Processed step 440 of 500
Processed step 450 of 500
Processed step 460 of 500
Processed step 470 of 500
Processed step 480 of 500
Processed step 490 of 500
[2026-10-08 21:20:25,996][agent.finetune.train_ppo_diffusion_agent][INFO] - approx_kl: 0.0, update_epoch: 0, num_batch: 4
[2026-10-08 21:20:28,233][agent.finetune.train_ppo_diffusion_agent][INFO] - approx_kl: 1.0588696852664725e-07, update_epoch: 0, num_batch: 4
[2026-10-08 21:20:30,579][agent.finetune.train_ppo_diffusion_agent][INFO] - approx_kl: 4.195288738628733e-07, update_epoch: 0, num_batch: 4
[2026-10-08 21:20:32,721][agent.finetune.train_ppo_diffusion_agent][INFO] - approx_kl: 1.0373707937105792e-06, update_epoch: 0, num_batch: 4
[2026-10-08 21:20:34,930][agent.finetune.train_ppo_diffusion_agent][INFO] - approx_kl: 1.8828103520718287e-06, update_epoch: 1, num_batch: 4
[2026-10-08 21:20:37,146][agent.finetune.train_ppo_diffusion_agent][INFO] - approx_kl: 3.054224862353294e-06, update_epoch: 1, num_batch: 4
[2026-10-08 21:20:39,494][agent.finetune.train_ppo_diffusion_agent][INFO] - approx_kl: 4.725535745819798e-06, update_epoch: 1, num_batch: 4
[2026-10-08 21:20:41,643][agent.finetune.train_ppo_diffusion_agent][INFO] - approx_kl: 6.518631835206179e-06, update_epoch: 1, num_batch: 4
[2026-10-08 21:20:43,876][agent.finetune.train_ppo_diffusion_agent][INFO] - approx_kl: 8.066150257945992e-06, update_epoch: 2, num_batch: 4
[2026-10-08 21:20:46,091][agent.finetune.train_ppo_diffusion_agent][INFO] - approx_kl: 9.294992196373641e-06, update_epoch: 2, num_batch: 4
[2026-10-08 21:20:48,463][agent.finetune.train_ppo_diffusion_agent][INFO] - approx_kl: 9.666410733188968e-06, update_epoch: 2, num_batch: 4
[2026-10-08 21:20:50,577][agent.finetune.train_ppo_diffusion_agent][INFO] - approx_kl: 9.993250387196895e-06, update_epoch: 2, num_batch: 4
[2026-10-08 21:20:52,790][agent.finetune.train_ppo_diffusion_agent][INFO] - approx_kl: 1.0256938367092516e-05, update_epoch: 3, num_batch: 4
[2026-10-08 21:20:55,029][agent.finetune.train_ppo_diffusion_agent][INFO] - approx_kl: 1.0592237231321633e-05, update_epoch: 3, num_batch: 4
[2026-10-08 21:20:57,373][agent.finetune.train_ppo_diffusion_agent][INFO] - approx_kl: 1.1331717360008042e-05, update_epoch: 3, num_batch: 4
[2026-10-08 21:20:59,506][agent.finetune.train_ppo_diffusion_agent][INFO] - approx_kl: 1.1675519999698736e-05, update_epoch: 3, num_batch: 4
[2026-10-08 21:21:01,745][agent.finetune.train_ppo_diffusion_agent][INFO] - approx_kl: 1.249406977876788e-05, update_epoch: 4, num_batch: 4
[2026-10-08 21:21:03,970][agent.finetune.train_ppo_diffusion_agent][INFO] - approx_kl: 1.3016709999646991e-05, update_epoch: 4, num_batch: 4
[2026-10-08 21:21:06,319][agent.finetune.train_ppo_diffusion_agent][INFO] - approx_kl: 1.3684639270650223e-05, update_epoch: 4, num_batch: 4
[2026-10-08 21:21:08,454][agent.finetune.train_ppo_diffusion_agent][INFO] - approx_kl: 1.4208263564796653e-05, update_epoch: 4, num_batch: 4
[2026-10-08 21:21:08,461][agent.finetune.train_ppo_diffusion_agent][INFO] - 89: step  6480000 | loss   0.0571 | pg loss  -0.0003 | value loss   0.1148 | bc loss   0.0000 | reward 4362.9711 | eta   1.0000 | t: 57.1362
Processed step 0 of 500
Processed step 10 of 500
Processed step 20 of 500
Processed step 30 of 500
Processed step 40 of 500
Processed step 50 of 500
Processed step 60 of 500
Processed step 70 of 500
Processed step 80 of 500
Processed step 90 of 500
Processed step 100 of 500
Processed step 110 of 500
Processed step 120 of 500
Processed step 130 of 500
Processed step 140 of 500
Processed step 150 of 500
Processed step 160 of 500
Processed step 170 of 500
Processed step 180 of 500
Processed step 190 of 500
Processed step 200 of 500
Processed step 210 of 500
Processed step 220 of 500
Processed step 230 of 500
Processed step 240 of 500
Processed step 250 of 500
Processed step 260 of 500
Processed step 270 of 500
Processed step 280 of 500
Processed step 290 of 500
Processed step 300 of 500
Processed step 310 of 500
Processed step 320 of 500
Processed step 330 of 500
Processed step 340 of 500
Processed step 350 of 500
Processed step 360 of 500
Processed step 370 of 500
Processed step 380 of 500
Processed step 390 of 500
Processed step 400 of 500
Processed step 410 of 500
Processed step 420 of 500
Processed step 430 of 500
Processed step 440 of 500
Processed step 450 of 500
Processed step 460 of 500
Processed step 470 of 500
Processed step 480 of 500
Processed step 490 of 500
[2026-10-08 21:21:20,896][agent.finetune.train_ppo_diffusion_agent][INFO] - eval: success rate   1.0000 | avg episode reward 4565.1965 | avg best reward   6.5134
Processed step 0 of 500
Processed step 10 of 500
Processed step 20 of 500
Processed step 30 of 500
Processed step 40 of 500
Processed step 50 of 500
Processed step 60 of 500
Processed step 70 of 500
Processed step 80 of 500
Processed step 90 of 500
Processed step 100 of 500
Processed step 110 of 500
Processed step 120 of 500
Processed step 130 of 500
Processed step 140 of 500
Processed step 150 of 500
Processed step 160 of 500
Processed step 170 of 500
Processed step 180 of 500
Processed step 190 of 500
Processed step 200 of 500
Processed step 210 of 500
Processed step 220 of 500
Processed step 230 of 500
Processed step 240 of 500
Processed step 250 of 500
Processed step 260 of 500
Processed step 270 of 500
Processed step 280 of 500
Processed step 290 of 500
Processed step 300 of 500
Processed step 310 of 500
Processed step 320 of 500
Processed step 330 of 500
Processed step 340 of 500
Processed step 350 of 500
Processed step 360 of 500
Processed step 370 of 500
Processed step 380 of 500
Processed step 390 of 500
Processed step 400 of 500
Processed step 410 of 500
Processed step 420 of 500
Processed step 430 of 500
Processed step 440 of 500
Processed step 450 of 500
Processed step 460 of 500
Processed step 470 of 500
Processed step 480 of 500
Processed step 490 of 500
[2026-10-08 21:21:35,663][agent.finetune.train_ppo_diffusion_agent][INFO] - approx_kl: 0.0, update_epoch: 0, num_batch: 4
[2026-10-08 21:21:37,867][agent.finetune.train_ppo_diffusion_agent][INFO] - approx_kl: 1.6751654641211644e-07, update_epoch: 0, num_batch: 4
[2026-10-08 21:21:40,186][agent.finetune.train_ppo_diffusion_agent][INFO] - approx_kl: 5.882349682906352e-07, update_epoch: 0, num_batch: 4
[2026-10-08 21:21:42,299][agent.finetune.train_ppo_diffusion_agent][INFO] - approx_kl: 1.3502078672900097e-06, update_epoch: 0, num_batch: 4
[2026-10-08 21:21:44,505][agent.finetune.train_ppo_diffusion_agent][INFO] - approx_kl: 2.413505171716679e-06, update_epoch: 1, num_batch: 4
[2026-10-08 21:21:46,719][agent.finetune.train_ppo_diffusion_agent][INFO] - approx_kl: 3.876914433931233e-06, update_epoch: 1, num_batch: 4
[2026-10-08 21:21:49,022][agent.finetune.train_ppo_diffusion_agent][INFO] - approx_kl: 5.769224571849918e-06, update_epoch: 1, num_batch: 4
[2026-10-08 21:21:51,189][agent.finetune.train_ppo_diffusion_agent][INFO] - approx_kl: 7.746747542114463e-06, update_epoch: 1, num_batch: 4
[2026-10-08 21:21:53,407][agent.finetune.train_ppo_diffusion_agent][INFO] - approx_kl: 9.153571227216162e-06, update_epoch: 2, num_batch: 4
[2026-10-08 21:21:55,619][agent.finetune.train_ppo_diffusion_agent][INFO] - approx_kl: 1.0040949746326078e-05, update_epoch: 2, num_batch: 4
[2026-10-08 21:21:57,940][agent.finetune.train_ppo_diffusion_agent][INFO] - approx_kl: 1.0212978850177024e-05, update_epoch: 2, num_batch: 4
[2026-10-08 21:22:00,058][agent.finetune.train_ppo_diffusion_agent][INFO] - approx_kl: 1.0130665032193065e-05, update_epoch: 2, num_batch: 4
[2026-10-08 21:22:02,270][agent.finetune.train_ppo_diffusion_agent][INFO] - approx_kl: 1.0459039003762882e-05, update_epoch: 3, num_batch: 4
[2026-10-08 21:22:04,483][agent.finetune.train_ppo_diffusion_agent][INFO] - approx_kl: 1.0869853213080205e-05, update_epoch: 3, num_batch: 4
[2026-10-08 21:22:06,793][agent.finetune.train_ppo_diffusion_agent][INFO] - approx_kl: 1.1640159755188506e-05, update_epoch: 3, num_batch: 4
[2026-10-08 21:22:08,918][agent.finetune.train_ppo_diffusion_agent][INFO] - approx_kl: 1.2617103493539616e-05, update_epoch: 3, num_batch: 4
[2026-10-08 21:22:11,129][agent.finetune.train_ppo_diffusion_agent][INFO] - approx_kl: 1.334654098172905e-05, update_epoch: 4, num_batch: 4
[2026-10-08 21:22:13,384][agent.finetune.train_ppo_diffusion_agent][INFO] - approx_kl: 1.4156559700495563e-05, update_epoch: 4, num_batch: 4
[2026-10-08 21:22:15,685][agent.finetune.train_ppo_diffusion_agent][INFO] - approx_kl: 1.4465594176726881e-05, update_epoch: 4, num_batch: 4
[2026-10-08 21:22:17,801][agent.finetune.train_ppo_diffusion_agent][INFO] - approx_kl: 1.493449690315174e-05, update_epoch: 4, num_batch: 4
[2026-10-08 21:22:17,808][agent.finetune.train_ppo_diffusion_agent][INFO] - 91: step  6560000 | loss   0.0561 | pg loss  -0.0006 | value loss   0.1134 | bc loss   0.0000 | reward 4314.8135 | eta   1.0000 | t: 56.9117
Processed step 0 of 500
Processed step 10 of 500
Processed step 20 of 500
Processed step 30 of 500
Processed step 40 of 500
Processed step 50 of 500
Processed step 60 of 500
Processed step 70 of 500
Processed step 80 of 500
Processed step 90 of 500
Processed step 100 of 500
Processed step 110 of 500
Processed step 120 of 500
Processed step 130 of 500
Processed step 140 of 500
Processed step 150 of 500
Processed step 160 of 500
Processed step 170 of 500
Processed step 180 of 500
Processed step 190 of 500
Processed step 200 of 500
Processed step 210 of 500
Processed step 220 of 500
Processed step 230 of 500
Processed step 240 of 500
Processed step 250 of 500
Processed step 260 of 500
Processed step 270 of 500
Processed step 280 of 500
Processed step 290 of 500
Processed step 300 of 500
Processed step 310 of 500
Processed step 320 of 500
Processed step 330 of 500
Processed step 340 of 500
Processed step 350 of 500
Processed step 360 of 500
Processed step 370 of 500
Processed step 380 of 500
Processed step 390 of 500
Processed step 400 of 500
Processed step 410 of 500
Processed step 420 of 500
Processed step 430 of 500
Processed step 440 of 500
Processed step 450 of 500
Processed step 460 of 500
Processed step 470 of 500
Processed step 480 of 500
Processed step 490 of 500
[2026-10-08 21:22:32,575][agent.finetune.train_ppo_diffusion_agent][INFO] - approx_kl: 0.0, update_epoch: 0, num_batch: 4
[2026-10-08 21:22:34,773][agent.finetune.train_ppo_diffusion_agent][INFO] - approx_kl: 1.5546163467661245e-07, update_epoch: 0, num_batch: 4
[2026-10-08 21:22:37,095][agent.finetune.train_ppo_diffusion_agent][INFO] - approx_kl: 6.40280802599591e-07, update_epoch: 0, num_batch: 4
[2026-10-08 21:22:39,195][agent.finetune.train_ppo_diffusion_agent][INFO] - approx_kl: 1.4695636991746142e-06, update_epoch: 0, num_batch: 4
[2026-10-08 21:22:41,441][agent.finetune.train_ppo_diffusion_agent][INFO] - approx_kl: 2.413007223367458e-06, update_epoch: 1, num_batch: 4
[2026-10-08 21:22:43,757][agent.finetune.train_ppo_diffusion_agent][INFO] - approx_kl: 3.7172048905631527e-06, update_epoch: 1, num_batch: 4
[2026-10-08 21:22:45,865][agent.finetune.train_ppo_diffusion_agent][INFO] - approx_kl: 5.243896339379717e-06, update_epoch: 1, num_batch: 4
[2026-10-08 21:22:48,064][agent.finetune.train_ppo_diffusion_agent][INFO] - approx_kl: 6.4741548158053774e-06, update_epoch: 1, num_batch: 4
[2026-10-08 21:22:50,272][agent.finetune.train_ppo_diffusion_agent][INFO] - approx_kl: 7.45414172342862e-06, update_epoch: 2, num_batch: 4
[2026-10-08 21:22:52,602][agent.finetune.train_ppo_diffusion_agent][INFO] - approx_kl: 7.868702596169896e-06, update_epoch: 2, num_batch: 4
[2026-10-08 21:22:54,729][agent.finetune.train_ppo_diffusion_agent][INFO] - approx_kl: 8.425831765634939e-06, update_epoch: 2, num_batch: 4
[2026-10-08 21:22:56,933][agent.finetune.train_ppo_diffusion_agent][INFO] - approx_kl: 8.543166586605366e-06, update_epoch: 2, num_batch: 4
[2026-10-08 21:22:59,148][agent.finetune.train_ppo_diffusion_agent][INFO] - approx_kl: 9.109785423788708e-06, update_epoch: 3, num_batch: 4
[2026-10-08 21:23:01,488][agent.finetune.train_ppo_diffusion_agent][INFO] - approx_kl: 1.0276672583131585e-05, update_epoch: 3, num_batch: 4
[2026-10-08 21:23:03,603][agent.finetune.train_ppo_diffusion_agent][INFO] - approx_kl: 1.0913400728895795e-05, update_epoch: 3, num_batch: 4
[2026-10-08 21:23:05,816][agent.finetune.train_ppo_diffusion_agent][INFO] - approx_kl: 1.1273992640781216e-05, update_epoch: 3, num_batch: 4
[2026-10-08 21:23:08,021][agent.finetune.train_ppo_diffusion_agent][INFO] - approx_kl: 1.1674449524434749e-05, update_epoch: 4, num_batch: 4
[2026-10-08 21:23:10,346][agent.finetune.train_ppo_diffusion_agent][INFO] - approx_kl: 1.2113021512050182e-05, update_epoch: 4, num_batch: 4
[2026-10-08 21:23:12,462][agent.finetune.train_ppo_diffusion_agent][INFO] - approx_kl: 1.2651502402150072e-05, update_epoch: 4, num_batch: 4
[2026-10-08 21:23:14,699][agent.finetune.train_ppo_diffusion_agent][INFO] - approx_kl: 1.3034209587203804e-05, update_epoch: 4, num_batch: 4
[2026-10-08 21:23:14,705][agent.finetune.train_ppo_diffusion_agent][INFO] - 92: step  6640000 | loss   0.0555 | pg loss  -0.0005 | value loss   0.1120 | bc loss   0.0000 | reward 4382.0496 | eta   1.0000 | t: 56.8971
Processed step 0 of 500
Processed step 10 of 500
Processed step 20 of 500
Processed step 30 of 500
Processed step 40 of 500
Processed step 50 of 500
Processed step 60 of 500
Processed step 70 of 500
Processed step 80 of 500
Processed step 90 of 500
Processed step 100 of 500
Processed step 110 of 500
Processed step 120 of 500
Processed step 130 of 500
Processed step 140 of 500
Processed step 150 of 500
Processed step 160 of 500
Processed step 170 of 500
Processed step 180 of 500
Processed step 190 of 500
Processed step 200 of 500
Processed step 210 of 500
Processed step 220 of 500
Processed step 230 of 500
Processed step 240 of 500
Processed step 250 of 500
Processed step 260 of 500
Processed step 270 of 500
Processed step 280 of 500
Processed step 290 of 500
Processed step 300 of 500
Processed step 310 of 500
Processed step 320 of 500
Processed step 330 of 500
Processed step 340 of 500
Processed step 350 of 500
Processed step 360 of 500
Processed step 370 of 500
Processed step 380 of 500
Processed step 390 of 500
Processed step 400 of 500
Processed step 410 of 500
Processed step 420 of 500
Processed step 430 of 500
Processed step 440 of 500
Processed step 450 of 500
Processed step 460 of 500
Processed step 470 of 500
Processed step 480 of 500
Processed step 490 of 500
[2026-10-08 21:23:29,452][agent.finetune.train_ppo_diffusion_agent][INFO] - approx_kl: 0.0, update_epoch: 0, num_batch: 4
[2026-10-08 21:23:31,796][agent.finetune.train_ppo_diffusion_agent][INFO] - approx_kl: 2.0248748455742316e-07, update_epoch: 0, num_batch: 4
[2026-10-08 21:23:33,926][agent.finetune.train_ppo_diffusion_agent][INFO] - approx_kl: 7.649642270735058e-07, update_epoch: 0, num_batch: 4
[2026-10-08 21:23:36,121][agent.finetune.train_ppo_diffusion_agent][INFO] - approx_kl: 1.496196318839793e-06, update_epoch: 0, num_batch: 4
[2026-10-08 21:23:38,323][agent.finetune.train_ppo_diffusion_agent][INFO] - approx_kl: 2.5513606942695333e-06, update_epoch: 1, num_batch: 4
[2026-10-08 21:23:40,638][agent.finetune.train_ppo_diffusion_agent][INFO] - approx_kl: 3.975585514126578e-06, update_epoch: 1, num_batch: 4
[2026-10-08 21:23:42,766][agent.finetune.train_ppo_diffusion_agent][INFO] - approx_kl: 5.747041541326325e-06, update_epoch: 1, num_batch: 4
[2026-10-08 21:23:44,967][agent.finetune.train_ppo_diffusion_agent][INFO] - approx_kl: 7.498396371374838e-06, update_epoch: 1, num_batch: 4
[2026-10-08 21:23:47,168][agent.finetune.train_ppo_diffusion_agent][INFO] - approx_kl: 8.635257472633384e-06, update_epoch: 2, num_batch: 4
[2026-10-08 21:23:49,475][agent.finetune.train_ppo_diffusion_agent][INFO] - approx_kl: 8.941842679632828e-06, update_epoch: 2, num_batch: 4
[2026-10-08 21:23:51,589][agent.finetune.train_ppo_diffusion_agent][INFO] - approx_kl: 9.002589649753645e-06, update_epoch: 2, num_batch: 4
[2026-10-08 21:23:53,811][agent.finetune.train_ppo_diffusion_agent][INFO] - approx_kl: 9.443852832191624e-06, update_epoch: 2, num_batch: 4
[2026-10-08 21:23:56,027][agent.finetune.train_ppo_diffusion_agent][INFO] - approx_kl: 1.0017082786362153e-05, update_epoch: 3, num_batch: 4
[2026-10-08 21:23:58,367][agent.finetune.train_ppo_diffusion_agent][INFO] - approx_kl: 1.0982160347339232e-05, update_epoch: 3, num_batch: 4
[2026-10-08 21:24:00,493][agent.finetune.train_ppo_diffusion_agent][INFO] - approx_kl: 1.1517636266944464e-05, update_epoch: 3, num_batch: 4
[2026-10-08 21:24:02,710][agent.finetune.train_ppo_diffusion_agent][INFO] - approx_kl: 1.2169668480055407e-05, update_epoch: 3, num_batch: 4
[2026-10-08 21:24:04,963][agent.finetune.train_ppo_diffusion_agent][INFO] - approx_kl: 1.2778283235093113e-05, update_epoch: 4, num_batch: 4
[2026-10-08 21:24:07,286][agent.finetune.train_ppo_diffusion_agent][INFO] - approx_kl: 1.3744332136411685e-05, update_epoch: 4, num_batch: 4
[2026-10-08 21:24:09,413][agent.finetune.train_ppo_diffusion_agent][INFO] - approx_kl: 1.4506698789773509e-05, update_epoch: 4, num_batch: 4
[2026-10-08 21:24:11,618][agent.finetune.train_ppo_diffusion_agent][INFO] - approx_kl: 1.4678096704301424e-05, update_epoch: 4, num_batch: 4
[2026-10-08 21:24:11,625][agent.finetune.train_ppo_diffusion_agent][INFO] - 93: step  6720000 | loss   0.0572 | pg loss  -0.0005 | value loss   0.1155 | bc loss   0.0000 | reward 4359.8635 | eta   1.0000 | t: 56.9196
Processed step 0 of 500
Processed step 10 of 500
Processed step 20 of 500
Processed step 30 of 500
Processed step 40 of 500
Processed step 50 of 500
Processed step 60 of 500
Processed step 70 of 500
Processed step 80 of 500
Processed step 90 of 500
Processed step 100 of 500
Processed step 110 of 500
Processed step 120 of 500
Processed step 130 of 500
Processed step 140 of 500
Processed step 150 of 500
Processed step 160 of 500
Processed step 170 of 500
Processed step 180 of 500
Processed step 190 of 500
Processed step 200 of 500
Processed step 210 of 500
Processed step 220 of 500
Processed step 230 of 500
Processed step 240 of 500
Processed step 250 of 500
Processed step 260 of 500
Processed step 270 of 500
Processed step 280 of 500
Processed step 290 of 500
Processed step 300 of 500
Processed step 310 of 500
Processed step 320 of 500
Processed step 330 of 500
Processed step 340 of 500
Processed step 350 of 500
Processed step 360 of 500
Processed step 370 of 500
Processed step 380 of 500
Processed step 390 of 500
Processed step 400 of 500
Processed step 410 of 500
Processed step 420 of 500
Processed step 430 of 500
Processed step 440 of 500
Processed step 450 of 500
Processed step 460 of 500
Processed step 470 of 500
Processed step 480 of 500
Processed step 490 of 500
[2026-10-08 21:24:26,450][agent.finetune.train_ppo_diffusion_agent][INFO] - approx_kl: 0.0, update_epoch: 0, num_batch: 4
[2026-10-08 21:24:28,759][agent.finetune.train_ppo_diffusion_agent][INFO] - approx_kl: 2.0172188897049637e-07, update_epoch: 0, num_batch: 4
[2026-10-08 21:24:30,872][agent.finetune.train_ppo_diffusion_agent][INFO] - approx_kl: 7.80523862431437e-07, update_epoch: 0, num_batch: 4
[2026-10-08 21:24:33,097][agent.finetune.train_ppo_diffusion_agent][INFO] - approx_kl: 1.725153310871974e-06, update_epoch: 0, num_batch: 4
[2026-10-08 21:24:35,313][agent.finetune.train_ppo_diffusion_agent][INFO] - approx_kl: 3.02050648315344e-06, update_epoch: 1, num_batch: 4
[2026-10-08 21:24:37,632][agent.finetune.train_ppo_diffusion_agent][INFO] - approx_kl: 4.556483418127755e-06, update_epoch: 1, num_batch: 4
[2026-10-08 21:24:39,743][agent.finetune.train_ppo_diffusion_agent][INFO] - approx_kl: 6.3493607740383595e-06, update_epoch: 1, num_batch: 4
[2026-10-08 21:24:41,945][agent.finetune.train_ppo_diffusion_agent][INFO] - approx_kl: 8.133521077979822e-06, update_epoch: 1, num_batch: 4
[2026-10-08 21:24:44,149][agent.finetune.train_ppo_diffusion_agent][INFO] - approx_kl: 9.253128155251034e-06, update_epoch: 2, num_batch: 4
[2026-10-08 21:24:46,464][agent.finetune.train_ppo_diffusion_agent][INFO] - approx_kl: 9.931238309945911e-06, update_epoch: 2, num_batch: 4
[2026-10-08 21:24:48,577][agent.finetune.train_ppo_diffusion_agent][INFO] - approx_kl: 1.0129532711289357e-05, update_epoch: 2, num_batch: 4
[2026-10-08 21:24:50,778][agent.finetune.train_ppo_diffusion_agent][INFO] - approx_kl: 1.084596624423284e-05, update_epoch: 2, num_batch: 4
[2026-10-08 21:24:52,985][agent.finetune.train_ppo_diffusion_agent][INFO] - approx_kl: 1.1059330063289963e-05, update_epoch: 3, num_batch: 4
[2026-10-08 21:24:55,308][agent.finetune.train_ppo_diffusion_agent][INFO] - approx_kl: 1.129932115873089e-05, update_epoch: 3, num_batch: 4
[2026-10-08 21:24:57,406][agent.finetune.train_ppo_diffusion_agent][INFO] - approx_kl: 1.1645533959381282e-05, update_epoch: 3, num_batch: 4
[2026-10-08 21:24:59,615][agent.finetune.train_ppo_diffusion_agent][INFO] - approx_kl: 1.204488489747746e-05, update_epoch: 3, num_batch: 4
[2026-10-08 21:25:01,817][agent.finetune.train_ppo_diffusion_agent][INFO] - approx_kl: 1.2319658708292991e-05, update_epoch: 4, num_batch: 4
[2026-10-08 21:25:04,138][agent.finetune.train_ppo_diffusion_agent][INFO] - approx_kl: 1.2936425264342688e-05, update_epoch: 4, num_batch: 4
[2026-10-08 21:25:06,244][agent.finetune.train_ppo_diffusion_agent][INFO] - approx_kl: 1.343245730822673e-05, update_epoch: 4, num_batch: 4
[2026-10-08 21:25:08,449][agent.finetune.train_ppo_diffusion_agent][INFO] - approx_kl: 1.42295257319347e-05, update_epoch: 4, num_batch: 4
[2026-10-08 21:25:08,455][agent.finetune.train_ppo_diffusion_agent][INFO] - 94: step  6800000 | loss   0.0572 | pg loss  -0.0005 | value loss   0.1155 | bc loss   0.0000 | reward 4384.5552 | eta   1.0000 | t: 56.8306
Processed step 0 of 500
Processed step 10 of 500
Processed step 20 of 500
Processed step 30 of 500
Processed step 40 of 500
Processed step 50 of 500
Processed step 60 of 500
Processed step 70 of 500
Processed step 80 of 500
Processed step 90 of 500
Processed step 100 of 500
Processed step 110 of 500
Processed step 120 of 500
Processed step 130 of 500
Processed step 140 of 500
Processed step 150 of 500
Processed step 160 of 500
Processed step 170 of 500
Processed step 180 of 500
Processed step 190 of 500
Processed step 200 of 500
Processed step 210 of 500
Processed step 220 of 500
Processed step 230 of 500
Processed step 240 of 500
Processed step 250 of 500
Processed step 260 of 500
Processed step 270 of 500
Processed step 280 of 500
Processed step 290 of 500
Processed step 300 of 500
Processed step 310 of 500
Processed step 320 of 500
Processed step 330 of 500
Processed step 340 of 500
Processed step 350 of 500
Processed step 360 of 500
Processed step 370 of 500
Processed step 380 of 500
Processed step 390 of 500
Processed step 400 of 500
Processed step 410 of 500
Processed step 420 of 500
Processed step 430 of 500
Processed step 440 of 500
Processed step 450 of 500
Processed step 460 of 500
Processed step 470 of 500
Processed step 480 of 500
Processed step 490 of 500
[2026-10-08 21:25:24,111][agent.finetune.train_ppo_diffusion_agent][INFO] - approx_kl: 0.0, update_epoch: 0, num_batch: 4
[2026-10-08 21:25:26,426][agent.finetune.train_ppo_diffusion_agent][INFO] - approx_kl: 1.7212484237916215e-07, update_epoch: 0, num_batch: 4
[2026-10-08 21:25:28,526][agent.finetune.train_ppo_diffusion_agent][INFO] - approx_kl: 6.126599600975169e-07, update_epoch: 0, num_batch: 4
[2026-10-08 21:25:30,727][agent.finetune.train_ppo_diffusion_agent][INFO] - approx_kl: 1.2887883258372312e-06, update_epoch: 0, num_batch: 4
[2026-10-08 21:25:32,936][agent.finetune.train_ppo_diffusion_agent][INFO] - approx_kl: 2.2168946998135652e-06, update_epoch: 1, num_batch: 4
[2026-10-08 21:25:35,242][agent.finetune.train_ppo_diffusion_agent][INFO] - approx_kl: 3.6419839943846455e-06, update_epoch: 1, num_batch: 4
[2026-10-08 21:25:37,360][agent.finetune.train_ppo_diffusion_agent][INFO] - approx_kl: 5.117689852340845e-06, update_epoch: 1, num_batch: 4
[2026-10-08 21:25:39,547][agent.finetune.train_ppo_diffusion_agent][INFO] - approx_kl: 6.448000931413844e-06, update_epoch: 1, num_batch: 4
[2026-10-08 21:25:41,756][agent.finetune.train_ppo_diffusion_agent][INFO] - approx_kl: 7.838802957849111e-06, update_epoch: 2, num_batch: 4
[2026-10-08 21:25:44,080][agent.finetune.train_ppo_diffusion_agent][INFO] - approx_kl: 8.8083997979993e-06, update_epoch: 2, num_batch: 4
[2026-10-08 21:25:46,191][agent.finetune.train_ppo_diffusion_agent][INFO] - approx_kl: 9.401663191965781e-06, update_epoch: 2, num_batch: 4
[2026-10-08 21:25:48,389][agent.finetune.train_ppo_diffusion_agent][INFO] - approx_kl: 9.909203981806058e-06, update_epoch: 2, num_batch: 4
[2026-10-08 21:25:50,580][agent.finetune.train_ppo_diffusion_agent][INFO] - approx_kl: 1.032660929922713e-05, update_epoch: 3, num_batch: 4
[2026-10-08 21:25:52,875][agent.finetune.train_ppo_diffusion_agent][INFO] - approx_kl: 1.0849408681679051e-05, update_epoch: 3, num_batch: 4
[2026-10-08 21:25:54,981][agent.finetune.train_ppo_diffusion_agent][INFO] - approx_kl: 1.1434366570028942e-05, update_epoch: 3, num_batch: 4
[2026-10-08 21:25:57,166][agent.finetune.train_ppo_diffusion_agent][INFO] - approx_kl: 1.145302303484641e-05, update_epoch: 3, num_batch: 4
[2026-10-08 21:25:59,362][agent.finetune.train_ppo_diffusion_agent][INFO] - approx_kl: 1.2078471627319232e-05, update_epoch: 4, num_batch: 4
[2026-10-08 21:26:01,653][agent.finetune.train_ppo_diffusion_agent][INFO] - approx_kl: 1.2436705219442956e-05, update_epoch: 4, num_batch: 4
[2026-10-08 21:26:03,738][agent.finetune.train_ppo_diffusion_agent][INFO] - approx_kl: 1.3029107321926858e-05, update_epoch: 4, num_batch: 4
[2026-10-08 21:26:05,932][agent.finetune.train_ppo_diffusion_agent][INFO] - approx_kl: 1.3593537914857734e-05, update_epoch: 4, num_batch: 4
[2026-10-08 21:26:05,938][agent.finetune.train_ppo_diffusion_agent][INFO] - 95: step  6880000 | loss   0.0571 | pg loss  -0.0004 | value loss   0.1150 | bc loss   0.0000 | reward 4329.4340 | eta   1.0000 | t: 57.4826
Processed step 0 of 500
Processed step 10 of 500
Processed step 20 of 500
Processed step 30 of 500
Processed step 40 of 500
Processed step 50 of 500
Processed step 60 of 500
Processed step 70 of 500
Processed step 80 of 500
Processed step 90 of 500
Processed step 100 of 500
Processed step 110 of 500
Processed step 120 of 500
Processed step 130 of 500
Processed step 140 of 500
Processed step 150 of 500
Processed step 160 of 500
Processed step 170 of 500
Processed step 180 of 500
Processed step 190 of 500
Processed step 200 of 500
Processed step 210 of 500
Processed step 220 of 500
Processed step 230 of 500
Processed step 240 of 500
Processed step 250 of 500
Processed step 260 of 500
Processed step 270 of 500
Processed step 280 of 500
Processed step 290 of 500
Processed step 300 of 500
Processed step 310 of 500
Processed step 320 of 500
Processed step 330 of 500
Processed step 340 of 500
Processed step 350 of 500
Processed step 360 of 500
Processed step 370 of 500
Processed step 380 of 500
Processed step 390 of 500
Processed step 400 of 500
Processed step 410 of 500
Processed step 420 of 500
Processed step 430 of 500
Processed step 440 of 500
Processed step 450 of 500
Processed step 460 of 500
Processed step 470 of 500
Processed step 480 of 500
Processed step 490 of 500
[2026-10-08 21:26:21,677][agent.finetune.train_ppo_diffusion_agent][INFO] - approx_kl: 0.0, update_epoch: 0, num_batch: 4
[2026-10-08 21:26:23,787][agent.finetune.train_ppo_diffusion_agent][INFO] - approx_kl: 1.6174267614132987e-07, update_epoch: 0, num_batch: 4
[2026-10-08 21:26:25,970][agent.finetune.train_ppo_diffusion_agent][INFO] - approx_kl: 6.327801997940696e-07, update_epoch: 0, num_batch: 4
[2026-10-08 21:26:28,167][agent.finetune.train_ppo_diffusion_agent][INFO] - approx_kl: 1.3479480003297795e-06, update_epoch: 0, num_batch: 4
[2026-10-08 21:26:30,479][agent.finetune.train_ppo_diffusion_agent][INFO] - approx_kl: 2.1953601390123367e-06, update_epoch: 1, num_batch: 4
[2026-10-08 21:26:32,568][agent.finetune.train_ppo_diffusion_agent][INFO] - approx_kl: 3.3772466849768534e-06, update_epoch: 1, num_batch: 4
[2026-10-08 21:26:34,766][agent.finetune.train_ppo_diffusion_agent][INFO] - approx_kl: 4.870137672696728e-06, update_epoch: 1, num_batch: 4
[2026-10-08 21:26:36,967][agent.finetune.train_ppo_diffusion_agent][INFO] - approx_kl: 6.299618235061644e-06, update_epoch: 1, num_batch: 4
[2026-10-08 21:26:39,334][agent.finetune.train_ppo_diffusion_agent][INFO] - approx_kl: 7.321188149944646e-06, update_epoch: 2, num_batch: 4
[2026-10-08 21:26:41,467][agent.finetune.train_ppo_diffusion_agent][INFO] - approx_kl: 8.207460268749855e-06, update_epoch: 2, num_batch: 4
[2026-10-08 21:26:43,692][agent.finetune.train_ppo_diffusion_agent][INFO] - approx_kl: 9.039251381182112e-06, update_epoch: 2, num_batch: 4
[2026-10-08 21:26:45,913][agent.finetune.train_ppo_diffusion_agent][INFO] - approx_kl: 9.932487955666147e-06, update_epoch: 2, num_batch: 4
[2026-10-08 21:26:48,227][agent.finetune.train_ppo_diffusion_agent][INFO] - approx_kl: 1.0846692930499557e-05, update_epoch: 3, num_batch: 4
[2026-10-08 21:26:50,344][agent.finetune.train_ppo_diffusion_agent][INFO] - approx_kl: 1.1139531125081703e-05, update_epoch: 3, num_batch: 4
[2026-10-08 21:26:52,577][agent.finetune.train_ppo_diffusion_agent][INFO] - approx_kl: 1.1579822967178188e-05, update_epoch: 3, num_batch: 4
[2026-10-08 21:26:54,798][agent.finetune.train_ppo_diffusion_agent][INFO] - approx_kl: 1.1848104804812465e-05, update_epoch: 3, num_batch: 4
[2026-10-08 21:26:57,116][agent.finetune.train_ppo_diffusion_agent][INFO] - approx_kl: 1.2267148122191429e-05, update_epoch: 4, num_batch: 4
[2026-10-08 21:26:59,244][agent.finetune.train_ppo_diffusion_agent][INFO] - approx_kl: 1.2735416930809151e-05, update_epoch: 4, num_batch: 4
[2026-10-08 21:27:01,470][agent.finetune.train_ppo_diffusion_agent][INFO] - approx_kl: 1.329786846326897e-05, update_epoch: 4, num_batch: 4
[2026-10-08 21:27:03,698][agent.finetune.train_ppo_diffusion_agent][INFO] - approx_kl: 1.3997789210407063e-05, update_epoch: 4, num_batch: 4
[2026-10-08 21:27:03,705][agent.finetune.train_ppo_diffusion_agent][INFO] - 96: step  6960000 | loss   0.0567 | pg loss  -0.0006 | value loss   0.1145 | bc loss   0.0000 | reward 4366.1898 | eta   1.0000 | t: 57.7668
Processed step 0 of 500
Processed step 10 of 500
Processed step 20 of 500
Processed step 30 of 500
Processed step 40 of 500
Processed step 50 of 500
Processed step 60 of 500
Processed step 70 of 500
Processed step 80 of 500
Processed step 90 of 500
Processed step 100 of 500
Processed step 110 of 500
Processed step 120 of 500
Processed step 130 of 500
Processed step 140 of 500
Processed step 150 of 500
Processed step 160 of 500
Processed step 170 of 500
Processed step 180 of 500
Processed step 190 of 500
Processed step 200 of 500
Processed step 210 of 500
Processed step 220 of 500
Processed step 230 of 500
Processed step 240 of 500
Processed step 250 of 500
Processed step 260 of 500
Processed step 270 of 500
Processed step 280 of 500
Processed step 290 of 500
Processed step 300 of 500
Processed step 310 of 500
Processed step 320 of 500
Processed step 330 of 500
Processed step 340 of 500
Processed step 350 of 500
Processed step 360 of 500
Processed step 370 of 500
Processed step 380 of 500
Processed step 390 of 500
Processed step 400 of 500
Processed step 410 of 500
Processed step 420 of 500
Processed step 430 of 500
Processed step 440 of 500
Processed step 450 of 500
Processed step 460 of 500
Processed step 470 of 500
Processed step 480 of 500
Processed step 490 of 500
[2026-10-08 21:27:19,452][agent.finetune.train_ppo_diffusion_agent][INFO] - approx_kl: 0.0, update_epoch: 0, num_batch: 4
[2026-10-08 21:27:21,573][agent.finetune.train_ppo_diffusion_agent][INFO] - approx_kl: 1.9529200301349192e-07, update_epoch: 0, num_batch: 4
[2026-10-08 21:27:23,803][agent.finetune.train_ppo_diffusion_agent][INFO] - approx_kl: 5.999811492074514e-07, update_epoch: 0, num_batch: 4
[2026-10-08 21:27:26,021][agent.finetune.train_ppo_diffusion_agent][INFO] - approx_kl: 1.2007596978946822e-06, update_epoch: 0, num_batch: 4
[2026-10-08 21:27:28,348][agent.finetune.train_ppo_diffusion_agent][INFO] - approx_kl: 2.056636049019289e-06, update_epoch: 1, num_batch: 4
[2026-10-08 21:27:30,483][agent.finetune.train_ppo_diffusion_agent][INFO] - approx_kl: 3.064910288230749e-06, update_epoch: 1, num_batch: 4
[2026-10-08 21:27:32,690][agent.finetune.train_ppo_diffusion_agent][INFO] - approx_kl: 4.52535778094898e-06, update_epoch: 1, num_batch: 4
[2026-10-08 21:27:34,895][agent.finetune.train_ppo_diffusion_agent][INFO] - approx_kl: 6.2164726841729134e-06, update_epoch: 1, num_batch: 4
[2026-10-08 21:27:37,237][agent.finetune.train_ppo_diffusion_agent][INFO] - approx_kl: 7.970749720698223e-06, update_epoch: 2, num_batch: 4
[2026-10-08 21:27:39,348][agent.finetune.train_ppo_diffusion_agent][INFO] - approx_kl: 9.320709068560973e-06, update_epoch: 2, num_batch: 4
[2026-10-08 21:27:41,581][agent.finetune.train_ppo_diffusion_agent][INFO] - approx_kl: 9.93405956251081e-06, update_epoch: 2, num_batch: 4
[2026-10-08 21:27:43,799][agent.finetune.train_ppo_diffusion_agent][INFO] - approx_kl: 1.068457368091913e-05, update_epoch: 2, num_batch: 4
[2026-10-08 21:27:46,117][agent.finetune.train_ppo_diffusion_agent][INFO] - approx_kl: 1.1116015230072662e-05, update_epoch: 3, num_batch: 4
[2026-10-08 21:27:48,223][agent.finetune.train_ppo_diffusion_agent][INFO] - approx_kl: 1.140099539043149e-05, update_epoch: 3, num_batch: 4
[2026-10-08 21:27:50,446][agent.finetune.train_ppo_diffusion_agent][INFO] - approx_kl: 1.2128701200708747e-05, update_epoch: 3, num_batch: 4
[2026-10-08 21:27:52,669][agent.finetune.train_ppo_diffusion_agent][INFO] - approx_kl: 1.2829061233787797e-05, update_epoch: 3, num_batch: 4
[2026-10-08 21:27:54,989][agent.finetune.train_ppo_diffusion_agent][INFO] - approx_kl: 1.3337068594410084e-05, update_epoch: 4, num_batch: 4
[2026-10-08 21:27:57,111][agent.finetune.train_ppo_diffusion_agent][INFO] - approx_kl: 1.4174961506796535e-05, update_epoch: 4, num_batch: 4
[2026-10-08 21:27:59,324][agent.finetune.train_ppo_diffusion_agent][INFO] - approx_kl: 1.485200846218504e-05, update_epoch: 4, num_batch: 4
[2026-10-08 21:28:01,532][agent.finetune.train_ppo_diffusion_agent][INFO] - approx_kl: 1.5220582099573221e-05, update_epoch: 4, num_batch: 4
[2026-10-08 21:28:01,540][agent.finetune.train_ppo_diffusion_agent][INFO] - 97: step  7040000 | loss   0.0572 | pg loss  -0.0003 | value loss   0.1151 | bc loss   0.0000 | reward 4314.8656 | eta   1.0000 | t: 57.8353
Processed step 0 of 500
Processed step 10 of 500
Processed step 20 of 500
Processed step 30 of 500
Processed step 40 of 500
Processed step 50 of 500
Processed step 60 of 500
Processed step 70 of 500
Processed step 80 of 500
Processed step 90 of 500
Processed step 100 of 500
Processed step 110 of 500
Processed step 120 of 500
Processed step 130 of 500
Processed step 140 of 500
Processed step 150 of 500
Processed step 160 of 500
Processed step 170 of 500
Processed step 180 of 500
Processed step 190 of 500
Processed step 200 of 500
Processed step 210 of 500
Processed step 220 of 500
Processed step 230 of 500
Processed step 240 of 500
Processed step 250 of 500
Processed step 260 of 500
Processed step 270 of 500
Processed step 280 of 500
Processed step 290 of 500
Processed step 300 of 500
Processed step 310 of 500
Processed step 320 of 500
Processed step 330 of 500
Processed step 340 of 500
Processed step 350 of 500
Processed step 360 of 500
Processed step 370 of 500
Processed step 380 of 500
Processed step 390 of 500
Processed step 400 of 500
Processed step 410 of 500
Processed step 420 of 500
Processed step 430 of 500
Processed step 440 of 500
Processed step 450 of 500
Processed step 460 of 500
Processed step 470 of 500
Processed step 480 of 500
Processed step 490 of 500
[2026-10-08 21:28:17,239][agent.finetune.train_ppo_diffusion_agent][INFO] - approx_kl: 0.0, update_epoch: 0, num_batch: 4
[2026-10-08 21:28:19,350][agent.finetune.train_ppo_diffusion_agent][INFO] - approx_kl: 1.2632378343369055e-07, update_epoch: 0, num_batch: 4
[2026-10-08 21:28:21,562][agent.finetune.train_ppo_diffusion_agent][INFO] - approx_kl: 4.248136065143626e-07, update_epoch: 0, num_batch: 4
[2026-10-08 21:28:23,885][agent.finetune.train_ppo_diffusion_agent][INFO] - approx_kl: 8.399951525461802e-07, update_epoch: 0, num_batch: 4
[2026-10-08 21:28:26,008][agent.finetune.train_ppo_diffusion_agent][INFO] - approx_kl: 1.343177473245305e-06, update_epoch: 1, num_batch: 4
[2026-10-08 21:28:28,218][agent.finetune.train_ppo_diffusion_agent][INFO] - approx_kl: 2.1879877749597654e-06, update_epoch: 1, num_batch: 4
[2026-10-08 21:28:30,427][agent.finetune.train_ppo_diffusion_agent][INFO] - approx_kl: 3.3418791645090096e-06, update_epoch: 1, num_batch: 4
[2026-10-08 21:28:32,752][agent.finetune.train_ppo_diffusion_agent][INFO] - approx_kl: 4.791185347130522e-06, update_epoch: 1, num_batch: 4
[2026-10-08 21:28:34,871][agent.finetune.train_ppo_diffusion_agent][INFO] - approx_kl: 6.393622697942192e-06, update_epoch: 2, num_batch: 4
[2026-10-08 21:28:37,074][agent.finetune.train_ppo_diffusion_agent][INFO] - approx_kl: 7.928677405288909e-06, update_epoch: 2, num_batch: 4
[2026-10-08 21:28:39,302][agent.finetune.train_ppo_diffusion_agent][INFO] - approx_kl: 9.25457788980566e-06, update_epoch: 2, num_batch: 4
[2026-10-08 21:28:41,643][agent.finetune.train_ppo_diffusion_agent][INFO] - approx_kl: 1.0523092896619346e-05, update_epoch: 2, num_batch: 4
[2026-10-08 21:28:43,758][agent.finetune.train_ppo_diffusion_agent][INFO] - approx_kl: 1.1604743122006766e-05, update_epoch: 3, num_batch: 4
[2026-10-08 21:28:45,973][agent.finetune.train_ppo_diffusion_agent][INFO] - approx_kl: 1.2243634955666494e-05, update_epoch: 3, num_batch: 4
[2026-10-08 21:28:48,187][agent.finetune.train_ppo_diffusion_agent][INFO] - approx_kl: 1.2326200703682844e-05, update_epoch: 3, num_batch: 4
[2026-10-08 21:28:50,513][agent.finetune.train_ppo_diffusion_agent][INFO] - approx_kl: 1.2787595551344566e-05, update_epoch: 3, num_batch: 4
[2026-10-08 21:28:52,626][agent.finetune.train_ppo_diffusion_agent][INFO] - approx_kl: 1.345877808489604e-05, update_epoch: 4, num_batch: 4
[2026-10-08 21:28:54,833][agent.finetune.train_ppo_diffusion_agent][INFO] - approx_kl: 1.3691053936781827e-05, update_epoch: 4, num_batch: 4
[2026-10-08 21:28:57,047][agent.finetune.train_ppo_diffusion_agent][INFO] - approx_kl: 1.4510175788018387e-05, update_epoch: 4, num_batch: 4
[2026-10-08 21:28:59,368][agent.finetune.train_ppo_diffusion_agent][INFO] - approx_kl: 1.4559659575752448e-05, update_epoch: 4, num_batch: 4
[2026-10-08 21:28:59,374][agent.finetune.train_ppo_diffusion_agent][INFO] - 98: step  7120000 | loss   0.0571 | pg loss  -0.0005 | value loss   0.1153 | bc loss   0.0000 | reward 4391.0884 | eta   1.0000 | t: 57.8342
Processed step 0 of 500
Processed step 10 of 500
Processed step 20 of 500
Processed step 30 of 500
Processed step 40 of 500
Processed step 50 of 500
Processed step 60 of 500
Processed step 70 of 500
Processed step 80 of 500
Processed step 90 of 500
Processed step 100 of 500
Processed step 110 of 500
Processed step 120 of 500
Processed step 130 of 500
Processed step 140 of 500
Processed step 150 of 500
Processed step 160 of 500
Processed step 170 of 500
Processed step 180 of 500
Processed step 190 of 500
Processed step 200 of 500
Processed step 210 of 500
Processed step 220 of 500
Processed step 230 of 500
Processed step 240 of 500
Processed step 250 of 500
Processed step 260 of 500
Processed step 270 of 500
Processed step 280 of 500
Processed step 290 of 500
Processed step 300 of 500
Processed step 310 of 500
Processed step 320 of 500
Processed step 330 of 500
Processed step 340 of 500
Processed step 350 of 500
Processed step 360 of 500
Processed step 370 of 500
Processed step 380 of 500
Processed step 390 of 500
Processed step 400 of 500
Processed step 410 of 500
Processed step 420 of 500
Processed step 430 of 500
Processed step 440 of 500
Processed step 450 of 500
Processed step 460 of 500
Processed step 470 of 500
Processed step 480 of 500
Processed step 490 of 500
[2026-10-08 21:29:14,062][agent.finetune.train_ppo_diffusion_agent][INFO] - approx_kl: 0.0, update_epoch: 0, num_batch: 4
[2026-10-08 21:29:16,306][agent.finetune.train_ppo_diffusion_agent][INFO] - approx_kl: 1.4303390116765513e-07, update_epoch: 0, num_batch: 4
[2026-10-08 21:29:18,533][agent.finetune.train_ppo_diffusion_agent][INFO] - approx_kl: 4.994866458218894e-07, update_epoch: 0, num_batch: 4
[2026-10-08 21:29:20,892][agent.finetune.train_ppo_diffusion_agent][INFO] - approx_kl: 9.9243459317222e-07, update_epoch: 0, num_batch: 4
[2026-10-08 21:29:23,049][agent.finetune.train_ppo_diffusion_agent][INFO] - approx_kl: 1.6407767589043942e-06, update_epoch: 1, num_batch: 4
[2026-10-08 21:29:25,285][agent.finetune.train_ppo_diffusion_agent][INFO] - approx_kl: 2.7348844469088363e-06, update_epoch: 1, num_batch: 4
[2026-10-08 21:29:27,524][agent.finetune.train_ppo_diffusion_agent][INFO] - approx_kl: 4.257310592947761e-06, update_epoch: 1, num_batch: 4
[2026-10-08 21:29:29,876][agent.finetune.train_ppo_diffusion_agent][INFO] - approx_kl: 6.120671969256364e-06, update_epoch: 1, num_batch: 4
[2026-10-08 21:29:32,025][agent.finetune.train_ppo_diffusion_agent][INFO] - approx_kl: 7.712086699029896e-06, update_epoch: 2, num_batch: 4
[2026-10-08 21:29:34,269][agent.finetune.train_ppo_diffusion_agent][INFO] - approx_kl: 9.007285370898899e-06, update_epoch: 2, num_batch: 4
[2026-10-08 21:29:36,506][agent.finetune.train_ppo_diffusion_agent][INFO] - approx_kl: 9.796848644327838e-06, update_epoch: 2, num_batch: 4
[2026-10-08 21:29:38,857][agent.finetune.train_ppo_diffusion_agent][INFO] - approx_kl: 1.0775663213280495e-05, update_epoch: 2, num_batch: 4
[2026-10-08 21:29:41,009][agent.finetune.train_ppo_diffusion_agent][INFO] - approx_kl: 1.1110100786027033e-05, update_epoch: 3, num_batch: 4
[2026-10-08 21:29:43,279][agent.finetune.train_ppo_diffusion_agent][INFO] - approx_kl: 1.1812122465926223e-05, update_epoch: 3, num_batch: 4
[2026-10-08 21:29:45,533][agent.finetune.train_ppo_diffusion_agent][INFO] - approx_kl: 1.2363436326268129e-05, update_epoch: 3, num_batch: 4
[2026-10-08 21:29:47,880][agent.finetune.train_ppo_diffusion_agent][INFO] - approx_kl: 1.3226308510638773e-05, update_epoch: 3, num_batch: 4
[2026-10-08 21:29:50,035][agent.finetune.train_ppo_diffusion_agent][INFO] - approx_kl: 1.3742565897700842e-05, update_epoch: 4, num_batch: 4
[2026-10-08 21:29:52,295][agent.finetune.train_ppo_diffusion_agent][INFO] - approx_kl: 1.424099627911346e-05, update_epoch: 4, num_batch: 4
[2026-10-08 21:29:54,541][agent.finetune.train_ppo_diffusion_agent][INFO] - approx_kl: 1.4859285329293925e-05, update_epoch: 4, num_batch: 4
[2026-10-08 21:29:56,901][agent.finetune.train_ppo_diffusion_agent][INFO] - approx_kl: 1.546675048302859e-05, update_epoch: 4, num_batch: 4
[2026-10-08 21:29:56,907][agent.finetune.train_ppo_diffusion_agent][INFO] - 99: step  7200000 | loss   0.0559 | pg loss  -0.0004 | value loss   0.1126 | bc loss   0.0000 | reward 4331.6204 | eta   1.0000 | t: 57.5331
Processed step 0 of 500
Processed step 10 of 500
Processed step 20 of 500
Processed step 30 of 500
Processed step 40 of 500
Processed step 50 of 500
Processed step 60 of 500
Processed step 70 of 500
Processed step 80 of 500
Processed step 90 of 500
Processed step 100 of 500
Processed step 110 of 500
Processed step 120 of 500
Processed step 130 of 500
Processed step 140 of 500
Processed step 150 of 500
Processed step 160 of 500
Processed step 170 of 500
Processed step 180 of 500
Processed step 190 of 500
Processed step 200 of 500
Processed step 210 of 500
Processed step 220 of 500
Processed step 230 of 500
Processed step 240 of 500
Processed step 250 of 500
Processed step 260 of 500
Processed step 270 of 500
Processed step 280 of 500
Processed step 290 of 500
Processed step 300 of 500
Processed step 310 of 500
Processed step 320 of 500
Processed step 330 of 500
Processed step 340 of 500
Processed step 350 of 500
Processed step 360 of 500
Processed step 370 of 500
Processed step 380 of 500
Processed step 390 of 500
Processed step 400 of 500
Processed step 410 of 500
Processed step 420 of 500
Processed step 430 of 500
Processed step 440 of 500
Processed step 450 of 500
Processed step 460 of 500
Processed step 470 of 500
Processed step 480 of 500
Processed step 490 of 500
[2026-10-08 21:30:09,741][agent.finetune.train_ppo_diffusion_agent][INFO] - eval: success rate   1.0000 | avg episode reward 4619.4439 | avg best reward   6.5275
Processed step 0 of 500
Processed step 10 of 500
Processed step 20 of 500
Processed step 30 of 500
Processed step 40 of 500
Processed step 50 of 500
Processed step 60 of 500
Processed step 70 of 500
Processed step 80 of 500
Processed step 90 of 500
Processed step 100 of 500
Processed step 110 of 500
Processed step 120 of 500
Processed step 130 of 500
Processed step 140 of 500
Processed step 150 of 500
Processed step 160 of 500
Processed step 170 of 500
Processed step 180 of 500
Processed step 190 of 500
Processed step 200 of 500
Processed step 210 of 500
Processed step 220 of 500
Processed step 230 of 500
Processed step 240 of 500
Processed step 250 of 500
Processed step 260 of 500
Processed step 270 of 500
Processed step 280 of 500
Processed step 290 of 500
Processed step 300 of 500
Processed step 310 of 500
Processed step 320 of 500
Processed step 330 of 500
Processed step 340 of 500
Processed step 350 of 500
Processed step 360 of 500
Processed step 370 of 500
Processed step 380 of 500
Processed step 390 of 500
Processed step 400 of 500
Processed step 410 of 500
Processed step 420 of 500
Processed step 430 of 500
Processed step 440 of 500
Processed step 450 of 500
Processed step 460 of 500
Processed step 470 of 500
Processed step 480 of 500
Processed step 490 of 500
[2026-10-08 21:30:24,870][agent.finetune.train_ppo_diffusion_agent][INFO] - approx_kl: 0.0, update_epoch: 0, num_batch: 4
[2026-10-08 21:30:27,119][agent.finetune.train_ppo_diffusion_agent][INFO] - approx_kl: 2.4609551019239007e-07, update_epoch: 0, num_batch: 4
[2026-10-08 21:30:29,347][agent.finetune.train_ppo_diffusion_agent][INFO] - approx_kl: 9.187338037008885e-07, update_epoch: 0, num_batch: 4
[2026-10-08 21:30:31,688][agent.finetune.train_ppo_diffusion_agent][INFO] - approx_kl: 1.9085862277279375e-06, update_epoch: 0, num_batch: 4
[2026-10-08 21:30:33,821][agent.finetune.train_ppo_diffusion_agent][INFO] - approx_kl: 3.090431619057199e-06, update_epoch: 1, num_batch: 4
[2026-10-08 21:30:36,064][agent.finetune.train_ppo_diffusion_agent][INFO] - approx_kl: 4.471024112717714e-06, update_epoch: 1, num_batch: 4
[2026-10-08 21:30:38,283][agent.finetune.train_ppo_diffusion_agent][INFO] - approx_kl: 6.227419362403452e-06, update_epoch: 1, num_batch: 4
[2026-10-08 21:30:40,613][agent.finetune.train_ppo_diffusion_agent][INFO] - approx_kl: 7.738537533441558e-06, update_epoch: 1, num_batch: 4
[2026-10-08 21:30:42,742][agent.finetune.train_ppo_diffusion_agent][INFO] - approx_kl: 8.607231393398251e-06, update_epoch: 2, num_batch: 4
[2026-10-08 21:30:44,965][agent.finetune.train_ppo_diffusion_agent][INFO] - approx_kl: 9.552903065923601e-06, update_epoch: 2, num_batch: 4
[2026-10-08 21:30:47,191][agent.finetune.train_ppo_diffusion_agent][INFO] - approx_kl: 1.049053025781177e-05, update_epoch: 2, num_batch: 4
[2026-10-08 21:30:49,536][agent.finetune.train_ppo_diffusion_agent][INFO] - approx_kl: 1.0979044418490957e-05, update_epoch: 2, num_batch: 4
[2026-10-08 21:30:51,673][agent.finetune.train_ppo_diffusion_agent][INFO] - approx_kl: 1.140952099376591e-05, update_epoch: 3, num_batch: 4
[2026-10-08 21:30:53,885][agent.finetune.train_ppo_diffusion_agent][INFO] - approx_kl: 1.1565836757654324e-05, update_epoch: 3, num_batch: 4
[2026-10-08 21:30:56,106][agent.finetune.train_ppo_diffusion_agent][INFO] - approx_kl: 1.1814322533609811e-05, update_epoch: 3, num_batch: 4
[2026-10-08 21:30:58,446][agent.finetune.train_ppo_diffusion_agent][INFO] - approx_kl: 1.2292781320866197e-05, update_epoch: 3, num_batch: 4
[2026-10-08 21:31:00,577][agent.finetune.train_ppo_diffusion_agent][INFO] - approx_kl: 1.2757524018525146e-05, update_epoch: 4, num_batch: 4
[2026-10-08 21:31:02,797][agent.finetune.train_ppo_diffusion_agent][INFO] - approx_kl: 1.3298220437718555e-05, update_epoch: 4, num_batch: 4
[2026-10-08 21:31:05,024][agent.finetune.train_ppo_diffusion_agent][INFO] - approx_kl: 1.3864929314877372e-05, update_epoch: 4, num_batch: 4
[2026-10-08 21:31:07,387][agent.finetune.train_ppo_diffusion_agent][INFO] - approx_kl: 1.4715499673911836e-05, update_epoch: 4, num_batch: 4
[2026-10-08 21:31:07,394][agent.finetune.train_ppo_diffusion_agent][INFO] - 101: step  7280000 | loss   0.0559 | pg loss  -0.0006 | value loss   0.1130 | bc loss   0.0000 | reward 4360.4652 | eta   1.0000 | t: 57.6528
Processed step 0 of 500
Processed step 10 of 500
Processed step 20 of 500
Processed step 30 of 500
Processed step 40 of 500
Processed step 50 of 500
Processed step 60 of 500
Processed step 70 of 500
Processed step 80 of 500
Processed step 90 of 500
Processed step 100 of 500
Processed step 110 of 500
Processed step 120 of 500
Processed step 130 of 500
Processed step 140 of 500
Processed step 150 of 500
Processed step 160 of 500
Processed step 170 of 500
Processed step 180 of 500
Processed step 190 of 500
Processed step 200 of 500
Processed step 210 of 500
Processed step 220 of 500
Processed step 230 of 500
Processed step 240 of 500
Processed step 250 of 500
Processed step 260 of 500
Processed step 270 of 500
Processed step 280 of 500
Processed step 290 of 500
Processed step 300 of 500
Processed step 310 of 500
Processed step 320 of 500
Processed step 330 of 500
Processed step 340 of 500
Processed step 350 of 500
Processed step 360 of 500
Processed step 370 of 500
Processed step 380 of 500
Processed step 390 of 500
Processed step 400 of 500
Processed step 410 of 500
Processed step 420 of 500
Processed step 430 of 500
Processed step 440 of 500
Processed step 450 of 500
Processed step 460 of 500
Processed step 470 of 500
Processed step 480 of 500
Processed step 490 of 500
[2026-10-08 21:31:22,038][agent.finetune.train_ppo_diffusion_agent][INFO] - approx_kl: 0.0, update_epoch: 0, num_batch: 4
[2026-10-08 21:31:24,243][agent.finetune.train_ppo_diffusion_agent][INFO] - approx_kl: 2.1091874202738836e-07, update_epoch: 0, num_batch: 4
[2026-10-08 21:31:26,460][agent.finetune.train_ppo_diffusion_agent][INFO] - approx_kl: 7.696716011196258e-07, update_epoch: 0, num_batch: 4
[2026-10-08 21:31:28,779][agent.finetune.train_ppo_diffusion_agent][INFO] - approx_kl: 1.5108762454474345e-06, update_epoch: 0, num_batch: 4
[2026-10-08 21:31:30,900][agent.finetune.train_ppo_diffusion_agent][INFO] - approx_kl: 2.901324478443712e-06, update_epoch: 1, num_batch: 4
[2026-10-08 21:31:33,104][agent.finetune.train_ppo_diffusion_agent][INFO] - approx_kl: 5.070287443231791e-06, update_epoch: 1, num_batch: 4
[2026-10-08 21:31:35,327][agent.finetune.train_ppo_diffusion_agent][INFO] - approx_kl: 6.890969871164998e-06, update_epoch: 1, num_batch: 4
[2026-10-08 21:31:37,691][agent.finetune.train_ppo_diffusion_agent][INFO] - approx_kl: 8.194727342925034e-06, update_epoch: 1, num_batch: 4
[2026-10-08 21:31:39,810][agent.finetune.train_ppo_diffusion_agent][INFO] - approx_kl: 8.420454832958058e-06, update_epoch: 2, num_batch: 4
[2026-10-08 21:31:42,039][agent.finetune.train_ppo_diffusion_agent][INFO] - approx_kl: 8.424213774560485e-06, update_epoch: 2, num_batch: 4
[2026-10-08 21:31:44,262][agent.finetune.train_ppo_diffusion_agent][INFO] - approx_kl: 8.92988100531511e-06, update_epoch: 2, num_batch: 4
[2026-10-08 21:31:46,571][agent.finetune.train_ppo_diffusion_agent][INFO] - approx_kl: 1.0125662811333314e-05, update_epoch: 2, num_batch: 4
[2026-10-08 21:31:48,696][agent.finetune.train_ppo_diffusion_agent][INFO] - approx_kl: 1.1884781997650862e-05, update_epoch: 3, num_batch: 4
[2026-10-08 21:31:50,904][agent.finetune.train_ppo_diffusion_agent][INFO] - approx_kl: 1.298324150411645e-05, update_epoch: 3, num_batch: 4
[2026-10-08 21:31:53,107][agent.finetune.train_ppo_diffusion_agent][INFO] - approx_kl: 1.3747681805398315e-05, update_epoch: 3, num_batch: 4
[2026-10-08 21:31:55,431][agent.finetune.train_ppo_diffusion_agent][INFO] - approx_kl: 1.4003057003719732e-05, update_epoch: 3, num_batch: 4
[2026-10-08 21:31:57,552][agent.finetune.train_ppo_diffusion_agent][INFO] - approx_kl: 1.4557020222127903e-05, update_epoch: 4, num_batch: 4
[2026-10-08 21:31:59,791][agent.finetune.train_ppo_diffusion_agent][INFO] - approx_kl: 1.5473215171368793e-05, update_epoch: 4, num_batch: 4
[2026-10-08 21:32:02,010][agent.finetune.train_ppo_diffusion_agent][INFO] - approx_kl: 1.589965722814668e-05, update_epoch: 4, num_batch: 4
[2026-10-08 21:32:04,329][agent.finetune.train_ppo_diffusion_agent][INFO] - approx_kl: 1.60359177243663e-05, update_epoch: 4, num_batch: 4
[2026-10-08 21:32:04,336][agent.finetune.train_ppo_diffusion_agent][INFO] - 102: step  7360000 | loss   0.0556 | pg loss  -0.0004 | value loss   0.1121 | bc loss   0.0000 | reward 4242.4233 | eta   1.0000 | t: 56.9419
Processed step 0 of 500
Processed step 10 of 500
Processed step 20 of 500
Processed step 30 of 500
Processed step 40 of 500
Processed step 50 of 500
Processed step 60 of 500
Processed step 70 of 500
Processed step 80 of 500
Processed step 90 of 500
Processed step 100 of 500
Processed step 110 of 500
Processed step 120 of 500
Processed step 130 of 500
Processed step 140 of 500
Processed step 150 of 500
Processed step 160 of 500
Processed step 170 of 500
Processed step 180 of 500
Processed step 190 of 500
Processed step 200 of 500
Processed step 210 of 500
Processed step 220 of 500
Processed step 230 of 500
Processed step 240 of 500
Processed step 250 of 500
Processed step 260 of 500
Processed step 270 of 500
Processed step 280 of 500
Processed step 290 of 500
Processed step 300 of 500
Processed step 310 of 500
Processed step 320 of 500
Processed step 330 of 500
Processed step 340 of 500
Processed step 350 of 500
Processed step 360 of 500
Processed step 370 of 500
Processed step 380 of 500
Processed step 390 of 500
Processed step 400 of 500
Processed step 410 of 500
Processed step 420 of 500
Processed step 430 of 500
Processed step 440 of 500
Processed step 450 of 500
Processed step 460 of 500
Processed step 470 of 500
Processed step 480 of 500
Processed step 490 of 500
[2026-10-08 21:32:18,943][agent.finetune.train_ppo_diffusion_agent][INFO] - approx_kl: 0.0, update_epoch: 0, num_batch: 4
[2026-10-08 21:32:21,169][agent.finetune.train_ppo_diffusion_agent][INFO] - approx_kl: 2.6206160441688553e-07, update_epoch: 0, num_batch: 4
[2026-10-08 21:32:23,502][agent.finetune.train_ppo_diffusion_agent][INFO] - approx_kl: 9.922196113620885e-07, update_epoch: 0, num_batch: 4
[2026-10-08 21:32:25,613][agent.finetune.train_ppo_diffusion_agent][INFO] - approx_kl: 2.019339490288985e-06, update_epoch: 0, num_batch: 4
[2026-10-08 21:32:27,848][agent.finetune.train_ppo_diffusion_agent][INFO] - approx_kl: 3.16159662361315e-06, update_epoch: 1, num_batch: 4
[2026-10-08 21:32:30,079][agent.finetune.train_ppo_diffusion_agent][INFO] - approx_kl: 4.303141849959502e-06, update_epoch: 1, num_batch: 4
[2026-10-08 21:32:32,416][agent.finetune.train_ppo_diffusion_agent][INFO] - approx_kl: 5.722893547499552e-06, update_epoch: 1, num_batch: 4
[2026-10-08 21:32:34,534][agent.finetune.train_ppo_diffusion_agent][INFO] - approx_kl: 6.896380000398494e-06, update_epoch: 1, num_batch: 4
[2026-10-08 21:32:36,759][agent.finetune.train_ppo_diffusion_agent][INFO] - approx_kl: 8.0125464592129e-06, update_epoch: 2, num_batch: 4
[2026-10-08 21:32:38,996][agent.finetune.train_ppo_diffusion_agent][INFO] - approx_kl: 9.451985533814877e-06, update_epoch: 2, num_batch: 4
[2026-10-08 21:32:41,329][agent.finetune.train_ppo_diffusion_agent][INFO] - approx_kl: 1.0640879736456554e-05, update_epoch: 2, num_batch: 4
[2026-10-08 21:32:43,446][agent.finetune.train_ppo_diffusion_agent][INFO] - approx_kl: 1.1336397619743366e-05, update_epoch: 2, num_batch: 4
[2026-10-08 21:32:45,665][agent.finetune.train_ppo_diffusion_agent][INFO] - approx_kl: 1.1562799045350403e-05, update_epoch: 3, num_batch: 4
[2026-10-08 21:32:47,888][agent.finetune.train_ppo_diffusion_agent][INFO] - approx_kl: 1.1473032827780116e-05, update_epoch: 3, num_batch: 4
[2026-10-08 21:32:50,230][agent.finetune.train_ppo_diffusion_agent][INFO] - approx_kl: 1.1528856703080237e-05, update_epoch: 3, num_batch: 4
[2026-10-08 21:32:52,353][agent.finetune.train_ppo_diffusion_agent][INFO] - approx_kl: 1.1793596058851108e-05, update_epoch: 3, num_batch: 4
[2026-10-08 21:32:54,562][agent.finetune.train_ppo_diffusion_agent][INFO] - approx_kl: 1.2404788321873639e-05, update_epoch: 4, num_batch: 4
[2026-10-08 21:32:56,776][agent.finetune.train_ppo_diffusion_agent][INFO] - approx_kl: 1.3017854143981822e-05, update_epoch: 4, num_batch: 4
[2026-10-08 21:32:59,124][agent.finetune.train_ppo_diffusion_agent][INFO] - approx_kl: 1.3746269360126462e-05, update_epoch: 4, num_batch: 4
[2026-10-08 21:33:01,254][agent.finetune.train_ppo_diffusion_agent][INFO] - approx_kl: 1.4458739315159619e-05, update_epoch: 4, num_batch: 4
[2026-10-08 21:33:01,261][agent.finetune.train_ppo_diffusion_agent][INFO] - 103: step  7440000 | loss   0.0572 | pg loss  -0.0005 | value loss   0.1153 | bc loss   0.0000 | reward 4365.7713 | eta   1.0000 | t: 56.9250
Processed step 0 of 500
Processed step 10 of 500
Processed step 20 of 500
Processed step 30 of 500
Processed step 40 of 500
Processed step 50 of 500
Processed step 60 of 500
Processed step 70 of 500
Processed step 80 of 500
Processed step 90 of 500
Processed step 100 of 500
Processed step 110 of 500
Processed step 120 of 500
Processed step 130 of 500
Processed step 140 of 500
Processed step 150 of 500
Processed step 160 of 500
Processed step 170 of 500
Processed step 180 of 500
Processed step 190 of 500
Processed step 200 of 500
Processed step 210 of 500
Processed step 220 of 500
Processed step 230 of 500
Processed step 240 of 500
Processed step 250 of 500
Processed step 260 of 500
Processed step 270 of 500
Processed step 280 of 500
Processed step 290 of 500
Processed step 300 of 500
Processed step 310 of 500
Processed step 320 of 500
Processed step 330 of 500
Processed step 340 of 500
Processed step 350 of 500
Processed step 360 of 500
Processed step 370 of 500
Processed step 380 of 500
Processed step 390 of 500
Processed step 400 of 500
Processed step 410 of 500
Processed step 420 of 500
Processed step 430 of 500
Processed step 440 of 500
Processed step 450 of 500
Processed step 460 of 500
Processed step 470 of 500
Processed step 480 of 500
Processed step 490 of 500
[2026-10-08 21:33:15,963][agent.finetune.train_ppo_diffusion_agent][INFO] - approx_kl: 0.0, update_epoch: 0, num_batch: 4
[2026-10-08 21:33:18,164][agent.finetune.train_ppo_diffusion_agent][INFO] - approx_kl: 1.8531918044573104e-07, update_epoch: 0, num_batch: 4
[2026-10-08 21:33:20,469][agent.finetune.train_ppo_diffusion_agent][INFO] - approx_kl: 7.51530819798063e-07, update_epoch: 0, num_batch: 4
[2026-10-08 21:33:22,577][agent.finetune.train_ppo_diffusion_agent][INFO] - approx_kl: 1.7888775118990452e-06, update_epoch: 0, num_batch: 4
[2026-10-08 21:33:24,793][agent.finetune.train_ppo_diffusion_agent][INFO] - approx_kl: 3.2210884910455206e-06, update_epoch: 1, num_batch: 4
[2026-10-08 21:33:27,005][agent.finetune.train_ppo_diffusion_agent][INFO] - approx_kl: 5.4057636589277536e-06, update_epoch: 1, num_batch: 4
[2026-10-08 21:33:29,348][agent.finetune.train_ppo_diffusion_agent][INFO] - approx_kl: 7.558768174931174e-06, update_epoch: 1, num_batch: 4
[2026-10-08 21:33:31,470][agent.finetune.train_ppo_diffusion_agent][INFO] - approx_kl: 9.198300176649354e-06, update_epoch: 1, num_batch: 4
[2026-10-08 21:33:33,706][agent.finetune.train_ppo_diffusion_agent][INFO] - approx_kl: 9.892270099953748e-06, update_epoch: 2, num_batch: 4
[2026-10-08 21:33:35,921][agent.finetune.train_ppo_diffusion_agent][INFO] - approx_kl: 9.219316780217923e-06, update_epoch: 2, num_batch: 4
[2026-10-08 21:33:38,256][agent.finetune.train_ppo_diffusion_agent][INFO] - approx_kl: 8.637169230496511e-06, update_epoch: 2, num_batch: 4
[2026-10-08 21:33:40,374][agent.finetune.train_ppo_diffusion_agent][INFO] - approx_kl: 8.314007573062554e-06, update_epoch: 2, num_batch: 4
[2026-10-08 21:33:42,596][agent.finetune.train_ppo_diffusion_agent][INFO] - approx_kl: 8.654990779177751e-06, update_epoch: 3, num_batch: 4
[2026-10-08 21:33:44,798][agent.finetune.train_ppo_diffusion_agent][INFO] - approx_kl: 9.144968316832092e-06, update_epoch: 3, num_batch: 4
[2026-10-08 21:33:47,130][agent.finetune.train_ppo_diffusion_agent][INFO] - approx_kl: 1.0303278031642549e-05, update_epoch: 3, num_batch: 4
[2026-10-08 21:33:49,252][agent.finetune.train_ppo_diffusion_agent][INFO] - approx_kl: 1.1205389455426484e-05, update_epoch: 3, num_batch: 4
[2026-10-08 21:33:51,458][agent.finetune.train_ppo_diffusion_agent][INFO] - approx_kl: 1.1830987205030397e-05, update_epoch: 4, num_batch: 4
[2026-10-08 21:33:53,655][agent.finetune.train_ppo_diffusion_agent][INFO] - approx_kl: 1.267659172299318e-05, update_epoch: 4, num_batch: 4
[2026-10-08 21:33:55,978][agent.finetune.train_ppo_diffusion_agent][INFO] - approx_kl: 1.338130186923081e-05, update_epoch: 4, num_batch: 4
[2026-10-08 21:33:58,109][agent.finetune.train_ppo_diffusion_agent][INFO] - approx_kl: 1.42591761687072e-05, update_epoch: 4, num_batch: 4
[2026-10-08 21:33:58,116][agent.finetune.train_ppo_diffusion_agent][INFO] - 104: step  7520000 | loss   0.0552 | pg loss  -0.0007 | value loss   0.1117 | bc loss   0.0000 | reward 4270.1752 | eta   1.0000 | t: 56.8551
Processed step 0 of 500
Processed step 10 of 500
Processed step 20 of 500
Processed step 30 of 500
Processed step 40 of 500
Processed step 50 of 500
Processed step 60 of 500
Processed step 70 of 500
Processed step 80 of 500
Processed step 90 of 500
Processed step 100 of 500
Processed step 110 of 500
Processed step 120 of 500
Processed step 130 of 500
Processed step 140 of 500
Processed step 150 of 500
Processed step 160 of 500
Processed step 170 of 500
Processed step 180 of 500
Processed step 190 of 500
Processed step 200 of 500
Processed step 210 of 500
Processed step 220 of 500
Processed step 230 of 500
Processed step 240 of 500
Processed step 250 of 500
Processed step 260 of 500
Processed step 270 of 500
Processed step 280 of 500
Processed step 290 of 500
Processed step 300 of 500
Processed step 310 of 500
Processed step 320 of 500
Processed step 330 of 500
Processed step 340 of 500
Processed step 350 of 500
Processed step 360 of 500
Processed step 370 of 500
Processed step 380 of 500
Processed step 390 of 500
Processed step 400 of 500
Processed step 410 of 500
Processed step 420 of 500
Processed step 430 of 500
Processed step 440 of 500
Processed step 450 of 500
Processed step 460 of 500
Processed step 470 of 500
Processed step 480 of 500
Processed step 490 of 500
[2026-10-08 21:34:12,895][agent.finetune.train_ppo_diffusion_agent][INFO] - approx_kl: 0.0, update_epoch: 0, num_batch: 4
[2026-10-08 21:34:15,106][agent.finetune.train_ppo_diffusion_agent][INFO] - approx_kl: 1.4952070159779396e-07, update_epoch: 0, num_batch: 4
[2026-10-08 21:34:17,421][agent.finetune.train_ppo_diffusion_agent][INFO] - approx_kl: 5.860462124473997e-07, update_epoch: 0, num_batch: 4
[2026-10-08 21:34:19,529][agent.finetune.train_ppo_diffusion_agent][INFO] - approx_kl: 1.2864386462752009e-06, update_epoch: 0, num_batch: 4
[2026-10-08 21:34:21,750][agent.finetune.train_ppo_diffusion_agent][INFO] - approx_kl: 2.174767359974794e-06, update_epoch: 1, num_batch: 4
[2026-10-08 21:34:24,071][agent.finetune.train_ppo_diffusion_agent][INFO] - approx_kl: 3.6472861211223062e-06, update_epoch: 1, num_batch: 4
[2026-10-08 21:34:26,186][agent.finetune.train_ppo_diffusion_agent][INFO] - approx_kl: 5.322709967003902e-06, update_epoch: 1, num_batch: 4
[2026-10-08 21:34:28,397][agent.finetune.train_ppo_diffusion_agent][INFO] - approx_kl: 7.143764378270134e-06, update_epoch: 1, num_batch: 4
[2026-10-08 21:34:30,621][agent.finetune.train_ppo_diffusion_agent][INFO] - approx_kl: 8.741390047362074e-06, update_epoch: 2, num_batch: 4
[2026-10-08 21:34:32,929][agent.finetune.train_ppo_diffusion_agent][INFO] - approx_kl: 9.266762390325312e-06, update_epoch: 2, num_batch: 4
[2026-10-08 21:34:35,043][agent.finetune.train_ppo_diffusion_agent][INFO] - approx_kl: 9.107857295020949e-06, update_epoch: 2, num_batch: 4
[2026-10-08 21:34:37,251][agent.finetune.train_ppo_diffusion_agent][INFO] - approx_kl: 9.061580385605339e-06, update_epoch: 2, num_batch: 4
[2026-10-08 21:34:39,438][agent.finetune.train_ppo_diffusion_agent][INFO] - approx_kl: 9.2769651018898e-06, update_epoch: 3, num_batch: 4
[2026-10-08 21:34:41,756][agent.finetune.train_ppo_diffusion_agent][INFO] - approx_kl: 9.763707566889934e-06, update_epoch: 3, num_batch: 4
[2026-10-08 21:34:43,870][agent.finetune.train_ppo_diffusion_agent][INFO] - approx_kl: 1.0659035979188047e-05, update_epoch: 3, num_batch: 4
[2026-10-08 21:34:46,085][agent.finetune.train_ppo_diffusion_agent][INFO] - approx_kl: 1.1381403055565897e-05, update_epoch: 3, num_batch: 4
[2026-10-08 21:34:48,297][agent.finetune.train_ppo_diffusion_agent][INFO] - approx_kl: 1.2312500075495336e-05, update_epoch: 4, num_batch: 4
[2026-10-08 21:34:50,622][agent.finetune.train_ppo_diffusion_agent][INFO] - approx_kl: 1.2873652849521022e-05, update_epoch: 4, num_batch: 4
[2026-10-08 21:34:52,734][agent.finetune.train_ppo_diffusion_agent][INFO] - approx_kl: 1.3628379747387953e-05, update_epoch: 4, num_batch: 4
[2026-10-08 21:34:54,937][agent.finetune.train_ppo_diffusion_agent][INFO] - approx_kl: 1.4513766473100986e-05, update_epoch: 4, num_batch: 4
[2026-10-08 21:34:54,965][agent.finetune.train_agent][INFO] - Saved model to /soalnas/share/data/zbao7/diffusion_policy/results/repro_halfcheetah/dppo/log/gym-finetune/halfcheetah-medium-v2_ppo_diffusion_mlp_ta4_td20_tdf10/2026-10-08_20-01-32_0/checkpoint/state_105.pt
[2026-10-08 21:34:54,965][agent.finetune.train_ppo_diffusion_agent][INFO] - 105: step  7600000 | loss   0.0565 | pg loss  -0.0004 | value loss   0.1139 | bc loss   0.0000 | reward 4444.2575 | eta   1.0000 | t: 56.8493
Processed step 0 of 500
Processed step 10 of 500
Processed step 20 of 500
Processed step 30 of 500
Processed step 40 of 500
Processed step 50 of 500
Processed step 60 of 500
Processed step 70 of 500
Processed step 80 of 500
Processed step 90 of 500
Processed step 100 of 500
Processed step 110 of 500
Processed step 120 of 500
Processed step 130 of 500
Processed step 140 of 500
Processed step 150 of 500
Processed step 160 of 500
Processed step 170 of 500
Processed step 180 of 500
Processed step 190 of 500
Processed step 200 of 500
Processed step 210 of 500
Processed step 220 of 500
Processed step 230 of 500
Processed step 240 of 500
Processed step 250 of 500
Processed step 260 of 500
Processed step 270 of 500
Processed step 280 of 500
Processed step 290 of 500
Processed step 300 of 500
Processed step 310 of 500
Processed step 320 of 500
Processed step 330 of 500
Processed step 340 of 500
Processed step 350 of 500
Processed step 360 of 500
Processed step 370 of 500
Processed step 380 of 500
Processed step 390 of 500
Processed step 400 of 500
Processed step 410 of 500
Processed step 420 of 500
Processed step 430 of 500
Processed step 440 of 500
Processed step 450 of 500
Processed step 460 of 500
Processed step 470 of 500
Processed step 480 of 500
Processed step 490 of 500
[2026-10-08 21:35:09,719][agent.finetune.train_ppo_diffusion_agent][INFO] - approx_kl: 0.0, update_epoch: 0, num_batch: 4
[2026-10-08 21:35:12,092][agent.finetune.train_ppo_diffusion_agent][INFO] - approx_kl: 2.1285049456309935e-07, update_epoch: 0, num_batch: 4
[2026-10-08 21:35:14,242][agent.finetune.train_ppo_diffusion_agent][INFO] - approx_kl: 7.407525686176086e-07, update_epoch: 0, num_batch: 4
[2026-10-08 21:35:16,467][agent.finetune.train_ppo_diffusion_agent][INFO] - approx_kl: 1.3169280919100856e-06, update_epoch: 0, num_batch: 4
[2026-10-08 21:35:18,689][agent.finetune.train_ppo_diffusion_agent][INFO] - approx_kl: 2.0426680293894606e-06, update_epoch: 1, num_batch: 4
[2026-10-08 21:35:21,042][agent.finetune.train_ppo_diffusion_agent][INFO] - approx_kl: 2.9428081234073034e-06, update_epoch: 1, num_batch: 4
[2026-10-08 21:35:23,189][agent.finetune.train_ppo_diffusion_agent][INFO] - approx_kl: 4.116979198443005e-06, update_epoch: 1, num_batch: 4
[2026-10-08 21:35:25,428][agent.finetune.train_ppo_diffusion_agent][INFO] - approx_kl: 5.787281224911567e-06, update_epoch: 1, num_batch: 4
[2026-10-08 21:35:27,659][agent.finetune.train_ppo_diffusion_agent][INFO] - approx_kl: 7.093680778780254e-06, update_epoch: 2, num_batch: 4
[2026-10-08 21:35:29,999][agent.finetune.train_ppo_diffusion_agent][INFO] - approx_kl: 8.393885764235165e-06, update_epoch: 2, num_batch: 4
[2026-10-08 21:35:32,175][agent.finetune.train_ppo_diffusion_agent][INFO] - approx_kl: 9.484486326982733e-06, update_epoch: 2, num_batch: 4
[2026-10-08 21:35:34,417][agent.finetune.train_ppo_diffusion_agent][INFO] - approx_kl: 1.0053086043626536e-05, update_epoch: 2, num_batch: 4
[2026-10-08 21:35:36,657][agent.finetune.train_ppo_diffusion_agent][INFO] - approx_kl: 1.0687510439311154e-05, update_epoch: 3, num_batch: 4
[2026-10-08 21:35:39,021][agent.finetune.train_ppo_diffusion_agent][INFO] - approx_kl: 1.1340214769006707e-05, update_epoch: 3, num_batch: 4
[2026-10-08 21:35:41,169][agent.finetune.train_ppo_diffusion_agent][INFO] - approx_kl: 1.2151853297837079e-05, update_epoch: 3, num_batch: 4
[2026-10-08 21:35:43,415][agent.finetune.train_ppo_diffusion_agent][INFO] - approx_kl: 1.2990863069717307e-05, update_epoch: 3, num_batch: 4
[2026-10-08 21:35:45,671][agent.finetune.train_ppo_diffusion_agent][INFO] - approx_kl: 1.3919549019192345e-05, update_epoch: 4, num_batch: 4
[2026-10-08 21:35:48,035][agent.finetune.train_ppo_diffusion_agent][INFO] - approx_kl: 1.439195875718724e-05, update_epoch: 4, num_batch: 4
[2026-10-08 21:35:50,181][agent.finetune.train_ppo_diffusion_agent][INFO] - approx_kl: 1.5100612472451758e-05, update_epoch: 4, num_batch: 4
[2026-10-08 21:35:52,427][agent.finetune.train_ppo_diffusion_agent][INFO] - approx_kl: 1.5331068425439298e-05, update_epoch: 4, num_batch: 4
[2026-10-08 21:35:52,433][agent.finetune.train_ppo_diffusion_agent][INFO] - 106: step  7680000 | loss   0.0566 | pg loss  -0.0005 | value loss   0.1141 | bc loss   0.0000 | reward 4401.9747 | eta   1.0000 | t: 57.4681
Processed step 0 of 500
Processed step 10 of 500
Processed step 20 of 500
Processed step 30 of 500
Processed step 40 of 500
Processed step 50 of 500
Processed step 60 of 500
Processed step 70 of 500
Processed step 80 of 500
Processed step 90 of 500
Processed step 100 of 500
Processed step 110 of 500
Processed step 120 of 500
Processed step 130 of 500
Processed step 140 of 500
Processed step 150 of 500
Processed step 160 of 500
Processed step 170 of 500
Processed step 180 of 500
Processed step 190 of 500
Processed step 200 of 500
Processed step 210 of 500
Processed step 220 of 500
Processed step 230 of 500
Processed step 240 of 500
Processed step 250 of 500
Processed step 260 of 500
Processed step 270 of 500
Processed step 280 of 500
Processed step 290 of 500
Processed step 300 of 500
Processed step 310 of 500
Processed step 320 of 500
Processed step 330 of 500
Processed step 340 of 500
Processed step 350 of 500
Processed step 360 of 500
Processed step 370 of 500
Processed step 380 of 500
Processed step 390 of 500
Processed step 400 of 500
Processed step 410 of 500
Processed step 420 of 500
Processed step 430 of 500
Processed step 440 of 500
Processed step 450 of 500
Processed step 460 of 500
Processed step 470 of 500
Processed step 480 of 500
Processed step 490 of 500
[2026-10-08 21:36:07,226][agent.finetune.train_ppo_diffusion_agent][INFO] - approx_kl: 0.0, update_epoch: 0, num_batch: 4
[2026-10-08 21:36:09,549][agent.finetune.train_ppo_diffusion_agent][INFO] - approx_kl: 1.649877816589651e-07, update_epoch: 0, num_batch: 4
[2026-10-08 21:36:11,679][agent.finetune.train_ppo_diffusion_agent][INFO] - approx_kl: 5.628588155559555e-07, update_epoch: 0, num_batch: 4
[2026-10-08 21:36:13,891][agent.finetune.train_ppo_diffusion_agent][INFO] - approx_kl: 1.1699277138177422e-06, update_epoch: 0, num_batch: 4
[2026-10-08 21:36:16,112][agent.finetune.train_ppo_diffusion_agent][INFO] - approx_kl: 2.069240053970134e-06, update_epoch: 1, num_batch: 4
[2026-10-08 21:36:18,423][agent.finetune.train_ppo_diffusion_agent][INFO] - approx_kl: 3.2643079066474456e-06, update_epoch: 1, num_batch: 4
[2026-10-08 21:36:20,528][agent.finetune.train_ppo_diffusion_agent][INFO] - approx_kl: 4.78186848340556e-06, update_epoch: 1, num_batch: 4
[2026-10-08 21:36:22,728][agent.finetune.train_ppo_diffusion_agent][INFO] - approx_kl: 6.699359801132232e-06, update_epoch: 1, num_batch: 4
[2026-10-08 21:36:24,934][agent.finetune.train_ppo_diffusion_agent][INFO] - approx_kl: 8.30909630167298e-06, update_epoch: 2, num_batch: 4
[2026-10-08 21:36:27,290][agent.finetune.train_ppo_diffusion_agent][INFO] - approx_kl: 9.056094313564245e-06, update_epoch: 2, num_batch: 4
[2026-10-08 21:36:29,438][agent.finetune.train_ppo_diffusion_agent][INFO] - approx_kl: 9.338023119198624e-06, update_epoch: 2, num_batch: 4
[2026-10-08 21:36:31,666][agent.finetune.train_ppo_diffusion_agent][INFO] - approx_kl: 9.709383448353037e-06, update_epoch: 2, num_batch: 4
[2026-10-08 21:36:33,913][agent.finetune.train_ppo_diffusion_agent][INFO] - approx_kl: 1.0249742445012089e-05, update_epoch: 3, num_batch: 4
[2026-10-08 21:36:36,233][agent.finetune.train_ppo_diffusion_agent][INFO] - approx_kl: 1.1094286492152605e-05, update_epoch: 3, num_batch: 4
[2026-10-08 21:36:38,332][agent.finetune.train_ppo_diffusion_agent][INFO] - approx_kl: 1.221726051880978e-05, update_epoch: 3, num_batch: 4
[2026-10-08 21:36:40,534][agent.finetune.train_ppo_diffusion_agent][INFO] - approx_kl: 1.307510774495313e-05, update_epoch: 3, num_batch: 4
[2026-10-08 21:36:42,753][agent.finetune.train_ppo_diffusion_agent][INFO] - approx_kl: 1.3555786608776543e-05, update_epoch: 4, num_batch: 4
[2026-10-08 21:36:45,089][agent.finetune.train_ppo_diffusion_agent][INFO] - approx_kl: 1.4102209206612315e-05, update_epoch: 4, num_batch: 4
[2026-10-08 21:36:47,207][agent.finetune.train_ppo_diffusion_agent][INFO] - approx_kl: 1.46311967910151e-05, update_epoch: 4, num_batch: 4
[2026-10-08 21:36:49,406][agent.finetune.train_ppo_diffusion_agent][INFO] - approx_kl: 1.5180872651399113e-05, update_epoch: 4, num_batch: 4
[2026-10-08 21:36:49,412][agent.finetune.train_ppo_diffusion_agent][INFO] - 107: step  7760000 | loss   0.0558 | pg loss  -0.0006 | value loss   0.1129 | bc loss   0.0000 | reward 4374.5299 | eta   1.0000 | t: 56.9791
Processed step 0 of 500
Processed step 10 of 500
Processed step 20 of 500
Processed step 30 of 500
Processed step 40 of 500
Processed step 50 of 500
Processed step 60 of 500
Processed step 70 of 500
Processed step 80 of 500
Processed step 90 of 500
Processed step 100 of 500
Processed step 110 of 500
Processed step 120 of 500
Processed step 130 of 500
Processed step 140 of 500
Processed step 150 of 500
Processed step 160 of 500
Processed step 170 of 500
Processed step 180 of 500
Processed step 190 of 500
Processed step 200 of 500
Processed step 210 of 500
Processed step 220 of 500
Processed step 230 of 500
Processed step 240 of 500
Processed step 250 of 500
Processed step 260 of 500
Processed step 270 of 500
Processed step 280 of 500
Processed step 290 of 500
Processed step 300 of 500
Processed step 310 of 500
Processed step 320 of 500
Processed step 330 of 500
Processed step 340 of 500
Processed step 350 of 500
Processed step 360 of 500
Processed step 370 of 500
Processed step 380 of 500
Processed step 390 of 500
Processed step 400 of 500
Processed step 410 of 500
Processed step 420 of 500
Processed step 430 of 500
Processed step 440 of 500
Processed step 450 of 500
Processed step 460 of 500
Processed step 470 of 500
Processed step 480 of 500
Processed step 490 of 500
[2026-10-08 21:37:04,158][agent.finetune.train_ppo_diffusion_agent][INFO] - approx_kl: 0.0, update_epoch: 0, num_batch: 4
[2026-10-08 21:37:06,490][agent.finetune.train_ppo_diffusion_agent][INFO] - approx_kl: 1.8818106184426142e-07, update_epoch: 0, num_batch: 4
[2026-10-08 21:37:08,610][agent.finetune.train_ppo_diffusion_agent][INFO] - approx_kl: 6.021309673087671e-07, update_epoch: 0, num_batch: 4
[2026-10-08 21:37:10,824][agent.finetune.train_ppo_diffusion_agent][INFO] - approx_kl: 1.2766140571329743e-06, update_epoch: 0, num_batch: 4
[2026-10-08 21:37:13,039][agent.finetune.train_ppo_diffusion_agent][INFO] - approx_kl: 2.164471652577049e-06, update_epoch: 1, num_batch: 4
[2026-10-08 21:37:15,346][agent.finetune.train_ppo_diffusion_agent][INFO] - approx_kl: 3.684164767037146e-06, update_epoch: 1, num_batch: 4
[2026-10-08 21:37:17,452][agent.finetune.train_ppo_diffusion_agent][INFO] - approx_kl: 5.575110662903171e-06, update_epoch: 1, num_batch: 4
[2026-10-08 21:37:19,657][agent.finetune.train_ppo_diffusion_agent][INFO] - approx_kl: 7.716032996540889e-06, update_epoch: 1, num_batch: 4
[2026-10-08 21:37:21,867][agent.finetune.train_ppo_diffusion_agent][INFO] - approx_kl: 9.321783181803767e-06, update_epoch: 2, num_batch: 4
[2026-10-08 21:37:24,184][agent.finetune.train_ppo_diffusion_agent][INFO] - approx_kl: 1.0497280527488329e-05, update_epoch: 2, num_batch: 4
[2026-10-08 21:37:26,278][agent.finetune.train_ppo_diffusion_agent][INFO] - approx_kl: 1.1084856851084623e-05, update_epoch: 2, num_batch: 4
[2026-10-08 21:37:28,490][agent.finetune.train_ppo_diffusion_agent][INFO] - approx_kl: 1.0962114174617454e-05, update_epoch: 2, num_batch: 4
[2026-10-08 21:37:30,690][agent.finetune.train_ppo_diffusion_agent][INFO] - approx_kl: 1.1044669008697383e-05, update_epoch: 3, num_batch: 4
[2026-10-08 21:37:32,998][agent.finetune.train_ppo_diffusion_agent][INFO] - approx_kl: 1.0957711310766172e-05, update_epoch: 3, num_batch: 4
[2026-10-08 21:37:35,149][agent.finetune.train_ppo_diffusion_agent][INFO] - approx_kl: 1.1590955182327889e-05, update_epoch: 3, num_batch: 4
[2026-10-08 21:37:37,342][agent.finetune.train_ppo_diffusion_agent][INFO] - approx_kl: 1.2263507414900232e-05, update_epoch: 3, num_batch: 4
[2026-10-08 21:37:39,544][agent.finetune.train_ppo_diffusion_agent][INFO] - approx_kl: 1.2713782780338079e-05, update_epoch: 4, num_batch: 4
[2026-10-08 21:37:41,851][agent.finetune.train_ppo_diffusion_agent][INFO] - approx_kl: 1.3565908375312574e-05, update_epoch: 4, num_batch: 4
[2026-10-08 21:37:43,964][agent.finetune.train_ppo_diffusion_agent][INFO] - approx_kl: 1.4295617802417837e-05, update_epoch: 4, num_batch: 4
[2026-10-08 21:37:46,178][agent.finetune.train_ppo_diffusion_agent][INFO] - approx_kl: 1.470734514441574e-05, update_epoch: 4, num_batch: 4
[2026-10-08 21:37:46,185][agent.finetune.train_ppo_diffusion_agent][INFO] - 108: step  7840000 | loss   0.0563 | pg loss  -0.0004 | value loss   0.1133 | bc loss   0.0000 | reward 4333.4914 | eta   1.0000 | t: 56.7727
Processed step 0 of 500
Processed step 10 of 500
Processed step 20 of 500
Processed step 30 of 500
Processed step 40 of 500
Processed step 50 of 500
Processed step 60 of 500
Processed step 70 of 500
Processed step 80 of 500
Processed step 90 of 500
Processed step 100 of 500
Processed step 110 of 500
Processed step 120 of 500
Processed step 130 of 500
Processed step 140 of 500
Processed step 150 of 500
Processed step 160 of 500
Processed step 170 of 500
Processed step 180 of 500
Processed step 190 of 500
Processed step 200 of 500
Processed step 210 of 500
Processed step 220 of 500
Processed step 230 of 500
Processed step 240 of 500
Processed step 250 of 500
Processed step 260 of 500
Processed step 270 of 500
Processed step 280 of 500
Processed step 290 of 500
Processed step 300 of 500
Processed step 310 of 500
Processed step 320 of 500
Processed step 330 of 500
Processed step 340 of 500
Processed step 350 of 500
Processed step 360 of 500
Processed step 370 of 500
Processed step 380 of 500
Processed step 390 of 500
Processed step 400 of 500
Processed step 410 of 500
Processed step 420 of 500
Processed step 430 of 500
Processed step 440 of 500
Processed step 450 of 500
Processed step 460 of 500
Processed step 470 of 500
Processed step 480 of 500
Processed step 490 of 500
[2026-10-08 21:38:01,075][agent.finetune.train_ppo_diffusion_agent][INFO] - approx_kl: 0.0, update_epoch: 0, num_batch: 4
[2026-10-08 21:38:03,194][agent.finetune.train_ppo_diffusion_agent][INFO] - approx_kl: 1.7295950272000482e-07, update_epoch: 0, num_batch: 4
[2026-10-08 21:38:05,411][agent.finetune.train_ppo_diffusion_agent][INFO] - approx_kl: 6.734669568686513e-07, update_epoch: 0, num_batch: 4
[2026-10-08 21:38:07,627][agent.finetune.train_ppo_diffusion_agent][INFO] - approx_kl: 1.454817493140581e-06, update_epoch: 0, num_batch: 4
[2026-10-08 21:38:09,951][agent.finetune.train_ppo_diffusion_agent][INFO] - approx_kl: 2.5407859993720194e-06, update_epoch: 1, num_batch: 4
[2026-10-08 21:38:12,067][agent.finetune.train_ppo_diffusion_agent][INFO] - approx_kl: 3.889760137099074e-06, update_epoch: 1, num_batch: 4
[2026-10-08 21:38:14,283][agent.finetune.train_ppo_diffusion_agent][INFO] - approx_kl: 5.6245103223773185e-06, update_epoch: 1, num_batch: 4
[2026-10-08 21:38:16,497][agent.finetune.train_ppo_diffusion_agent][INFO] - approx_kl: 6.7044484239886515e-06, update_epoch: 1, num_batch: 4
[2026-10-08 21:38:18,820][agent.finetune.train_ppo_diffusion_agent][INFO] - approx_kl: 7.710395038884599e-06, update_epoch: 2, num_batch: 4
[2026-10-08 21:38:21,076][agent.finetune.train_ppo_diffusion_agent][INFO] - approx_kl: 8.014827471924946e-06, update_epoch: 2, num_batch: 4
[2026-10-08 21:38:23,320][agent.finetune.train_ppo_diffusion_agent][INFO] - approx_kl: 8.769136002229061e-06, update_epoch: 2, num_batch: 4
[2026-10-08 21:38:25,693][agent.finetune.train_ppo_diffusion_agent][INFO] - approx_kl: 9.803812645259313e-06, update_epoch: 2, num_batch: 4
[2026-10-08 21:38:28,004][agent.finetune.train_ppo_diffusion_agent][INFO] - approx_kl: 1.0617172847560141e-05, update_epoch: 3, num_batch: 4
[2026-10-08 21:38:30,140][agent.finetune.train_ppo_diffusion_agent][INFO] - approx_kl: 1.160266765509732e-05, update_epoch: 3, num_batch: 4
[2026-10-08 21:38:32,420][agent.finetune.train_ppo_diffusion_agent][INFO] - approx_kl: 1.2677644008363131e-05, update_epoch: 3, num_batch: 4
[2026-10-08 21:38:34,683][agent.finetune.train_ppo_diffusion_agent][INFO] - approx_kl: 1.3486246643878985e-05, update_epoch: 3, num_batch: 4
[2026-10-08 21:38:37,002][agent.finetune.train_ppo_diffusion_agent][INFO] - approx_kl: 1.3763613424089272e-05, update_epoch: 4, num_batch: 4
[2026-10-08 21:38:39,121][agent.finetune.train_ppo_diffusion_agent][INFO] - approx_kl: 1.4246064893086441e-05, update_epoch: 4, num_batch: 4
[2026-10-08 21:38:41,344][agent.finetune.train_ppo_diffusion_agent][INFO] - approx_kl: 1.4593537343898788e-05, update_epoch: 4, num_batch: 4
[2026-10-08 21:38:43,561][agent.finetune.train_ppo_diffusion_agent][INFO] - approx_kl: 1.508363402535906e-05, update_epoch: 4, num_batch: 4
[2026-10-08 21:38:43,569][agent.finetune.train_ppo_diffusion_agent][INFO] - 109: step  7920000 | loss   0.0563 | pg loss  -0.0006 | value loss   0.1138 | bc loss   0.0000 | reward 4343.8453 | eta   1.0000 | t: 57.3836
Processed step 0 of 500
Processed step 10 of 500
Processed step 20 of 500
Processed step 30 of 500
Processed step 40 of 500
Processed step 50 of 500
Processed step 60 of 500
Processed step 70 of 500
Processed step 80 of 500
Processed step 90 of 500
Processed step 100 of 500
Processed step 110 of 500
Processed step 120 of 500
Processed step 130 of 500
Processed step 140 of 500
Processed step 150 of 500
Processed step 160 of 500
Processed step 170 of 500
Processed step 180 of 500
Processed step 190 of 500
Processed step 200 of 500
Processed step 210 of 500
Processed step 220 of 500
Processed step 230 of 500
Processed step 240 of 500
Processed step 250 of 500
Processed step 260 of 500
Processed step 270 of 500
Processed step 280 of 500
Processed step 290 of 500
Processed step 300 of 500
Processed step 310 of 500
Processed step 320 of 500
Processed step 330 of 500
Processed step 340 of 500
Processed step 350 of 500
Processed step 360 of 500
Processed step 370 of 500
Processed step 380 of 500
Processed step 390 of 500
Processed step 400 of 500
Processed step 410 of 500
Processed step 420 of 500
Processed step 430 of 500
Processed step 440 of 500
Processed step 450 of 500
Processed step 460 of 500
Processed step 470 of 500
Processed step 480 of 500
Processed step 490 of 500
[2026-10-08 21:38:56,227][agent.finetune.train_ppo_diffusion_agent][INFO] - eval: success rate   1.0000 | avg episode reward 4673.8632 | avg best reward   6.4936
Processed step 0 of 500
Processed step 10 of 500
Processed step 20 of 500
Processed step 30 of 500
Processed step 40 of 500
Processed step 50 of 500
Processed step 60 of 500
Processed step 70 of 500
Processed step 80 of 500
Processed step 90 of 500
Processed step 100 of 500
Processed step 110 of 500
Processed step 120 of 500
Processed step 130 of 500
Processed step 140 of 500
Processed step 150 of 500
Processed step 160 of 500
Processed step 170 of 500
Processed step 180 of 500
Processed step 190 of 500
Processed step 200 of 500
Processed step 210 of 500
Processed step 220 of 500
Processed step 230 of 500
Processed step 240 of 500
Processed step 250 of 500
Processed step 260 of 500
Processed step 270 of 500
Processed step 280 of 500
Processed step 290 of 500
Processed step 300 of 500
Processed step 310 of 500
Processed step 320 of 500
Processed step 330 of 500
Processed step 340 of 500
Processed step 350 of 500
Processed step 360 of 500
Processed step 370 of 500
Processed step 380 of 500
Processed step 390 of 500
Processed step 400 of 500
Processed step 410 of 500
Processed step 420 of 500
Processed step 430 of 500
Processed step 440 of 500
Processed step 450 of 500
Processed step 460 of 500
Processed step 470 of 500
Processed step 480 of 500
Processed step 490 of 500
[2026-10-08 21:39:11,148][agent.finetune.train_ppo_diffusion_agent][INFO] - approx_kl: 0.0, update_epoch: 0, num_batch: 4
[2026-10-08 21:39:13,272][agent.finetune.train_ppo_diffusion_agent][INFO] - approx_kl: 1.5374301653992006e-07, update_epoch: 0, num_batch: 4
[2026-10-08 21:39:15,486][agent.finetune.train_ppo_diffusion_agent][INFO] - approx_kl: 5.348077820599428e-07, update_epoch: 0, num_batch: 4
[2026-10-08 21:39:17,704][agent.finetune.train_ppo_diffusion_agent][INFO] - approx_kl: 1.0670966048564878e-06, update_epoch: 0, num_batch: 4
[2026-10-08 21:39:20,033][agent.finetune.train_ppo_diffusion_agent][INFO] - approx_kl: 1.786782149792998e-06, update_epoch: 1, num_batch: 4
[2026-10-08 21:39:22,153][agent.finetune.train_ppo_diffusion_agent][INFO] - approx_kl: 2.984991624543909e-06, update_epoch: 1, num_batch: 4
[2026-10-08 21:39:24,357][agent.finetune.train_ppo_diffusion_agent][INFO] - approx_kl: 4.834058472624747e-06, update_epoch: 1, num_batch: 4
[2026-10-08 21:39:26,566][agent.finetune.train_ppo_diffusion_agent][INFO] - approx_kl: 7.0105706981848925e-06, update_epoch: 1, num_batch: 4
[2026-10-08 21:39:28,933][agent.finetune.train_ppo_diffusion_agent][INFO] - approx_kl: 8.403630999964662e-06, update_epoch: 2, num_batch: 4
[2026-10-08 21:39:31,060][agent.finetune.train_ppo_diffusion_agent][INFO] - approx_kl: 9.390522791363765e-06, update_epoch: 2, num_batch: 4
[2026-10-08 21:39:33,275][agent.finetune.train_ppo_diffusion_agent][INFO] - approx_kl: 9.96912240225356e-06, update_epoch: 2, num_batch: 4
[2026-10-08 21:39:35,477][agent.finetune.train_ppo_diffusion_agent][INFO] - approx_kl: 1.0021487469202839e-05, update_epoch: 2, num_batch: 4
[2026-10-08 21:39:37,825][agent.finetune.train_ppo_diffusion_agent][INFO] - approx_kl: 1.029880058922572e-05, update_epoch: 3, num_batch: 4
[2026-10-08 21:39:39,943][agent.finetune.train_ppo_diffusion_agent][INFO] - approx_kl: 1.1130568964290433e-05, update_epoch: 3, num_batch: 4
[2026-10-08 21:39:42,166][agent.finetune.train_ppo_diffusion_agent][INFO] - approx_kl: 1.1544811059138738e-05, update_epoch: 3, num_batch: 4
[2026-10-08 21:39:44,364][agent.finetune.train_ppo_diffusion_agent][INFO] - approx_kl: 1.1680255738610867e-05, update_epoch: 3, num_batch: 4
[2026-10-08 21:39:46,697][agent.finetune.train_ppo_diffusion_agent][INFO] - approx_kl: 1.2317193068156485e-05, update_epoch: 4, num_batch: 4
[2026-10-08 21:39:48,843][agent.finetune.train_ppo_diffusion_agent][INFO] - approx_kl: 1.2719737242150586e-05, update_epoch: 4, num_batch: 4
[2026-10-08 21:39:51,093][agent.finetune.train_ppo_diffusion_agent][INFO] - approx_kl: 1.3384308658714872e-05, update_epoch: 4, num_batch: 4
[2026-10-08 21:39:53,329][agent.finetune.train_ppo_diffusion_agent][INFO] - approx_kl: 1.3609291272587143e-05, update_epoch: 4, num_batch: 4
[2026-10-08 21:39:53,336][agent.finetune.train_ppo_diffusion_agent][INFO] - 111: step  8000000 | loss   0.0557 | pg loss  -0.0006 | value loss   0.1127 | bc loss   0.0000 | reward 4306.1878 | eta   1.0000 | t: 57.1088
Processed step 0 of 500
Processed step 10 of 500
Processed step 20 of 500
Processed step 30 of 500
Processed step 40 of 500
Processed step 50 of 500
Processed step 60 of 500
Processed step 70 of 500
Processed step 80 of 500
Processed step 90 of 500
Processed step 100 of 500
Processed step 110 of 500
Processed step 120 of 500
Processed step 130 of 500
Processed step 140 of 500
Processed step 150 of 500
Processed step 160 of 500
Processed step 170 of 500
Processed step 180 of 500
Processed step 190 of 500
Processed step 200 of 500
Processed step 210 of 500
Processed step 220 of 500
Processed step 230 of 500
Processed step 240 of 500
Processed step 250 of 500
Processed step 260 of 500
Processed step 270 of 500
Processed step 280 of 500
Processed step 290 of 500
Processed step 300 of 500
Processed step 310 of 500
Processed step 320 of 500
Processed step 330 of 500
Processed step 340 of 500
Processed step 350 of 500
Processed step 360 of 500
Processed step 370 of 500
Processed step 380 of 500
Processed step 390 of 500
Processed step 400 of 500
Processed step 410 of 500
Processed step 420 of 500
Processed step 430 of 500
Processed step 440 of 500
Processed step 450 of 500
Processed step 460 of 500
Processed step 470 of 500
Processed step 480 of 500
Processed step 490 of 500
[2026-10-08 21:40:08,147][agent.finetune.train_ppo_diffusion_agent][INFO] - approx_kl: 0.0, update_epoch: 0, num_batch: 4
[2026-10-08 21:40:10,266][agent.finetune.train_ppo_diffusion_agent][INFO] - approx_kl: 1.6068212005393434e-07, update_epoch: 0, num_batch: 4
[2026-10-08 21:40:12,472][agent.finetune.train_ppo_diffusion_agent][INFO] - approx_kl: 6.841361823717307e-07, update_epoch: 0, num_batch: 4
[2026-10-08 21:40:14,799][agent.finetune.train_ppo_diffusion_agent][INFO] - approx_kl: 1.5092969078978058e-06, update_epoch: 0, num_batch: 4
[2026-10-08 21:40:16,914][agent.finetune.train_ppo_diffusion_agent][INFO] - approx_kl: 2.469091896273312e-06, update_epoch: 1, num_batch: 4
[2026-10-08 21:40:19,166][agent.finetune.train_ppo_diffusion_agent][INFO] - approx_kl: 3.4961726669280324e-06, update_epoch: 1, num_batch: 4
[2026-10-08 21:40:21,377][agent.finetune.train_ppo_diffusion_agent][INFO] - approx_kl: 4.641061423171777e-06, update_epoch: 1, num_batch: 4
[2026-10-08 21:40:23,693][agent.finetune.train_ppo_diffusion_agent][INFO] - approx_kl: 5.9453082030813675e-06, update_epoch: 1, num_batch: 4
[2026-10-08 21:40:25,807][agent.finetune.train_ppo_diffusion_agent][INFO] - approx_kl: 6.985254003666341e-06, update_epoch: 2, num_batch: 4
[2026-10-08 21:40:28,006][agent.finetune.train_ppo_diffusion_agent][INFO] - approx_kl: 7.946248842927162e-06, update_epoch: 2, num_batch: 4
[2026-10-08 21:40:30,210][agent.finetune.train_ppo_diffusion_agent][INFO] - approx_kl: 8.473051821056288e-06, update_epoch: 2, num_batch: 4
[2026-10-08 21:40:32,512][agent.finetune.train_ppo_diffusion_agent][INFO] - approx_kl: 8.675865501572844e-06, update_epoch: 2, num_batch: 4
[2026-10-08 21:40:34,622][agent.finetune.train_ppo_diffusion_agent][INFO] - approx_kl: 9.493032848695293e-06, update_epoch: 3, num_batch: 4
[2026-10-08 21:40:36,824][agent.finetune.train_ppo_diffusion_agent][INFO] - approx_kl: 1.0886470590776298e-05, update_epoch: 3, num_batch: 4
[2026-10-08 21:40:39,021][agent.finetune.train_ppo_diffusion_agent][INFO] - approx_kl: 1.2008783414785285e-05, update_epoch: 3, num_batch: 4
[2026-10-08 21:40:41,330][agent.finetune.train_ppo_diffusion_agent][INFO] - approx_kl: 1.3008354471821804e-05, update_epoch: 3, num_batch: 4
[2026-10-08 21:40:43,435][agent.finetune.train_ppo_diffusion_agent][INFO] - approx_kl: 1.3823226254316978e-05, update_epoch: 4, num_batch: 4
[2026-10-08 21:40:45,642][agent.finetune.train_ppo_diffusion_agent][INFO] - approx_kl: 1.447700742573943e-05, update_epoch: 4, num_batch: 4
[2026-10-08 21:40:47,851][agent.finetune.train_ppo_diffusion_agent][INFO] - approx_kl: 1.532027090433985e-05, update_epoch: 4, num_batch: 4
[2026-10-08 21:40:50,184][agent.finetune.train_ppo_diffusion_agent][INFO] - approx_kl: 1.587556289450731e-05, update_epoch: 4, num_batch: 4
[2026-10-08 21:40:50,191][agent.finetune.train_ppo_diffusion_agent][INFO] - 112: step  8080000 | loss   0.0560 | pg loss  -0.0005 | value loss   0.1131 | bc loss   0.0000 | reward 4386.4398 | eta   1.0000 | t: 56.8549
Processed step 0 of 500
Processed step 10 of 500
Processed step 20 of 500
Processed step 30 of 500
Processed step 40 of 500
Processed step 50 of 500
Processed step 60 of 500
Processed step 70 of 500
Processed step 80 of 500
Processed step 90 of 500
Processed step 100 of 500
Processed step 110 of 500
Processed step 120 of 500
Processed step 130 of 500
Processed step 140 of 500
Processed step 150 of 500
Processed step 160 of 500
Processed step 170 of 500
Processed step 180 of 500
Processed step 190 of 500
Processed step 200 of 500
Processed step 210 of 500
Processed step 220 of 500
Processed step 230 of 500
Processed step 240 of 500
Processed step 250 of 500
Processed step 260 of 500
Processed step 270 of 500
Processed step 280 of 500
Processed step 290 of 500
Processed step 300 of 500
Processed step 310 of 500
Processed step 320 of 500
Processed step 330 of 500
Processed step 340 of 500
Processed step 350 of 500
Processed step 360 of 500
Processed step 370 of 500
Processed step 380 of 500
Processed step 390 of 500
Processed step 400 of 500
Processed step 410 of 500
Processed step 420 of 500
Processed step 430 of 500
Processed step 440 of 500
Processed step 450 of 500
Processed step 460 of 500
Processed step 470 of 500
Processed step 480 of 500
Processed step 490 of 500
[2026-10-08 21:41:04,782][agent.finetune.train_ppo_diffusion_agent][INFO] - approx_kl: 0.0, update_epoch: 0, num_batch: 4
[2026-10-08 21:41:06,993][agent.finetune.train_ppo_diffusion_agent][INFO] - approx_kl: 1.350566520841312e-07, update_epoch: 0, num_batch: 4
[2026-10-08 21:41:09,196][agent.finetune.train_ppo_diffusion_agent][INFO] - approx_kl: 5.210627023188863e-07, update_epoch: 0, num_batch: 4
[2026-10-08 21:41:11,495][agent.finetune.train_ppo_diffusion_agent][INFO] - approx_kl: 1.0806738828250673e-06, update_epoch: 0, num_batch: 4
[2026-10-08 21:41:13,601][agent.finetune.train_ppo_diffusion_agent][INFO] - approx_kl: 1.907807245515869e-06, update_epoch: 1, num_batch: 4
[2026-10-08 21:41:15,813][agent.finetune.train_ppo_diffusion_agent][INFO] - approx_kl: 3.1708514143247157e-06, update_epoch: 1, num_batch: 4
[2026-10-08 21:41:18,021][agent.finetune.train_ppo_diffusion_agent][INFO] - approx_kl: 4.754486781166634e-06, update_epoch: 1, num_batch: 4
[2026-10-08 21:41:20,354][agent.finetune.train_ppo_diffusion_agent][INFO] - approx_kl: 6.715367817378137e-06, update_epoch: 1, num_batch: 4
[2026-10-08 21:41:22,470][agent.finetune.train_ppo_diffusion_agent][INFO] - approx_kl: 8.353138582606334e-06, update_epoch: 2, num_batch: 4
[2026-10-08 21:41:24,666][agent.finetune.train_ppo_diffusion_agent][INFO] - approx_kl: 9.799679901334457e-06, update_epoch: 2, num_batch: 4
[2026-10-08 21:41:26,876][agent.finetune.train_ppo_diffusion_agent][INFO] - approx_kl: 1.1111875210190192e-05, update_epoch: 2, num_batch: 4
[2026-10-08 21:41:29,201][agent.finetune.train_ppo_diffusion_agent][INFO] - approx_kl: 1.1993558473477606e-05, update_epoch: 2, num_batch: 4
[2026-10-08 21:41:31,316][agent.finetune.train_ppo_diffusion_agent][INFO] - approx_kl: 1.2270068509678822e-05, update_epoch: 3, num_batch: 4
[2026-10-08 21:41:33,534][agent.finetune.train_ppo_diffusion_agent][INFO] - approx_kl: 1.270240045414539e-05, update_epoch: 3, num_batch: 4
[2026-10-08 21:41:35,759][agent.finetune.train_ppo_diffusion_agent][INFO] - approx_kl: 1.2922817404614761e-05, update_epoch: 3, num_batch: 4
[2026-10-08 21:41:38,070][agent.finetune.train_ppo_diffusion_agent][INFO] - approx_kl: 1.3431340448732954e-05, update_epoch: 3, num_batch: 4
[2026-10-08 21:41:40,205][agent.finetune.train_ppo_diffusion_agent][INFO] - approx_kl: 1.3579850019596051e-05, update_epoch: 4, num_batch: 4
[2026-10-08 21:41:42,420][agent.finetune.train_ppo_diffusion_agent][INFO] - approx_kl: 1.4013944564794656e-05, update_epoch: 4, num_batch: 4
[2026-10-08 21:41:44,636][agent.finetune.train_ppo_diffusion_agent][INFO] - approx_kl: 1.458245242247358e-05, update_epoch: 4, num_batch: 4
[2026-10-08 21:41:46,952][agent.finetune.train_ppo_diffusion_agent][INFO] - approx_kl: 1.5259554857038893e-05, update_epoch: 4, num_batch: 4
[2026-10-08 21:41:46,959][agent.finetune.train_ppo_diffusion_agent][INFO] - 113: step  8160000 | loss   0.0564 | pg loss  -0.0006 | value loss   0.1139 | bc loss   0.0000 | reward 4427.6371 | eta   1.0000 | t: 56.7683
Processed step 0 of 500
Processed step 10 of 500
Processed step 20 of 500
Processed step 30 of 500
Processed step 40 of 500
Processed step 50 of 500
Processed step 60 of 500
Processed step 70 of 500
Processed step 80 of 500
Processed step 90 of 500
Processed step 100 of 500
Processed step 110 of 500
Processed step 120 of 500
Processed step 130 of 500
Processed step 140 of 500
Processed step 150 of 500
Processed step 160 of 500
Processed step 170 of 500
Processed step 180 of 500
Processed step 190 of 500
Processed step 200 of 500
Processed step 210 of 500
Processed step 220 of 500
Processed step 230 of 500
Processed step 240 of 500
Processed step 250 of 500
Processed step 260 of 500
Processed step 270 of 500
Processed step 280 of 500
Processed step 290 of 500
Processed step 300 of 500
Processed step 310 of 500
Processed step 320 of 500
Processed step 330 of 500
Processed step 340 of 500
Processed step 350 of 500
Processed step 360 of 500
Processed step 370 of 500
Processed step 380 of 500
Processed step 390 of 500
Processed step 400 of 500
Processed step 410 of 500
Processed step 420 of 500
Processed step 430 of 500
Processed step 440 of 500
Processed step 450 of 500
Processed step 460 of 500
Processed step 470 of 500
Processed step 480 of 500
Processed step 490 of 500
[2026-10-08 21:42:01,635][agent.finetune.train_ppo_diffusion_agent][INFO] - approx_kl: 0.0, update_epoch: 0, num_batch: 4
[2026-10-08 21:42:03,873][agent.finetune.train_ppo_diffusion_agent][INFO] - approx_kl: 1.796378086282857e-07, update_epoch: 0, num_batch: 4
[2026-10-08 21:42:06,103][agent.finetune.train_ppo_diffusion_agent][INFO] - approx_kl: 6.469642812589882e-07, update_epoch: 0, num_batch: 4
[2026-10-08 21:42:08,426][agent.finetune.train_ppo_diffusion_agent][INFO] - approx_kl: 1.2925754617754137e-06, update_epoch: 0, num_batch: 4
[2026-10-08 21:42:10,554][agent.finetune.train_ppo_diffusion_agent][INFO] - approx_kl: 2.381936837991816e-06, update_epoch: 1, num_batch: 4
[2026-10-08 21:42:12,766][agent.finetune.train_ppo_diffusion_agent][INFO] - approx_kl: 3.837382337223971e-06, update_epoch: 1, num_batch: 4
[2026-10-08 21:42:14,965][agent.finetune.train_ppo_diffusion_agent][INFO] - approx_kl: 5.931875421083532e-06, update_epoch: 1, num_batch: 4
[2026-10-08 21:42:17,282][agent.finetune.train_ppo_diffusion_agent][INFO] - approx_kl: 8.3305494626984e-06, update_epoch: 1, num_batch: 4
[2026-10-08 21:42:19,403][agent.finetune.train_ppo_diffusion_agent][INFO] - approx_kl: 1.0182702681049705e-05, update_epoch: 2, num_batch: 4
[2026-10-08 21:42:21,669][agent.finetune.train_ppo_diffusion_agent][INFO] - approx_kl: 1.0819837370945606e-05, update_epoch: 2, num_batch: 4
[2026-10-08 21:42:23,874][agent.finetune.train_ppo_diffusion_agent][INFO] - approx_kl: 1.1281325896561611e-05, update_epoch: 2, num_batch: 4
[2026-10-08 21:42:26,202][agent.finetune.train_ppo_diffusion_agent][INFO] - approx_kl: 1.109727963921614e-05, update_epoch: 2, num_batch: 4
[2026-10-08 21:42:28,329][agent.finetune.train_ppo_diffusion_agent][INFO] - approx_kl: 1.1369986168574542e-05, update_epoch: 3, num_batch: 4
[2026-10-08 21:42:30,547][agent.finetune.train_ppo_diffusion_agent][INFO] - approx_kl: 1.1576182259886991e-05, update_epoch: 3, num_batch: 4
[2026-10-08 21:42:32,761][agent.finetune.train_ppo_diffusion_agent][INFO] - approx_kl: 1.2116835023334716e-05, update_epoch: 3, num_batch: 4
[2026-10-08 21:42:35,090][agent.finetune.train_ppo_diffusion_agent][INFO] - approx_kl: 1.2558180969790556e-05, update_epoch: 3, num_batch: 4
[2026-10-08 21:42:37,211][agent.finetune.train_ppo_diffusion_agent][INFO] - approx_kl: 1.297276685363613e-05, update_epoch: 4, num_batch: 4
[2026-10-08 21:42:39,411][agent.finetune.train_ppo_diffusion_agent][INFO] - approx_kl: 1.3302971638040617e-05, update_epoch: 4, num_batch: 4
[2026-10-08 21:42:41,616][agent.finetune.train_ppo_diffusion_agent][INFO] - approx_kl: 1.3823138033330906e-05, update_epoch: 4, num_batch: 4
[2026-10-08 21:42:43,928][agent.finetune.train_ppo_diffusion_agent][INFO] - approx_kl: 1.4368586562341079e-05, update_epoch: 4, num_batch: 4
[2026-10-08 21:42:43,934][agent.finetune.train_ppo_diffusion_agent][INFO] - 114: step  8240000 | loss   0.0555 | pg loss  -0.0004 | value loss   0.1118 | bc loss   0.0000 | reward 4456.8738 | eta   1.0000 | t: 56.9752
Processed step 0 of 500
Processed step 10 of 500
Processed step 20 of 500
Processed step 30 of 500
Processed step 40 of 500
Processed step 50 of 500
Processed step 60 of 500
Processed step 70 of 500
Processed step 80 of 500
Processed step 90 of 500
Processed step 100 of 500
Processed step 110 of 500
Processed step 120 of 500
Processed step 130 of 500
Processed step 140 of 500
Processed step 150 of 500
Processed step 160 of 500
Processed step 170 of 500
Processed step 180 of 500
Processed step 190 of 500
Processed step 200 of 500
Processed step 210 of 500
Processed step 220 of 500
Processed step 230 of 500
Processed step 240 of 500
Processed step 250 of 500
Processed step 260 of 500
Processed step 270 of 500
Processed step 280 of 500
Processed step 290 of 500
Processed step 300 of 500
Processed step 310 of 500
Processed step 320 of 500
Processed step 330 of 500
Processed step 340 of 500
Processed step 350 of 500
Processed step 360 of 500
Processed step 370 of 500
Processed step 380 of 500
Processed step 390 of 500
Processed step 400 of 500
Processed step 410 of 500
Processed step 420 of 500
Processed step 430 of 500
Processed step 440 of 500
Processed step 450 of 500
Processed step 460 of 500
Processed step 470 of 500
Processed step 480 of 500
Processed step 490 of 500
[2026-10-08 21:42:58,580][agent.finetune.train_ppo_diffusion_agent][INFO] - approx_kl: 0.0, update_epoch: 0, num_batch: 4
[2026-10-08 21:43:00,816][agent.finetune.train_ppo_diffusion_agent][INFO] - approx_kl: 1.9977655085767765e-07, update_epoch: 0, num_batch: 4
[2026-10-08 21:43:03,030][agent.finetune.train_ppo_diffusion_agent][INFO] - approx_kl: 7.396850492114027e-07, update_epoch: 0, num_batch: 4
[2026-10-08 21:43:05,372][agent.finetune.train_ppo_diffusion_agent][INFO] - approx_kl: 1.525454877082666e-06, update_epoch: 0, num_batch: 4
[2026-10-08 21:43:07,492][agent.finetune.train_ppo_diffusion_agent][INFO] - approx_kl: 2.721468035815633e-06, update_epoch: 1, num_batch: 4
[2026-10-08 21:43:09,723][agent.finetune.train_ppo_diffusion_agent][INFO] - approx_kl: 4.3950135477643926e-06, update_epoch: 1, num_batch: 4
[2026-10-08 21:43:11,936][agent.finetune.train_ppo_diffusion_agent][INFO] - approx_kl: 6.2904546211939305e-06, update_epoch: 1, num_batch: 4
[2026-10-08 21:43:14,252][agent.finetune.train_ppo_diffusion_agent][INFO] - approx_kl: 7.97420580056496e-06, update_epoch: 1, num_batch: 4
[2026-10-08 21:43:16,377][agent.finetune.train_ppo_diffusion_agent][INFO] - approx_kl: 8.8205579231726e-06, update_epoch: 2, num_batch: 4
[2026-10-08 21:43:18,585][agent.finetune.train_ppo_diffusion_agent][INFO] - approx_kl: 9.099118869926315e-06, update_epoch: 2, num_batch: 4
[2026-10-08 21:43:20,797][agent.finetune.train_ppo_diffusion_agent][INFO] - approx_kl: 9.189041520585306e-06, update_epoch: 2, num_batch: 4
[2026-10-08 21:43:23,147][agent.finetune.train_ppo_diffusion_agent][INFO] - approx_kl: 9.388721082359552e-06, update_epoch: 2, num_batch: 4
[2026-10-08 21:43:25,268][agent.finetune.train_ppo_diffusion_agent][INFO] - approx_kl: 9.656549082137644e-06, update_epoch: 3, num_batch: 4
[2026-10-08 21:43:27,486][agent.finetune.train_ppo_diffusion_agent][INFO] - approx_kl: 1.002303724817466e-05, update_epoch: 3, num_batch: 4
[2026-10-08 21:43:29,714][agent.finetune.train_ppo_diffusion_agent][INFO] - approx_kl: 1.0711204595281743e-05, update_epoch: 3, num_batch: 4
[2026-10-08 21:43:32,053][agent.finetune.train_ppo_diffusion_agent][INFO] - approx_kl: 1.1725983313226607e-05, update_epoch: 3, num_batch: 4
[2026-10-08 21:43:34,176][agent.finetune.train_ppo_diffusion_agent][INFO] - approx_kl: 1.2449440873751882e-05, update_epoch: 4, num_batch: 4
[2026-10-08 21:43:36,392][agent.finetune.train_ppo_diffusion_agent][INFO] - approx_kl: 1.3238458450359758e-05, update_epoch: 4, num_batch: 4
[2026-10-08 21:43:38,604][agent.finetune.train_ppo_diffusion_agent][INFO] - approx_kl: 1.4279772585723549e-05, update_epoch: 4, num_batch: 4
[2026-10-08 21:43:40,931][agent.finetune.train_ppo_diffusion_agent][INFO] - approx_kl: 1.4825134712737054e-05, update_epoch: 4, num_batch: 4
[2026-10-08 21:43:40,938][agent.finetune.train_ppo_diffusion_agent][INFO] - 115: step  8320000 | loss   0.0554 | pg loss  -0.0006 | value loss   0.1120 | bc loss   0.0000 | reward 4376.8031 | eta   1.0000 | t: 57.0037
Processed step 0 of 500
Processed step 10 of 500
Processed step 20 of 500
Processed step 30 of 500
Processed step 40 of 500
Processed step 50 of 500
Processed step 60 of 500
Processed step 70 of 500
Processed step 80 of 500
Processed step 90 of 500
Processed step 100 of 500
Processed step 110 of 500
Processed step 120 of 500
Processed step 130 of 500
Processed step 140 of 500
Processed step 150 of 500
Processed step 160 of 500
Processed step 170 of 500
Processed step 180 of 500
Processed step 190 of 500
Processed step 200 of 500
Processed step 210 of 500
Processed step 220 of 500
Processed step 230 of 500
Processed step 240 of 500
Processed step 250 of 500
Processed step 260 of 500
Processed step 270 of 500
Processed step 280 of 500
Processed step 290 of 500
Processed step 300 of 500
Processed step 310 of 500
Processed step 320 of 500
Processed step 330 of 500
Processed step 340 of 500
Processed step 350 of 500
Processed step 360 of 500
Processed step 370 of 500
Processed step 380 of 500
Processed step 390 of 500
Processed step 400 of 500
Processed step 410 of 500
Processed step 420 of 500
Processed step 430 of 500
Processed step 440 of 500
Processed step 450 of 500
Processed step 460 of 500
Processed step 470 of 500
Processed step 480 of 500
Processed step 490 of 500
[2026-10-08 21:43:55,622][agent.finetune.train_ppo_diffusion_agent][INFO] - approx_kl: 0.0, update_epoch: 0, num_batch: 4
[2026-10-08 21:43:57,854][agent.finetune.train_ppo_diffusion_agent][INFO] - approx_kl: 1.5820199905647314e-07, update_epoch: 0, num_batch: 4
[2026-10-08 21:44:00,176][agent.finetune.train_ppo_diffusion_agent][INFO] - approx_kl: 5.868292305422074e-07, update_epoch: 0, num_batch: 4
[2026-10-08 21:44:02,290][agent.finetune.train_ppo_diffusion_agent][INFO] - approx_kl: 1.3532597904486465e-06, update_epoch: 0, num_batch: 4
[2026-10-08 21:44:04,500][agent.finetune.train_ppo_diffusion_agent][INFO] - approx_kl: 2.3282614165509585e-06, update_epoch: 1, num_batch: 4
[2026-10-08 21:44:06,702][agent.finetune.train_ppo_diffusion_agent][INFO] - approx_kl: 4.0064860513666645e-06, update_epoch: 1, num_batch: 4
[2026-10-08 21:44:09,029][agent.finetune.train_ppo_diffusion_agent][INFO] - approx_kl: 5.95449182583252e-06, update_epoch: 1, num_batch: 4
[2026-10-08 21:44:11,148][agent.finetune.train_ppo_diffusion_agent][INFO] - approx_kl: 7.938159797049593e-06, update_epoch: 1, num_batch: 4
[2026-10-08 21:44:13,334][agent.finetune.train_ppo_diffusion_agent][INFO] - approx_kl: 9.846104148891754e-06, update_epoch: 2, num_batch: 4
[2026-10-08 21:44:15,542][agent.finetune.train_ppo_diffusion_agent][INFO] - approx_kl: 1.1365760656190105e-05, update_epoch: 2, num_batch: 4
[2026-10-08 21:44:17,861][agent.finetune.train_ppo_diffusion_agent][INFO] - approx_kl: 1.1604956853261683e-05, update_epoch: 2, num_batch: 4
[2026-10-08 21:44:19,967][agent.finetune.train_ppo_diffusion_agent][INFO] - approx_kl: 1.1445559721323662e-05, update_epoch: 2, num_batch: 4
[2026-10-08 21:44:22,173][agent.finetune.train_ppo_diffusion_agent][INFO] - approx_kl: 1.1532978533068672e-05, update_epoch: 3, num_batch: 4
[2026-10-08 21:44:24,420][agent.finetune.train_ppo_diffusion_agent][INFO] - approx_kl: 1.1539124898263253e-05, update_epoch: 3, num_batch: 4
[2026-10-08 21:44:26,739][agent.finetune.train_ppo_diffusion_agent][INFO] - approx_kl: 1.2098722436348908e-05, update_epoch: 3, num_batch: 4
[2026-10-08 21:44:28,845][agent.finetune.train_ppo_diffusion_agent][INFO] - approx_kl: 1.2593342944455799e-05, update_epoch: 3, num_batch: 4
[2026-10-08 21:44:31,049][agent.finetune.train_ppo_diffusion_agent][INFO] - approx_kl: 1.3178841982153244e-05, update_epoch: 4, num_batch: 4
[2026-10-08 21:44:33,269][agent.finetune.train_ppo_diffusion_agent][INFO] - approx_kl: 1.3577768186223693e-05, update_epoch: 4, num_batch: 4
[2026-10-08 21:44:35,607][agent.finetune.train_ppo_diffusion_agent][INFO] - approx_kl: 1.4271116015152074e-05, update_epoch: 4, num_batch: 4
[2026-10-08 21:44:37,729][agent.finetune.train_ppo_diffusion_agent][INFO] - approx_kl: 1.438949675502954e-05, update_epoch: 4, num_batch: 4
[2026-10-08 21:44:37,736][agent.finetune.train_ppo_diffusion_agent][INFO] - 116: step  8400000 | loss   0.0554 | pg loss  -0.0007 | value loss   0.1121 | bc loss   0.0000 | reward 4419.7778 | eta   1.0000 | t: 56.7979
Processed step 0 of 500
Processed step 10 of 500
Processed step 20 of 500
Processed step 30 of 500
Processed step 40 of 500
Processed step 50 of 500
Processed step 60 of 500
Processed step 70 of 500
Processed step 80 of 500
Processed step 90 of 500
Processed step 100 of 500
Processed step 110 of 500
Processed step 120 of 500
Processed step 130 of 500
Processed step 140 of 500
Processed step 150 of 500
Processed step 160 of 500
Processed step 170 of 500
Processed step 180 of 500
Processed step 190 of 500
Processed step 200 of 500
Processed step 210 of 500
Processed step 220 of 500
Processed step 230 of 500
Processed step 240 of 500
Processed step 250 of 500
Processed step 260 of 500
Processed step 270 of 500
Processed step 280 of 500
Processed step 290 of 500
Processed step 300 of 500
Processed step 310 of 500
Processed step 320 of 500
Processed step 330 of 500
Processed step 340 of 500
Processed step 350 of 500
Processed step 360 of 500
Processed step 370 of 500
Processed step 380 of 500
Processed step 390 of 500
Processed step 400 of 500
Processed step 410 of 500
Processed step 420 of 500
Processed step 430 of 500
Processed step 440 of 500
Processed step 450 of 500
Processed step 460 of 500
Processed step 470 of 500
Processed step 480 of 500
Processed step 490 of 500
[2026-10-08 21:44:52,524][agent.finetune.train_ppo_diffusion_agent][INFO] - approx_kl: 0.0, update_epoch: 0, num_batch: 4
[2026-10-08 21:44:54,751][agent.finetune.train_ppo_diffusion_agent][INFO] - approx_kl: 1.9635632497738698e-07, update_epoch: 0, num_batch: 4
[2026-10-08 21:44:57,066][agent.finetune.train_ppo_diffusion_agent][INFO] - approx_kl: 7.96376014022826e-07, update_epoch: 0, num_batch: 4
[2026-10-08 21:44:59,188][agent.finetune.train_ppo_diffusion_agent][INFO] - approx_kl: 1.768804395396728e-06, update_epoch: 0, num_batch: 4
[2026-10-08 21:45:01,405][agent.finetune.train_ppo_diffusion_agent][INFO] - approx_kl: 2.778529960778542e-06, update_epoch: 1, num_batch: 4
[2026-10-08 21:45:03,631][agent.finetune.train_ppo_diffusion_agent][INFO] - approx_kl: 4.161053766438272e-06, update_epoch: 1, num_batch: 4
[2026-10-08 21:45:05,954][agent.finetune.train_ppo_diffusion_agent][INFO] - approx_kl: 5.695449090126203e-06, update_epoch: 1, num_batch: 4
[2026-10-08 21:45:08,077][agent.finetune.train_ppo_diffusion_agent][INFO] - approx_kl: 7.68319205235457e-06, update_epoch: 1, num_batch: 4
[2026-10-08 21:45:10,308][agent.finetune.train_ppo_diffusion_agent][INFO] - approx_kl: 9.099822818825487e-06, update_epoch: 2, num_batch: 4
[2026-10-08 21:45:12,525][agent.finetune.train_ppo_diffusion_agent][INFO] - approx_kl: 1.0072476470668335e-05, update_epoch: 2, num_batch: 4
[2026-10-08 21:45:14,870][agent.finetune.train_ppo_diffusion_agent][INFO] - approx_kl: 1.0537615708017256e-05, update_epoch: 2, num_batch: 4
[2026-10-08 21:45:16,986][agent.finetune.train_ppo_diffusion_agent][INFO] - approx_kl: 1.1092251043010037e-05, update_epoch: 2, num_batch: 4
[2026-10-08 21:45:19,198][agent.finetune.train_ppo_diffusion_agent][INFO] - approx_kl: 1.1119427654193714e-05, update_epoch: 3, num_batch: 4
[2026-10-08 21:45:21,418][agent.finetune.train_ppo_diffusion_agent][INFO] - approx_kl: 1.1835532859549858e-05, update_epoch: 3, num_batch: 4
[2026-10-08 21:45:23,738][agent.finetune.train_ppo_diffusion_agent][INFO] - approx_kl: 1.267112838831963e-05, update_epoch: 3, num_batch: 4
[2026-10-08 21:45:25,883][agent.finetune.train_ppo_diffusion_agent][INFO] - approx_kl: 1.3106221558700781e-05, update_epoch: 3, num_batch: 4
[2026-10-08 21:45:28,104][agent.finetune.train_ppo_diffusion_agent][INFO] - approx_kl: 1.352074741589604e-05, update_epoch: 4, num_batch: 4
[2026-10-08 21:45:30,314][agent.finetune.train_ppo_diffusion_agent][INFO] - approx_kl: 1.398573203914566e-05, update_epoch: 4, num_batch: 4
[2026-10-08 21:45:32,628][agent.finetune.train_ppo_diffusion_agent][INFO] - approx_kl: 1.442787834093906e-05, update_epoch: 4, num_batch: 4
[2026-10-08 21:45:34,752][agent.finetune.train_ppo_diffusion_agent][INFO] - approx_kl: 1.4958608517190441e-05, update_epoch: 4, num_batch: 4
[2026-10-08 21:45:34,758][agent.finetune.train_ppo_diffusion_agent][INFO] - 117: step  8480000 | loss   0.0564 | pg loss  -0.0006 | value loss   0.1139 | bc loss   0.0000 | reward 4342.6356 | eta   1.0000 | t: 57.0223
Processed step 0 of 500
Processed step 10 of 500
Processed step 20 of 500
Processed step 30 of 500
Processed step 40 of 500
Processed step 50 of 500
Processed step 60 of 500
Processed step 70 of 500
Processed step 80 of 500
Processed step 90 of 500
Processed step 100 of 500
Processed step 110 of 500
Processed step 120 of 500
Processed step 130 of 500
Processed step 140 of 500
Processed step 150 of 500
Processed step 160 of 500
Processed step 170 of 500
Processed step 180 of 500
Processed step 190 of 500
Processed step 200 of 500
Processed step 210 of 500
Processed step 220 of 500
Processed step 230 of 500
Processed step 240 of 500
Processed step 250 of 500
Processed step 260 of 500
Processed step 270 of 500
Processed step 280 of 500
Processed step 290 of 500
Processed step 300 of 500
Processed step 310 of 500
Processed step 320 of 500
Processed step 330 of 500
Processed step 340 of 500
Processed step 350 of 500
Processed step 360 of 500
Processed step 370 of 500
Processed step 380 of 500
Processed step 390 of 500
Processed step 400 of 500
Processed step 410 of 500
Processed step 420 of 500
Processed step 430 of 500
Processed step 440 of 500
Processed step 450 of 500
Processed step 460 of 500
Processed step 470 of 500
Processed step 480 of 500
Processed step 490 of 500
[2026-10-08 21:45:50,366][agent.finetune.train_ppo_diffusion_agent][INFO] - approx_kl: 0.0, update_epoch: 0, num_batch: 4
[2026-10-08 21:45:52,562][agent.finetune.train_ppo_diffusion_agent][INFO] - approx_kl: 2.269986794090073e-07, update_epoch: 0, num_batch: 4
[2026-10-08 21:45:54,866][agent.finetune.train_ppo_diffusion_agent][INFO] - approx_kl: 8.573664445066242e-07, update_epoch: 0, num_batch: 4
[2026-10-08 21:45:56,976][agent.finetune.train_ppo_diffusion_agent][INFO] - approx_kl: 1.8969542452396126e-06, update_epoch: 0, num_batch: 4
[2026-10-08 21:45:59,189][agent.finetune.train_ppo_diffusion_agent][INFO] - approx_kl: 3.434010977798607e-06, update_epoch: 1, num_batch: 4
[2026-10-08 21:46:01,502][agent.finetune.train_ppo_diffusion_agent][INFO] - approx_kl: 5.281265202938812e-06, update_epoch: 1, num_batch: 4
[2026-10-08 21:46:03,627][agent.finetune.train_ppo_diffusion_agent][INFO] - approx_kl: 7.151435511332238e-06, update_epoch: 1, num_batch: 4
[2026-10-08 21:46:05,828][agent.finetune.train_ppo_diffusion_agent][INFO] - approx_kl: 8.633682227809913e-06, update_epoch: 1, num_batch: 4
[2026-10-08 21:46:08,037][agent.finetune.train_ppo_diffusion_agent][INFO] - approx_kl: 9.3334965640679e-06, update_epoch: 2, num_batch: 4
[2026-10-08 21:46:10,349][agent.finetune.train_ppo_diffusion_agent][INFO] - approx_kl: 9.070659871213138e-06, update_epoch: 2, num_batch: 4
[2026-10-08 21:46:12,455][agent.finetune.train_ppo_diffusion_agent][INFO] - approx_kl: 8.897502993931994e-06, update_epoch: 2, num_batch: 4
[2026-10-08 21:46:14,666][agent.finetune.train_ppo_diffusion_agent][INFO] - approx_kl: 8.999556484923232e-06, update_epoch: 2, num_batch: 4
[2026-10-08 21:46:16,921][agent.finetune.train_ppo_diffusion_agent][INFO] - approx_kl: 9.554208190820646e-06, update_epoch: 3, num_batch: 4
[2026-10-08 21:46:19,229][agent.finetune.train_ppo_diffusion_agent][INFO] - approx_kl: 1.0342811947339214e-05, update_epoch: 3, num_batch: 4
[2026-10-08 21:46:21,350][agent.finetune.train_ppo_diffusion_agent][INFO] - approx_kl: 1.1112637366750278e-05, update_epoch: 3, num_batch: 4
[2026-10-08 21:46:23,546][agent.finetune.train_ppo_diffusion_agent][INFO] - approx_kl: 1.2184254956082441e-05, update_epoch: 3, num_batch: 4
[2026-10-08 21:46:25,758][agent.finetune.train_ppo_diffusion_agent][INFO] - approx_kl: 1.25443530123448e-05, update_epoch: 4, num_batch: 4
[2026-10-08 21:46:28,064][agent.finetune.train_ppo_diffusion_agent][INFO] - approx_kl: 1.3051021596766077e-05, update_epoch: 4, num_batch: 4
[2026-10-08 21:46:30,178][agent.finetune.train_ppo_diffusion_agent][INFO] - approx_kl: 1.3725218195759226e-05, update_epoch: 4, num_batch: 4
[2026-10-08 21:46:32,381][agent.finetune.train_ppo_diffusion_agent][INFO] - approx_kl: 1.461090778320795e-05, update_epoch: 4, num_batch: 4
[2026-10-08 21:46:32,388][agent.finetune.train_ppo_diffusion_agent][INFO] - 118: step  8560000 | loss   0.0573 | pg loss  -0.0006 | value loss   0.1158 | bc loss   0.0000 | reward 4418.7450 | eta   1.0000 | t: 57.6298
Processed step 0 of 500
Processed step 10 of 500
Processed step 20 of 500
Processed step 30 of 500
Processed step 40 of 500
Processed step 50 of 500
Processed step 60 of 500
Processed step 70 of 500
Processed step 80 of 500
Processed step 90 of 500
Processed step 100 of 500
Processed step 110 of 500
Processed step 120 of 500
Processed step 130 of 500
Processed step 140 of 500
Processed step 150 of 500
Processed step 160 of 500
Processed step 170 of 500
Processed step 180 of 500
Processed step 190 of 500
Processed step 200 of 500
Processed step 210 of 500
Processed step 220 of 500
Processed step 230 of 500
Processed step 240 of 500
Processed step 250 of 500
Processed step 260 of 500
Processed step 270 of 500
Processed step 280 of 500
Processed step 290 of 500
Processed step 300 of 500
Processed step 310 of 500
Processed step 320 of 500
Processed step 330 of 500
Processed step 340 of 500
Processed step 350 of 500
Processed step 360 of 500
Processed step 370 of 500
Processed step 380 of 500
Processed step 390 of 500
Processed step 400 of 500
Processed step 410 of 500
Processed step 420 of 500
Processed step 430 of 500
Processed step 440 of 500
Processed step 450 of 500
Processed step 460 of 500
Processed step 470 of 500
Processed step 480 of 500
Processed step 490 of 500
[2026-10-08 21:46:48,030][agent.finetune.train_ppo_diffusion_agent][INFO] - approx_kl: 0.0, update_epoch: 0, num_batch: 4
[2026-10-08 21:46:50,343][agent.finetune.train_ppo_diffusion_agent][INFO] - approx_kl: 1.8303069282410434e-07, update_epoch: 0, num_batch: 4
[2026-10-08 21:46:52,454][agent.finetune.train_ppo_diffusion_agent][INFO] - approx_kl: 6.277338115978637e-07, update_epoch: 0, num_batch: 4
[2026-10-08 21:46:54,663][agent.finetune.train_ppo_diffusion_agent][INFO] - approx_kl: 1.434728801541496e-06, update_epoch: 0, num_batch: 4
[2026-10-08 21:46:56,862][agent.finetune.train_ppo_diffusion_agent][INFO] - approx_kl: 2.3968036657606717e-06, update_epoch: 1, num_batch: 4
[2026-10-08 21:46:59,174][agent.finetune.train_ppo_diffusion_agent][INFO] - approx_kl: 3.843372724077199e-06, update_epoch: 1, num_batch: 4
[2026-10-08 21:47:01,283][agent.finetune.train_ppo_diffusion_agent][INFO] - approx_kl: 5.324574431142537e-06, update_epoch: 1, num_batch: 4
[2026-10-08 21:47:03,474][agent.finetune.train_ppo_diffusion_agent][INFO] - approx_kl: 7.059024483169196e-06, update_epoch: 1, num_batch: 4
[2026-10-08 21:47:05,679][agent.finetune.train_ppo_diffusion_agent][INFO] - approx_kl: 8.364173481822945e-06, update_epoch: 2, num_batch: 4
[2026-10-08 21:47:08,008][agent.finetune.train_ppo_diffusion_agent][INFO] - approx_kl: 8.930948752094992e-06, update_epoch: 2, num_batch: 4
[2026-10-08 21:47:10,134][agent.finetune.train_ppo_diffusion_agent][INFO] - approx_kl: 8.990619789983612e-06, update_epoch: 2, num_batch: 4
[2026-10-08 21:47:12,331][agent.finetune.train_ppo_diffusion_agent][INFO] - approx_kl: 8.990401511255186e-06, update_epoch: 2, num_batch: 4
[2026-10-08 21:47:14,537][agent.finetune.train_ppo_diffusion_agent][INFO] - approx_kl: 9.346532351628412e-06, update_epoch: 3, num_batch: 4
[2026-10-08 21:47:16,858][agent.finetune.train_ppo_diffusion_agent][INFO] - approx_kl: 9.99527946987655e-06, update_epoch: 3, num_batch: 4
[2026-10-08 21:47:18,982][agent.finetune.train_ppo_diffusion_agent][INFO] - approx_kl: 1.1027831533283461e-05, update_epoch: 3, num_batch: 4
[2026-10-08 21:47:21,190][agent.finetune.train_ppo_diffusion_agent][INFO] - approx_kl: 1.20580380098545e-05, update_epoch: 3, num_batch: 4
[2026-10-08 21:47:23,398][agent.finetune.train_ppo_diffusion_agent][INFO] - approx_kl: 1.267084098799387e-05, update_epoch: 4, num_batch: 4
[2026-10-08 21:47:25,695][agent.finetune.train_ppo_diffusion_agent][INFO] - approx_kl: 1.3383895748120267e-05, update_epoch: 4, num_batch: 4
[2026-10-08 21:47:27,787][agent.finetune.train_ppo_diffusion_agent][INFO] - approx_kl: 1.4308176105259918e-05, update_epoch: 4, num_batch: 4
[2026-10-08 21:47:30,006][agent.finetune.train_ppo_diffusion_agent][INFO] - approx_kl: 1.482081825088244e-05, update_epoch: 4, num_batch: 4
[2026-10-08 21:47:30,013][agent.finetune.train_ppo_diffusion_agent][INFO] - 119: step  8640000 | loss   0.0556 | pg loss  -0.0006 | value loss   0.1122 | bc loss   0.0000 | reward 4364.9898 | eta   1.0000 | t: 57.6247
Processed step 0 of 500
Processed step 10 of 500
Processed step 20 of 500
Processed step 30 of 500
Processed step 40 of 500
Processed step 50 of 500
Processed step 60 of 500
Processed step 70 of 500
Processed step 80 of 500
Processed step 90 of 500
Processed step 100 of 500
Processed step 110 of 500
Processed step 120 of 500
Processed step 130 of 500
Processed step 140 of 500
Processed step 150 of 500
Processed step 160 of 500
Processed step 170 of 500
Processed step 180 of 500
Processed step 190 of 500
Processed step 200 of 500
Processed step 210 of 500
Processed step 220 of 500
Processed step 230 of 500
Processed step 240 of 500
Processed step 250 of 500
Processed step 260 of 500
Processed step 270 of 500
Processed step 280 of 500
Processed step 290 of 500
Processed step 300 of 500
Processed step 310 of 500
Processed step 320 of 500
Processed step 330 of 500
Processed step 340 of 500
Processed step 350 of 500
Processed step 360 of 500
Processed step 370 of 500
Processed step 380 of 500
Processed step 390 of 500
Processed step 400 of 500
Processed step 410 of 500
Processed step 420 of 500
Processed step 430 of 500
Processed step 440 of 500
Processed step 450 of 500
Processed step 460 of 500
Processed step 470 of 500
Processed step 480 of 500
Processed step 490 of 500
[2026-10-08 21:47:42,792][agent.finetune.train_ppo_diffusion_agent][INFO] - eval: success rate   1.0000 | avg episode reward 4688.8171 | avg best reward   6.5368
Processed step 0 of 500
Processed step 10 of 500
Processed step 20 of 500
Processed step 30 of 500
Processed step 40 of 500
Processed step 50 of 500
Processed step 60 of 500
Processed step 70 of 500
Processed step 80 of 500
Processed step 90 of 500
Processed step 100 of 500
Processed step 110 of 500
Processed step 120 of 500
Processed step 130 of 500
Processed step 140 of 500
Processed step 150 of 500
Processed step 160 of 500
Processed step 170 of 500
Processed step 180 of 500
Processed step 190 of 500
Processed step 200 of 500
Processed step 210 of 500
Processed step 220 of 500
Processed step 230 of 500
Processed step 240 of 500
Processed step 250 of 500
Processed step 260 of 500
Processed step 270 of 500
Processed step 280 of 500
Processed step 290 of 500
Processed step 300 of 500
Processed step 310 of 500
Processed step 320 of 500
Processed step 330 of 500
Processed step 340 of 500
Processed step 350 of 500
Processed step 360 of 500
Processed step 370 of 500
Processed step 380 of 500
Processed step 390 of 500
Processed step 400 of 500
Processed step 410 of 500
Processed step 420 of 500
Processed step 430 of 500
Processed step 440 of 500
Processed step 450 of 500
Processed step 460 of 500
Processed step 470 of 500
Processed step 480 of 500
Processed step 490 of 500
[2026-10-08 21:47:57,625][agent.finetune.train_ppo_diffusion_agent][INFO] - approx_kl: 0.0, update_epoch: 0, num_batch: 4
[2026-10-08 21:47:59,940][agent.finetune.train_ppo_diffusion_agent][INFO] - approx_kl: 1.57628079477945e-07, update_epoch: 0, num_batch: 4
[2026-10-08 21:48:02,048][agent.finetune.train_ppo_diffusion_agent][INFO] - approx_kl: 6.353743060572015e-07, update_epoch: 0, num_batch: 4
[2026-10-08 21:48:04,259][agent.finetune.train_ppo_diffusion_agent][INFO] - approx_kl: 1.4734744127054e-06, update_epoch: 0, num_batch: 4
[2026-10-08 21:48:06,468][agent.finetune.train_ppo_diffusion_agent][INFO] - approx_kl: 2.7717530883819563e-06, update_epoch: 1, num_batch: 4
[2026-10-08 21:48:08,801][agent.finetune.train_ppo_diffusion_agent][INFO] - approx_kl: 4.635610821424052e-06, update_epoch: 1, num_batch: 4
[2026-10-08 21:48:10,958][agent.finetune.train_ppo_diffusion_agent][INFO] - approx_kl: 7.246362201840384e-06, update_epoch: 1, num_batch: 4
[2026-10-08 21:48:13,167][agent.finetune.train_ppo_diffusion_agent][INFO] - approx_kl: 9.136244443652686e-06, update_epoch: 1, num_batch: 4
[2026-10-08 21:48:15,378][agent.finetune.train_ppo_diffusion_agent][INFO] - approx_kl: 1.0432460840092972e-05, update_epoch: 2, num_batch: 4
[2026-10-08 21:48:17,689][agent.finetune.train_ppo_diffusion_agent][INFO] - approx_kl: 1.070449343387736e-05, update_epoch: 2, num_batch: 4
[2026-10-08 21:48:19,784][agent.finetune.train_ppo_diffusion_agent][INFO] - approx_kl: 1.0463032594998367e-05, update_epoch: 2, num_batch: 4
[2026-10-08 21:48:21,988][agent.finetune.train_ppo_diffusion_agent][INFO] - approx_kl: 1.0244967597827781e-05, update_epoch: 2, num_batch: 4
[2026-10-08 21:48:24,181][agent.finetune.train_ppo_diffusion_agent][INFO] - approx_kl: 1.0264905540680047e-05, update_epoch: 3, num_batch: 4
[2026-10-08 21:48:26,498][agent.finetune.train_ppo_diffusion_agent][INFO] - approx_kl: 1.0680450031941291e-05, update_epoch: 3, num_batch: 4
[2026-10-08 21:48:28,625][agent.finetune.train_ppo_diffusion_agent][INFO] - approx_kl: 1.1406847988837399e-05, update_epoch: 3, num_batch: 4
[2026-10-08 21:48:30,838][agent.finetune.train_ppo_diffusion_agent][INFO] - approx_kl: 1.2487381354731042e-05, update_epoch: 3, num_batch: 4
[2026-10-08 21:48:33,054][agent.finetune.train_ppo_diffusion_agent][INFO] - approx_kl: 1.3113641216477845e-05, update_epoch: 4, num_batch: 4
[2026-10-08 21:48:35,379][agent.finetune.train_ppo_diffusion_agent][INFO] - approx_kl: 1.3827938346366864e-05, update_epoch: 4, num_batch: 4
[2026-10-08 21:48:37,500][agent.finetune.train_ppo_diffusion_agent][INFO] - approx_kl: 1.4272425687522627e-05, update_epoch: 4, num_batch: 4
[2026-10-08 21:48:39,710][agent.finetune.train_ppo_diffusion_agent][INFO] - approx_kl: 1.4870593076921068e-05, update_epoch: 4, num_batch: 4
[2026-10-08 21:48:39,716][agent.finetune.train_ppo_diffusion_agent][INFO] - 121: step  8720000 | loss   0.0557 | pg loss  -0.0006 | value loss   0.1126 | bc loss   0.0000 | reward 4305.4518 | eta   1.0000 | t: 56.9240
Processed step 0 of 500
Processed step 10 of 500
Processed step 20 of 500
Processed step 30 of 500
Processed step 40 of 500
Processed step 50 of 500
Processed step 60 of 500
Processed step 70 of 500
Processed step 80 of 500
Processed step 90 of 500
Processed step 100 of 500
Processed step 110 of 500
Processed step 120 of 500
Processed step 130 of 500
Processed step 140 of 500
Processed step 150 of 500
Processed step 160 of 500
Processed step 170 of 500
Processed step 180 of 500
Processed step 190 of 500
Processed step 200 of 500
Processed step 210 of 500
Processed step 220 of 500
Processed step 230 of 500
Processed step 240 of 500
Processed step 250 of 500
Processed step 260 of 500
Processed step 270 of 500
Processed step 280 of 500
Processed step 290 of 500
Processed step 300 of 500
Processed step 310 of 500
Processed step 320 of 500
Processed step 330 of 500
Processed step 340 of 500
Processed step 350 of 500
Processed step 360 of 500
Processed step 370 of 500
Processed step 380 of 500
Processed step 390 of 500
Processed step 400 of 500
Processed step 410 of 500
Processed step 420 of 500
Processed step 430 of 500
Processed step 440 of 500
Processed step 450 of 500
Processed step 460 of 500
Processed step 470 of 500
Processed step 480 of 500
Processed step 490 of 500
[2026-10-08 21:48:54,648][agent.finetune.train_ppo_diffusion_agent][INFO] - approx_kl: 0.0, update_epoch: 0, num_batch: 4
[2026-10-08 21:48:56,946][agent.finetune.train_ppo_diffusion_agent][INFO] - approx_kl: 1.9781469973167987e-07, update_epoch: 0, num_batch: 4
[2026-10-08 21:48:59,056][agent.finetune.train_ppo_diffusion_agent][INFO] - approx_kl: 7.259238259393896e-07, update_epoch: 0, num_batch: 4
[2026-10-08 21:49:01,252][agent.finetune.train_ppo_diffusion_agent][INFO] - approx_kl: 1.7220343124790816e-06, update_epoch: 0, num_batch: 4
[2026-10-08 21:49:03,460][agent.finetune.train_ppo_diffusion_agent][INFO] - approx_kl: 2.8631704935833113e-06, update_epoch: 1, num_batch: 4
[2026-10-08 21:49:05,755][agent.finetune.train_ppo_diffusion_agent][INFO] - approx_kl: 4.521709342952818e-06, update_epoch: 1, num_batch: 4
[2026-10-08 21:49:07,857][agent.finetune.train_ppo_diffusion_agent][INFO] - approx_kl: 6.394829597411444e-06, update_epoch: 1, num_batch: 4
[2026-10-08 21:49:10,057][agent.finetune.train_ppo_diffusion_agent][INFO] - approx_kl: 8.026730029087048e-06, update_epoch: 1, num_batch: 4
[2026-10-08 21:49:12,300][agent.finetune.train_ppo_diffusion_agent][INFO] - approx_kl: 8.599964530731086e-06, update_epoch: 2, num_batch: 4
[2026-10-08 21:49:14,631][agent.finetune.train_ppo_diffusion_agent][INFO] - approx_kl: 9.079974915948696e-06, update_epoch: 2, num_batch: 4
[2026-10-08 21:49:16,743][agent.finetune.train_ppo_diffusion_agent][INFO] - approx_kl: 9.202046385325957e-06, update_epoch: 2, num_batch: 4
[2026-10-08 21:49:18,950][agent.finetune.train_ppo_diffusion_agent][INFO] - approx_kl: 9.732881153468043e-06, update_epoch: 2, num_batch: 4
[2026-10-08 21:49:21,138][agent.finetune.train_ppo_diffusion_agent][INFO] - approx_kl: 1.0205315447819885e-05, update_epoch: 3, num_batch: 4
[2026-10-08 21:49:23,452][agent.finetune.train_ppo_diffusion_agent][INFO] - approx_kl: 1.0898528671532404e-05, update_epoch: 3, num_batch: 4
[2026-10-08 21:49:25,562][agent.finetune.train_ppo_diffusion_agent][INFO] - approx_kl: 1.1007302418875042e-05, update_epoch: 3, num_batch: 4
[2026-10-08 21:49:27,773][agent.finetune.train_ppo_diffusion_agent][INFO] - approx_kl: 1.1580497812246904e-05, update_epoch: 3, num_batch: 4
[2026-10-08 21:49:29,982][agent.finetune.train_ppo_diffusion_agent][INFO] - approx_kl: 1.2174793482699897e-05, update_epoch: 4, num_batch: 4
[2026-10-08 21:49:32,344][agent.finetune.train_ppo_diffusion_agent][INFO] - approx_kl: 1.2933449397678487e-05, update_epoch: 4, num_batch: 4
[2026-10-08 21:49:34,462][agent.finetune.train_ppo_diffusion_agent][INFO] - approx_kl: 1.3804592526867054e-05, update_epoch: 4, num_batch: 4
[2026-10-08 21:49:36,670][agent.finetune.train_ppo_diffusion_agent][INFO] - approx_kl: 1.4110242773313075e-05, update_epoch: 4, num_batch: 4
[2026-10-08 21:49:36,676][agent.finetune.train_ppo_diffusion_agent][INFO] - 122: step  8800000 | loss   0.0548 | pg loss  -0.0005 | value loss   0.1106 | bc loss   0.0000 | reward 4424.6912 | eta   1.0000 | t: 56.9600
Processed step 0 of 500
Processed step 10 of 500
Processed step 20 of 500
Processed step 30 of 500
Processed step 40 of 500
Processed step 50 of 500
Processed step 60 of 500
Processed step 70 of 500
Processed step 80 of 500
Processed step 90 of 500
Processed step 100 of 500
Processed step 110 of 500
Processed step 120 of 500
Processed step 130 of 500
Processed step 140 of 500
Processed step 150 of 500
Processed step 160 of 500
Processed step 170 of 500
Processed step 180 of 500
Processed step 190 of 500
Processed step 200 of 500
Processed step 210 of 500
Processed step 220 of 500
Processed step 230 of 500
Processed step 240 of 500
Processed step 250 of 500
Processed step 260 of 500
Processed step 270 of 500
Processed step 280 of 500
Processed step 290 of 500
Processed step 300 of 500
Processed step 310 of 500
Processed step 320 of 500
Processed step 330 of 500
Processed step 340 of 500
Processed step 350 of 500
Processed step 360 of 500
Processed step 370 of 500
Processed step 380 of 500
Processed step 390 of 500
Processed step 400 of 500
Processed step 410 of 500
Processed step 420 of 500
Processed step 430 of 500
Processed step 440 of 500
Processed step 450 of 500
Processed step 460 of 500
Processed step 470 of 500
Processed step 480 of 500
Processed step 490 of 500
[2026-10-08 21:49:52,519][agent.finetune.train_ppo_diffusion_agent][INFO] - approx_kl: 0.0, update_epoch: 0, num_batch: 4
[2026-10-08 21:49:54,614][agent.finetune.train_ppo_diffusion_agent][INFO] - approx_kl: 1.5613375126122264e-07, update_epoch: 0, num_batch: 4
[2026-10-08 21:49:56,824][agent.finetune.train_ppo_diffusion_agent][INFO] - approx_kl: 5.85430257160624e-07, update_epoch: 0, num_batch: 4
[2026-10-08 21:49:59,030][agent.finetune.train_ppo_diffusion_agent][INFO] - approx_kl: 1.3537677432395867e-06, update_epoch: 0, num_batch: 4
[2026-10-08 21:50:01,342][agent.finetune.train_ppo_diffusion_agent][INFO] - approx_kl: 2.330603365408024e-06, update_epoch: 1, num_batch: 4
[2026-10-08 21:50:03,459][agent.finetune.train_ppo_diffusion_agent][INFO] - approx_kl: 3.937146630050847e-06, update_epoch: 1, num_batch: 4
[2026-10-08 21:50:05,705][agent.finetune.train_ppo_diffusion_agent][INFO] - approx_kl: 5.6182980188168585e-06, update_epoch: 1, num_batch: 4
[2026-10-08 21:50:07,916][agent.finetune.train_ppo_diffusion_agent][INFO] - approx_kl: 7.326927516260184e-06, update_epoch: 1, num_batch: 4
[2026-10-08 21:50:10,241][agent.finetune.train_ppo_diffusion_agent][INFO] - approx_kl: 8.827959391055629e-06, update_epoch: 2, num_batch: 4
[2026-10-08 21:50:12,351][agent.finetune.train_ppo_diffusion_agent][INFO] - approx_kl: 9.737310392665677e-06, update_epoch: 2, num_batch: 4
[2026-10-08 21:50:14,560][agent.finetune.train_ppo_diffusion_agent][INFO] - approx_kl: 1.0016588021244388e-05, update_epoch: 2, num_batch: 4
[2026-10-08 21:50:16,765][agent.finetune.train_ppo_diffusion_agent][INFO] - approx_kl: 9.931215572578367e-06, update_epoch: 2, num_batch: 4
[2026-10-08 21:50:19,083][agent.finetune.train_ppo_diffusion_agent][INFO] - approx_kl: 1.0004512660088949e-05, update_epoch: 3, num_batch: 4
[2026-10-08 21:50:21,192][agent.finetune.train_ppo_diffusion_agent][INFO] - approx_kl: 1.0573276995273773e-05, update_epoch: 3, num_batch: 4
[2026-10-08 21:50:23,404][agent.finetune.train_ppo_diffusion_agent][INFO] - approx_kl: 1.1235193596803583e-05, update_epoch: 3, num_batch: 4
[2026-10-08 21:50:25,605][agent.finetune.train_ppo_diffusion_agent][INFO] - approx_kl: 1.1945243386435322e-05, update_epoch: 3, num_batch: 4
[2026-10-08 21:50:27,926][agent.finetune.train_ppo_diffusion_agent][INFO] - approx_kl: 1.2253485692781396e-05, update_epoch: 4, num_batch: 4
[2026-10-08 21:50:30,039][agent.finetune.train_ppo_diffusion_agent][INFO] - approx_kl: 1.290077307203319e-05, update_epoch: 4, num_batch: 4
[2026-10-08 21:50:32,239][agent.finetune.train_ppo_diffusion_agent][INFO] - approx_kl: 1.3510148164641578e-05, update_epoch: 4, num_batch: 4
[2026-10-08 21:50:34,454][agent.finetune.train_ppo_diffusion_agent][INFO] - approx_kl: 1.4509448192256968e-05, update_epoch: 4, num_batch: 4
[2026-10-08 21:50:34,460][agent.finetune.train_ppo_diffusion_agent][INFO] - 123: step  8880000 | loss   0.0563 | pg loss  -0.0003 | value loss   0.1133 | bc loss   0.0000 | reward 4435.7417 | eta   1.0000 | t: 57.7837
Processed step 0 of 500
Processed step 10 of 500
Processed step 20 of 500
Processed step 30 of 500
Processed step 40 of 500
Processed step 50 of 500
Processed step 60 of 500
Processed step 70 of 500
Processed step 80 of 500
Processed step 90 of 500
Processed step 100 of 500
Processed step 110 of 500
Processed step 120 of 500
Processed step 130 of 500
Processed step 140 of 500
Processed step 150 of 500
Processed step 160 of 500
Processed step 170 of 500
Processed step 180 of 500
Processed step 190 of 500
Processed step 200 of 500
Processed step 210 of 500
Processed step 220 of 500
Processed step 230 of 500
Processed step 240 of 500
Processed step 250 of 500
Processed step 260 of 500
Processed step 270 of 500
Processed step 280 of 500
Processed step 290 of 500
Processed step 300 of 500
Processed step 310 of 500
Processed step 320 of 500
Processed step 330 of 500
Processed step 340 of 500
Processed step 350 of 500
Processed step 360 of 500
Processed step 370 of 500
Processed step 380 of 500
Processed step 390 of 500
Processed step 400 of 500
Processed step 410 of 500
Processed step 420 of 500
Processed step 430 of 500
Processed step 440 of 500
Processed step 450 of 500
Processed step 460 of 500
Processed step 470 of 500
Processed step 480 of 500
Processed step 490 of 500
[2026-10-08 21:50:50,266][agent.finetune.train_ppo_diffusion_agent][INFO] - approx_kl: 0.0, update_epoch: 0, num_batch: 4
[2026-10-08 21:50:52,377][agent.finetune.train_ppo_diffusion_agent][INFO] - approx_kl: 1.4153634708691243e-07, update_epoch: 0, num_batch: 4
[2026-10-08 21:50:54,576][agent.finetune.train_ppo_diffusion_agent][INFO] - approx_kl: 4.862702667196572e-07, update_epoch: 0, num_batch: 4
[2026-10-08 21:50:56,787][agent.finetune.train_ppo_diffusion_agent][INFO] - approx_kl: 1.0563470596025581e-06, update_epoch: 0, num_batch: 4
[2026-10-08 21:50:59,098][agent.finetune.train_ppo_diffusion_agent][INFO] - approx_kl: 1.7688896605250193e-06, update_epoch: 1, num_batch: 4
[2026-10-08 21:51:01,208][agent.finetune.train_ppo_diffusion_agent][INFO] - approx_kl: 2.962213784485357e-06, update_epoch: 1, num_batch: 4
[2026-10-08 21:51:03,420][agent.finetune.train_ppo_diffusion_agent][INFO] - approx_kl: 4.486091711441986e-06, update_epoch: 1, num_batch: 4
[2026-10-08 21:51:05,626][agent.finetune.train_ppo_diffusion_agent][INFO] - approx_kl: 6.0644342738669366e-06, update_epoch: 1, num_batch: 4
[2026-10-08 21:51:07,990][agent.finetune.train_ppo_diffusion_agent][INFO] - approx_kl: 7.239299065986415e-06, update_epoch: 2, num_batch: 4
[2026-10-08 21:51:10,095][agent.finetune.train_ppo_diffusion_agent][INFO] - approx_kl: 7.938699127407745e-06, update_epoch: 2, num_batch: 4
[2026-10-08 21:51:12,309][agent.finetune.train_ppo_diffusion_agent][INFO] - approx_kl: 8.741759302210994e-06, update_epoch: 2, num_batch: 4
[2026-10-08 21:51:14,508][agent.finetune.train_ppo_diffusion_agent][INFO] - approx_kl: 9.67540927376831e-06, update_epoch: 2, num_batch: 4
[2026-10-08 21:51:16,812][agent.finetune.train_ppo_diffusion_agent][INFO] - approx_kl: 1.0758707503555343e-05, update_epoch: 3, num_batch: 4
[2026-10-08 21:51:18,901][agent.finetune.train_ppo_diffusion_agent][INFO] - approx_kl: 1.1634405382210389e-05, update_epoch: 3, num_batch: 4
[2026-10-08 21:51:21,100][agent.finetune.train_ppo_diffusion_agent][INFO] - approx_kl: 1.237607648363337e-05, update_epoch: 3, num_batch: 4
[2026-10-08 21:51:23,291][agent.finetune.train_ppo_diffusion_agent][INFO] - approx_kl: 1.3082475561532192e-05, update_epoch: 3, num_batch: 4
[2026-10-08 21:51:25,595][agent.finetune.train_ppo_diffusion_agent][INFO] - approx_kl: 1.344836437056074e-05, update_epoch: 4, num_batch: 4
[2026-10-08 21:51:27,688][agent.finetune.train_ppo_diffusion_agent][INFO] - approx_kl: 1.3935420611232985e-05, update_epoch: 4, num_batch: 4
[2026-10-08 21:51:29,884][agent.finetune.train_ppo_diffusion_agent][INFO] - approx_kl: 1.4654309779871255e-05, update_epoch: 4, num_batch: 4
[2026-10-08 21:51:32,069][agent.finetune.train_ppo_diffusion_agent][INFO] - approx_kl: 1.506579155829968e-05, update_epoch: 4, num_batch: 4
[2026-10-08 21:51:32,077][agent.finetune.train_ppo_diffusion_agent][INFO] - 124: step  8960000 | loss   0.0572 | pg loss  -0.0005 | value loss   0.1153 | bc loss   0.0000 | reward 4355.0675 | eta   1.0000 | t: 57.6164
Processed step 0 of 500
Processed step 10 of 500
Processed step 20 of 500
Processed step 30 of 500
Processed step 40 of 500
Processed step 50 of 500
Processed step 60 of 500
Processed step 70 of 500
Processed step 80 of 500
Processed step 90 of 500
Processed step 100 of 500
Processed step 110 of 500
Processed step 120 of 500
Processed step 130 of 500
Processed step 140 of 500
Processed step 150 of 500
Processed step 160 of 500
Processed step 170 of 500
Processed step 180 of 500
Processed step 190 of 500
Processed step 200 of 500
Processed step 210 of 500
Processed step 220 of 500
Processed step 230 of 500
Processed step 240 of 500
Processed step 250 of 500
Processed step 260 of 500
Processed step 270 of 500
Processed step 280 of 500
Processed step 290 of 500
Processed step 300 of 500
Processed step 310 of 500
Processed step 320 of 500
Processed step 330 of 500
Processed step 340 of 500
Processed step 350 of 500
Processed step 360 of 500
Processed step 370 of 500
Processed step 380 of 500
Processed step 390 of 500
Processed step 400 of 500
Processed step 410 of 500
Processed step 420 of 500
Processed step 430 of 500
Processed step 440 of 500
Processed step 450 of 500
Processed step 460 of 500
Processed step 470 of 500
Processed step 480 of 500
Processed step 490 of 500
[2026-10-08 21:51:47,868][agent.finetune.train_ppo_diffusion_agent][INFO] - approx_kl: 0.0, update_epoch: 0, num_batch: 4
[2026-10-08 21:51:49,961][agent.finetune.train_ppo_diffusion_agent][INFO] - approx_kl: 2.4774953999440186e-07, update_epoch: 0, num_batch: 4
[2026-10-08 21:51:52,163][agent.finetune.train_ppo_diffusion_agent][INFO] - approx_kl: 9.344949489786814e-07, update_epoch: 0, num_batch: 4
[2026-10-08 21:51:54,482][agent.finetune.train_ppo_diffusion_agent][INFO] - approx_kl: 2.131025667040376e-06, update_epoch: 0, num_batch: 4
[2026-10-08 21:51:56,588][agent.finetune.train_ppo_diffusion_agent][INFO] - approx_kl: 3.690446419568616e-06, update_epoch: 1, num_batch: 4
[2026-10-08 21:51:58,783][agent.finetune.train_ppo_diffusion_agent][INFO] - approx_kl: 5.46504315934726e-06, update_epoch: 1, num_batch: 4
[2026-10-08 21:52:00,977][agent.finetune.train_ppo_diffusion_agent][INFO] - approx_kl: 7.199996616691351e-06, update_epoch: 1, num_batch: 4
[2026-10-08 21:52:03,275][agent.finetune.train_ppo_diffusion_agent][INFO] - approx_kl: 8.114289812510833e-06, update_epoch: 1, num_batch: 4
[2026-10-08 21:52:05,371][agent.finetune.train_ppo_diffusion_agent][INFO] - approx_kl: 8.24686503619887e-06, update_epoch: 2, num_batch: 4
[2026-10-08 21:52:07,576][agent.finetune.train_ppo_diffusion_agent][INFO] - approx_kl: 7.868618013162632e-06, update_epoch: 2, num_batch: 4
[2026-10-08 21:52:09,811][agent.finetune.train_ppo_diffusion_agent][INFO] - approx_kl: 7.98185465100687e-06, update_epoch: 2, num_batch: 4
[2026-10-08 21:52:12,119][agent.finetune.train_ppo_diffusion_agent][INFO] - approx_kl: 8.627279385109432e-06, update_epoch: 2, num_batch: 4
[2026-10-08 21:52:14,226][agent.finetune.train_ppo_diffusion_agent][INFO] - approx_kl: 9.565210348227993e-06, update_epoch: 3, num_batch: 4
[2026-10-08 21:52:16,435][agent.finetune.train_ppo_diffusion_agent][INFO] - approx_kl: 1.044429973262595e-05, update_epoch: 3, num_batch: 4
[2026-10-08 21:52:18,628][agent.finetune.train_ppo_diffusion_agent][INFO] - approx_kl: 1.1303026440145914e-05, update_epoch: 3, num_batch: 4
[2026-10-08 21:52:20,940][agent.finetune.train_ppo_diffusion_agent][INFO] - approx_kl: 1.2016370419587474e-05, update_epoch: 3, num_batch: 4
[2026-10-08 21:52:23,050][agent.finetune.train_ppo_diffusion_agent][INFO] - approx_kl: 1.2829625120502897e-05, update_epoch: 4, num_batch: 4
[2026-10-08 21:52:25,254][agent.finetune.train_ppo_diffusion_agent][INFO] - approx_kl: 1.3834375749866012e-05, update_epoch: 4, num_batch: 4
[2026-10-08 21:52:27,457][agent.finetune.train_ppo_diffusion_agent][INFO] - approx_kl: 1.4388891941052862e-05, update_epoch: 4, num_batch: 4
[2026-10-08 21:52:29,775][agent.finetune.train_ppo_diffusion_agent][INFO] - approx_kl: 1.4909295714460313e-05, update_epoch: 4, num_batch: 4
[2026-10-08 21:52:29,783][agent.finetune.train_ppo_diffusion_agent][INFO] - 125: step  9040000 | loss   0.0568 | pg loss  -0.0007 | value loss   0.1151 | bc loss   0.0000 | reward 4275.2685 | eta   1.0000 | t: 57.7066
Processed step 0 of 500
Processed step 10 of 500
Processed step 20 of 500
Processed step 30 of 500
Processed step 40 of 500
Processed step 50 of 500
Processed step 60 of 500
Processed step 70 of 500
Processed step 80 of 500
Processed step 90 of 500
Processed step 100 of 500
Processed step 110 of 500
Processed step 120 of 500
Processed step 130 of 500
Processed step 140 of 500
Processed step 150 of 500
Processed step 160 of 500
Processed step 170 of 500
Processed step 180 of 500
Processed step 190 of 500
Processed step 200 of 500
Processed step 210 of 500
Processed step 220 of 500
Processed step 230 of 500
Processed step 240 of 500
Processed step 250 of 500
Processed step 260 of 500
Processed step 270 of 500
Processed step 280 of 500
Processed step 290 of 500
Processed step 300 of 500
Processed step 310 of 500
Processed step 320 of 500
Processed step 330 of 500
Processed step 340 of 500
Processed step 350 of 500
Processed step 360 of 500
Processed step 370 of 500
Processed step 380 of 500
Processed step 390 of 500
Processed step 400 of 500
Processed step 410 of 500
Processed step 420 of 500
Processed step 430 of 500
Processed step 440 of 500
Processed step 450 of 500
Processed step 460 of 500
Processed step 470 of 500
Processed step 480 of 500
Processed step 490 of 500
[2026-10-08 21:52:45,409][agent.finetune.train_ppo_diffusion_agent][INFO] - approx_kl: 0.0, update_epoch: 0, num_batch: 4
[2026-10-08 21:52:47,633][agent.finetune.train_ppo_diffusion_agent][INFO] - approx_kl: 2.1489297807875118e-07, update_epoch: 0, num_batch: 4
[2026-10-08 21:52:49,825][agent.finetune.train_ppo_diffusion_agent][INFO] - approx_kl: 7.258643108798424e-07, update_epoch: 0, num_batch: 4
[2026-10-08 21:52:52,140][agent.finetune.train_ppo_diffusion_agent][INFO] - approx_kl: 1.37206518502353e-06, update_epoch: 0, num_batch: 4
[2026-10-08 21:52:54,245][agent.finetune.train_ppo_diffusion_agent][INFO] - approx_kl: 2.3177178718469804e-06, update_epoch: 1, num_batch: 4
[2026-10-08 21:52:56,449][agent.finetune.train_ppo_diffusion_agent][INFO] - approx_kl: 3.702848516695667e-06, update_epoch: 1, num_batch: 4
[2026-10-08 21:52:58,654][agent.finetune.train_ppo_diffusion_agent][INFO] - approx_kl: 5.427537416835548e-06, update_epoch: 1, num_batch: 4
[2026-10-08 21:53:00,973][agent.finetune.train_ppo_diffusion_agent][INFO] - approx_kl: 7.164788257796317e-06, update_epoch: 1, num_batch: 4
[2026-10-08 21:53:03,081][agent.finetune.train_ppo_diffusion_agent][INFO] - approx_kl: 8.294338840642013e-06, update_epoch: 2, num_batch: 4
[2026-10-08 21:53:05,290][agent.finetune.train_ppo_diffusion_agent][INFO] - approx_kl: 8.653045370010659e-06, update_epoch: 2, num_batch: 4
[2026-10-08 21:53:07,487][agent.finetune.train_ppo_diffusion_agent][INFO] - approx_kl: 9.337907613371499e-06, update_epoch: 2, num_batch: 4
[2026-10-08 21:53:09,800][agent.finetune.train_ppo_diffusion_agent][INFO] - approx_kl: 9.882455742626917e-06, update_epoch: 2, num_batch: 4
[2026-10-08 21:53:11,957][agent.finetune.train_ppo_diffusion_agent][INFO] - approx_kl: 1.0098176971951034e-05, update_epoch: 3, num_batch: 4
[2026-10-08 21:53:14,148][agent.finetune.train_ppo_diffusion_agent][INFO] - approx_kl: 1.0673295037122443e-05, update_epoch: 3, num_batch: 4
[2026-10-08 21:53:16,344][agent.finetune.train_ppo_diffusion_agent][INFO] - approx_kl: 1.1286603694316e-05, update_epoch: 3, num_batch: 4
[2026-10-08 21:53:18,657][agent.finetune.train_ppo_diffusion_agent][INFO] - approx_kl: 1.1952810382354073e-05, update_epoch: 3, num_batch: 4
[2026-10-08 21:53:20,757][agent.finetune.train_ppo_diffusion_agent][INFO] - approx_kl: 1.2431159120751545e-05, update_epoch: 4, num_batch: 4
[2026-10-08 21:53:22,963][agent.finetune.train_ppo_diffusion_agent][INFO] - approx_kl: 1.3255718840810005e-05, update_epoch: 4, num_batch: 4
[2026-10-08 21:53:25,170][agent.finetune.train_ppo_diffusion_agent][INFO] - approx_kl: 1.3988635146233719e-05, update_epoch: 4, num_batch: 4
[2026-10-08 21:53:27,486][agent.finetune.train_ppo_diffusion_agent][INFO] - approx_kl: 1.473582142352825e-05, update_epoch: 4, num_batch: 4
[2026-10-08 21:53:27,494][agent.finetune.train_ppo_diffusion_agent][INFO] - 126: step  9120000 | loss   0.0566 | pg loss  -0.0005 | value loss   0.1142 | bc loss   0.0000 | reward 4410.3213 | eta   1.0000 | t: 57.7111
Processed step 0 of 500
Processed step 10 of 500
Processed step 20 of 500
Processed step 30 of 500
Processed step 40 of 500
Processed step 50 of 500
Processed step 60 of 500
Processed step 70 of 500
Processed step 80 of 500
Processed step 90 of 500
Processed step 100 of 500
Processed step 110 of 500
Processed step 120 of 500
Processed step 130 of 500
Processed step 140 of 500
Processed step 150 of 500
Processed step 160 of 500
Processed step 170 of 500
Processed step 180 of 500
Processed step 190 of 500
Processed step 200 of 500
Processed step 210 of 500
Processed step 220 of 500
Processed step 230 of 500
Processed step 240 of 500
Processed step 250 of 500
Processed step 260 of 500
Processed step 270 of 500
Processed step 280 of 500
Processed step 290 of 500
Processed step 300 of 500
Processed step 310 of 500
Processed step 320 of 500
Processed step 330 of 500
Processed step 340 of 500
Processed step 350 of 500
Processed step 360 of 500
Processed step 370 of 500
Processed step 380 of 500
Processed step 390 of 500
Processed step 400 of 500
Processed step 410 of 500
Processed step 420 of 500
Processed step 430 of 500
Processed step 440 of 500
Processed step 450 of 500
Processed step 460 of 500
Processed step 470 of 500
Processed step 480 of 500
Processed step 490 of 500
[2026-10-08 21:53:43,059][agent.finetune.train_ppo_diffusion_agent][INFO] - approx_kl: 0.0, update_epoch: 0, num_batch: 4
[2026-10-08 21:53:45,261][agent.finetune.train_ppo_diffusion_agent][INFO] - approx_kl: 1.7676978814051836e-07, update_epoch: 0, num_batch: 4
[2026-10-08 21:53:47,433][agent.finetune.train_ppo_diffusion_agent][INFO] - approx_kl: 6.94821778779442e-07, update_epoch: 0, num_batch: 4
[2026-10-08 21:53:49,725][agent.finetune.train_ppo_diffusion_agent][INFO] - approx_kl: 1.4814735322943307e-06, update_epoch: 0, num_batch: 4
[2026-10-08 21:53:51,838][agent.finetune.train_ppo_diffusion_agent][INFO] - approx_kl: 2.609555622257176e-06, update_epoch: 1, num_batch: 4
[2026-10-08 21:53:54,003][agent.finetune.train_ppo_diffusion_agent][INFO] - approx_kl: 4.140501459914958e-06, update_epoch: 1, num_batch: 4
[2026-10-08 21:53:56,185][agent.finetune.train_ppo_diffusion_agent][INFO] - approx_kl: 5.864437753189122e-06, update_epoch: 1, num_batch: 4
[2026-10-08 21:53:58,471][agent.finetune.train_ppo_diffusion_agent][INFO] - approx_kl: 7.760748303553555e-06, update_epoch: 1, num_batch: 4
[2026-10-08 21:54:00,568][agent.finetune.train_ppo_diffusion_agent][INFO] - approx_kl: 9.512259566690773e-06, update_epoch: 2, num_batch: 4
[2026-10-08 21:54:02,744][agent.finetune.train_ppo_diffusion_agent][INFO] - approx_kl: 1.1064646059821825e-05, update_epoch: 2, num_batch: 4
[2026-10-08 21:54:04,931][agent.finetune.train_ppo_diffusion_agent][INFO] - approx_kl: 1.180243089038413e-05, update_epoch: 2, num_batch: 4
[2026-10-08 21:54:07,225][agent.finetune.train_ppo_diffusion_agent][INFO] - approx_kl: 1.1602024642343167e-05, update_epoch: 2, num_batch: 4
[2026-10-08 21:54:09,304][agent.finetune.train_ppo_diffusion_agent][INFO] - approx_kl: 1.1499311767693143e-05, update_epoch: 3, num_batch: 4
[2026-10-08 21:54:11,479][agent.finetune.train_ppo_diffusion_agent][INFO] - approx_kl: 1.1689201528497506e-05, update_epoch: 3, num_batch: 4
[2026-10-08 21:54:13,708][agent.finetune.train_ppo_diffusion_agent][INFO] - approx_kl: 1.2250754480191972e-05, update_epoch: 3, num_batch: 4
[2026-10-08 21:54:15,995][agent.finetune.train_ppo_diffusion_agent][INFO] - approx_kl: 1.30374392028898e-05, update_epoch: 3, num_batch: 4
[2026-10-08 21:54:18,082][agent.finetune.train_ppo_diffusion_agent][INFO] - approx_kl: 1.3637426491186488e-05, update_epoch: 4, num_batch: 4
[2026-10-08 21:54:20,279][agent.finetune.train_ppo_diffusion_agent][INFO] - approx_kl: 1.4358100088429637e-05, update_epoch: 4, num_batch: 4
[2026-10-08 21:54:22,472][agent.finetune.train_ppo_diffusion_agent][INFO] - approx_kl: 1.5152418200159445e-05, update_epoch: 4, num_batch: 4
[2026-10-08 21:54:24,754][agent.finetune.train_ppo_diffusion_agent][INFO] - approx_kl: 1.578090086695738e-05, update_epoch: 4, num_batch: 4
[2026-10-08 21:54:24,762][agent.finetune.train_ppo_diffusion_agent][INFO] - 127: step  9200000 | loss   0.0568 | pg loss  -0.0004 | value loss   0.1143 | bc loss   0.0000 | reward 4364.7657 | eta   1.0000 | t: 57.2682
Processed step 0 of 500
Processed step 10 of 500
Processed step 20 of 500
Processed step 30 of 500
Processed step 40 of 500
Processed step 50 of 500
Processed step 60 of 500
Processed step 70 of 500
Processed step 80 of 500
Processed step 90 of 500
Processed step 100 of 500
Processed step 110 of 500
Processed step 120 of 500
Processed step 130 of 500
Processed step 140 of 500
Processed step 150 of 500
Processed step 160 of 500
Processed step 170 of 500
Processed step 180 of 500
Processed step 190 of 500
Processed step 200 of 500
Processed step 210 of 500
Processed step 220 of 500
Processed step 230 of 500
Processed step 240 of 500
Processed step 250 of 500
Processed step 260 of 500
Processed step 270 of 500
Processed step 280 of 500
Processed step 290 of 500
Processed step 300 of 500
Processed step 310 of 500
Processed step 320 of 500
Processed step 330 of 500
Processed step 340 of 500
Processed step 350 of 500
Processed step 360 of 500
Processed step 370 of 500
Processed step 380 of 500
Processed step 390 of 500
Processed step 400 of 500
Processed step 410 of 500
Processed step 420 of 500
Processed step 430 of 500
Processed step 440 of 500
Processed step 450 of 500
Processed step 460 of 500
Processed step 470 of 500
Processed step 480 of 500
Processed step 490 of 500
[2026-10-08 21:54:40,316][agent.finetune.train_ppo_diffusion_agent][INFO] - approx_kl: 0.0, update_epoch: 0, num_batch: 4
[2026-10-08 21:54:42,528][agent.finetune.train_ppo_diffusion_agent][INFO] - approx_kl: 1.5537710851276643e-07, update_epoch: 0, num_batch: 4
[2026-10-08 21:54:44,711][agent.finetune.train_ppo_diffusion_agent][INFO] - approx_kl: 6.240028938009345e-07, update_epoch: 0, num_batch: 4
[2026-10-08 21:54:47,005][agent.finetune.train_ppo_diffusion_agent][INFO] - approx_kl: 1.4140982784738299e-06, update_epoch: 0, num_batch: 4
[2026-10-08 21:54:49,095][agent.finetune.train_ppo_diffusion_agent][INFO] - approx_kl: 2.695352350201574e-06, update_epoch: 1, num_batch: 4
[2026-10-08 21:54:51,291][agent.finetune.train_ppo_diffusion_agent][INFO] - approx_kl: 4.247202014084905e-06, update_epoch: 1, num_batch: 4
[2026-10-08 21:54:53,476][agent.finetune.train_ppo_diffusion_agent][INFO] - approx_kl: 6.563854640262434e-06, update_epoch: 1, num_batch: 4
[2026-10-08 21:54:55,788][agent.finetune.train_ppo_diffusion_agent][INFO] - approx_kl: 9.145807780441828e-06, update_epoch: 1, num_batch: 4
[2026-10-08 21:54:57,884][agent.finetune.train_ppo_diffusion_agent][INFO] - approx_kl: 1.1046111467294395e-05, update_epoch: 2, num_batch: 4
[2026-10-08 21:55:00,095][agent.finetune.train_ppo_diffusion_agent][INFO] - approx_kl: 1.204376167152077e-05, update_epoch: 2, num_batch: 4
[2026-10-08 21:55:02,316][agent.finetune.train_ppo_diffusion_agent][INFO] - approx_kl: 1.1817888662335463e-05, update_epoch: 2, num_batch: 4
[2026-10-08 21:55:04,659][agent.finetune.train_ppo_diffusion_agent][INFO] - approx_kl: 1.1646294296951964e-05, update_epoch: 2, num_batch: 4
[2026-10-08 21:55:06,788][agent.finetune.train_ppo_diffusion_agent][INFO] - approx_kl: 1.1715460459527094e-05, update_epoch: 3, num_batch: 4
[2026-10-08 21:55:09,020][agent.finetune.train_ppo_diffusion_agent][INFO] - approx_kl: 1.2304723895795178e-05, update_epoch: 3, num_batch: 4
[2026-10-08 21:55:11,249][agent.finetune.train_ppo_diffusion_agent][INFO] - approx_kl: 1.2872788829554338e-05, update_epoch: 3, num_batch: 4
[2026-10-08 21:55:13,587][agent.finetune.train_ppo_diffusion_agent][INFO] - approx_kl: 1.3117239177518059e-05, update_epoch: 3, num_batch: 4
[2026-10-08 21:55:15,716][agent.finetune.train_ppo_diffusion_agent][INFO] - approx_kl: 1.3617997865367215e-05, update_epoch: 4, num_batch: 4
[2026-10-08 21:55:17,938][agent.finetune.train_ppo_diffusion_agent][INFO] - approx_kl: 1.4032314538781065e-05, update_epoch: 4, num_batch: 4
[2026-10-08 21:55:20,152][agent.finetune.train_ppo_diffusion_agent][INFO] - approx_kl: 1.5029992937343195e-05, update_epoch: 4, num_batch: 4
[2026-10-08 21:55:22,503][agent.finetune.train_ppo_diffusion_agent][INFO] - approx_kl: 1.57117083290359e-05, update_epoch: 4, num_batch: 4
[2026-10-08 21:55:22,511][agent.finetune.train_ppo_diffusion_agent][INFO] - 128: step  9280000 | loss   0.0571 | pg loss  -0.0005 | value loss   0.1152 | bc loss   0.0000 | reward 4390.3813 | eta   1.0000 | t: 57.7487
Processed step 0 of 500
Processed step 10 of 500
Processed step 20 of 500
Processed step 30 of 500
Processed step 40 of 500
Processed step 50 of 500
Processed step 60 of 500
Processed step 70 of 500
Processed step 80 of 500
Processed step 90 of 500
Processed step 100 of 500
Processed step 110 of 500
Processed step 120 of 500
Processed step 130 of 500
Processed step 140 of 500
Processed step 150 of 500
Processed step 160 of 500
Processed step 170 of 500
Processed step 180 of 500
Processed step 190 of 500
Processed step 200 of 500
Processed step 210 of 500
Processed step 220 of 500
Processed step 230 of 500
Processed step 240 of 500
Processed step 250 of 500
Processed step 260 of 500
Processed step 270 of 500
Processed step 280 of 500
Processed step 290 of 500
Processed step 300 of 500
Processed step 310 of 500
Processed step 320 of 500
Processed step 330 of 500
Processed step 340 of 500
Processed step 350 of 500
Processed step 360 of 500
Processed step 370 of 500
Processed step 380 of 500
Processed step 390 of 500
Processed step 400 of 500
Processed step 410 of 500
Processed step 420 of 500
Processed step 430 of 500
Processed step 440 of 500
Processed step 450 of 500
Processed step 460 of 500
Processed step 470 of 500
Processed step 480 of 500
Processed step 490 of 500
[2026-10-08 21:55:37,435][agent.finetune.train_ppo_diffusion_agent][INFO] - approx_kl: 0.0, update_epoch: 0, num_batch: 4
[2026-10-08 21:55:39,682][agent.finetune.train_ppo_diffusion_agent][INFO] - approx_kl: 1.6169286709555308e-07, update_epoch: 0, num_batch: 4
[2026-10-08 21:55:42,014][agent.finetune.train_ppo_diffusion_agent][INFO] - approx_kl: 6.093704314480419e-07, update_epoch: 0, num_batch: 4
[2026-10-08 21:55:44,146][agent.finetune.train_ppo_diffusion_agent][INFO] - approx_kl: 1.2732824643535423e-06, update_epoch: 0, num_batch: 4
[2026-10-08 21:55:46,370][agent.finetune.train_ppo_diffusion_agent][INFO] - approx_kl: 2.2139809061627602e-06, update_epoch: 1, num_batch: 4
[2026-10-08 21:55:48,591][agent.finetune.train_ppo_diffusion_agent][INFO] - approx_kl: 3.7923161926300963e-06, update_epoch: 1, num_batch: 4
[2026-10-08 21:55:50,919][agent.finetune.train_ppo_diffusion_agent][INFO] - approx_kl: 5.605799287877744e-06, update_epoch: 1, num_batch: 4
[2026-10-08 21:55:53,055][agent.finetune.train_ppo_diffusion_agent][INFO] - approx_kl: 7.316943992918823e-06, update_epoch: 1, num_batch: 4
[2026-10-08 21:55:55,273][agent.finetune.train_ppo_diffusion_agent][INFO] - approx_kl: 9.165171832137275e-06, update_epoch: 2, num_batch: 4
[2026-10-08 21:55:57,497][agent.finetune.train_ppo_diffusion_agent][INFO] - approx_kl: 1.0406598448753357e-05, update_epoch: 2, num_batch: 4
[2026-10-08 21:55:59,820][agent.finetune.train_ppo_diffusion_agent][INFO] - approx_kl: 1.0731135262176394e-05, update_epoch: 2, num_batch: 4
[2026-10-08 21:56:01,942][agent.finetune.train_ppo_diffusion_agent][INFO] - approx_kl: 1.079207140719518e-05, update_epoch: 2, num_batch: 4
[2026-10-08 21:56:04,166][agent.finetune.train_ppo_diffusion_agent][INFO] - approx_kl: 1.0900649613176938e-05, update_epoch: 3, num_batch: 4
[2026-10-08 21:56:06,435][agent.finetune.train_ppo_diffusion_agent][INFO] - approx_kl: 1.1387557606212795e-05, update_epoch: 3, num_batch: 4
[2026-10-08 21:56:08,769][agent.finetune.train_ppo_diffusion_agent][INFO] - approx_kl: 1.2098634215362836e-05, update_epoch: 3, num_batch: 4
[2026-10-08 21:56:10,880][agent.finetune.train_ppo_diffusion_agent][INFO] - approx_kl: 1.3169002158974763e-05, update_epoch: 3, num_batch: 4
[2026-10-08 21:56:13,103][agent.finetune.train_ppo_diffusion_agent][INFO] - approx_kl: 1.3683802535524592e-05, update_epoch: 4, num_batch: 4
[2026-10-08 21:56:15,309][agent.finetune.train_ppo_diffusion_agent][INFO] - approx_kl: 1.425939717591973e-05, update_epoch: 4, num_batch: 4
[2026-10-08 21:56:17,646][agent.finetune.train_ppo_diffusion_agent][INFO] - approx_kl: 1.5052252820169087e-05, update_epoch: 4, num_batch: 4
[2026-10-08 21:56:19,763][agent.finetune.train_ppo_diffusion_agent][INFO] - approx_kl: 1.5758740119053982e-05, update_epoch: 4, num_batch: 4
[2026-10-08 21:56:19,769][agent.finetune.train_ppo_diffusion_agent][INFO] - 129: step  9360000 | loss   0.0558 | pg loss  -0.0005 | value loss   0.1126 | bc loss   0.0000 | reward 4437.9899 | eta   1.0000 | t: 57.2584
Processed step 0 of 500
Processed step 10 of 500
Processed step 20 of 500
Processed step 30 of 500
Processed step 40 of 500
Processed step 50 of 500
Processed step 60 of 500
Processed step 70 of 500
Processed step 80 of 500
Processed step 90 of 500
Processed step 100 of 500
Processed step 110 of 500
Processed step 120 of 500
Processed step 130 of 500
Processed step 140 of 500
Processed step 150 of 500
Processed step 160 of 500
Processed step 170 of 500
Processed step 180 of 500
Processed step 190 of 500
Processed step 200 of 500
Processed step 210 of 500
Processed step 220 of 500
Processed step 230 of 500
Processed step 240 of 500
Processed step 250 of 500
Processed step 260 of 500
Processed step 270 of 500
Processed step 280 of 500
Processed step 290 of 500
Processed step 300 of 500
Processed step 310 of 500
Processed step 320 of 500
Processed step 330 of 500
Processed step 340 of 500
Processed step 350 of 500
Processed step 360 of 500
Processed step 370 of 500
Processed step 380 of 500
Processed step 390 of 500
Processed step 400 of 500
Processed step 410 of 500
Processed step 420 of 500
Processed step 430 of 500
Processed step 440 of 500
Processed step 450 of 500
Processed step 460 of 500
Processed step 470 of 500
Processed step 480 of 500
Processed step 490 of 500
[2026-10-08 21:56:32,246][agent.finetune.train_ppo_diffusion_agent][INFO] - eval: success rate   1.0000 | avg episode reward 4636.2733 | avg best reward   6.5478
Processed step 0 of 500
Processed step 10 of 500
Processed step 20 of 500
Processed step 30 of 500
Processed step 40 of 500
Processed step 50 of 500
Processed step 60 of 500
Processed step 70 of 500
Processed step 80 of 500
Processed step 90 of 500
Processed step 100 of 500
Processed step 110 of 500
Processed step 120 of 500
Processed step 130 of 500
Processed step 140 of 500
Processed step 150 of 500
Processed step 160 of 500
Processed step 170 of 500
Processed step 180 of 500
Processed step 190 of 500
Processed step 200 of 500
Processed step 210 of 500
Processed step 220 of 500
Processed step 230 of 500
Processed step 240 of 500
Processed step 250 of 500
Processed step 260 of 500
Processed step 270 of 500
Processed step 280 of 500
Processed step 290 of 500
Processed step 300 of 500
Processed step 310 of 500
Processed step 320 of 500
Processed step 330 of 500
Processed step 340 of 500
Processed step 350 of 500
Processed step 360 of 500
Processed step 370 of 500
Processed step 380 of 500
Processed step 390 of 500
Processed step 400 of 500
Processed step 410 of 500
Processed step 420 of 500
Processed step 430 of 500
Processed step 440 of 500
Processed step 450 of 500
Processed step 460 of 500
Processed step 470 of 500
Processed step 480 of 500
Processed step 490 of 500
[2026-10-08 21:56:47,038][agent.finetune.train_ppo_diffusion_agent][INFO] - approx_kl: 0.0, update_epoch: 0, num_batch: 4
[2026-10-08 21:56:49,269][agent.finetune.train_ppo_diffusion_agent][INFO] - approx_kl: 1.832560343473233e-07, update_epoch: 0, num_batch: 4
[2026-10-08 21:56:51,607][agent.finetune.train_ppo_diffusion_agent][INFO] - approx_kl: 6.777314638384269e-07, update_epoch: 0, num_batch: 4
[2026-10-08 21:56:53,748][agent.finetune.train_ppo_diffusion_agent][INFO] - approx_kl: 1.5377706858998863e-06, update_epoch: 0, num_batch: 4
[2026-10-08 21:56:55,996][agent.finetune.train_ppo_diffusion_agent][INFO] - approx_kl: 2.4154721813829383e-06, update_epoch: 1, num_batch: 4
[2026-10-08 21:56:58,263][agent.finetune.train_ppo_diffusion_agent][INFO] - approx_kl: 3.612208274716977e-06, update_epoch: 1, num_batch: 4
[2026-10-08 21:57:00,603][agent.finetune.train_ppo_diffusion_agent][INFO] - approx_kl: 4.915098543278873e-06, update_epoch: 1, num_batch: 4
[2026-10-08 21:57:02,735][agent.finetune.train_ppo_diffusion_agent][INFO] - approx_kl: 6.140069672255777e-06, update_epoch: 1, num_batch: 4
[2026-10-08 21:57:04,975][agent.finetune.train_ppo_diffusion_agent][INFO] - approx_kl: 7.600935532536823e-06, update_epoch: 2, num_batch: 4
[2026-10-08 21:57:07,213][agent.finetune.train_ppo_diffusion_agent][INFO] - approx_kl: 8.735271876503248e-06, update_epoch: 2, num_batch: 4
[2026-10-08 21:57:09,561][agent.finetune.train_ppo_diffusion_agent][INFO] - approx_kl: 9.815046723815612e-06, update_epoch: 2, num_batch: 4
[2026-10-08 21:57:11,696][agent.finetune.train_ppo_diffusion_agent][INFO] - approx_kl: 1.0615824976412114e-05, update_epoch: 2, num_batch: 4
[2026-10-08 21:57:13,931][agent.finetune.train_ppo_diffusion_agent][INFO] - approx_kl: 1.1152192200825084e-05, update_epoch: 3, num_batch: 4
[2026-10-08 21:57:16,167][agent.finetune.train_ppo_diffusion_agent][INFO] - approx_kl: 1.1272041774645913e-05, update_epoch: 3, num_batch: 4
[2026-10-08 21:57:18,519][agent.finetune.train_ppo_diffusion_agent][INFO] - approx_kl: 1.1824482498923317e-05, update_epoch: 3, num_batch: 4
[2026-10-08 21:57:20,646][agent.finetune.train_ppo_diffusion_agent][INFO] - approx_kl: 1.2340011380729266e-05, update_epoch: 3, num_batch: 4
[2026-10-08 21:57:22,876][agent.finetune.train_ppo_diffusion_agent][INFO] - approx_kl: 1.2625681847566739e-05, update_epoch: 4, num_batch: 4
[2026-10-08 21:57:25,128][agent.finetune.train_ppo_diffusion_agent][INFO] - approx_kl: 1.2955207239429e-05, update_epoch: 4, num_batch: 4
[2026-10-08 21:57:27,473][agent.finetune.train_ppo_diffusion_agent][INFO] - approx_kl: 1.350334696326172e-05, update_epoch: 4, num_batch: 4
[2026-10-08 21:57:29,609][agent.finetune.train_ppo_diffusion_agent][INFO] - approx_kl: 1.4073667443881277e-05, update_epoch: 4, num_batch: 4
[2026-10-08 21:57:29,616][agent.finetune.train_ppo_diffusion_agent][INFO] - 131: step  9440000 | loss   0.0556 | pg loss  -0.0005 | value loss   0.1122 | bc loss   0.0000 | reward 4391.4498 | eta   1.0000 | t: 57.3700
Processed step 0 of 500
Processed step 10 of 500
Processed step 20 of 500
Processed step 30 of 500
Processed step 40 of 500
Processed step 50 of 500
Processed step 60 of 500
Processed step 70 of 500
Processed step 80 of 500
Processed step 90 of 500
Processed step 100 of 500
Processed step 110 of 500
Processed step 120 of 500
Processed step 130 of 500
Processed step 140 of 500
Processed step 150 of 500
Processed step 160 of 500
Processed step 170 of 500
Processed step 180 of 500
Processed step 190 of 500
Processed step 200 of 500
Processed step 210 of 500
Processed step 220 of 500
Processed step 230 of 500
Processed step 240 of 500
Processed step 250 of 500
Processed step 260 of 500
Processed step 270 of 500
Processed step 280 of 500
Processed step 290 of 500
Processed step 300 of 500
Processed step 310 of 500
Processed step 320 of 500
Processed step 330 of 500
Processed step 340 of 500
Processed step 350 of 500
Processed step 360 of 500
Processed step 370 of 500
Processed step 380 of 500
Processed step 390 of 500
Processed step 400 of 500
Processed step 410 of 500
Processed step 420 of 500
Processed step 430 of 500
Processed step 440 of 500
Processed step 450 of 500
Processed step 460 of 500
Processed step 470 of 500
Processed step 480 of 500
Processed step 490 of 500
[2026-10-08 21:57:44,479][agent.finetune.train_ppo_diffusion_agent][INFO] - approx_kl: 0.0, update_epoch: 0, num_batch: 4
[2026-10-08 21:57:46,699][agent.finetune.train_ppo_diffusion_agent][INFO] - approx_kl: 1.5959348331762158e-07, update_epoch: 0, num_batch: 4
[2026-10-08 21:57:49,015][agent.finetune.train_ppo_diffusion_agent][INFO] - approx_kl: 5.650120442624029e-07, update_epoch: 0, num_batch: 4
[2026-10-08 21:57:51,133][agent.finetune.train_ppo_diffusion_agent][INFO] - approx_kl: 1.1038374623240088e-06, update_epoch: 0, num_batch: 4
[2026-10-08 21:57:53,342][agent.finetune.train_ppo_diffusion_agent][INFO] - approx_kl: 1.8787735598380095e-06, update_epoch: 1, num_batch: 4
[2026-10-08 21:57:55,671][agent.finetune.train_ppo_diffusion_agent][INFO] - approx_kl: 2.9621176054206444e-06, update_epoch: 1, num_batch: 4
[2026-10-08 21:57:57,776][agent.finetune.train_ppo_diffusion_agent][INFO] - approx_kl: 4.264474227966275e-06, update_epoch: 1, num_batch: 4
[2026-10-08 21:58:00,027][agent.finetune.train_ppo_diffusion_agent][INFO] - approx_kl: 5.938437880104175e-06, update_epoch: 1, num_batch: 4
[2026-10-08 21:58:02,237][agent.finetune.train_ppo_diffusion_agent][INFO] - approx_kl: 7.371080755547155e-06, update_epoch: 2, num_batch: 4
[2026-10-08 21:58:04,549][agent.finetune.train_ppo_diffusion_agent][INFO] - approx_kl: 8.588372111262288e-06, update_epoch: 2, num_batch: 4
[2026-10-08 21:58:06,662][agent.finetune.train_ppo_diffusion_agent][INFO] - approx_kl: 9.30021906242473e-06, update_epoch: 2, num_batch: 4
[2026-10-08 21:58:08,866][agent.finetune.train_ppo_diffusion_agent][INFO] - approx_kl: 1.007797345664585e-05, update_epoch: 2, num_batch: 4
[2026-10-08 21:58:11,069][agent.finetune.train_ppo_diffusion_agent][INFO] - approx_kl: 1.101540146919433e-05, update_epoch: 3, num_batch: 4
[2026-10-08 21:58:13,375][agent.finetune.train_ppo_diffusion_agent][INFO] - approx_kl: 1.2001112736470532e-05, update_epoch: 3, num_batch: 4
[2026-10-08 21:58:15,480][agent.finetune.train_ppo_diffusion_agent][INFO] - approx_kl: 1.2836756468459498e-05, update_epoch: 3, num_batch: 4
[2026-10-08 21:58:17,684][agent.finetune.train_ppo_diffusion_agent][INFO] - approx_kl: 1.3606116226583254e-05, update_epoch: 3, num_batch: 4
[2026-10-08 21:58:19,899][agent.finetune.train_ppo_diffusion_agent][INFO] - approx_kl: 1.374591920466628e-05, update_epoch: 4, num_batch: 4
[2026-10-08 21:58:22,237][agent.finetune.train_ppo_diffusion_agent][INFO] - approx_kl: 1.4062892660149373e-05, update_epoch: 4, num_batch: 4
[2026-10-08 21:58:24,340][agent.finetune.train_ppo_diffusion_agent][INFO] - approx_kl: 1.4491000001726206e-05, update_epoch: 4, num_batch: 4
[2026-10-08 21:58:26,565][agent.finetune.train_ppo_diffusion_agent][INFO] - approx_kl: 1.4752629795111716e-05, update_epoch: 4, num_batch: 4
[2026-10-08 21:58:26,571][agent.finetune.train_ppo_diffusion_agent][INFO] - 132: step  9520000 | loss   0.0545 | pg loss  -0.0005 | value loss   0.1100 | bc loss   0.0000 | reward 4417.9326 | eta   1.0000 | t: 56.9555
Processed step 0 of 500
Processed step 10 of 500
Processed step 20 of 500
Processed step 30 of 500
Processed step 40 of 500
Processed step 50 of 500
Processed step 60 of 500
Processed step 70 of 500
Processed step 80 of 500
Processed step 90 of 500
Processed step 100 of 500
Processed step 110 of 500
Processed step 120 of 500
Processed step 130 of 500
Processed step 140 of 500
Processed step 150 of 500
Processed step 160 of 500
Processed step 170 of 500
Processed step 180 of 500
Processed step 190 of 500
Processed step 200 of 500
Processed step 210 of 500
Processed step 220 of 500
Processed step 230 of 500
Processed step 240 of 500
Processed step 250 of 500
Processed step 260 of 500
Processed step 270 of 500
Processed step 280 of 500
Processed step 290 of 500
Processed step 300 of 500
Processed step 310 of 500
Processed step 320 of 500
Processed step 330 of 500
Processed step 340 of 500
Processed step 350 of 500
Processed step 360 of 500
Processed step 370 of 500
Processed step 380 of 500
Processed step 390 of 500
Processed step 400 of 500
Processed step 410 of 500
Processed step 420 of 500
Processed step 430 of 500
Processed step 440 of 500
Processed step 450 of 500
Processed step 460 of 500
Processed step 470 of 500
Processed step 480 of 500
Processed step 490 of 500
[2026-10-08 21:58:41,342][agent.finetune.train_ppo_diffusion_agent][INFO] - approx_kl: 0.0, update_epoch: 0, num_batch: 4
[2026-10-08 21:58:43,647][agent.finetune.train_ppo_diffusion_agent][INFO] - approx_kl: 1.7758698334091605e-07, update_epoch: 0, num_batch: 4
[2026-10-08 21:58:45,766][agent.finetune.train_ppo_diffusion_agent][INFO] - approx_kl: 6.345142082864186e-07, update_epoch: 0, num_batch: 4
[2026-10-08 21:58:47,968][agent.finetune.train_ppo_diffusion_agent][INFO] - approx_kl: 1.443080236640526e-06, update_epoch: 0, num_batch: 4
[2026-10-08 21:58:50,192][agent.finetune.train_ppo_diffusion_agent][INFO] - approx_kl: 2.7209478048462188e-06, update_epoch: 1, num_batch: 4
[2026-10-08 21:58:52,497][agent.finetune.train_ppo_diffusion_agent][INFO] - approx_kl: 4.6306704462040216e-06, update_epoch: 1, num_batch: 4
[2026-10-08 21:58:54,593][agent.finetune.train_ppo_diffusion_agent][INFO] - approx_kl: 6.786332505726023e-06, update_epoch: 1, num_batch: 4
[2026-10-08 21:58:56,800][agent.finetune.train_ppo_diffusion_agent][INFO] - approx_kl: 8.637760402052663e-06, update_epoch: 1, num_batch: 4
[2026-10-08 21:58:59,003][agent.finetune.train_ppo_diffusion_agent][INFO] - approx_kl: 9.950935236702207e-06, update_epoch: 2, num_batch: 4
[2026-10-08 21:59:01,325][agent.finetune.train_ppo_diffusion_agent][INFO] - approx_kl: 1.0182439837080892e-05, update_epoch: 2, num_batch: 4
[2026-10-08 21:59:03,422][agent.finetune.train_ppo_diffusion_agent][INFO] - approx_kl: 9.900441909849178e-06, update_epoch: 2, num_batch: 4
[2026-10-08 21:59:05,624][agent.finetune.train_ppo_diffusion_agent][INFO] - approx_kl: 9.677391972218174e-06, update_epoch: 2, num_batch: 4
[2026-10-08 21:59:07,838][agent.finetune.train_ppo_diffusion_agent][INFO] - approx_kl: 9.790597687242553e-06, update_epoch: 3, num_batch: 4
[2026-10-08 21:59:10,139][agent.finetune.train_ppo_diffusion_agent][INFO] - approx_kl: 1.068923666025512e-05, update_epoch: 3, num_batch: 4
[2026-10-08 21:59:12,251][agent.finetune.train_ppo_diffusion_agent][INFO] - approx_kl: 1.1738389730453491e-05, update_epoch: 3, num_batch: 4
[2026-10-08 21:59:14,443][agent.finetune.train_ppo_diffusion_agent][INFO] - approx_kl: 1.2309637895668857e-05, update_epoch: 3, num_batch: 4
[2026-10-08 21:59:16,635][agent.finetune.train_ppo_diffusion_agent][INFO] - approx_kl: 1.265153696294874e-05, update_epoch: 4, num_batch: 4
[2026-10-08 21:59:18,928][agent.finetune.train_ppo_diffusion_agent][INFO] - approx_kl: 1.3512905752577353e-05, update_epoch: 4, num_batch: 4
[2026-10-08 21:59:21,034][agent.finetune.train_ppo_diffusion_agent][INFO] - approx_kl: 1.4208301763574127e-05, update_epoch: 4, num_batch: 4
[2026-10-08 21:59:23,263][agent.finetune.train_ppo_diffusion_agent][INFO] - approx_kl: 1.4975786143622827e-05, update_epoch: 4, num_batch: 4
[2026-10-08 21:59:23,270][agent.finetune.train_ppo_diffusion_agent][INFO] - 133: step  9600000 | loss   0.0558 | pg loss  -0.0005 | value loss   0.1126 | bc loss   0.0000 | reward 4366.6642 | eta   1.0000 | t: 56.6988
Processed step 0 of 500
Processed step 10 of 500
Processed step 20 of 500
Processed step 30 of 500
Processed step 40 of 500
Processed step 50 of 500
Processed step 60 of 500
Processed step 70 of 500
Processed step 80 of 500
Processed step 90 of 500
Processed step 100 of 500
Processed step 110 of 500
Processed step 120 of 500
Processed step 130 of 500
Processed step 140 of 500
Processed step 150 of 500
Processed step 160 of 500
Processed step 170 of 500
Processed step 180 of 500
Processed step 190 of 500
Processed step 200 of 500
Processed step 210 of 500
Processed step 220 of 500
Processed step 230 of 500
Processed step 240 of 500
Processed step 250 of 500
Processed step 260 of 500
Processed step 270 of 500
Processed step 280 of 500
Processed step 290 of 500
Processed step 300 of 500
Processed step 310 of 500
Processed step 320 of 500
Processed step 330 of 500
Processed step 340 of 500
Processed step 350 of 500
Processed step 360 of 500
Processed step 370 of 500
Processed step 380 of 500
Processed step 390 of 500
Processed step 400 of 500
Processed step 410 of 500
Processed step 420 of 500
Processed step 430 of 500
Processed step 440 of 500
Processed step 450 of 500
Processed step 460 of 500
Processed step 470 of 500
Processed step 480 of 500
Processed step 490 of 500
[2026-10-08 21:59:38,012][agent.finetune.train_ppo_diffusion_agent][INFO] - approx_kl: 0.0, update_epoch: 0, num_batch: 4
[2026-10-08 21:59:40,316][agent.finetune.train_ppo_diffusion_agent][INFO] - approx_kl: 1.4490359490082483e-07, update_epoch: 0, num_batch: 4
[2026-10-08 21:59:42,414][agent.finetune.train_ppo_diffusion_agent][INFO] - approx_kl: 4.4369457441462146e-07, update_epoch: 0, num_batch: 4
[2026-10-08 21:59:44,597][agent.finetune.train_ppo_diffusion_agent][INFO] - approx_kl: 9.438663255423307e-07, update_epoch: 0, num_batch: 4
[2026-10-08 21:59:46,786][agent.finetune.train_ppo_diffusion_agent][INFO] - approx_kl: 1.7181833982249373e-06, update_epoch: 1, num_batch: 4
[2026-10-08 21:59:49,086][agent.finetune.train_ppo_diffusion_agent][INFO] - approx_kl: 2.860173481167294e-06, update_epoch: 1, num_batch: 4
[2026-10-08 21:59:51,205][agent.finetune.train_ppo_diffusion_agent][INFO] - approx_kl: 4.4509238250611816e-06, update_epoch: 1, num_batch: 4
[2026-10-08 21:59:53,411][agent.finetune.train_ppo_diffusion_agent][INFO] - approx_kl: 6.157031293696491e-06, update_epoch: 1, num_batch: 4
[2026-10-08 21:59:55,607][agent.finetune.train_ppo_diffusion_agent][INFO] - approx_kl: 7.727140655333642e-06, update_epoch: 2, num_batch: 4
[2026-10-08 21:59:57,924][agent.finetune.train_ppo_diffusion_agent][INFO] - approx_kl: 9.124556527240202e-06, update_epoch: 2, num_batch: 4
[2026-10-08 22:00:00,024][agent.finetune.train_ppo_diffusion_agent][INFO] - approx_kl: 9.927775863616262e-06, update_epoch: 2, num_batch: 4
[2026-10-08 22:00:02,216][agent.finetune.train_ppo_diffusion_agent][INFO] - approx_kl: 1.0631560144247487e-05, update_epoch: 2, num_batch: 4
[2026-10-08 22:00:04,409][agent.finetune.train_ppo_diffusion_agent][INFO] - approx_kl: 1.0925745300482959e-05, update_epoch: 3, num_batch: 4
[2026-10-08 22:00:06,723][agent.finetune.train_ppo_diffusion_agent][INFO] - approx_kl: 1.1243008884775918e-05, update_epoch: 3, num_batch: 4
[2026-10-08 22:00:08,830][agent.finetune.train_ppo_diffusion_agent][INFO] - approx_kl: 1.1621839803410694e-05, update_epoch: 3, num_batch: 4
[2026-10-08 22:00:11,017][agent.finetune.train_ppo_diffusion_agent][INFO] - approx_kl: 1.2151476767030545e-05, update_epoch: 3, num_batch: 4
[2026-10-08 22:00:13,215][agent.finetune.train_ppo_diffusion_agent][INFO] - approx_kl: 1.302300915995147e-05, update_epoch: 4, num_batch: 4
[2026-10-08 22:00:15,511][agent.finetune.train_ppo_diffusion_agent][INFO] - approx_kl: 1.3447755009110551e-05, update_epoch: 4, num_batch: 4
[2026-10-08 22:00:17,614][agent.finetune.train_ppo_diffusion_agent][INFO] - approx_kl: 1.416099530615611e-05, update_epoch: 4, num_batch: 4
[2026-10-08 22:00:19,822][agent.finetune.train_ppo_diffusion_agent][INFO] - approx_kl: 1.4708599337609485e-05, update_epoch: 4, num_batch: 4
[2026-10-08 22:00:19,829][agent.finetune.train_ppo_diffusion_agent][INFO] - 134: step  9680000 | loss   0.0559 | pg loss  -0.0005 | value loss   0.1129 | bc loss   0.0000 | reward 4348.1538 | eta   1.0000 | t: 56.5587
Processed step 0 of 500
Processed step 10 of 500
Processed step 20 of 500
Processed step 30 of 500
Processed step 40 of 500
Processed step 50 of 500
Processed step 60 of 500
Processed step 70 of 500
Processed step 80 of 500
Processed step 90 of 500
Processed step 100 of 500
Processed step 110 of 500
Processed step 120 of 500
Processed step 130 of 500
Processed step 140 of 500
Processed step 150 of 500
Processed step 160 of 500
Processed step 170 of 500
Processed step 180 of 500
Processed step 190 of 500
Processed step 200 of 500
Processed step 210 of 500
Processed step 220 of 500
Processed step 230 of 500
Processed step 240 of 500
Processed step 250 of 500
Processed step 260 of 500
Processed step 270 of 500
Processed step 280 of 500
Processed step 290 of 500
Processed step 300 of 500
Processed step 310 of 500
Processed step 320 of 500
Processed step 330 of 500
Processed step 340 of 500
Processed step 350 of 500
Processed step 360 of 500
Processed step 370 of 500
Processed step 380 of 500
Processed step 390 of 500
Processed step 400 of 500
Processed step 410 of 500
Processed step 420 of 500
Processed step 430 of 500
Processed step 440 of 500
Processed step 450 of 500
Processed step 460 of 500
Processed step 470 of 500
Processed step 480 of 500
Processed step 490 of 500
[2026-10-08 22:00:34,588][agent.finetune.train_ppo_diffusion_agent][INFO] - approx_kl: 0.0, update_epoch: 0, num_batch: 4
[2026-10-08 22:00:36,898][agent.finetune.train_ppo_diffusion_agent][INFO] - approx_kl: 1.6072448261184036e-07, update_epoch: 0, num_batch: 4
[2026-10-08 22:00:39,008][agent.finetune.train_ppo_diffusion_agent][INFO] - approx_kl: 7.122963552319561e-07, update_epoch: 0, num_batch: 4
[2026-10-08 22:00:41,215][agent.finetune.train_ppo_diffusion_agent][INFO] - approx_kl: 1.7523747146697133e-06, update_epoch: 0, num_batch: 4
[2026-10-08 22:00:43,426][agent.finetune.train_ppo_diffusion_agent][INFO] - approx_kl: 2.9364500733208843e-06, update_epoch: 1, num_batch: 4
[2026-10-08 22:00:45,740][agent.finetune.train_ppo_diffusion_agent][INFO] - approx_kl: 4.188182174402755e-06, update_epoch: 1, num_batch: 4
[2026-10-08 22:00:47,858][agent.finetune.train_ppo_diffusion_agent][INFO] - approx_kl: 5.61125034437282e-06, update_epoch: 1, num_batch: 4
[2026-10-08 22:00:50,080][agent.finetune.train_ppo_diffusion_agent][INFO] - approx_kl: 7.225928129628301e-06, update_epoch: 1, num_batch: 4
[2026-10-08 22:00:52,309][agent.finetune.train_ppo_diffusion_agent][INFO] - approx_kl: 9.042052624863572e-06, update_epoch: 2, num_batch: 4
[2026-10-08 22:00:54,624][agent.finetune.train_ppo_diffusion_agent][INFO] - approx_kl: 1.0535456567595247e-05, update_epoch: 2, num_batch: 4
[2026-10-08 22:00:56,741][agent.finetune.train_ppo_diffusion_agent][INFO] - approx_kl: 1.137053914135322e-05, update_epoch: 2, num_batch: 4
[2026-10-08 22:00:58,954][agent.finetune.train_ppo_diffusion_agent][INFO] - approx_kl: 1.175318902824074e-05, update_epoch: 2, num_batch: 4
[2026-10-08 22:01:01,151][agent.finetune.train_ppo_diffusion_agent][INFO] - approx_kl: 1.1629325854300987e-05, update_epoch: 3, num_batch: 4
[2026-10-08 22:01:03,488][agent.finetune.train_ppo_diffusion_agent][INFO] - approx_kl: 1.203827832796378e-05, update_epoch: 3, num_batch: 4
[2026-10-08 22:01:05,602][agent.finetune.train_ppo_diffusion_agent][INFO] - approx_kl: 1.2566474651976023e-05, update_epoch: 3, num_batch: 4
[2026-10-08 22:01:07,810][agent.finetune.train_ppo_diffusion_agent][INFO] - approx_kl: 1.3359583135752473e-05, update_epoch: 3, num_batch: 4
[2026-10-08 22:01:10,006][agent.finetune.train_ppo_diffusion_agent][INFO] - approx_kl: 1.4142851796350442e-05, update_epoch: 4, num_batch: 4
[2026-10-08 22:01:12,326][agent.finetune.train_ppo_diffusion_agent][INFO] - approx_kl: 1.4863882825011387e-05, update_epoch: 4, num_batch: 4
[2026-10-08 22:01:14,452][agent.finetune.train_ppo_diffusion_agent][INFO] - approx_kl: 1.5354444258264266e-05, update_epoch: 4, num_batch: 4
[2026-10-08 22:01:16,666][agent.finetune.train_ppo_diffusion_agent][INFO] - approx_kl: 1.6019590475480072e-05, update_epoch: 4, num_batch: 4
[2026-10-08 22:01:16,673][agent.finetune.train_ppo_diffusion_agent][INFO] - 135: step  9760000 | loss   0.0573 | pg loss  -0.0005 | value loss   0.1155 | bc loss   0.0000 | reward 4421.8654 | eta   1.0000 | t: 56.8444
Processed step 0 of 500
Processed step 10 of 500
Processed step 20 of 500
Processed step 30 of 500
Processed step 40 of 500
Processed step 50 of 500
Processed step 60 of 500
Processed step 70 of 500
Processed step 80 of 500
Processed step 90 of 500
Processed step 100 of 500
Processed step 110 of 500
Processed step 120 of 500
Processed step 130 of 500
Processed step 140 of 500
Processed step 150 of 500
Processed step 160 of 500
Processed step 170 of 500
Processed step 180 of 500
Processed step 190 of 500
Processed step 200 of 500
Processed step 210 of 500
Processed step 220 of 500
Processed step 230 of 500
Processed step 240 of 500
Processed step 250 of 500
Processed step 260 of 500
Processed step 270 of 500
Processed step 280 of 500
Processed step 290 of 500
Processed step 300 of 500
Processed step 310 of 500
Processed step 320 of 500
Processed step 330 of 500
Processed step 340 of 500
Processed step 350 of 500
Processed step 360 of 500
Processed step 370 of 500
Processed step 380 of 500
Processed step 390 of 500
Processed step 400 of 500
Processed step 410 of 500
Processed step 420 of 500
Processed step 430 of 500
Processed step 440 of 500
Processed step 450 of 500
Processed step 460 of 500
Processed step 470 of 500
Processed step 480 of 500
Processed step 490 of 500
[2026-10-08 22:01:31,534][agent.finetune.train_ppo_diffusion_agent][INFO] - approx_kl: 0.0, update_epoch: 0, num_batch: 4
[2026-10-08 22:01:33,655][agent.finetune.train_ppo_diffusion_agent][INFO] - approx_kl: 1.5803824737758987e-07, update_epoch: 0, num_batch: 4
[2026-10-08 22:01:35,874][agent.finetune.train_ppo_diffusion_agent][INFO] - approx_kl: 6.127766596364381e-07, update_epoch: 0, num_batch: 4
[2026-10-08 22:01:38,092][agent.finetune.train_ppo_diffusion_agent][INFO] - approx_kl: 1.3172721082810313e-06, update_epoch: 0, num_batch: 4
[2026-10-08 22:01:40,432][agent.finetune.train_ppo_diffusion_agent][INFO] - approx_kl: 2.3150769266067073e-06, update_epoch: 1, num_batch: 4
[2026-10-08 22:01:42,553][agent.finetune.train_ppo_diffusion_agent][INFO] - approx_kl: 3.6388039461598964e-06, update_epoch: 1, num_batch: 4
[2026-10-08 22:01:44,760][agent.finetune.train_ppo_diffusion_agent][INFO] - approx_kl: 5.108639925310854e-06, update_epoch: 1, num_batch: 4
[2026-10-08 22:01:46,975][agent.finetune.train_ppo_diffusion_agent][INFO] - approx_kl: 6.457720246544341e-06, update_epoch: 1, num_batch: 4
[2026-10-08 22:01:49,306][agent.finetune.train_ppo_diffusion_agent][INFO] - approx_kl: 7.982066563272383e-06, update_epoch: 2, num_batch: 4
[2026-10-08 22:01:51,427][agent.finetune.train_ppo_diffusion_agent][INFO] - approx_kl: 8.571422768000048e-06, update_epoch: 2, num_batch: 4
[2026-10-08 22:01:53,663][agent.finetune.train_ppo_diffusion_agent][INFO] - approx_kl: 9.24984851735644e-06, update_epoch: 2, num_batch: 4
[2026-10-08 22:01:55,889][agent.finetune.train_ppo_diffusion_agent][INFO] - approx_kl: 9.529623639537022e-06, update_epoch: 2, num_batch: 4
[2026-10-08 22:01:58,210][agent.finetune.train_ppo_diffusion_agent][INFO] - approx_kl: 1.0088562703458592e-05, update_epoch: 3, num_batch: 4
[2026-10-08 22:02:00,320][agent.finetune.train_ppo_diffusion_agent][INFO] - approx_kl: 1.0834645763679873e-05, update_epoch: 3, num_batch: 4
[2026-10-08 22:02:02,536][agent.finetune.train_ppo_diffusion_agent][INFO] - approx_kl: 1.1676112990244292e-05, update_epoch: 3, num_batch: 4
[2026-10-08 22:02:04,753][agent.finetune.train_ppo_diffusion_agent][INFO] - approx_kl: 1.2552300177048892e-05, update_epoch: 3, num_batch: 4
[2026-10-08 22:02:07,081][agent.finetune.train_ppo_diffusion_agent][INFO] - approx_kl: 1.3120200492267031e-05, update_epoch: 4, num_batch: 4
[2026-10-08 22:02:09,204][agent.finetune.train_ppo_diffusion_agent][INFO] - approx_kl: 1.3830649550072849e-05, update_epoch: 4, num_batch: 4
[2026-10-08 22:02:11,425][agent.finetune.train_ppo_diffusion_agent][INFO] - approx_kl: 1.4099511645326857e-05, update_epoch: 4, num_batch: 4
[2026-10-08 22:02:13,633][agent.finetune.train_ppo_diffusion_agent][INFO] - approx_kl: 1.4731908777321223e-05, update_epoch: 4, num_batch: 4
[2026-10-08 22:02:13,639][agent.finetune.train_ppo_diffusion_agent][INFO] - 136: step  9840000 | loss   0.0558 | pg loss  -0.0005 | value loss   0.1126 | bc loss   0.0000 | reward 4345.2840 | eta   1.0000 | t: 56.9662
Processed step 0 of 500
Processed step 10 of 500
Processed step 20 of 500
Processed step 30 of 500
Processed step 40 of 500
Processed step 50 of 500
Processed step 60 of 500
Processed step 70 of 500
Processed step 80 of 500
Processed step 90 of 500
Processed step 100 of 500
Processed step 110 of 500
Processed step 120 of 500
Processed step 130 of 500
Processed step 140 of 500
Processed step 150 of 500
Processed step 160 of 500
Processed step 170 of 500
Processed step 180 of 500
Processed step 190 of 500
Processed step 200 of 500
Processed step 210 of 500
Processed step 220 of 500
Processed step 230 of 500
Processed step 240 of 500
Processed step 250 of 500
Processed step 260 of 500
Processed step 270 of 500
Processed step 280 of 500
Processed step 290 of 500
Processed step 300 of 500
Processed step 310 of 500
Processed step 320 of 500
Processed step 330 of 500
Processed step 340 of 500
Processed step 350 of 500
Processed step 360 of 500
Processed step 370 of 500
Processed step 380 of 500
Processed step 390 of 500
Processed step 400 of 500
Processed step 410 of 500
Processed step 420 of 500
Processed step 430 of 500
Processed step 440 of 500
Processed step 450 of 500
Processed step 460 of 500
Processed step 470 of 500
Processed step 480 of 500
Processed step 490 of 500
[2026-10-08 22:02:28,489][agent.finetune.train_ppo_diffusion_agent][INFO] - approx_kl: 0.0, update_epoch: 0, num_batch: 4
[2026-10-08 22:02:30,615][agent.finetune.train_ppo_diffusion_agent][INFO] - approx_kl: 2.1870076238883485e-07, update_epoch: 0, num_batch: 4
[2026-10-08 22:02:32,833][agent.finetune.train_ppo_diffusion_agent][INFO] - approx_kl: 8.050319593166932e-07, update_epoch: 0, num_batch: 4
[2026-10-08 22:02:35,062][agent.finetune.train_ppo_diffusion_agent][INFO] - approx_kl: 1.5573581322314567e-06, update_epoch: 0, num_batch: 4
[2026-10-08 22:02:37,389][agent.finetune.train_ppo_diffusion_agent][INFO] - approx_kl: 2.5858573735604296e-06, update_epoch: 1, num_batch: 4
[2026-10-08 22:02:39,516][agent.finetune.train_ppo_diffusion_agent][INFO] - approx_kl: 3.885990281560225e-06, update_epoch: 1, num_batch: 4
[2026-10-08 22:02:41,728][agent.finetune.train_ppo_diffusion_agent][INFO] - approx_kl: 5.6897852118709125e-06, update_epoch: 1, num_batch: 4
[2026-10-08 22:02:43,955][agent.finetune.train_ppo_diffusion_agent][INFO] - approx_kl: 7.425098829116905e-06, update_epoch: 1, num_batch: 4
[2026-10-08 22:02:46,297][agent.finetune.train_ppo_diffusion_agent][INFO] - approx_kl: 9.083504664886277e-06, update_epoch: 2, num_batch: 4
[2026-10-08 22:02:48,426][agent.finetune.train_ppo_diffusion_agent][INFO] - approx_kl: 9.794317520572804e-06, update_epoch: 2, num_batch: 4
[2026-10-08 22:02:50,652][agent.finetune.train_ppo_diffusion_agent][INFO] - approx_kl: 1.0411854418634903e-05, update_epoch: 2, num_batch: 4
[2026-10-08 22:02:52,877][agent.finetune.train_ppo_diffusion_agent][INFO] - approx_kl: 1.1383042874513194e-05, update_epoch: 2, num_batch: 4
[2026-10-08 22:02:55,233][agent.finetune.train_ppo_diffusion_agent][INFO] - approx_kl: 1.1751584679586813e-05, update_epoch: 3, num_batch: 4
[2026-10-08 22:02:57,357][agent.finetune.train_ppo_diffusion_agent][INFO] - approx_kl: 1.2637326108233538e-05, update_epoch: 3, num_batch: 4
[2026-10-08 22:02:59,584][agent.finetune.train_ppo_diffusion_agent][INFO] - approx_kl: 1.2996337318327278e-05, update_epoch: 3, num_batch: 4
[2026-10-08 22:03:01,811][agent.finetune.train_ppo_diffusion_agent][INFO] - approx_kl: 1.3674976798938587e-05, update_epoch: 3, num_batch: 4
[2026-10-08 22:03:04,151][agent.finetune.train_ppo_diffusion_agent][INFO] - approx_kl: 1.4187286978994962e-05, update_epoch: 4, num_batch: 4
[2026-10-08 22:03:06,295][agent.finetune.train_ppo_diffusion_agent][INFO] - approx_kl: 1.477175101172179e-05, update_epoch: 4, num_batch: 4
[2026-10-08 22:03:08,537][agent.finetune.train_ppo_diffusion_agent][INFO] - approx_kl: 1.5399007679661736e-05, update_epoch: 4, num_batch: 4
[2026-10-08 22:03:10,778][agent.finetune.train_ppo_diffusion_agent][INFO] - approx_kl: 1.5809528122190386e-05, update_epoch: 4, num_batch: 4
[2026-10-08 22:03:10,785][agent.finetune.train_ppo_diffusion_agent][INFO] - 137: step  9920000 | loss   0.0561 | pg loss  -0.0006 | value loss   0.1134 | bc loss   0.0000 | reward 4314.8316 | eta   1.0000 | t: 57.1455
Processed step 0 of 500
Processed step 10 of 500
Processed step 20 of 500
Processed step 30 of 500
Processed step 40 of 500
Processed step 50 of 500
Processed step 60 of 500
Processed step 70 of 500
Processed step 80 of 500
Processed step 90 of 500
Processed step 100 of 500
Processed step 110 of 500
Processed step 120 of 500
Processed step 130 of 500
Processed step 140 of 500
Processed step 150 of 500
Processed step 160 of 500
Processed step 170 of 500
Processed step 180 of 500
Processed step 190 of 500
Processed step 200 of 500
Processed step 210 of 500
Processed step 220 of 500
Processed step 230 of 500
Processed step 240 of 500
Processed step 250 of 500
Processed step 260 of 500
Processed step 270 of 500
Processed step 280 of 500
Processed step 290 of 500
Processed step 300 of 500
Processed step 310 of 500
Processed step 320 of 500
Processed step 330 of 500
Processed step 340 of 500
Processed step 350 of 500
Processed step 360 of 500
Processed step 370 of 500
Processed step 380 of 500
Processed step 390 of 500
Processed step 400 of 500
Processed step 410 of 500
Processed step 420 of 500
Processed step 430 of 500
Processed step 440 of 500
Processed step 450 of 500
Processed step 460 of 500
Processed step 470 of 500
Processed step 480 of 500
Processed step 490 of 500
[2026-10-08 22:03:25,678][agent.finetune.train_ppo_diffusion_agent][INFO] - approx_kl: 0.0, update_epoch: 0, num_batch: 4
[2026-10-08 22:03:27,792][agent.finetune.train_ppo_diffusion_agent][INFO] - approx_kl: 1.4171983764299512e-07, update_epoch: 0, num_batch: 4
[2026-10-08 22:03:30,031][agent.finetune.train_ppo_diffusion_agent][INFO] - approx_kl: 5.540184702113038e-07, update_epoch: 0, num_batch: 4
[2026-10-08 22:03:32,361][agent.finetune.train_ppo_diffusion_agent][INFO] - approx_kl: 1.1790132248279406e-06, update_epoch: 0, num_batch: 4
[2026-10-08 22:03:34,471][agent.finetune.train_ppo_diffusion_agent][INFO] - approx_kl: 1.9179005903424695e-06, update_epoch: 1, num_batch: 4
[2026-10-08 22:03:36,693][agent.finetune.train_ppo_diffusion_agent][INFO] - approx_kl: 2.9759041808574693e-06, update_epoch: 1, num_batch: 4
[2026-10-08 22:03:38,904][agent.finetune.train_ppo_diffusion_agent][INFO] - approx_kl: 4.3541394916246645e-06, update_epoch: 1, num_batch: 4
[2026-10-08 22:03:41,233][agent.finetune.train_ppo_diffusion_agent][INFO] - approx_kl: 5.579756361839827e-06, update_epoch: 1, num_batch: 4
[2026-10-08 22:03:43,341][agent.finetune.train_ppo_diffusion_agent][INFO] - approx_kl: 6.8335198193381075e-06, update_epoch: 2, num_batch: 4
[2026-10-08 22:03:45,559][agent.finetune.train_ppo_diffusion_agent][INFO] - approx_kl: 7.779991392453667e-06, update_epoch: 2, num_batch: 4
[2026-10-08 22:03:47,774][agent.finetune.train_ppo_diffusion_agent][INFO] - approx_kl: 8.721743142814375e-06, update_epoch: 2, num_batch: 4
[2026-10-08 22:03:50,095][agent.finetune.train_ppo_diffusion_agent][INFO] - approx_kl: 9.64980063145049e-06, update_epoch: 2, num_batch: 4
[2026-10-08 22:03:52,213][agent.finetune.train_ppo_diffusion_agent][INFO] - approx_kl: 1.0821849173225928e-05, update_epoch: 3, num_batch: 4
[2026-10-08 22:03:54,423][agent.finetune.train_ppo_diffusion_agent][INFO] - approx_kl: 1.1613211427174974e-05, update_epoch: 3, num_batch: 4
[2026-10-08 22:03:56,679][agent.finetune.train_ppo_diffusion_agent][INFO] - approx_kl: 1.2674731806328055e-05, update_epoch: 3, num_batch: 4
[2026-10-08 22:03:59,014][agent.finetune.train_ppo_diffusion_agent][INFO] - approx_kl: 1.367133063467918e-05, update_epoch: 3, num_batch: 4
[2026-10-08 22:04:01,136][agent.finetune.train_ppo_diffusion_agent][INFO] - approx_kl: 1.4208162610884756e-05, update_epoch: 4, num_batch: 4
[2026-10-08 22:04:03,351][agent.finetune.train_ppo_diffusion_agent][INFO] - approx_kl: 1.4638669199484866e-05, update_epoch: 4, num_batch: 4
[2026-10-08 22:04:05,560][agent.finetune.train_ppo_diffusion_agent][INFO] - approx_kl: 1.5344650819315575e-05, update_epoch: 4, num_batch: 4
[2026-10-08 22:04:07,879][agent.finetune.train_ppo_diffusion_agent][INFO] - approx_kl: 1.590729152667336e-05, update_epoch: 4, num_batch: 4
[2026-10-08 22:04:07,886][agent.finetune.train_ppo_diffusion_agent][INFO] - 138: step 10000000 | loss   0.0554 | pg loss  -0.0004 | value loss   0.1116 | bc loss   0.0000 | reward 4454.5040 | eta   1.0000 | t: 57.1010
Processed step 0 of 500
Processed step 10 of 500
Processed step 20 of 500
Processed step 30 of 500
Processed step 40 of 500
Processed step 50 of 500
Processed step 60 of 500
Processed step 70 of 500
Processed step 80 of 500
Processed step 90 of 500
Processed step 100 of 500
Processed step 110 of 500
Processed step 120 of 500
Processed step 130 of 500
Processed step 140 of 500
Processed step 150 of 500
Processed step 160 of 500
Processed step 170 of 500
Processed step 180 of 500
Processed step 190 of 500
Processed step 200 of 500
Processed step 210 of 500
Processed step 220 of 500
Processed step 230 of 500
Processed step 240 of 500
Processed step 250 of 500
Processed step 260 of 500
Processed step 270 of 500
Processed step 280 of 500
Processed step 290 of 500
Processed step 300 of 500
Processed step 310 of 500
Processed step 320 of 500
Processed step 330 of 500
Processed step 340 of 500
Processed step 350 of 500
Processed step 360 of 500
Processed step 370 of 500
Processed step 380 of 500
Processed step 390 of 500
Processed step 400 of 500
Processed step 410 of 500
Processed step 420 of 500
Processed step 430 of 500
Processed step 440 of 500
Processed step 450 of 500
Processed step 460 of 500
Processed step 470 of 500
Processed step 480 of 500
Processed step 490 of 500
[2026-10-08 22:04:22,657][agent.finetune.train_ppo_diffusion_agent][INFO] - approx_kl: 0.0, update_epoch: 0, num_batch: 4
[2026-10-08 22:04:24,905][agent.finetune.train_ppo_diffusion_agent][INFO] - approx_kl: 1.9067606160660944e-07, update_epoch: 0, num_batch: 4
[2026-10-08 22:04:27,130][agent.finetune.train_ppo_diffusion_agent][INFO] - approx_kl: 8.013106480575516e-07, update_epoch: 0, num_batch: 4
[2026-10-08 22:04:29,464][agent.finetune.train_ppo_diffusion_agent][INFO] - approx_kl: 1.7187338698931853e-06, update_epoch: 0, num_batch: 4
[2026-10-08 22:04:31,596][agent.finetune.train_ppo_diffusion_agent][INFO] - approx_kl: 3.052108240808593e-06, update_epoch: 1, num_batch: 4
[2026-10-08 22:04:33,821][agent.finetune.train_ppo_diffusion_agent][INFO] - approx_kl: 4.827468728763051e-06, update_epoch: 1, num_batch: 4
[2026-10-08 22:04:36,040][agent.finetune.train_ppo_diffusion_agent][INFO] - approx_kl: 7.162086603784701e-06, update_epoch: 1, num_batch: 4
[2026-10-08 22:04:38,363][agent.finetune.train_ppo_diffusion_agent][INFO] - approx_kl: 8.981681276054587e-06, update_epoch: 1, num_batch: 4
[2026-10-08 22:04:40,476][agent.finetune.train_ppo_diffusion_agent][INFO] - approx_kl: 9.99893200059887e-06, update_epoch: 2, num_batch: 4
[2026-10-08 22:04:42,689][agent.finetune.train_ppo_diffusion_agent][INFO] - approx_kl: 1.0074467354570515e-05, update_epoch: 2, num_batch: 4
[2026-10-08 22:04:44,907][agent.finetune.train_ppo_diffusion_agent][INFO] - approx_kl: 1.0178157936024945e-05, update_epoch: 2, num_batch: 4
[2026-10-08 22:04:47,259][agent.finetune.train_ppo_diffusion_agent][INFO] - approx_kl: 1.0546488738327753e-05, update_epoch: 2, num_batch: 4
[2026-10-08 22:04:49,390][agent.finetune.train_ppo_diffusion_agent][INFO] - approx_kl: 1.0992796887876466e-05, update_epoch: 3, num_batch: 4
[2026-10-08 22:04:51,601][agent.finetune.train_ppo_diffusion_agent][INFO] - approx_kl: 1.1449966223153751e-05, update_epoch: 3, num_batch: 4
[2026-10-08 22:04:53,815][agent.finetune.train_ppo_diffusion_agent][INFO] - approx_kl: 1.2132441952417139e-05, update_epoch: 3, num_batch: 4
[2026-10-08 22:04:56,132][agent.finetune.train_ppo_diffusion_agent][INFO] - approx_kl: 1.3021702216065023e-05, update_epoch: 3, num_batch: 4
[2026-10-08 22:04:58,259][agent.finetune.train_ppo_diffusion_agent][INFO] - approx_kl: 1.3690013474842999e-05, update_epoch: 4, num_batch: 4
[2026-10-08 22:05:00,461][agent.finetune.train_ppo_diffusion_agent][INFO] - approx_kl: 1.4466823813563678e-05, update_epoch: 4, num_batch: 4
[2026-10-08 22:05:02,662][agent.finetune.train_ppo_diffusion_agent][INFO] - approx_kl: 1.5357973097707145e-05, update_epoch: 4, num_batch: 4
[2026-10-08 22:05:04,981][agent.finetune.train_ppo_diffusion_agent][INFO] - approx_kl: 1.595246976648923e-05, update_epoch: 4, num_batch: 4
[2026-10-08 22:05:05,025][agent.finetune.train_agent][INFO] - Saved model to /soalnas/share/data/zbao7/diffusion_policy/results/repro_halfcheetah/dppo/log/gym-finetune/halfcheetah-medium-v2_ppo_diffusion_mlp_ta4_td20_tdf10/2026-10-08_20-01-32_0/checkpoint/state_139.pt
[2026-10-08 22:05:05,025][agent.finetune.train_ppo_diffusion_agent][INFO] - 139: step 10080000 | loss   0.0555 | pg loss  -0.0006 | value loss   0.1123 | bc loss   0.0000 | reward 4285.9019 | eta   1.0000 | t: 57.1397
