[2026-10-09 17:27:45,530][absl][INFO] - MUJOCO_GL is not set, so an OpenGL backend will be chosen automatically.
[2026-10-09 17:27:45,542][absl][INFO] - Successfully imported OpenGL backend: glfw
[2026-10-09 17:27:45,601][absl][INFO] - MuJoCo library version is: 3.2.3
[2026-10-09 17:27:47,291][root][INFO] - Loaded SL-trained policy from /soalnas/share/data/zbao7/diffusion_policy/results/repro_halfcheetah/dppo/log/gym-pretrain/halfcheetah-medium-v2_pre_diffusion_mlp_ta4_td20/2024-06-12_23-04-42/checkpoint/state_3000.pt
[2026-10-09 17:27:47,291][root][INFO] - Number of network parameters: 568392
[2026-10-09 17:27:47,377][root][INFO] - Cloned model for fine-tuning
[2026-10-09 17:27:47,377][root][INFO] - Turned off gradients of the pretrained network
[2026-10-09 17:27:47,377][root][INFO] - Number of finetuned parameters: 568392
[2026-10-09 17:27:47,394][agent.finetune.train_ppo_diffusion_agent][INFO] - stage2_flags clamp_logprob=False logprob_reduce=mean actor_single_step=True
[2026-10-09 17:27:59,970][agent.finetune.train_agent][INFO] - Saved model to /soalnas/share/data/zbao7/diffusion_policy/results/stage2_noclip/runs/NC4_lr1e-3_seed1/native/checkpoint/state_0.pt
[2026-10-09 17:27:59,970][agent.finetune.train_ppo_diffusion_agent][INFO] - eval: success rate   1.0000 | avg episode reward 4339.8105 | avg best reward   6.4361
[2026-10-09 17:28:15,215][agent.finetune.train_ppo_diffusion_agent][INFO] - approx_kl: 0.0, update_epoch: 0, num_batch: 4
[2026-10-09 17:28:17,630][agent.finetune.train_ppo_diffusion_agent][INFO] - approx_kl: 0.0, update_epoch: 0, num_batch: 4
[2026-10-09 17:28:19,754][agent.finetune.train_ppo_diffusion_agent][INFO] - approx_kl: 0.0, update_epoch: 0, num_batch: 4
[2026-10-09 17:28:21,988][agent.finetune.train_ppo_diffusion_agent][INFO] - approx_kl: 0.0, update_epoch: 0, num_batch: 4
[2026-10-09 17:28:24,326][agent.finetune.train_ppo_diffusion_agent][INFO] - approx_kl: 0.0, update_epoch: 1, num_batch: 4
[2026-10-09 17:28:26,474][agent.finetune.train_ppo_diffusion_agent][INFO] - approx_kl: 0.0, update_epoch: 1, num_batch: 4
[2026-10-09 17:28:28,704][agent.finetune.train_ppo_diffusion_agent][INFO] - approx_kl: 0.0, update_epoch: 1, num_batch: 4
[2026-10-09 17:28:30,984][agent.finetune.train_ppo_diffusion_agent][INFO] - approx_kl: 0.0, update_epoch: 1, num_batch: 4
[2026-10-09 17:28:33,315][agent.finetune.train_ppo_diffusion_agent][INFO] - approx_kl: 0.0, update_epoch: 2, num_batch: 4
[2026-10-09 17:28:35,453][agent.finetune.train_ppo_diffusion_agent][INFO] - approx_kl: 0.0, update_epoch: 2, num_batch: 4
[2026-10-09 17:28:37,681][agent.finetune.train_ppo_diffusion_agent][INFO] - approx_kl: 0.0, update_epoch: 2, num_batch: 4
[2026-10-09 17:28:39,937][agent.finetune.train_ppo_diffusion_agent][INFO] - approx_kl: 0.0, update_epoch: 2, num_batch: 4
[2026-10-09 17:28:42,272][agent.finetune.train_ppo_diffusion_agent][INFO] - approx_kl: 0.0, update_epoch: 3, num_batch: 4
[2026-10-09 17:28:44,403][agent.finetune.train_ppo_diffusion_agent][INFO] - approx_kl: 0.0, update_epoch: 3, num_batch: 4
[2026-10-09 17:28:46,619][agent.finetune.train_ppo_diffusion_agent][INFO] - approx_kl: 0.0, update_epoch: 3, num_batch: 4
[2026-10-09 17:28:48,863][agent.finetune.train_ppo_diffusion_agent][INFO] - approx_kl: 0.0, update_epoch: 3, num_batch: 4
[2026-10-09 17:28:51,194][agent.finetune.train_ppo_diffusion_agent][INFO] - approx_kl: 0.0, update_epoch: 4, num_batch: 4
[2026-10-09 17:28:53,343][agent.finetune.train_ppo_diffusion_agent][INFO] - approx_kl: 0.0, update_epoch: 4, num_batch: 4
[2026-10-09 17:28:55,589][agent.finetune.train_ppo_diffusion_agent][INFO] - approx_kl: 0.0, update_epoch: 4, num_batch: 4
[2026-10-09 17:28:57,821][agent.finetune.train_ppo_diffusion_agent][INFO] - approx_kl: 0.0, update_epoch: 4, num_batch: 4
[2026-10-09 17:29:06,833][agent.finetune.train_ppo_diffusion_agent][INFO] - 1: step    80000 | loss   0.0052 | pg loss   0.0000 | value loss   0.0103 | bc loss   0.0000 | reward 3864.4145 | eta   1.0000 | t: 66.8628 | kl_true_per_action=0.4220652582552008 | logratio_p99=0.9919785273075057 | clamp_hit_frac=0.0007375 | actor_step_ratio=1.0 | actor_step_clipfrac=0.0
[2026-10-09 17:29:21,706][agent.finetune.train_ppo_diffusion_agent][INFO] - approx_kl: 0.0, update_epoch: 0, num_batch: 4
[2026-10-09 17:29:23,858][agent.finetune.train_ppo_diffusion_agent][INFO] - approx_kl: 0.0, update_epoch: 0, num_batch: 4
[2026-10-09 17:29:26,117][agent.finetune.train_ppo_diffusion_agent][INFO] - approx_kl: 0.0, update_epoch: 0, num_batch: 4
[2026-10-09 17:29:28,349][agent.finetune.train_ppo_diffusion_agent][INFO] - approx_kl: 0.0, update_epoch: 0, num_batch: 4
[2026-10-09 17:29:30,692][agent.finetune.train_ppo_diffusion_agent][INFO] - approx_kl: 0.0, update_epoch: 1, num_batch: 4
[2026-10-09 17:29:32,822][agent.finetune.train_ppo_diffusion_agent][INFO] - approx_kl: 0.0, update_epoch: 1, num_batch: 4
[2026-10-09 17:29:35,054][agent.finetune.train_ppo_diffusion_agent][INFO] - approx_kl: 0.0, update_epoch: 1, num_batch: 4
[2026-10-09 17:29:37,276][agent.finetune.train_ppo_diffusion_agent][INFO] - approx_kl: 0.0, update_epoch: 1, num_batch: 4
[2026-10-09 17:29:39,604][agent.finetune.train_ppo_diffusion_agent][INFO] - approx_kl: 0.0, update_epoch: 2, num_batch: 4
[2026-10-09 17:29:41,725][agent.finetune.train_ppo_diffusion_agent][INFO] - approx_kl: 0.0, update_epoch: 2, num_batch: 4
[2026-10-09 17:29:43,943][agent.finetune.train_ppo_diffusion_agent][INFO] - approx_kl: 0.0, update_epoch: 2, num_batch: 4
[2026-10-09 17:29:46,180][agent.finetune.train_ppo_diffusion_agent][INFO] - approx_kl: 0.0, update_epoch: 2, num_batch: 4
[2026-10-09 17:29:48,517][agent.finetune.train_ppo_diffusion_agent][INFO] - approx_kl: 0.0, update_epoch: 3, num_batch: 4
[2026-10-09 17:29:50,644][agent.finetune.train_ppo_diffusion_agent][INFO] - approx_kl: 0.0, update_epoch: 3, num_batch: 4
[2026-10-09 17:29:52,859][agent.finetune.train_ppo_diffusion_agent][INFO] - approx_kl: 0.0, update_epoch: 3, num_batch: 4
[2026-10-09 17:29:55,068][agent.finetune.train_ppo_diffusion_agent][INFO] - approx_kl: 0.0, update_epoch: 3, num_batch: 4
[2026-10-09 17:29:57,392][agent.finetune.train_ppo_diffusion_agent][INFO] - approx_kl: 0.0, update_epoch: 4, num_batch: 4
[2026-10-09 17:29:59,530][agent.finetune.train_ppo_diffusion_agent][INFO] - approx_kl: 0.0, update_epoch: 4, num_batch: 4
[2026-10-09 17:30:01,812][agent.finetune.train_ppo_diffusion_agent][INFO] - approx_kl: 0.0, update_epoch: 4, num_batch: 4
[2026-10-09 17:30:04,063][agent.finetune.train_ppo_diffusion_agent][INFO] - approx_kl: 0.0, update_epoch: 4, num_batch: 4
[2026-10-09 17:30:13,048][agent.finetune.train_ppo_diffusion_agent][INFO] - 2: step   160000 | loss   0.0122 | pg loss   0.0000 | value loss   0.0245 | bc loss   0.0000 | reward 3913.7037 | eta   1.0000 | t: 66.2147 | kl_true_per_action=0.4044915470205362 | logratio_p99=0.974989907741545 | clamp_hit_frac=0.0007416666666666666 | actor_step_ratio=1.0 | actor_step_clipfrac=0.0
[2026-10-09 17:30:28,548][agent.finetune.train_ppo_diffusion_agent][INFO] - approx_kl: 0.0, update_epoch: 0, num_batch: 4
[2026-10-09 17:30:30,673][agent.finetune.train_ppo_diffusion_agent][INFO] - approx_kl: 0.0, update_epoch: 0, num_batch: 4
[2026-10-09 17:30:32,874][agent.finetune.train_ppo_diffusion_agent][INFO] - approx_kl: 0.0, update_epoch: 0, num_batch: 4
[2026-10-09 17:30:35,182][agent.finetune.train_ppo_diffusion_agent][INFO] - approx_kl: 0.0, update_epoch: 0, num_batch: 4
[2026-10-09 17:30:37,299][agent.finetune.train_ppo_diffusion_agent][INFO] - approx_kl: 0.0, update_epoch: 1, num_batch: 4
[2026-10-09 17:30:39,521][agent.finetune.train_ppo_diffusion_agent][INFO] - approx_kl: 0.0, update_epoch: 1, num_batch: 4
[2026-10-09 17:30:41,729][agent.finetune.train_ppo_diffusion_agent][INFO] - approx_kl: 0.0, update_epoch: 1, num_batch: 4
[2026-10-09 17:30:44,053][agent.finetune.train_ppo_diffusion_agent][INFO] - approx_kl: 0.0, update_epoch: 1, num_batch: 4
[2026-10-09 17:30:46,177][agent.finetune.train_ppo_diffusion_agent][INFO] - approx_kl: 0.0, update_epoch: 2, num_batch: 4
[2026-10-09 17:30:48,385][agent.finetune.train_ppo_diffusion_agent][INFO] - approx_kl: 0.0, update_epoch: 2, num_batch: 4
[2026-10-09 17:30:50,601][agent.finetune.train_ppo_diffusion_agent][INFO] - approx_kl: 0.0, update_epoch: 2, num_batch: 4
[2026-10-09 17:30:52,919][agent.finetune.train_ppo_diffusion_agent][INFO] - approx_kl: 0.0, update_epoch: 2, num_batch: 4
[2026-10-09 17:30:55,040][agent.finetune.train_ppo_diffusion_agent][INFO] - approx_kl: 0.0, update_epoch: 3, num_batch: 4
[2026-10-09 17:30:57,250][agent.finetune.train_ppo_diffusion_agent][INFO] - approx_kl: 0.0, update_epoch: 3, num_batch: 4
[2026-10-09 17:30:59,477][agent.finetune.train_ppo_diffusion_agent][INFO] - approx_kl: 0.0, update_epoch: 3, num_batch: 4
[2026-10-09 17:31:01,777][agent.finetune.train_ppo_diffusion_agent][INFO] - approx_kl: 0.0, update_epoch: 3, num_batch: 4
[2026-10-09 17:31:03,904][agent.finetune.train_ppo_diffusion_agent][INFO] - approx_kl: 0.0, update_epoch: 4, num_batch: 4
[2026-10-09 17:31:06,171][agent.finetune.train_ppo_diffusion_agent][INFO] - approx_kl: 0.0, update_epoch: 4, num_batch: 4
[2026-10-09 17:31:08,408][agent.finetune.train_ppo_diffusion_agent][INFO] - approx_kl: 0.0, update_epoch: 4, num_batch: 4
[2026-10-09 17:31:10,740][agent.finetune.train_ppo_diffusion_agent][INFO] - approx_kl: 0.0, update_epoch: 4, num_batch: 4
[2026-10-09 17:31:19,763][agent.finetune.train_ppo_diffusion_agent][INFO] - 3: step   240000 | loss   0.0213 | pg loss   0.0000 | value loss   0.0426 | bc loss   0.0000 | reward 4141.3985 | eta   1.0000 | t: 66.7146 | kl_true_per_action=0.5218153515189463 | logratio_p99=1.0489667356014207 | clamp_hit_frac=0.0007875 | actor_step_ratio=1.0 | actor_step_clipfrac=0.0
[2026-10-09 17:31:35,368][agent.finetune.train_ppo_diffusion_agent][INFO] - approx_kl: 0.0, update_epoch: 0, num_batch: 4
[2026-10-09 17:31:37,605][agent.finetune.train_ppo_diffusion_agent][INFO] - approx_kl: 0.0, update_epoch: 0, num_batch: 4
[2026-10-09 17:31:39,846][agent.finetune.train_ppo_diffusion_agent][INFO] - approx_kl: 0.0, update_epoch: 0, num_batch: 4
[2026-10-09 17:31:42,168][agent.finetune.train_ppo_diffusion_agent][INFO] - approx_kl: 0.0, update_epoch: 0, num_batch: 4
[2026-10-09 17:31:44,298][agent.finetune.train_ppo_diffusion_agent][INFO] - approx_kl: 0.0, update_epoch: 1, num_batch: 4
[2026-10-09 17:31:46,516][agent.finetune.train_ppo_diffusion_agent][INFO] - approx_kl: 0.0, update_epoch: 1, num_batch: 4
[2026-10-09 17:31:48,723][agent.finetune.train_ppo_diffusion_agent][INFO] - approx_kl: 0.0, update_epoch: 1, num_batch: 4
[2026-10-09 17:31:51,047][agent.finetune.train_ppo_diffusion_agent][INFO] - approx_kl: 0.0, update_epoch: 1, num_batch: 4
[2026-10-09 17:31:53,183][agent.finetune.train_ppo_diffusion_agent][INFO] - approx_kl: 0.0, update_epoch: 2, num_batch: 4
[2026-10-09 17:31:55,391][agent.finetune.train_ppo_diffusion_agent][INFO] - approx_kl: 0.0, update_epoch: 2, num_batch: 4
[2026-10-09 17:31:57,611][agent.finetune.train_ppo_diffusion_agent][INFO] - approx_kl: 0.0, update_epoch: 2, num_batch: 4
[2026-10-09 17:31:59,922][agent.finetune.train_ppo_diffusion_agent][INFO] - approx_kl: 0.0, update_epoch: 2, num_batch: 4
[2026-10-09 17:32:02,029][agent.finetune.train_ppo_diffusion_agent][INFO] - approx_kl: 0.0, update_epoch: 3, num_batch: 4
[2026-10-09 17:32:04,237][agent.finetune.train_ppo_diffusion_agent][INFO] - approx_kl: 0.0, update_epoch: 3, num_batch: 4
[2026-10-09 17:32:06,450][agent.finetune.train_ppo_diffusion_agent][INFO] - approx_kl: 0.0, update_epoch: 3, num_batch: 4
[2026-10-09 17:32:08,792][agent.finetune.train_ppo_diffusion_agent][INFO] - approx_kl: 0.0, update_epoch: 3, num_batch: 4
[2026-10-09 17:32:10,908][agent.finetune.train_ppo_diffusion_agent][INFO] - approx_kl: 0.0, update_epoch: 4, num_batch: 4
[2026-10-09 17:32:13,117][agent.finetune.train_ppo_diffusion_agent][INFO] - approx_kl: 0.0, update_epoch: 4, num_batch: 4
[2026-10-09 17:32:15,322][agent.finetune.train_ppo_diffusion_agent][INFO] - approx_kl: 0.0, update_epoch: 4, num_batch: 4
[2026-10-09 17:32:17,635][agent.finetune.train_ppo_diffusion_agent][INFO] - approx_kl: 0.0, update_epoch: 4, num_batch: 4
[2026-10-09 17:32:26,509][agent.finetune.train_ppo_diffusion_agent][INFO] - 4: step   320000 | loss   0.0280 | pg loss  -0.0000 | value loss   0.0559 | bc loss   0.0000 | reward 4026.5091 | eta   1.0000 | t: 66.7469 | kl_true_per_action=0.5061742762004953 | logratio_p99=1.0360315597057341 | clamp_hit_frac=0.0007354166666666667 | actor_step_ratio=1.0 | actor_step_clipfrac=0.0
[2026-10-09 17:32:41,985][agent.finetune.train_ppo_diffusion_agent][INFO] - approx_kl: 0.0, update_epoch: 0, num_batch: 4
[2026-10-09 17:32:44,206][agent.finetune.train_ppo_diffusion_agent][INFO] - approx_kl: 0.0, update_epoch: 0, num_batch: 4
[2026-10-09 17:32:46,404][agent.finetune.train_ppo_diffusion_agent][INFO] - approx_kl: 0.0, update_epoch: 0, num_batch: 4
[2026-10-09 17:32:48,708][agent.finetune.train_ppo_diffusion_agent][INFO] - approx_kl: 0.0, update_epoch: 0, num_batch: 4
[2026-10-09 17:32:50,834][agent.finetune.train_ppo_diffusion_agent][INFO] - approx_kl: 0.0, update_epoch: 1, num_batch: 4
[2026-10-09 17:32:53,033][agent.finetune.train_ppo_diffusion_agent][INFO] - approx_kl: 0.0, update_epoch: 1, num_batch: 4
[2026-10-09 17:32:55,228][agent.finetune.train_ppo_diffusion_agent][INFO] - approx_kl: 0.0, update_epoch: 1, num_batch: 4
[2026-10-09 17:32:57,517][agent.finetune.train_ppo_diffusion_agent][INFO] - approx_kl: 0.0, update_epoch: 1, num_batch: 4
[2026-10-09 17:32:59,636][agent.finetune.train_ppo_diffusion_agent][INFO] - approx_kl: 0.0, update_epoch: 2, num_batch: 4
[2026-10-09 17:33:01,886][agent.finetune.train_ppo_diffusion_agent][INFO] - approx_kl: 0.0, update_epoch: 2, num_batch: 4
[2026-10-09 17:33:04,082][agent.finetune.train_ppo_diffusion_agent][INFO] - approx_kl: 0.0, update_epoch: 2, num_batch: 4
[2026-10-09 17:33:06,389][agent.finetune.train_ppo_diffusion_agent][INFO] - approx_kl: 0.0, update_epoch: 2, num_batch: 4
[2026-10-09 17:33:08,493][agent.finetune.train_ppo_diffusion_agent][INFO] - approx_kl: 0.0, update_epoch: 3, num_batch: 4
[2026-10-09 17:33:10,706][agent.finetune.train_ppo_diffusion_agent][INFO] - approx_kl: 0.0, update_epoch: 3, num_batch: 4
[2026-10-09 17:33:12,922][agent.finetune.train_ppo_diffusion_agent][INFO] - approx_kl: 0.0, update_epoch: 3, num_batch: 4
[2026-10-09 17:33:15,244][agent.finetune.train_ppo_diffusion_agent][INFO] - approx_kl: 0.0, update_epoch: 3, num_batch: 4
[2026-10-09 17:33:17,365][agent.finetune.train_ppo_diffusion_agent][INFO] - approx_kl: 0.0, update_epoch: 4, num_batch: 4
[2026-10-09 17:33:19,579][agent.finetune.train_ppo_diffusion_agent][INFO] - approx_kl: 0.0, update_epoch: 4, num_batch: 4
[2026-10-09 17:33:21,812][agent.finetune.train_ppo_diffusion_agent][INFO] - approx_kl: 0.0, update_epoch: 4, num_batch: 4
[2026-10-09 17:33:24,186][agent.finetune.train_ppo_diffusion_agent][INFO] - approx_kl: 0.0, update_epoch: 4, num_batch: 4
[2026-10-09 17:33:33,052][agent.finetune.train_ppo_diffusion_agent][INFO] - 5: step   400000 | loss   0.0338 | pg loss   0.0000 | value loss   0.0676 | bc loss   0.0000 | reward 4007.6380 | eta   1.0000 | t: 66.5421 | kl_true_per_action=0.40123165163789876 | logratio_p99=0.9039332771301264 | clamp_hit_frac=0.00079375 | actor_step_ratio=1.0 | actor_step_clipfrac=0.0
[2026-10-09 17:33:48,625][agent.finetune.train_ppo_diffusion_agent][INFO] - approx_kl: 0.0, update_epoch: 0, num_batch: 4
[2026-10-09 17:33:50,867][agent.finetune.train_ppo_diffusion_agent][INFO] - approx_kl: 0.0, update_epoch: 0, num_batch: 4
[2026-10-09 17:33:53,096][agent.finetune.train_ppo_diffusion_agent][INFO] - approx_kl: 0.0, update_epoch: 0, num_batch: 4
[2026-10-09 17:33:55,386][agent.finetune.train_ppo_diffusion_agent][INFO] - approx_kl: 0.0, update_epoch: 0, num_batch: 4
[2026-10-09 17:33:57,498][agent.finetune.train_ppo_diffusion_agent][INFO] - approx_kl: 0.0, update_epoch: 1, num_batch: 4
[2026-10-09 17:33:59,691][agent.finetune.train_ppo_diffusion_agent][INFO] - approx_kl: 0.0, update_epoch: 1, num_batch: 4
[2026-10-09 17:34:01,893][agent.finetune.train_ppo_diffusion_agent][INFO] - approx_kl: 0.0, update_epoch: 1, num_batch: 4
[2026-10-09 17:34:04,190][agent.finetune.train_ppo_diffusion_agent][INFO] - approx_kl: 0.0, update_epoch: 1, num_batch: 4
[2026-10-09 17:34:06,311][agent.finetune.train_ppo_diffusion_agent][INFO] - approx_kl: 0.0, update_epoch: 2, num_batch: 4
[2026-10-09 17:34:08,508][agent.finetune.train_ppo_diffusion_agent][INFO] - approx_kl: 0.0, update_epoch: 2, num_batch: 4
[2026-10-09 17:34:10,702][agent.finetune.train_ppo_diffusion_agent][INFO] - approx_kl: 0.0, update_epoch: 2, num_batch: 4
[2026-10-09 17:34:13,031][agent.finetune.train_ppo_diffusion_agent][INFO] - approx_kl: 0.0, update_epoch: 2, num_batch: 4
[2026-10-09 17:34:15,140][agent.finetune.train_ppo_diffusion_agent][INFO] - approx_kl: 0.0, update_epoch: 3, num_batch: 4
[2026-10-09 17:34:17,336][agent.finetune.train_ppo_diffusion_agent][INFO] - approx_kl: 0.0, update_epoch: 3, num_batch: 4
[2026-10-09 17:34:19,549][agent.finetune.train_ppo_diffusion_agent][INFO] - approx_kl: 0.0, update_epoch: 3, num_batch: 4
[2026-10-09 17:34:21,860][agent.finetune.train_ppo_diffusion_agent][INFO] - approx_kl: 0.0, update_epoch: 3, num_batch: 4
[2026-10-09 17:34:23,996][agent.finetune.train_ppo_diffusion_agent][INFO] - approx_kl: 0.0, update_epoch: 4, num_batch: 4
[2026-10-09 17:34:26,224][agent.finetune.train_ppo_diffusion_agent][INFO] - approx_kl: 0.0, update_epoch: 4, num_batch: 4
[2026-10-09 17:34:28,446][agent.finetune.train_ppo_diffusion_agent][INFO] - approx_kl: 0.0, update_epoch: 4, num_batch: 4
[2026-10-09 17:34:30,768][agent.finetune.train_ppo_diffusion_agent][INFO] - approx_kl: 0.0, update_epoch: 4, num_batch: 4
[2026-10-09 17:34:39,693][agent.finetune.train_ppo_diffusion_agent][INFO] - 6: step   480000 | loss   0.0373 | pg loss   0.0000 | value loss   0.0746 | bc loss   0.0000 | reward 4145.9327 | eta   1.0000 | t: 66.6410 | kl_true_per_action=0.31795974100449326 | logratio_p99=0.8193126010894768 | clamp_hit_frac=0.0008125 | actor_step_ratio=1.0 | actor_step_clipfrac=0.0
[2026-10-09 17:34:55,201][agent.finetune.train_ppo_diffusion_agent][INFO] - approx_kl: 0.0, update_epoch: 0, num_batch: 4
[2026-10-09 17:34:57,415][agent.finetune.train_ppo_diffusion_agent][INFO] - approx_kl: 0.0, update_epoch: 0, num_batch: 4
[2026-10-09 17:34:59,757][agent.finetune.train_ppo_diffusion_agent][INFO] - approx_kl: 0.0, update_epoch: 0, num_batch: 4
[2026-10-09 17:35:01,866][agent.finetune.train_ppo_diffusion_agent][INFO] - approx_kl: 0.0, update_epoch: 0, num_batch: 4
[2026-10-09 17:35:04,066][agent.finetune.train_ppo_diffusion_agent][INFO] - approx_kl: 0.0, update_epoch: 1, num_batch: 4
[2026-10-09 17:35:06,294][agent.finetune.train_ppo_diffusion_agent][INFO] - approx_kl: 0.0, update_epoch: 1, num_batch: 4
[2026-10-09 17:35:08,603][agent.finetune.train_ppo_diffusion_agent][INFO] - approx_kl: 0.0, update_epoch: 1, num_batch: 4
[2026-10-09 17:35:10,709][agent.finetune.train_ppo_diffusion_agent][INFO] - approx_kl: 0.0, update_epoch: 1, num_batch: 4
[2026-10-09 17:35:12,914][agent.finetune.train_ppo_diffusion_agent][INFO] - approx_kl: 0.0, update_epoch: 2, num_batch: 4
[2026-10-09 17:35:15,126][agent.finetune.train_ppo_diffusion_agent][INFO] - approx_kl: 0.0, update_epoch: 2, num_batch: 4
[2026-10-09 17:35:17,458][agent.finetune.train_ppo_diffusion_agent][INFO] - approx_kl: 0.0, update_epoch: 2, num_batch: 4
[2026-10-09 17:35:19,569][agent.finetune.train_ppo_diffusion_agent][INFO] - approx_kl: 0.0, update_epoch: 2, num_batch: 4
[2026-10-09 17:35:21,769][agent.finetune.train_ppo_diffusion_agent][INFO] - approx_kl: 0.0, update_epoch: 3, num_batch: 4
[2026-10-09 17:35:23,959][agent.finetune.train_ppo_diffusion_agent][INFO] - approx_kl: 0.0, update_epoch: 3, num_batch: 4
[2026-10-09 17:35:26,261][agent.finetune.train_ppo_diffusion_agent][INFO] - approx_kl: 0.0, update_epoch: 3, num_batch: 4
[2026-10-09 17:35:28,379][agent.finetune.train_ppo_diffusion_agent][INFO] - approx_kl: 0.0, update_epoch: 3, num_batch: 4
[2026-10-09 17:35:30,585][agent.finetune.train_ppo_diffusion_agent][INFO] - approx_kl: 0.0, update_epoch: 4, num_batch: 4
[2026-10-09 17:35:32,794][agent.finetune.train_ppo_diffusion_agent][INFO] - approx_kl: 0.0, update_epoch: 4, num_batch: 4
[2026-10-09 17:35:35,116][agent.finetune.train_ppo_diffusion_agent][INFO] - approx_kl: 0.0, update_epoch: 4, num_batch: 4
[2026-10-09 17:35:37,219][agent.finetune.train_ppo_diffusion_agent][INFO] - approx_kl: 0.0, update_epoch: 4, num_batch: 4
[2026-10-09 17:35:46,133][agent.finetune.train_ppo_diffusion_agent][INFO] - 7: step   560000 | loss   0.0391 | pg loss   0.0000 | value loss   0.0782 | bc loss   0.0000 | reward 4025.7211 | eta   1.0000 | t: 66.4400 | kl_true_per_action=0.2025912719020247 | logratio_p99=0.6477288496494291 | clamp_hit_frac=0.00069375 | actor_step_ratio=1.0 | actor_step_clipfrac=0.0
[2026-10-09 17:36:01,835][agent.finetune.train_ppo_diffusion_agent][INFO] - approx_kl: 0.0, update_epoch: 0, num_batch: 4
[2026-10-09 17:36:04,043][agent.finetune.train_ppo_diffusion_agent][INFO] - approx_kl: 0.0, update_epoch: 0, num_batch: 4
[2026-10-09 17:36:06,354][agent.finetune.train_ppo_diffusion_agent][INFO] - approx_kl: 0.0, update_epoch: 0, num_batch: 4
[2026-10-09 17:36:08,481][agent.finetune.train_ppo_diffusion_agent][INFO] - approx_kl: 0.0, update_epoch: 0, num_batch: 4
[2026-10-09 17:36:10,707][agent.finetune.train_ppo_diffusion_agent][INFO] - approx_kl: 0.0, update_epoch: 1, num_batch: 4
[2026-10-09 17:36:12,914][agent.finetune.train_ppo_diffusion_agent][INFO] - approx_kl: 0.0, update_epoch: 1, num_batch: 4
[2026-10-09 17:36:15,217][agent.finetune.train_ppo_diffusion_agent][INFO] - approx_kl: 0.0, update_epoch: 1, num_batch: 4
[2026-10-09 17:36:17,320][agent.finetune.train_ppo_diffusion_agent][INFO] - approx_kl: 0.0, update_epoch: 1, num_batch: 4
[2026-10-09 17:36:19,513][agent.finetune.train_ppo_diffusion_agent][INFO] - approx_kl: 0.0, update_epoch: 2, num_batch: 4
[2026-10-09 17:36:21,708][agent.finetune.train_ppo_diffusion_agent][INFO] - approx_kl: 0.0, update_epoch: 2, num_batch: 4
[2026-10-09 17:36:23,997][agent.finetune.train_ppo_diffusion_agent][INFO] - approx_kl: 0.0, update_epoch: 2, num_batch: 4
[2026-10-09 17:36:26,097][agent.finetune.train_ppo_diffusion_agent][INFO] - approx_kl: 0.0, update_epoch: 2, num_batch: 4
[2026-10-09 17:36:28,304][agent.finetune.train_ppo_diffusion_agent][INFO] - approx_kl: 0.0, update_epoch: 3, num_batch: 4
[2026-10-09 17:36:30,489][agent.finetune.train_ppo_diffusion_agent][INFO] - approx_kl: 0.0, update_epoch: 3, num_batch: 4
[2026-10-09 17:36:32,783][agent.finetune.train_ppo_diffusion_agent][INFO] - approx_kl: 0.0, update_epoch: 3, num_batch: 4
[2026-10-09 17:36:34,908][agent.finetune.train_ppo_diffusion_agent][INFO] - approx_kl: 0.0, update_epoch: 3, num_batch: 4
[2026-10-09 17:36:37,130][agent.finetune.train_ppo_diffusion_agent][INFO] - approx_kl: 0.0, update_epoch: 4, num_batch: 4
[2026-10-09 17:36:39,326][agent.finetune.train_ppo_diffusion_agent][INFO] - approx_kl: 0.0, update_epoch: 4, num_batch: 4
[2026-10-09 17:36:41,634][agent.finetune.train_ppo_diffusion_agent][INFO] - approx_kl: 0.0, update_epoch: 4, num_batch: 4
[2026-10-09 17:36:43,758][agent.finetune.train_ppo_diffusion_agent][INFO] - approx_kl: 0.0, update_epoch: 4, num_batch: 4
[2026-10-09 17:36:52,619][agent.finetune.train_ppo_diffusion_agent][INFO] - 8: step   640000 | loss   0.0407 | pg loss  -0.0000 | value loss   0.0815 | bc loss   0.0000 | reward 3984.4597 | eta   1.0000 | t: 66.4866 | kl_true_per_action=0.13647130569883814 | logratio_p99=0.5431045031547536 | clamp_hit_frac=0.00076875 | actor_step_ratio=1.0 | actor_step_clipfrac=0.0
[2026-10-09 17:37:07,825][agent.finetune.train_ppo_diffusion_agent][INFO] - approx_kl: 0.0, update_epoch: 0, num_batch: 4
[2026-10-09 17:37:10,060][agent.finetune.train_ppo_diffusion_agent][INFO] - approx_kl: 0.0, update_epoch: 0, num_batch: 4
[2026-10-09 17:37:12,390][agent.finetune.train_ppo_diffusion_agent][INFO] - approx_kl: 0.0, update_epoch: 0, num_batch: 4
[2026-10-09 17:37:14,521][agent.finetune.train_ppo_diffusion_agent][INFO] - approx_kl: 0.0, update_epoch: 0, num_batch: 4
[2026-10-09 17:37:16,753][agent.finetune.train_ppo_diffusion_agent][INFO] - approx_kl: 0.0, update_epoch: 1, num_batch: 4
[2026-10-09 17:37:19,100][agent.finetune.train_ppo_diffusion_agent][INFO] - approx_kl: 0.0, update_epoch: 1, num_batch: 4
[2026-10-09 17:37:21,214][agent.finetune.train_ppo_diffusion_agent][INFO] - approx_kl: 0.0, update_epoch: 1, num_batch: 4
[2026-10-09 17:37:23,435][agent.finetune.train_ppo_diffusion_agent][INFO] - approx_kl: 0.0, update_epoch: 1, num_batch: 4
[2026-10-09 17:37:25,634][agent.finetune.train_ppo_diffusion_agent][INFO] - approx_kl: 0.0, update_epoch: 2, num_batch: 4
[2026-10-09 17:37:27,926][agent.finetune.train_ppo_diffusion_agent][INFO] - approx_kl: 0.0, update_epoch: 2, num_batch: 4
[2026-10-09 17:37:30,089][agent.finetune.train_ppo_diffusion_agent][INFO] - approx_kl: 0.0, update_epoch: 2, num_batch: 4
[2026-10-09 17:37:32,287][agent.finetune.train_ppo_diffusion_agent][INFO] - approx_kl: 0.0, update_epoch: 2, num_batch: 4
[2026-10-09 17:37:34,470][agent.finetune.train_ppo_diffusion_agent][INFO] - approx_kl: 0.0, update_epoch: 3, num_batch: 4
[2026-10-09 17:37:36,761][agent.finetune.train_ppo_diffusion_agent][INFO] - approx_kl: 0.0, update_epoch: 3, num_batch: 4
[2026-10-09 17:37:38,879][agent.finetune.train_ppo_diffusion_agent][INFO] - approx_kl: 0.0, update_epoch: 3, num_batch: 4
[2026-10-09 17:37:41,116][agent.finetune.train_ppo_diffusion_agent][INFO] - approx_kl: 0.0, update_epoch: 3, num_batch: 4
[2026-10-09 17:37:43,330][agent.finetune.train_ppo_diffusion_agent][INFO] - approx_kl: 0.0, update_epoch: 4, num_batch: 4
[2026-10-09 17:37:45,637][agent.finetune.train_ppo_diffusion_agent][INFO] - approx_kl: 0.0, update_epoch: 4, num_batch: 4
[2026-10-09 17:37:47,747][agent.finetune.train_ppo_diffusion_agent][INFO] - approx_kl: 0.0, update_epoch: 4, num_batch: 4
[2026-10-09 17:37:49,947][agent.finetune.train_ppo_diffusion_agent][INFO] - approx_kl: 0.0, update_epoch: 4, num_batch: 4
[2026-10-09 17:37:58,798][agent.finetune.train_ppo_diffusion_agent][INFO] - 9: step   720000 | loss   0.0422 | pg loss  -0.0000 | value loss   0.0845 | bc loss   0.0000 | reward 4028.6562 | eta   1.0000 | t: 66.1785 | kl_true_per_action=0.1994477705014089 | logratio_p99=0.6690502035617826 | clamp_hit_frac=0.00070625 | actor_step_ratio=1.0 | actor_step_clipfrac=0.0
[2026-10-09 17:38:11,264][agent.finetune.train_ppo_diffusion_agent][INFO] - eval: success rate   1.0000 | avg episode reward 4242.0576 | avg best reward   6.2738
[2026-10-09 17:38:26,139][agent.finetune.train_ppo_diffusion_agent][INFO] - approx_kl: 0.0, update_epoch: 0, num_batch: 4
[2026-10-09 17:38:28,469][agent.finetune.train_ppo_diffusion_agent][INFO] - approx_kl: 0.0, update_epoch: 0, num_batch: 4
[2026-10-09 17:38:30,604][agent.finetune.train_ppo_diffusion_agent][INFO] - approx_kl: 0.0, update_epoch: 0, num_batch: 4
[2026-10-09 17:38:32,841][agent.finetune.train_ppo_diffusion_agent][INFO] - approx_kl: 0.0, update_epoch: 0, num_batch: 4
[2026-10-09 17:38:35,059][agent.finetune.train_ppo_diffusion_agent][INFO] - approx_kl: 0.0, update_epoch: 1, num_batch: 4
[2026-10-09 17:38:37,371][agent.finetune.train_ppo_diffusion_agent][INFO] - approx_kl: 0.0, update_epoch: 1, num_batch: 4
[2026-10-09 17:38:39,497][agent.finetune.train_ppo_diffusion_agent][INFO] - approx_kl: 0.0, update_epoch: 1, num_batch: 4
[2026-10-09 17:38:41,720][agent.finetune.train_ppo_diffusion_agent][INFO] - approx_kl: 0.0, update_epoch: 1, num_batch: 4
[2026-10-09 17:38:43,976][agent.finetune.train_ppo_diffusion_agent][INFO] - approx_kl: 0.0, update_epoch: 2, num_batch: 4
[2026-10-09 17:38:46,316][agent.finetune.train_ppo_diffusion_agent][INFO] - approx_kl: 0.0, update_epoch: 2, num_batch: 4
[2026-10-09 17:38:48,446][agent.finetune.train_ppo_diffusion_agent][INFO] - approx_kl: 0.0, update_epoch: 2, num_batch: 4
[2026-10-09 17:38:50,680][agent.finetune.train_ppo_diffusion_agent][INFO] - approx_kl: 0.0, update_epoch: 2, num_batch: 4
[2026-10-09 17:38:52,904][agent.finetune.train_ppo_diffusion_agent][INFO] - approx_kl: 0.0, update_epoch: 3, num_batch: 4
[2026-10-09 17:38:55,202][agent.finetune.train_ppo_diffusion_agent][INFO] - approx_kl: 0.0, update_epoch: 3, num_batch: 4
[2026-10-09 17:38:57,327][agent.finetune.train_ppo_diffusion_agent][INFO] - approx_kl: 0.0, update_epoch: 3, num_batch: 4
[2026-10-09 17:38:59,541][agent.finetune.train_ppo_diffusion_agent][INFO] - approx_kl: 0.0, update_epoch: 3, num_batch: 4
[2026-10-09 17:39:01,752][agent.finetune.train_ppo_diffusion_agent][INFO] - approx_kl: 0.0, update_epoch: 4, num_batch: 4
[2026-10-09 17:39:04,091][agent.finetune.train_ppo_diffusion_agent][INFO] - approx_kl: 0.0, update_epoch: 4, num_batch: 4
[2026-10-09 17:39:06,236][agent.finetune.train_ppo_diffusion_agent][INFO] - approx_kl: 0.0, update_epoch: 4, num_batch: 4
[2026-10-09 17:39:08,465][agent.finetune.train_ppo_diffusion_agent][INFO] - approx_kl: 0.0, update_epoch: 4, num_batch: 4
[2026-10-09 17:39:17,438][agent.finetune.train_ppo_diffusion_agent][INFO] - 11: step   800000 | loss   0.0460 | pg loss   0.0000 | value loss   0.0920 | bc loss   0.0000 | reward 4017.0218 | eta   1.0000 | t: 66.1741 | kl_true_per_action=0.22397038022326443 | logratio_p99=0.7163444447517392 | clamp_hit_frac=0.0008104166666666666 | actor_step_ratio=1.0 | actor_step_clipfrac=0.0
[2026-10-09 17:39:32,347][agent.finetune.train_ppo_diffusion_agent][INFO] - approx_kl: 0.0, update_epoch: 0, num_batch: 4
[2026-10-09 17:39:34,676][agent.finetune.train_ppo_diffusion_agent][INFO] - approx_kl: 0.0, update_epoch: 0, num_batch: 4
[2026-10-09 17:39:36,807][agent.finetune.train_ppo_diffusion_agent][INFO] - approx_kl: 0.0, update_epoch: 0, num_batch: 4
[2026-10-09 17:39:39,036][agent.finetune.train_ppo_diffusion_agent][INFO] - approx_kl: 0.0, update_epoch: 0, num_batch: 4
[2026-10-09 17:39:41,261][agent.finetune.train_ppo_diffusion_agent][INFO] - approx_kl: 0.0, update_epoch: 1, num_batch: 4
[2026-10-09 17:39:43,597][agent.finetune.train_ppo_diffusion_agent][INFO] - approx_kl: 0.0, update_epoch: 1, num_batch: 4
[2026-10-09 17:39:45,730][agent.finetune.train_ppo_diffusion_agent][INFO] - approx_kl: 0.0, update_epoch: 1, num_batch: 4
[2026-10-09 17:39:47,955][agent.finetune.train_ppo_diffusion_agent][INFO] - approx_kl: 0.0, update_epoch: 1, num_batch: 4
[2026-10-09 17:39:50,172][agent.finetune.train_ppo_diffusion_agent][INFO] - approx_kl: 0.0, update_epoch: 2, num_batch: 4
[2026-10-09 17:39:52,490][agent.finetune.train_ppo_diffusion_agent][INFO] - approx_kl: 0.0, update_epoch: 2, num_batch: 4
[2026-10-09 17:39:54,634][agent.finetune.train_ppo_diffusion_agent][INFO] - approx_kl: 0.0, update_epoch: 2, num_batch: 4
[2026-10-09 17:39:56,875][agent.finetune.train_ppo_diffusion_agent][INFO] - approx_kl: 0.0, update_epoch: 2, num_batch: 4
[2026-10-09 17:39:59,104][agent.finetune.train_ppo_diffusion_agent][INFO] - approx_kl: 0.0, update_epoch: 3, num_batch: 4
[2026-10-09 17:40:01,437][agent.finetune.train_ppo_diffusion_agent][INFO] - approx_kl: 0.0, update_epoch: 3, num_batch: 4
[2026-10-09 17:40:03,630][agent.finetune.train_ppo_diffusion_agent][INFO] - approx_kl: 0.0, update_epoch: 3, num_batch: 4
[2026-10-09 17:40:05,863][agent.finetune.train_ppo_diffusion_agent][INFO] - approx_kl: 0.0, update_epoch: 3, num_batch: 4
[2026-10-09 17:40:08,078][agent.finetune.train_ppo_diffusion_agent][INFO] - approx_kl: 0.0, update_epoch: 4, num_batch: 4
[2026-10-09 17:40:10,390][agent.finetune.train_ppo_diffusion_agent][INFO] - approx_kl: 0.0, update_epoch: 4, num_batch: 4
[2026-10-09 17:40:12,511][agent.finetune.train_ppo_diffusion_agent][INFO] - approx_kl: 0.0, update_epoch: 4, num_batch: 4
[2026-10-09 17:40:14,736][agent.finetune.train_ppo_diffusion_agent][INFO] - approx_kl: 0.0, update_epoch: 4, num_batch: 4
[2026-10-09 17:40:23,647][agent.finetune.train_ppo_diffusion_agent][INFO] - 12: step   880000 | loss   0.0474 | pg loss   0.0000 | value loss   0.0948 | bc loss   0.0000 | reward 4019.3967 | eta   1.0000 | t: 66.2081 | kl_true_per_action=0.17785123379319037 | logratio_p99=0.6241927576065044 | clamp_hit_frac=0.0007791666666666666 | actor_step_ratio=1.0 | actor_step_clipfrac=0.0
[2026-10-09 17:40:38,657][agent.finetune.train_ppo_diffusion_agent][INFO] - approx_kl: 0.0, update_epoch: 0, num_batch: 4
[2026-10-09 17:40:40,986][agent.finetune.train_ppo_diffusion_agent][INFO] - approx_kl: 0.0, update_epoch: 0, num_batch: 4
[2026-10-09 17:40:43,137][agent.finetune.train_ppo_diffusion_agent][INFO] - approx_kl: 0.0, update_epoch: 0, num_batch: 4
[2026-10-09 17:40:45,359][agent.finetune.train_ppo_diffusion_agent][INFO] - approx_kl: 0.0, update_epoch: 0, num_batch: 4
[2026-10-09 17:40:47,572][agent.finetune.train_ppo_diffusion_agent][INFO] - approx_kl: 0.0, update_epoch: 1, num_batch: 4
[2026-10-09 17:40:49,888][agent.finetune.train_ppo_diffusion_agent][INFO] - approx_kl: 0.0, update_epoch: 1, num_batch: 4
[2026-10-09 17:40:52,008][agent.finetune.train_ppo_diffusion_agent][INFO] - approx_kl: 0.0, update_epoch: 1, num_batch: 4
[2026-10-09 17:40:54,270][agent.finetune.train_ppo_diffusion_agent][INFO] - approx_kl: 0.0, update_epoch: 1, num_batch: 4
[2026-10-09 17:40:56,478][agent.finetune.train_ppo_diffusion_agent][INFO] - approx_kl: 0.0, update_epoch: 2, num_batch: 4
[2026-10-09 17:40:58,797][agent.finetune.train_ppo_diffusion_agent][INFO] - approx_kl: 0.0, update_epoch: 2, num_batch: 4
[2026-10-09 17:41:00,905][agent.finetune.train_ppo_diffusion_agent][INFO] - approx_kl: 0.0, update_epoch: 2, num_batch: 4
[2026-10-09 17:41:03,127][agent.finetune.train_ppo_diffusion_agent][INFO] - approx_kl: 0.0, update_epoch: 2, num_batch: 4
[2026-10-09 17:41:05,357][agent.finetune.train_ppo_diffusion_agent][INFO] - approx_kl: 0.0, update_epoch: 3, num_batch: 4
[2026-10-09 17:41:07,666][agent.finetune.train_ppo_diffusion_agent][INFO] - approx_kl: 0.0, update_epoch: 3, num_batch: 4
[2026-10-09 17:41:09,784][agent.finetune.train_ppo_diffusion_agent][INFO] - approx_kl: 0.0, update_epoch: 3, num_batch: 4
[2026-10-09 17:41:11,999][agent.finetune.train_ppo_diffusion_agent][INFO] - approx_kl: 0.0, update_epoch: 3, num_batch: 4
[2026-10-09 17:41:14,240][agent.finetune.train_ppo_diffusion_agent][INFO] - approx_kl: 0.0, update_epoch: 4, num_batch: 4
[2026-10-09 17:41:16,632][agent.finetune.train_ppo_diffusion_agent][INFO] - approx_kl: 0.0, update_epoch: 4, num_batch: 4
[2026-10-09 17:41:18,786][agent.finetune.train_ppo_diffusion_agent][INFO] - approx_kl: 0.0, update_epoch: 4, num_batch: 4
[2026-10-09 17:41:21,039][agent.finetune.train_ppo_diffusion_agent][INFO] - approx_kl: 0.0, update_epoch: 4, num_batch: 4
[2026-10-09 17:41:29,929][agent.finetune.train_ppo_diffusion_agent][INFO] - 13: step   960000 | loss   0.0504 | pg loss   0.0000 | value loss   0.1007 | bc loss   0.0000 | reward 4115.9647 | eta   1.0000 | t: 66.2824 | kl_true_per_action=0.09041348358673668 | logratio_p99=0.42713951349258417 | clamp_hit_frac=0.00075 | actor_step_ratio=1.0 | actor_step_clipfrac=0.0
[2026-10-09 17:41:44,841][agent.finetune.train_ppo_diffusion_agent][INFO] - approx_kl: 0.0, update_epoch: 0, num_batch: 4
[2026-10-09 17:41:46,961][agent.finetune.train_ppo_diffusion_agent][INFO] - approx_kl: 0.0, update_epoch: 0, num_batch: 4
[2026-10-09 17:41:49,157][agent.finetune.train_ppo_diffusion_agent][INFO] - approx_kl: 0.0, update_epoch: 0, num_batch: 4
[2026-10-09 17:41:51,350][agent.finetune.train_ppo_diffusion_agent][INFO] - approx_kl: 0.0, update_epoch: 0, num_batch: 4
[2026-10-09 17:41:53,658][agent.finetune.train_ppo_diffusion_agent][INFO] - approx_kl: 0.0, update_epoch: 1, num_batch: 4
[2026-10-09 17:41:55,773][agent.finetune.train_ppo_diffusion_agent][INFO] - approx_kl: 0.0, update_epoch: 1, num_batch: 4
[2026-10-09 17:41:58,125][agent.finetune.train_ppo_diffusion_agent][INFO] - approx_kl: 0.0, update_epoch: 1, num_batch: 4
[2026-10-09 17:42:00,395][agent.finetune.train_ppo_diffusion_agent][INFO] - approx_kl: 0.0, update_epoch: 1, num_batch: 4
[2026-10-09 17:42:02,767][agent.finetune.train_ppo_diffusion_agent][INFO] - approx_kl: 0.0, update_epoch: 2, num_batch: 4
[2026-10-09 17:42:04,925][agent.finetune.train_ppo_diffusion_agent][INFO] - approx_kl: 0.0, update_epoch: 2, num_batch: 4
[2026-10-09 17:42:07,145][agent.finetune.train_ppo_diffusion_agent][INFO] - approx_kl: 0.0, update_epoch: 2, num_batch: 4
[2026-10-09 17:42:09,331][agent.finetune.train_ppo_diffusion_agent][INFO] - approx_kl: 0.0, update_epoch: 2, num_batch: 4
[2026-10-09 17:42:11,618][agent.finetune.train_ppo_diffusion_agent][INFO] - approx_kl: 0.0, update_epoch: 3, num_batch: 4
[2026-10-09 17:42:13,722][agent.finetune.train_ppo_diffusion_agent][INFO] - approx_kl: 0.0, update_epoch: 3, num_batch: 4
[2026-10-09 17:42:15,912][agent.finetune.train_ppo_diffusion_agent][INFO] - approx_kl: 0.0, update_epoch: 3, num_batch: 4
[2026-10-09 17:42:18,096][agent.finetune.train_ppo_diffusion_agent][INFO] - approx_kl: 0.0, update_epoch: 3, num_batch: 4
[2026-10-09 17:42:20,384][agent.finetune.train_ppo_diffusion_agent][INFO] - approx_kl: 0.0, update_epoch: 4, num_batch: 4
[2026-10-09 17:42:22,491][agent.finetune.train_ppo_diffusion_agent][INFO] - approx_kl: 0.0, update_epoch: 4, num_batch: 4
[2026-10-09 17:42:24,699][agent.finetune.train_ppo_diffusion_agent][INFO] - approx_kl: 0.0, update_epoch: 4, num_batch: 4
[2026-10-09 17:42:26,890][agent.finetune.train_ppo_diffusion_agent][INFO] - approx_kl: 0.0, update_epoch: 4, num_batch: 4
[2026-10-09 17:42:35,755][agent.finetune.train_ppo_diffusion_agent][INFO] - 14: step  1040000 | loss   0.0523 | pg loss   0.0000 | value loss   0.1045 | bc loss   0.0000 | reward 4164.1614 | eta   1.0000 | t: 65.8259 | kl_true_per_action=0.13885253073626064 | logratio_p99=0.535776417255401 | clamp_hit_frac=0.0008166666666666667 | actor_step_ratio=1.0 | actor_step_clipfrac=0.0
[2026-10-09 17:42:50,515][agent.finetune.train_ppo_diffusion_agent][INFO] - approx_kl: 0.0, update_epoch: 0, num_batch: 4
[2026-10-09 17:42:52,646][agent.finetune.train_ppo_diffusion_agent][INFO] - approx_kl: 0.0, update_epoch: 0, num_batch: 4
[2026-10-09 17:42:54,857][agent.finetune.train_ppo_diffusion_agent][INFO] - approx_kl: 0.0, update_epoch: 0, num_batch: 4
[2026-10-09 17:42:57,065][agent.finetune.train_ppo_diffusion_agent][INFO] - approx_kl: 0.0, update_epoch: 0, num_batch: 4
[2026-10-09 17:42:59,381][agent.finetune.train_ppo_diffusion_agent][INFO] - approx_kl: 0.0, update_epoch: 1, num_batch: 4
[2026-10-09 17:43:01,506][agent.finetune.train_ppo_diffusion_agent][INFO] - approx_kl: 0.0, update_epoch: 1, num_batch: 4
[2026-10-09 17:43:03,718][agent.finetune.train_ppo_diffusion_agent][INFO] - approx_kl: 0.0, update_epoch: 1, num_batch: 4
[2026-10-09 17:43:06,010][agent.finetune.train_ppo_diffusion_agent][INFO] - approx_kl: 0.0, update_epoch: 1, num_batch: 4
[2026-10-09 17:43:08,364][agent.finetune.train_ppo_diffusion_agent][INFO] - approx_kl: 0.0, update_epoch: 2, num_batch: 4
[2026-10-09 17:43:10,479][agent.finetune.train_ppo_diffusion_agent][INFO] - approx_kl: 0.0, update_epoch: 2, num_batch: 4
[2026-10-09 17:43:12,685][agent.finetune.train_ppo_diffusion_agent][INFO] - approx_kl: 0.0, update_epoch: 2, num_batch: 4
[2026-10-09 17:43:14,899][agent.finetune.train_ppo_diffusion_agent][INFO] - approx_kl: 0.0, update_epoch: 2, num_batch: 4
[2026-10-09 17:43:17,216][agent.finetune.train_ppo_diffusion_agent][INFO] - approx_kl: 0.0, update_epoch: 3, num_batch: 4
[2026-10-09 17:43:19,347][agent.finetune.train_ppo_diffusion_agent][INFO] - approx_kl: 0.0, update_epoch: 3, num_batch: 4
[2026-10-09 17:43:21,563][agent.finetune.train_ppo_diffusion_agent][INFO] - approx_kl: 0.0, update_epoch: 3, num_batch: 4
[2026-10-09 17:43:23,782][agent.finetune.train_ppo_diffusion_agent][INFO] - approx_kl: 0.0, update_epoch: 3, num_batch: 4
[2026-10-09 17:43:26,107][agent.finetune.train_ppo_diffusion_agent][INFO] - approx_kl: 0.0, update_epoch: 4, num_batch: 4
[2026-10-09 17:43:28,235][agent.finetune.train_ppo_diffusion_agent][INFO] - approx_kl: 0.0, update_epoch: 4, num_batch: 4
[2026-10-09 17:43:30,447][agent.finetune.train_ppo_diffusion_agent][INFO] - approx_kl: 0.0, update_epoch: 4, num_batch: 4
[2026-10-09 17:43:32,663][agent.finetune.train_ppo_diffusion_agent][INFO] - approx_kl: 0.0, update_epoch: 4, num_batch: 4
[2026-10-09 17:43:41,586][agent.finetune.train_ppo_diffusion_agent][INFO] - 15: step  1120000 | loss   0.0508 | pg loss   0.0000 | value loss   0.1015 | bc loss   0.0000 | reward 4025.3967 | eta   1.0000 | t: 65.8308 | kl_true_per_action=0.14404042599584319 | logratio_p99=0.5457724416255942 | clamp_hit_frac=0.0007520833333333333 | actor_step_ratio=1.0 | actor_step_clipfrac=0.0
[2026-10-09 17:43:56,364][agent.finetune.train_ppo_diffusion_agent][INFO] - approx_kl: 0.0, update_epoch: 0, num_batch: 4
[2026-10-09 17:43:58,487][agent.finetune.train_ppo_diffusion_agent][INFO] - approx_kl: 0.0, update_epoch: 0, num_batch: 4
[2026-10-09 17:44:00,709][agent.finetune.train_ppo_diffusion_agent][INFO] - approx_kl: 0.0, update_epoch: 0, num_batch: 4
[2026-10-09 17:44:03,042][agent.finetune.train_ppo_diffusion_agent][INFO] - approx_kl: 0.0, update_epoch: 0, num_batch: 4
[2026-10-09 17:44:05,189][agent.finetune.train_ppo_diffusion_agent][INFO] - approx_kl: 0.0, update_epoch: 1, num_batch: 4
[2026-10-09 17:44:07,428][agent.finetune.train_ppo_diffusion_agent][INFO] - approx_kl: 0.0, update_epoch: 1, num_batch: 4
[2026-10-09 17:44:09,686][agent.finetune.train_ppo_diffusion_agent][INFO] - approx_kl: 0.0, update_epoch: 1, num_batch: 4
[2026-10-09 17:44:12,122][agent.finetune.train_ppo_diffusion_agent][INFO] - approx_kl: 0.0, update_epoch: 1, num_batch: 4
[2026-10-09 17:44:14,271][agent.finetune.train_ppo_diffusion_agent][INFO] - approx_kl: 0.0, update_epoch: 2, num_batch: 4
[2026-10-09 17:44:16,516][agent.finetune.train_ppo_diffusion_agent][INFO] - approx_kl: 0.0, update_epoch: 2, num_batch: 4
[2026-10-09 17:44:18,747][agent.finetune.train_ppo_diffusion_agent][INFO] - approx_kl: 0.0, update_epoch: 2, num_batch: 4
[2026-10-09 17:44:21,076][agent.finetune.train_ppo_diffusion_agent][INFO] - approx_kl: 0.0, update_epoch: 2, num_batch: 4
[2026-10-09 17:44:23,206][agent.finetune.train_ppo_diffusion_agent][INFO] - approx_kl: 0.0, update_epoch: 3, num_batch: 4
[2026-10-09 17:44:25,428][agent.finetune.train_ppo_diffusion_agent][INFO] - approx_kl: 0.0, update_epoch: 3, num_batch: 4
[2026-10-09 17:44:27,661][agent.finetune.train_ppo_diffusion_agent][INFO] - approx_kl: 0.0, update_epoch: 3, num_batch: 4
[2026-10-09 17:44:29,996][agent.finetune.train_ppo_diffusion_agent][INFO] - approx_kl: 0.0, update_epoch: 3, num_batch: 4
[2026-10-09 17:44:32,132][agent.finetune.train_ppo_diffusion_agent][INFO] - approx_kl: 0.0, update_epoch: 4, num_batch: 4
[2026-10-09 17:44:34,356][agent.finetune.train_ppo_diffusion_agent][INFO] - approx_kl: 0.0, update_epoch: 4, num_batch: 4
[2026-10-09 17:44:36,596][agent.finetune.train_ppo_diffusion_agent][INFO] - approx_kl: 0.0, update_epoch: 4, num_batch: 4
[2026-10-09 17:44:38,964][agent.finetune.train_ppo_diffusion_agent][INFO] - approx_kl: 0.0, update_epoch: 4, num_batch: 4
[2026-10-09 17:44:47,880][agent.finetune.train_ppo_diffusion_agent][INFO] - 16: step  1200000 | loss   0.0518 | pg loss   0.0000 | value loss   0.1037 | bc loss   0.0000 | reward 4051.4375 | eta   1.0000 | t: 66.2947 | kl_true_per_action=0.09652567307363646 | logratio_p99=0.4641848909854885 | clamp_hit_frac=0.0008041666666666667 | actor_step_ratio=1.0 | actor_step_clipfrac=0.0
[2026-10-09 17:45:02,618][agent.finetune.train_ppo_diffusion_agent][INFO] - approx_kl: 0.0, update_epoch: 0, num_batch: 4
[2026-10-09 17:45:04,847][agent.finetune.train_ppo_diffusion_agent][INFO] - approx_kl: 0.0, update_epoch: 0, num_batch: 4
[2026-10-09 17:45:07,092][agent.finetune.train_ppo_diffusion_agent][INFO] - approx_kl: 0.0, update_epoch: 0, num_batch: 4
[2026-10-09 17:45:09,456][agent.finetune.train_ppo_diffusion_agent][INFO] - approx_kl: 0.0, update_epoch: 0, num_batch: 4
[2026-10-09 17:45:11,594][agent.finetune.train_ppo_diffusion_agent][INFO] - approx_kl: 0.0, update_epoch: 1, num_batch: 4
[2026-10-09 17:45:13,820][agent.finetune.train_ppo_diffusion_agent][INFO] - approx_kl: 0.0, update_epoch: 1, num_batch: 4
[2026-10-09 17:45:16,040][agent.finetune.train_ppo_diffusion_agent][INFO] - approx_kl: 0.0, update_epoch: 1, num_batch: 4
[2026-10-09 17:45:18,365][agent.finetune.train_ppo_diffusion_agent][INFO] - approx_kl: 0.0, update_epoch: 1, num_batch: 4
[2026-10-09 17:45:20,496][agent.finetune.train_ppo_diffusion_agent][INFO] - approx_kl: 0.0, update_epoch: 2, num_batch: 4
[2026-10-09 17:45:22,723][agent.finetune.train_ppo_diffusion_agent][INFO] - approx_kl: 0.0, update_epoch: 2, num_batch: 4
[2026-10-09 17:45:24,956][agent.finetune.train_ppo_diffusion_agent][INFO] - approx_kl: 0.0, update_epoch: 2, num_batch: 4
[2026-10-09 17:45:27,291][agent.finetune.train_ppo_diffusion_agent][INFO] - approx_kl: 0.0, update_epoch: 2, num_batch: 4
[2026-10-09 17:45:29,439][agent.finetune.train_ppo_diffusion_agent][INFO] - approx_kl: 0.0, update_epoch: 3, num_batch: 4
[2026-10-09 17:45:31,693][agent.finetune.train_ppo_diffusion_agent][INFO] - approx_kl: 0.0, update_epoch: 3, num_batch: 4
[2026-10-09 17:45:33,939][agent.finetune.train_ppo_diffusion_agent][INFO] - approx_kl: 0.0, update_epoch: 3, num_batch: 4
[2026-10-09 17:45:36,334][agent.finetune.train_ppo_diffusion_agent][INFO] - approx_kl: 0.0, update_epoch: 3, num_batch: 4
[2026-10-09 17:45:38,480][agent.finetune.train_ppo_diffusion_agent][INFO] - approx_kl: 0.0, update_epoch: 4, num_batch: 4
[2026-10-09 17:45:40,717][agent.finetune.train_ppo_diffusion_agent][INFO] - approx_kl: 0.0, update_epoch: 4, num_batch: 4
[2026-10-09 17:45:42,931][agent.finetune.train_ppo_diffusion_agent][INFO] - approx_kl: 0.0, update_epoch: 4, num_batch: 4
[2026-10-09 17:45:45,261][agent.finetune.train_ppo_diffusion_agent][INFO] - approx_kl: 0.0, update_epoch: 4, num_batch: 4
[2026-10-09 17:45:54,190][agent.finetune.train_ppo_diffusion_agent][INFO] - 17: step  1280000 | loss   0.0516 | pg loss   0.0000 | value loss   0.1033 | bc loss   0.0000 | reward 3918.2145 | eta   1.0000 | t: 66.3093 | kl_true_per_action=0.15581861119186521 | logratio_p99=0.5713598346710204 | clamp_hit_frac=0.000725 | actor_step_ratio=1.0 | actor_step_clipfrac=0.0
[2026-10-09 17:46:08,810][agent.finetune.train_ppo_diffusion_agent][INFO] - approx_kl: 0.0, update_epoch: 0, num_batch: 4
[2026-10-09 17:46:11,033][agent.finetune.train_ppo_diffusion_agent][INFO] - approx_kl: 0.0, update_epoch: 0, num_batch: 4
[2026-10-09 17:46:13,232][agent.finetune.train_ppo_diffusion_agent][INFO] - approx_kl: 0.0, update_epoch: 0, num_batch: 4
[2026-10-09 17:46:15,549][agent.finetune.train_ppo_diffusion_agent][INFO] - approx_kl: 0.0, update_epoch: 0, num_batch: 4
[2026-10-09 17:46:17,661][agent.finetune.train_ppo_diffusion_agent][INFO] - approx_kl: 0.0, update_epoch: 1, num_batch: 4
[2026-10-09 17:46:19,877][agent.finetune.train_ppo_diffusion_agent][INFO] - approx_kl: 0.0, update_epoch: 1, num_batch: 4
[2026-10-09 17:46:22,080][agent.finetune.train_ppo_diffusion_agent][INFO] - approx_kl: 0.0, update_epoch: 1, num_batch: 4
[2026-10-09 17:46:24,374][agent.finetune.train_ppo_diffusion_agent][INFO] - approx_kl: 0.0, update_epoch: 1, num_batch: 4
[2026-10-09 17:46:26,480][agent.finetune.train_ppo_diffusion_agent][INFO] - approx_kl: 0.0, update_epoch: 2, num_batch: 4
[2026-10-09 17:46:28,680][agent.finetune.train_ppo_diffusion_agent][INFO] - approx_kl: 0.0, update_epoch: 2, num_batch: 4
[2026-10-09 17:46:30,928][agent.finetune.train_ppo_diffusion_agent][INFO] - approx_kl: 0.0, update_epoch: 2, num_batch: 4
[2026-10-09 17:46:33,246][agent.finetune.train_ppo_diffusion_agent][INFO] - approx_kl: 0.0, update_epoch: 2, num_batch: 4
[2026-10-09 17:46:35,409][agent.finetune.train_ppo_diffusion_agent][INFO] - approx_kl: 0.0, update_epoch: 3, num_batch: 4
[2026-10-09 17:46:37,628][agent.finetune.train_ppo_diffusion_agent][INFO] - approx_kl: 0.0, update_epoch: 3, num_batch: 4
[2026-10-09 17:46:39,827][agent.finetune.train_ppo_diffusion_agent][INFO] - approx_kl: 0.0, update_epoch: 3, num_batch: 4
[2026-10-09 17:46:42,123][agent.finetune.train_ppo_diffusion_agent][INFO] - approx_kl: 0.0, update_epoch: 3, num_batch: 4
[2026-10-09 17:46:44,241][agent.finetune.train_ppo_diffusion_agent][INFO] - approx_kl: 0.0, update_epoch: 4, num_batch: 4
[2026-10-09 17:46:46,455][agent.finetune.train_ppo_diffusion_agent][INFO] - approx_kl: 0.0, update_epoch: 4, num_batch: 4
[2026-10-09 17:46:49,790][agent.finetune.train_ppo_diffusion_agent][INFO] - approx_kl: 0.0, update_epoch: 4, num_batch: 4
[2026-10-09 17:46:52,672][agent.finetune.train_ppo_diffusion_agent][INFO] - approx_kl: 0.0, update_epoch: 4, num_batch: 4
[2026-10-09 17:47:01,509][agent.finetune.train_ppo_diffusion_agent][INFO] - 18: step  1360000 | loss   0.0535 | pg loss   0.0000 | value loss   0.1070 | bc loss   0.0000 | reward 3930.2723 | eta   1.0000 | t: 67.3199 | kl_true_per_action=0.15156655882513265 | logratio_p99=0.5682216447591768 | clamp_hit_frac=0.0008666666666666666 | actor_step_ratio=1.0 | actor_step_clipfrac=0.0
[2026-10-09 17:47:16,322][agent.finetune.train_ppo_diffusion_agent][INFO] - approx_kl: 0.0, update_epoch: 0, num_batch: 4
[2026-10-09 17:47:18,526][agent.finetune.train_ppo_diffusion_agent][INFO] - approx_kl: 0.0, update_epoch: 0, num_batch: 4
[2026-10-09 17:47:20,759][agent.finetune.train_ppo_diffusion_agent][INFO] - approx_kl: 0.0, update_epoch: 0, num_batch: 4
[2026-10-09 17:47:23,082][agent.finetune.train_ppo_diffusion_agent][INFO] - approx_kl: 0.0, update_epoch: 0, num_batch: 4
[2026-10-09 17:47:25,197][agent.finetune.train_ppo_diffusion_agent][INFO] - approx_kl: 0.0, update_epoch: 1, num_batch: 4
[2026-10-09 17:47:27,407][agent.finetune.train_ppo_diffusion_agent][INFO] - approx_kl: 0.0, update_epoch: 1, num_batch: 4
[2026-10-09 17:47:29,619][agent.finetune.train_ppo_diffusion_agent][INFO] - approx_kl: 0.0, update_epoch: 1, num_batch: 4
[2026-10-09 17:47:31,934][agent.finetune.train_ppo_diffusion_agent][INFO] - approx_kl: 0.0, update_epoch: 1, num_batch: 4
[2026-10-09 17:47:34,060][agent.finetune.train_ppo_diffusion_agent][INFO] - approx_kl: 0.0, update_epoch: 2, num_batch: 4
[2026-10-09 17:47:36,271][agent.finetune.train_ppo_diffusion_agent][INFO] - approx_kl: 0.0, update_epoch: 2, num_batch: 4
[2026-10-09 17:47:38,476][agent.finetune.train_ppo_diffusion_agent][INFO] - approx_kl: 0.0, update_epoch: 2, num_batch: 4
[2026-10-09 17:47:40,784][agent.finetune.train_ppo_diffusion_agent][INFO] - approx_kl: 0.0, update_epoch: 2, num_batch: 4
[2026-10-09 17:47:42,908][agent.finetune.train_ppo_diffusion_agent][INFO] - approx_kl: 0.0, update_epoch: 3, num_batch: 4
[2026-10-09 17:47:45,118][agent.finetune.train_ppo_diffusion_agent][INFO] - approx_kl: 0.0, update_epoch: 3, num_batch: 4
[2026-10-09 17:47:47,324][agent.finetune.train_ppo_diffusion_agent][INFO] - approx_kl: 0.0, update_epoch: 3, num_batch: 4
[2026-10-09 17:47:49,623][agent.finetune.train_ppo_diffusion_agent][INFO] - approx_kl: 0.0, update_epoch: 3, num_batch: 4
[2026-10-09 17:47:51,767][agent.finetune.train_ppo_diffusion_agent][INFO] - approx_kl: 0.0, update_epoch: 4, num_batch: 4
[2026-10-09 17:47:54,002][agent.finetune.train_ppo_diffusion_agent][INFO] - approx_kl: 0.0, update_epoch: 4, num_batch: 4
[2026-10-09 17:47:56,212][agent.finetune.train_ppo_diffusion_agent][INFO] - approx_kl: 0.0, update_epoch: 4, num_batch: 4
[2026-10-09 17:47:58,531][agent.finetune.train_ppo_diffusion_agent][INFO] - approx_kl: 0.0, update_epoch: 4, num_batch: 4
[2026-10-09 17:48:07,427][agent.finetune.train_ppo_diffusion_agent][INFO] - 19: step  1440000 | loss   0.0529 | pg loss  -0.0000 | value loss   0.1058 | bc loss   0.0000 | reward 3904.7298 | eta   1.0000 | t: 65.9171 | kl_true_per_action=0.10720978206928312 | logratio_p99=0.46385257124900775 | clamp_hit_frac=0.0008125 | actor_step_ratio=1.0 | actor_step_clipfrac=0.0
[2026-10-09 17:48:20,802][agent.finetune.train_ppo_diffusion_agent][INFO] - eval: success rate   1.0000 | avg episode reward 3965.1887 | avg best reward   6.1767
[2026-10-09 17:48:36,308][agent.finetune.train_ppo_diffusion_agent][INFO] - approx_kl: 0.0, update_epoch: 0, num_batch: 4
[2026-10-09 17:48:38,517][agent.finetune.train_ppo_diffusion_agent][INFO] - approx_kl: 0.0, update_epoch: 0, num_batch: 4
[2026-10-09 17:48:40,824][agent.finetune.train_ppo_diffusion_agent][INFO] - approx_kl: 0.0, update_epoch: 0, num_batch: 4
[2026-10-09 17:48:42,943][agent.finetune.train_ppo_diffusion_agent][INFO] - approx_kl: 0.0, update_epoch: 0, num_batch: 4
[2026-10-09 17:48:45,155][agent.finetune.train_ppo_diffusion_agent][INFO] - approx_kl: 0.0, update_epoch: 1, num_batch: 4
[2026-10-09 17:48:47,372][agent.finetune.train_ppo_diffusion_agent][INFO] - approx_kl: 0.0, update_epoch: 1, num_batch: 4
[2026-10-09 17:48:49,672][agent.finetune.train_ppo_diffusion_agent][INFO] - approx_kl: 0.0, update_epoch: 1, num_batch: 4
[2026-10-09 17:48:51,791][agent.finetune.train_ppo_diffusion_agent][INFO] - approx_kl: 0.0, update_epoch: 1, num_batch: 4
[2026-10-09 17:48:54,000][agent.finetune.train_ppo_diffusion_agent][INFO] - approx_kl: 0.0, update_epoch: 2, num_batch: 4
[2026-10-09 17:48:56,196][agent.finetune.train_ppo_diffusion_agent][INFO] - approx_kl: 0.0, update_epoch: 2, num_batch: 4
[2026-10-09 17:48:58,495][agent.finetune.train_ppo_diffusion_agent][INFO] - approx_kl: 0.0, update_epoch: 2, num_batch: 4
[2026-10-09 17:49:00,598][agent.finetune.train_ppo_diffusion_agent][INFO] - approx_kl: 0.0, update_epoch: 2, num_batch: 4
[2026-10-09 17:49:02,794][agent.finetune.train_ppo_diffusion_agent][INFO] - approx_kl: 0.0, update_epoch: 3, num_batch: 4
[2026-10-09 17:49:04,997][agent.finetune.train_ppo_diffusion_agent][INFO] - approx_kl: 0.0, update_epoch: 3, num_batch: 4
[2026-10-09 17:49:07,290][agent.finetune.train_ppo_diffusion_agent][INFO] - approx_kl: 0.0, update_epoch: 3, num_batch: 4
[2026-10-09 17:49:09,400][agent.finetune.train_ppo_diffusion_agent][INFO] - approx_kl: 0.0, update_epoch: 3, num_batch: 4
[2026-10-09 17:49:11,601][agent.finetune.train_ppo_diffusion_agent][INFO] - approx_kl: 0.0, update_epoch: 4, num_batch: 4
[2026-10-09 17:49:13,791][agent.finetune.train_ppo_diffusion_agent][INFO] - approx_kl: 0.0, update_epoch: 4, num_batch: 4
[2026-10-09 17:49:16,114][agent.finetune.train_ppo_diffusion_agent][INFO] - approx_kl: 0.0, update_epoch: 4, num_batch: 4
[2026-10-09 17:49:18,227][agent.finetune.train_ppo_diffusion_agent][INFO] - approx_kl: 0.0, update_epoch: 4, num_batch: 4
[2026-10-09 17:49:27,109][agent.finetune.train_ppo_diffusion_agent][INFO] - 21: step  1520000 | loss   0.0528 | pg loss   0.0000 | value loss   0.1057 | bc loss   0.0000 | reward 3843.8262 | eta   1.0000 | t: 66.3065 | kl_true_per_action=0.13792798266100575 | logratio_p99=0.5531812477111809 | clamp_hit_frac=0.0007645833333333334 | actor_step_ratio=1.0 | actor_step_clipfrac=0.0
[2026-10-09 17:49:42,272][agent.finetune.train_ppo_diffusion_agent][INFO] - approx_kl: 0.0, update_epoch: 0, num_batch: 4
[2026-10-09 17:49:44,481][agent.finetune.train_ppo_diffusion_agent][INFO] - approx_kl: 0.0, update_epoch: 0, num_batch: 4
[2026-10-09 17:49:46,806][agent.finetune.train_ppo_diffusion_agent][INFO] - approx_kl: 0.0, update_epoch: 0, num_batch: 4
[2026-10-09 17:49:49,151][agent.finetune.train_ppo_diffusion_agent][INFO] - approx_kl: 0.0, update_epoch: 0, num_batch: 4
[2026-10-09 17:49:51,381][agent.finetune.train_ppo_diffusion_agent][INFO] - approx_kl: 0.0, update_epoch: 1, num_batch: 4
[2026-10-09 17:49:53,602][agent.finetune.train_ppo_diffusion_agent][INFO] - approx_kl: 0.0, update_epoch: 1, num_batch: 4
[2026-10-09 17:49:55,909][agent.finetune.train_ppo_diffusion_agent][INFO] - approx_kl: 0.0, update_epoch: 1, num_batch: 4
[2026-10-09 17:49:58,034][agent.finetune.train_ppo_diffusion_agent][INFO] - approx_kl: 0.0, update_epoch: 1, num_batch: 4
[2026-10-09 17:50:00,252][agent.finetune.train_ppo_diffusion_agent][INFO] - approx_kl: 0.0, update_epoch: 2, num_batch: 4
[2026-10-09 17:50:02,457][agent.finetune.train_ppo_diffusion_agent][INFO] - approx_kl: 0.0, update_epoch: 2, num_batch: 4
[2026-10-09 17:50:04,777][agent.finetune.train_ppo_diffusion_agent][INFO] - approx_kl: 0.0, update_epoch: 2, num_batch: 4
[2026-10-09 17:50:06,917][agent.finetune.train_ppo_diffusion_agent][INFO] - approx_kl: 0.0, update_epoch: 2, num_batch: 4
[2026-10-09 17:50:09,131][agent.finetune.train_ppo_diffusion_agent][INFO] - approx_kl: 0.0, update_epoch: 3, num_batch: 4
[2026-10-09 17:50:11,335][agent.finetune.train_ppo_diffusion_agent][INFO] - approx_kl: 0.0, update_epoch: 3, num_batch: 4
[2026-10-09 17:50:13,659][agent.finetune.train_ppo_diffusion_agent][INFO] - approx_kl: 0.0, update_epoch: 3, num_batch: 4
[2026-10-09 17:50:15,785][agent.finetune.train_ppo_diffusion_agent][INFO] - approx_kl: 0.0, update_epoch: 3, num_batch: 4
[2026-10-09 17:50:18,010][agent.finetune.train_ppo_diffusion_agent][INFO] - approx_kl: 0.0, update_epoch: 4, num_batch: 4
[2026-10-09 17:50:20,231][agent.finetune.train_ppo_diffusion_agent][INFO] - approx_kl: 0.0, update_epoch: 4, num_batch: 4
[2026-10-09 17:50:22,597][agent.finetune.train_ppo_diffusion_agent][INFO] - approx_kl: 0.0, update_epoch: 4, num_batch: 4
[2026-10-09 17:50:24,722][agent.finetune.train_ppo_diffusion_agent][INFO] - approx_kl: 0.0, update_epoch: 4, num_batch: 4
[2026-10-09 17:50:33,644][agent.finetune.train_ppo_diffusion_agent][INFO] - 22: step  1600000 | loss   0.0511 | pg loss   0.0000 | value loss   0.1023 | bc loss   0.0000 | reward 3869.8558 | eta   1.0000 | t: 66.5354 | kl_true_per_action=0.11343057038455431 | logratio_p99=0.49263177514076206 | clamp_hit_frac=0.0008104166666666666 | actor_step_ratio=1.0 | actor_step_clipfrac=0.0
[2026-10-09 17:50:48,367][agent.finetune.train_ppo_diffusion_agent][INFO] - approx_kl: 0.0, update_epoch: 0, num_batch: 4
[2026-10-09 17:50:50,579][agent.finetune.train_ppo_diffusion_agent][INFO] - approx_kl: 0.0, update_epoch: 0, num_batch: 4
[2026-10-09 17:50:52,900][agent.finetune.train_ppo_diffusion_agent][INFO] - approx_kl: 0.0, update_epoch: 0, num_batch: 4
[2026-10-09 17:50:55,016][agent.finetune.train_ppo_diffusion_agent][INFO] - approx_kl: 0.0, update_epoch: 0, num_batch: 4
[2026-10-09 17:50:57,228][agent.finetune.train_ppo_diffusion_agent][INFO] - approx_kl: 0.0, update_epoch: 1, num_batch: 4
[2026-10-09 17:50:59,594][agent.finetune.train_ppo_diffusion_agent][INFO] - approx_kl: 0.0, update_epoch: 1, num_batch: 4
[2026-10-09 17:51:01,799][agent.finetune.train_ppo_diffusion_agent][INFO] - approx_kl: 0.0, update_epoch: 1, num_batch: 4
[2026-10-09 17:51:04,148][agent.finetune.train_ppo_diffusion_agent][INFO] - approx_kl: 0.0, update_epoch: 1, num_batch: 4
[2026-10-09 17:51:06,456][agent.finetune.train_ppo_diffusion_agent][INFO] - approx_kl: 0.0, update_epoch: 2, num_batch: 4
[2026-10-09 17:51:08,896][agent.finetune.train_ppo_diffusion_agent][INFO] - approx_kl: 0.0, update_epoch: 2, num_batch: 4
[2026-10-09 17:51:11,069][agent.finetune.train_ppo_diffusion_agent][INFO] - approx_kl: 0.0, update_epoch: 2, num_batch: 4
[2026-10-09 17:51:13,348][agent.finetune.train_ppo_diffusion_agent][INFO] - approx_kl: 0.0, update_epoch: 2, num_batch: 4
[2026-10-09 17:51:15,571][agent.finetune.train_ppo_diffusion_agent][INFO] - approx_kl: 0.0, update_epoch: 3, num_batch: 4
[2026-10-09 17:51:17,893][agent.finetune.train_ppo_diffusion_agent][INFO] - approx_kl: 0.0, update_epoch: 3, num_batch: 4
[2026-10-09 17:51:20,025][agent.finetune.train_ppo_diffusion_agent][INFO] - approx_kl: 0.0, update_epoch: 3, num_batch: 4
[2026-10-09 17:51:22,263][agent.finetune.train_ppo_diffusion_agent][INFO] - approx_kl: 0.0, update_epoch: 3, num_batch: 4
[2026-10-09 17:51:24,475][agent.finetune.train_ppo_diffusion_agent][INFO] - approx_kl: 0.0, update_epoch: 4, num_batch: 4
[2026-10-09 17:51:26,783][agent.finetune.train_ppo_diffusion_agent][INFO] - approx_kl: 0.0, update_epoch: 4, num_batch: 4
[2026-10-09 17:51:28,908][agent.finetune.train_ppo_diffusion_agent][INFO] - approx_kl: 0.0, update_epoch: 4, num_batch: 4
[2026-10-09 17:51:31,120][agent.finetune.train_ppo_diffusion_agent][INFO] - approx_kl: 0.0, update_epoch: 4, num_batch: 4
[2026-10-09 17:51:40,012][agent.finetune.train_ppo_diffusion_agent][INFO] - 23: step  1680000 | loss   0.0507 | pg loss  -0.0000 | value loss   0.1015 | bc loss   0.0000 | reward 3699.7781 | eta   1.0000 | t: 66.3680 | kl_true_per_action=0.13009004315107475 | logratio_p99=0.521554707288741 | clamp_hit_frac=0.00080625 | actor_step_ratio=1.0 | actor_step_clipfrac=0.0
[2026-10-09 17:51:55,151][agent.finetune.train_ppo_diffusion_agent][INFO] - approx_kl: 0.0, update_epoch: 0, num_batch: 4
[2026-10-09 17:51:57,468][agent.finetune.train_ppo_diffusion_agent][INFO] - approx_kl: 0.0, update_epoch: 0, num_batch: 4
[2026-10-09 17:51:59,583][agent.finetune.train_ppo_diffusion_agent][INFO] - approx_kl: 0.0, update_epoch: 0, num_batch: 4
[2026-10-09 17:52:01,794][agent.finetune.train_ppo_diffusion_agent][INFO] - approx_kl: 0.0, update_epoch: 0, num_batch: 4
[2026-10-09 17:52:03,997][agent.finetune.train_ppo_diffusion_agent][INFO] - approx_kl: 0.0, update_epoch: 1, num_batch: 4
[2026-10-09 17:52:06,312][agent.finetune.train_ppo_diffusion_agent][INFO] - approx_kl: 0.0, update_epoch: 1, num_batch: 4
[2026-10-09 17:52:08,430][agent.finetune.train_ppo_diffusion_agent][INFO] - approx_kl: 0.0, update_epoch: 1, num_batch: 4
[2026-10-09 17:52:10,658][agent.finetune.train_ppo_diffusion_agent][INFO] - approx_kl: 0.0, update_epoch: 1, num_batch: 4
[2026-10-09 17:52:12,887][agent.finetune.train_ppo_diffusion_agent][INFO] - approx_kl: 0.0, update_epoch: 2, num_batch: 4
[2026-10-09 17:52:15,208][agent.finetune.train_ppo_diffusion_agent][INFO] - approx_kl: 0.0, update_epoch: 2, num_batch: 4
[2026-10-09 17:52:17,327][agent.finetune.train_ppo_diffusion_agent][INFO] - approx_kl: 0.0, update_epoch: 2, num_batch: 4
[2026-10-09 17:52:19,548][agent.finetune.train_ppo_diffusion_agent][INFO] - approx_kl: 0.0, update_epoch: 2, num_batch: 4
[2026-10-09 17:52:21,767][agent.finetune.train_ppo_diffusion_agent][INFO] - approx_kl: 0.0, update_epoch: 3, num_batch: 4
[2026-10-09 17:52:24,068][agent.finetune.train_ppo_diffusion_agent][INFO] - approx_kl: 0.0, update_epoch: 3, num_batch: 4
[2026-10-09 17:52:26,184][agent.finetune.train_ppo_diffusion_agent][INFO] - approx_kl: 0.0, update_epoch: 3, num_batch: 4
[2026-10-09 17:52:28,390][agent.finetune.train_ppo_diffusion_agent][INFO] - approx_kl: 0.0, update_epoch: 3, num_batch: 4
[2026-10-09 17:52:30,596][agent.finetune.train_ppo_diffusion_agent][INFO] - approx_kl: 0.0, update_epoch: 4, num_batch: 4
[2026-10-09 17:52:32,907][agent.finetune.train_ppo_diffusion_agent][INFO] - approx_kl: 0.0, update_epoch: 4, num_batch: 4
[2026-10-09 17:52:35,020][agent.finetune.train_ppo_diffusion_agent][INFO] - approx_kl: 0.0, update_epoch: 4, num_batch: 4
[2026-10-09 17:52:37,228][agent.finetune.train_ppo_diffusion_agent][INFO] - approx_kl: 0.0, update_epoch: 4, num_batch: 4
[2026-10-09 17:52:46,225][agent.finetune.train_ppo_diffusion_agent][INFO] - 24: step  1760000 | loss   0.0509 | pg loss  -0.0000 | value loss   0.1017 | bc loss   0.0000 | reward 3746.6850 | eta   1.0000 | t: 66.2128 | kl_true_per_action=0.18465050848457226 | logratio_p99=0.5640305280685401 | clamp_hit_frac=0.000825 | actor_step_ratio=1.0 | actor_step_clipfrac=0.0
[2026-10-09 17:53:00,757][agent.finetune.train_ppo_diffusion_agent][INFO] - approx_kl: 0.0, update_epoch: 0, num_batch: 4
[2026-10-09 17:53:03,075][agent.finetune.train_ppo_diffusion_agent][INFO] - approx_kl: 0.0, update_epoch: 0, num_batch: 4
[2026-10-09 17:53:05,197][agent.finetune.train_ppo_diffusion_agent][INFO] - approx_kl: 0.0, update_epoch: 0, num_batch: 4
[2026-10-09 17:53:07,415][agent.finetune.train_ppo_diffusion_agent][INFO] - approx_kl: 0.0, update_epoch: 0, num_batch: 4
[2026-10-09 17:53:09,630][agent.finetune.train_ppo_diffusion_agent][INFO] - approx_kl: 0.0, update_epoch: 1, num_batch: 4
[2026-10-09 17:53:11,976][agent.finetune.train_ppo_diffusion_agent][INFO] - approx_kl: 0.0, update_epoch: 1, num_batch: 4
[2026-10-09 17:53:14,089][agent.finetune.train_ppo_diffusion_agent][INFO] - approx_kl: 0.0, update_epoch: 1, num_batch: 4
[2026-10-09 17:53:16,296][agent.finetune.train_ppo_diffusion_agent][INFO] - approx_kl: 0.0, update_epoch: 1, num_batch: 4
[2026-10-09 17:53:18,489][agent.finetune.train_ppo_diffusion_agent][INFO] - approx_kl: 0.0, update_epoch: 2, num_batch: 4
[2026-10-09 17:53:20,789][agent.finetune.train_ppo_diffusion_agent][INFO] - approx_kl: 0.0, update_epoch: 2, num_batch: 4
[2026-10-09 17:53:22,897][agent.finetune.train_ppo_diffusion_agent][INFO] - approx_kl: 0.0, update_epoch: 2, num_batch: 4
[2026-10-09 17:53:25,105][agent.finetune.train_ppo_diffusion_agent][INFO] - approx_kl: 0.0, update_epoch: 2, num_batch: 4
[2026-10-09 17:53:27,305][agent.finetune.train_ppo_diffusion_agent][INFO] - approx_kl: 0.0, update_epoch: 3, num_batch: 4
[2026-10-09 17:53:29,580][agent.finetune.train_ppo_diffusion_agent][INFO] - approx_kl: 0.0, update_epoch: 3, num_batch: 4
[2026-10-09 17:53:31,672][agent.finetune.train_ppo_diffusion_agent][INFO] - approx_kl: 0.0, update_epoch: 3, num_batch: 4
[2026-10-09 17:53:33,847][agent.finetune.train_ppo_diffusion_agent][INFO] - approx_kl: 0.0, update_epoch: 3, num_batch: 4
[2026-10-09 17:53:36,035][agent.finetune.train_ppo_diffusion_agent][INFO] - approx_kl: 0.0, update_epoch: 4, num_batch: 4
[2026-10-09 17:53:38,319][agent.finetune.train_ppo_diffusion_agent][INFO] - approx_kl: 0.0, update_epoch: 4, num_batch: 4
[2026-10-09 17:53:40,418][agent.finetune.train_ppo_diffusion_agent][INFO] - approx_kl: 0.0, update_epoch: 4, num_batch: 4
[2026-10-09 17:53:42,647][agent.finetune.train_ppo_diffusion_agent][INFO] - approx_kl: 0.0, update_epoch: 4, num_batch: 4
[2026-10-09 17:53:51,433][agent.finetune.train_ppo_diffusion_agent][INFO] - 25: step  1840000 | loss   0.0507 | pg loss  -0.0000 | value loss   0.1014 | bc loss   0.0000 | reward 3707.8974 | eta   1.0000 | t: 65.2085 | kl_true_per_action=0.2221218795481743 | logratio_p99=0.7253625202178943 | clamp_hit_frac=0.00074375 | actor_step_ratio=1.0 | actor_step_clipfrac=0.0
[2026-10-09 17:54:05,982][agent.finetune.train_ppo_diffusion_agent][INFO] - approx_kl: 0.0, update_epoch: 0, num_batch: 4
[2026-10-09 17:54:08,276][agent.finetune.train_ppo_diffusion_agent][INFO] - approx_kl: 0.0, update_epoch: 0, num_batch: 4
[2026-10-09 17:54:10,390][agent.finetune.train_ppo_diffusion_agent][INFO] - approx_kl: 0.0, update_epoch: 0, num_batch: 4
[2026-10-09 17:54:12,594][agent.finetune.train_ppo_diffusion_agent][INFO] - approx_kl: 0.0, update_epoch: 0, num_batch: 4
[2026-10-09 17:54:14,801][agent.finetune.train_ppo_diffusion_agent][INFO] - approx_kl: 0.0, update_epoch: 1, num_batch: 4
[2026-10-09 17:54:17,098][agent.finetune.train_ppo_diffusion_agent][INFO] - approx_kl: 0.0, update_epoch: 1, num_batch: 4
[2026-10-09 17:54:19,203][agent.finetune.train_ppo_diffusion_agent][INFO] - approx_kl: 0.0, update_epoch: 1, num_batch: 4
[2026-10-09 17:54:21,388][agent.finetune.train_ppo_diffusion_agent][INFO] - approx_kl: 0.0, update_epoch: 1, num_batch: 4
[2026-10-09 17:54:23,588][agent.finetune.train_ppo_diffusion_agent][INFO] - approx_kl: 0.0, update_epoch: 2, num_batch: 4
[2026-10-09 17:54:25,899][agent.finetune.train_ppo_diffusion_agent][INFO] - approx_kl: 0.0, update_epoch: 2, num_batch: 4
[2026-10-09 17:54:28,023][agent.finetune.train_ppo_diffusion_agent][INFO] - approx_kl: 0.0, update_epoch: 2, num_batch: 4
[2026-10-09 17:54:30,240][agent.finetune.train_ppo_diffusion_agent][INFO] - approx_kl: 0.0, update_epoch: 2, num_batch: 4
[2026-10-09 17:54:32,462][agent.finetune.train_ppo_diffusion_agent][INFO] - approx_kl: 0.0, update_epoch: 3, num_batch: 4
[2026-10-09 17:54:34,826][agent.finetune.train_ppo_diffusion_agent][INFO] - approx_kl: 0.0, update_epoch: 3, num_batch: 4
[2026-10-09 17:54:36,964][agent.finetune.train_ppo_diffusion_agent][INFO] - approx_kl: 0.0, update_epoch: 3, num_batch: 4
[2026-10-09 17:54:39,165][agent.finetune.train_ppo_diffusion_agent][INFO] - approx_kl: 0.0, update_epoch: 3, num_batch: 4
[2026-10-09 17:54:41,358][agent.finetune.train_ppo_diffusion_agent][INFO] - approx_kl: 0.0, update_epoch: 4, num_batch: 4
[2026-10-09 17:54:43,656][agent.finetune.train_ppo_diffusion_agent][INFO] - approx_kl: 0.0, update_epoch: 4, num_batch: 4
[2026-10-09 17:54:45,763][agent.finetune.train_ppo_diffusion_agent][INFO] - approx_kl: 0.0, update_epoch: 4, num_batch: 4
[2026-10-09 17:54:47,961][agent.finetune.train_ppo_diffusion_agent][INFO] - approx_kl: 0.0, update_epoch: 4, num_batch: 4
[2026-10-09 17:54:56,838][agent.finetune.train_ppo_diffusion_agent][INFO] - 26: step  1920000 | loss   0.0509 | pg loss  -0.0000 | value loss   0.1017 | bc loss   0.0000 | reward 3706.8666 | eta   1.0000 | t: 65.4042 | kl_true_per_action=0.17537292154566705 | logratio_p99=0.6416473913192744 | clamp_hit_frac=0.0008770833333333333 | actor_step_ratio=1.0 | actor_step_clipfrac=0.0
[2026-10-09 17:55:11,802][agent.finetune.train_ppo_diffusion_agent][INFO] - approx_kl: 0.0, update_epoch: 0, num_batch: 4
[2026-10-09 17:55:13,896][agent.finetune.train_ppo_diffusion_agent][INFO] - approx_kl: 0.0, update_epoch: 0, num_batch: 4
[2026-10-09 17:55:16,085][agent.finetune.train_ppo_diffusion_agent][INFO] - approx_kl: 0.0, update_epoch: 0, num_batch: 4
[2026-10-09 17:55:18,271][agent.finetune.train_ppo_diffusion_agent][INFO] - approx_kl: 0.0, update_epoch: 0, num_batch: 4
[2026-10-09 17:55:20,563][agent.finetune.train_ppo_diffusion_agent][INFO] - approx_kl: 0.0, update_epoch: 1, num_batch: 4
[2026-10-09 17:55:22,686][agent.finetune.train_ppo_diffusion_agent][INFO] - approx_kl: 0.0, update_epoch: 1, num_batch: 4
[2026-10-09 17:55:24,912][agent.finetune.train_ppo_diffusion_agent][INFO] - approx_kl: 0.0, update_epoch: 1, num_batch: 4
[2026-10-09 17:55:27,097][agent.finetune.train_ppo_diffusion_agent][INFO] - approx_kl: 0.0, update_epoch: 1, num_batch: 4
[2026-10-09 17:55:29,371][agent.finetune.train_ppo_diffusion_agent][INFO] - approx_kl: 0.0, update_epoch: 2, num_batch: 4
[2026-10-09 17:55:31,461][agent.finetune.train_ppo_diffusion_agent][INFO] - approx_kl: 0.0, update_epoch: 2, num_batch: 4
[2026-10-09 17:55:33,635][agent.finetune.train_ppo_diffusion_agent][INFO] - approx_kl: 0.0, update_epoch: 2, num_batch: 4
[2026-10-09 17:55:35,825][agent.finetune.train_ppo_diffusion_agent][INFO] - approx_kl: 0.0, update_epoch: 2, num_batch: 4
[2026-10-09 17:55:38,131][agent.finetune.train_ppo_diffusion_agent][INFO] - approx_kl: 0.0, update_epoch: 3, num_batch: 4
[2026-10-09 17:55:40,237][agent.finetune.train_ppo_diffusion_agent][INFO] - approx_kl: 0.0, update_epoch: 3, num_batch: 4
[2026-10-09 17:55:42,425][agent.finetune.train_ppo_diffusion_agent][INFO] - approx_kl: 0.0, update_epoch: 3, num_batch: 4
[2026-10-09 17:55:44,624][agent.finetune.train_ppo_diffusion_agent][INFO] - approx_kl: 0.0, update_epoch: 3, num_batch: 4
[2026-10-09 17:55:46,985][agent.finetune.train_ppo_diffusion_agent][INFO] - approx_kl: 0.0, update_epoch: 4, num_batch: 4
[2026-10-09 17:55:49,092][agent.finetune.train_ppo_diffusion_agent][INFO] - approx_kl: 0.0, update_epoch: 4, num_batch: 4
[2026-10-09 17:55:51,292][agent.finetune.train_ppo_diffusion_agent][INFO] - approx_kl: 0.0, update_epoch: 4, num_batch: 4
[2026-10-09 17:55:53,484][agent.finetune.train_ppo_diffusion_agent][INFO] - approx_kl: 0.0, update_epoch: 4, num_batch: 4
[2026-10-09 17:56:02,303][agent.finetune.train_ppo_diffusion_agent][INFO] - 27: step  2000000 | loss   0.0512 | pg loss   0.0000 | value loss   0.1024 | bc loss   0.0000 | reward 3793.8069 | eta   1.0000 | t: 65.4650 | kl_true_per_action=0.1323754980440043 | logratio_p99=0.5385327363014218 | clamp_hit_frac=0.0008229166666666667 | actor_step_ratio=1.0 | actor_step_clipfrac=0.0
[2026-10-09 17:56:17,936][agent.finetune.train_ppo_diffusion_agent][INFO] - approx_kl: 0.0, update_epoch: 0, num_batch: 4
[2026-10-09 17:56:20,043][agent.finetune.train_ppo_diffusion_agent][INFO] - approx_kl: 0.0, update_epoch: 0, num_batch: 4
[2026-10-09 17:56:22,241][agent.finetune.train_ppo_diffusion_agent][INFO] - approx_kl: 0.0, update_epoch: 0, num_batch: 4
[2026-10-09 17:56:24,429][agent.finetune.train_ppo_diffusion_agent][INFO] - approx_kl: 0.0, update_epoch: 0, num_batch: 4
[2026-10-09 17:56:26,715][agent.finetune.train_ppo_diffusion_agent][INFO] - approx_kl: 0.0, update_epoch: 1, num_batch: 4
[2026-10-09 17:56:28,826][agent.finetune.train_ppo_diffusion_agent][INFO] - approx_kl: 0.0, update_epoch: 1, num_batch: 4
[2026-10-09 17:56:31,038][agent.finetune.train_ppo_diffusion_agent][INFO] - approx_kl: 0.0, update_epoch: 1, num_batch: 4
[2026-10-09 17:56:33,244][agent.finetune.train_ppo_diffusion_agent][INFO] - approx_kl: 0.0, update_epoch: 1, num_batch: 4
[2026-10-09 17:56:35,534][agent.finetune.train_ppo_diffusion_agent][INFO] - approx_kl: 0.0, update_epoch: 2, num_batch: 4
[2026-10-09 17:56:37,635][agent.finetune.train_ppo_diffusion_agent][INFO] - approx_kl: 0.0, update_epoch: 2, num_batch: 4
[2026-10-09 17:56:39,850][agent.finetune.train_ppo_diffusion_agent][INFO] - approx_kl: 0.0, update_epoch: 2, num_batch: 4
[2026-10-09 17:56:42,035][agent.finetune.train_ppo_diffusion_agent][INFO] - approx_kl: 0.0, update_epoch: 2, num_batch: 4
[2026-10-09 17:56:44,315][agent.finetune.train_ppo_diffusion_agent][INFO] - approx_kl: 0.0, update_epoch: 3, num_batch: 4
[2026-10-09 17:56:46,416][agent.finetune.train_ppo_diffusion_agent][INFO] - approx_kl: 0.0, update_epoch: 3, num_batch: 4
[2026-10-09 17:56:48,607][agent.finetune.train_ppo_diffusion_agent][INFO] - approx_kl: 0.0, update_epoch: 3, num_batch: 4
[2026-10-09 17:56:50,791][agent.finetune.train_ppo_diffusion_agent][INFO] - approx_kl: 0.0, update_epoch: 3, num_batch: 4
[2026-10-09 17:56:53,074][agent.finetune.train_ppo_diffusion_agent][INFO] - approx_kl: 0.0, update_epoch: 4, num_batch: 4
[2026-10-09 17:56:55,177][agent.finetune.train_ppo_diffusion_agent][INFO] - approx_kl: 0.0, update_epoch: 4, num_batch: 4
[2026-10-09 17:56:57,373][agent.finetune.train_ppo_diffusion_agent][INFO] - approx_kl: 0.0, update_epoch: 4, num_batch: 4
[2026-10-09 17:56:59,563][agent.finetune.train_ppo_diffusion_agent][INFO] - approx_kl: 0.0, update_epoch: 4, num_batch: 4
[2026-10-09 17:57:08,386][agent.finetune.train_ppo_diffusion_agent][INFO] - 28: step  2080000 | loss   0.0513 | pg loss   0.0000 | value loss   0.1025 | bc loss   0.0000 | reward 3734.4294 | eta   1.0000 | t: 66.0831 | kl_true_per_action=0.20598156655161926 | logratio_p99=0.6778382158279419 | clamp_hit_frac=0.0007458333333333334 | actor_step_ratio=1.0 | actor_step_clipfrac=0.0
[2026-10-09 17:57:23,970][agent.finetune.train_ppo_diffusion_agent][INFO] - approx_kl: 0.0, update_epoch: 0, num_batch: 4
[2026-10-09 17:57:26,058][agent.finetune.train_ppo_diffusion_agent][INFO] - approx_kl: 0.0, update_epoch: 0, num_batch: 4
[2026-10-09 17:57:28,254][agent.finetune.train_ppo_diffusion_agent][INFO] - approx_kl: 0.0, update_epoch: 0, num_batch: 4
[2026-10-09 17:57:30,563][agent.finetune.train_ppo_diffusion_agent][INFO] - approx_kl: 0.0, update_epoch: 0, num_batch: 4
[2026-10-09 17:57:32,668][agent.finetune.train_ppo_diffusion_agent][INFO] - approx_kl: 0.0, update_epoch: 1, num_batch: 4
[2026-10-09 17:57:34,910][agent.finetune.train_ppo_diffusion_agent][INFO] - approx_kl: 0.0, update_epoch: 1, num_batch: 4
[2026-10-09 17:57:37,126][agent.finetune.train_ppo_diffusion_agent][INFO] - approx_kl: 0.0, update_epoch: 1, num_batch: 4
[2026-10-09 17:57:39,453][agent.finetune.train_ppo_diffusion_agent][INFO] - approx_kl: 0.0, update_epoch: 1, num_batch: 4
[2026-10-09 17:57:41,550][agent.finetune.train_ppo_diffusion_agent][INFO] - approx_kl: 0.0, update_epoch: 2, num_batch: 4
[2026-10-09 17:57:43,751][agent.finetune.train_ppo_diffusion_agent][INFO] - approx_kl: 0.0, update_epoch: 2, num_batch: 4
[2026-10-09 17:57:45,935][agent.finetune.train_ppo_diffusion_agent][INFO] - approx_kl: 0.0, update_epoch: 2, num_batch: 4
[2026-10-09 17:57:48,222][agent.finetune.train_ppo_diffusion_agent][INFO] - approx_kl: 0.0, update_epoch: 2, num_batch: 4
[2026-10-09 17:57:50,320][agent.finetune.train_ppo_diffusion_agent][INFO] - approx_kl: 0.0, update_epoch: 3, num_batch: 4
[2026-10-09 17:57:52,514][agent.finetune.train_ppo_diffusion_agent][INFO] - approx_kl: 0.0, update_epoch: 3, num_batch: 4
[2026-10-09 17:57:54,714][agent.finetune.train_ppo_diffusion_agent][INFO] - approx_kl: 0.0, update_epoch: 3, num_batch: 4
[2026-10-09 17:57:57,020][agent.finetune.train_ppo_diffusion_agent][INFO] - approx_kl: 0.0, update_epoch: 3, num_batch: 4
[2026-10-09 17:57:59,138][agent.finetune.train_ppo_diffusion_agent][INFO] - approx_kl: 0.0, update_epoch: 4, num_batch: 4
[2026-10-09 17:58:01,343][agent.finetune.train_ppo_diffusion_agent][INFO] - approx_kl: 0.0, update_epoch: 4, num_batch: 4
[2026-10-09 17:58:03,545][agent.finetune.train_ppo_diffusion_agent][INFO] - approx_kl: 0.0, update_epoch: 4, num_batch: 4
[2026-10-09 17:58:05,866][agent.finetune.train_ppo_diffusion_agent][INFO] - approx_kl: 0.0, update_epoch: 4, num_batch: 4
[2026-10-09 17:58:14,796][agent.finetune.train_ppo_diffusion_agent][INFO] - 29: step  2160000 | loss   0.0502 | pg loss   0.0000 | value loss   0.1004 | bc loss   0.0000 | reward 3400.4122 | eta   1.0000 | t: 66.4100 | kl_true_per_action=0.47147978095333615 | logratio_p99=1.3269714874028882 | clamp_hit_frac=0.0007875 | actor_step_ratio=1.0 | actor_step_clipfrac=0.0
[2026-10-09 17:58:27,800][agent.finetune.train_ppo_diffusion_agent][INFO] - eval: success rate   1.0000 | avg episode reward 3727.0044 | avg best reward   6.0490
[2026-10-09 17:58:42,354][agent.finetune.train_ppo_diffusion_agent][INFO] - approx_kl: 0.0, update_epoch: 0, num_batch: 4
[2026-10-09 17:58:44,581][agent.finetune.train_ppo_diffusion_agent][INFO] - approx_kl: 0.0, update_epoch: 0, num_batch: 4
[2026-10-09 17:58:46,790][agent.finetune.train_ppo_diffusion_agent][INFO] - approx_kl: 0.0, update_epoch: 0, num_batch: 4
[2026-10-09 17:58:49,090][agent.finetune.train_ppo_diffusion_agent][INFO] - approx_kl: 0.0, update_epoch: 0, num_batch: 4
[2026-10-09 17:58:51,200][agent.finetune.train_ppo_diffusion_agent][INFO] - approx_kl: 0.0, update_epoch: 1, num_batch: 4
[2026-10-09 17:58:53,410][agent.finetune.train_ppo_diffusion_agent][INFO] - approx_kl: 0.0, update_epoch: 1, num_batch: 4
[2026-10-09 17:58:55,616][agent.finetune.train_ppo_diffusion_agent][INFO] - approx_kl: 0.0, update_epoch: 1, num_batch: 4
[2026-10-09 17:58:57,918][agent.finetune.train_ppo_diffusion_agent][INFO] - approx_kl: 0.0, update_epoch: 1, num_batch: 4
[2026-10-09 17:59:00,035][agent.finetune.train_ppo_diffusion_agent][INFO] - approx_kl: 0.0, update_epoch: 2, num_batch: 4
[2026-10-09 17:59:02,254][agent.finetune.train_ppo_diffusion_agent][INFO] - approx_kl: 0.0, update_epoch: 2, num_batch: 4
[2026-10-09 17:59:04,458][agent.finetune.train_ppo_diffusion_agent][INFO] - approx_kl: 0.0, update_epoch: 2, num_batch: 4
[2026-10-09 17:59:06,768][agent.finetune.train_ppo_diffusion_agent][INFO] - approx_kl: 0.0, update_epoch: 2, num_batch: 4
[2026-10-09 17:59:08,887][agent.finetune.train_ppo_diffusion_agent][INFO] - approx_kl: 0.0, update_epoch: 3, num_batch: 4
[2026-10-09 17:59:11,098][agent.finetune.train_ppo_diffusion_agent][INFO] - approx_kl: 0.0, update_epoch: 3, num_batch: 4
[2026-10-09 17:59:13,347][agent.finetune.train_ppo_diffusion_agent][INFO] - approx_kl: 0.0, update_epoch: 3, num_batch: 4
[2026-10-09 17:59:15,651][agent.finetune.train_ppo_diffusion_agent][INFO] - approx_kl: 0.0, update_epoch: 3, num_batch: 4
[2026-10-09 17:59:17,757][agent.finetune.train_ppo_diffusion_agent][INFO] - approx_kl: 0.0, update_epoch: 4, num_batch: 4
[2026-10-09 17:59:19,956][agent.finetune.train_ppo_diffusion_agent][INFO] - approx_kl: 0.0, update_epoch: 4, num_batch: 4
[2026-10-09 17:59:22,164][agent.finetune.train_ppo_diffusion_agent][INFO] - approx_kl: 0.0, update_epoch: 4, num_batch: 4
[2026-10-09 17:59:24,476][agent.finetune.train_ppo_diffusion_agent][INFO] - approx_kl: 0.0, update_epoch: 4, num_batch: 4
[2026-10-09 17:59:33,350][agent.finetune.train_ppo_diffusion_agent][INFO] - 31: step  2240000 | loss   0.0473 | pg loss   0.0000 | value loss   0.0946 | bc loss   0.0000 | reward 3615.7946 | eta   1.0000 | t: 65.5505 | kl_true_per_action=0.22510828764272706 | logratio_p99=0.706855635046958 | clamp_hit_frac=0.0008270833333333333 | actor_step_ratio=1.0 | actor_step_clipfrac=0.0
[2026-10-09 17:59:47,784][agent.finetune.train_ppo_diffusion_agent][INFO] - approx_kl: 0.0, update_epoch: 0, num_batch: 4
[2026-10-09 17:59:49,978][agent.finetune.train_ppo_diffusion_agent][INFO] - approx_kl: 0.0, update_epoch: 0, num_batch: 4
[2026-10-09 17:59:52,178][agent.finetune.train_ppo_diffusion_agent][INFO] - approx_kl: 0.0, update_epoch: 0, num_batch: 4
[2026-10-09 17:59:54,485][agent.finetune.train_ppo_diffusion_agent][INFO] - approx_kl: 0.0, update_epoch: 0, num_batch: 4
[2026-10-09 17:59:56,591][agent.finetune.train_ppo_diffusion_agent][INFO] - approx_kl: 0.0, update_epoch: 1, num_batch: 4
[2026-10-09 17:59:58,787][agent.finetune.train_ppo_diffusion_agent][INFO] - approx_kl: 0.0, update_epoch: 1, num_batch: 4
[2026-10-09 18:00:00,982][agent.finetune.train_ppo_diffusion_agent][INFO] - approx_kl: 0.0, update_epoch: 1, num_batch: 4
[2026-10-09 18:00:03,305][agent.finetune.train_ppo_diffusion_agent][INFO] - approx_kl: 0.0, update_epoch: 1, num_batch: 4
[2026-10-09 18:00:05,406][agent.finetune.train_ppo_diffusion_agent][INFO] - approx_kl: 0.0, update_epoch: 2, num_batch: 4
[2026-10-09 18:00:07,604][agent.finetune.train_ppo_diffusion_agent][INFO] - approx_kl: 0.0, update_epoch: 2, num_batch: 4
[2026-10-09 18:00:09,808][agent.finetune.train_ppo_diffusion_agent][INFO] - approx_kl: 0.0, update_epoch: 2, num_batch: 4
[2026-10-09 18:00:12,112][agent.finetune.train_ppo_diffusion_agent][INFO] - approx_kl: 0.0, update_epoch: 2, num_batch: 4
[2026-10-09 18:00:14,221][agent.finetune.train_ppo_diffusion_agent][INFO] - approx_kl: 0.0, update_epoch: 3, num_batch: 4
[2026-10-09 18:00:16,437][agent.finetune.train_ppo_diffusion_agent][INFO] - approx_kl: 0.0, update_epoch: 3, num_batch: 4
[2026-10-09 18:00:18,567][agent.finetune.train_ppo_diffusion_agent][INFO] - approx_kl: 0.0, update_epoch: 3, num_batch: 4
[2026-10-09 18:00:20,873][agent.finetune.train_ppo_diffusion_agent][INFO] - approx_kl: 0.0, update_epoch: 3, num_batch: 4
[2026-10-09 18:00:23,017][agent.finetune.train_ppo_diffusion_agent][INFO] - approx_kl: 0.0, update_epoch: 4, num_batch: 4
[2026-10-09 18:00:25,270][agent.finetune.train_ppo_diffusion_agent][INFO] - approx_kl: 0.0, update_epoch: 4, num_batch: 4
[2026-10-09 18:00:27,486][agent.finetune.train_ppo_diffusion_agent][INFO] - approx_kl: 0.0, update_epoch: 4, num_batch: 4
[2026-10-09 18:00:29,788][agent.finetune.train_ppo_diffusion_agent][INFO] - approx_kl: 0.0, update_epoch: 4, num_batch: 4
[2026-10-09 18:00:38,604][agent.finetune.train_ppo_diffusion_agent][INFO] - 32: step  2320000 | loss   0.0463 | pg loss  -0.0000 | value loss   0.0927 | bc loss   0.0000 | reward 3633.9826 | eta   1.0000 | t: 65.2539 | kl_true_per_action=0.32638763456264985 | logratio_p99=0.8708563995361319 | clamp_hit_frac=0.00073125 | actor_step_ratio=1.0 | actor_step_clipfrac=0.0
[2026-10-09 18:00:52,995][agent.finetune.train_ppo_diffusion_agent][INFO] - approx_kl: 0.0, update_epoch: 0, num_batch: 4
[2026-10-09 18:00:55,227][agent.finetune.train_ppo_diffusion_agent][INFO] - approx_kl: 0.0, update_epoch: 0, num_batch: 4
[2026-10-09 18:00:57,417][agent.finetune.train_ppo_diffusion_agent][INFO] - approx_kl: 0.0, update_epoch: 0, num_batch: 4
[2026-10-09 18:00:59,705][agent.finetune.train_ppo_diffusion_agent][INFO] - approx_kl: 0.0, update_epoch: 0, num_batch: 4
[2026-10-09 18:01:01,815][agent.finetune.train_ppo_diffusion_agent][INFO] - approx_kl: 0.0, update_epoch: 1, num_batch: 4
[2026-10-09 18:01:04,014][agent.finetune.train_ppo_diffusion_agent][INFO] - approx_kl: 0.0, update_epoch: 1, num_batch: 4
[2026-10-09 18:01:06,218][agent.finetune.train_ppo_diffusion_agent][INFO] - approx_kl: 0.0, update_epoch: 1, num_batch: 4
[2026-10-09 18:01:08,502][agent.finetune.train_ppo_diffusion_agent][INFO] - approx_kl: 0.0, update_epoch: 1, num_batch: 4
[2026-10-09 18:01:10,627][agent.finetune.train_ppo_diffusion_agent][INFO] - approx_kl: 0.0, update_epoch: 2, num_batch: 4
[2026-10-09 18:01:12,829][agent.finetune.train_ppo_diffusion_agent][INFO] - approx_kl: 0.0, update_epoch: 2, num_batch: 4
[2026-10-09 18:01:15,034][agent.finetune.train_ppo_diffusion_agent][INFO] - approx_kl: 0.0, update_epoch: 2, num_batch: 4
[2026-10-09 18:01:17,338][agent.finetune.train_ppo_diffusion_agent][INFO] - approx_kl: 0.0, update_epoch: 2, num_batch: 4
[2026-10-09 18:01:19,448][agent.finetune.train_ppo_diffusion_agent][INFO] - approx_kl: 0.0, update_epoch: 3, num_batch: 4
[2026-10-09 18:01:21,667][agent.finetune.train_ppo_diffusion_agent][INFO] - approx_kl: 0.0, update_epoch: 3, num_batch: 4
[2026-10-09 18:01:23,875][agent.finetune.train_ppo_diffusion_agent][INFO] - approx_kl: 0.0, update_epoch: 3, num_batch: 4
[2026-10-09 18:01:26,207][agent.finetune.train_ppo_diffusion_agent][INFO] - approx_kl: 0.0, update_epoch: 3, num_batch: 4
[2026-10-09 18:01:28,317][agent.finetune.train_ppo_diffusion_agent][INFO] - approx_kl: 0.0, update_epoch: 4, num_batch: 4
[2026-10-09 18:01:30,516][agent.finetune.train_ppo_diffusion_agent][INFO] - approx_kl: 0.0, update_epoch: 4, num_batch: 4
[2026-10-09 18:01:32,714][agent.finetune.train_ppo_diffusion_agent][INFO] - approx_kl: 0.0, update_epoch: 4, num_batch: 4
[2026-10-09 18:01:35,030][agent.finetune.train_ppo_diffusion_agent][INFO] - approx_kl: 0.0, update_epoch: 4, num_batch: 4
[2026-10-09 18:01:43,893][agent.finetune.train_ppo_diffusion_agent][INFO] - 33: step  2400000 | loss   0.0445 | pg loss   0.0000 | value loss   0.0891 | bc loss   0.0000 | reward 3674.1012 | eta   1.0000 | t: 65.2886 | kl_true_per_action=0.3409687170487938 | logratio_p99=0.8760338020324706 | clamp_hit_frac=0.00076875 | actor_step_ratio=1.0 | actor_step_clipfrac=0.0
[2026-10-09 18:01:58,362][agent.finetune.train_ppo_diffusion_agent][INFO] - approx_kl: 0.0, update_epoch: 0, num_batch: 4
[2026-10-09 18:02:00,585][agent.finetune.train_ppo_diffusion_agent][INFO] - approx_kl: 0.0, update_epoch: 0, num_batch: 4
[2026-10-09 18:02:02,912][agent.finetune.train_ppo_diffusion_agent][INFO] - approx_kl: 0.0, update_epoch: 0, num_batch: 4
[2026-10-09 18:02:05,049][agent.finetune.train_ppo_diffusion_agent][INFO] - approx_kl: 0.0, update_epoch: 0, num_batch: 4
[2026-10-09 18:02:07,264][agent.finetune.train_ppo_diffusion_agent][INFO] - approx_kl: 0.0, update_epoch: 1, num_batch: 4
[2026-10-09 18:02:09,480][agent.finetune.train_ppo_diffusion_agent][INFO] - approx_kl: 0.0, update_epoch: 1, num_batch: 4
[2026-10-09 18:02:11,798][agent.finetune.train_ppo_diffusion_agent][INFO] - approx_kl: 0.0, update_epoch: 1, num_batch: 4
[2026-10-09 18:02:13,912][agent.finetune.train_ppo_diffusion_agent][INFO] - approx_kl: 0.0, update_epoch: 1, num_batch: 4
[2026-10-09 18:02:16,123][agent.finetune.train_ppo_diffusion_agent][INFO] - approx_kl: 0.0, update_epoch: 2, num_batch: 4
[2026-10-09 18:02:18,345][agent.finetune.train_ppo_diffusion_agent][INFO] - approx_kl: 0.0, update_epoch: 2, num_batch: 4
[2026-10-09 18:02:20,657][agent.finetune.train_ppo_diffusion_agent][INFO] - approx_kl: 0.0, update_epoch: 2, num_batch: 4
[2026-10-09 18:02:22,771][agent.finetune.train_ppo_diffusion_agent][INFO] - approx_kl: 0.0, update_epoch: 2, num_batch: 4
[2026-10-09 18:02:24,990][agent.finetune.train_ppo_diffusion_agent][INFO] - approx_kl: 0.0, update_epoch: 3, num_batch: 4
[2026-10-09 18:02:27,201][agent.finetune.train_ppo_diffusion_agent][INFO] - approx_kl: 0.0, update_epoch: 3, num_batch: 4
[2026-10-09 18:02:29,517][agent.finetune.train_ppo_diffusion_agent][INFO] - approx_kl: 0.0, update_epoch: 3, num_batch: 4
[2026-10-09 18:02:31,634][agent.finetune.train_ppo_diffusion_agent][INFO] - approx_kl: 0.0, update_epoch: 3, num_batch: 4
[2026-10-09 18:02:33,849][agent.finetune.train_ppo_diffusion_agent][INFO] - approx_kl: 0.0, update_epoch: 4, num_batch: 4
[2026-10-09 18:02:36,071][agent.finetune.train_ppo_diffusion_agent][INFO] - approx_kl: 0.0, update_epoch: 4, num_batch: 4
[2026-10-09 18:02:38,397][agent.finetune.train_ppo_diffusion_agent][INFO] - approx_kl: 0.0, update_epoch: 4, num_batch: 4
[2026-10-09 18:02:40,510][agent.finetune.train_ppo_diffusion_agent][INFO] - approx_kl: 0.0, update_epoch: 4, num_batch: 4
[2026-10-09 18:02:49,505][agent.finetune.train_ppo_diffusion_agent][INFO] - 34: step  2480000 | loss   0.0447 | pg loss  -0.0000 | value loss   0.0894 | bc loss   0.0000 | reward 3564.8196 | eta   1.0000 | t: 65.6121 | kl_true_per_action=0.3226687695847786 | logratio_p99=0.8627311933040602 | clamp_hit_frac=0.0007645833333333334 | actor_step_ratio=1.0 | actor_step_clipfrac=0.0
[2026-10-09 18:03:03,952][agent.finetune.train_ppo_diffusion_agent][INFO] - approx_kl: 0.0, update_epoch: 0, num_batch: 4
[2026-10-09 18:03:06,140][agent.finetune.train_ppo_diffusion_agent][INFO] - approx_kl: 0.0, update_epoch: 0, num_batch: 4
[2026-10-09 18:03:08,441][agent.finetune.train_ppo_diffusion_agent][INFO] - approx_kl: 0.0, update_epoch: 0, num_batch: 4
[2026-10-09 18:03:10,534][agent.finetune.train_ppo_diffusion_agent][INFO] - approx_kl: 0.0, update_epoch: 0, num_batch: 4
[2026-10-09 18:03:12,709][agent.finetune.train_ppo_diffusion_agent][INFO] - approx_kl: 0.0, update_epoch: 1, num_batch: 4
[2026-10-09 18:03:14,888][agent.finetune.train_ppo_diffusion_agent][INFO] - approx_kl: 0.0, update_epoch: 1, num_batch: 4
[2026-10-09 18:03:17,210][agent.finetune.train_ppo_diffusion_agent][INFO] - approx_kl: 0.0, update_epoch: 1, num_batch: 4
[2026-10-09 18:03:19,314][agent.finetune.train_ppo_diffusion_agent][INFO] - approx_kl: 0.0, update_epoch: 1, num_batch: 4
[2026-10-09 18:03:21,502][agent.finetune.train_ppo_diffusion_agent][INFO] - approx_kl: 0.0, update_epoch: 2, num_batch: 4
[2026-10-09 18:03:23,689][agent.finetune.train_ppo_diffusion_agent][INFO] - approx_kl: 0.0, update_epoch: 2, num_batch: 4
[2026-10-09 18:03:25,976][agent.finetune.train_ppo_diffusion_agent][INFO] - approx_kl: 0.0, update_epoch: 2, num_batch: 4
[2026-10-09 18:03:28,081][agent.finetune.train_ppo_diffusion_agent][INFO] - approx_kl: 0.0, update_epoch: 2, num_batch: 4
[2026-10-09 18:03:30,283][agent.finetune.train_ppo_diffusion_agent][INFO] - approx_kl: 0.0, update_epoch: 3, num_batch: 4
[2026-10-09 18:03:32,480][agent.finetune.train_ppo_diffusion_agent][INFO] - approx_kl: 0.0, update_epoch: 3, num_batch: 4
[2026-10-09 18:03:34,767][agent.finetune.train_ppo_diffusion_agent][INFO] - approx_kl: 0.0, update_epoch: 3, num_batch: 4
[2026-10-09 18:03:36,879][agent.finetune.train_ppo_diffusion_agent][INFO] - approx_kl: 0.0, update_epoch: 3, num_batch: 4
[2026-10-09 18:03:39,094][agent.finetune.train_ppo_diffusion_agent][INFO] - approx_kl: 0.0, update_epoch: 4, num_batch: 4
[2026-10-09 18:03:41,294][agent.finetune.train_ppo_diffusion_agent][INFO] - approx_kl: 0.0, update_epoch: 4, num_batch: 4
[2026-10-09 18:03:43,592][agent.finetune.train_ppo_diffusion_agent][INFO] - approx_kl: 0.0, update_epoch: 4, num_batch: 4
[2026-10-09 18:03:45,699][agent.finetune.train_ppo_diffusion_agent][INFO] - approx_kl: 0.0, update_epoch: 4, num_batch: 4
[2026-10-09 18:03:54,634][agent.finetune.train_agent][INFO] - Saved model to /soalnas/share/data/zbao7/diffusion_policy/results/stage2_noclip/runs/NC4_lr1e-3_seed1/native/checkpoint/state_35.pt
[2026-10-09 18:03:54,634][agent.finetune.train_ppo_diffusion_agent][INFO] - 35: step  2560000 | loss   0.0453 | pg loss   0.0000 | value loss   0.0906 | bc loss   0.0000 | reward 3588.5929 | eta   1.0000 | t: 65.1296 | kl_true_per_action=0.3623417181143074 | logratio_p99=0.8944943547248831 | clamp_hit_frac=0.0007458333333333334 | actor_step_ratio=1.0 | actor_step_clipfrac=0.0
[2026-10-09 18:04:09,262][agent.finetune.train_ppo_diffusion_agent][INFO] - approx_kl: 0.0, update_epoch: 0, num_batch: 4
[2026-10-09 18:04:11,514][agent.finetune.train_ppo_diffusion_agent][INFO] - approx_kl: 0.0, update_epoch: 0, num_batch: 4
[2026-10-09 18:04:13,848][agent.finetune.train_ppo_diffusion_agent][INFO] - approx_kl: 0.0, update_epoch: 0, num_batch: 4
[2026-10-09 18:04:15,977][agent.finetune.train_ppo_diffusion_agent][INFO] - approx_kl: 0.0, update_epoch: 0, num_batch: 4
[2026-10-09 18:04:18,213][agent.finetune.train_ppo_diffusion_agent][INFO] - approx_kl: 0.0, update_epoch: 1, num_batch: 4
[2026-10-09 18:04:20,545][agent.finetune.train_ppo_diffusion_agent][INFO] - approx_kl: 0.0, update_epoch: 1, num_batch: 4
[2026-10-09 18:04:22,680][agent.finetune.train_ppo_diffusion_agent][INFO] - approx_kl: 0.0, update_epoch: 1, num_batch: 4
[2026-10-09 18:04:24,908][agent.finetune.train_ppo_diffusion_agent][INFO] - approx_kl: 0.0, update_epoch: 1, num_batch: 4
[2026-10-09 18:04:27,135][agent.finetune.train_ppo_diffusion_agent][INFO] - approx_kl: 0.0, update_epoch: 2, num_batch: 4
[2026-10-09 18:04:29,477][agent.finetune.train_ppo_diffusion_agent][INFO] - approx_kl: 0.0, update_epoch: 2, num_batch: 4
[2026-10-09 18:04:31,608][agent.finetune.train_ppo_diffusion_agent][INFO] - approx_kl: 0.0, update_epoch: 2, num_batch: 4
[2026-10-09 18:04:33,838][agent.finetune.train_ppo_diffusion_agent][INFO] - approx_kl: 0.0, update_epoch: 2, num_batch: 4
[2026-10-09 18:04:36,064][agent.finetune.train_ppo_diffusion_agent][INFO] - approx_kl: 0.0, update_epoch: 3, num_batch: 4
[2026-10-09 18:04:38,431][agent.finetune.train_ppo_diffusion_agent][INFO] - approx_kl: 0.0, update_epoch: 3, num_batch: 4
[2026-10-09 18:04:40,564][agent.finetune.train_ppo_diffusion_agent][INFO] - approx_kl: 0.0, update_epoch: 3, num_batch: 4
[2026-10-09 18:04:42,783][agent.finetune.train_ppo_diffusion_agent][INFO] - approx_kl: 0.0, update_epoch: 3, num_batch: 4
[2026-10-09 18:04:45,002][agent.finetune.train_ppo_diffusion_agent][INFO] - approx_kl: 0.0, update_epoch: 4, num_batch: 4
[2026-10-09 18:04:47,338][agent.finetune.train_ppo_diffusion_agent][INFO] - approx_kl: 0.0, update_epoch: 4, num_batch: 4
[2026-10-09 18:04:49,469][agent.finetune.train_ppo_diffusion_agent][INFO] - approx_kl: 0.0, update_epoch: 4, num_batch: 4
[2026-10-09 18:04:51,697][agent.finetune.train_ppo_diffusion_agent][INFO] - approx_kl: 0.0, update_epoch: 4, num_batch: 4
[2026-10-09 18:05:00,641][agent.finetune.train_ppo_diffusion_agent][INFO] - 36: step  2640000 | loss   0.0453 | pg loss  -0.0000 | value loss   0.0906 | bc loss   0.0000 | reward 3643.2118 | eta   1.0000 | t: 66.0068 | kl_true_per_action=0.3386917187726129 | logratio_p99=0.8710966408252712 | clamp_hit_frac=0.0007958333333333333 | actor_step_ratio=1.0 | actor_step_clipfrac=0.0
[2026-10-09 18:05:15,116][agent.finetune.train_ppo_diffusion_agent][INFO] - approx_kl: 0.0, update_epoch: 0, num_batch: 4
[2026-10-09 18:05:17,413][agent.finetune.train_ppo_diffusion_agent][INFO] - approx_kl: 0.0, update_epoch: 0, num_batch: 4
[2026-10-09 18:05:19,528][agent.finetune.train_ppo_diffusion_agent][INFO] - approx_kl: 0.0, update_epoch: 0, num_batch: 4
[2026-10-09 18:05:21,734][agent.finetune.train_ppo_diffusion_agent][INFO] - approx_kl: 0.0, update_epoch: 0, num_batch: 4
[2026-10-09 18:05:23,937][agent.finetune.train_ppo_diffusion_agent][INFO] - approx_kl: 0.0, update_epoch: 1, num_batch: 4
[2026-10-09 18:05:26,225][agent.finetune.train_ppo_diffusion_agent][INFO] - approx_kl: 0.0, update_epoch: 1, num_batch: 4
[2026-10-09 18:05:28,327][agent.finetune.train_ppo_diffusion_agent][INFO] - approx_kl: 0.0, update_epoch: 1, num_batch: 4
[2026-10-09 18:05:30,568][agent.finetune.train_ppo_diffusion_agent][INFO] - approx_kl: 0.0, update_epoch: 1, num_batch: 4
[2026-10-09 18:05:32,781][agent.finetune.train_ppo_diffusion_agent][INFO] - approx_kl: 0.0, update_epoch: 2, num_batch: 4
[2026-10-09 18:05:35,142][agent.finetune.train_ppo_diffusion_agent][INFO] - approx_kl: 0.0, update_epoch: 2, num_batch: 4
[2026-10-09 18:05:37,283][agent.finetune.train_ppo_diffusion_agent][INFO] - approx_kl: 0.0, update_epoch: 2, num_batch: 4
[2026-10-09 18:05:39,482][agent.finetune.train_ppo_diffusion_agent][INFO] - approx_kl: 0.0, update_epoch: 2, num_batch: 4
[2026-10-09 18:05:41,680][agent.finetune.train_ppo_diffusion_agent][INFO] - approx_kl: 0.0, update_epoch: 3, num_batch: 4
[2026-10-09 18:05:43,945][agent.finetune.train_ppo_diffusion_agent][INFO] - approx_kl: 0.0, update_epoch: 3, num_batch: 4
[2026-10-09 18:05:46,059][agent.finetune.train_ppo_diffusion_agent][INFO] - approx_kl: 0.0, update_epoch: 3, num_batch: 4
[2026-10-09 18:05:48,258][agent.finetune.train_ppo_diffusion_agent][INFO] - approx_kl: 0.0, update_epoch: 3, num_batch: 4
[2026-10-09 18:05:50,488][agent.finetune.train_ppo_diffusion_agent][INFO] - approx_kl: 0.0, update_epoch: 4, num_batch: 4
[2026-10-09 18:05:52,801][agent.finetune.train_ppo_diffusion_agent][INFO] - approx_kl: 0.0, update_epoch: 4, num_batch: 4
[2026-10-09 18:05:54,894][agent.finetune.train_ppo_diffusion_agent][INFO] - approx_kl: 0.0, update_epoch: 4, num_batch: 4
[2026-10-09 18:05:57,086][agent.finetune.train_ppo_diffusion_agent][INFO] - approx_kl: 0.0, update_epoch: 4, num_batch: 4
[2026-10-09 18:06:05,885][agent.finetune.train_ppo_diffusion_agent][INFO] - 37: step  2720000 | loss   0.0447 | pg loss   0.0000 | value loss   0.0894 | bc loss   0.0000 | reward 3525.9668 | eta   1.0000 | t: 65.2437 | kl_true_per_action=0.24551558069303173 | logratio_p99=0.7472243535518629 | clamp_hit_frac=0.0008 | actor_step_ratio=1.0 | actor_step_clipfrac=0.0
[2026-10-09 18:06:20,811][agent.finetune.train_ppo_diffusion_agent][INFO] - approx_kl: 0.0, update_epoch: 0, num_batch: 4
[2026-10-09 18:06:23,132][agent.finetune.train_ppo_diffusion_agent][INFO] - approx_kl: 0.0, update_epoch: 0, num_batch: 4
[2026-10-09 18:06:25,238][agent.finetune.train_ppo_diffusion_agent][INFO] - approx_kl: 0.0, update_epoch: 0, num_batch: 4
[2026-10-09 18:06:27,451][agent.finetune.train_ppo_diffusion_agent][INFO] - approx_kl: 0.0, update_epoch: 0, num_batch: 4
[2026-10-09 18:06:29,669][agent.finetune.train_ppo_diffusion_agent][INFO] - approx_kl: 0.0, update_epoch: 1, num_batch: 4
[2026-10-09 18:06:31,989][agent.finetune.train_ppo_diffusion_agent][INFO] - approx_kl: 0.0, update_epoch: 1, num_batch: 4
[2026-10-09 18:06:34,111][agent.finetune.train_ppo_diffusion_agent][INFO] - approx_kl: 0.0, update_epoch: 1, num_batch: 4
[2026-10-09 18:06:36,338][agent.finetune.train_ppo_diffusion_agent][INFO] - approx_kl: 0.0, update_epoch: 1, num_batch: 4
[2026-10-09 18:06:38,557][agent.finetune.train_ppo_diffusion_agent][INFO] - approx_kl: 0.0, update_epoch: 2, num_batch: 4
[2026-10-09 18:06:40,872][agent.finetune.train_ppo_diffusion_agent][INFO] - approx_kl: 0.0, update_epoch: 2, num_batch: 4
[2026-10-09 18:06:42,999][agent.finetune.train_ppo_diffusion_agent][INFO] - approx_kl: 0.0, update_epoch: 2, num_batch: 4
[2026-10-09 18:06:45,218][agent.finetune.train_ppo_diffusion_agent][INFO] - approx_kl: 0.0, update_epoch: 2, num_batch: 4
[2026-10-09 18:06:47,433][agent.finetune.train_ppo_diffusion_agent][INFO] - approx_kl: 0.0, update_epoch: 3, num_batch: 4
[2026-10-09 18:06:49,743][agent.finetune.train_ppo_diffusion_agent][INFO] - approx_kl: 0.0, update_epoch: 3, num_batch: 4
[2026-10-09 18:06:51,880][agent.finetune.train_ppo_diffusion_agent][INFO] - approx_kl: 0.0, update_epoch: 3, num_batch: 4
[2026-10-09 18:06:54,113][agent.finetune.train_ppo_diffusion_agent][INFO] - approx_kl: 0.0, update_epoch: 3, num_batch: 4
[2026-10-09 18:06:56,348][agent.finetune.train_ppo_diffusion_agent][INFO] - approx_kl: 0.0, update_epoch: 4, num_batch: 4
[2026-10-09 18:06:58,683][agent.finetune.train_ppo_diffusion_agent][INFO] - approx_kl: 0.0, update_epoch: 4, num_batch: 4
[2026-10-09 18:07:00,817][agent.finetune.train_ppo_diffusion_agent][INFO] - approx_kl: 0.0, update_epoch: 4, num_batch: 4
[2026-10-09 18:07:03,058][agent.finetune.train_ppo_diffusion_agent][INFO] - approx_kl: 0.0, update_epoch: 4, num_batch: 4
[2026-10-09 18:07:12,130][agent.finetune.train_ppo_diffusion_agent][INFO] - 38: step  2800000 | loss   0.0435 | pg loss   0.0000 | value loss   0.0870 | bc loss   0.0000 | reward 3473.4136 | eta   1.0000 | t: 66.2450 | kl_true_per_action=0.2607135380663478 | logratio_p99=0.7804451119899745 | clamp_hit_frac=0.0007666666666666667 | actor_step_ratio=1.0 | actor_step_clipfrac=0.0
[2026-10-09 18:07:27,734][agent.finetune.train_ppo_diffusion_agent][INFO] - approx_kl: 0.0, update_epoch: 0, num_batch: 4
[2026-10-09 18:07:30,075][agent.finetune.train_ppo_diffusion_agent][INFO] - approx_kl: 0.0, update_epoch: 0, num_batch: 4
[2026-10-09 18:07:32,190][agent.finetune.train_ppo_diffusion_agent][INFO] - approx_kl: 0.0, update_epoch: 0, num_batch: 4
[2026-10-09 18:07:34,489][agent.finetune.train_ppo_diffusion_agent][INFO] - approx_kl: 0.0, update_epoch: 0, num_batch: 4
[2026-10-09 18:07:36,757][agent.finetune.train_ppo_diffusion_agent][INFO] - approx_kl: 0.0, update_epoch: 1, num_batch: 4
[2026-10-09 18:07:39,102][agent.finetune.train_ppo_diffusion_agent][INFO] - approx_kl: 0.0, update_epoch: 1, num_batch: 4
[2026-10-09 18:07:41,235][agent.finetune.train_ppo_diffusion_agent][INFO] - approx_kl: 0.0, update_epoch: 1, num_batch: 4
[2026-10-09 18:07:43,488][agent.finetune.train_ppo_diffusion_agent][INFO] - approx_kl: 0.0, update_epoch: 1, num_batch: 4
[2026-10-09 18:07:45,731][agent.finetune.train_ppo_diffusion_agent][INFO] - approx_kl: 0.0, update_epoch: 2, num_batch: 4
[2026-10-09 18:07:48,085][agent.finetune.train_ppo_diffusion_agent][INFO] - approx_kl: 0.0, update_epoch: 2, num_batch: 4
[2026-10-09 18:07:50,207][agent.finetune.train_ppo_diffusion_agent][INFO] - approx_kl: 0.0, update_epoch: 2, num_batch: 4
[2026-10-09 18:07:52,444][agent.finetune.train_ppo_diffusion_agent][INFO] - approx_kl: 0.0, update_epoch: 2, num_batch: 4
[2026-10-09 18:07:54,715][agent.finetune.train_ppo_diffusion_agent][INFO] - approx_kl: 0.0, update_epoch: 3, num_batch: 4
[2026-10-09 18:07:57,079][agent.finetune.train_ppo_diffusion_agent][INFO] - approx_kl: 0.0, update_epoch: 3, num_batch: 4
[2026-10-09 18:07:59,212][agent.finetune.train_ppo_diffusion_agent][INFO] - approx_kl: 0.0, update_epoch: 3, num_batch: 4
[2026-10-09 18:08:01,439][agent.finetune.train_ppo_diffusion_agent][INFO] - approx_kl: 0.0, update_epoch: 3, num_batch: 4
[2026-10-09 18:08:03,705][agent.finetune.train_ppo_diffusion_agent][INFO] - approx_kl: 0.0, update_epoch: 4, num_batch: 4
[2026-10-09 18:08:06,092][agent.finetune.train_ppo_diffusion_agent][INFO] - approx_kl: 0.0, update_epoch: 4, num_batch: 4
[2026-10-09 18:08:08,241][agent.finetune.train_ppo_diffusion_agent][INFO] - approx_kl: 0.0, update_epoch: 4, num_batch: 4
[2026-10-09 18:08:10,498][agent.finetune.train_ppo_diffusion_agent][INFO] - approx_kl: 0.0, update_epoch: 4, num_batch: 4
[2026-10-09 18:08:19,558][agent.finetune.train_ppo_diffusion_agent][INFO] - 39: step  2880000 | loss   0.0426 | pg loss   0.0000 | value loss   0.0852 | bc loss   0.0000 | reward 3494.9856 | eta   1.0000 | t: 67.4279 | kl_true_per_action=0.2453884248436216 | logratio_p99=0.755616899728775 | clamp_hit_frac=0.0007583333333333333 | actor_step_ratio=1.0 | actor_step_clipfrac=0.0
[2026-10-09 18:08:32,897][agent.finetune.train_ppo_diffusion_agent][INFO] - eval: success rate   1.0000 | avg episode reward 3652.0573 | avg best reward   5.5105
[2026-10-09 18:08:48,675][agent.finetune.train_ppo_diffusion_agent][INFO] - approx_kl: 0.0, update_epoch: 0, num_batch: 4
[2026-10-09 18:08:50,816][agent.finetune.train_ppo_diffusion_agent][INFO] - approx_kl: 0.0, update_epoch: 0, num_batch: 4
[2026-10-09 18:08:53,033][agent.finetune.train_ppo_diffusion_agent][INFO] - approx_kl: 0.0, update_epoch: 0, num_batch: 4
[2026-10-09 18:08:55,246][agent.finetune.train_ppo_diffusion_agent][INFO] - approx_kl: 0.0, update_epoch: 0, num_batch: 4
[2026-10-09 18:08:57,604][agent.finetune.train_ppo_diffusion_agent][INFO] - approx_kl: 0.0, update_epoch: 1, num_batch: 4
[2026-10-09 18:08:59,743][agent.finetune.train_ppo_diffusion_agent][INFO] - approx_kl: 0.0, update_epoch: 1, num_batch: 4
[2026-10-09 18:09:01,966][agent.finetune.train_ppo_diffusion_agent][INFO] - approx_kl: 0.0, update_epoch: 1, num_batch: 4
[2026-10-09 18:09:04,180][agent.finetune.train_ppo_diffusion_agent][INFO] - approx_kl: 0.0, update_epoch: 1, num_batch: 4
[2026-10-09 18:09:06,512][agent.finetune.train_ppo_diffusion_agent][INFO] - approx_kl: 0.0, update_epoch: 2, num_batch: 4
[2026-10-09 18:09:08,633][agent.finetune.train_ppo_diffusion_agent][INFO] - approx_kl: 0.0, update_epoch: 2, num_batch: 4
[2026-10-09 18:09:10,842][agent.finetune.train_ppo_diffusion_agent][INFO] - approx_kl: 0.0, update_epoch: 2, num_batch: 4
[2026-10-09 18:09:13,081][agent.finetune.train_ppo_diffusion_agent][INFO] - approx_kl: 0.0, update_epoch: 2, num_batch: 4
[2026-10-09 18:09:15,439][agent.finetune.train_ppo_diffusion_agent][INFO] - approx_kl: 0.0, update_epoch: 3, num_batch: 4
[2026-10-09 18:09:17,584][agent.finetune.train_ppo_diffusion_agent][INFO] - approx_kl: 0.0, update_epoch: 3, num_batch: 4
[2026-10-09 18:09:19,788][agent.finetune.train_ppo_diffusion_agent][INFO] - approx_kl: 0.0, update_epoch: 3, num_batch: 4
[2026-10-09 18:09:21,988][agent.finetune.train_ppo_diffusion_agent][INFO] - approx_kl: 0.0, update_epoch: 3, num_batch: 4
[2026-10-09 18:09:24,309][agent.finetune.train_ppo_diffusion_agent][INFO] - approx_kl: 0.0, update_epoch: 4, num_batch: 4
[2026-10-09 18:09:26,398][agent.finetune.train_ppo_diffusion_agent][INFO] - approx_kl: 0.0, update_epoch: 4, num_batch: 4
[2026-10-09 18:09:28,632][agent.finetune.train_ppo_diffusion_agent][INFO] - approx_kl: 0.0, update_epoch: 4, num_batch: 4
[2026-10-09 18:09:30,816][agent.finetune.train_ppo_diffusion_agent][INFO] - approx_kl: 0.0, update_epoch: 4, num_batch: 4
[2026-10-09 18:09:39,682][agent.finetune.train_ppo_diffusion_agent][INFO] - 41: step  2960000 | loss   0.0424 | pg loss   0.0000 | value loss   0.0848 | bc loss   0.0000 | reward 3524.7857 | eta   1.0000 | t: 66.7846 | kl_true_per_action=0.216185697078131 | logratio_p99=0.7011114299297327 | clamp_hit_frac=0.0008041666666666667 | actor_step_ratio=1.0 | actor_step_clipfrac=0.0
[2026-10-09 18:09:55,127][agent.finetune.train_ppo_diffusion_agent][INFO] - approx_kl: 0.0, update_epoch: 0, num_batch: 4
[2026-10-09 18:09:57,231][agent.finetune.train_ppo_diffusion_agent][INFO] - approx_kl: 0.0, update_epoch: 0, num_batch: 4
[2026-10-09 18:09:59,429][agent.finetune.train_ppo_diffusion_agent][INFO] - approx_kl: 0.0, update_epoch: 0, num_batch: 4
[2026-10-09 18:10:01,623][agent.finetune.train_ppo_diffusion_agent][INFO] - approx_kl: 0.0, update_epoch: 0, num_batch: 4
[2026-10-09 18:10:03,909][agent.finetune.train_ppo_diffusion_agent][INFO] - approx_kl: 0.0, update_epoch: 1, num_batch: 4
[2026-10-09 18:10:06,003][agent.finetune.train_ppo_diffusion_agent][INFO] - approx_kl: 0.0, update_epoch: 1, num_batch: 4
[2026-10-09 18:10:08,201][agent.finetune.train_ppo_diffusion_agent][INFO] - approx_kl: 0.0, update_epoch: 1, num_batch: 4
[2026-10-09 18:10:10,392][agent.finetune.train_ppo_diffusion_agent][INFO] - approx_kl: 0.0, update_epoch: 1, num_batch: 4
[2026-10-09 18:10:12,680][agent.finetune.train_ppo_diffusion_agent][INFO] - approx_kl: 0.0, update_epoch: 2, num_batch: 4
[2026-10-09 18:10:14,775][agent.finetune.train_ppo_diffusion_agent][INFO] - approx_kl: 0.0, update_epoch: 2, num_batch: 4
[2026-10-09 18:10:16,973][agent.finetune.train_ppo_diffusion_agent][INFO] - approx_kl: 0.0, update_epoch: 2, num_batch: 4
[2026-10-09 18:10:19,176][agent.finetune.train_ppo_diffusion_agent][INFO] - approx_kl: 0.0, update_epoch: 2, num_batch: 4
[2026-10-09 18:10:21,466][agent.finetune.train_ppo_diffusion_agent][INFO] - approx_kl: 0.0, update_epoch: 3, num_batch: 4
[2026-10-09 18:10:23,566][agent.finetune.train_ppo_diffusion_agent][INFO] - approx_kl: 0.0, update_epoch: 3, num_batch: 4
[2026-10-09 18:10:25,751][agent.finetune.train_ppo_diffusion_agent][INFO] - approx_kl: 0.0, update_epoch: 3, num_batch: 4
[2026-10-09 18:10:27,938][agent.finetune.train_ppo_diffusion_agent][INFO] - approx_kl: 0.0, update_epoch: 3, num_batch: 4
[2026-10-09 18:10:30,226][agent.finetune.train_ppo_diffusion_agent][INFO] - approx_kl: 0.0, update_epoch: 4, num_batch: 4
[2026-10-09 18:10:32,321][agent.finetune.train_ppo_diffusion_agent][INFO] - approx_kl: 0.0, update_epoch: 4, num_batch: 4
[2026-10-09 18:10:34,508][agent.finetune.train_ppo_diffusion_agent][INFO] - approx_kl: 0.0, update_epoch: 4, num_batch: 4
[2026-10-09 18:10:36,697][agent.finetune.train_ppo_diffusion_agent][INFO] - approx_kl: 0.0, update_epoch: 4, num_batch: 4
[2026-10-09 18:10:45,527][agent.finetune.train_ppo_diffusion_agent][INFO] - 42: step  3040000 | loss   0.0428 | pg loss  -0.0000 | value loss   0.0857 | bc loss   0.0000 | reward 3564.5665 | eta   1.0000 | t: 65.8459 | kl_true_per_action=0.31156208690789505 | logratio_p99=0.8502850389480583 | clamp_hit_frac=0.00081875 | actor_step_ratio=1.0 | actor_step_clipfrac=0.0
[2026-10-09 18:11:01,012][agent.finetune.train_ppo_diffusion_agent][INFO] - approx_kl: 0.0, update_epoch: 0, num_batch: 4
[2026-10-09 18:11:03,110][agent.finetune.train_ppo_diffusion_agent][INFO] - approx_kl: 0.0, update_epoch: 0, num_batch: 4
[2026-10-09 18:11:05,322][agent.finetune.train_ppo_diffusion_agent][INFO] - approx_kl: 0.0, update_epoch: 0, num_batch: 4
[2026-10-09 18:11:07,610][agent.finetune.train_ppo_diffusion_agent][INFO] - approx_kl: 0.0, update_epoch: 0, num_batch: 4
[2026-10-09 18:11:09,693][agent.finetune.train_ppo_diffusion_agent][INFO] - approx_kl: 0.0, update_epoch: 1, num_batch: 4
[2026-10-09 18:11:11,893][agent.finetune.train_ppo_diffusion_agent][INFO] - approx_kl: 0.0, update_epoch: 1, num_batch: 4
[2026-10-09 18:11:14,077][agent.finetune.train_ppo_diffusion_agent][INFO] - approx_kl: 0.0, update_epoch: 1, num_batch: 4
[2026-10-09 18:11:16,347][agent.finetune.train_ppo_diffusion_agent][INFO] - approx_kl: 0.0, update_epoch: 1, num_batch: 4
[2026-10-09 18:11:18,429][agent.finetune.train_ppo_diffusion_agent][INFO] - approx_kl: 0.0, update_epoch: 2, num_batch: 4
[2026-10-09 18:11:20,610][agent.finetune.train_ppo_diffusion_agent][INFO] - approx_kl: 0.0, update_epoch: 2, num_batch: 4
[2026-10-09 18:11:22,787][agent.finetune.train_ppo_diffusion_agent][INFO] - approx_kl: 0.0, update_epoch: 2, num_batch: 4
[2026-10-09 18:11:25,065][agent.finetune.train_ppo_diffusion_agent][INFO] - approx_kl: 0.0, update_epoch: 2, num_batch: 4
[2026-10-09 18:11:27,152][agent.finetune.train_ppo_diffusion_agent][INFO] - approx_kl: 0.0, update_epoch: 3, num_batch: 4
[2026-10-09 18:11:29,338][agent.finetune.train_ppo_diffusion_agent][INFO] - approx_kl: 0.0, update_epoch: 3, num_batch: 4
[2026-10-09 18:11:31,522][agent.finetune.train_ppo_diffusion_agent][INFO] - approx_kl: 0.0, update_epoch: 3, num_batch: 4
[2026-10-09 18:11:33,828][agent.finetune.train_ppo_diffusion_agent][INFO] - approx_kl: 0.0, update_epoch: 3, num_batch: 4
[2026-10-09 18:11:35,956][agent.finetune.train_ppo_diffusion_agent][INFO] - approx_kl: 0.0, update_epoch: 4, num_batch: 4
[2026-10-09 18:11:38,199][agent.finetune.train_ppo_diffusion_agent][INFO] - approx_kl: 0.0, update_epoch: 4, num_batch: 4
[2026-10-09 18:11:40,411][agent.finetune.train_ppo_diffusion_agent][INFO] - approx_kl: 0.0, update_epoch: 4, num_batch: 4
[2026-10-09 18:11:42,721][agent.finetune.train_ppo_diffusion_agent][INFO] - approx_kl: 0.0, update_epoch: 4, num_batch: 4
[2026-10-09 18:11:51,540][agent.finetune.train_ppo_diffusion_agent][INFO] - 43: step  3120000 | loss   0.0429 | pg loss   0.0000 | value loss   0.0859 | bc loss   0.0000 | reward 3451.7347 | eta   1.0000 | t: 66.0121 | kl_true_per_action=0.2648007643672421 | logratio_p99=0.7668253886699669 | clamp_hit_frac=0.0007895833333333333 | actor_step_ratio=1.0 | actor_step_clipfrac=0.0
[2026-10-09 18:12:06,035][agent.finetune.train_ppo_diffusion_agent][INFO] - approx_kl: 0.0, update_epoch: 0, num_batch: 4
[2026-10-09 18:12:08,238][agent.finetune.train_ppo_diffusion_agent][INFO] - approx_kl: 0.0, update_epoch: 0, num_batch: 4
[2026-10-09 18:12:10,444][agent.finetune.train_ppo_diffusion_agent][INFO] - approx_kl: 0.0, update_epoch: 0, num_batch: 4
[2026-10-09 18:12:12,774][agent.finetune.train_ppo_diffusion_agent][INFO] - approx_kl: 0.0, update_epoch: 0, num_batch: 4
[2026-10-09 18:12:14,875][agent.finetune.train_ppo_diffusion_agent][INFO] - approx_kl: 0.0, update_epoch: 1, num_batch: 4
[2026-10-09 18:12:17,072][agent.finetune.train_ppo_diffusion_agent][INFO] - approx_kl: 0.0, update_epoch: 1, num_batch: 4
[2026-10-09 18:12:19,267][agent.finetune.train_ppo_diffusion_agent][INFO] - approx_kl: 0.0, update_epoch: 1, num_batch: 4
[2026-10-09 18:12:21,560][agent.finetune.train_ppo_diffusion_agent][INFO] - approx_kl: 0.0, update_epoch: 1, num_batch: 4
[2026-10-09 18:12:23,661][agent.finetune.train_ppo_diffusion_agent][INFO] - approx_kl: 0.0, update_epoch: 2, num_batch: 4
[2026-10-09 18:12:25,854][agent.finetune.train_ppo_diffusion_agent][INFO] - approx_kl: 0.0, update_epoch: 2, num_batch: 4
[2026-10-09 18:12:28,041][agent.finetune.train_ppo_diffusion_agent][INFO] - approx_kl: 0.0, update_epoch: 2, num_batch: 4
[2026-10-09 18:12:30,331][agent.finetune.train_ppo_diffusion_agent][INFO] - approx_kl: 0.0, update_epoch: 2, num_batch: 4
[2026-10-09 18:12:32,432][agent.finetune.train_ppo_diffusion_agent][INFO] - approx_kl: 0.0, update_epoch: 3, num_batch: 4
[2026-10-09 18:12:34,629][agent.finetune.train_ppo_diffusion_agent][INFO] - approx_kl: 0.0, update_epoch: 3, num_batch: 4
[2026-10-09 18:12:36,839][agent.finetune.train_ppo_diffusion_agent][INFO] - approx_kl: 0.0, update_epoch: 3, num_batch: 4
[2026-10-09 18:12:39,133][agent.finetune.train_ppo_diffusion_agent][INFO] - approx_kl: 0.0, update_epoch: 3, num_batch: 4
[2026-10-09 18:12:41,227][agent.finetune.train_ppo_diffusion_agent][INFO] - approx_kl: 0.0, update_epoch: 4, num_batch: 4
[2026-10-09 18:12:43,427][agent.finetune.train_ppo_diffusion_agent][INFO] - approx_kl: 0.0, update_epoch: 4, num_batch: 4
[2026-10-09 18:12:45,637][agent.finetune.train_ppo_diffusion_agent][INFO] - approx_kl: 0.0, update_epoch: 4, num_batch: 4
[2026-10-09 18:12:47,935][agent.finetune.train_ppo_diffusion_agent][INFO] - approx_kl: 0.0, update_epoch: 4, num_batch: 4
[2026-10-09 18:12:56,786][agent.finetune.train_ppo_diffusion_agent][INFO] - 44: step  3200000 | loss   0.0434 | pg loss   0.0000 | value loss   0.0868 | bc loss   0.0000 | reward 3583.9073 | eta   1.0000 | t: 65.2465 | kl_true_per_action=0.33482316734956746 | logratio_p99=0.8516938829421983 | clamp_hit_frac=0.0008229166666666667 | actor_step_ratio=1.0 | actor_step_clipfrac=0.0
[2026-10-09 18:13:11,202][agent.finetune.train_ppo_diffusion_agent][INFO] - approx_kl: 0.0, update_epoch: 0, num_batch: 4
[2026-10-09 18:13:13,386][agent.finetune.train_ppo_diffusion_agent][INFO] - approx_kl: 0.0, update_epoch: 0, num_batch: 4
[2026-10-09 18:13:15,570][agent.finetune.train_ppo_diffusion_agent][INFO] - approx_kl: 0.0, update_epoch: 0, num_batch: 4
[2026-10-09 18:13:17,850][agent.finetune.train_ppo_diffusion_agent][INFO] - approx_kl: 0.0, update_epoch: 0, num_batch: 4
[2026-10-09 18:13:19,936][agent.finetune.train_ppo_diffusion_agent][INFO] - approx_kl: 0.0, update_epoch: 1, num_batch: 4
[2026-10-09 18:13:22,113][agent.finetune.train_ppo_diffusion_agent][INFO] - approx_kl: 0.0, update_epoch: 1, num_batch: 4
[2026-10-09 18:13:24,300][agent.finetune.train_ppo_diffusion_agent][INFO] - approx_kl: 0.0, update_epoch: 1, num_batch: 4
[2026-10-09 18:13:26,584][agent.finetune.train_ppo_diffusion_agent][INFO] - approx_kl: 0.0, update_epoch: 1, num_batch: 4
[2026-10-09 18:13:28,682][agent.finetune.train_ppo_diffusion_agent][INFO] - approx_kl: 0.0, update_epoch: 2, num_batch: 4
[2026-10-09 18:13:30,885][agent.finetune.train_ppo_diffusion_agent][INFO] - approx_kl: 0.0, update_epoch: 2, num_batch: 4
[2026-10-09 18:13:33,086][agent.finetune.train_ppo_diffusion_agent][INFO] - approx_kl: 0.0, update_epoch: 2, num_batch: 4
[2026-10-09 18:13:35,407][agent.finetune.train_ppo_diffusion_agent][INFO] - approx_kl: 0.0, update_epoch: 2, num_batch: 4
[2026-10-09 18:13:37,509][agent.finetune.train_ppo_diffusion_agent][INFO] - approx_kl: 0.0, update_epoch: 3, num_batch: 4
[2026-10-09 18:13:39,705][agent.finetune.train_ppo_diffusion_agent][INFO] - approx_kl: 0.0, update_epoch: 3, num_batch: 4
[2026-10-09 18:13:41,895][agent.finetune.train_ppo_diffusion_agent][INFO] - approx_kl: 0.0, update_epoch: 3, num_batch: 4
[2026-10-09 18:13:44,220][agent.finetune.train_ppo_diffusion_agent][INFO] - approx_kl: 0.0, update_epoch: 3, num_batch: 4
[2026-10-09 18:13:46,323][agent.finetune.train_ppo_diffusion_agent][INFO] - approx_kl: 0.0, update_epoch: 4, num_batch: 4
[2026-10-09 18:13:48,525][agent.finetune.train_ppo_diffusion_agent][INFO] - approx_kl: 0.0, update_epoch: 4, num_batch: 4
[2026-10-09 18:13:50,730][agent.finetune.train_ppo_diffusion_agent][INFO] - approx_kl: 0.0, update_epoch: 4, num_batch: 4
[2026-10-09 18:13:53,033][agent.finetune.train_ppo_diffusion_agent][INFO] - approx_kl: 0.0, update_epoch: 4, num_batch: 4
[2026-10-09 18:14:01,977][agent.finetune.train_ppo_diffusion_agent][INFO] - 45: step  3280000 | loss   0.0426 | pg loss  -0.0000 | value loss   0.0853 | bc loss   0.0000 | reward 3528.2801 | eta   1.0000 | t: 65.1910 | kl_true_per_action=0.39090341641850557 | logratio_p99=0.9199265062808988 | clamp_hit_frac=0.0007958333333333333 | actor_step_ratio=1.0 | actor_step_clipfrac=0.0
[2026-10-09 18:14:16,514][agent.finetune.train_ppo_diffusion_agent][INFO] - approx_kl: 0.0, update_epoch: 0, num_batch: 4
[2026-10-09 18:14:18,733][agent.finetune.train_ppo_diffusion_agent][INFO] - approx_kl: 0.0, update_epoch: 0, num_batch: 4
[2026-10-09 18:14:20,948][agent.finetune.train_ppo_diffusion_agent][INFO] - approx_kl: 0.0, update_epoch: 0, num_batch: 4
[2026-10-09 18:14:23,264][agent.finetune.train_ppo_diffusion_agent][INFO] - approx_kl: 0.0, update_epoch: 0, num_batch: 4
[2026-10-09 18:14:25,386][agent.finetune.train_ppo_diffusion_agent][INFO] - approx_kl: 0.0, update_epoch: 1, num_batch: 4
[2026-10-09 18:14:27,605][agent.finetune.train_ppo_diffusion_agent][INFO] - approx_kl: 0.0, update_epoch: 1, num_batch: 4
[2026-10-09 18:14:29,811][agent.finetune.train_ppo_diffusion_agent][INFO] - approx_kl: 0.0, update_epoch: 1, num_batch: 4
[2026-10-09 18:14:32,126][agent.finetune.train_ppo_diffusion_agent][INFO] - approx_kl: 0.0, update_epoch: 1, num_batch: 4
[2026-10-09 18:14:34,241][agent.finetune.train_ppo_diffusion_agent][INFO] - approx_kl: 0.0, update_epoch: 2, num_batch: 4
[2026-10-09 18:14:36,465][agent.finetune.train_ppo_diffusion_agent][INFO] - approx_kl: 0.0, update_epoch: 2, num_batch: 4
[2026-10-09 18:14:38,673][agent.finetune.train_ppo_diffusion_agent][INFO] - approx_kl: 0.0, update_epoch: 2, num_batch: 4
[2026-10-09 18:14:40,978][agent.finetune.train_ppo_diffusion_agent][INFO] - approx_kl: 0.0, update_epoch: 2, num_batch: 4
[2026-10-09 18:14:43,086][agent.finetune.train_ppo_diffusion_agent][INFO] - approx_kl: 0.0, update_epoch: 3, num_batch: 4
[2026-10-09 18:14:45,302][agent.finetune.train_ppo_diffusion_agent][INFO] - approx_kl: 0.0, update_epoch: 3, num_batch: 4
[2026-10-09 18:14:47,528][agent.finetune.train_ppo_diffusion_agent][INFO] - approx_kl: 0.0, update_epoch: 3, num_batch: 4
[2026-10-09 18:14:49,844][agent.finetune.train_ppo_diffusion_agent][INFO] - approx_kl: 0.0, update_epoch: 3, num_batch: 4
[2026-10-09 18:14:51,956][agent.finetune.train_ppo_diffusion_agent][INFO] - approx_kl: 0.0, update_epoch: 4, num_batch: 4
[2026-10-09 18:14:54,164][agent.finetune.train_ppo_diffusion_agent][INFO] - approx_kl: 0.0, update_epoch: 4, num_batch: 4
[2026-10-09 18:14:56,372][agent.finetune.train_ppo_diffusion_agent][INFO] - approx_kl: 0.0, update_epoch: 4, num_batch: 4
[2026-10-09 18:14:58,696][agent.finetune.train_ppo_diffusion_agent][INFO] - approx_kl: 0.0, update_epoch: 4, num_batch: 4
[2026-10-09 18:15:07,591][agent.finetune.train_ppo_diffusion_agent][INFO] - 46: step  3360000 | loss   0.0450 | pg loss   0.0000 | value loss   0.0900 | bc loss   0.0000 | reward 3520.4312 | eta   1.0000 | t: 65.6141 | kl_true_per_action=0.3772483907359673 | logratio_p99=0.908423107862472 | clamp_hit_frac=0.0008458333333333333 | actor_step_ratio=1.0 | actor_step_clipfrac=0.0
[2026-10-09 18:15:22,155][agent.finetune.train_ppo_diffusion_agent][INFO] - approx_kl: 0.0, update_epoch: 0, num_batch: 4
[2026-10-09 18:15:24,347][agent.finetune.train_ppo_diffusion_agent][INFO] - approx_kl: 0.0, update_epoch: 0, num_batch: 4
[2026-10-09 18:15:26,646][agent.finetune.train_ppo_diffusion_agent][INFO] - approx_kl: 0.0, update_epoch: 0, num_batch: 4
[2026-10-09 18:15:28,746][agent.finetune.train_ppo_diffusion_agent][INFO] - approx_kl: 0.0, update_epoch: 0, num_batch: 4
[2026-10-09 18:15:30,944][agent.finetune.train_ppo_diffusion_agent][INFO] - approx_kl: 0.0, update_epoch: 1, num_batch: 4
[2026-10-09 18:15:33,137][agent.finetune.train_ppo_diffusion_agent][INFO] - approx_kl: 0.0, update_epoch: 1, num_batch: 4
[2026-10-09 18:15:35,450][agent.finetune.train_ppo_diffusion_agent][INFO] - approx_kl: 0.0, update_epoch: 1, num_batch: 4
[2026-10-09 18:15:37,560][agent.finetune.train_ppo_diffusion_agent][INFO] - approx_kl: 0.0, update_epoch: 1, num_batch: 4
[2026-10-09 18:15:39,769][agent.finetune.train_ppo_diffusion_agent][INFO] - approx_kl: 0.0, update_epoch: 2, num_batch: 4
[2026-10-09 18:15:41,964][agent.finetune.train_ppo_diffusion_agent][INFO] - approx_kl: 0.0, update_epoch: 2, num_batch: 4
[2026-10-09 18:15:44,270][agent.finetune.train_ppo_diffusion_agent][INFO] - approx_kl: 0.0, update_epoch: 2, num_batch: 4
[2026-10-09 18:15:46,382][agent.finetune.train_ppo_diffusion_agent][INFO] - approx_kl: 0.0, update_epoch: 2, num_batch: 4
[2026-10-09 18:15:48,600][agent.finetune.train_ppo_diffusion_agent][INFO] - approx_kl: 0.0, update_epoch: 3, num_batch: 4
[2026-10-09 18:15:50,790][agent.finetune.train_ppo_diffusion_agent][INFO] - approx_kl: 0.0, update_epoch: 3, num_batch: 4
[2026-10-09 18:15:53,086][agent.finetune.train_ppo_diffusion_agent][INFO] - approx_kl: 0.0, update_epoch: 3, num_batch: 4
[2026-10-09 18:15:55,188][agent.finetune.train_ppo_diffusion_agent][INFO] - approx_kl: 0.0, update_epoch: 3, num_batch: 4
[2026-10-09 18:15:57,383][agent.finetune.train_ppo_diffusion_agent][INFO] - approx_kl: 0.0, update_epoch: 4, num_batch: 4
[2026-10-09 18:15:59,513][agent.finetune.train_ppo_diffusion_agent][INFO] - approx_kl: 0.0, update_epoch: 4, num_batch: 4
[2026-10-09 18:16:01,832][agent.finetune.train_ppo_diffusion_agent][INFO] - approx_kl: 0.0, update_epoch: 4, num_batch: 4
[2026-10-09 18:16:03,948][agent.finetune.train_ppo_diffusion_agent][INFO] - approx_kl: 0.0, update_epoch: 4, num_batch: 4
[2026-10-09 18:16:12,803][agent.finetune.train_ppo_diffusion_agent][INFO] - 47: step  3440000 | loss   0.0455 | pg loss  -0.0000 | value loss   0.0910 | bc loss   0.0000 | reward 3572.6352 | eta   1.0000 | t: 65.2120 | kl_true_per_action=0.3520946672667078 | logratio_p99=0.8840603280067431 | clamp_hit_frac=0.0007979166666666667 | actor_step_ratio=1.0 | actor_step_clipfrac=0.0
[2026-10-09 18:16:27,590][agent.finetune.train_ppo_diffusion_agent][INFO] - approx_kl: 0.0, update_epoch: 0, num_batch: 4
[2026-10-09 18:16:29,715][agent.finetune.train_ppo_diffusion_agent][INFO] - approx_kl: 0.0, update_epoch: 0, num_batch: 4
[2026-10-09 18:16:31,953][agent.finetune.train_ppo_diffusion_agent][INFO] - approx_kl: 0.0, update_epoch: 0, num_batch: 4
[2026-10-09 18:16:34,064][agent.finetune.train_ppo_diffusion_agent][INFO] - approx_kl: 0.0, update_epoch: 0, num_batch: 4
[2026-10-09 18:16:36,256][agent.finetune.train_ppo_diffusion_agent][INFO] - approx_kl: 0.0, update_epoch: 1, num_batch: 4
[2026-10-09 18:16:38,468][agent.finetune.train_ppo_diffusion_agent][INFO] - approx_kl: 0.0, update_epoch: 1, num_batch: 4
[2026-10-09 18:16:40,797][agent.finetune.train_ppo_diffusion_agent][INFO] - approx_kl: 0.0, update_epoch: 1, num_batch: 4
[2026-10-09 18:16:42,891][agent.finetune.train_ppo_diffusion_agent][INFO] - approx_kl: 0.0, update_epoch: 1, num_batch: 4
[2026-10-09 18:16:45,091][agent.finetune.train_ppo_diffusion_agent][INFO] - approx_kl: 0.0, update_epoch: 2, num_batch: 4
[2026-10-09 18:16:47,277][agent.finetune.train_ppo_diffusion_agent][INFO] - approx_kl: 0.0, update_epoch: 2, num_batch: 4
[2026-10-09 18:16:49,566][agent.finetune.train_ppo_diffusion_agent][INFO] - approx_kl: 0.0, update_epoch: 2, num_batch: 4
[2026-10-09 18:16:51,667][agent.finetune.train_ppo_diffusion_agent][INFO] - approx_kl: 0.0, update_epoch: 2, num_batch: 4
[2026-10-09 18:16:53,860][agent.finetune.train_ppo_diffusion_agent][INFO] - approx_kl: 0.0, update_epoch: 3, num_batch: 4
[2026-10-09 18:16:56,045][agent.finetune.train_ppo_diffusion_agent][INFO] - approx_kl: 0.0, update_epoch: 3, num_batch: 4
[2026-10-09 18:16:58,367][agent.finetune.train_ppo_diffusion_agent][INFO] - approx_kl: 0.0, update_epoch: 3, num_batch: 4
[2026-10-09 18:17:00,483][agent.finetune.train_ppo_diffusion_agent][INFO] - approx_kl: 0.0, update_epoch: 3, num_batch: 4
[2026-10-09 18:17:02,689][agent.finetune.train_ppo_diffusion_agent][INFO] - approx_kl: 0.0, update_epoch: 4, num_batch: 4
[2026-10-09 18:17:04,913][agent.finetune.train_ppo_diffusion_agent][INFO] - approx_kl: 0.0, update_epoch: 4, num_batch: 4
[2026-10-09 18:17:07,209][agent.finetune.train_ppo_diffusion_agent][INFO] - approx_kl: 0.0, update_epoch: 4, num_batch: 4
[2026-10-09 18:17:09,353][agent.finetune.train_ppo_diffusion_agent][INFO] - approx_kl: 0.0, update_epoch: 4, num_batch: 4
[2026-10-09 18:17:18,178][agent.finetune.train_ppo_diffusion_agent][INFO] - 48: step  3520000 | loss   0.0439 | pg loss  -0.0000 | value loss   0.0879 | bc loss   0.0000 | reward 3330.9042 | eta   1.0000 | t: 65.3750 | kl_true_per_action=0.33379664106319484 | logratio_p99=0.8512134397029858 | clamp_hit_frac=0.0007479166666666667 | actor_step_ratio=1.0 | actor_step_clipfrac=0.0
[2026-10-09 18:17:32,696][agent.finetune.train_ppo_diffusion_agent][INFO] - approx_kl: 0.0, update_epoch: 0, num_batch: 4
[2026-10-09 18:17:34,928][agent.finetune.train_ppo_diffusion_agent][INFO] - approx_kl: 0.0, update_epoch: 0, num_batch: 4
[2026-10-09 18:17:37,243][agent.finetune.train_ppo_diffusion_agent][INFO] - approx_kl: 0.0, update_epoch: 0, num_batch: 4
[2026-10-09 18:17:39,361][agent.finetune.train_ppo_diffusion_agent][INFO] - approx_kl: 0.0, update_epoch: 0, num_batch: 4
[2026-10-09 18:17:41,596][agent.finetune.train_ppo_diffusion_agent][INFO] - approx_kl: 0.0, update_epoch: 1, num_batch: 4
[2026-10-09 18:17:43,928][agent.finetune.train_ppo_diffusion_agent][INFO] - approx_kl: 0.0, update_epoch: 1, num_batch: 4
[2026-10-09 18:17:46,049][agent.finetune.train_ppo_diffusion_agent][INFO] - approx_kl: 0.0, update_epoch: 1, num_batch: 4
[2026-10-09 18:17:48,265][agent.finetune.train_ppo_diffusion_agent][INFO] - approx_kl: 0.0, update_epoch: 1, num_batch: 4
[2026-10-09 18:17:50,476][agent.finetune.train_ppo_diffusion_agent][INFO] - approx_kl: 0.0, update_epoch: 2, num_batch: 4
[2026-10-09 18:17:52,793][agent.finetune.train_ppo_diffusion_agent][INFO] - approx_kl: 0.0, update_epoch: 2, num_batch: 4
[2026-10-09 18:17:54,903][agent.finetune.train_ppo_diffusion_agent][INFO] - approx_kl: 0.0, update_epoch: 2, num_batch: 4
[2026-10-09 18:17:57,101][agent.finetune.train_ppo_diffusion_agent][INFO] - approx_kl: 0.0, update_epoch: 2, num_batch: 4
[2026-10-09 18:17:59,319][agent.finetune.train_ppo_diffusion_agent][INFO] - approx_kl: 0.0, update_epoch: 3, num_batch: 4
[2026-10-09 18:18:01,620][agent.finetune.train_ppo_diffusion_agent][INFO] - approx_kl: 0.0, update_epoch: 3, num_batch: 4
[2026-10-09 18:18:03,731][agent.finetune.train_ppo_diffusion_agent][INFO] - approx_kl: 0.0, update_epoch: 3, num_batch: 4
[2026-10-09 18:18:05,938][agent.finetune.train_ppo_diffusion_agent][INFO] - approx_kl: 0.0, update_epoch: 3, num_batch: 4
[2026-10-09 18:18:08,149][agent.finetune.train_ppo_diffusion_agent][INFO] - approx_kl: 0.0, update_epoch: 4, num_batch: 4
[2026-10-09 18:18:10,510][agent.finetune.train_ppo_diffusion_agent][INFO] - approx_kl: 0.0, update_epoch: 4, num_batch: 4
[2026-10-09 18:18:12,627][agent.finetune.train_ppo_diffusion_agent][INFO] - approx_kl: 0.0, update_epoch: 4, num_batch: 4
[2026-10-09 18:18:14,824][agent.finetune.train_ppo_diffusion_agent][INFO] - approx_kl: 0.0, update_epoch: 4, num_batch: 4
[2026-10-09 18:18:23,667][agent.finetune.train_ppo_diffusion_agent][INFO] - 49: step  3600000 | loss   0.0445 | pg loss  -0.0000 | value loss   0.0890 | bc loss   0.0000 | reward 3168.3619 | eta   1.0000 | t: 65.4892 | kl_true_per_action=0.28812134432773223 | logratio_p99=0.784876112937927 | clamp_hit_frac=0.0007666666666666667 | actor_step_ratio=1.0 | actor_step_clipfrac=0.0
[2026-10-09 18:18:35,961][agent.finetune.train_ppo_diffusion_agent][INFO] - eval: success rate   1.0000 | avg episode reward 3305.8289 | avg best reward   5.7549
[2026-10-09 18:18:50,515][agent.finetune.train_ppo_diffusion_agent][INFO] - approx_kl: 0.0, update_epoch: 0, num_batch: 4
[2026-10-09 18:18:52,829][agent.finetune.train_ppo_diffusion_agent][INFO] - approx_kl: 0.0, update_epoch: 0, num_batch: 4
[2026-10-09 18:18:54,945][agent.finetune.train_ppo_diffusion_agent][INFO] - approx_kl: 0.0, update_epoch: 0, num_batch: 4
[2026-10-09 18:18:57,163][agent.finetune.train_ppo_diffusion_agent][INFO] - approx_kl: 0.0, update_epoch: 0, num_batch: 4
[2026-10-09 18:18:59,362][agent.finetune.train_ppo_diffusion_agent][INFO] - approx_kl: 0.0, update_epoch: 1, num_batch: 4
[2026-10-09 18:19:01,687][agent.finetune.train_ppo_diffusion_agent][INFO] - approx_kl: 0.0, update_epoch: 1, num_batch: 4
[2026-10-09 18:19:03,802][agent.finetune.train_ppo_diffusion_agent][INFO] - approx_kl: 0.0, update_epoch: 1, num_batch: 4
[2026-10-09 18:19:06,025][agent.finetune.train_ppo_diffusion_agent][INFO] - approx_kl: 0.0, update_epoch: 1, num_batch: 4
[2026-10-09 18:19:08,235][agent.finetune.train_ppo_diffusion_agent][INFO] - approx_kl: 0.0, update_epoch: 2, num_batch: 4
[2026-10-09 18:19:10,557][agent.finetune.train_ppo_diffusion_agent][INFO] - approx_kl: 0.0, update_epoch: 2, num_batch: 4
[2026-10-09 18:19:12,672][agent.finetune.train_ppo_diffusion_agent][INFO] - approx_kl: 0.0, update_epoch: 2, num_batch: 4
[2026-10-09 18:19:14,890][agent.finetune.train_ppo_diffusion_agent][INFO] - approx_kl: 0.0, update_epoch: 2, num_batch: 4
[2026-10-09 18:19:17,091][agent.finetune.train_ppo_diffusion_agent][INFO] - approx_kl: 0.0, update_epoch: 3, num_batch: 4
[2026-10-09 18:19:19,400][agent.finetune.train_ppo_diffusion_agent][INFO] - approx_kl: 0.0, update_epoch: 3, num_batch: 4
[2026-10-09 18:19:21,518][agent.finetune.train_ppo_diffusion_agent][INFO] - approx_kl: 0.0, update_epoch: 3, num_batch: 4
[2026-10-09 18:19:23,746][agent.finetune.train_ppo_diffusion_agent][INFO] - approx_kl: 0.0, update_epoch: 3, num_batch: 4
[2026-10-09 18:19:25,949][agent.finetune.train_ppo_diffusion_agent][INFO] - approx_kl: 0.0, update_epoch: 4, num_batch: 4
[2026-10-09 18:19:28,251][agent.finetune.train_ppo_diffusion_agent][INFO] - approx_kl: 0.0, update_epoch: 4, num_batch: 4
[2026-10-09 18:19:30,354][agent.finetune.train_ppo_diffusion_agent][INFO] - approx_kl: 0.0, update_epoch: 4, num_batch: 4
[2026-10-09 18:19:32,546][agent.finetune.train_ppo_diffusion_agent][INFO] - approx_kl: 0.0, update_epoch: 4, num_batch: 4
[2026-10-09 18:19:41,433][agent.finetune.train_ppo_diffusion_agent][INFO] - 51: step  3680000 | loss   0.0429 | pg loss   0.0000 | value loss   0.0858 | bc loss   0.0000 | reward 3208.5263 | eta   1.0000 | t: 65.4717 | kl_true_per_action=0.3223269688915536 | logratio_p99=0.8462688910961101 | clamp_hit_frac=0.00081875 | actor_step_ratio=1.0 | actor_step_clipfrac=0.0
[2026-10-09 18:19:56,042][agent.finetune.train_ppo_diffusion_agent][INFO] - approx_kl: 0.0, update_epoch: 0, num_batch: 4
[2026-10-09 18:19:58,336][agent.finetune.train_ppo_diffusion_agent][INFO] - approx_kl: 0.0, update_epoch: 0, num_batch: 4
[2026-10-09 18:20:00,436][agent.finetune.train_ppo_diffusion_agent][INFO] - approx_kl: 0.0, update_epoch: 0, num_batch: 4
[2026-10-09 18:20:02,633][agent.finetune.train_ppo_diffusion_agent][INFO] - approx_kl: 0.0, update_epoch: 0, num_batch: 4
[2026-10-09 18:20:04,827][agent.finetune.train_ppo_diffusion_agent][INFO] - approx_kl: 0.0, update_epoch: 1, num_batch: 4
[2026-10-09 18:20:07,132][agent.finetune.train_ppo_diffusion_agent][INFO] - approx_kl: 0.0, update_epoch: 1, num_batch: 4
[2026-10-09 18:20:09,235][agent.finetune.train_ppo_diffusion_agent][INFO] - approx_kl: 0.0, update_epoch: 1, num_batch: 4
[2026-10-09 18:20:11,441][agent.finetune.train_ppo_diffusion_agent][INFO] - approx_kl: 0.0, update_epoch: 1, num_batch: 4
[2026-10-09 18:20:13,671][agent.finetune.train_ppo_diffusion_agent][INFO] - approx_kl: 0.0, update_epoch: 2, num_batch: 4
[2026-10-09 18:20:15,979][agent.finetune.train_ppo_diffusion_agent][INFO] - approx_kl: 0.0, update_epoch: 2, num_batch: 4
[2026-10-09 18:20:18,080][agent.finetune.train_ppo_diffusion_agent][INFO] - approx_kl: 0.0, update_epoch: 2, num_batch: 4
[2026-10-09 18:20:20,273][agent.finetune.train_ppo_diffusion_agent][INFO] - approx_kl: 0.0, update_epoch: 2, num_batch: 4
[2026-10-09 18:20:22,458][agent.finetune.train_ppo_diffusion_agent][INFO] - approx_kl: 0.0, update_epoch: 3, num_batch: 4
[2026-10-09 18:20:24,745][agent.finetune.train_ppo_diffusion_agent][INFO] - approx_kl: 0.0, update_epoch: 3, num_batch: 4
[2026-10-09 18:20:26,865][agent.finetune.train_ppo_diffusion_agent][INFO] - approx_kl: 0.0, update_epoch: 3, num_batch: 4
[2026-10-09 18:20:29,082][agent.finetune.train_ppo_diffusion_agent][INFO] - approx_kl: 0.0, update_epoch: 3, num_batch: 4
[2026-10-09 18:20:31,301][agent.finetune.train_ppo_diffusion_agent][INFO] - approx_kl: 0.0, update_epoch: 4, num_batch: 4
[2026-10-09 18:20:33,619][agent.finetune.train_ppo_diffusion_agent][INFO] - approx_kl: 0.0, update_epoch: 4, num_batch: 4
[2026-10-09 18:20:35,743][agent.finetune.train_ppo_diffusion_agent][INFO] - approx_kl: 0.0, update_epoch: 4, num_batch: 4
[2026-10-09 18:20:37,952][agent.finetune.train_ppo_diffusion_agent][INFO] - approx_kl: 0.0, update_epoch: 4, num_batch: 4
[2026-10-09 18:20:46,841][agent.finetune.train_ppo_diffusion_agent][INFO] - 52: step  3760000 | loss   0.0427 | pg loss   0.0000 | value loss   0.0853 | bc loss   0.0000 | reward 3211.2400 | eta   1.0000 | t: 65.4082 | kl_true_per_action=0.23744526699696192 | logratio_p99=0.7112894845008834 | clamp_hit_frac=0.0007916666666666666 | actor_step_ratio=1.0 | actor_step_clipfrac=0.0
[2026-10-09 18:21:01,414][agent.finetune.train_ppo_diffusion_agent][INFO] - approx_kl: 0.0, update_epoch: 0, num_batch: 4
[2026-10-09 18:21:03,730][agent.finetune.train_ppo_diffusion_agent][INFO] - approx_kl: 0.0, update_epoch: 0, num_batch: 4
[2026-10-09 18:21:05,851][agent.finetune.train_ppo_diffusion_agent][INFO] - approx_kl: 0.0, update_epoch: 0, num_batch: 4
[2026-10-09 18:21:08,083][agent.finetune.train_ppo_diffusion_agent][INFO] - approx_kl: 0.0, update_epoch: 0, num_batch: 4
[2026-10-09 18:21:10,278][agent.finetune.train_ppo_diffusion_agent][INFO] - approx_kl: 0.0, update_epoch: 1, num_batch: 4
[2026-10-09 18:21:12,558][agent.finetune.train_ppo_diffusion_agent][INFO] - approx_kl: 0.0, update_epoch: 1, num_batch: 4
[2026-10-09 18:21:14,668][agent.finetune.train_ppo_diffusion_agent][INFO] - approx_kl: 0.0, update_epoch: 1, num_batch: 4
[2026-10-09 18:21:16,879][agent.finetune.train_ppo_diffusion_agent][INFO] - approx_kl: 0.0, update_epoch: 1, num_batch: 4
[2026-10-09 18:21:19,068][agent.finetune.train_ppo_diffusion_agent][INFO] - approx_kl: 0.0, update_epoch: 2, num_batch: 4
[2026-10-09 18:21:21,346][agent.finetune.train_ppo_diffusion_agent][INFO] - approx_kl: 0.0, update_epoch: 2, num_batch: 4
[2026-10-09 18:21:23,436][agent.finetune.train_ppo_diffusion_agent][INFO] - approx_kl: 0.0, update_epoch: 2, num_batch: 4
[2026-10-09 18:21:25,631][agent.finetune.train_ppo_diffusion_agent][INFO] - approx_kl: 0.0, update_epoch: 2, num_batch: 4
[2026-10-09 18:21:27,817][agent.finetune.train_ppo_diffusion_agent][INFO] - approx_kl: 0.0, update_epoch: 3, num_batch: 4
[2026-10-09 18:21:30,102][agent.finetune.train_ppo_diffusion_agent][INFO] - approx_kl: 0.0, update_epoch: 3, num_batch: 4
[2026-10-09 18:21:32,202][agent.finetune.train_ppo_diffusion_agent][INFO] - approx_kl: 0.0, update_epoch: 3, num_batch: 4
[2026-10-09 18:21:34,399][agent.finetune.train_ppo_diffusion_agent][INFO] - approx_kl: 0.0, update_epoch: 3, num_batch: 4
[2026-10-09 18:21:36,589][agent.finetune.train_ppo_diffusion_agent][INFO] - approx_kl: 0.0, update_epoch: 4, num_batch: 4
[2026-10-09 18:21:38,864][agent.finetune.train_ppo_diffusion_agent][INFO] - approx_kl: 0.0, update_epoch: 4, num_batch: 4
[2026-10-09 18:21:40,961][agent.finetune.train_ppo_diffusion_agent][INFO] - approx_kl: 0.0, update_epoch: 4, num_batch: 4
[2026-10-09 18:21:43,175][agent.finetune.train_ppo_diffusion_agent][INFO] - approx_kl: 0.0, update_epoch: 4, num_batch: 4
[2026-10-09 18:21:52,004][agent.finetune.train_ppo_diffusion_agent][INFO] - 53: step  3840000 | loss   0.0422 | pg loss  -0.0000 | value loss   0.0845 | bc loss   0.0000 | reward 3207.5684 | eta   1.0000 | t: 65.1624 | kl_true_per_action=0.2337328393739445 | logratio_p99=0.6981139457225761 | clamp_hit_frac=0.0008125 | actor_step_ratio=1.0 | actor_step_clipfrac=0.0
[2026-10-09 18:22:06,623][agent.finetune.train_ppo_diffusion_agent][INFO] - approx_kl: 0.0, update_epoch: 0, num_batch: 4
[2026-10-09 18:22:08,729][agent.finetune.train_ppo_diffusion_agent][INFO] - approx_kl: 0.0, update_epoch: 0, num_batch: 4
[2026-10-09 18:22:10,927][agent.finetune.train_ppo_diffusion_agent][INFO] - approx_kl: 0.0, update_epoch: 0, num_batch: 4
[2026-10-09 18:22:13,124][agent.finetune.train_ppo_diffusion_agent][INFO] - approx_kl: 0.0, update_epoch: 0, num_batch: 4
[2026-10-09 18:22:15,440][agent.finetune.train_ppo_diffusion_agent][INFO] - approx_kl: 0.0, update_epoch: 1, num_batch: 4
[2026-10-09 18:22:17,536][agent.finetune.train_ppo_diffusion_agent][INFO] - approx_kl: 0.0, update_epoch: 1, num_batch: 4
[2026-10-09 18:22:19,719][agent.finetune.train_ppo_diffusion_agent][INFO] - approx_kl: 0.0, update_epoch: 1, num_batch: 4
[2026-10-09 18:22:21,900][agent.finetune.train_ppo_diffusion_agent][INFO] - approx_kl: 0.0, update_epoch: 1, num_batch: 4
[2026-10-09 18:22:24,191][agent.finetune.train_ppo_diffusion_agent][INFO] - approx_kl: 0.0, update_epoch: 2, num_batch: 4
[2026-10-09 18:22:26,287][agent.finetune.train_ppo_diffusion_agent][INFO] - approx_kl: 0.0, update_epoch: 2, num_batch: 4
[2026-10-09 18:22:28,468][agent.finetune.train_ppo_diffusion_agent][INFO] - approx_kl: 0.0, update_epoch: 2, num_batch: 4
[2026-10-09 18:22:30,661][agent.finetune.train_ppo_diffusion_agent][INFO] - approx_kl: 0.0, update_epoch: 2, num_batch: 4
[2026-10-09 18:22:32,958][agent.finetune.train_ppo_diffusion_agent][INFO] - approx_kl: 0.0, update_epoch: 3, num_batch: 4
[2026-10-09 18:22:35,089][agent.finetune.train_ppo_diffusion_agent][INFO] - approx_kl: 0.0, update_epoch: 3, num_batch: 4
[2026-10-09 18:22:37,280][agent.finetune.train_ppo_diffusion_agent][INFO] - approx_kl: 0.0, update_epoch: 3, num_batch: 4
[2026-10-09 18:22:39,470][agent.finetune.train_ppo_diffusion_agent][INFO] - approx_kl: 0.0, update_epoch: 3, num_batch: 4
[2026-10-09 18:22:41,775][agent.finetune.train_ppo_diffusion_agent][INFO] - approx_kl: 0.0, update_epoch: 4, num_batch: 4
[2026-10-09 18:22:43,875][agent.finetune.train_ppo_diffusion_agent][INFO] - approx_kl: 0.0, update_epoch: 4, num_batch: 4
[2026-10-09 18:22:46,120][agent.finetune.train_ppo_diffusion_agent][INFO] - approx_kl: 0.0, update_epoch: 4, num_batch: 4
[2026-10-09 18:22:48,320][agent.finetune.train_ppo_diffusion_agent][INFO] - approx_kl: 0.0, update_epoch: 4, num_batch: 4
[2026-10-09 18:22:57,187][agent.finetune.train_ppo_diffusion_agent][INFO] - 54: step  3920000 | loss   0.0420 | pg loss   0.0000 | value loss   0.0840 | bc loss   0.0000 | reward 3094.3523 | eta   1.0000 | t: 65.1837 | kl_true_per_action=0.22887322200796856 | logratio_p99=0.712155135869978 | clamp_hit_frac=0.0008791666666666667 | actor_step_ratio=1.0 | actor_step_clipfrac=0.0
[2026-10-09 18:23:11,807][agent.finetune.train_ppo_diffusion_agent][INFO] - approx_kl: 0.0, update_epoch: 0, num_batch: 4
[2026-10-09 18:23:13,915][agent.finetune.train_ppo_diffusion_agent][INFO] - approx_kl: 0.0, update_epoch: 0, num_batch: 4
[2026-10-09 18:23:16,106][agent.finetune.train_ppo_diffusion_agent][INFO] - approx_kl: 0.0, update_epoch: 0, num_batch: 4
[2026-10-09 18:23:18,309][agent.finetune.train_ppo_diffusion_agent][INFO] - approx_kl: 0.0, update_epoch: 0, num_batch: 4
[2026-10-09 18:23:20,612][agent.finetune.train_ppo_diffusion_agent][INFO] - approx_kl: 0.0, update_epoch: 1, num_batch: 4
[2026-10-09 18:23:22,720][agent.finetune.train_ppo_diffusion_agent][INFO] - approx_kl: 0.0, update_epoch: 1, num_batch: 4
[2026-10-09 18:23:24,916][agent.finetune.train_ppo_diffusion_agent][INFO] - approx_kl: 0.0, update_epoch: 1, num_batch: 4
[2026-10-09 18:23:27,126][agent.finetune.train_ppo_diffusion_agent][INFO] - approx_kl: 0.0, update_epoch: 1, num_batch: 4
[2026-10-09 18:23:29,425][agent.finetune.train_ppo_diffusion_agent][INFO] - approx_kl: 0.0, update_epoch: 2, num_batch: 4
[2026-10-09 18:23:31,533][agent.finetune.train_ppo_diffusion_agent][INFO] - approx_kl: 0.0, update_epoch: 2, num_batch: 4
[2026-10-09 18:23:33,732][agent.finetune.train_ppo_diffusion_agent][INFO] - approx_kl: 0.0, update_epoch: 2, num_batch: 4
[2026-10-09 18:23:35,968][agent.finetune.train_ppo_diffusion_agent][INFO] - approx_kl: 0.0, update_epoch: 2, num_batch: 4
[2026-10-09 18:23:38,280][agent.finetune.train_ppo_diffusion_agent][INFO] - approx_kl: 0.0, update_epoch: 3, num_batch: 4
[2026-10-09 18:23:40,381][agent.finetune.train_ppo_diffusion_agent][INFO] - approx_kl: 0.0, update_epoch: 3, num_batch: 4
[2026-10-09 18:23:42,578][agent.finetune.train_ppo_diffusion_agent][INFO] - approx_kl: 0.0, update_epoch: 3, num_batch: 4
[2026-10-09 18:23:44,767][agent.finetune.train_ppo_diffusion_agent][INFO] - approx_kl: 0.0, update_epoch: 3, num_batch: 4
[2026-10-09 18:23:47,111][agent.finetune.train_ppo_diffusion_agent][INFO] - approx_kl: 0.0, update_epoch: 4, num_batch: 4
[2026-10-09 18:23:49,230][agent.finetune.train_ppo_diffusion_agent][INFO] - approx_kl: 0.0, update_epoch: 4, num_batch: 4
[2026-10-09 18:23:51,426][agent.finetune.train_ppo_diffusion_agent][INFO] - approx_kl: 0.0, update_epoch: 4, num_batch: 4
[2026-10-09 18:23:53,609][agent.finetune.train_ppo_diffusion_agent][INFO] - approx_kl: 0.0, update_epoch: 4, num_batch: 4
[2026-10-09 18:24:02,436][agent.finetune.train_ppo_diffusion_agent][INFO] - 55: step  4000000 | loss   0.0415 | pg loss   0.0000 | value loss   0.0830 | bc loss   0.0000 | reward 3175.8738 | eta   1.0000 | t: 65.2482 | kl_true_per_action=0.223649320480349 | logratio_p99=0.721300050020217 | clamp_hit_frac=0.0007729166666666667 | actor_step_ratio=1.0 | actor_step_clipfrac=0.0
[2026-10-09 18:24:17,370][agent.finetune.train_ppo_diffusion_agent][INFO] - approx_kl: 0.0, update_epoch: 0, num_batch: 4
[2026-10-09 18:24:19,487][agent.finetune.train_ppo_diffusion_agent][INFO] - approx_kl: 0.0, update_epoch: 0, num_batch: 4
[2026-10-09 18:24:21,691][agent.finetune.train_ppo_diffusion_agent][INFO] - approx_kl: 0.0, update_epoch: 0, num_batch: 4
[2026-10-09 18:24:23,999][agent.finetune.train_ppo_diffusion_agent][INFO] - approx_kl: 0.0, update_epoch: 0, num_batch: 4
[2026-10-09 18:24:26,112][agent.finetune.train_ppo_diffusion_agent][INFO] - approx_kl: 0.0, update_epoch: 1, num_batch: 4
[2026-10-09 18:24:28,377][agent.finetune.train_ppo_diffusion_agent][INFO] - approx_kl: 0.0, update_epoch: 1, num_batch: 4
[2026-10-09 18:24:30,587][agent.finetune.train_ppo_diffusion_agent][INFO] - approx_kl: 0.0, update_epoch: 1, num_batch: 4
[2026-10-09 18:24:32,938][agent.finetune.train_ppo_diffusion_agent][INFO] - approx_kl: 0.0, update_epoch: 1, num_batch: 4
[2026-10-09 18:24:35,095][agent.finetune.train_ppo_diffusion_agent][INFO] - approx_kl: 0.0, update_epoch: 2, num_batch: 4
[2026-10-09 18:24:37,305][agent.finetune.train_ppo_diffusion_agent][INFO] - approx_kl: 0.0, update_epoch: 2, num_batch: 4
[2026-10-09 18:24:39,578][agent.finetune.train_ppo_diffusion_agent][INFO] - approx_kl: 0.0, update_epoch: 2, num_batch: 4
[2026-10-09 18:24:41,942][agent.finetune.train_ppo_diffusion_agent][INFO] - approx_kl: 0.0, update_epoch: 2, num_batch: 4
[2026-10-09 18:24:44,118][agent.finetune.train_ppo_diffusion_agent][INFO] - approx_kl: 0.0, update_epoch: 3, num_batch: 4
[2026-10-09 18:24:46,382][agent.finetune.train_ppo_diffusion_agent][INFO] - approx_kl: 0.0, update_epoch: 3, num_batch: 4
[2026-10-09 18:24:48,675][agent.finetune.train_ppo_diffusion_agent][INFO] - approx_kl: 0.0, update_epoch: 3, num_batch: 4
[2026-10-09 18:24:50,986][agent.finetune.train_ppo_diffusion_agent][INFO] - approx_kl: 0.0, update_epoch: 3, num_batch: 4
[2026-10-09 18:24:53,107][agent.finetune.train_ppo_diffusion_agent][INFO] - approx_kl: 0.0, update_epoch: 4, num_batch: 4
[2026-10-09 18:24:55,315][agent.finetune.train_ppo_diffusion_agent][INFO] - approx_kl: 0.0, update_epoch: 4, num_batch: 4
[2026-10-09 18:24:57,517][agent.finetune.train_ppo_diffusion_agent][INFO] - approx_kl: 0.0, update_epoch: 4, num_batch: 4
[2026-10-09 18:24:59,821][agent.finetune.train_ppo_diffusion_agent][INFO] - approx_kl: 0.0, update_epoch: 4, num_batch: 4
[2026-10-09 18:25:08,700][agent.finetune.train_ppo_diffusion_agent][INFO] - 56: step  4080000 | loss   0.0415 | pg loss  -0.0000 | value loss   0.0829 | bc loss   0.0000 | reward 3030.6020 | eta   1.0000 | t: 66.2644 | kl_true_per_action=0.18968072081928564 | logratio_p99=0.6390718150138843 | clamp_hit_frac=0.0008166666666666667 | actor_step_ratio=1.0 | actor_step_clipfrac=0.0
[2026-10-09 18:25:23,225][agent.finetune.train_ppo_diffusion_agent][INFO] - approx_kl: 0.0, update_epoch: 0, num_batch: 4
[2026-10-09 18:25:25,425][agent.finetune.train_ppo_diffusion_agent][INFO] - approx_kl: 0.0, update_epoch: 0, num_batch: 4
[2026-10-09 18:25:27,627][agent.finetune.train_ppo_diffusion_agent][INFO] - approx_kl: 0.0, update_epoch: 0, num_batch: 4
[2026-10-09 18:25:29,917][agent.finetune.train_ppo_diffusion_agent][INFO] - approx_kl: 0.0, update_epoch: 0, num_batch: 4
[2026-10-09 18:25:32,012][agent.finetune.train_ppo_diffusion_agent][INFO] - approx_kl: 0.0, update_epoch: 1, num_batch: 4
[2026-10-09 18:25:34,188][agent.finetune.train_ppo_diffusion_agent][INFO] - approx_kl: 0.0, update_epoch: 1, num_batch: 4
[2026-10-09 18:25:36,375][agent.finetune.train_ppo_diffusion_agent][INFO] - approx_kl: 0.0, update_epoch: 1, num_batch: 4
[2026-10-09 18:25:38,659][agent.finetune.train_ppo_diffusion_agent][INFO] - approx_kl: 0.0, update_epoch: 1, num_batch: 4
[2026-10-09 18:25:40,743][agent.finetune.train_ppo_diffusion_agent][INFO] - approx_kl: 0.0, update_epoch: 2, num_batch: 4
[2026-10-09 18:25:42,926][agent.finetune.train_ppo_diffusion_agent][INFO] - approx_kl: 0.0, update_epoch: 2, num_batch: 4
[2026-10-09 18:25:45,113][agent.finetune.train_ppo_diffusion_agent][INFO] - approx_kl: 0.0, update_epoch: 2, num_batch: 4
[2026-10-09 18:25:47,379][agent.finetune.train_ppo_diffusion_agent][INFO] - approx_kl: 0.0, update_epoch: 2, num_batch: 4
[2026-10-09 18:25:49,473][agent.finetune.train_ppo_diffusion_agent][INFO] - approx_kl: 0.0, update_epoch: 3, num_batch: 4
[2026-10-09 18:25:51,664][agent.finetune.train_ppo_diffusion_agent][INFO] - approx_kl: 0.0, update_epoch: 3, num_batch: 4
[2026-10-09 18:25:53,831][agent.finetune.train_ppo_diffusion_agent][INFO] - approx_kl: 0.0, update_epoch: 3, num_batch: 4
[2026-10-09 18:25:56,097][agent.finetune.train_ppo_diffusion_agent][INFO] - approx_kl: 0.0, update_epoch: 3, num_batch: 4
[2026-10-09 18:25:58,203][agent.finetune.train_ppo_diffusion_agent][INFO] - approx_kl: 0.0, update_epoch: 4, num_batch: 4
[2026-10-09 18:26:00,389][agent.finetune.train_ppo_diffusion_agent][INFO] - approx_kl: 0.0, update_epoch: 4, num_batch: 4
[2026-10-09 18:26:02,582][agent.finetune.train_ppo_diffusion_agent][INFO] - approx_kl: 0.0, update_epoch: 4, num_batch: 4
[2026-10-09 18:26:04,857][agent.finetune.train_ppo_diffusion_agent][INFO] - approx_kl: 0.0, update_epoch: 4, num_batch: 4
[2026-10-09 18:26:13,668][agent.finetune.train_ppo_diffusion_agent][INFO] - 57: step  4160000 | loss   0.0421 | pg loss  -0.0000 | value loss   0.0841 | bc loss   0.0000 | reward 3192.2912 | eta   1.0000 | t: 64.9680 | kl_true_per_action=0.2379780730935196 | logratio_p99=0.7170356750488276 | clamp_hit_frac=0.000775 | actor_step_ratio=1.0 | actor_step_clipfrac=0.0
[2026-10-09 18:26:28,252][agent.finetune.train_ppo_diffusion_agent][INFO] - approx_kl: 0.0, update_epoch: 0, num_batch: 4
[2026-10-09 18:26:30,455][agent.finetune.train_ppo_diffusion_agent][INFO] - approx_kl: 0.0, update_epoch: 0, num_batch: 4
[2026-10-09 18:26:32,660][agent.finetune.train_ppo_diffusion_agent][INFO] - approx_kl: 0.0, update_epoch: 0, num_batch: 4
[2026-10-09 18:26:34,966][agent.finetune.train_ppo_diffusion_agent][INFO] - approx_kl: 0.0, update_epoch: 0, num_batch: 4
[2026-10-09 18:26:37,082][agent.finetune.train_ppo_diffusion_agent][INFO] - approx_kl: 0.0, update_epoch: 1, num_batch: 4
[2026-10-09 18:26:39,295][agent.finetune.train_ppo_diffusion_agent][INFO] - approx_kl: 0.0, update_epoch: 1, num_batch: 4
[2026-10-09 18:26:41,531][agent.finetune.train_ppo_diffusion_agent][INFO] - approx_kl: 0.0, update_epoch: 1, num_batch: 4
[2026-10-09 18:26:43,846][agent.finetune.train_ppo_diffusion_agent][INFO] - approx_kl: 0.0, update_epoch: 1, num_batch: 4
[2026-10-09 18:26:45,962][agent.finetune.train_ppo_diffusion_agent][INFO] - approx_kl: 0.0, update_epoch: 2, num_batch: 4
[2026-10-09 18:26:48,171][agent.finetune.train_ppo_diffusion_agent][INFO] - approx_kl: 0.0, update_epoch: 2, num_batch: 4
[2026-10-09 18:26:50,391][agent.finetune.train_ppo_diffusion_agent][INFO] - approx_kl: 0.0, update_epoch: 2, num_batch: 4
[2026-10-09 18:26:52,722][agent.finetune.train_ppo_diffusion_agent][INFO] - approx_kl: 0.0, update_epoch: 2, num_batch: 4
[2026-10-09 18:26:54,843][agent.finetune.train_ppo_diffusion_agent][INFO] - approx_kl: 0.0, update_epoch: 3, num_batch: 4
[2026-10-09 18:26:57,057][agent.finetune.train_ppo_diffusion_agent][INFO] - approx_kl: 0.0, update_epoch: 3, num_batch: 4
[2026-10-09 18:26:59,277][agent.finetune.train_ppo_diffusion_agent][INFO] - approx_kl: 0.0, update_epoch: 3, num_batch: 4
[2026-10-09 18:27:01,590][agent.finetune.train_ppo_diffusion_agent][INFO] - approx_kl: 0.0, update_epoch: 3, num_batch: 4
[2026-10-09 18:27:03,705][agent.finetune.train_ppo_diffusion_agent][INFO] - approx_kl: 0.0, update_epoch: 4, num_batch: 4
[2026-10-09 18:27:05,922][agent.finetune.train_ppo_diffusion_agent][INFO] - approx_kl: 0.0, update_epoch: 4, num_batch: 4
[2026-10-09 18:27:08,121][agent.finetune.train_ppo_diffusion_agent][INFO] - approx_kl: 0.0, update_epoch: 4, num_batch: 4
[2026-10-09 18:27:10,474][agent.finetune.train_ppo_diffusion_agent][INFO] - approx_kl: 0.0, update_epoch: 4, num_batch: 4
[2026-10-09 18:27:19,319][agent.finetune.train_ppo_diffusion_agent][INFO] - 58: step  4240000 | loss   0.0402 | pg loss   0.0000 | value loss   0.0804 | bc loss   0.0000 | reward 3246.4942 | eta   1.0000 | t: 65.6515 | kl_true_per_action=0.24835840593966738 | logratio_p99=0.7227647346258139 | clamp_hit_frac=0.0008166666666666667 | actor_step_ratio=1.0 | actor_step_clipfrac=0.0
[2026-10-09 18:27:33,870][agent.finetune.train_ppo_diffusion_agent][INFO] - approx_kl: 0.0, update_epoch: 0, num_batch: 4
[2026-10-09 18:27:36,070][agent.finetune.train_ppo_diffusion_agent][INFO] - approx_kl: 0.0, update_epoch: 0, num_batch: 4
[2026-10-09 18:27:38,261][agent.finetune.train_ppo_diffusion_agent][INFO] - approx_kl: 0.0, update_epoch: 0, num_batch: 4
[2026-10-09 18:27:40,577][agent.finetune.train_ppo_diffusion_agent][INFO] - approx_kl: 0.0, update_epoch: 0, num_batch: 4
[2026-10-09 18:27:42,669][agent.finetune.train_ppo_diffusion_agent][INFO] - approx_kl: 0.0, update_epoch: 1, num_batch: 4
[2026-10-09 18:27:44,860][agent.finetune.train_ppo_diffusion_agent][INFO] - approx_kl: 0.0, update_epoch: 1, num_batch: 4
[2026-10-09 18:27:47,061][agent.finetune.train_ppo_diffusion_agent][INFO] - approx_kl: 0.0, update_epoch: 1, num_batch: 4
[2026-10-09 18:27:49,348][agent.finetune.train_ppo_diffusion_agent][INFO] - approx_kl: 0.0, update_epoch: 1, num_batch: 4
[2026-10-09 18:27:51,453][agent.finetune.train_ppo_diffusion_agent][INFO] - approx_kl: 0.0, update_epoch: 2, num_batch: 4
[2026-10-09 18:27:53,638][agent.finetune.train_ppo_diffusion_agent][INFO] - approx_kl: 0.0, update_epoch: 2, num_batch: 4
[2026-10-09 18:27:55,858][agent.finetune.train_ppo_diffusion_agent][INFO] - approx_kl: 0.0, update_epoch: 2, num_batch: 4
[2026-10-09 18:27:58,156][agent.finetune.train_ppo_diffusion_agent][INFO] - approx_kl: 0.0, update_epoch: 2, num_batch: 4
[2026-10-09 18:28:00,268][agent.finetune.train_ppo_diffusion_agent][INFO] - approx_kl: 0.0, update_epoch: 3, num_batch: 4
[2026-10-09 18:28:02,464][agent.finetune.train_ppo_diffusion_agent][INFO] - approx_kl: 0.0, update_epoch: 3, num_batch: 4
[2026-10-09 18:28:04,649][agent.finetune.train_ppo_diffusion_agent][INFO] - approx_kl: 0.0, update_epoch: 3, num_batch: 4
[2026-10-09 18:28:06,944][agent.finetune.train_ppo_diffusion_agent][INFO] - approx_kl: 0.0, update_epoch: 3, num_batch: 4
[2026-10-09 18:28:09,057][agent.finetune.train_ppo_diffusion_agent][INFO] - approx_kl: 0.0, update_epoch: 4, num_batch: 4
[2026-10-09 18:28:11,307][agent.finetune.train_ppo_diffusion_agent][INFO] - approx_kl: 0.0, update_epoch: 4, num_batch: 4
[2026-10-09 18:28:13,512][agent.finetune.train_ppo_diffusion_agent][INFO] - approx_kl: 0.0, update_epoch: 4, num_batch: 4
[2026-10-09 18:28:15,827][agent.finetune.train_ppo_diffusion_agent][INFO] - approx_kl: 0.0, update_epoch: 4, num_batch: 4
[2026-10-09 18:28:24,674][agent.finetune.train_ppo_diffusion_agent][INFO] - 59: step  4320000 | loss   0.0399 | pg loss   0.0000 | value loss   0.0798 | bc loss   0.0000 | reward 3239.2664 | eta   1.0000 | t: 65.3544 | kl_true_per_action=0.32179447001316397 | logratio_p99=0.848479287624356 | clamp_hit_frac=0.0007354166666666667 | actor_step_ratio=1.0 | actor_step_clipfrac=0.0
[2026-10-09 18:28:36,946][agent.finetune.train_ppo_diffusion_agent][INFO] - eval: success rate   1.0000 | avg episode reward 3555.0465 | avg best reward   5.6090
[2026-10-09 18:28:51,309][agent.finetune.train_ppo_diffusion_agent][INFO] - approx_kl: 0.0, update_epoch: 0, num_batch: 4
[2026-10-09 18:28:53,536][agent.finetune.train_ppo_diffusion_agent][INFO] - approx_kl: 0.0, update_epoch: 0, num_batch: 4
[2026-10-09 18:28:55,844][agent.finetune.train_ppo_diffusion_agent][INFO] - approx_kl: 0.0, update_epoch: 0, num_batch: 4
[2026-10-09 18:28:57,969][agent.finetune.train_ppo_diffusion_agent][INFO] - approx_kl: 0.0, update_epoch: 0, num_batch: 4
[2026-10-09 18:29:00,183][agent.finetune.train_ppo_diffusion_agent][INFO] - approx_kl: 0.0, update_epoch: 1, num_batch: 4
[2026-10-09 18:29:02,411][agent.finetune.train_ppo_diffusion_agent][INFO] - approx_kl: 0.0, update_epoch: 1, num_batch: 4
[2026-10-09 18:29:04,729][agent.finetune.train_ppo_diffusion_agent][INFO] - approx_kl: 0.0, update_epoch: 1, num_batch: 4
[2026-10-09 18:29:06,859][agent.finetune.train_ppo_diffusion_agent][INFO] - approx_kl: 0.0, update_epoch: 1, num_batch: 4
[2026-10-09 18:29:09,067][agent.finetune.train_ppo_diffusion_agent][INFO] - approx_kl: 0.0, update_epoch: 2, num_batch: 4
[2026-10-09 18:29:11,282][agent.finetune.train_ppo_diffusion_agent][INFO] - approx_kl: 0.0, update_epoch: 2, num_batch: 4
[2026-10-09 18:29:13,601][agent.finetune.train_ppo_diffusion_agent][INFO] - approx_kl: 0.0, update_epoch: 2, num_batch: 4
[2026-10-09 18:29:15,720][agent.finetune.train_ppo_diffusion_agent][INFO] - approx_kl: 0.0, update_epoch: 2, num_batch: 4
[2026-10-09 18:29:17,930][agent.finetune.train_ppo_diffusion_agent][INFO] - approx_kl: 0.0, update_epoch: 3, num_batch: 4
[2026-10-09 18:29:20,149][agent.finetune.train_ppo_diffusion_agent][INFO] - approx_kl: 0.0, update_epoch: 3, num_batch: 4
[2026-10-09 18:29:22,463][agent.finetune.train_ppo_diffusion_agent][INFO] - approx_kl: 0.0, update_epoch: 3, num_batch: 4
[2026-10-09 18:29:24,574][agent.finetune.train_ppo_diffusion_agent][INFO] - approx_kl: 0.0, update_epoch: 3, num_batch: 4
[2026-10-09 18:29:26,811][agent.finetune.train_ppo_diffusion_agent][INFO] - approx_kl: 0.0, update_epoch: 4, num_batch: 4
[2026-10-09 18:29:29,023][agent.finetune.train_ppo_diffusion_agent][INFO] - approx_kl: 0.0, update_epoch: 4, num_batch: 4
[2026-10-09 18:29:31,348][agent.finetune.train_ppo_diffusion_agent][INFO] - approx_kl: 0.0, update_epoch: 4, num_batch: 4
[2026-10-09 18:29:33,475][agent.finetune.train_ppo_diffusion_agent][INFO] - approx_kl: 0.0, update_epoch: 4, num_batch: 4
[2026-10-09 18:29:42,379][agent.finetune.train_ppo_diffusion_agent][INFO] - 61: step  4400000 | loss   0.0398 | pg loss   0.0000 | value loss   0.0796 | bc loss   0.0000 | reward 3298.6144 | eta   1.0000 | t: 65.4325 | kl_true_per_action=0.36726001305571665 | logratio_p99=0.9122722184658049 | clamp_hit_frac=0.0008083333333333333 | actor_step_ratio=1.0 | actor_step_clipfrac=0.0
[2026-10-09 18:29:57,015][agent.finetune.train_ppo_diffusion_agent][INFO] - approx_kl: 0.0, update_epoch: 0, num_batch: 4
[2026-10-09 18:29:59,203][agent.finetune.train_ppo_diffusion_agent][INFO] - approx_kl: 0.0, update_epoch: 0, num_batch: 4
[2026-10-09 18:30:01,481][agent.finetune.train_ppo_diffusion_agent][INFO] - approx_kl: 0.0, update_epoch: 0, num_batch: 4
[2026-10-09 18:30:03,579][agent.finetune.train_ppo_diffusion_agent][INFO] - approx_kl: 0.0, update_epoch: 0, num_batch: 4
[2026-10-09 18:30:05,780][agent.finetune.train_ppo_diffusion_agent][INFO] - approx_kl: 0.0, update_epoch: 1, num_batch: 4
[2026-10-09 18:30:07,970][agent.finetune.train_ppo_diffusion_agent][INFO] - approx_kl: 0.0, update_epoch: 1, num_batch: 4
[2026-10-09 18:30:10,264][agent.finetune.train_ppo_diffusion_agent][INFO] - approx_kl: 0.0, update_epoch: 1, num_batch: 4
[2026-10-09 18:30:12,350][agent.finetune.train_ppo_diffusion_agent][INFO] - approx_kl: 0.0, update_epoch: 1, num_batch: 4
[2026-10-09 18:30:14,542][agent.finetune.train_ppo_diffusion_agent][INFO] - approx_kl: 0.0, update_epoch: 2, num_batch: 4
[2026-10-09 18:30:16,754][agent.finetune.train_ppo_diffusion_agent][INFO] - approx_kl: 0.0, update_epoch: 2, num_batch: 4
[2026-10-09 18:30:19,033][agent.finetune.train_ppo_diffusion_agent][INFO] - approx_kl: 0.0, update_epoch: 2, num_batch: 4
[2026-10-09 18:30:21,114][agent.finetune.train_ppo_diffusion_agent][INFO] - approx_kl: 0.0, update_epoch: 2, num_batch: 4
[2026-10-09 18:30:23,312][agent.finetune.train_ppo_diffusion_agent][INFO] - approx_kl: 0.0, update_epoch: 3, num_batch: 4
[2026-10-09 18:30:25,499][agent.finetune.train_ppo_diffusion_agent][INFO] - approx_kl: 0.0, update_epoch: 3, num_batch: 4
[2026-10-09 18:30:27,780][agent.finetune.train_ppo_diffusion_agent][INFO] - approx_kl: 0.0, update_epoch: 3, num_batch: 4
[2026-10-09 18:30:29,873][agent.finetune.train_ppo_diffusion_agent][INFO] - approx_kl: 0.0, update_epoch: 3, num_batch: 4
[2026-10-09 18:30:32,067][agent.finetune.train_ppo_diffusion_agent][INFO] - approx_kl: 0.0, update_epoch: 4, num_batch: 4
[2026-10-09 18:30:34,249][agent.finetune.train_ppo_diffusion_agent][INFO] - approx_kl: 0.0, update_epoch: 4, num_batch: 4
[2026-10-09 18:30:36,556][agent.finetune.train_ppo_diffusion_agent][INFO] - approx_kl: 0.0, update_epoch: 4, num_batch: 4
[2026-10-09 18:30:38,653][agent.finetune.train_ppo_diffusion_agent][INFO] - approx_kl: 0.0, update_epoch: 4, num_batch: 4
[2026-10-09 18:30:47,550][agent.finetune.train_ppo_diffusion_agent][INFO] - 62: step  4480000 | loss   0.0406 | pg loss   0.0000 | value loss   0.0813 | bc loss   0.0000 | reward 3362.5550 | eta   1.0000 | t: 65.1715 | kl_true_per_action=0.3483793380223044 | logratio_p99=0.8533377885818478 | clamp_hit_frac=0.00080625 | actor_step_ratio=1.0 | actor_step_clipfrac=0.0
[2026-10-09 18:31:01,989][agent.finetune.train_ppo_diffusion_agent][INFO] - approx_kl: 0.0, update_epoch: 0, num_batch: 4
[2026-10-09 18:31:04,207][agent.finetune.train_ppo_diffusion_agent][INFO] - approx_kl: 0.0, update_epoch: 0, num_batch: 4
[2026-10-09 18:31:06,530][agent.finetune.train_ppo_diffusion_agent][INFO] - approx_kl: 0.0, update_epoch: 0, num_batch: 4
[2026-10-09 18:31:08,644][agent.finetune.train_ppo_diffusion_agent][INFO] - approx_kl: 0.0, update_epoch: 0, num_batch: 4
[2026-10-09 18:31:10,862][agent.finetune.train_ppo_diffusion_agent][INFO] - approx_kl: 0.0, update_epoch: 1, num_batch: 4
[2026-10-09 18:31:13,186][agent.finetune.train_ppo_diffusion_agent][INFO] - approx_kl: 0.0, update_epoch: 1, num_batch: 4
[2026-10-09 18:31:15,304][agent.finetune.train_ppo_diffusion_agent][INFO] - approx_kl: 0.0, update_epoch: 1, num_batch: 4
[2026-10-09 18:31:17,553][agent.finetune.train_ppo_diffusion_agent][INFO] - approx_kl: 0.0, update_epoch: 1, num_batch: 4
[2026-10-09 18:31:19,765][agent.finetune.train_ppo_diffusion_agent][INFO] - approx_kl: 0.0, update_epoch: 2, num_batch: 4
[2026-10-09 18:31:22,072][agent.finetune.train_ppo_diffusion_agent][INFO] - approx_kl: 0.0, update_epoch: 2, num_batch: 4
[2026-10-09 18:31:24,176][agent.finetune.train_ppo_diffusion_agent][INFO] - approx_kl: 0.0, update_epoch: 2, num_batch: 4
[2026-10-09 18:31:26,384][agent.finetune.train_ppo_diffusion_agent][INFO] - approx_kl: 0.0, update_epoch: 2, num_batch: 4
[2026-10-09 18:31:28,599][agent.finetune.train_ppo_diffusion_agent][INFO] - approx_kl: 0.0, update_epoch: 3, num_batch: 4
[2026-10-09 18:31:30,905][agent.finetune.train_ppo_diffusion_agent][INFO] - approx_kl: 0.0, update_epoch: 3, num_batch: 4
[2026-10-09 18:31:33,017][agent.finetune.train_ppo_diffusion_agent][INFO] - approx_kl: 0.0, update_epoch: 3, num_batch: 4
[2026-10-09 18:31:35,236][agent.finetune.train_ppo_diffusion_agent][INFO] - approx_kl: 0.0, update_epoch: 3, num_batch: 4
[2026-10-09 18:31:37,447][agent.finetune.train_ppo_diffusion_agent][INFO] - approx_kl: 0.0, update_epoch: 4, num_batch: 4
[2026-10-09 18:31:39,784][agent.finetune.train_ppo_diffusion_agent][INFO] - approx_kl: 0.0, update_epoch: 4, num_batch: 4
[2026-10-09 18:31:41,906][agent.finetune.train_ppo_diffusion_agent][INFO] - approx_kl: 0.0, update_epoch: 4, num_batch: 4
[2026-10-09 18:31:44,126][agent.finetune.train_ppo_diffusion_agent][INFO] - approx_kl: 0.0, update_epoch: 4, num_batch: 4
[2026-10-09 18:31:53,028][agent.finetune.train_ppo_diffusion_agent][INFO] - 63: step  4560000 | loss   0.0414 | pg loss   0.0000 | value loss   0.0829 | bc loss   0.0000 | reward 3412.8685 | eta   1.0000 | t: 65.4777 | kl_true_per_action=0.32281423914449636 | logratio_p99=0.8328611540794364 | clamp_hit_frac=0.0007229166666666666 | actor_step_ratio=1.0 | actor_step_clipfrac=0.0
[2026-10-09 18:32:07,645][agent.finetune.train_ppo_diffusion_agent][INFO] - approx_kl: 0.0, update_epoch: 0, num_batch: 4
[2026-10-09 18:32:09,949][agent.finetune.train_ppo_diffusion_agent][INFO] - approx_kl: 0.0, update_epoch: 0, num_batch: 4
[2026-10-09 18:32:12,059][agent.finetune.train_ppo_diffusion_agent][INFO] - approx_kl: 0.0, update_epoch: 0, num_batch: 4
[2026-10-09 18:32:14,262][agent.finetune.train_ppo_diffusion_agent][INFO] - approx_kl: 0.0, update_epoch: 0, num_batch: 4
[2026-10-09 18:32:16,471][agent.finetune.train_ppo_diffusion_agent][INFO] - approx_kl: 0.0, update_epoch: 1, num_batch: 4
[2026-10-09 18:32:18,801][agent.finetune.train_ppo_diffusion_agent][INFO] - approx_kl: 0.0, update_epoch: 1, num_batch: 4
[2026-10-09 18:32:20,913][agent.finetune.train_ppo_diffusion_agent][INFO] - approx_kl: 0.0, update_epoch: 1, num_batch: 4
[2026-10-09 18:32:23,132][agent.finetune.train_ppo_diffusion_agent][INFO] - approx_kl: 0.0, update_epoch: 1, num_batch: 4
[2026-10-09 18:32:25,349][agent.finetune.train_ppo_diffusion_agent][INFO] - approx_kl: 0.0, update_epoch: 2, num_batch: 4
[2026-10-09 18:32:27,664][agent.finetune.train_ppo_diffusion_agent][INFO] - approx_kl: 0.0, update_epoch: 2, num_batch: 4
[2026-10-09 18:32:29,780][agent.finetune.train_ppo_diffusion_agent][INFO] - approx_kl: 0.0, update_epoch: 2, num_batch: 4
[2026-10-09 18:32:31,986][agent.finetune.train_ppo_diffusion_agent][INFO] - approx_kl: 0.0, update_epoch: 2, num_batch: 4
[2026-10-09 18:32:34,201][agent.finetune.train_ppo_diffusion_agent][INFO] - approx_kl: 0.0, update_epoch: 3, num_batch: 4
[2026-10-09 18:32:36,532][agent.finetune.train_ppo_diffusion_agent][INFO] - approx_kl: 0.0, update_epoch: 3, num_batch: 4
[2026-10-09 18:32:38,657][agent.finetune.train_ppo_diffusion_agent][INFO] - approx_kl: 0.0, update_epoch: 3, num_batch: 4
[2026-10-09 18:32:40,888][agent.finetune.train_ppo_diffusion_agent][INFO] - approx_kl: 0.0, update_epoch: 3, num_batch: 4
[2026-10-09 18:32:43,094][agent.finetune.train_ppo_diffusion_agent][INFO] - approx_kl: 0.0, update_epoch: 4, num_batch: 4
[2026-10-09 18:32:45,417][agent.finetune.train_ppo_diffusion_agent][INFO] - approx_kl: 0.0, update_epoch: 4, num_batch: 4
[2026-10-09 18:32:47,598][agent.finetune.train_ppo_diffusion_agent][INFO] - approx_kl: 0.0, update_epoch: 4, num_batch: 4
[2026-10-09 18:32:49,784][agent.finetune.train_ppo_diffusion_agent][INFO] - approx_kl: 0.0, update_epoch: 4, num_batch: 4
[2026-10-09 18:32:58,648][agent.finetune.train_ppo_diffusion_agent][INFO] - 64: step  4640000 | loss   0.0417 | pg loss   0.0000 | value loss   0.0835 | bc loss   0.0000 | reward 3525.6523 | eta   1.0000 | t: 65.6202 | kl_true_per_action=0.414219957156936 | logratio_p99=0.9535630297660825 | clamp_hit_frac=0.0008125 | actor_step_ratio=1.0 | actor_step_clipfrac=0.0
[2026-10-09 18:33:13,199][agent.finetune.train_ppo_diffusion_agent][INFO] - approx_kl: 0.0, update_epoch: 0, num_batch: 4
[2026-10-09 18:33:15,516][agent.finetune.train_ppo_diffusion_agent][INFO] - approx_kl: 0.0, update_epoch: 0, num_batch: 4
[2026-10-09 18:33:17,633][agent.finetune.train_ppo_diffusion_agent][INFO] - approx_kl: 0.0, update_epoch: 0, num_batch: 4
[2026-10-09 18:33:19,866][agent.finetune.train_ppo_diffusion_agent][INFO] - approx_kl: 0.0, update_epoch: 0, num_batch: 4
[2026-10-09 18:33:22,074][agent.finetune.train_ppo_diffusion_agent][INFO] - approx_kl: 0.0, update_epoch: 1, num_batch: 4
[2026-10-09 18:33:24,385][agent.finetune.train_ppo_diffusion_agent][INFO] - approx_kl: 0.0, update_epoch: 1, num_batch: 4
[2026-10-09 18:33:26,496][agent.finetune.train_ppo_diffusion_agent][INFO] - approx_kl: 0.0, update_epoch: 1, num_batch: 4
[2026-10-09 18:33:28,704][agent.finetune.train_ppo_diffusion_agent][INFO] - approx_kl: 0.0, update_epoch: 1, num_batch: 4
[2026-10-09 18:33:30,918][agent.finetune.train_ppo_diffusion_agent][INFO] - approx_kl: 0.0, update_epoch: 2, num_batch: 4
[2026-10-09 18:33:33,224][agent.finetune.train_ppo_diffusion_agent][INFO] - approx_kl: 0.0, update_epoch: 2, num_batch: 4
[2026-10-09 18:33:35,360][agent.finetune.train_ppo_diffusion_agent][INFO] - approx_kl: 0.0, update_epoch: 2, num_batch: 4
[2026-10-09 18:33:37,554][agent.finetune.train_ppo_diffusion_agent][INFO] - approx_kl: 0.0, update_epoch: 2, num_batch: 4
[2026-10-09 18:33:39,748][agent.finetune.train_ppo_diffusion_agent][INFO] - approx_kl: 0.0, update_epoch: 3, num_batch: 4
[2026-10-09 18:33:42,047][agent.finetune.train_ppo_diffusion_agent][INFO] - approx_kl: 0.0, update_epoch: 3, num_batch: 4
[2026-10-09 18:33:44,146][agent.finetune.train_ppo_diffusion_agent][INFO] - approx_kl: 0.0, update_epoch: 3, num_batch: 4
[2026-10-09 18:33:46,346][agent.finetune.train_ppo_diffusion_agent][INFO] - approx_kl: 0.0, update_epoch: 3, num_batch: 4
[2026-10-09 18:33:48,588][agent.finetune.train_ppo_diffusion_agent][INFO] - approx_kl: 0.0, update_epoch: 4, num_batch: 4
[2026-10-09 18:33:50,889][agent.finetune.train_ppo_diffusion_agent][INFO] - approx_kl: 0.0, update_epoch: 4, num_batch: 4
[2026-10-09 18:33:52,996][agent.finetune.train_ppo_diffusion_agent][INFO] - approx_kl: 0.0, update_epoch: 4, num_batch: 4
[2026-10-09 18:33:55,198][agent.finetune.train_ppo_diffusion_agent][INFO] - approx_kl: 0.0, update_epoch: 4, num_batch: 4
[2026-10-09 18:34:04,034][agent.finetune.train_ppo_diffusion_agent][INFO] - 65: step  4720000 | loss   0.0422 | pg loss  -0.0000 | value loss   0.0844 | bc loss   0.0000 | reward 3571.6801 | eta   1.0000 | t: 65.3861 | kl_true_per_action=0.394528461252174 | logratio_p99=0.926054176092146 | clamp_hit_frac=0.00079375 | actor_step_ratio=1.0 | actor_step_clipfrac=0.0
[2026-10-09 18:34:18,625][agent.finetune.train_ppo_diffusion_agent][INFO] - approx_kl: 0.0, update_epoch: 0, num_batch: 4
[2026-10-09 18:34:20,933][agent.finetune.train_ppo_diffusion_agent][INFO] - approx_kl: 0.0, update_epoch: 0, num_batch: 4
[2026-10-09 18:34:23,038][agent.finetune.train_ppo_diffusion_agent][INFO] - approx_kl: 0.0, update_epoch: 0, num_batch: 4
[2026-10-09 18:34:25,225][agent.finetune.train_ppo_diffusion_agent][INFO] - approx_kl: 0.0, update_epoch: 0, num_batch: 4
[2026-10-09 18:34:27,429][agent.finetune.train_ppo_diffusion_agent][INFO] - approx_kl: 0.0, update_epoch: 1, num_batch: 4
[2026-10-09 18:34:29,737][agent.finetune.train_ppo_diffusion_agent][INFO] - approx_kl: 0.0, update_epoch: 1, num_batch: 4
[2026-10-09 18:34:31,846][agent.finetune.train_ppo_diffusion_agent][INFO] - approx_kl: 0.0, update_epoch: 1, num_batch: 4
[2026-10-09 18:34:34,051][agent.finetune.train_ppo_diffusion_agent][INFO] - approx_kl: 0.0, update_epoch: 1, num_batch: 4
[2026-10-09 18:34:36,261][agent.finetune.train_ppo_diffusion_agent][INFO] - approx_kl: 0.0, update_epoch: 2, num_batch: 4
[2026-10-09 18:34:38,588][agent.finetune.train_ppo_diffusion_agent][INFO] - approx_kl: 0.0, update_epoch: 2, num_batch: 4
[2026-10-09 18:34:40,698][agent.finetune.train_ppo_diffusion_agent][INFO] - approx_kl: 0.0, update_epoch: 2, num_batch: 4
[2026-10-09 18:34:42,900][agent.finetune.train_ppo_diffusion_agent][INFO] - approx_kl: 0.0, update_epoch: 2, num_batch: 4
[2026-10-09 18:34:45,118][agent.finetune.train_ppo_diffusion_agent][INFO] - approx_kl: 0.0, update_epoch: 3, num_batch: 4
[2026-10-09 18:34:47,436][agent.finetune.train_ppo_diffusion_agent][INFO] - approx_kl: 0.0, update_epoch: 3, num_batch: 4
[2026-10-09 18:34:49,560][agent.finetune.train_ppo_diffusion_agent][INFO] - approx_kl: 0.0, update_epoch: 3, num_batch: 4
[2026-10-09 18:34:51,772][agent.finetune.train_ppo_diffusion_agent][INFO] - approx_kl: 0.0, update_epoch: 3, num_batch: 4
[2026-10-09 18:34:53,975][agent.finetune.train_ppo_diffusion_agent][INFO] - approx_kl: 0.0, update_epoch: 4, num_batch: 4
[2026-10-09 18:34:56,291][agent.finetune.train_ppo_diffusion_agent][INFO] - approx_kl: 0.0, update_epoch: 4, num_batch: 4
[2026-10-09 18:34:58,429][agent.finetune.train_ppo_diffusion_agent][INFO] - approx_kl: 0.0, update_epoch: 4, num_batch: 4
[2026-10-09 18:35:00,654][agent.finetune.train_ppo_diffusion_agent][INFO] - approx_kl: 0.0, update_epoch: 4, num_batch: 4
[2026-10-09 18:35:09,588][agent.finetune.train_ppo_diffusion_agent][INFO] - 66: step  4800000 | loss   0.0457 | pg loss   0.0000 | value loss   0.0915 | bc loss   0.0000 | reward 3616.0734 | eta   1.0000 | t: 65.5543 | kl_true_per_action=0.3791460017657897 | logratio_p99=0.892598917484283 | clamp_hit_frac=0.0007791666666666666 | actor_step_ratio=1.0 | actor_step_clipfrac=0.0
[2026-10-09 18:35:24,265][agent.finetune.train_ppo_diffusion_agent][INFO] - approx_kl: 0.0, update_epoch: 0, num_batch: 4
[2026-10-09 18:35:26,371][agent.finetune.train_ppo_diffusion_agent][INFO] - approx_kl: 0.0, update_epoch: 0, num_batch: 4
[2026-10-09 18:35:28,576][agent.finetune.train_ppo_diffusion_agent][INFO] - approx_kl: 0.0, update_epoch: 0, num_batch: 4
[2026-10-09 18:35:30,827][agent.finetune.train_ppo_diffusion_agent][INFO] - approx_kl: 0.0, update_epoch: 0, num_batch: 4
[2026-10-09 18:35:33,135][agent.finetune.train_ppo_diffusion_agent][INFO] - approx_kl: 0.0, update_epoch: 1, num_batch: 4
[2026-10-09 18:35:35,254][agent.finetune.train_ppo_diffusion_agent][INFO] - approx_kl: 0.0, update_epoch: 1, num_batch: 4
[2026-10-09 18:35:37,458][agent.finetune.train_ppo_diffusion_agent][INFO] - approx_kl: 0.0, update_epoch: 1, num_batch: 4
[2026-10-09 18:35:39,659][agent.finetune.train_ppo_diffusion_agent][INFO] - approx_kl: 0.0, update_epoch: 1, num_batch: 4
[2026-10-09 18:35:41,963][agent.finetune.train_ppo_diffusion_agent][INFO] - approx_kl: 0.0, update_epoch: 2, num_batch: 4
[2026-10-09 18:35:44,078][agent.finetune.train_ppo_diffusion_agent][INFO] - approx_kl: 0.0, update_epoch: 2, num_batch: 4
[2026-10-09 18:35:46,285][agent.finetune.train_ppo_diffusion_agent][INFO] - approx_kl: 0.0, update_epoch: 2, num_batch: 4
[2026-10-09 18:35:48,506][agent.finetune.train_ppo_diffusion_agent][INFO] - approx_kl: 0.0, update_epoch: 2, num_batch: 4
[2026-10-09 18:35:50,842][agent.finetune.train_ppo_diffusion_agent][INFO] - approx_kl: 0.0, update_epoch: 3, num_batch: 4
[2026-10-09 18:35:52,965][agent.finetune.train_ppo_diffusion_agent][INFO] - approx_kl: 0.0, update_epoch: 3, num_batch: 4
[2026-10-09 18:35:55,183][agent.finetune.train_ppo_diffusion_agent][INFO] - approx_kl: 0.0, update_epoch: 3, num_batch: 4
[2026-10-09 18:35:57,408][agent.finetune.train_ppo_diffusion_agent][INFO] - approx_kl: 0.0, update_epoch: 3, num_batch: 4
[2026-10-09 18:35:59,740][agent.finetune.train_ppo_diffusion_agent][INFO] - approx_kl: 0.0, update_epoch: 4, num_batch: 4
[2026-10-09 18:36:01,863][agent.finetune.train_ppo_diffusion_agent][INFO] - approx_kl: 0.0, update_epoch: 4, num_batch: 4
[2026-10-09 18:36:04,094][agent.finetune.train_ppo_diffusion_agent][INFO] - approx_kl: 0.0, update_epoch: 4, num_batch: 4
[2026-10-09 18:36:06,300][agent.finetune.train_ppo_diffusion_agent][INFO] - approx_kl: 0.0, update_epoch: 4, num_batch: 4
[2026-10-09 18:36:15,118][agent.finetune.train_ppo_diffusion_agent][INFO] - 67: step  4880000 | loss   0.0478 | pg loss   0.0000 | value loss   0.0956 | bc loss   0.0000 | reward 3797.4414 | eta   1.0000 | t: 65.5295 | kl_true_per_action=0.44170648017368774 | logratio_p99=0.9759436357021332 | clamp_hit_frac=0.0007666666666666667 | actor_step_ratio=1.0 | actor_step_clipfrac=0.0
[2026-10-09 18:36:29,814][agent.finetune.train_ppo_diffusion_agent][INFO] - approx_kl: 0.0, update_epoch: 0, num_batch: 4
[2026-10-09 18:36:31,968][agent.finetune.train_ppo_diffusion_agent][INFO] - approx_kl: 0.0, update_epoch: 0, num_batch: 4
[2026-10-09 18:36:34,166][agent.finetune.train_ppo_diffusion_agent][INFO] - approx_kl: 0.0, update_epoch: 0, num_batch: 4
[2026-10-09 18:36:36,384][agent.finetune.train_ppo_diffusion_agent][INFO] - approx_kl: 0.0, update_epoch: 0, num_batch: 4
[2026-10-09 18:36:38,706][agent.finetune.train_ppo_diffusion_agent][INFO] - approx_kl: 0.0, update_epoch: 1, num_batch: 4
[2026-10-09 18:36:40,819][agent.finetune.train_ppo_diffusion_agent][INFO] - approx_kl: 0.0, update_epoch: 1, num_batch: 4
[2026-10-09 18:36:43,027][agent.finetune.train_ppo_diffusion_agent][INFO] - approx_kl: 0.0, update_epoch: 1, num_batch: 4
[2026-10-09 18:36:45,233][agent.finetune.train_ppo_diffusion_agent][INFO] - approx_kl: 0.0, update_epoch: 1, num_batch: 4
[2026-10-09 18:36:47,559][agent.finetune.train_ppo_diffusion_agent][INFO] - approx_kl: 0.0, update_epoch: 2, num_batch: 4
[2026-10-09 18:36:49,671][agent.finetune.train_ppo_diffusion_agent][INFO] - approx_kl: 0.0, update_epoch: 2, num_batch: 4
[2026-10-09 18:36:51,890][agent.finetune.train_ppo_diffusion_agent][INFO] - approx_kl: 0.0, update_epoch: 2, num_batch: 4
[2026-10-09 18:36:54,101][agent.finetune.train_ppo_diffusion_agent][INFO] - approx_kl: 0.0, update_epoch: 2, num_batch: 4
[2026-10-09 18:36:56,412][agent.finetune.train_ppo_diffusion_agent][INFO] - approx_kl: 0.0, update_epoch: 3, num_batch: 4
[2026-10-09 18:36:58,523][agent.finetune.train_ppo_diffusion_agent][INFO] - approx_kl: 0.0, update_epoch: 3, num_batch: 4
[2026-10-09 18:37:00,750][agent.finetune.train_ppo_diffusion_agent][INFO] - approx_kl: 0.0, update_epoch: 3, num_batch: 4
[2026-10-09 18:37:02,978][agent.finetune.train_ppo_diffusion_agent][INFO] - approx_kl: 0.0, update_epoch: 3, num_batch: 4
[2026-10-09 18:37:05,300][agent.finetune.train_ppo_diffusion_agent][INFO] - approx_kl: 0.0, update_epoch: 4, num_batch: 4
[2026-10-09 18:37:07,414][agent.finetune.train_ppo_diffusion_agent][INFO] - approx_kl: 0.0, update_epoch: 4, num_batch: 4
[2026-10-09 18:37:09,624][agent.finetune.train_ppo_diffusion_agent][INFO] - approx_kl: 0.0, update_epoch: 4, num_batch: 4
[2026-10-09 18:37:11,826][agent.finetune.train_ppo_diffusion_agent][INFO] - approx_kl: 0.0, update_epoch: 4, num_batch: 4
[2026-10-09 18:37:20,723][agent.finetune.train_ppo_diffusion_agent][INFO] - 68: step  4960000 | loss   0.0483 | pg loss  -0.0000 | value loss   0.0966 | bc loss   0.0000 | reward 3801.6688 | eta   1.0000 | t: 65.6054 | kl_true_per_action=0.37845908626401636 | logratio_p99=0.9146347141265863 | clamp_hit_frac=0.0008083333333333333 | actor_step_ratio=1.0 | actor_step_clipfrac=0.0
[2026-10-09 18:37:35,391][agent.finetune.train_ppo_diffusion_agent][INFO] - approx_kl: 0.0, update_epoch: 0, num_batch: 4
[2026-10-09 18:37:37,479][agent.finetune.train_ppo_diffusion_agent][INFO] - approx_kl: 0.0, update_epoch: 0, num_batch: 4
[2026-10-09 18:37:39,657][agent.finetune.train_ppo_diffusion_agent][INFO] - approx_kl: 0.0, update_epoch: 0, num_batch: 4
[2026-10-09 18:37:41,937][agent.finetune.train_ppo_diffusion_agent][INFO] - approx_kl: 0.0, update_epoch: 0, num_batch: 4
[2026-10-09 18:37:44,023][agent.finetune.train_ppo_diffusion_agent][INFO] - approx_kl: 0.0, update_epoch: 1, num_batch: 4
[2026-10-09 18:37:46,229][agent.finetune.train_ppo_diffusion_agent][INFO] - approx_kl: 0.0, update_epoch: 1, num_batch: 4
[2026-10-09 18:37:48,433][agent.finetune.train_ppo_diffusion_agent][INFO] - approx_kl: 0.0, update_epoch: 1, num_batch: 4
[2026-10-09 18:37:50,735][agent.finetune.train_ppo_diffusion_agent][INFO] - approx_kl: 0.0, update_epoch: 1, num_batch: 4
[2026-10-09 18:37:52,850][agent.finetune.train_ppo_diffusion_agent][INFO] - approx_kl: 0.0, update_epoch: 2, num_batch: 4
[2026-10-09 18:37:55,057][agent.finetune.train_ppo_diffusion_agent][INFO] - approx_kl: 0.0, update_epoch: 2, num_batch: 4
[2026-10-09 18:37:57,253][agent.finetune.train_ppo_diffusion_agent][INFO] - approx_kl: 0.0, update_epoch: 2, num_batch: 4
[2026-10-09 18:37:59,552][agent.finetune.train_ppo_diffusion_agent][INFO] - approx_kl: 0.0, update_epoch: 2, num_batch: 4
[2026-10-09 18:38:01,660][agent.finetune.train_ppo_diffusion_agent][INFO] - approx_kl: 0.0, update_epoch: 3, num_batch: 4
[2026-10-09 18:38:03,880][agent.finetune.train_ppo_diffusion_agent][INFO] - approx_kl: 0.0, update_epoch: 3, num_batch: 4
[2026-10-09 18:38:06,073][agent.finetune.train_ppo_diffusion_agent][INFO] - approx_kl: 0.0, update_epoch: 3, num_batch: 4
[2026-10-09 18:38:08,369][agent.finetune.train_ppo_diffusion_agent][INFO] - approx_kl: 0.0, update_epoch: 3, num_batch: 4
[2026-10-09 18:38:10,480][agent.finetune.train_ppo_diffusion_agent][INFO] - approx_kl: 0.0, update_epoch: 4, num_batch: 4
[2026-10-09 18:38:12,689][agent.finetune.train_ppo_diffusion_agent][INFO] - approx_kl: 0.0, update_epoch: 4, num_batch: 4
[2026-10-09 18:38:14,900][agent.finetune.train_ppo_diffusion_agent][INFO] - approx_kl: 0.0, update_epoch: 4, num_batch: 4
[2026-10-09 18:38:17,202][agent.finetune.train_ppo_diffusion_agent][INFO] - approx_kl: 0.0, update_epoch: 4, num_batch: 4
[2026-10-09 18:38:26,152][agent.finetune.train_ppo_diffusion_agent][INFO] - 69: step  5040000 | loss   0.0494 | pg loss  -0.0000 | value loss   0.0988 | bc loss   0.0000 | reward 3805.4442 | eta   1.0000 | t: 65.4284 | kl_true_per_action=0.33550980032994066 | logratio_p99=0.8362405204772947 | clamp_hit_frac=0.0008416666666666667 | actor_step_ratio=1.0 | actor_step_clipfrac=0.0
[2026-10-09 18:38:38,482][agent.finetune.train_agent][INFO] - Saved model to /soalnas/share/data/zbao7/diffusion_policy/results/stage2_noclip/runs/NC4_lr1e-3_seed1/native/checkpoint/state_70.pt
[2026-10-09 18:38:38,482][agent.finetune.train_ppo_diffusion_agent][INFO] - eval: success rate   0.9875 | avg episode reward 3947.8407 | avg best reward   6.0304
[2026-10-09 18:38:52,962][agent.finetune.train_ppo_diffusion_agent][INFO] - approx_kl: 0.0, update_epoch: 0, num_batch: 4
[2026-10-09 18:38:55,192][agent.finetune.train_ppo_diffusion_agent][INFO] - approx_kl: 0.0, update_epoch: 0, num_batch: 4
[2026-10-09 18:38:57,438][agent.finetune.train_ppo_diffusion_agent][INFO] - approx_kl: 0.0, update_epoch: 0, num_batch: 4
[2026-10-09 18:38:59,781][agent.finetune.train_ppo_diffusion_agent][INFO] - approx_kl: 0.0, update_epoch: 0, num_batch: 4
[2026-10-09 18:39:01,949][agent.finetune.train_ppo_diffusion_agent][INFO] - approx_kl: 0.0, update_epoch: 1, num_batch: 4
[2026-10-09 18:39:04,222][agent.finetune.train_ppo_diffusion_agent][INFO] - approx_kl: 0.0, update_epoch: 1, num_batch: 4
[2026-10-09 18:39:06,492][agent.finetune.train_ppo_diffusion_agent][INFO] - approx_kl: 0.0, update_epoch: 1, num_batch: 4
[2026-10-09 18:39:08,850][agent.finetune.train_ppo_diffusion_agent][INFO] - approx_kl: 0.0, update_epoch: 1, num_batch: 4
[2026-10-09 18:39:11,030][agent.finetune.train_ppo_diffusion_agent][INFO] - approx_kl: 0.0, update_epoch: 2, num_batch: 4
[2026-10-09 18:39:13,250][agent.finetune.train_ppo_diffusion_agent][INFO] - approx_kl: 0.0, update_epoch: 2, num_batch: 4
[2026-10-09 18:39:15,469][agent.finetune.train_ppo_diffusion_agent][INFO] - approx_kl: 0.0, update_epoch: 2, num_batch: 4
[2026-10-09 18:39:17,771][agent.finetune.train_ppo_diffusion_agent][INFO] - approx_kl: 0.0, update_epoch: 2, num_batch: 4
[2026-10-09 18:39:19,872][agent.finetune.train_ppo_diffusion_agent][INFO] - approx_kl: 0.0, update_epoch: 3, num_batch: 4
[2026-10-09 18:39:22,097][agent.finetune.train_ppo_diffusion_agent][INFO] - approx_kl: 0.0, update_epoch: 3, num_batch: 4
[2026-10-09 18:39:24,341][agent.finetune.train_ppo_diffusion_agent][INFO] - approx_kl: 0.0, update_epoch: 3, num_batch: 4
[2026-10-09 18:39:26,661][agent.finetune.train_ppo_diffusion_agent][INFO] - approx_kl: 0.0, update_epoch: 3, num_batch: 4
[2026-10-09 18:39:28,780][agent.finetune.train_ppo_diffusion_agent][INFO] - approx_kl: 0.0, update_epoch: 4, num_batch: 4
[2026-10-09 18:39:30,993][agent.finetune.train_ppo_diffusion_agent][INFO] - approx_kl: 0.0, update_epoch: 4, num_batch: 4
[2026-10-09 18:39:33,200][agent.finetune.train_ppo_diffusion_agent][INFO] - approx_kl: 0.0, update_epoch: 4, num_batch: 4
[2026-10-09 18:39:35,524][agent.finetune.train_ppo_diffusion_agent][INFO] - approx_kl: 0.0, update_epoch: 4, num_batch: 4
[2026-10-09 18:39:44,822][agent.finetune.train_ppo_diffusion_agent][INFO] - 71: step  5120000 | loss   0.0508 | pg loss  -0.0000 | value loss   0.1016 | bc loss   0.0000 | reward 3846.8549 | eta   1.0000 | t: 66.3402 | kl_true_per_action=0.3822546955332443 | logratio_p99=0.9227557897567706 | clamp_hit_frac=0.0008458333333333333 | actor_step_ratio=1.0 | actor_step_clipfrac=0.0
[2026-10-09 18:39:59,398][agent.finetune.train_ppo_diffusion_agent][INFO] - approx_kl: 0.0, update_epoch: 0, num_batch: 4
[2026-10-09 18:40:01,635][agent.finetune.train_ppo_diffusion_agent][INFO] - approx_kl: 0.0, update_epoch: 0, num_batch: 4
[2026-10-09 18:40:03,834][agent.finetune.train_ppo_diffusion_agent][INFO] - approx_kl: 0.0, update_epoch: 0, num_batch: 4
[2026-10-09 18:40:06,165][agent.finetune.train_ppo_diffusion_agent][INFO] - approx_kl: 0.0, update_epoch: 0, num_batch: 4
[2026-10-09 18:40:08,293][agent.finetune.train_ppo_diffusion_agent][INFO] - approx_kl: 0.0, update_epoch: 1, num_batch: 4
[2026-10-09 18:40:10,507][agent.finetune.train_ppo_diffusion_agent][INFO] - approx_kl: 0.0, update_epoch: 1, num_batch: 4
[2026-10-09 18:40:12,720][agent.finetune.train_ppo_diffusion_agent][INFO] - approx_kl: 0.0, update_epoch: 1, num_batch: 4
[2026-10-09 18:40:15,047][agent.finetune.train_ppo_diffusion_agent][INFO] - approx_kl: 0.0, update_epoch: 1, num_batch: 4
[2026-10-09 18:40:17,169][agent.finetune.train_ppo_diffusion_agent][INFO] - approx_kl: 0.0, update_epoch: 2, num_batch: 4
[2026-10-09 18:40:19,394][agent.finetune.train_ppo_diffusion_agent][INFO] - approx_kl: 0.0, update_epoch: 2, num_batch: 4
[2026-10-09 18:40:21,619][agent.finetune.train_ppo_diffusion_agent][INFO] - approx_kl: 0.0, update_epoch: 2, num_batch: 4
[2026-10-09 18:40:23,938][agent.finetune.train_ppo_diffusion_agent][INFO] - approx_kl: 0.0, update_epoch: 2, num_batch: 4
[2026-10-09 18:40:26,063][agent.finetune.train_ppo_diffusion_agent][INFO] - approx_kl: 0.0, update_epoch: 3, num_batch: 4
[2026-10-09 18:40:28,307][agent.finetune.train_ppo_diffusion_agent][INFO] - approx_kl: 0.0, update_epoch: 3, num_batch: 4
[2026-10-09 18:40:30,526][agent.finetune.train_ppo_diffusion_agent][INFO] - approx_kl: 0.0, update_epoch: 3, num_batch: 4
[2026-10-09 18:40:32,858][agent.finetune.train_ppo_diffusion_agent][INFO] - approx_kl: 0.0, update_epoch: 3, num_batch: 4
[2026-10-09 18:40:34,997][agent.finetune.train_ppo_diffusion_agent][INFO] - approx_kl: 0.0, update_epoch: 4, num_batch: 4
[2026-10-09 18:40:37,242][agent.finetune.train_ppo_diffusion_agent][INFO] - approx_kl: 0.0, update_epoch: 4, num_batch: 4
[2026-10-09 18:40:39,459][agent.finetune.train_ppo_diffusion_agent][INFO] - approx_kl: 0.0, update_epoch: 4, num_batch: 4
[2026-10-09 18:40:41,768][agent.finetune.train_ppo_diffusion_agent][INFO] - approx_kl: 0.0, update_epoch: 4, num_batch: 4
[2026-10-09 18:40:50,680][agent.finetune.train_ppo_diffusion_agent][INFO] - 72: step  5200000 | loss   0.0493 | pg loss  -0.0000 | value loss   0.0986 | bc loss   0.0000 | reward 3634.5219 | eta   1.0000 | t: 65.8576 | kl_true_per_action=0.4062226707729052 | logratio_p99=0.933060684204101 | clamp_hit_frac=0.00079375 | actor_step_ratio=1.0 | actor_step_clipfrac=0.0
[2026-10-09 18:41:05,477][agent.finetune.train_ppo_diffusion_agent][INFO] - approx_kl: 0.0, update_epoch: 0, num_batch: 4
[2026-10-09 18:41:07,707][agent.finetune.train_ppo_diffusion_agent][INFO] - approx_kl: 0.0, update_epoch: 0, num_batch: 4
[2026-10-09 18:41:09,906][agent.finetune.train_ppo_diffusion_agent][INFO] - approx_kl: 0.0, update_epoch: 0, num_batch: 4
[2026-10-09 18:41:12,208][agent.finetune.train_ppo_diffusion_agent][INFO] - approx_kl: 0.0, update_epoch: 0, num_batch: 4
[2026-10-09 18:41:14,320][agent.finetune.train_ppo_diffusion_agent][INFO] - approx_kl: 0.0, update_epoch: 1, num_batch: 4
[2026-10-09 18:41:16,512][agent.finetune.train_ppo_diffusion_agent][INFO] - approx_kl: 0.0, update_epoch: 1, num_batch: 4
[2026-10-09 18:41:18,698][agent.finetune.train_ppo_diffusion_agent][INFO] - approx_kl: 0.0, update_epoch: 1, num_batch: 4
[2026-10-09 18:41:20,983][agent.finetune.train_ppo_diffusion_agent][INFO] - approx_kl: 0.0, update_epoch: 1, num_batch: 4
[2026-10-09 18:41:23,078][agent.finetune.train_ppo_diffusion_agent][INFO] - approx_kl: 0.0, update_epoch: 2, num_batch: 4
[2026-10-09 18:41:25,256][agent.finetune.train_ppo_diffusion_agent][INFO] - approx_kl: 0.0, update_epoch: 2, num_batch: 4
[2026-10-09 18:41:27,446][agent.finetune.train_ppo_diffusion_agent][INFO] - approx_kl: 0.0, update_epoch: 2, num_batch: 4
[2026-10-09 18:41:29,722][agent.finetune.train_ppo_diffusion_agent][INFO] - approx_kl: 0.0, update_epoch: 2, num_batch: 4
[2026-10-09 18:41:31,810][agent.finetune.train_ppo_diffusion_agent][INFO] - approx_kl: 0.0, update_epoch: 3, num_batch: 4
[2026-10-09 18:41:33,987][agent.finetune.train_ppo_diffusion_agent][INFO] - approx_kl: 0.0, update_epoch: 3, num_batch: 4
[2026-10-09 18:41:36,185][agent.finetune.train_ppo_diffusion_agent][INFO] - approx_kl: 0.0, update_epoch: 3, num_batch: 4
[2026-10-09 18:41:38,493][agent.finetune.train_ppo_diffusion_agent][INFO] - approx_kl: 0.0, update_epoch: 3, num_batch: 4
[2026-10-09 18:41:40,586][agent.finetune.train_ppo_diffusion_agent][INFO] - approx_kl: 0.0, update_epoch: 4, num_batch: 4
[2026-10-09 18:41:42,772][agent.finetune.train_ppo_diffusion_agent][INFO] - approx_kl: 0.0, update_epoch: 4, num_batch: 4
[2026-10-09 18:41:44,941][agent.finetune.train_ppo_diffusion_agent][INFO] - approx_kl: 0.0, update_epoch: 4, num_batch: 4
[2026-10-09 18:41:47,228][agent.finetune.train_ppo_diffusion_agent][INFO] - approx_kl: 0.0, update_epoch: 4, num_batch: 4
[2026-10-09 18:41:56,058][agent.finetune.train_ppo_diffusion_agent][INFO] - 73: step  5280000 | loss   0.0509 | pg loss   0.0000 | value loss   0.1017 | bc loss   0.0000 | reward 3808.6149 | eta   1.0000 | t: 65.3782 | kl_true_per_action=0.4013927075642286 | logratio_p99=0.948167528510091 | clamp_hit_frac=0.0007791666666666666 | actor_step_ratio=1.0 | actor_step_clipfrac=0.0
[2026-10-09 18:42:11,851][agent.finetune.train_ppo_diffusion_agent][INFO] - approx_kl: 0.0, update_epoch: 0, num_batch: 4
[2026-10-09 18:42:14,042][agent.finetune.train_ppo_diffusion_agent][INFO] - approx_kl: 0.0, update_epoch: 0, num_batch: 4
[2026-10-09 18:42:16,336][agent.finetune.train_ppo_diffusion_agent][INFO] - approx_kl: 0.0, update_epoch: 0, num_batch: 4
[2026-10-09 18:42:18,447][agent.finetune.train_ppo_diffusion_agent][INFO] - approx_kl: 0.0, update_epoch: 0, num_batch: 4
[2026-10-09 18:42:20,655][agent.finetune.train_ppo_diffusion_agent][INFO] - approx_kl: 0.0, update_epoch: 1, num_batch: 4
[2026-10-09 18:42:22,848][agent.finetune.train_ppo_diffusion_agent][INFO] - approx_kl: 0.0, update_epoch: 1, num_batch: 4
[2026-10-09 18:42:25,169][agent.finetune.train_ppo_diffusion_agent][INFO] - approx_kl: 0.0, update_epoch: 1, num_batch: 4
[2026-10-09 18:42:27,293][agent.finetune.train_ppo_diffusion_agent][INFO] - approx_kl: 0.0, update_epoch: 1, num_batch: 4
[2026-10-09 18:42:29,521][agent.finetune.train_ppo_diffusion_agent][INFO] - approx_kl: 0.0, update_epoch: 2, num_batch: 4
[2026-10-09 18:42:31,751][agent.finetune.train_ppo_diffusion_agent][INFO] - approx_kl: 0.0, update_epoch: 2, num_batch: 4
[2026-10-09 18:42:34,081][agent.finetune.train_ppo_diffusion_agent][INFO] - approx_kl: 0.0, update_epoch: 2, num_batch: 4
[2026-10-09 18:42:36,203][agent.finetune.train_ppo_diffusion_agent][INFO] - approx_kl: 0.0, update_epoch: 2, num_batch: 4
[2026-10-09 18:42:38,409][agent.finetune.train_ppo_diffusion_agent][INFO] - approx_kl: 0.0, update_epoch: 3, num_batch: 4
[2026-10-09 18:42:40,622][agent.finetune.train_ppo_diffusion_agent][INFO] - approx_kl: 0.0, update_epoch: 3, num_batch: 4
[2026-10-09 18:42:42,948][agent.finetune.train_ppo_diffusion_agent][INFO] - approx_kl: 0.0, update_epoch: 3, num_batch: 4
[2026-10-09 18:42:45,053][agent.finetune.train_ppo_diffusion_agent][INFO] - approx_kl: 0.0, update_epoch: 3, num_batch: 4
[2026-10-09 18:42:47,272][agent.finetune.train_ppo_diffusion_agent][INFO] - approx_kl: 0.0, update_epoch: 4, num_batch: 4
[2026-10-09 18:42:49,481][agent.finetune.train_ppo_diffusion_agent][INFO] - approx_kl: 0.0, update_epoch: 4, num_batch: 4
[2026-10-09 18:42:51,795][agent.finetune.train_ppo_diffusion_agent][INFO] - approx_kl: 0.0, update_epoch: 4, num_batch: 4
[2026-10-09 18:42:53,907][agent.finetune.train_ppo_diffusion_agent][INFO] - approx_kl: 0.0, update_epoch: 4, num_batch: 4
[2026-10-09 18:43:02,839][agent.finetune.train_ppo_diffusion_agent][INFO] - 74: step  5360000 | loss   0.0526 | pg loss  -0.0000 | value loss   0.1051 | bc loss   0.0000 | reward 3652.2034 | eta   1.0000 | t: 66.7808 | kl_true_per_action=0.46998788824774934 | logratio_p99=1.0012605154514311 | clamp_hit_frac=0.0008104166666666666 | actor_step_ratio=1.0 | actor_step_clipfrac=0.0
[2026-10-09 18:43:17,727][agent.finetune.train_ppo_diffusion_agent][INFO] - approx_kl: 0.0, update_epoch: 0, num_batch: 4
[2026-10-09 18:43:19,948][agent.finetune.train_ppo_diffusion_agent][INFO] - approx_kl: 0.0, update_epoch: 0, num_batch: 4
[2026-10-09 18:43:22,286][agent.finetune.train_ppo_diffusion_agent][INFO] - approx_kl: 0.0, update_epoch: 0, num_batch: 4
[2026-10-09 18:43:24,456][agent.finetune.train_ppo_diffusion_agent][INFO] - approx_kl: 0.0, update_epoch: 0, num_batch: 4
[2026-10-09 18:43:26,684][agent.finetune.train_ppo_diffusion_agent][INFO] - approx_kl: 0.0, update_epoch: 1, num_batch: 4
[2026-10-09 18:43:28,907][agent.finetune.train_ppo_diffusion_agent][INFO] - approx_kl: 0.0, update_epoch: 1, num_batch: 4
[2026-10-09 18:43:31,261][agent.finetune.train_ppo_diffusion_agent][INFO] - approx_kl: 0.0, update_epoch: 1, num_batch: 4
[2026-10-09 18:43:33,379][agent.finetune.train_ppo_diffusion_agent][INFO] - approx_kl: 0.0, update_epoch: 1, num_batch: 4
[2026-10-09 18:43:35,620][agent.finetune.train_ppo_diffusion_agent][INFO] - approx_kl: 0.0, update_epoch: 2, num_batch: 4
[2026-10-09 18:43:37,841][agent.finetune.train_ppo_diffusion_agent][INFO] - approx_kl: 0.0, update_epoch: 2, num_batch: 4
[2026-10-09 18:43:40,177][agent.finetune.train_ppo_diffusion_agent][INFO] - approx_kl: 0.0, update_epoch: 2, num_batch: 4
[2026-10-09 18:43:42,300][agent.finetune.train_ppo_diffusion_agent][INFO] - approx_kl: 0.0, update_epoch: 2, num_batch: 4
[2026-10-09 18:43:44,537][agent.finetune.train_ppo_diffusion_agent][INFO] - approx_kl: 0.0, update_epoch: 3, num_batch: 4
[2026-10-09 18:43:46,764][agent.finetune.train_ppo_diffusion_agent][INFO] - approx_kl: 0.0, update_epoch: 3, num_batch: 4
[2026-10-09 18:43:49,101][agent.finetune.train_ppo_diffusion_agent][INFO] - approx_kl: 0.0, update_epoch: 3, num_batch: 4
[2026-10-09 18:43:51,236][agent.finetune.train_ppo_diffusion_agent][INFO] - approx_kl: 0.0, update_epoch: 3, num_batch: 4
[2026-10-09 18:43:53,462][agent.finetune.train_ppo_diffusion_agent][INFO] - approx_kl: 0.0, update_epoch: 4, num_batch: 4
[2026-10-09 18:43:55,691][agent.finetune.train_ppo_diffusion_agent][INFO] - approx_kl: 0.0, update_epoch: 4, num_batch: 4
[2026-10-09 18:43:58,030][agent.finetune.train_ppo_diffusion_agent][INFO] - approx_kl: 0.0, update_epoch: 4, num_batch: 4
[2026-10-09 18:44:00,174][agent.finetune.train_ppo_diffusion_agent][INFO] - approx_kl: 0.0, update_epoch: 4, num_batch: 4
[2026-10-09 18:44:09,086][agent.finetune.train_ppo_diffusion_agent][INFO] - 75: step  5440000 | loss   0.0517 | pg loss  -0.0000 | value loss   0.1035 | bc loss   0.0000 | reward 3657.9705 | eta   1.0000 | t: 66.2474 | kl_true_per_action=0.39674969728409337 | logratio_p99=0.9185715293884272 | clamp_hit_frac=0.000775 | actor_step_ratio=1.0 | actor_step_clipfrac=0.0
[2026-10-09 18:44:23,701][agent.finetune.train_ppo_diffusion_agent][INFO] - approx_kl: 0.0, update_epoch: 0, num_batch: 4
[2026-10-09 18:44:25,904][agent.finetune.train_ppo_diffusion_agent][INFO] - approx_kl: 0.0, update_epoch: 0, num_batch: 4
[2026-10-09 18:44:28,220][agent.finetune.train_ppo_diffusion_agent][INFO] - approx_kl: 0.0, update_epoch: 0, num_batch: 4
[2026-10-09 18:44:30,396][agent.finetune.train_ppo_diffusion_agent][INFO] - approx_kl: 0.0, update_epoch: 0, num_batch: 4
[2026-10-09 18:44:32,639][agent.finetune.train_ppo_diffusion_agent][INFO] - approx_kl: 0.0, update_epoch: 1, num_batch: 4
[2026-10-09 18:44:34,972][agent.finetune.train_ppo_diffusion_agent][INFO] - approx_kl: 0.0, update_epoch: 1, num_batch: 4
[2026-10-09 18:44:37,083][agent.finetune.train_ppo_diffusion_agent][INFO] - approx_kl: 0.0, update_epoch: 1, num_batch: 4
[2026-10-09 18:44:39,294][agent.finetune.train_ppo_diffusion_agent][INFO] - approx_kl: 0.0, update_epoch: 1, num_batch: 4
[2026-10-09 18:44:41,502][agent.finetune.train_ppo_diffusion_agent][INFO] - approx_kl: 0.0, update_epoch: 2, num_batch: 4
[2026-10-09 18:44:43,811][agent.finetune.train_ppo_diffusion_agent][INFO] - approx_kl: 0.0, update_epoch: 2, num_batch: 4
[2026-10-09 18:44:45,908][agent.finetune.train_ppo_diffusion_agent][INFO] - approx_kl: 0.0, update_epoch: 2, num_batch: 4
[2026-10-09 18:44:48,121][agent.finetune.train_ppo_diffusion_agent][INFO] - approx_kl: 0.0, update_epoch: 2, num_batch: 4
[2026-10-09 18:44:50,319][agent.finetune.train_ppo_diffusion_agent][INFO] - approx_kl: 0.0, update_epoch: 3, num_batch: 4
[2026-10-09 18:44:52,635][agent.finetune.train_ppo_diffusion_agent][INFO] - approx_kl: 0.0, update_epoch: 3, num_batch: 4
[2026-10-09 18:44:54,749][agent.finetune.train_ppo_diffusion_agent][INFO] - approx_kl: 0.0, update_epoch: 3, num_batch: 4
[2026-10-09 18:44:56,966][agent.finetune.train_ppo_diffusion_agent][INFO] - approx_kl: 0.0, update_epoch: 3, num_batch: 4
[2026-10-09 18:44:59,173][agent.finetune.train_ppo_diffusion_agent][INFO] - approx_kl: 0.0, update_epoch: 4, num_batch: 4
[2026-10-09 18:45:01,494][agent.finetune.train_ppo_diffusion_agent][INFO] - approx_kl: 0.0, update_epoch: 4, num_batch: 4
[2026-10-09 18:45:03,611][agent.finetune.train_ppo_diffusion_agent][INFO] - approx_kl: 0.0, update_epoch: 4, num_batch: 4
[2026-10-09 18:45:05,831][agent.finetune.train_ppo_diffusion_agent][INFO] - approx_kl: 0.0, update_epoch: 4, num_batch: 4
[2026-10-09 18:45:14,722][agent.finetune.train_ppo_diffusion_agent][INFO] - 76: step  5520000 | loss   0.0508 | pg loss   0.0000 | value loss   0.1015 | bc loss   0.0000 | reward 3551.0443 | eta   1.0000 | t: 65.6360 | kl_true_per_action=0.4058573062122174 | logratio_p99=0.9286648881435394 | clamp_hit_frac=0.0008625 | actor_step_ratio=1.0 | actor_step_clipfrac=0.0
[2026-10-09 18:45:29,329][agent.finetune.train_ppo_diffusion_agent][INFO] - approx_kl: 0.0, update_epoch: 0, num_batch: 4
[2026-10-09 18:45:31,624][agent.finetune.train_ppo_diffusion_agent][INFO] - approx_kl: 0.0, update_epoch: 0, num_batch: 4
[2026-10-09 18:45:33,725][agent.finetune.train_ppo_diffusion_agent][INFO] - approx_kl: 0.0, update_epoch: 0, num_batch: 4
[2026-10-09 18:45:35,947][agent.finetune.train_ppo_diffusion_agent][INFO] - approx_kl: 0.0, update_epoch: 0, num_batch: 4
[2026-10-09 18:45:38,154][agent.finetune.train_ppo_diffusion_agent][INFO] - approx_kl: 0.0, update_epoch: 1, num_batch: 4
[2026-10-09 18:45:40,451][agent.finetune.train_ppo_diffusion_agent][INFO] - approx_kl: 0.0, update_epoch: 1, num_batch: 4
[2026-10-09 18:45:42,561][agent.finetune.train_ppo_diffusion_agent][INFO] - approx_kl: 0.0, update_epoch: 1, num_batch: 4
[2026-10-09 18:45:44,760][agent.finetune.train_ppo_diffusion_agent][INFO] - approx_kl: 0.0, update_epoch: 1, num_batch: 4
[2026-10-09 18:45:46,954][agent.finetune.train_ppo_diffusion_agent][INFO] - approx_kl: 0.0, update_epoch: 2, num_batch: 4
[2026-10-09 18:45:49,260][agent.finetune.train_ppo_diffusion_agent][INFO] - approx_kl: 0.0, update_epoch: 2, num_batch: 4
[2026-10-09 18:45:51,364][agent.finetune.train_ppo_diffusion_agent][INFO] - approx_kl: 0.0, update_epoch: 2, num_batch: 4
[2026-10-09 18:45:53,613][agent.finetune.train_ppo_diffusion_agent][INFO] - approx_kl: 0.0, update_epoch: 2, num_batch: 4
[2026-10-09 18:45:55,823][agent.finetune.train_ppo_diffusion_agent][INFO] - approx_kl: 0.0, update_epoch: 3, num_batch: 4
[2026-10-09 18:45:58,133][agent.finetune.train_ppo_diffusion_agent][INFO] - approx_kl: 0.0, update_epoch: 3, num_batch: 4
[2026-10-09 18:46:00,243][agent.finetune.train_ppo_diffusion_agent][INFO] - approx_kl: 0.0, update_epoch: 3, num_batch: 4
[2026-10-09 18:46:02,456][agent.finetune.train_ppo_diffusion_agent][INFO] - approx_kl: 0.0, update_epoch: 3, num_batch: 4
[2026-10-09 18:46:04,676][agent.finetune.train_ppo_diffusion_agent][INFO] - approx_kl: 0.0, update_epoch: 4, num_batch: 4
[2026-10-09 18:46:06,992][agent.finetune.train_ppo_diffusion_agent][INFO] - approx_kl: 0.0, update_epoch: 4, num_batch: 4
[2026-10-09 18:46:09,101][agent.finetune.train_ppo_diffusion_agent][INFO] - approx_kl: 0.0, update_epoch: 4, num_batch: 4
[2026-10-09 18:46:11,294][agent.finetune.train_ppo_diffusion_agent][INFO] - approx_kl: 0.0, update_epoch: 4, num_batch: 4
[2026-10-09 18:46:20,155][agent.finetune.train_ppo_diffusion_agent][INFO] - 77: step  5600000 | loss   0.0498 | pg loss  -0.0000 | value loss   0.0996 | bc loss   0.0000 | reward 3661.4037 | eta   1.0000 | t: 65.4330 | kl_true_per_action=0.6599841313624493 | logratio_p99=1.186308844089505 | clamp_hit_frac=0.0007458333333333334 | actor_step_ratio=1.0 | actor_step_clipfrac=0.0
[2026-10-09 18:46:34,695][agent.finetune.train_ppo_diffusion_agent][INFO] - approx_kl: 0.0, update_epoch: 0, num_batch: 4
[2026-10-09 18:46:36,989][agent.finetune.train_ppo_diffusion_agent][INFO] - approx_kl: 0.0, update_epoch: 0, num_batch: 4
[2026-10-09 18:46:39,081][agent.finetune.train_ppo_diffusion_agent][INFO] - approx_kl: 0.0, update_epoch: 0, num_batch: 4
[2026-10-09 18:46:41,283][agent.finetune.train_ppo_diffusion_agent][INFO] - approx_kl: 0.0, update_epoch: 0, num_batch: 4
[2026-10-09 18:46:43,499][agent.finetune.train_ppo_diffusion_agent][INFO] - approx_kl: 0.0, update_epoch: 1, num_batch: 4
[2026-10-09 18:46:45,802][agent.finetune.train_ppo_diffusion_agent][INFO] - approx_kl: 0.0, update_epoch: 1, num_batch: 4
[2026-10-09 18:46:47,910][agent.finetune.train_ppo_diffusion_agent][INFO] - approx_kl: 0.0, update_epoch: 1, num_batch: 4
[2026-10-09 18:46:50,104][agent.finetune.train_ppo_diffusion_agent][INFO] - approx_kl: 0.0, update_epoch: 1, num_batch: 4
[2026-10-09 18:46:52,311][agent.finetune.train_ppo_diffusion_agent][INFO] - approx_kl: 0.0, update_epoch: 2, num_batch: 4
[2026-10-09 18:46:54,619][agent.finetune.train_ppo_diffusion_agent][INFO] - approx_kl: 0.0, update_epoch: 2, num_batch: 4
[2026-10-09 18:46:56,730][agent.finetune.train_ppo_diffusion_agent][INFO] - approx_kl: 0.0, update_epoch: 2, num_batch: 4
[2026-10-09 18:46:58,940][agent.finetune.train_ppo_diffusion_agent][INFO] - approx_kl: 0.0, update_epoch: 2, num_batch: 4
[2026-10-09 18:47:01,137][agent.finetune.train_ppo_diffusion_agent][INFO] - approx_kl: 0.0, update_epoch: 3, num_batch: 4
[2026-10-09 18:47:03,441][agent.finetune.train_ppo_diffusion_agent][INFO] - approx_kl: 0.0, update_epoch: 3, num_batch: 4
[2026-10-09 18:47:05,551][agent.finetune.train_ppo_diffusion_agent][INFO] - approx_kl: 0.0, update_epoch: 3, num_batch: 4
[2026-10-09 18:47:07,774][agent.finetune.train_ppo_diffusion_agent][INFO] - approx_kl: 0.0, update_epoch: 3, num_batch: 4
[2026-10-09 18:47:09,976][agent.finetune.train_ppo_diffusion_agent][INFO] - approx_kl: 0.0, update_epoch: 4, num_batch: 4
[2026-10-09 18:47:12,283][agent.finetune.train_ppo_diffusion_agent][INFO] - approx_kl: 0.0, update_epoch: 4, num_batch: 4
[2026-10-09 18:47:14,394][agent.finetune.train_ppo_diffusion_agent][INFO] - approx_kl: 0.0, update_epoch: 4, num_batch: 4
[2026-10-09 18:47:16,603][agent.finetune.train_ppo_diffusion_agent][INFO] - approx_kl: 0.0, update_epoch: 4, num_batch: 4
[2026-10-09 18:47:25,491][agent.finetune.train_ppo_diffusion_agent][INFO] - 78: step  5680000 | loss   0.0487 | pg loss  -0.0000 | value loss   0.0975 | bc loss   0.0000 | reward 3418.4678 | eta   1.0000 | t: 65.3356 | kl_true_per_action=0.6017575390414638 | logratio_p99=1.1404849505424466 | clamp_hit_frac=0.0007625 | actor_step_ratio=1.0 | actor_step_clipfrac=0.0
[2026-10-09 18:47:40,192][agent.finetune.train_ppo_diffusion_agent][INFO] - approx_kl: 0.0, update_epoch: 0, num_batch: 4
[2026-10-09 18:47:42,503][agent.finetune.train_ppo_diffusion_agent][INFO] - approx_kl: 0.0, update_epoch: 0, num_batch: 4
[2026-10-09 18:47:44,623][agent.finetune.train_ppo_diffusion_agent][INFO] - approx_kl: 0.0, update_epoch: 0, num_batch: 4
[2026-10-09 18:47:46,836][agent.finetune.train_ppo_diffusion_agent][INFO] - approx_kl: 0.0, update_epoch: 0, num_batch: 4
[2026-10-09 18:47:49,058][agent.finetune.train_ppo_diffusion_agent][INFO] - approx_kl: 0.0, update_epoch: 1, num_batch: 4
[2026-10-09 18:47:51,389][agent.finetune.train_ppo_diffusion_agent][INFO] - approx_kl: 0.0, update_epoch: 1, num_batch: 4
[2026-10-09 18:47:53,514][agent.finetune.train_ppo_diffusion_agent][INFO] - approx_kl: 0.0, update_epoch: 1, num_batch: 4
[2026-10-09 18:47:55,739][agent.finetune.train_ppo_diffusion_agent][INFO] - approx_kl: 0.0, update_epoch: 1, num_batch: 4
[2026-10-09 18:47:57,961][agent.finetune.train_ppo_diffusion_agent][INFO] - approx_kl: 0.0, update_epoch: 2, num_batch: 4
[2026-10-09 18:48:00,275][agent.finetune.train_ppo_diffusion_agent][INFO] - approx_kl: 0.0, update_epoch: 2, num_batch: 4
[2026-10-09 18:48:02,396][agent.finetune.train_ppo_diffusion_agent][INFO] - approx_kl: 0.0, update_epoch: 2, num_batch: 4
[2026-10-09 18:48:04,614][agent.finetune.train_ppo_diffusion_agent][INFO] - approx_kl: 0.0, update_epoch: 2, num_batch: 4
[2026-10-09 18:48:06,844][agent.finetune.train_ppo_diffusion_agent][INFO] - approx_kl: 0.0, update_epoch: 3, num_batch: 4
[2026-10-09 18:48:09,137][agent.finetune.train_ppo_diffusion_agent][INFO] - approx_kl: 0.0, update_epoch: 3, num_batch: 4
[2026-10-09 18:48:11,257][agent.finetune.train_ppo_diffusion_agent][INFO] - approx_kl: 0.0, update_epoch: 3, num_batch: 4
[2026-10-09 18:48:13,456][agent.finetune.train_ppo_diffusion_agent][INFO] - approx_kl: 0.0, update_epoch: 3, num_batch: 4
[2026-10-09 18:48:15,690][agent.finetune.train_ppo_diffusion_agent][INFO] - approx_kl: 0.0, update_epoch: 4, num_batch: 4
[2026-10-09 18:48:18,012][agent.finetune.train_ppo_diffusion_agent][INFO] - approx_kl: 0.0, update_epoch: 4, num_batch: 4
[2026-10-09 18:48:20,132][agent.finetune.train_ppo_diffusion_agent][INFO] - approx_kl: 0.0, update_epoch: 4, num_batch: 4
[2026-10-09 18:48:22,341][agent.finetune.train_ppo_diffusion_agent][INFO] - approx_kl: 0.0, update_epoch: 4, num_batch: 4
[2026-10-09 18:48:31,174][agent.finetune.train_ppo_diffusion_agent][INFO] - 79: step  5760000 | loss   0.0492 | pg loss   0.0000 | value loss   0.0983 | bc loss   0.0000 | reward 3355.2847 | eta   1.0000 | t: 65.6834 | kl_true_per_action=0.6597057891227243 | logratio_p99=1.1918722820281915 | clamp_hit_frac=0.0007583333333333333 | actor_step_ratio=1.0 | actor_step_clipfrac=0.0
[2026-10-09 18:48:43,390][agent.finetune.train_ppo_diffusion_agent][INFO] - eval: success rate   1.0000 | avg episode reward 3270.2790 | avg best reward   5.5440
[2026-10-09 18:48:58,006][agent.finetune.train_ppo_diffusion_agent][INFO] - approx_kl: 0.0, update_epoch: 0, num_batch: 4
[2026-10-09 18:49:00,099][agent.finetune.train_ppo_diffusion_agent][INFO] - approx_kl: 0.0, update_epoch: 0, num_batch: 4
[2026-10-09 18:49:02,282][agent.finetune.train_ppo_diffusion_agent][INFO] - approx_kl: 0.0, update_epoch: 0, num_batch: 4
[2026-10-09 18:49:04,462][agent.finetune.train_ppo_diffusion_agent][INFO] - approx_kl: 0.0, update_epoch: 0, num_batch: 4
[2026-10-09 18:49:06,769][agent.finetune.train_ppo_diffusion_agent][INFO] - approx_kl: 0.0, update_epoch: 1, num_batch: 4
[2026-10-09 18:49:08,866][agent.finetune.train_ppo_diffusion_agent][INFO] - approx_kl: 0.0, update_epoch: 1, num_batch: 4
[2026-10-09 18:49:11,053][agent.finetune.train_ppo_diffusion_agent][INFO] - approx_kl: 0.0, update_epoch: 1, num_batch: 4
[2026-10-09 18:49:13,237][agent.finetune.train_ppo_diffusion_agent][INFO] - approx_kl: 0.0, update_epoch: 1, num_batch: 4
[2026-10-09 18:49:15,535][agent.finetune.train_ppo_diffusion_agent][INFO] - approx_kl: 0.0, update_epoch: 2, num_batch: 4
[2026-10-09 18:49:17,632][agent.finetune.train_ppo_diffusion_agent][INFO] - approx_kl: 0.0, update_epoch: 2, num_batch: 4
[2026-10-09 18:49:19,822][agent.finetune.train_ppo_diffusion_agent][INFO] - approx_kl: 0.0, update_epoch: 2, num_batch: 4
[2026-10-09 18:49:22,005][agent.finetune.train_ppo_diffusion_agent][INFO] - approx_kl: 0.0, update_epoch: 2, num_batch: 4
[2026-10-09 18:49:24,302][agent.finetune.train_ppo_diffusion_agent][INFO] - approx_kl: 0.0, update_epoch: 3, num_batch: 4
[2026-10-09 18:49:26,406][agent.finetune.train_ppo_diffusion_agent][INFO] - approx_kl: 0.0, update_epoch: 3, num_batch: 4
[2026-10-09 18:49:28,648][agent.finetune.train_ppo_diffusion_agent][INFO] - approx_kl: 0.0, update_epoch: 3, num_batch: 4
[2026-10-09 18:49:30,841][agent.finetune.train_ppo_diffusion_agent][INFO] - approx_kl: 0.0, update_epoch: 3, num_batch: 4
[2026-10-09 18:49:33,137][agent.finetune.train_ppo_diffusion_agent][INFO] - approx_kl: 0.0, update_epoch: 4, num_batch: 4
[2026-10-09 18:49:35,252][agent.finetune.train_ppo_diffusion_agent][INFO] - approx_kl: 0.0, update_epoch: 4, num_batch: 4
[2026-10-09 18:49:37,449][agent.finetune.train_ppo_diffusion_agent][INFO] - approx_kl: 0.0, update_epoch: 4, num_batch: 4
[2026-10-09 18:49:39,649][agent.finetune.train_ppo_diffusion_agent][INFO] - approx_kl: 0.0, update_epoch: 4, num_batch: 4
[2026-10-09 18:49:48,551][agent.finetune.train_ppo_diffusion_agent][INFO] - 81: step  5840000 | loss   0.0458 | pg loss   0.0000 | value loss   0.0917 | bc loss   0.0000 | reward 3168.6960 | eta   1.0000 | t: 65.1615 | kl_true_per_action=0.5270937158658644 | logratio_p99=1.061647806167602 | clamp_hit_frac=0.0006854166666666666 | actor_step_ratio=1.0 | actor_step_clipfrac=0.0
[2026-10-09 18:50:03,183][agent.finetune.train_ppo_diffusion_agent][INFO] - approx_kl: 0.0, update_epoch: 0, num_batch: 4
[2026-10-09 18:50:05,339][agent.finetune.train_ppo_diffusion_agent][INFO] - approx_kl: 0.0, update_epoch: 0, num_batch: 4
[2026-10-09 18:50:07,544][agent.finetune.train_ppo_diffusion_agent][INFO] - approx_kl: 0.0, update_epoch: 0, num_batch: 4
[2026-10-09 18:50:09,761][agent.finetune.train_ppo_diffusion_agent][INFO] - approx_kl: 0.0, update_epoch: 0, num_batch: 4
[2026-10-09 18:50:12,075][agent.finetune.train_ppo_diffusion_agent][INFO] - approx_kl: 0.0, update_epoch: 1, num_batch: 4
[2026-10-09 18:50:14,193][agent.finetune.train_ppo_diffusion_agent][INFO] - approx_kl: 0.0, update_epoch: 1, num_batch: 4
[2026-10-09 18:50:16,413][agent.finetune.train_ppo_diffusion_agent][INFO] - approx_kl: 0.0, update_epoch: 1, num_batch: 4
[2026-10-09 18:50:18,661][agent.finetune.train_ppo_diffusion_agent][INFO] - approx_kl: 0.0, update_epoch: 1, num_batch: 4
[2026-10-09 18:50:20,982][agent.finetune.train_ppo_diffusion_agent][INFO] - approx_kl: 0.0, update_epoch: 2, num_batch: 4
[2026-10-09 18:50:23,089][agent.finetune.train_ppo_diffusion_agent][INFO] - approx_kl: 0.0, update_epoch: 2, num_batch: 4
[2026-10-09 18:50:25,313][agent.finetune.train_ppo_diffusion_agent][INFO] - approx_kl: 0.0, update_epoch: 2, num_batch: 4
[2026-10-09 18:50:27,525][agent.finetune.train_ppo_diffusion_agent][INFO] - approx_kl: 0.0, update_epoch: 2, num_batch: 4
[2026-10-09 18:50:29,842][agent.finetune.train_ppo_diffusion_agent][INFO] - approx_kl: 0.0, update_epoch: 3, num_batch: 4
[2026-10-09 18:50:31,946][agent.finetune.train_ppo_diffusion_agent][INFO] - approx_kl: 0.0, update_epoch: 3, num_batch: 4
[2026-10-09 18:50:34,148][agent.finetune.train_ppo_diffusion_agent][INFO] - approx_kl: 0.0, update_epoch: 3, num_batch: 4
[2026-10-09 18:50:36,362][agent.finetune.train_ppo_diffusion_agent][INFO] - approx_kl: 0.0, update_epoch: 3, num_batch: 4
[2026-10-09 18:50:38,686][agent.finetune.train_ppo_diffusion_agent][INFO] - approx_kl: 0.0, update_epoch: 4, num_batch: 4
[2026-10-09 18:50:40,777][agent.finetune.train_ppo_diffusion_agent][INFO] - approx_kl: 0.0, update_epoch: 4, num_batch: 4
[2026-10-09 18:50:42,974][agent.finetune.train_ppo_diffusion_agent][INFO] - approx_kl: 0.0, update_epoch: 4, num_batch: 4
[2026-10-09 18:50:45,174][agent.finetune.train_ppo_diffusion_agent][INFO] - approx_kl: 0.0, update_epoch: 4, num_batch: 4
[2026-10-09 18:50:54,029][agent.finetune.train_ppo_diffusion_agent][INFO] - 82: step  5920000 | loss   0.0437 | pg loss   0.0000 | value loss   0.0875 | bc loss   0.0000 | reward 2703.3579 | eta   1.0000 | t: 65.4778 | kl_true_per_action=0.47319546345670793 | logratio_p99=0.9814023840427395 | clamp_hit_frac=0.0008041666666666667 | actor_step_ratio=1.0 | actor_step_clipfrac=0.0
[2026-10-09 18:51:08,687][agent.finetune.train_ppo_diffusion_agent][INFO] - approx_kl: 0.0, update_epoch: 0, num_batch: 4
[2026-10-09 18:51:10,827][agent.finetune.train_ppo_diffusion_agent][INFO] - approx_kl: 0.0, update_epoch: 0, num_batch: 4
[2026-10-09 18:51:13,020][agent.finetune.train_ppo_diffusion_agent][INFO] - approx_kl: 0.0, update_epoch: 0, num_batch: 4
[2026-10-09 18:51:15,315][agent.finetune.train_ppo_diffusion_agent][INFO] - approx_kl: 0.0, update_epoch: 0, num_batch: 4
[2026-10-09 18:51:17,405][agent.finetune.train_ppo_diffusion_agent][INFO] - approx_kl: 0.0, update_epoch: 1, num_batch: 4
[2026-10-09 18:51:19,617][agent.finetune.train_ppo_diffusion_agent][INFO] - approx_kl: 0.0, update_epoch: 1, num_batch: 4
[2026-10-09 18:51:21,815][agent.finetune.train_ppo_diffusion_agent][INFO] - approx_kl: 0.0, update_epoch: 1, num_batch: 4
[2026-10-09 18:51:24,124][agent.finetune.train_ppo_diffusion_agent][INFO] - approx_kl: 0.0, update_epoch: 1, num_batch: 4
[2026-10-09 18:51:26,233][agent.finetune.train_ppo_diffusion_agent][INFO] - approx_kl: 0.0, update_epoch: 2, num_batch: 4
[2026-10-09 18:51:28,444][agent.finetune.train_ppo_diffusion_agent][INFO] - approx_kl: 0.0, update_epoch: 2, num_batch: 4
[2026-10-09 18:51:30,651][agent.finetune.train_ppo_diffusion_agent][INFO] - approx_kl: 0.0, update_epoch: 2, num_batch: 4
[2026-10-09 18:51:32,952][agent.finetune.train_ppo_diffusion_agent][INFO] - approx_kl: 0.0, update_epoch: 2, num_batch: 4
[2026-10-09 18:51:35,060][agent.finetune.train_ppo_diffusion_agent][INFO] - approx_kl: 0.0, update_epoch: 3, num_batch: 4
[2026-10-09 18:51:37,261][agent.finetune.train_ppo_diffusion_agent][INFO] - approx_kl: 0.0, update_epoch: 3, num_batch: 4
[2026-10-09 18:51:39,471][agent.finetune.train_ppo_diffusion_agent][INFO] - approx_kl: 0.0, update_epoch: 3, num_batch: 4
[2026-10-09 18:51:41,800][agent.finetune.train_ppo_diffusion_agent][INFO] - approx_kl: 0.0, update_epoch: 3, num_batch: 4
[2026-10-09 18:51:43,914][agent.finetune.train_ppo_diffusion_agent][INFO] - approx_kl: 0.0, update_epoch: 4, num_batch: 4
[2026-10-09 18:51:46,115][agent.finetune.train_ppo_diffusion_agent][INFO] - approx_kl: 0.0, update_epoch: 4, num_batch: 4
[2026-10-09 18:51:48,357][agent.finetune.train_ppo_diffusion_agent][INFO] - approx_kl: 0.0, update_epoch: 4, num_batch: 4
[2026-10-09 18:51:50,709][agent.finetune.train_ppo_diffusion_agent][INFO] - approx_kl: 0.0, update_epoch: 4, num_batch: 4
[2026-10-09 18:51:59,751][agent.finetune.train_ppo_diffusion_agent][INFO] - 83: step  6000000 | loss   0.0413 | pg loss  -0.0000 | value loss   0.0826 | bc loss   0.0000 | reward 2662.1798 | eta   1.0000 | t: 65.7219 | kl_true_per_action=0.45195892889297845 | logratio_p99=0.9731038588285437 | clamp_hit_frac=0.0007833333333333334 | actor_step_ratio=1.0 | actor_step_clipfrac=0.0
[2026-10-09 18:52:14,145][agent.finetune.train_ppo_diffusion_agent][INFO] - approx_kl: 0.0, update_epoch: 0, num_batch: 4
[2026-10-09 18:52:16,326][agent.finetune.train_ppo_diffusion_agent][INFO] - approx_kl: 0.0, update_epoch: 0, num_batch: 4
[2026-10-09 18:52:18,519][agent.finetune.train_ppo_diffusion_agent][INFO] - approx_kl: 0.0, update_epoch: 0, num_batch: 4
[2026-10-09 18:52:20,817][agent.finetune.train_ppo_diffusion_agent][INFO] - approx_kl: 0.0, update_epoch: 0, num_batch: 4
[2026-10-09 18:52:22,919][agent.finetune.train_ppo_diffusion_agent][INFO] - approx_kl: 0.0, update_epoch: 1, num_batch: 4
[2026-10-09 18:52:25,116][agent.finetune.train_ppo_diffusion_agent][INFO] - approx_kl: 0.0, update_epoch: 1, num_batch: 4
[2026-10-09 18:52:27,306][agent.finetune.train_ppo_diffusion_agent][INFO] - approx_kl: 0.0, update_epoch: 1, num_batch: 4
[2026-10-09 18:52:29,590][agent.finetune.train_ppo_diffusion_agent][INFO] - approx_kl: 0.0, update_epoch: 1, num_batch: 4
[2026-10-09 18:52:31,703][agent.finetune.train_ppo_diffusion_agent][INFO] - approx_kl: 0.0, update_epoch: 2, num_batch: 4
[2026-10-09 18:52:33,920][agent.finetune.train_ppo_diffusion_agent][INFO] - approx_kl: 0.0, update_epoch: 2, num_batch: 4
[2026-10-09 18:52:36,102][agent.finetune.train_ppo_diffusion_agent][INFO] - approx_kl: 0.0, update_epoch: 2, num_batch: 4
[2026-10-09 18:52:38,388][agent.finetune.train_ppo_diffusion_agent][INFO] - approx_kl: 0.0, update_epoch: 2, num_batch: 4
[2026-10-09 18:52:40,468][agent.finetune.train_ppo_diffusion_agent][INFO] - approx_kl: 0.0, update_epoch: 3, num_batch: 4
[2026-10-09 18:52:42,670][agent.finetune.train_ppo_diffusion_agent][INFO] - approx_kl: 0.0, update_epoch: 3, num_batch: 4
[2026-10-09 18:52:44,858][agent.finetune.train_ppo_diffusion_agent][INFO] - approx_kl: 0.0, update_epoch: 3, num_batch: 4
[2026-10-09 18:52:47,141][agent.finetune.train_ppo_diffusion_agent][INFO] - approx_kl: 0.0, update_epoch: 3, num_batch: 4
[2026-10-09 18:52:49,232][agent.finetune.train_ppo_diffusion_agent][INFO] - approx_kl: 0.0, update_epoch: 4, num_batch: 4
[2026-10-09 18:52:51,429][agent.finetune.train_ppo_diffusion_agent][INFO] - approx_kl: 0.0, update_epoch: 4, num_batch: 4
[2026-10-09 18:52:53,625][agent.finetune.train_ppo_diffusion_agent][INFO] - approx_kl: 0.0, update_epoch: 4, num_batch: 4
[2026-10-09 18:52:55,922][agent.finetune.train_ppo_diffusion_agent][INFO] - approx_kl: 0.0, update_epoch: 4, num_batch: 4
[2026-10-09 18:53:04,794][agent.finetune.train_ppo_diffusion_agent][INFO] - 84: step  6080000 | loss   0.0372 | pg loss  -0.0000 | value loss   0.0744 | bc loss   0.0000 | reward 2759.3171 | eta   1.0000 | t: 65.0430 | kl_true_per_action=0.45761437480391587 | logratio_p99=0.9878565847873682 | clamp_hit_frac=0.00078125 | actor_step_ratio=1.0 | actor_step_clipfrac=0.0
[2026-10-09 18:53:19,834][agent.finetune.train_ppo_diffusion_agent][INFO] - approx_kl: 0.0, update_epoch: 0, num_batch: 4
[2026-10-09 18:53:22,041][agent.finetune.train_ppo_diffusion_agent][INFO] - approx_kl: 0.0, update_epoch: 0, num_batch: 4
[2026-10-09 18:53:24,254][agent.finetune.train_ppo_diffusion_agent][INFO] - approx_kl: 0.0, update_epoch: 0, num_batch: 4
[2026-10-09 18:53:26,575][agent.finetune.train_ppo_diffusion_agent][INFO] - approx_kl: 0.0, update_epoch: 0, num_batch: 4
[2026-10-09 18:53:28,688][agent.finetune.train_ppo_diffusion_agent][INFO] - approx_kl: 0.0, update_epoch: 1, num_batch: 4
[2026-10-09 18:53:30,894][agent.finetune.train_ppo_diffusion_agent][INFO] - approx_kl: 0.0, update_epoch: 1, num_batch: 4
[2026-10-09 18:53:33,111][agent.finetune.train_ppo_diffusion_agent][INFO] - approx_kl: 0.0, update_epoch: 1, num_batch: 4
[2026-10-09 18:53:35,468][agent.finetune.train_ppo_diffusion_agent][INFO] - approx_kl: 0.0, update_epoch: 1, num_batch: 4
[2026-10-09 18:53:37,601][agent.finetune.train_ppo_diffusion_agent][INFO] - approx_kl: 0.0, update_epoch: 2, num_batch: 4
[2026-10-09 18:53:39,854][agent.finetune.train_ppo_diffusion_agent][INFO] - approx_kl: 0.0, update_epoch: 2, num_batch: 4
[2026-10-09 18:53:42,103][agent.finetune.train_ppo_diffusion_agent][INFO] - approx_kl: 0.0, update_epoch: 2, num_batch: 4
[2026-10-09 18:53:44,463][agent.finetune.train_ppo_diffusion_agent][INFO] - approx_kl: 0.0, update_epoch: 2, num_batch: 4
[2026-10-09 18:53:46,611][agent.finetune.train_ppo_diffusion_agent][INFO] - approx_kl: 0.0, update_epoch: 3, num_batch: 4
[2026-10-09 18:53:48,855][agent.finetune.train_ppo_diffusion_agent][INFO] - approx_kl: 0.0, update_epoch: 3, num_batch: 4
[2026-10-09 18:53:51,063][agent.finetune.train_ppo_diffusion_agent][INFO] - approx_kl: 0.0, update_epoch: 3, num_batch: 4
[2026-10-09 18:53:53,373][agent.finetune.train_ppo_diffusion_agent][INFO] - approx_kl: 0.0, update_epoch: 3, num_batch: 4
[2026-10-09 18:53:55,488][agent.finetune.train_ppo_diffusion_agent][INFO] - approx_kl: 0.0, update_epoch: 4, num_batch: 4
[2026-10-09 18:53:57,697][agent.finetune.train_ppo_diffusion_agent][INFO] - approx_kl: 0.0, update_epoch: 4, num_batch: 4
[2026-10-09 18:53:59,915][agent.finetune.train_ppo_diffusion_agent][INFO] - approx_kl: 0.0, update_epoch: 4, num_batch: 4
[2026-10-09 18:54:02,254][agent.finetune.train_ppo_diffusion_agent][INFO] - approx_kl: 0.0, update_epoch: 4, num_batch: 4
[2026-10-09 18:54:11,197][agent.finetune.train_ppo_diffusion_agent][INFO] - 85: step  6160000 | loss   0.0347 | pg loss  -0.0000 | value loss   0.0693 | bc loss   0.0000 | reward 2749.4512 | eta   1.0000 | t: 66.4026 | kl_true_per_action=0.4545327675535984 | logratio_p99=0.9692007756233205 | clamp_hit_frac=0.00078125 | actor_step_ratio=1.0 | actor_step_clipfrac=0.0
[2026-10-09 18:54:26,648][agent.finetune.train_ppo_diffusion_agent][INFO] - approx_kl: 0.0, update_epoch: 0, num_batch: 4
[2026-10-09 18:54:28,844][agent.finetune.train_ppo_diffusion_agent][INFO] - approx_kl: 0.0, update_epoch: 0, num_batch: 4
[2026-10-09 18:54:31,037][agent.finetune.train_ppo_diffusion_agent][INFO] - approx_kl: 0.0, update_epoch: 0, num_batch: 4
[2026-10-09 18:54:33,322][agent.finetune.train_ppo_diffusion_agent][INFO] - approx_kl: 0.0, update_epoch: 0, num_batch: 4
[2026-10-09 18:54:35,425][agent.finetune.train_ppo_diffusion_agent][INFO] - approx_kl: 0.0, update_epoch: 1, num_batch: 4
[2026-10-09 18:54:37,644][agent.finetune.train_ppo_diffusion_agent][INFO] - approx_kl: 0.0, update_epoch: 1, num_batch: 4
[2026-10-09 18:54:39,826][agent.finetune.train_ppo_diffusion_agent][INFO] - approx_kl: 0.0, update_epoch: 1, num_batch: 4
[2026-10-09 18:54:42,114][agent.finetune.train_ppo_diffusion_agent][INFO] - approx_kl: 0.0, update_epoch: 1, num_batch: 4
[2026-10-09 18:54:44,215][agent.finetune.train_ppo_diffusion_agent][INFO] - approx_kl: 0.0, update_epoch: 2, num_batch: 4
[2026-10-09 18:54:46,409][agent.finetune.train_ppo_diffusion_agent][INFO] - approx_kl: 0.0, update_epoch: 2, num_batch: 4
[2026-10-09 18:54:48,602][agent.finetune.train_ppo_diffusion_agent][INFO] - approx_kl: 0.0, update_epoch: 2, num_batch: 4
[2026-10-09 18:54:50,899][agent.finetune.train_ppo_diffusion_agent][INFO] - approx_kl: 0.0, update_epoch: 2, num_batch: 4
[2026-10-09 18:54:53,008][agent.finetune.train_ppo_diffusion_agent][INFO] - approx_kl: 0.0, update_epoch: 3, num_batch: 4
[2026-10-09 18:54:55,217][agent.finetune.train_ppo_diffusion_agent][INFO] - approx_kl: 0.0, update_epoch: 3, num_batch: 4
[2026-10-09 18:54:57,411][agent.finetune.train_ppo_diffusion_agent][INFO] - approx_kl: 0.0, update_epoch: 3, num_batch: 4
[2026-10-09 18:54:59,690][agent.finetune.train_ppo_diffusion_agent][INFO] - approx_kl: 0.0, update_epoch: 3, num_batch: 4
[2026-10-09 18:55:01,795][agent.finetune.train_ppo_diffusion_agent][INFO] - approx_kl: 0.0, update_epoch: 4, num_batch: 4
[2026-10-09 18:55:03,989][agent.finetune.train_ppo_diffusion_agent][INFO] - approx_kl: 0.0, update_epoch: 4, num_batch: 4
[2026-10-09 18:55:06,239][agent.finetune.train_ppo_diffusion_agent][INFO] - approx_kl: 0.0, update_epoch: 4, num_batch: 4
[2026-10-09 18:55:08,536][agent.finetune.train_ppo_diffusion_agent][INFO] - approx_kl: 0.0, update_epoch: 4, num_batch: 4
[2026-10-09 18:55:17,400][agent.finetune.train_ppo_diffusion_agent][INFO] - 86: step  6240000 | loss   0.0336 | pg loss  -0.0000 | value loss   0.0673 | bc loss   0.0000 | reward 2645.0540 | eta   1.0000 | t: 66.2029 | kl_true_per_action=0.4354646704371159 | logratio_p99=0.9474299848079658 | clamp_hit_frac=0.0007833333333333334 | actor_step_ratio=1.0 | actor_step_clipfrac=0.0
[2026-10-09 18:55:32,799][agent.finetune.train_ppo_diffusion_agent][INFO] - approx_kl: 0.0, update_epoch: 0, num_batch: 4
[2026-10-09 18:55:34,994][agent.finetune.train_ppo_diffusion_agent][INFO] - approx_kl: 0.0, update_epoch: 0, num_batch: 4
[2026-10-09 18:55:37,286][agent.finetune.train_ppo_diffusion_agent][INFO] - approx_kl: 0.0, update_epoch: 0, num_batch: 4
[2026-10-09 18:55:39,387][agent.finetune.train_ppo_diffusion_agent][INFO] - approx_kl: 0.0, update_epoch: 0, num_batch: 4
[2026-10-09 18:55:41,582][agent.finetune.train_ppo_diffusion_agent][INFO] - approx_kl: 0.0, update_epoch: 1, num_batch: 4
[2026-10-09 18:55:43,767][agent.finetune.train_ppo_diffusion_agent][INFO] - approx_kl: 0.0, update_epoch: 1, num_batch: 4
[2026-10-09 18:55:46,063][agent.finetune.train_ppo_diffusion_agent][INFO] - approx_kl: 0.0, update_epoch: 1, num_batch: 4
[2026-10-09 18:55:48,170][agent.finetune.train_ppo_diffusion_agent][INFO] - approx_kl: 0.0, update_epoch: 1, num_batch: 4
[2026-10-09 18:55:50,365][agent.finetune.train_ppo_diffusion_agent][INFO] - approx_kl: 0.0, update_epoch: 2, num_batch: 4
[2026-10-09 18:55:52,556][agent.finetune.train_ppo_diffusion_agent][INFO] - approx_kl: 0.0, update_epoch: 2, num_batch: 4
[2026-10-09 18:55:54,849][agent.finetune.train_ppo_diffusion_agent][INFO] - approx_kl: 0.0, update_epoch: 2, num_batch: 4
[2026-10-09 18:55:56,974][agent.finetune.train_ppo_diffusion_agent][INFO] - approx_kl: 0.0, update_epoch: 2, num_batch: 4
[2026-10-09 18:55:59,170][agent.finetune.train_ppo_diffusion_agent][INFO] - approx_kl: 0.0, update_epoch: 3, num_batch: 4
[2026-10-09 18:56:01,361][agent.finetune.train_ppo_diffusion_agent][INFO] - approx_kl: 0.0, update_epoch: 3, num_batch: 4
[2026-10-09 18:56:03,653][agent.finetune.train_ppo_diffusion_agent][INFO] - approx_kl: 0.0, update_epoch: 3, num_batch: 4
[2026-10-09 18:56:05,754][agent.finetune.train_ppo_diffusion_agent][INFO] - approx_kl: 0.0, update_epoch: 3, num_batch: 4
[2026-10-09 18:56:07,951][agent.finetune.train_ppo_diffusion_agent][INFO] - approx_kl: 0.0, update_epoch: 4, num_batch: 4
[2026-10-09 18:56:10,151][agent.finetune.train_ppo_diffusion_agent][INFO] - approx_kl: 0.0, update_epoch: 4, num_batch: 4
[2026-10-09 18:56:12,445][agent.finetune.train_ppo_diffusion_agent][INFO] - approx_kl: 0.0, update_epoch: 4, num_batch: 4
[2026-10-09 18:56:14,540][agent.finetune.train_ppo_diffusion_agent][INFO] - approx_kl: 0.0, update_epoch: 4, num_batch: 4
[2026-10-09 18:56:23,391][agent.finetune.train_ppo_diffusion_agent][INFO] - 87: step  6320000 | loss   0.0323 | pg loss  -0.0000 | value loss   0.0645 | bc loss   0.0000 | reward 2659.2886 | eta   1.0000 | t: 65.9911 | kl_true_per_action=0.57230238581296 | logratio_p99=1.1134821057319608 | clamp_hit_frac=0.0008604166666666667 | actor_step_ratio=1.0 | actor_step_clipfrac=0.0
[2026-10-09 18:56:38,772][agent.finetune.train_ppo_diffusion_agent][INFO] - approx_kl: 0.0, update_epoch: 0, num_batch: 4
[2026-10-09 18:56:40,975][agent.finetune.train_ppo_diffusion_agent][INFO] - approx_kl: 0.0, update_epoch: 0, num_batch: 4
[2026-10-09 18:56:43,270][agent.finetune.train_ppo_diffusion_agent][INFO] - approx_kl: 0.0, update_epoch: 0, num_batch: 4
[2026-10-09 18:56:45,376][agent.finetune.train_ppo_diffusion_agent][INFO] - approx_kl: 0.0, update_epoch: 0, num_batch: 4
[2026-10-09 18:56:47,572][agent.finetune.train_ppo_diffusion_agent][INFO] - approx_kl: 0.0, update_epoch: 1, num_batch: 4
[2026-10-09 18:56:49,811][agent.finetune.train_ppo_diffusion_agent][INFO] - approx_kl: 0.0, update_epoch: 1, num_batch: 4
[2026-10-09 18:56:52,107][agent.finetune.train_ppo_diffusion_agent][INFO] - approx_kl: 0.0, update_epoch: 1, num_batch: 4
[2026-10-09 18:56:54,219][agent.finetune.train_ppo_diffusion_agent][INFO] - approx_kl: 0.0, update_epoch: 1, num_batch: 4
[2026-10-09 18:56:56,416][agent.finetune.train_ppo_diffusion_agent][INFO] - approx_kl: 0.0, update_epoch: 2, num_batch: 4
[2026-10-09 18:56:58,621][agent.finetune.train_ppo_diffusion_agent][INFO] - approx_kl: 0.0, update_epoch: 2, num_batch: 4
[2026-10-09 18:57:00,919][agent.finetune.train_ppo_diffusion_agent][INFO] - approx_kl: 0.0, update_epoch: 2, num_batch: 4
[2026-10-09 18:57:03,034][agent.finetune.train_ppo_diffusion_agent][INFO] - approx_kl: 0.0, update_epoch: 2, num_batch: 4
[2026-10-09 18:57:05,243][agent.finetune.train_ppo_diffusion_agent][INFO] - approx_kl: 0.0, update_epoch: 3, num_batch: 4
[2026-10-09 18:57:07,452][agent.finetune.train_ppo_diffusion_agent][INFO] - approx_kl: 0.0, update_epoch: 3, num_batch: 4
[2026-10-09 18:57:09,784][agent.finetune.train_ppo_diffusion_agent][INFO] - approx_kl: 0.0, update_epoch: 3, num_batch: 4
[2026-10-09 18:57:11,884][agent.finetune.train_ppo_diffusion_agent][INFO] - approx_kl: 0.0, update_epoch: 3, num_batch: 4
[2026-10-09 18:57:14,084][agent.finetune.train_ppo_diffusion_agent][INFO] - approx_kl: 0.0, update_epoch: 4, num_batch: 4
[2026-10-09 18:57:16,281][agent.finetune.train_ppo_diffusion_agent][INFO] - approx_kl: 0.0, update_epoch: 4, num_batch: 4
[2026-10-09 18:57:18,577][agent.finetune.train_ppo_diffusion_agent][INFO] - approx_kl: 0.0, update_epoch: 4, num_batch: 4
[2026-10-09 18:57:20,689][agent.finetune.train_ppo_diffusion_agent][INFO] - approx_kl: 0.0, update_epoch: 4, num_batch: 4
[2026-10-09 18:57:29,550][agent.finetune.train_ppo_diffusion_agent][INFO] - 88: step  6400000 | loss   0.0310 | pg loss   0.0000 | value loss   0.0621 | bc loss   0.0000 | reward 2829.6895 | eta   1.0000 | t: 66.1591 | kl_true_per_action=0.45603891173031513 | logratio_p99=0.9951234388351418 | clamp_hit_frac=0.00085 | actor_step_ratio=1.0 | actor_step_clipfrac=0.0
[2026-10-09 18:57:45,016][agent.finetune.train_ppo_diffusion_agent][INFO] - approx_kl: 0.0, update_epoch: 0, num_batch: 4
[2026-10-09 18:57:47,222][agent.finetune.train_ppo_diffusion_agent][INFO] - approx_kl: 0.0, update_epoch: 0, num_batch: 4
[2026-10-09 18:57:49,528][agent.finetune.train_ppo_diffusion_agent][INFO] - approx_kl: 0.0, update_epoch: 0, num_batch: 4
[2026-10-09 18:57:51,638][agent.finetune.train_ppo_diffusion_agent][INFO] - approx_kl: 0.0, update_epoch: 0, num_batch: 4
[2026-10-09 18:57:53,840][agent.finetune.train_ppo_diffusion_agent][INFO] - approx_kl: 0.0, update_epoch: 1, num_batch: 4
[2026-10-09 18:57:56,150][agent.finetune.train_ppo_diffusion_agent][INFO] - approx_kl: 0.0, update_epoch: 1, num_batch: 4
[2026-10-09 18:57:58,263][agent.finetune.train_ppo_diffusion_agent][INFO] - approx_kl: 0.0, update_epoch: 1, num_batch: 4
[2026-10-09 18:58:00,464][agent.finetune.train_ppo_diffusion_agent][INFO] - approx_kl: 0.0, update_epoch: 1, num_batch: 4
[2026-10-09 18:58:02,692][agent.finetune.train_ppo_diffusion_agent][INFO] - approx_kl: 0.0, update_epoch: 2, num_batch: 4
[2026-10-09 18:58:05,023][agent.finetune.train_ppo_diffusion_agent][INFO] - approx_kl: 0.0, update_epoch: 2, num_batch: 4
[2026-10-09 18:58:07,152][agent.finetune.train_ppo_diffusion_agent][INFO] - approx_kl: 0.0, update_epoch: 2, num_batch: 4
[2026-10-09 18:58:09,375][agent.finetune.train_ppo_diffusion_agent][INFO] - approx_kl: 0.0, update_epoch: 2, num_batch: 4
[2026-10-09 18:58:11,599][agent.finetune.train_ppo_diffusion_agent][INFO] - approx_kl: 0.0, update_epoch: 3, num_batch: 4
[2026-10-09 18:58:13,930][agent.finetune.train_ppo_diffusion_agent][INFO] - approx_kl: 0.0, update_epoch: 3, num_batch: 4
[2026-10-09 18:58:16,041][agent.finetune.train_ppo_diffusion_agent][INFO] - approx_kl: 0.0, update_epoch: 3, num_batch: 4
[2026-10-09 18:58:18,241][agent.finetune.train_ppo_diffusion_agent][INFO] - approx_kl: 0.0, update_epoch: 3, num_batch: 4
[2026-10-09 18:58:20,433][agent.finetune.train_ppo_diffusion_agent][INFO] - approx_kl: 0.0, update_epoch: 4, num_batch: 4
[2026-10-09 18:58:22,757][agent.finetune.train_ppo_diffusion_agent][INFO] - approx_kl: 0.0, update_epoch: 4, num_batch: 4
[2026-10-09 18:58:24,893][agent.finetune.train_ppo_diffusion_agent][INFO] - approx_kl: 0.0, update_epoch: 4, num_batch: 4
[2026-10-09 18:58:27,120][agent.finetune.train_ppo_diffusion_agent][INFO] - approx_kl: 0.0, update_epoch: 4, num_batch: 4
[2026-10-09 18:58:35,979][agent.finetune.train_ppo_diffusion_agent][INFO] - 89: step  6480000 | loss   0.0309 | pg loss  -0.0000 | value loss   0.0618 | bc loss   0.0000 | reward 2872.6636 | eta   1.0000 | t: 66.4290 | kl_true_per_action=0.5915391955498133 | logratio_p99=1.1562020933628043 | clamp_hit_frac=0.0008270833333333333 | actor_step_ratio=1.0 | actor_step_clipfrac=0.0
[2026-10-09 18:58:49,204][agent.finetune.train_ppo_diffusion_agent][INFO] - eval: success rate   1.0000 | avg episode reward 3069.5716 | avg best reward   4.8571
[2026-10-09 18:59:04,630][agent.finetune.train_ppo_diffusion_agent][INFO] - approx_kl: 0.0, update_epoch: 0, num_batch: 4
[2026-10-09 18:59:06,957][agent.finetune.train_ppo_diffusion_agent][INFO] - approx_kl: 0.0, update_epoch: 0, num_batch: 4
[2026-10-09 18:59:09,054][agent.finetune.train_ppo_diffusion_agent][INFO] - approx_kl: 0.0, update_epoch: 0, num_batch: 4
[2026-10-09 18:59:11,244][agent.finetune.train_ppo_diffusion_agent][INFO] - approx_kl: 0.0, update_epoch: 0, num_batch: 4
[2026-10-09 18:59:13,435][agent.finetune.train_ppo_diffusion_agent][INFO] - approx_kl: 0.0, update_epoch: 1, num_batch: 4
[2026-10-09 18:59:15,755][agent.finetune.train_ppo_diffusion_agent][INFO] - approx_kl: 0.0, update_epoch: 1, num_batch: 4
[2026-10-09 18:59:17,883][agent.finetune.train_ppo_diffusion_agent][INFO] - approx_kl: 0.0, update_epoch: 1, num_batch: 4
[2026-10-09 18:59:20,059][agent.finetune.train_ppo_diffusion_agent][INFO] - approx_kl: 0.0, update_epoch: 1, num_batch: 4
[2026-10-09 18:59:22,243][agent.finetune.train_ppo_diffusion_agent][INFO] - approx_kl: 0.0, update_epoch: 2, num_batch: 4
[2026-10-09 18:59:24,513][agent.finetune.train_ppo_diffusion_agent][INFO] - approx_kl: 0.0, update_epoch: 2, num_batch: 4
[2026-10-09 18:59:26,624][agent.finetune.train_ppo_diffusion_agent][INFO] - approx_kl: 0.0, update_epoch: 2, num_batch: 4
[2026-10-09 18:59:28,815][agent.finetune.train_ppo_diffusion_agent][INFO] - approx_kl: 0.0, update_epoch: 2, num_batch: 4
[2026-10-09 18:59:31,008][agent.finetune.train_ppo_diffusion_agent][INFO] - approx_kl: 0.0, update_epoch: 3, num_batch: 4
[2026-10-09 18:59:33,322][agent.finetune.train_ppo_diffusion_agent][INFO] - approx_kl: 0.0, update_epoch: 3, num_batch: 4
[2026-10-09 18:59:35,474][agent.finetune.train_ppo_diffusion_agent][INFO] - approx_kl: 0.0, update_epoch: 3, num_batch: 4
[2026-10-09 18:59:37,692][agent.finetune.train_ppo_diffusion_agent][INFO] - approx_kl: 0.0, update_epoch: 3, num_batch: 4
[2026-10-09 18:59:39,885][agent.finetune.train_ppo_diffusion_agent][INFO] - approx_kl: 0.0, update_epoch: 4, num_batch: 4
[2026-10-09 18:59:42,159][agent.finetune.train_ppo_diffusion_agent][INFO] - approx_kl: 0.0, update_epoch: 4, num_batch: 4
[2026-10-09 18:59:44,258][agent.finetune.train_ppo_diffusion_agent][INFO] - approx_kl: 0.0, update_epoch: 4, num_batch: 4
[2026-10-09 18:59:46,453][agent.finetune.train_ppo_diffusion_agent][INFO] - approx_kl: 0.0, update_epoch: 4, num_batch: 4
[2026-10-09 18:59:55,248][agent.finetune.train_ppo_diffusion_agent][INFO] - 91: step  6560000 | loss   0.0317 | pg loss   0.0000 | value loss   0.0634 | bc loss   0.0000 | reward 2910.7385 | eta   1.0000 | t: 66.0447 | kl_true_per_action=0.8659344187809286 | logratio_p99=1.4445081055164317 | clamp_hit_frac=0.0007666666666666667 | actor_step_ratio=1.0 | actor_step_clipfrac=0.0
[2026-10-09 19:00:09,780][agent.finetune.train_ppo_diffusion_agent][INFO] - approx_kl: 0.0, update_epoch: 0, num_batch: 4
[2026-10-09 19:00:12,074][agent.finetune.train_ppo_diffusion_agent][INFO] - approx_kl: 0.0, update_epoch: 0, num_batch: 4
[2026-10-09 19:00:14,171][agent.finetune.train_ppo_diffusion_agent][INFO] - approx_kl: 0.0, update_epoch: 0, num_batch: 4
[2026-10-09 19:00:16,370][agent.finetune.train_ppo_diffusion_agent][INFO] - approx_kl: 0.0, update_epoch: 0, num_batch: 4
[2026-10-09 19:00:18,573][agent.finetune.train_ppo_diffusion_agent][INFO] - approx_kl: 0.0, update_epoch: 1, num_batch: 4
[2026-10-09 19:00:20,870][agent.finetune.train_ppo_diffusion_agent][INFO] - approx_kl: 0.0, update_epoch: 1, num_batch: 4
[2026-10-09 19:00:22,968][agent.finetune.train_ppo_diffusion_agent][INFO] - approx_kl: 0.0, update_epoch: 1, num_batch: 4
[2026-10-09 19:00:25,169][agent.finetune.train_ppo_diffusion_agent][INFO] - approx_kl: 0.0, update_epoch: 1, num_batch: 4
[2026-10-09 19:00:27,416][agent.finetune.train_ppo_diffusion_agent][INFO] - approx_kl: 0.0, update_epoch: 2, num_batch: 4
[2026-10-09 19:00:29,704][agent.finetune.train_ppo_diffusion_agent][INFO] - approx_kl: 0.0, update_epoch: 2, num_batch: 4
[2026-10-09 19:00:31,814][agent.finetune.train_ppo_diffusion_agent][INFO] - approx_kl: 0.0, update_epoch: 2, num_batch: 4
[2026-10-09 19:00:34,012][agent.finetune.train_ppo_diffusion_agent][INFO] - approx_kl: 0.0, update_epoch: 2, num_batch: 4
[2026-10-09 19:00:36,214][agent.finetune.train_ppo_diffusion_agent][INFO] - approx_kl: 0.0, update_epoch: 3, num_batch: 4
[2026-10-09 19:00:38,520][agent.finetune.train_ppo_diffusion_agent][INFO] - approx_kl: 0.0, update_epoch: 3, num_batch: 4
[2026-10-09 19:00:40,618][agent.finetune.train_ppo_diffusion_agent][INFO] - approx_kl: 0.0, update_epoch: 3, num_batch: 4
[2026-10-09 19:00:42,815][agent.finetune.train_ppo_diffusion_agent][INFO] - approx_kl: 0.0, update_epoch: 3, num_batch: 4
[2026-10-09 19:00:45,011][agent.finetune.train_ppo_diffusion_agent][INFO] - approx_kl: 0.0, update_epoch: 4, num_batch: 4
[2026-10-09 19:00:47,340][agent.finetune.train_ppo_diffusion_agent][INFO] - approx_kl: 0.0, update_epoch: 4, num_batch: 4
[2026-10-09 19:00:49,449][agent.finetune.train_ppo_diffusion_agent][INFO] - approx_kl: 0.0, update_epoch: 4, num_batch: 4
[2026-10-09 19:00:51,636][agent.finetune.train_ppo_diffusion_agent][INFO] - approx_kl: 0.0, update_epoch: 4, num_batch: 4
[2026-10-09 19:01:00,500][agent.finetune.train_ppo_diffusion_agent][INFO] - 92: step  6640000 | loss   0.0313 | pg loss  -0.0000 | value loss   0.0626 | bc loss   0.0000 | reward 2835.4751 | eta   1.0000 | t: 65.2516 | kl_true_per_action=0.8438619984941874 | logratio_p99=1.390142257213592 | clamp_hit_frac=0.0008833333333333333 | actor_step_ratio=1.0 | actor_step_clipfrac=0.0
[2026-10-09 19:01:15,108][agent.finetune.train_ppo_diffusion_agent][INFO] - approx_kl: 0.0, update_epoch: 0, num_batch: 4
[2026-10-09 19:01:17,429][agent.finetune.train_ppo_diffusion_agent][INFO] - approx_kl: 0.0, update_epoch: 0, num_batch: 4
[2026-10-09 19:01:19,538][agent.finetune.train_ppo_diffusion_agent][INFO] - approx_kl: 0.0, update_epoch: 0, num_batch: 4
[2026-10-09 19:01:21,738][agent.finetune.train_ppo_diffusion_agent][INFO] - approx_kl: 0.0, update_epoch: 0, num_batch: 4
[2026-10-09 19:01:23,932][agent.finetune.train_ppo_diffusion_agent][INFO] - approx_kl: 0.0, update_epoch: 1, num_batch: 4
[2026-10-09 19:01:26,233][agent.finetune.train_ppo_diffusion_agent][INFO] - approx_kl: 0.0, update_epoch: 1, num_batch: 4
[2026-10-09 19:01:28,339][agent.finetune.train_ppo_diffusion_agent][INFO] - approx_kl: 0.0, update_epoch: 1, num_batch: 4
[2026-10-09 19:01:30,542][agent.finetune.train_ppo_diffusion_agent][INFO] - approx_kl: 0.0, update_epoch: 1, num_batch: 4
[2026-10-09 19:01:32,737][agent.finetune.train_ppo_diffusion_agent][INFO] - approx_kl: 0.0, update_epoch: 2, num_batch: 4
[2026-10-09 19:01:35,041][agent.finetune.train_ppo_diffusion_agent][INFO] - approx_kl: 0.0, update_epoch: 2, num_batch: 4
[2026-10-09 19:01:37,156][agent.finetune.train_ppo_diffusion_agent][INFO] - approx_kl: 0.0, update_epoch: 2, num_batch: 4
[2026-10-09 19:01:39,357][agent.finetune.train_ppo_diffusion_agent][INFO] - approx_kl: 0.0, update_epoch: 2, num_batch: 4
[2026-10-09 19:01:41,541][agent.finetune.train_ppo_diffusion_agent][INFO] - approx_kl: 0.0, update_epoch: 3, num_batch: 4
[2026-10-09 19:01:43,828][agent.finetune.train_ppo_diffusion_agent][INFO] - approx_kl: 0.0, update_epoch: 3, num_batch: 4
[2026-10-09 19:01:45,914][agent.finetune.train_ppo_diffusion_agent][INFO] - approx_kl: 0.0, update_epoch: 3, num_batch: 4
[2026-10-09 19:01:48,105][agent.finetune.train_ppo_diffusion_agent][INFO] - approx_kl: 0.0, update_epoch: 3, num_batch: 4
[2026-10-09 19:01:50,315][agent.finetune.train_ppo_diffusion_agent][INFO] - approx_kl: 0.0, update_epoch: 4, num_batch: 4
[2026-10-09 19:01:52,612][agent.finetune.train_ppo_diffusion_agent][INFO] - approx_kl: 0.0, update_epoch: 4, num_batch: 4
[2026-10-09 19:01:54,716][agent.finetune.train_ppo_diffusion_agent][INFO] - approx_kl: 0.0, update_epoch: 4, num_batch: 4
[2026-10-09 19:01:56,911][agent.finetune.train_ppo_diffusion_agent][INFO] - approx_kl: 0.0, update_epoch: 4, num_batch: 4
[2026-10-09 19:02:05,717][agent.finetune.train_ppo_diffusion_agent][INFO] - 93: step  6720000 | loss   0.0308 | pg loss  -0.0000 | value loss   0.0616 | bc loss   0.0000 | reward 2929.9572 | eta   1.0000 | t: 65.2169 | kl_true_per_action=0.5875426817349244 | logratio_p99=1.1443045759201036 | clamp_hit_frac=0.0007875 | actor_step_ratio=1.0 | actor_step_clipfrac=0.0
[2026-10-09 19:02:20,466][agent.finetune.train_ppo_diffusion_agent][INFO] - approx_kl: 0.0, update_epoch: 0, num_batch: 4
[2026-10-09 19:02:22,579][agent.finetune.train_ppo_diffusion_agent][INFO] - approx_kl: 0.0, update_epoch: 0, num_batch: 4
[2026-10-09 19:02:24,778][agent.finetune.train_ppo_diffusion_agent][INFO] - approx_kl: 0.0, update_epoch: 0, num_batch: 4
[2026-10-09 19:02:26,976][agent.finetune.train_ppo_diffusion_agent][INFO] - approx_kl: 0.0, update_epoch: 0, num_batch: 4
[2026-10-09 19:02:29,295][agent.finetune.train_ppo_diffusion_agent][INFO] - approx_kl: 0.0, update_epoch: 1, num_batch: 4
[2026-10-09 19:02:31,409][agent.finetune.train_ppo_diffusion_agent][INFO] - approx_kl: 0.0, update_epoch: 1, num_batch: 4
[2026-10-09 19:02:33,612][agent.finetune.train_ppo_diffusion_agent][INFO] - approx_kl: 0.0, update_epoch: 1, num_batch: 4
[2026-10-09 19:02:35,824][agent.finetune.train_ppo_diffusion_agent][INFO] - approx_kl: 0.0, update_epoch: 1, num_batch: 4
[2026-10-09 19:02:38,135][agent.finetune.train_ppo_diffusion_agent][INFO] - approx_kl: 0.0, update_epoch: 2, num_batch: 4
[2026-10-09 19:02:40,247][agent.finetune.train_ppo_diffusion_agent][INFO] - approx_kl: 0.0, update_epoch: 2, num_batch: 4
[2026-10-09 19:02:42,470][agent.finetune.train_ppo_diffusion_agent][INFO] - approx_kl: 0.0, update_epoch: 2, num_batch: 4
[2026-10-09 19:02:44,663][agent.finetune.train_ppo_diffusion_agent][INFO] - approx_kl: 0.0, update_epoch: 2, num_batch: 4
[2026-10-09 19:02:46,954][agent.finetune.train_ppo_diffusion_agent][INFO] - approx_kl: 0.0, update_epoch: 3, num_batch: 4
[2026-10-09 19:02:49,057][agent.finetune.train_ppo_diffusion_agent][INFO] - approx_kl: 0.0, update_epoch: 3, num_batch: 4
[2026-10-09 19:02:51,259][agent.finetune.train_ppo_diffusion_agent][INFO] - approx_kl: 0.0, update_epoch: 3, num_batch: 4
[2026-10-09 19:02:53,459][agent.finetune.train_ppo_diffusion_agent][INFO] - approx_kl: 0.0, update_epoch: 3, num_batch: 4
[2026-10-09 19:02:55,791][agent.finetune.train_ppo_diffusion_agent][INFO] - approx_kl: 0.0, update_epoch: 4, num_batch: 4
[2026-10-09 19:02:57,918][agent.finetune.train_ppo_diffusion_agent][INFO] - approx_kl: 0.0, update_epoch: 4, num_batch: 4
[2026-10-09 19:03:00,143][agent.finetune.train_ppo_diffusion_agent][INFO] - approx_kl: 0.0, update_epoch: 4, num_batch: 4
[2026-10-09 19:03:02,335][agent.finetune.train_ppo_diffusion_agent][INFO] - approx_kl: 0.0, update_epoch: 4, num_batch: 4
[2026-10-09 19:03:11,228][agent.finetune.train_ppo_diffusion_agent][INFO] - 94: step  6800000 | loss   0.0329 | pg loss   0.0000 | value loss   0.0659 | bc loss   0.0000 | reward 2965.8448 | eta   1.0000 | t: 65.5114 | kl_true_per_action=0.3577386058110104 | logratio_p99=0.8743444776535031 | clamp_hit_frac=0.0007916666666666666 | actor_step_ratio=1.0 | actor_step_clipfrac=0.0
[2026-10-09 19:03:25,824][agent.finetune.train_ppo_diffusion_agent][INFO] - approx_kl: 0.0, update_epoch: 0, num_batch: 4
[2026-10-09 19:03:27,919][agent.finetune.train_ppo_diffusion_agent][INFO] - approx_kl: 0.0, update_epoch: 0, num_batch: 4
[2026-10-09 19:03:30,106][agent.finetune.train_ppo_diffusion_agent][INFO] - approx_kl: 0.0, update_epoch: 0, num_batch: 4
[2026-10-09 19:03:32,301][agent.finetune.train_ppo_diffusion_agent][INFO] - approx_kl: 0.0, update_epoch: 0, num_batch: 4
[2026-10-09 19:03:34,592][agent.finetune.train_ppo_diffusion_agent][INFO] - approx_kl: 0.0, update_epoch: 1, num_batch: 4
[2026-10-09 19:03:36,697][agent.finetune.train_ppo_diffusion_agent][INFO] - approx_kl: 0.0, update_epoch: 1, num_batch: 4
[2026-10-09 19:03:38,882][agent.finetune.train_ppo_diffusion_agent][INFO] - approx_kl: 0.0, update_epoch: 1, num_batch: 4
[2026-10-09 19:03:41,066][agent.finetune.train_ppo_diffusion_agent][INFO] - approx_kl: 0.0, update_epoch: 1, num_batch: 4
[2026-10-09 19:03:43,372][agent.finetune.train_ppo_diffusion_agent][INFO] - approx_kl: 0.0, update_epoch: 2, num_batch: 4
[2026-10-09 19:03:45,474][agent.finetune.train_ppo_diffusion_agent][INFO] - approx_kl: 0.0, update_epoch: 2, num_batch: 4
[2026-10-09 19:03:47,669][agent.finetune.train_ppo_diffusion_agent][INFO] - approx_kl: 0.0, update_epoch: 2, num_batch: 4
[2026-10-09 19:03:49,857][agent.finetune.train_ppo_diffusion_agent][INFO] - approx_kl: 0.0, update_epoch: 2, num_batch: 4
[2026-10-09 19:03:52,149][agent.finetune.train_ppo_diffusion_agent][INFO] - approx_kl: 0.0, update_epoch: 3, num_batch: 4
[2026-10-09 19:03:54,254][agent.finetune.train_ppo_diffusion_agent][INFO] - approx_kl: 0.0, update_epoch: 3, num_batch: 4
[2026-10-09 19:03:56,443][agent.finetune.train_ppo_diffusion_agent][INFO] - approx_kl: 0.0, update_epoch: 3, num_batch: 4
[2026-10-09 19:03:58,634][agent.finetune.train_ppo_diffusion_agent][INFO] - approx_kl: 0.0, update_epoch: 3, num_batch: 4
[2026-10-09 19:04:00,926][agent.finetune.train_ppo_diffusion_agent][INFO] - approx_kl: 0.0, update_epoch: 4, num_batch: 4
[2026-10-09 19:04:03,018][agent.finetune.train_ppo_diffusion_agent][INFO] - approx_kl: 0.0, update_epoch: 4, num_batch: 4
[2026-10-09 19:04:05,220][agent.finetune.train_ppo_diffusion_agent][INFO] - approx_kl: 0.0, update_epoch: 4, num_batch: 4
[2026-10-09 19:04:07,407][agent.finetune.train_ppo_diffusion_agent][INFO] - approx_kl: 0.0, update_epoch: 4, num_batch: 4
[2026-10-09 19:04:16,261][agent.finetune.train_ppo_diffusion_agent][INFO] - 95: step  6880000 | loss   0.0318 | pg loss   0.0000 | value loss   0.0636 | bc loss   0.0000 | reward 2941.5700 | eta   1.0000 | t: 65.0329 | kl_true_per_action=0.3853400090568338 | logratio_p99=0.9048040294647187 | clamp_hit_frac=0.00079375 | actor_step_ratio=1.0 | actor_step_clipfrac=0.0
[2026-10-09 19:04:30,859][agent.finetune.train_ppo_diffusion_agent][INFO] - approx_kl: 0.0, update_epoch: 0, num_batch: 4
[2026-10-09 19:04:32,973][agent.finetune.train_ppo_diffusion_agent][INFO] - approx_kl: 0.0, update_epoch: 0, num_batch: 4
[2026-10-09 19:04:35,181][agent.finetune.train_ppo_diffusion_agent][INFO] - approx_kl: 0.0, update_epoch: 0, num_batch: 4
[2026-10-09 19:04:37,480][agent.finetune.train_ppo_diffusion_agent][INFO] - approx_kl: 0.0, update_epoch: 0, num_batch: 4
[2026-10-09 19:04:39,586][agent.finetune.train_ppo_diffusion_agent][INFO] - approx_kl: 0.0, update_epoch: 1, num_batch: 4
[2026-10-09 19:04:41,798][agent.finetune.train_ppo_diffusion_agent][INFO] - approx_kl: 0.0, update_epoch: 1, num_batch: 4
[2026-10-09 19:04:44,013][agent.finetune.train_ppo_diffusion_agent][INFO] - approx_kl: 0.0, update_epoch: 1, num_batch: 4
[2026-10-09 19:04:46,302][agent.finetune.train_ppo_diffusion_agent][INFO] - approx_kl: 0.0, update_epoch: 1, num_batch: 4
[2026-10-09 19:04:48,404][agent.finetune.train_ppo_diffusion_agent][INFO] - approx_kl: 0.0, update_epoch: 2, num_batch: 4
[2026-10-09 19:04:50,609][agent.finetune.train_ppo_diffusion_agent][INFO] - approx_kl: 0.0, update_epoch: 2, num_batch: 4
[2026-10-09 19:04:52,805][agent.finetune.train_ppo_diffusion_agent][INFO] - approx_kl: 0.0, update_epoch: 2, num_batch: 4
[2026-10-09 19:04:55,120][agent.finetune.train_ppo_diffusion_agent][INFO] - approx_kl: 0.0, update_epoch: 2, num_batch: 4
[2026-10-09 19:04:57,235][agent.finetune.train_ppo_diffusion_agent][INFO] - approx_kl: 0.0, update_epoch: 3, num_batch: 4
[2026-10-09 19:04:59,446][agent.finetune.train_ppo_diffusion_agent][INFO] - approx_kl: 0.0, update_epoch: 3, num_batch: 4
[2026-10-09 19:05:01,666][agent.finetune.train_ppo_diffusion_agent][INFO] - approx_kl: 0.0, update_epoch: 3, num_batch: 4
[2026-10-09 19:05:03,973][agent.finetune.train_ppo_diffusion_agent][INFO] - approx_kl: 0.0, update_epoch: 3, num_batch: 4
[2026-10-09 19:05:06,087][agent.finetune.train_ppo_diffusion_agent][INFO] - approx_kl: 0.0, update_epoch: 4, num_batch: 4
[2026-10-09 19:05:08,300][agent.finetune.train_ppo_diffusion_agent][INFO] - approx_kl: 0.0, update_epoch: 4, num_batch: 4
[2026-10-09 19:05:10,523][agent.finetune.train_ppo_diffusion_agent][INFO] - approx_kl: 0.0, update_epoch: 4, num_batch: 4
[2026-10-09 19:05:12,845][agent.finetune.train_ppo_diffusion_agent][INFO] - approx_kl: 0.0, update_epoch: 4, num_batch: 4
[2026-10-09 19:05:21,713][agent.finetune.train_ppo_diffusion_agent][INFO] - 96: step  6960000 | loss   0.0334 | pg loss  -0.0000 | value loss   0.0668 | bc loss   0.0000 | reward 3105.3484 | eta   1.0000 | t: 65.4514 | kl_true_per_action=0.43690790719918776 | logratio_p99=0.98124973654747 | clamp_hit_frac=0.00073125 | actor_step_ratio=1.0 | actor_step_clipfrac=0.0
[2026-10-09 19:05:36,183][agent.finetune.train_ppo_diffusion_agent][INFO] - approx_kl: 0.0, update_epoch: 0, num_batch: 4
[2026-10-09 19:05:38,359][agent.finetune.train_ppo_diffusion_agent][INFO] - approx_kl: 0.0, update_epoch: 0, num_batch: 4
[2026-10-09 19:05:40,543][agent.finetune.train_ppo_diffusion_agent][INFO] - approx_kl: 0.0, update_epoch: 0, num_batch: 4
[2026-10-09 19:05:42,860][agent.finetune.train_ppo_diffusion_agent][INFO] - approx_kl: 0.0, update_epoch: 0, num_batch: 4
[2026-10-09 19:05:44,959][agent.finetune.train_ppo_diffusion_agent][INFO] - approx_kl: 0.0, update_epoch: 1, num_batch: 4
[2026-10-09 19:05:47,150][agent.finetune.train_ppo_diffusion_agent][INFO] - approx_kl: 0.0, update_epoch: 1, num_batch: 4
[2026-10-09 19:05:49,337][agent.finetune.train_ppo_diffusion_agent][INFO] - approx_kl: 0.0, update_epoch: 1, num_batch: 4
[2026-10-09 19:05:51,621][agent.finetune.train_ppo_diffusion_agent][INFO] - approx_kl: 0.0, update_epoch: 1, num_batch: 4
[2026-10-09 19:05:53,723][agent.finetune.train_ppo_diffusion_agent][INFO] - approx_kl: 0.0, update_epoch: 2, num_batch: 4
[2026-10-09 19:05:55,923][agent.finetune.train_ppo_diffusion_agent][INFO] - approx_kl: 0.0, update_epoch: 2, num_batch: 4
[2026-10-09 19:05:58,120][agent.finetune.train_ppo_diffusion_agent][INFO] - approx_kl: 0.0, update_epoch: 2, num_batch: 4
[2026-10-09 19:06:00,408][agent.finetune.train_ppo_diffusion_agent][INFO] - approx_kl: 0.0, update_epoch: 2, num_batch: 4
[2026-10-09 19:06:02,530][agent.finetune.train_ppo_diffusion_agent][INFO] - approx_kl: 0.0, update_epoch: 3, num_batch: 4
[2026-10-09 19:06:04,725][agent.finetune.train_ppo_diffusion_agent][INFO] - approx_kl: 0.0, update_epoch: 3, num_batch: 4
[2026-10-09 19:06:06,909][agent.finetune.train_ppo_diffusion_agent][INFO] - approx_kl: 0.0, update_epoch: 3, num_batch: 4
[2026-10-09 19:06:09,203][agent.finetune.train_ppo_diffusion_agent][INFO] - approx_kl: 0.0, update_epoch: 3, num_batch: 4
[2026-10-09 19:06:11,311][agent.finetune.train_ppo_diffusion_agent][INFO] - approx_kl: 0.0, update_epoch: 4, num_batch: 4
[2026-10-09 19:06:13,555][agent.finetune.train_ppo_diffusion_agent][INFO] - approx_kl: 0.0, update_epoch: 4, num_batch: 4
[2026-10-09 19:06:15,733][agent.finetune.train_ppo_diffusion_agent][INFO] - approx_kl: 0.0, update_epoch: 4, num_batch: 4
[2026-10-09 19:06:18,011][agent.finetune.train_ppo_diffusion_agent][INFO] - approx_kl: 0.0, update_epoch: 4, num_batch: 4
[2026-10-09 19:06:26,799][agent.finetune.train_ppo_diffusion_agent][INFO] - 97: step  7040000 | loss   0.0352 | pg loss   0.0000 | value loss   0.0704 | bc loss   0.0000 | reward 3147.8656 | eta   1.0000 | t: 65.0862 | kl_true_per_action=0.40604884164753496 | logratio_p99=0.9372619783878294 | clamp_hit_frac=0.0008145833333333333 | actor_step_ratio=1.0 | actor_step_clipfrac=0.0
[2026-10-09 19:06:41,178][agent.finetune.train_ppo_diffusion_agent][INFO] - approx_kl: 0.0, update_epoch: 0, num_batch: 4
[2026-10-09 19:06:43,364][agent.finetune.train_ppo_diffusion_agent][INFO] - approx_kl: 0.0, update_epoch: 0, num_batch: 4
[2026-10-09 19:06:45,530][agent.finetune.train_ppo_diffusion_agent][INFO] - approx_kl: 0.0, update_epoch: 0, num_batch: 4
[2026-10-09 19:06:47,792][agent.finetune.train_ppo_diffusion_agent][INFO] - approx_kl: 0.0, update_epoch: 0, num_batch: 4
[2026-10-09 19:06:49,874][agent.finetune.train_ppo_diffusion_agent][INFO] - approx_kl: 0.0, update_epoch: 1, num_batch: 4
[2026-10-09 19:06:52,049][agent.finetune.train_ppo_diffusion_agent][INFO] - approx_kl: 0.0, update_epoch: 1, num_batch: 4
[2026-10-09 19:06:54,239][agent.finetune.train_ppo_diffusion_agent][INFO] - approx_kl: 0.0, update_epoch: 1, num_batch: 4
[2026-10-09 19:06:56,511][agent.finetune.train_ppo_diffusion_agent][INFO] - approx_kl: 0.0, update_epoch: 1, num_batch: 4
[2026-10-09 19:06:58,598][agent.finetune.train_ppo_diffusion_agent][INFO] - approx_kl: 0.0, update_epoch: 2, num_batch: 4
[2026-10-09 19:07:00,780][agent.finetune.train_ppo_diffusion_agent][INFO] - approx_kl: 0.0, update_epoch: 2, num_batch: 4
[2026-10-09 19:07:02,980][agent.finetune.train_ppo_diffusion_agent][INFO] - approx_kl: 0.0, update_epoch: 2, num_batch: 4
[2026-10-09 19:07:05,289][agent.finetune.train_ppo_diffusion_agent][INFO] - approx_kl: 0.0, update_epoch: 2, num_batch: 4
[2026-10-09 19:07:07,386][agent.finetune.train_ppo_diffusion_agent][INFO] - approx_kl: 0.0, update_epoch: 3, num_batch: 4
[2026-10-09 19:07:09,572][agent.finetune.train_ppo_diffusion_agent][INFO] - approx_kl: 0.0, update_epoch: 3, num_batch: 4
[2026-10-09 19:07:11,761][agent.finetune.train_ppo_diffusion_agent][INFO] - approx_kl: 0.0, update_epoch: 3, num_batch: 4
[2026-10-09 19:07:14,060][agent.finetune.train_ppo_diffusion_agent][INFO] - approx_kl: 0.0, update_epoch: 3, num_batch: 4
[2026-10-09 19:07:16,158][agent.finetune.train_ppo_diffusion_agent][INFO] - approx_kl: 0.0, update_epoch: 4, num_batch: 4
[2026-10-09 19:07:18,361][agent.finetune.train_ppo_diffusion_agent][INFO] - approx_kl: 0.0, update_epoch: 4, num_batch: 4
[2026-10-09 19:07:20,558][agent.finetune.train_ppo_diffusion_agent][INFO] - approx_kl: 0.0, update_epoch: 4, num_batch: 4
[2026-10-09 19:07:22,845][agent.finetune.train_ppo_diffusion_agent][INFO] - approx_kl: 0.0, update_epoch: 4, num_batch: 4
[2026-10-09 19:07:31,663][agent.finetune.train_ppo_diffusion_agent][INFO] - 98: step  7120000 | loss   0.0366 | pg loss   0.0000 | value loss   0.0732 | bc loss   0.0000 | reward 3365.8482 | eta   1.0000 | t: 64.8638 | kl_true_per_action=0.45322804797397864 | logratio_p99=1.0165026223659432 | clamp_hit_frac=0.0008416666666666667 | actor_step_ratio=1.0 | actor_step_clipfrac=0.0
[2026-10-09 19:07:46,063][agent.finetune.train_ppo_diffusion_agent][INFO] - approx_kl: 0.0, update_epoch: 0, num_batch: 4
[2026-10-09 19:07:48,261][agent.finetune.train_ppo_diffusion_agent][INFO] - approx_kl: 0.0, update_epoch: 0, num_batch: 4
[2026-10-09 19:07:50,460][agent.finetune.train_ppo_diffusion_agent][INFO] - approx_kl: 0.0, update_epoch: 0, num_batch: 4
[2026-10-09 19:07:52,760][agent.finetune.train_ppo_diffusion_agent][INFO] - approx_kl: 0.0, update_epoch: 0, num_batch: 4
[2026-10-09 19:07:54,910][agent.finetune.train_ppo_diffusion_agent][INFO] - approx_kl: 0.0, update_epoch: 1, num_batch: 4
[2026-10-09 19:07:57,112][agent.finetune.train_ppo_diffusion_agent][INFO] - approx_kl: 0.0, update_epoch: 1, num_batch: 4
[2026-10-09 19:07:59,309][agent.finetune.train_ppo_diffusion_agent][INFO] - approx_kl: 0.0, update_epoch: 1, num_batch: 4
[2026-10-09 19:08:01,626][agent.finetune.train_ppo_diffusion_agent][INFO] - approx_kl: 0.0, update_epoch: 1, num_batch: 4
[2026-10-09 19:08:03,760][agent.finetune.train_ppo_diffusion_agent][INFO] - approx_kl: 0.0, update_epoch: 2, num_batch: 4
[2026-10-09 19:08:05,959][agent.finetune.train_ppo_diffusion_agent][INFO] - approx_kl: 0.0, update_epoch: 2, num_batch: 4
[2026-10-09 19:08:08,151][agent.finetune.train_ppo_diffusion_agent][INFO] - approx_kl: 0.0, update_epoch: 2, num_batch: 4
[2026-10-09 19:08:10,431][agent.finetune.train_ppo_diffusion_agent][INFO] - approx_kl: 0.0, update_epoch: 2, num_batch: 4
[2026-10-09 19:08:12,516][agent.finetune.train_ppo_diffusion_agent][INFO] - approx_kl: 0.0, update_epoch: 3, num_batch: 4
[2026-10-09 19:08:14,712][agent.finetune.train_ppo_diffusion_agent][INFO] - approx_kl: 0.0, update_epoch: 3, num_batch: 4
[2026-10-09 19:08:16,912][agent.finetune.train_ppo_diffusion_agent][INFO] - approx_kl: 0.0, update_epoch: 3, num_batch: 4
[2026-10-09 19:08:19,214][agent.finetune.train_ppo_diffusion_agent][INFO] - approx_kl: 0.0, update_epoch: 3, num_batch: 4
[2026-10-09 19:08:21,334][agent.finetune.train_ppo_diffusion_agent][INFO] - approx_kl: 0.0, update_epoch: 4, num_batch: 4
[2026-10-09 19:08:23,532][agent.finetune.train_ppo_diffusion_agent][INFO] - approx_kl: 0.0, update_epoch: 4, num_batch: 4
[2026-10-09 19:08:25,747][agent.finetune.train_ppo_diffusion_agent][INFO] - approx_kl: 0.0, update_epoch: 4, num_batch: 4
[2026-10-09 19:08:28,087][agent.finetune.train_ppo_diffusion_agent][INFO] - approx_kl: 0.0, update_epoch: 4, num_batch: 4
[2026-10-09 19:08:36,559][agent.finetune.train_ppo_diffusion_agent][INFO] - 99: step  7200000 | loss   0.0390 | pg loss   0.0000 | value loss   0.0780 | bc loss   0.0000 | reward 3471.7760 | eta   1.0000 | t: 64.8966 | kl_true_per_action=0.30405211955534284 | logratio_p99=0.8150822961330408 | clamp_hit_frac=0.0008125 | actor_step_ratio=1.0 | actor_step_clipfrac=0.0
[2026-10-09 19:08:49,181][agent.finetune.train_ppo_diffusion_agent][INFO] - eval: success rate   1.0000 | avg episode reward 3820.3336 | avg best reward   5.9631
[2026-10-09 19:09:04,464][agent.finetune.train_ppo_diffusion_agent][INFO] - approx_kl: 0.0, update_epoch: 0, num_batch: 4
[2026-10-09 19:09:06,665][agent.finetune.train_ppo_diffusion_agent][INFO] - approx_kl: 0.0, update_epoch: 0, num_batch: 4
[2026-10-09 19:09:08,962][agent.finetune.train_ppo_diffusion_agent][INFO] - approx_kl: 0.0, update_epoch: 0, num_batch: 4
[2026-10-09 19:09:11,058][agent.finetune.train_ppo_diffusion_agent][INFO] - approx_kl: 0.0, update_epoch: 0, num_batch: 4
[2026-10-09 19:09:13,246][agent.finetune.train_ppo_diffusion_agent][INFO] - approx_kl: 0.0, update_epoch: 1, num_batch: 4
[2026-10-09 19:09:15,438][agent.finetune.train_ppo_diffusion_agent][INFO] - approx_kl: 0.0, update_epoch: 1, num_batch: 4
[2026-10-09 19:09:17,741][agent.finetune.train_ppo_diffusion_agent][INFO] - approx_kl: 0.0, update_epoch: 1, num_batch: 4
[2026-10-09 19:09:19,834][agent.finetune.train_ppo_diffusion_agent][INFO] - approx_kl: 0.0, update_epoch: 1, num_batch: 4
[2026-10-09 19:09:22,023][agent.finetune.train_ppo_diffusion_agent][INFO] - approx_kl: 0.0, update_epoch: 2, num_batch: 4
[2026-10-09 19:09:24,225][agent.finetune.train_ppo_diffusion_agent][INFO] - approx_kl: 0.0, update_epoch: 2, num_batch: 4
[2026-10-09 19:09:26,566][agent.finetune.train_ppo_diffusion_agent][INFO] - approx_kl: 0.0, update_epoch: 2, num_batch: 4
[2026-10-09 19:09:28,712][agent.finetune.train_ppo_diffusion_agent][INFO] - approx_kl: 0.0, update_epoch: 2, num_batch: 4
[2026-10-09 19:09:30,981][agent.finetune.train_ppo_diffusion_agent][INFO] - approx_kl: 0.0, update_epoch: 3, num_batch: 4
[2026-10-09 19:09:33,199][agent.finetune.train_ppo_diffusion_agent][INFO] - approx_kl: 0.0, update_epoch: 3, num_batch: 4
[2026-10-09 19:09:35,542][agent.finetune.train_ppo_diffusion_agent][INFO] - approx_kl: 0.0, update_epoch: 3, num_batch: 4
[2026-10-09 19:09:37,655][agent.finetune.train_ppo_diffusion_agent][INFO] - approx_kl: 0.0, update_epoch: 3, num_batch: 4
[2026-10-09 19:09:39,866][agent.finetune.train_ppo_diffusion_agent][INFO] - approx_kl: 0.0, update_epoch: 4, num_batch: 4
[2026-10-09 19:09:42,081][agent.finetune.train_ppo_diffusion_agent][INFO] - approx_kl: 0.0, update_epoch: 4, num_batch: 4
[2026-10-09 19:09:44,404][agent.finetune.train_ppo_diffusion_agent][INFO] - approx_kl: 0.0, update_epoch: 4, num_batch: 4
[2026-10-09 19:09:46,521][agent.finetune.train_ppo_diffusion_agent][INFO] - approx_kl: 0.0, update_epoch: 4, num_batch: 4
[2026-10-09 19:09:55,457][agent.finetune.train_ppo_diffusion_agent][INFO] - 101: step  7280000 | loss   0.0424 | pg loss   0.0000 | value loss   0.0848 | bc loss   0.0000 | reward 3610.6262 | eta   1.0000 | t: 66.2750 | kl_true_per_action=0.3515040791229114 | logratio_p99=0.8821540069580077 | clamp_hit_frac=0.0008583333333333333 | actor_step_ratio=1.0 | actor_step_clipfrac=0.0
[2026-10-09 19:10:10,434][agent.finetune.train_ppo_diffusion_agent][INFO] - approx_kl: 0.0, update_epoch: 0, num_batch: 4
[2026-10-09 19:10:12,650][agent.finetune.train_ppo_diffusion_agent][INFO] - approx_kl: 0.0, update_epoch: 0, num_batch: 4
[2026-10-09 19:10:14,970][agent.finetune.train_ppo_diffusion_agent][INFO] - approx_kl: 0.0, update_epoch: 0, num_batch: 4
[2026-10-09 19:10:17,093][agent.finetune.train_ppo_diffusion_agent][INFO] - approx_kl: 0.0, update_epoch: 0, num_batch: 4
[2026-10-09 19:10:19,319][agent.finetune.train_ppo_diffusion_agent][INFO] - approx_kl: 0.0, update_epoch: 1, num_batch: 4
[2026-10-09 19:10:21,562][agent.finetune.train_ppo_diffusion_agent][INFO] - approx_kl: 0.0, update_epoch: 1, num_batch: 4
[2026-10-09 19:10:23,888][agent.finetune.train_ppo_diffusion_agent][INFO] - approx_kl: 0.0, update_epoch: 1, num_batch: 4
[2026-10-09 19:10:26,005][agent.finetune.train_ppo_diffusion_agent][INFO] - approx_kl: 0.0, update_epoch: 1, num_batch: 4
[2026-10-09 19:10:28,224][agent.finetune.train_ppo_diffusion_agent][INFO] - approx_kl: 0.0, update_epoch: 2, num_batch: 4
[2026-10-09 19:10:30,448][agent.finetune.train_ppo_diffusion_agent][INFO] - approx_kl: 0.0, update_epoch: 2, num_batch: 4
[2026-10-09 19:10:32,764][agent.finetune.train_ppo_diffusion_agent][INFO] - approx_kl: 0.0, update_epoch: 2, num_batch: 4
[2026-10-09 19:10:34,921][agent.finetune.train_ppo_diffusion_agent][INFO] - approx_kl: 0.0, update_epoch: 2, num_batch: 4
[2026-10-09 19:10:37,150][agent.finetune.train_ppo_diffusion_agent][INFO] - approx_kl: 0.0, update_epoch: 3, num_batch: 4
[2026-10-09 19:10:39,358][agent.finetune.train_ppo_diffusion_agent][INFO] - approx_kl: 0.0, update_epoch: 3, num_batch: 4
[2026-10-09 19:10:41,681][agent.finetune.train_ppo_diffusion_agent][INFO] - approx_kl: 0.0, update_epoch: 3, num_batch: 4
[2026-10-09 19:10:43,789][agent.finetune.train_ppo_diffusion_agent][INFO] - approx_kl: 0.0, update_epoch: 3, num_batch: 4
[2026-10-09 19:10:46,003][agent.finetune.train_ppo_diffusion_agent][INFO] - approx_kl: 0.0, update_epoch: 4, num_batch: 4
[2026-10-09 19:10:48,217][agent.finetune.train_ppo_diffusion_agent][INFO] - approx_kl: 0.0, update_epoch: 4, num_batch: 4
[2026-10-09 19:10:50,573][agent.finetune.train_ppo_diffusion_agent][INFO] - approx_kl: 0.0, update_epoch: 4, num_batch: 4
[2026-10-09 19:10:52,696][agent.finetune.train_ppo_diffusion_agent][INFO] - approx_kl: 0.0, update_epoch: 4, num_batch: 4
[2026-10-09 19:11:01,602][agent.finetune.train_ppo_diffusion_agent][INFO] - 102: step  7360000 | loss   0.0421 | pg loss   0.0000 | value loss   0.0843 | bc loss   0.0000 | reward 3540.8558 | eta   1.0000 | t: 66.1456 | kl_true_per_action=0.45501781653909923 | logratio_p99=1.0429930233955365 | clamp_hit_frac=0.0007979166666666667 | actor_step_ratio=1.0 | actor_step_clipfrac=0.0
[2026-10-09 19:11:16,216][agent.finetune.train_ppo_diffusion_agent][INFO] - approx_kl: 0.0, update_epoch: 0, num_batch: 4
[2026-10-09 19:11:18,410][agent.finetune.train_ppo_diffusion_agent][INFO] - approx_kl: 0.0, update_epoch: 0, num_batch: 4
[2026-10-09 19:11:20,745][agent.finetune.train_ppo_diffusion_agent][INFO] - approx_kl: 0.0, update_epoch: 0, num_batch: 4
[2026-10-09 19:11:22,851][agent.finetune.train_ppo_diffusion_agent][INFO] - approx_kl: 0.0, update_epoch: 0, num_batch: 4
[2026-10-09 19:11:25,045][agent.finetune.train_ppo_diffusion_agent][INFO] - approx_kl: 0.0, update_epoch: 1, num_batch: 4
[2026-10-09 19:11:27,346][agent.finetune.train_ppo_diffusion_agent][INFO] - approx_kl: 0.0, update_epoch: 1, num_batch: 4
[2026-10-09 19:11:29,445][agent.finetune.train_ppo_diffusion_agent][INFO] - approx_kl: 0.0, update_epoch: 1, num_batch: 4
[2026-10-09 19:11:31,652][agent.finetune.train_ppo_diffusion_agent][INFO] - approx_kl: 0.0, update_epoch: 1, num_batch: 4
[2026-10-09 19:11:33,847][agent.finetune.train_ppo_diffusion_agent][INFO] - approx_kl: 0.0, update_epoch: 2, num_batch: 4
[2026-10-09 19:11:36,155][agent.finetune.train_ppo_diffusion_agent][INFO] - approx_kl: 0.0, update_epoch: 2, num_batch: 4
[2026-10-09 19:11:38,267][agent.finetune.train_ppo_diffusion_agent][INFO] - approx_kl: 0.0, update_epoch: 2, num_batch: 4
[2026-10-09 19:11:40,468][agent.finetune.train_ppo_diffusion_agent][INFO] - approx_kl: 0.0, update_epoch: 2, num_batch: 4
[2026-10-09 19:11:42,660][agent.finetune.train_ppo_diffusion_agent][INFO] - approx_kl: 0.0, update_epoch: 3, num_batch: 4
[2026-10-09 19:11:44,966][agent.finetune.train_ppo_diffusion_agent][INFO] - approx_kl: 0.0, update_epoch: 3, num_batch: 4
[2026-10-09 19:11:47,072][agent.finetune.train_ppo_diffusion_agent][INFO] - approx_kl: 0.0, update_epoch: 3, num_batch: 4
[2026-10-09 19:11:49,273][agent.finetune.train_ppo_diffusion_agent][INFO] - approx_kl: 0.0, update_epoch: 3, num_batch: 4
[2026-10-09 19:11:51,504][agent.finetune.train_ppo_diffusion_agent][INFO] - approx_kl: 0.0, update_epoch: 4, num_batch: 4
[2026-10-09 19:11:53,789][agent.finetune.train_ppo_diffusion_agent][INFO] - approx_kl: 0.0, update_epoch: 4, num_batch: 4
[2026-10-09 19:11:55,900][agent.finetune.train_ppo_diffusion_agent][INFO] - approx_kl: 0.0, update_epoch: 4, num_batch: 4
[2026-10-09 19:11:58,086][agent.finetune.train_ppo_diffusion_agent][INFO] - approx_kl: 0.0, update_epoch: 4, num_batch: 4
[2026-10-09 19:12:06,908][agent.finetune.train_ppo_diffusion_agent][INFO] - 103: step  7440000 | loss   0.0451 | pg loss   0.0000 | value loss   0.0903 | bc loss   0.0000 | reward 3761.4280 | eta   1.0000 | t: 65.3059 | kl_true_per_action=0.5850252104501917 | logratio_p99=1.165786507725715 | clamp_hit_frac=0.0008625 | actor_step_ratio=1.0 | actor_step_clipfrac=0.0
[2026-10-09 19:12:21,447][agent.finetune.train_ppo_diffusion_agent][INFO] - approx_kl: 0.0, update_epoch: 0, num_batch: 4
[2026-10-09 19:12:23,738][agent.finetune.train_ppo_diffusion_agent][INFO] - approx_kl: 0.0, update_epoch: 0, num_batch: 4
[2026-10-09 19:12:25,837][agent.finetune.train_ppo_diffusion_agent][INFO] - approx_kl: 0.0, update_epoch: 0, num_batch: 4
[2026-10-09 19:12:28,020][agent.finetune.train_ppo_diffusion_agent][INFO] - approx_kl: 0.0, update_epoch: 0, num_batch: 4
[2026-10-09 19:12:30,210][agent.finetune.train_ppo_diffusion_agent][INFO] - approx_kl: 0.0, update_epoch: 1, num_batch: 4
[2026-10-09 19:12:32,512][agent.finetune.train_ppo_diffusion_agent][INFO] - approx_kl: 0.0, update_epoch: 1, num_batch: 4
[2026-10-09 19:12:34,617][agent.finetune.train_ppo_diffusion_agent][INFO] - approx_kl: 0.0, update_epoch: 1, num_batch: 4
[2026-10-09 19:12:36,831][agent.finetune.train_ppo_diffusion_agent][INFO] - approx_kl: 0.0, update_epoch: 1, num_batch: 4
[2026-10-09 19:12:39,015][agent.finetune.train_ppo_diffusion_agent][INFO] - approx_kl: 0.0, update_epoch: 2, num_batch: 4
[2026-10-09 19:12:41,328][agent.finetune.train_ppo_diffusion_agent][INFO] - approx_kl: 0.0, update_epoch: 2, num_batch: 4
[2026-10-09 19:12:43,438][agent.finetune.train_ppo_diffusion_agent][INFO] - approx_kl: 0.0, update_epoch: 2, num_batch: 4
[2026-10-09 19:12:45,632][agent.finetune.train_ppo_diffusion_agent][INFO] - approx_kl: 0.0, update_epoch: 2, num_batch: 4
[2026-10-09 19:12:47,821][agent.finetune.train_ppo_diffusion_agent][INFO] - approx_kl: 0.0, update_epoch: 3, num_batch: 4
[2026-10-09 19:12:50,102][agent.finetune.train_ppo_diffusion_agent][INFO] - approx_kl: 0.0, update_epoch: 3, num_batch: 4
[2026-10-09 19:12:52,201][agent.finetune.train_ppo_diffusion_agent][INFO] - approx_kl: 0.0, update_epoch: 3, num_batch: 4
[2026-10-09 19:12:54,395][agent.finetune.train_ppo_diffusion_agent][INFO] - approx_kl: 0.0, update_epoch: 3, num_batch: 4
[2026-10-09 19:12:56,586][agent.finetune.train_ppo_diffusion_agent][INFO] - approx_kl: 0.0, update_epoch: 4, num_batch: 4
[2026-10-09 19:12:58,878][agent.finetune.train_ppo_diffusion_agent][INFO] - approx_kl: 0.0, update_epoch: 4, num_batch: 4
[2026-10-09 19:13:00,981][agent.finetune.train_ppo_diffusion_agent][INFO] - approx_kl: 0.0, update_epoch: 4, num_batch: 4
[2026-10-09 19:13:03,180][agent.finetune.train_ppo_diffusion_agent][INFO] - approx_kl: 0.0, update_epoch: 4, num_batch: 4
[2026-10-09 19:13:12,036][agent.finetune.train_ppo_diffusion_agent][INFO] - 104: step  7520000 | loss   0.0469 | pg loss  -0.0000 | value loss   0.0937 | bc loss   0.0000 | reward 3765.5578 | eta   1.0000 | t: 65.1282 | kl_true_per_action=0.5378830822906548 | logratio_p99=1.1189613765478095 | clamp_hit_frac=0.0008041666666666667 | actor_step_ratio=1.0 | actor_step_clipfrac=0.0
[2026-10-09 19:13:26,702][agent.finetune.train_ppo_diffusion_agent][INFO] - approx_kl: 0.0, update_epoch: 0, num_batch: 4
[2026-10-09 19:13:28,998][agent.finetune.train_ppo_diffusion_agent][INFO] - approx_kl: 0.0, update_epoch: 0, num_batch: 4
[2026-10-09 19:13:31,106][agent.finetune.train_ppo_diffusion_agent][INFO] - approx_kl: 0.0, update_epoch: 0, num_batch: 4
[2026-10-09 19:13:33,335][agent.finetune.train_ppo_diffusion_agent][INFO] - approx_kl: 0.0, update_epoch: 0, num_batch: 4
[2026-10-09 19:13:35,543][agent.finetune.train_ppo_diffusion_agent][INFO] - approx_kl: 0.0, update_epoch: 1, num_batch: 4
[2026-10-09 19:13:37,852][agent.finetune.train_ppo_diffusion_agent][INFO] - approx_kl: 0.0, update_epoch: 1, num_batch: 4
[2026-10-09 19:13:39,959][agent.finetune.train_ppo_diffusion_agent][INFO] - approx_kl: 0.0, update_epoch: 1, num_batch: 4
[2026-10-09 19:13:42,158][agent.finetune.train_ppo_diffusion_agent][INFO] - approx_kl: 0.0, update_epoch: 1, num_batch: 4
[2026-10-09 19:13:44,357][agent.finetune.train_ppo_diffusion_agent][INFO] - approx_kl: 0.0, update_epoch: 2, num_batch: 4
[2026-10-09 19:13:46,654][agent.finetune.train_ppo_diffusion_agent][INFO] - approx_kl: 0.0, update_epoch: 2, num_batch: 4
[2026-10-09 19:13:48,753][agent.finetune.train_ppo_diffusion_agent][INFO] - approx_kl: 0.0, update_epoch: 2, num_batch: 4
[2026-10-09 19:13:50,954][agent.finetune.train_ppo_diffusion_agent][INFO] - approx_kl: 0.0, update_epoch: 2, num_batch: 4
[2026-10-09 19:13:53,167][agent.finetune.train_ppo_diffusion_agent][INFO] - approx_kl: 0.0, update_epoch: 3, num_batch: 4
[2026-10-09 19:13:55,485][agent.finetune.train_ppo_diffusion_agent][INFO] - approx_kl: 0.0, update_epoch: 3, num_batch: 4
[2026-10-09 19:13:57,606][agent.finetune.train_ppo_diffusion_agent][INFO] - approx_kl: 0.0, update_epoch: 3, num_batch: 4
[2026-10-09 19:13:59,823][agent.finetune.train_ppo_diffusion_agent][INFO] - approx_kl: 0.0, update_epoch: 3, num_batch: 4
[2026-10-09 19:14:02,026][agent.finetune.train_ppo_diffusion_agent][INFO] - approx_kl: 0.0, update_epoch: 4, num_batch: 4
[2026-10-09 19:14:04,358][agent.finetune.train_ppo_diffusion_agent][INFO] - approx_kl: 0.0, update_epoch: 4, num_batch: 4
[2026-10-09 19:14:06,474][agent.finetune.train_ppo_diffusion_agent][INFO] - approx_kl: 0.0, update_epoch: 4, num_batch: 4
[2026-10-09 19:14:08,676][agent.finetune.train_ppo_diffusion_agent][INFO] - approx_kl: 0.0, update_epoch: 4, num_batch: 4
[2026-10-09 19:14:17,567][agent.finetune.train_agent][INFO] - Saved model to /soalnas/share/data/zbao7/diffusion_policy/results/stage2_noclip/runs/NC4_lr1e-3_seed1/native/checkpoint/state_105.pt
[2026-10-09 19:14:17,567][agent.finetune.train_ppo_diffusion_agent][INFO] - 105: step  7600000 | loss   0.0491 | pg loss   0.0000 | value loss   0.0982 | bc loss   0.0000 | reward 3733.1280 | eta   1.0000 | t: 65.5312 | kl_true_per_action=0.4485722014695931 | logratio_p99=1.032057716846465 | clamp_hit_frac=0.0008041666666666667 | actor_step_ratio=1.0 | actor_step_clipfrac=0.0
[2026-10-09 19:14:32,302][agent.finetune.train_ppo_diffusion_agent][INFO] - approx_kl: 0.0, update_epoch: 0, num_batch: 4
[2026-10-09 19:14:34,644][agent.finetune.train_ppo_diffusion_agent][INFO] - approx_kl: 0.0, update_epoch: 0, num_batch: 4
[2026-10-09 19:14:36,754][agent.finetune.train_ppo_diffusion_agent][INFO] - approx_kl: 0.0, update_epoch: 0, num_batch: 4
[2026-10-09 19:14:38,956][agent.finetune.train_ppo_diffusion_agent][INFO] - approx_kl: 0.0, update_epoch: 0, num_batch: 4
[2026-10-09 19:14:41,157][agent.finetune.train_ppo_diffusion_agent][INFO] - approx_kl: 0.0, update_epoch: 1, num_batch: 4
[2026-10-09 19:14:43,462][agent.finetune.train_ppo_diffusion_agent][INFO] - approx_kl: 0.0, update_epoch: 1, num_batch: 4
[2026-10-09 19:14:45,587][agent.finetune.train_ppo_diffusion_agent][INFO] - approx_kl: 0.0, update_epoch: 1, num_batch: 4
[2026-10-09 19:14:47,794][agent.finetune.train_ppo_diffusion_agent][INFO] - approx_kl: 0.0, update_epoch: 1, num_batch: 4
[2026-10-09 19:14:49,999][agent.finetune.train_ppo_diffusion_agent][INFO] - approx_kl: 0.0, update_epoch: 2, num_batch: 4
[2026-10-09 19:14:52,313][agent.finetune.train_ppo_diffusion_agent][INFO] - approx_kl: 0.0, update_epoch: 2, num_batch: 4
[2026-10-09 19:14:54,423][agent.finetune.train_ppo_diffusion_agent][INFO] - approx_kl: 0.0, update_epoch: 2, num_batch: 4
[2026-10-09 19:14:56,625][agent.finetune.train_ppo_diffusion_agent][INFO] - approx_kl: 0.0, update_epoch: 2, num_batch: 4
[2026-10-09 19:14:58,821][agent.finetune.train_ppo_diffusion_agent][INFO] - approx_kl: 0.0, update_epoch: 3, num_batch: 4
[2026-10-09 19:15:01,124][agent.finetune.train_ppo_diffusion_agent][INFO] - approx_kl: 0.0, update_epoch: 3, num_batch: 4
[2026-10-09 19:15:03,233][agent.finetune.train_ppo_diffusion_agent][INFO] - approx_kl: 0.0, update_epoch: 3, num_batch: 4
[2026-10-09 19:15:05,444][agent.finetune.train_ppo_diffusion_agent][INFO] - approx_kl: 0.0, update_epoch: 3, num_batch: 4
[2026-10-09 19:15:07,662][agent.finetune.train_ppo_diffusion_agent][INFO] - approx_kl: 0.0, update_epoch: 4, num_batch: 4
[2026-10-09 19:15:09,961][agent.finetune.train_ppo_diffusion_agent][INFO] - approx_kl: 0.0, update_epoch: 4, num_batch: 4
[2026-10-09 19:15:12,076][agent.finetune.train_ppo_diffusion_agent][INFO] - approx_kl: 0.0, update_epoch: 4, num_batch: 4
[2026-10-09 19:15:14,290][agent.finetune.train_ppo_diffusion_agent][INFO] - approx_kl: 0.0, update_epoch: 4, num_batch: 4
[2026-10-09 19:15:23,165][agent.finetune.train_ppo_diffusion_agent][INFO] - 106: step  7680000 | loss   0.0504 | pg loss  -0.0000 | value loss   0.1009 | bc loss   0.0000 | reward 3780.6479 | eta   1.0000 | t: 65.5976 | kl_true_per_action=0.40519962841516877 | logratio_p99=0.9729606366157523 | clamp_hit_frac=0.0008166666666666667 | actor_step_ratio=1.0 | actor_step_clipfrac=0.0
[2026-10-09 19:15:37,908][agent.finetune.train_ppo_diffusion_agent][INFO] - approx_kl: 0.0, update_epoch: 0, num_batch: 4
[2026-10-09 19:15:40,074][agent.finetune.train_ppo_diffusion_agent][INFO] - approx_kl: 0.0, update_epoch: 0, num_batch: 4
[2026-10-09 19:15:42,336][agent.finetune.train_ppo_diffusion_agent][INFO] - approx_kl: 0.0, update_epoch: 0, num_batch: 4
[2026-10-09 19:15:44,556][agent.finetune.train_ppo_diffusion_agent][INFO] - approx_kl: 0.0, update_epoch: 0, num_batch: 4
[2026-10-09 19:15:46,927][agent.finetune.train_ppo_diffusion_agent][INFO] - approx_kl: 0.0, update_epoch: 1, num_batch: 4
[2026-10-09 19:15:49,099][agent.finetune.train_ppo_diffusion_agent][INFO] - approx_kl: 0.0, update_epoch: 1, num_batch: 4
[2026-10-09 19:15:51,367][agent.finetune.train_ppo_diffusion_agent][INFO] - approx_kl: 0.0, update_epoch: 1, num_batch: 4
[2026-10-09 19:15:53,641][agent.finetune.train_ppo_diffusion_agent][INFO] - approx_kl: 0.0, update_epoch: 1, num_batch: 4
[2026-10-09 19:15:55,988][agent.finetune.train_ppo_diffusion_agent][INFO] - approx_kl: 0.0, update_epoch: 2, num_batch: 4
[2026-10-09 19:15:58,161][agent.finetune.train_ppo_diffusion_agent][INFO] - approx_kl: 0.0, update_epoch: 2, num_batch: 4
[2026-10-09 19:16:00,420][agent.finetune.train_ppo_diffusion_agent][INFO] - approx_kl: 0.0, update_epoch: 2, num_batch: 4
[2026-10-09 19:16:02,681][agent.finetune.train_ppo_diffusion_agent][INFO] - approx_kl: 0.0, update_epoch: 2, num_batch: 4
[2026-10-09 19:16:05,005][agent.finetune.train_ppo_diffusion_agent][INFO] - approx_kl: 0.0, update_epoch: 3, num_batch: 4
[2026-10-09 19:16:07,117][agent.finetune.train_ppo_diffusion_agent][INFO] - approx_kl: 0.0, update_epoch: 3, num_batch: 4
[2026-10-09 19:16:09,344][agent.finetune.train_ppo_diffusion_agent][INFO] - approx_kl: 0.0, update_epoch: 3, num_batch: 4
[2026-10-09 19:16:11,540][agent.finetune.train_ppo_diffusion_agent][INFO] - approx_kl: 0.0, update_epoch: 3, num_batch: 4
[2026-10-09 19:16:13,846][agent.finetune.train_ppo_diffusion_agent][INFO] - approx_kl: 0.0, update_epoch: 4, num_batch: 4
[2026-10-09 19:16:15,959][agent.finetune.train_ppo_diffusion_agent][INFO] - approx_kl: 0.0, update_epoch: 4, num_batch: 4
[2026-10-09 19:16:18,165][agent.finetune.train_ppo_diffusion_agent][INFO] - approx_kl: 0.0, update_epoch: 4, num_batch: 4
[2026-10-09 19:16:20,370][agent.finetune.train_ppo_diffusion_agent][INFO] - approx_kl: 0.0, update_epoch: 4, num_batch: 4
[2026-10-09 19:16:29,214][agent.finetune.train_ppo_diffusion_agent][INFO] - 107: step  7760000 | loss   0.0490 | pg loss   0.0000 | value loss   0.0981 | bc loss   0.0000 | reward 3818.8470 | eta   1.0000 | t: 66.0490 | kl_true_per_action=0.30957847108531494 | logratio_p99=0.8418582940101623 | clamp_hit_frac=0.0008291666666666666 | actor_step_ratio=1.0 | actor_step_clipfrac=0.0
[2026-10-09 19:16:43,822][agent.finetune.train_ppo_diffusion_agent][INFO] - approx_kl: 0.0, update_epoch: 0, num_batch: 4
[2026-10-09 19:16:45,936][agent.finetune.train_ppo_diffusion_agent][INFO] - approx_kl: 0.0, update_epoch: 0, num_batch: 4
[2026-10-09 19:16:48,151][agent.finetune.train_ppo_diffusion_agent][INFO] - approx_kl: 0.0, update_epoch: 0, num_batch: 4
[2026-10-09 19:16:50,363][agent.finetune.train_ppo_diffusion_agent][INFO] - approx_kl: 0.0, update_epoch: 0, num_batch: 4
[2026-10-09 19:16:52,678][agent.finetune.train_ppo_diffusion_agent][INFO] - approx_kl: 0.0, update_epoch: 1, num_batch: 4
[2026-10-09 19:16:54,805][agent.finetune.train_ppo_diffusion_agent][INFO] - approx_kl: 0.0, update_epoch: 1, num_batch: 4
[2026-10-09 19:16:57,066][agent.finetune.train_ppo_diffusion_agent][INFO] - approx_kl: 0.0, update_epoch: 1, num_batch: 4
[2026-10-09 19:16:59,311][agent.finetune.train_ppo_diffusion_agent][INFO] - approx_kl: 0.0, update_epoch: 1, num_batch: 4
[2026-10-09 19:17:01,643][agent.finetune.train_ppo_diffusion_agent][INFO] - approx_kl: 0.0, update_epoch: 2, num_batch: 4
[2026-10-09 19:17:03,764][agent.finetune.train_ppo_diffusion_agent][INFO] - approx_kl: 0.0, update_epoch: 2, num_batch: 4
[2026-10-09 19:17:05,985][agent.finetune.train_ppo_diffusion_agent][INFO] - approx_kl: 0.0, update_epoch: 2, num_batch: 4
[2026-10-09 19:17:08,207][agent.finetune.train_ppo_diffusion_agent][INFO] - approx_kl: 0.0, update_epoch: 2, num_batch: 4
[2026-10-09 19:17:10,526][agent.finetune.train_ppo_diffusion_agent][INFO] - approx_kl: 0.0, update_epoch: 3, num_batch: 4
[2026-10-09 19:17:12,633][agent.finetune.train_ppo_diffusion_agent][INFO] - approx_kl: 0.0, update_epoch: 3, num_batch: 4
[2026-10-09 19:17:14,845][agent.finetune.train_ppo_diffusion_agent][INFO] - approx_kl: 0.0, update_epoch: 3, num_batch: 4
[2026-10-09 19:17:17,064][agent.finetune.train_ppo_diffusion_agent][INFO] - approx_kl: 0.0, update_epoch: 3, num_batch: 4
[2026-10-09 19:17:19,385][agent.finetune.train_ppo_diffusion_agent][INFO] - approx_kl: 0.0, update_epoch: 4, num_batch: 4
[2026-10-09 19:17:21,507][agent.finetune.train_ppo_diffusion_agent][INFO] - approx_kl: 0.0, update_epoch: 4, num_batch: 4
[2026-10-09 19:17:23,722][agent.finetune.train_ppo_diffusion_agent][INFO] - approx_kl: 0.0, update_epoch: 4, num_batch: 4
[2026-10-09 19:17:25,931][agent.finetune.train_ppo_diffusion_agent][INFO] - approx_kl: 0.0, update_epoch: 4, num_batch: 4
[2026-10-09 19:17:34,850][agent.finetune.train_ppo_diffusion_agent][INFO] - 108: step  7840000 | loss   0.0490 | pg loss   0.0000 | value loss   0.0979 | bc loss   0.0000 | reward 3725.6663 | eta   1.0000 | t: 65.6360 | kl_true_per_action=0.3593433864243439 | logratio_p99=0.9280707371234874 | clamp_hit_frac=0.0007625 | actor_step_ratio=1.0 | actor_step_clipfrac=0.0
[2026-10-09 19:17:49,479][agent.finetune.train_ppo_diffusion_agent][INFO] - approx_kl: 0.0, update_epoch: 0, num_batch: 4
[2026-10-09 19:17:51,589][agent.finetune.train_ppo_diffusion_agent][INFO] - approx_kl: 0.0, update_epoch: 0, num_batch: 4
[2026-10-09 19:17:53,808][agent.finetune.train_ppo_diffusion_agent][INFO] - approx_kl: 0.0, update_epoch: 0, num_batch: 4
[2026-10-09 19:17:56,134][agent.finetune.train_ppo_diffusion_agent][INFO] - approx_kl: 0.0, update_epoch: 0, num_batch: 4
[2026-10-09 19:17:58,274][agent.finetune.train_ppo_diffusion_agent][INFO] - approx_kl: 0.0, update_epoch: 1, num_batch: 4
[2026-10-09 19:18:00,532][agent.finetune.train_ppo_diffusion_agent][INFO] - approx_kl: 0.0, update_epoch: 1, num_batch: 4
[2026-10-09 19:18:02,745][agent.finetune.train_ppo_diffusion_agent][INFO] - approx_kl: 0.0, update_epoch: 1, num_batch: 4
[2026-10-09 19:18:05,048][agent.finetune.train_ppo_diffusion_agent][INFO] - approx_kl: 0.0, update_epoch: 1, num_batch: 4
[2026-10-09 19:18:07,167][agent.finetune.train_ppo_diffusion_agent][INFO] - approx_kl: 0.0, update_epoch: 2, num_batch: 4
[2026-10-09 19:18:09,380][agent.finetune.train_ppo_diffusion_agent][INFO] - approx_kl: 0.0, update_epoch: 2, num_batch: 4
[2026-10-09 19:18:11,587][agent.finetune.train_ppo_diffusion_agent][INFO] - approx_kl: 0.0, update_epoch: 2, num_batch: 4
[2026-10-09 19:18:13,884][agent.finetune.train_ppo_diffusion_agent][INFO] - approx_kl: 0.0, update_epoch: 2, num_batch: 4
[2026-10-09 19:18:15,990][agent.finetune.train_ppo_diffusion_agent][INFO] - approx_kl: 0.0, update_epoch: 3, num_batch: 4
[2026-10-09 19:18:18,194][agent.finetune.train_ppo_diffusion_agent][INFO] - approx_kl: 0.0, update_epoch: 3, num_batch: 4
[2026-10-09 19:18:20,397][agent.finetune.train_ppo_diffusion_agent][INFO] - approx_kl: 0.0, update_epoch: 3, num_batch: 4
[2026-10-09 19:18:22,703][agent.finetune.train_ppo_diffusion_agent][INFO] - approx_kl: 0.0, update_epoch: 3, num_batch: 4
[2026-10-09 19:18:24,807][agent.finetune.train_ppo_diffusion_agent][INFO] - approx_kl: 0.0, update_epoch: 4, num_batch: 4
[2026-10-09 19:18:27,019][agent.finetune.train_ppo_diffusion_agent][INFO] - approx_kl: 0.0, update_epoch: 4, num_batch: 4
[2026-10-09 19:18:29,278][agent.finetune.train_ppo_diffusion_agent][INFO] - approx_kl: 0.0, update_epoch: 4, num_batch: 4
[2026-10-09 19:18:31,592][agent.finetune.train_ppo_diffusion_agent][INFO] - approx_kl: 0.0, update_epoch: 4, num_batch: 4
[2026-10-09 19:18:40,525][agent.finetune.train_ppo_diffusion_agent][INFO] - 109: step  7920000 | loss   0.0487 | pg loss   0.0000 | value loss   0.0973 | bc loss   0.0000 | reward 3624.8880 | eta   1.0000 | t: 65.6751 | kl_true_per_action=0.35225556543441505 | logratio_p99=0.9115634822845444 | clamp_hit_frac=0.0007916666666666666 | actor_step_ratio=1.0 | actor_step_clipfrac=0.0
[2026-10-09 19:18:52,820][agent.finetune.train_ppo_diffusion_agent][INFO] - eval: success rate   1.0000 | avg episode reward 3949.1682 | avg best reward   6.1125
[2026-10-09 19:19:07,348][agent.finetune.train_ppo_diffusion_agent][INFO] - approx_kl: 0.0, update_epoch: 0, num_batch: 4
[2026-10-09 19:19:09,614][agent.finetune.train_ppo_diffusion_agent][INFO] - approx_kl: 0.0, update_epoch: 0, num_batch: 4
[2026-10-09 19:19:11,839][agent.finetune.train_ppo_diffusion_agent][INFO] - approx_kl: 0.0, update_epoch: 0, num_batch: 4
[2026-10-09 19:19:14,174][agent.finetune.train_ppo_diffusion_agent][INFO] - approx_kl: 0.0, update_epoch: 0, num_batch: 4
[2026-10-09 19:19:16,301][agent.finetune.train_ppo_diffusion_agent][INFO] - approx_kl: 0.0, update_epoch: 1, num_batch: 4
[2026-10-09 19:19:18,516][agent.finetune.train_ppo_diffusion_agent][INFO] - approx_kl: 0.0, update_epoch: 1, num_batch: 4
[2026-10-09 19:19:20,784][agent.finetune.train_ppo_diffusion_agent][INFO] - approx_kl: 0.0, update_epoch: 1, num_batch: 4
[2026-10-09 19:19:23,105][agent.finetune.train_ppo_diffusion_agent][INFO] - approx_kl: 0.0, update_epoch: 1, num_batch: 4
[2026-10-09 19:19:25,234][agent.finetune.train_ppo_diffusion_agent][INFO] - approx_kl: 0.0, update_epoch: 2, num_batch: 4
[2026-10-09 19:19:27,463][agent.finetune.train_ppo_diffusion_agent][INFO] - approx_kl: 0.0, update_epoch: 2, num_batch: 4
[2026-10-09 19:19:29,691][agent.finetune.train_ppo_diffusion_agent][INFO] - approx_kl: 0.0, update_epoch: 2, num_batch: 4
[2026-10-09 19:19:32,031][agent.finetune.train_ppo_diffusion_agent][INFO] - approx_kl: 0.0, update_epoch: 2, num_batch: 4
[2026-10-09 19:19:34,161][agent.finetune.train_ppo_diffusion_agent][INFO] - approx_kl: 0.0, update_epoch: 3, num_batch: 4
[2026-10-09 19:19:36,393][agent.finetune.train_ppo_diffusion_agent][INFO] - approx_kl: 0.0, update_epoch: 3, num_batch: 4
[2026-10-09 19:19:38,613][agent.finetune.train_ppo_diffusion_agent][INFO] - approx_kl: 0.0, update_epoch: 3, num_batch: 4
[2026-10-09 19:19:40,974][agent.finetune.train_ppo_diffusion_agent][INFO] - approx_kl: 0.0, update_epoch: 3, num_batch: 4
[2026-10-09 19:19:43,100][agent.finetune.train_ppo_diffusion_agent][INFO] - approx_kl: 0.0, update_epoch: 4, num_batch: 4
[2026-10-09 19:19:45,316][agent.finetune.train_ppo_diffusion_agent][INFO] - approx_kl: 0.0, update_epoch: 4, num_batch: 4
[2026-10-09 19:19:47,526][agent.finetune.train_ppo_diffusion_agent][INFO] - approx_kl: 0.0, update_epoch: 4, num_batch: 4
[2026-10-09 19:19:49,862][agent.finetune.train_ppo_diffusion_agent][INFO] - approx_kl: 0.0, update_epoch: 4, num_batch: 4
[2026-10-09 19:19:58,791][agent.finetune.train_ppo_diffusion_agent][INFO] - 111: step  8000000 | loss   0.0518 | pg loss   0.0000 | value loss   0.1036 | bc loss   0.0000 | reward 3733.4036 | eta   1.0000 | t: 65.9714 | kl_true_per_action=0.42595482948745256 | logratio_p99=0.9926771008968351 | clamp_hit_frac=0.0008541666666666667 | actor_step_ratio=1.0 | actor_step_clipfrac=0.0
[2026-10-09 19:20:13,243][agent.finetune.train_ppo_diffusion_agent][INFO] - approx_kl: 0.0, update_epoch: 0, num_batch: 4
[2026-10-09 19:20:15,423][agent.finetune.train_ppo_diffusion_agent][INFO] - approx_kl: 0.0, update_epoch: 0, num_batch: 4
[2026-10-09 19:20:17,617][agent.finetune.train_ppo_diffusion_agent][INFO] - approx_kl: 0.0, update_epoch: 0, num_batch: 4
[2026-10-09 19:20:19,932][agent.finetune.train_ppo_diffusion_agent][INFO] - approx_kl: 0.0, update_epoch: 0, num_batch: 4
[2026-10-09 19:20:22,041][agent.finetune.train_ppo_diffusion_agent][INFO] - approx_kl: 0.0, update_epoch: 1, num_batch: 4
[2026-10-09 19:20:24,245][agent.finetune.train_ppo_diffusion_agent][INFO] - approx_kl: 0.0, update_epoch: 1, num_batch: 4
[2026-10-09 19:20:26,418][agent.finetune.train_ppo_diffusion_agent][INFO] - approx_kl: 0.0, update_epoch: 1, num_batch: 4
[2026-10-09 19:20:28,692][agent.finetune.train_ppo_diffusion_agent][INFO] - approx_kl: 0.0, update_epoch: 1, num_batch: 4
[2026-10-09 19:20:30,786][agent.finetune.train_ppo_diffusion_agent][INFO] - approx_kl: 0.0, update_epoch: 2, num_batch: 4
[2026-10-09 19:20:32,991][agent.finetune.train_ppo_diffusion_agent][INFO] - approx_kl: 0.0, update_epoch: 2, num_batch: 4
[2026-10-09 19:20:35,188][agent.finetune.train_ppo_diffusion_agent][INFO] - approx_kl: 0.0, update_epoch: 2, num_batch: 4
[2026-10-09 19:20:37,482][agent.finetune.train_ppo_diffusion_agent][INFO] - approx_kl: 0.0, update_epoch: 2, num_batch: 4
[2026-10-09 19:20:39,575][agent.finetune.train_ppo_diffusion_agent][INFO] - approx_kl: 0.0, update_epoch: 3, num_batch: 4
[2026-10-09 19:20:41,775][agent.finetune.train_ppo_diffusion_agent][INFO] - approx_kl: 0.0, update_epoch: 3, num_batch: 4
[2026-10-09 19:20:43,975][agent.finetune.train_ppo_diffusion_agent][INFO] - approx_kl: 0.0, update_epoch: 3, num_batch: 4
[2026-10-09 19:20:46,270][agent.finetune.train_ppo_diffusion_agent][INFO] - approx_kl: 0.0, update_epoch: 3, num_batch: 4
[2026-10-09 19:20:48,374][agent.finetune.train_ppo_diffusion_agent][INFO] - approx_kl: 0.0, update_epoch: 4, num_batch: 4
[2026-10-09 19:20:50,583][agent.finetune.train_ppo_diffusion_agent][INFO] - approx_kl: 0.0, update_epoch: 4, num_batch: 4
[2026-10-09 19:20:52,789][agent.finetune.train_ppo_diffusion_agent][INFO] - approx_kl: 0.0, update_epoch: 4, num_batch: 4
[2026-10-09 19:20:55,092][agent.finetune.train_ppo_diffusion_agent][INFO] - approx_kl: 0.0, update_epoch: 4, num_batch: 4
[2026-10-09 19:21:03,987][agent.finetune.train_ppo_diffusion_agent][INFO] - 112: step  8080000 | loss   0.0506 | pg loss  -0.0000 | value loss   0.1013 | bc loss   0.0000 | reward 3756.4523 | eta   1.0000 | t: 65.1960 | kl_true_per_action=0.5064139874701583 | logratio_p99=1.1097659695148463 | clamp_hit_frac=0.0008166666666666667 | actor_step_ratio=1.0 | actor_step_clipfrac=0.0
[2026-10-09 19:21:18,491][agent.finetune.train_ppo_diffusion_agent][INFO] - approx_kl: 0.0, update_epoch: 0, num_batch: 4
[2026-10-09 19:21:20,708][agent.finetune.train_ppo_diffusion_agent][INFO] - approx_kl: 0.0, update_epoch: 0, num_batch: 4
[2026-10-09 19:21:22,926][agent.finetune.train_ppo_diffusion_agent][INFO] - approx_kl: 0.0, update_epoch: 0, num_batch: 4
[2026-10-09 19:21:25,250][agent.finetune.train_ppo_diffusion_agent][INFO] - approx_kl: 0.0, update_epoch: 0, num_batch: 4
[2026-10-09 19:21:27,376][agent.finetune.train_ppo_diffusion_agent][INFO] - approx_kl: 0.0, update_epoch: 1, num_batch: 4
[2026-10-09 19:21:29,594][agent.finetune.train_ppo_diffusion_agent][INFO] - approx_kl: 0.0, update_epoch: 1, num_batch: 4
[2026-10-09 19:21:31,813][agent.finetune.train_ppo_diffusion_agent][INFO] - approx_kl: 0.0, update_epoch: 1, num_batch: 4
[2026-10-09 19:21:34,145][agent.finetune.train_ppo_diffusion_agent][INFO] - approx_kl: 0.0, update_epoch: 1, num_batch: 4
[2026-10-09 19:21:36,256][agent.finetune.train_ppo_diffusion_agent][INFO] - approx_kl: 0.0, update_epoch: 2, num_batch: 4
[2026-10-09 19:21:38,462][agent.finetune.train_ppo_diffusion_agent][INFO] - approx_kl: 0.0, update_epoch: 2, num_batch: 4
[2026-10-09 19:21:40,675][agent.finetune.train_ppo_diffusion_agent][INFO] - approx_kl: 0.0, update_epoch: 2, num_batch: 4
[2026-10-09 19:21:43,003][agent.finetune.train_ppo_diffusion_agent][INFO] - approx_kl: 0.0, update_epoch: 2, num_batch: 4
[2026-10-09 19:21:45,119][agent.finetune.train_ppo_diffusion_agent][INFO] - approx_kl: 0.0, update_epoch: 3, num_batch: 4
[2026-10-09 19:21:47,331][agent.finetune.train_ppo_diffusion_agent][INFO] - approx_kl: 0.0, update_epoch: 3, num_batch: 4
[2026-10-09 19:21:49,547][agent.finetune.train_ppo_diffusion_agent][INFO] - approx_kl: 0.0, update_epoch: 3, num_batch: 4
[2026-10-09 19:21:51,869][agent.finetune.train_ppo_diffusion_agent][INFO] - approx_kl: 0.0, update_epoch: 3, num_batch: 4
[2026-10-09 19:21:53,990][agent.finetune.train_ppo_diffusion_agent][INFO] - approx_kl: 0.0, update_epoch: 4, num_batch: 4
[2026-10-09 19:21:56,207][agent.finetune.train_ppo_diffusion_agent][INFO] - approx_kl: 0.0, update_epoch: 4, num_batch: 4
[2026-10-09 19:21:58,423][agent.finetune.train_ppo_diffusion_agent][INFO] - approx_kl: 0.0, update_epoch: 4, num_batch: 4
[2026-10-09 19:22:00,747][agent.finetune.train_ppo_diffusion_agent][INFO] - approx_kl: 0.0, update_epoch: 4, num_batch: 4
[2026-10-09 19:22:09,714][agent.finetune.train_ppo_diffusion_agent][INFO] - 113: step  8160000 | loss   0.0515 | pg loss  -0.0000 | value loss   0.1031 | bc loss   0.0000 | reward 3745.1599 | eta   1.0000 | t: 65.7271 | kl_true_per_action=0.42339633702972956 | logratio_p99=1.0028175508975976 | clamp_hit_frac=0.0006854166666666666 | actor_step_ratio=1.0 | actor_step_clipfrac=0.0
[2026-10-09 19:22:24,289][agent.finetune.train_ppo_diffusion_agent][INFO] - approx_kl: 0.0, update_epoch: 0, num_batch: 4
[2026-10-09 19:22:26,504][agent.finetune.train_ppo_diffusion_agent][INFO] - approx_kl: 0.0, update_epoch: 0, num_batch: 4
[2026-10-09 19:22:28,818][agent.finetune.train_ppo_diffusion_agent][INFO] - approx_kl: 0.0, update_epoch: 0, num_batch: 4
[2026-10-09 19:22:30,939][agent.finetune.train_ppo_diffusion_agent][INFO] - approx_kl: 0.0, update_epoch: 0, num_batch: 4
[2026-10-09 19:22:33,160][agent.finetune.train_ppo_diffusion_agent][INFO] - approx_kl: 0.0, update_epoch: 1, num_batch: 4
[2026-10-09 19:22:35,416][agent.finetune.train_ppo_diffusion_agent][INFO] - approx_kl: 0.0, update_epoch: 1, num_batch: 4
[2026-10-09 19:22:37,750][agent.finetune.train_ppo_diffusion_agent][INFO] - approx_kl: 0.0, update_epoch: 1, num_batch: 4
[2026-10-09 19:22:39,873][agent.finetune.train_ppo_diffusion_agent][INFO] - approx_kl: 0.0, update_epoch: 1, num_batch: 4
[2026-10-09 19:22:42,093][agent.finetune.train_ppo_diffusion_agent][INFO] - approx_kl: 0.0, update_epoch: 2, num_batch: 4
[2026-10-09 19:22:44,311][agent.finetune.train_ppo_diffusion_agent][INFO] - approx_kl: 0.0, update_epoch: 2, num_batch: 4
[2026-10-09 19:22:46,647][agent.finetune.train_ppo_diffusion_agent][INFO] - approx_kl: 0.0, update_epoch: 2, num_batch: 4
[2026-10-09 19:22:48,768][agent.finetune.train_ppo_diffusion_agent][INFO] - approx_kl: 0.0, update_epoch: 2, num_batch: 4
[2026-10-09 19:22:50,986][agent.finetune.train_ppo_diffusion_agent][INFO] - approx_kl: 0.0, update_epoch: 3, num_batch: 4
[2026-10-09 19:22:53,197][agent.finetune.train_ppo_diffusion_agent][INFO] - approx_kl: 0.0, update_epoch: 3, num_batch: 4
[2026-10-09 19:22:55,518][agent.finetune.train_ppo_diffusion_agent][INFO] - approx_kl: 0.0, update_epoch: 3, num_batch: 4
[2026-10-09 19:22:57,633][agent.finetune.train_ppo_diffusion_agent][INFO] - approx_kl: 0.0, update_epoch: 3, num_batch: 4
[2026-10-09 19:22:59,844][agent.finetune.train_ppo_diffusion_agent][INFO] - approx_kl: 0.0, update_epoch: 4, num_batch: 4
[2026-10-09 19:23:02,050][agent.finetune.train_ppo_diffusion_agent][INFO] - approx_kl: 0.0, update_epoch: 4, num_batch: 4
[2026-10-09 19:23:04,413][agent.finetune.train_ppo_diffusion_agent][INFO] - approx_kl: 0.0, update_epoch: 4, num_batch: 4
[2026-10-09 19:23:06,525][agent.finetune.train_ppo_diffusion_agent][INFO] - approx_kl: 0.0, update_epoch: 4, num_batch: 4
[2026-10-09 19:23:15,387][agent.finetune.train_ppo_diffusion_agent][INFO] - 114: step  8240000 | loss   0.0499 | pg loss  -0.0000 | value loss   0.0999 | bc loss   0.0000 | reward 3640.0798 | eta   1.0000 | t: 65.6729 | kl_true_per_action=0.31686404106498833 | logratio_p99=0.8712147426605213 | clamp_hit_frac=0.0007479166666666667 | actor_step_ratio=1.0 | actor_step_clipfrac=0.0
[2026-10-09 19:23:30,062][agent.finetune.train_ppo_diffusion_agent][INFO] - approx_kl: 0.0, update_epoch: 0, num_batch: 4
[2026-10-09 19:23:32,279][agent.finetune.train_ppo_diffusion_agent][INFO] - approx_kl: 0.0, update_epoch: 0, num_batch: 4
[2026-10-09 19:23:34,637][agent.finetune.train_ppo_diffusion_agent][INFO] - approx_kl: 0.0, update_epoch: 0, num_batch: 4
[2026-10-09 19:23:36,756][agent.finetune.train_ppo_diffusion_agent][INFO] - approx_kl: 0.0, update_epoch: 0, num_batch: 4
[2026-10-09 19:23:38,986][agent.finetune.train_ppo_diffusion_agent][INFO] - approx_kl: 0.0, update_epoch: 1, num_batch: 4
[2026-10-09 19:23:41,198][agent.finetune.train_ppo_diffusion_agent][INFO] - approx_kl: 0.0, update_epoch: 1, num_batch: 4
[2026-10-09 19:23:43,517][agent.finetune.train_ppo_diffusion_agent][INFO] - approx_kl: 0.0, update_epoch: 1, num_batch: 4
[2026-10-09 19:23:45,628][agent.finetune.train_ppo_diffusion_agent][INFO] - approx_kl: 0.0, update_epoch: 1, num_batch: 4
[2026-10-09 19:23:47,842][agent.finetune.train_ppo_diffusion_agent][INFO] - approx_kl: 0.0, update_epoch: 2, num_batch: 4
[2026-10-09 19:23:50,053][agent.finetune.train_ppo_diffusion_agent][INFO] - approx_kl: 0.0, update_epoch: 2, num_batch: 4
[2026-10-09 19:23:52,369][agent.finetune.train_ppo_diffusion_agent][INFO] - approx_kl: 0.0, update_epoch: 2, num_batch: 4
[2026-10-09 19:23:54,488][agent.finetune.train_ppo_diffusion_agent][INFO] - approx_kl: 0.0, update_epoch: 2, num_batch: 4
[2026-10-09 19:23:56,708][agent.finetune.train_ppo_diffusion_agent][INFO] - approx_kl: 0.0, update_epoch: 3, num_batch: 4
[2026-10-09 19:23:58,922][agent.finetune.train_ppo_diffusion_agent][INFO] - approx_kl: 0.0, update_epoch: 3, num_batch: 4
[2026-10-09 19:24:01,247][agent.finetune.train_ppo_diffusion_agent][INFO] - approx_kl: 0.0, update_epoch: 3, num_batch: 4
[2026-10-09 19:24:03,366][agent.finetune.train_ppo_diffusion_agent][INFO] - approx_kl: 0.0, update_epoch: 3, num_batch: 4
[2026-10-09 19:24:05,641][agent.finetune.train_ppo_diffusion_agent][INFO] - approx_kl: 0.0, update_epoch: 4, num_batch: 4
[2026-10-09 19:24:07,871][agent.finetune.train_ppo_diffusion_agent][INFO] - approx_kl: 0.0, update_epoch: 4, num_batch: 4
[2026-10-09 19:24:10,207][agent.finetune.train_ppo_diffusion_agent][INFO] - approx_kl: 0.0, update_epoch: 4, num_batch: 4
[2026-10-09 19:24:12,324][agent.finetune.train_ppo_diffusion_agent][INFO] - approx_kl: 0.0, update_epoch: 4, num_batch: 4
[2026-10-09 19:24:21,259][agent.finetune.train_ppo_diffusion_agent][INFO] - 115: step  8320000 | loss   0.0512 | pg loss  -0.0000 | value loss   0.1024 | bc loss   0.0000 | reward 3789.0163 | eta   1.0000 | t: 65.8720 | kl_true_per_action=0.3350851766101249 | logratio_p99=0.9034143471717817 | clamp_hit_frac=0.0007354166666666667 | actor_step_ratio=1.0 | actor_step_clipfrac=0.0
[2026-10-09 19:24:35,877][agent.finetune.train_ppo_diffusion_agent][INFO] - approx_kl: 0.0, update_epoch: 0, num_batch: 4
[2026-10-09 19:24:38,076][agent.finetune.train_ppo_diffusion_agent][INFO] - approx_kl: 0.0, update_epoch: 0, num_batch: 4
[2026-10-09 19:24:40,372][agent.finetune.train_ppo_diffusion_agent][INFO] - approx_kl: 0.0, update_epoch: 0, num_batch: 4
[2026-10-09 19:24:42,474][agent.finetune.train_ppo_diffusion_agent][INFO] - approx_kl: 0.0, update_epoch: 0, num_batch: 4
[2026-10-09 19:24:44,666][agent.finetune.train_ppo_diffusion_agent][INFO] - approx_kl: 0.0, update_epoch: 1, num_batch: 4
[2026-10-09 19:24:46,972][agent.finetune.train_ppo_diffusion_agent][INFO] - approx_kl: 0.0, update_epoch: 1, num_batch: 4
[2026-10-09 19:24:49,075][agent.finetune.train_ppo_diffusion_agent][INFO] - approx_kl: 0.0, update_epoch: 1, num_batch: 4
[2026-10-09 19:24:51,271][agent.finetune.train_ppo_diffusion_agent][INFO] - approx_kl: 0.0, update_epoch: 1, num_batch: 4
[2026-10-09 19:24:53,475][agent.finetune.train_ppo_diffusion_agent][INFO] - approx_kl: 0.0, update_epoch: 2, num_batch: 4
[2026-10-09 19:24:55,800][agent.finetune.train_ppo_diffusion_agent][INFO] - approx_kl: 0.0, update_epoch: 2, num_batch: 4
[2026-10-09 19:24:57,905][agent.finetune.train_ppo_diffusion_agent][INFO] - approx_kl: 0.0, update_epoch: 2, num_batch: 4
[2026-10-09 19:25:00,101][agent.finetune.train_ppo_diffusion_agent][INFO] - approx_kl: 0.0, update_epoch: 2, num_batch: 4
[2026-10-09 19:25:02,288][agent.finetune.train_ppo_diffusion_agent][INFO] - approx_kl: 0.0, update_epoch: 3, num_batch: 4
[2026-10-09 19:25:04,574][agent.finetune.train_ppo_diffusion_agent][INFO] - approx_kl: 0.0, update_epoch: 3, num_batch: 4
[2026-10-09 19:25:06,666][agent.finetune.train_ppo_diffusion_agent][INFO] - approx_kl: 0.0, update_epoch: 3, num_batch: 4
[2026-10-09 19:25:08,850][agent.finetune.train_ppo_diffusion_agent][INFO] - approx_kl: 0.0, update_epoch: 3, num_batch: 4
[2026-10-09 19:25:11,028][agent.finetune.train_ppo_diffusion_agent][INFO] - approx_kl: 0.0, update_epoch: 4, num_batch: 4
[2026-10-09 19:25:13,302][agent.finetune.train_ppo_diffusion_agent][INFO] - approx_kl: 0.0, update_epoch: 4, num_batch: 4
[2026-10-09 19:25:15,397][agent.finetune.train_ppo_diffusion_agent][INFO] - approx_kl: 0.0, update_epoch: 4, num_batch: 4
[2026-10-09 19:25:17,604][agent.finetune.train_ppo_diffusion_agent][INFO] - approx_kl: 0.0, update_epoch: 4, num_batch: 4
[2026-10-09 19:25:26,398][agent.finetune.train_ppo_diffusion_agent][INFO] - 116: step  8400000 | loss   0.0512 | pg loss   0.0000 | value loss   0.1025 | bc loss   0.0000 | reward 3792.2925 | eta   1.0000 | t: 65.1392 | kl_true_per_action=0.3688460840444518 | logratio_p99=0.9106301212310787 | clamp_hit_frac=0.0007604166666666666 | actor_step_ratio=1.0 | actor_step_clipfrac=0.0
[2026-10-09 19:25:41,754][agent.finetune.train_ppo_diffusion_agent][INFO] - approx_kl: 0.0, update_epoch: 0, num_batch: 4
[2026-10-09 19:25:44,034][agent.finetune.train_ppo_diffusion_agent][INFO] - approx_kl: 0.0, update_epoch: 0, num_batch: 4
[2026-10-09 19:25:46,135][agent.finetune.train_ppo_diffusion_agent][INFO] - approx_kl: 0.0, update_epoch: 0, num_batch: 4
[2026-10-09 19:25:48,366][agent.finetune.train_ppo_diffusion_agent][INFO] - approx_kl: 0.0, update_epoch: 0, num_batch: 4
[2026-10-09 19:25:50,544][agent.finetune.train_ppo_diffusion_agent][INFO] - approx_kl: 0.0, update_epoch: 1, num_batch: 4
[2026-10-09 19:25:52,822][agent.finetune.train_ppo_diffusion_agent][INFO] - approx_kl: 0.0, update_epoch: 1, num_batch: 4
[2026-10-09 19:25:54,917][agent.finetune.train_ppo_diffusion_agent][INFO] - approx_kl: 0.0, update_epoch: 1, num_batch: 4
[2026-10-09 19:25:57,099][agent.finetune.train_ppo_diffusion_agent][INFO] - approx_kl: 0.0, update_epoch: 1, num_batch: 4
[2026-10-09 19:25:59,298][agent.finetune.train_ppo_diffusion_agent][INFO] - approx_kl: 0.0, update_epoch: 2, num_batch: 4
[2026-10-09 19:26:01,583][agent.finetune.train_ppo_diffusion_agent][INFO] - approx_kl: 0.0, update_epoch: 2, num_batch: 4
[2026-10-09 19:26:03,678][agent.finetune.train_ppo_diffusion_agent][INFO] - approx_kl: 0.0, update_epoch: 2, num_batch: 4
[2026-10-09 19:26:05,870][agent.finetune.train_ppo_diffusion_agent][INFO] - approx_kl: 0.0, update_epoch: 2, num_batch: 4
[2026-10-09 19:26:08,069][agent.finetune.train_ppo_diffusion_agent][INFO] - approx_kl: 0.0, update_epoch: 3, num_batch: 4
[2026-10-09 19:26:10,351][agent.finetune.train_ppo_diffusion_agent][INFO] - approx_kl: 0.0, update_epoch: 3, num_batch: 4
[2026-10-09 19:26:12,459][agent.finetune.train_ppo_diffusion_agent][INFO] - approx_kl: 0.0, update_epoch: 3, num_batch: 4
[2026-10-09 19:26:14,662][agent.finetune.train_ppo_diffusion_agent][INFO] - approx_kl: 0.0, update_epoch: 3, num_batch: 4
[2026-10-09 19:26:16,853][agent.finetune.train_ppo_diffusion_agent][INFO] - approx_kl: 0.0, update_epoch: 4, num_batch: 4
[2026-10-09 19:26:19,173][agent.finetune.train_ppo_diffusion_agent][INFO] - approx_kl: 0.0, update_epoch: 4, num_batch: 4
[2026-10-09 19:26:21,278][agent.finetune.train_ppo_diffusion_agent][INFO] - approx_kl: 0.0, update_epoch: 4, num_batch: 4
[2026-10-09 19:26:23,477][agent.finetune.train_ppo_diffusion_agent][INFO] - approx_kl: 0.0, update_epoch: 4, num_batch: 4
[2026-10-09 19:26:32,304][agent.finetune.train_ppo_diffusion_agent][INFO] - 117: step  8480000 | loss   0.0507 | pg loss   0.0000 | value loss   0.1014 | bc loss   0.0000 | reward 3698.7270 | eta   1.0000 | t: 65.9062 | kl_true_per_action=0.2255477193277739 | logratio_p99=0.7324327039718619 | clamp_hit_frac=0.000775 | actor_step_ratio=1.0 | actor_step_clipfrac=0.0
[2026-10-09 19:26:47,695][agent.finetune.train_ppo_diffusion_agent][INFO] - approx_kl: 0.0, update_epoch: 0, num_batch: 4
[2026-10-09 19:26:50,017][agent.finetune.train_ppo_diffusion_agent][INFO] - approx_kl: 0.0, update_epoch: 0, num_batch: 4
[2026-10-09 19:26:52,133][agent.finetune.train_ppo_diffusion_agent][INFO] - approx_kl: 0.0, update_epoch: 0, num_batch: 4
[2026-10-09 19:26:54,343][agent.finetune.train_ppo_diffusion_agent][INFO] - approx_kl: 0.0, update_epoch: 0, num_batch: 4
[2026-10-09 19:26:56,556][agent.finetune.train_ppo_diffusion_agent][INFO] - approx_kl: 0.0, update_epoch: 1, num_batch: 4
[2026-10-09 19:26:58,873][agent.finetune.train_ppo_diffusion_agent][INFO] - approx_kl: 0.0, update_epoch: 1, num_batch: 4
[2026-10-09 19:27:00,991][agent.finetune.train_ppo_diffusion_agent][INFO] - approx_kl: 0.0, update_epoch: 1, num_batch: 4
[2026-10-09 19:27:03,198][agent.finetune.train_ppo_diffusion_agent][INFO] - approx_kl: 0.0, update_epoch: 1, num_batch: 4
[2026-10-09 19:27:05,395][agent.finetune.train_ppo_diffusion_agent][INFO] - approx_kl: 0.0, update_epoch: 2, num_batch: 4
[2026-10-09 19:27:07,705][agent.finetune.train_ppo_diffusion_agent][INFO] - approx_kl: 0.0, update_epoch: 2, num_batch: 4
[2026-10-09 19:27:09,815][agent.finetune.train_ppo_diffusion_agent][INFO] - approx_kl: 0.0, update_epoch: 2, num_batch: 4
[2026-10-09 19:27:12,023][agent.finetune.train_ppo_diffusion_agent][INFO] - approx_kl: 0.0, update_epoch: 2, num_batch: 4
[2026-10-09 19:27:14,223][agent.finetune.train_ppo_diffusion_agent][INFO] - approx_kl: 0.0, update_epoch: 3, num_batch: 4
[2026-10-09 19:27:16,538][agent.finetune.train_ppo_diffusion_agent][INFO] - approx_kl: 0.0, update_epoch: 3, num_batch: 4
[2026-10-09 19:27:18,667][agent.finetune.train_ppo_diffusion_agent][INFO] - approx_kl: 0.0, update_epoch: 3, num_batch: 4
[2026-10-09 19:27:20,909][agent.finetune.train_ppo_diffusion_agent][INFO] - approx_kl: 0.0, update_epoch: 3, num_batch: 4
[2026-10-09 19:27:23,163][agent.finetune.train_ppo_diffusion_agent][INFO] - approx_kl: 0.0, update_epoch: 4, num_batch: 4
[2026-10-09 19:27:25,512][agent.finetune.train_ppo_diffusion_agent][INFO] - approx_kl: 0.0, update_epoch: 4, num_batch: 4
[2026-10-09 19:27:27,641][agent.finetune.train_ppo_diffusion_agent][INFO] - approx_kl: 0.0, update_epoch: 4, num_batch: 4
[2026-10-09 19:27:29,876][agent.finetune.train_ppo_diffusion_agent][INFO] - approx_kl: 0.0, update_epoch: 4, num_batch: 4
[2026-10-09 19:27:38,777][agent.finetune.train_ppo_diffusion_agent][INFO] - 118: step  8560000 | loss   0.0521 | pg loss  -0.0000 | value loss   0.1042 | bc loss   0.0000 | reward 3829.0467 | eta   1.0000 | t: 66.4730 | kl_true_per_action=0.22482782435592946 | logratio_p99=0.694446477890012 | clamp_hit_frac=0.000825 | actor_step_ratio=1.0 | actor_step_clipfrac=0.0
[2026-10-09 19:27:54,225][agent.finetune.train_ppo_diffusion_agent][INFO] - approx_kl: 0.0, update_epoch: 0, num_batch: 4
[2026-10-09 19:27:56,526][agent.finetune.train_ppo_diffusion_agent][INFO] - approx_kl: 0.0, update_epoch: 0, num_batch: 4
[2026-10-09 19:27:58,615][agent.finetune.train_ppo_diffusion_agent][INFO] - approx_kl: 0.0, update_epoch: 0, num_batch: 4
[2026-10-09 19:28:00,797][agent.finetune.train_ppo_diffusion_agent][INFO] - approx_kl: 0.0, update_epoch: 0, num_batch: 4
[2026-10-09 19:28:02,984][agent.finetune.train_ppo_diffusion_agent][INFO] - approx_kl: 0.0, update_epoch: 1, num_batch: 4
[2026-10-09 19:28:05,260][agent.finetune.train_ppo_diffusion_agent][INFO] - approx_kl: 0.0, update_epoch: 1, num_batch: 4
[2026-10-09 19:28:07,367][agent.finetune.train_ppo_diffusion_agent][INFO] - approx_kl: 0.0, update_epoch: 1, num_batch: 4
[2026-10-09 19:28:09,555][agent.finetune.train_ppo_diffusion_agent][INFO] - approx_kl: 0.0, update_epoch: 1, num_batch: 4
[2026-10-09 19:28:11,740][agent.finetune.train_ppo_diffusion_agent][INFO] - approx_kl: 0.0, update_epoch: 2, num_batch: 4
[2026-10-09 19:28:14,020][agent.finetune.train_ppo_diffusion_agent][INFO] - approx_kl: 0.0, update_epoch: 2, num_batch: 4
[2026-10-09 19:28:16,105][agent.finetune.train_ppo_diffusion_agent][INFO] - approx_kl: 0.0, update_epoch: 2, num_batch: 4
[2026-10-09 19:28:18,291][agent.finetune.train_ppo_diffusion_agent][INFO] - approx_kl: 0.0, update_epoch: 2, num_batch: 4
[2026-10-09 19:28:20,477][agent.finetune.train_ppo_diffusion_agent][INFO] - approx_kl: 0.0, update_epoch: 3, num_batch: 4
[2026-10-09 19:28:22,802][agent.finetune.train_ppo_diffusion_agent][INFO] - approx_kl: 0.0, update_epoch: 3, num_batch: 4
[2026-10-09 19:28:24,901][agent.finetune.train_ppo_diffusion_agent][INFO] - approx_kl: 0.0, update_epoch: 3, num_batch: 4
[2026-10-09 19:28:27,084][agent.finetune.train_ppo_diffusion_agent][INFO] - approx_kl: 0.0, update_epoch: 3, num_batch: 4
[2026-10-09 19:28:29,277][agent.finetune.train_ppo_diffusion_agent][INFO] - approx_kl: 0.0, update_epoch: 4, num_batch: 4
[2026-10-09 19:28:31,573][agent.finetune.train_ppo_diffusion_agent][INFO] - approx_kl: 0.0, update_epoch: 4, num_batch: 4
[2026-10-09 19:28:33,679][agent.finetune.train_ppo_diffusion_agent][INFO] - approx_kl: 0.0, update_epoch: 4, num_batch: 4
[2026-10-09 19:28:35,882][agent.finetune.train_ppo_diffusion_agent][INFO] - approx_kl: 0.0, update_epoch: 4, num_batch: 4
[2026-10-09 19:28:44,865][agent.finetune.train_ppo_diffusion_agent][INFO] - 119: step  8640000 | loss   0.0530 | pg loss   0.0000 | value loss   0.1060 | bc loss   0.0000 | reward 3877.6034 | eta   1.0000 | t: 66.0880 | kl_true_per_action=0.2625186859579456 | logratio_p99=0.7926704323291763 | clamp_hit_frac=0.0008083333333333333 | actor_step_ratio=1.0 | actor_step_clipfrac=0.0
[2026-10-09 19:28:58,233][agent.finetune.train_ppo_diffusion_agent][INFO] - eval: success rate   1.0000 | avg episode reward 4075.1851 | avg best reward   6.3578
[2026-10-09 19:29:13,987][agent.finetune.train_ppo_diffusion_agent][INFO] - approx_kl: 0.0, update_epoch: 0, num_batch: 4
[2026-10-09 19:29:16,093][agent.finetune.train_ppo_diffusion_agent][INFO] - approx_kl: 0.0, update_epoch: 0, num_batch: 4
[2026-10-09 19:29:18,321][agent.finetune.train_ppo_diffusion_agent][INFO] - approx_kl: 0.0, update_epoch: 0, num_batch: 4
[2026-10-09 19:29:20,528][agent.finetune.train_ppo_diffusion_agent][INFO] - approx_kl: 0.0, update_epoch: 0, num_batch: 4
[2026-10-09 19:29:22,848][agent.finetune.train_ppo_diffusion_agent][INFO] - approx_kl: 0.0, update_epoch: 1, num_batch: 4
[2026-10-09 19:29:24,973][agent.finetune.train_ppo_diffusion_agent][INFO] - approx_kl: 0.0, update_epoch: 1, num_batch: 4
[2026-10-09 19:29:27,192][agent.finetune.train_ppo_diffusion_agent][INFO] - approx_kl: 0.0, update_epoch: 1, num_batch: 4
[2026-10-09 19:29:29,399][agent.finetune.train_ppo_diffusion_agent][INFO] - approx_kl: 0.0, update_epoch: 1, num_batch: 4
[2026-10-09 19:29:31,722][agent.finetune.train_ppo_diffusion_agent][INFO] - approx_kl: 0.0, update_epoch: 2, num_batch: 4
[2026-10-09 19:29:33,837][agent.finetune.train_ppo_diffusion_agent][INFO] - approx_kl: 0.0, update_epoch: 2, num_batch: 4
[2026-10-09 19:29:36,070][agent.finetune.train_ppo_diffusion_agent][INFO] - approx_kl: 0.0, update_epoch: 2, num_batch: 4
[2026-10-09 19:29:38,316][agent.finetune.train_ppo_diffusion_agent][INFO] - approx_kl: 0.0, update_epoch: 2, num_batch: 4
[2026-10-09 19:29:40,686][agent.finetune.train_ppo_diffusion_agent][INFO] - approx_kl: 0.0, update_epoch: 3, num_batch: 4
[2026-10-09 19:29:42,838][agent.finetune.train_ppo_diffusion_agent][INFO] - approx_kl: 0.0, update_epoch: 3, num_batch: 4
[2026-10-09 19:29:45,094][agent.finetune.train_ppo_diffusion_agent][INFO] - approx_kl: 0.0, update_epoch: 3, num_batch: 4
[2026-10-09 19:29:47,404][agent.finetune.train_ppo_diffusion_agent][INFO] - approx_kl: 0.0, update_epoch: 3, num_batch: 4
[2026-10-09 19:29:49,785][agent.finetune.train_ppo_diffusion_agent][INFO] - approx_kl: 0.0, update_epoch: 4, num_batch: 4
[2026-10-09 19:29:51,925][agent.finetune.train_ppo_diffusion_agent][INFO] - approx_kl: 0.0, update_epoch: 4, num_batch: 4
[2026-10-09 19:29:54,141][agent.finetune.train_ppo_diffusion_agent][INFO] - approx_kl: 0.0, update_epoch: 4, num_batch: 4
[2026-10-09 19:29:56,368][agent.finetune.train_ppo_diffusion_agent][INFO] - approx_kl: 0.0, update_epoch: 4, num_batch: 4
[2026-10-09 19:30:05,237][agent.finetune.train_ppo_diffusion_agent][INFO] - 121: step  8720000 | loss   0.0548 | pg loss   0.0000 | value loss   0.1095 | bc loss   0.0000 | reward 3955.7651 | eta   1.0000 | t: 67.0040 | kl_true_per_action=0.2967671546420369 | logratio_p99=0.8433115398883789 | clamp_hit_frac=0.00081875 | actor_step_ratio=1.0 | actor_step_clipfrac=0.0
[2026-10-09 19:30:21,000][agent.finetune.train_ppo_diffusion_agent][INFO] - approx_kl: 0.0, update_epoch: 0, num_batch: 4
[2026-10-09 19:30:23,119][agent.finetune.train_ppo_diffusion_agent][INFO] - approx_kl: 0.0, update_epoch: 0, num_batch: 4
[2026-10-09 19:30:25,338][agent.finetune.train_ppo_diffusion_agent][INFO] - approx_kl: 0.0, update_epoch: 0, num_batch: 4
[2026-10-09 19:30:27,557][agent.finetune.train_ppo_diffusion_agent][INFO] - approx_kl: 0.0, update_epoch: 0, num_batch: 4
[2026-10-09 19:30:29,888][agent.finetune.train_ppo_diffusion_agent][INFO] - approx_kl: 0.0, update_epoch: 1, num_batch: 4
[2026-10-09 19:30:32,004][agent.finetune.train_ppo_diffusion_agent][INFO] - approx_kl: 0.0, update_epoch: 1, num_batch: 4
[2026-10-09 19:30:34,222][agent.finetune.train_ppo_diffusion_agent][INFO] - approx_kl: 0.0, update_epoch: 1, num_batch: 4
[2026-10-09 19:30:36,435][agent.finetune.train_ppo_diffusion_agent][INFO] - approx_kl: 0.0, update_epoch: 1, num_batch: 4
[2026-10-09 19:30:38,778][agent.finetune.train_ppo_diffusion_agent][INFO] - approx_kl: 0.0, update_epoch: 2, num_batch: 4
[2026-10-09 19:30:40,905][agent.finetune.train_ppo_diffusion_agent][INFO] - approx_kl: 0.0, update_epoch: 2, num_batch: 4
[2026-10-09 19:30:43,124][agent.finetune.train_ppo_diffusion_agent][INFO] - approx_kl: 0.0, update_epoch: 2, num_batch: 4
[2026-10-09 19:30:45,336][agent.finetune.train_ppo_diffusion_agent][INFO] - approx_kl: 0.0, update_epoch: 2, num_batch: 4
[2026-10-09 19:30:47,687][agent.finetune.train_ppo_diffusion_agent][INFO] - approx_kl: 0.0, update_epoch: 3, num_batch: 4
[2026-10-09 19:30:49,833][agent.finetune.train_ppo_diffusion_agent][INFO] - approx_kl: 0.0, update_epoch: 3, num_batch: 4
[2026-10-09 19:30:52,079][agent.finetune.train_ppo_diffusion_agent][INFO] - approx_kl: 0.0, update_epoch: 3, num_batch: 4
[2026-10-09 19:30:54,331][agent.finetune.train_ppo_diffusion_agent][INFO] - approx_kl: 0.0, update_epoch: 3, num_batch: 4
[2026-10-09 19:30:56,690][agent.finetune.train_ppo_diffusion_agent][INFO] - approx_kl: 0.0, update_epoch: 4, num_batch: 4
[2026-10-09 19:30:58,809][agent.finetune.train_ppo_diffusion_agent][INFO] - approx_kl: 0.0, update_epoch: 4, num_batch: 4
[2026-10-09 19:31:01,004][agent.finetune.train_ppo_diffusion_agent][INFO] - approx_kl: 0.0, update_epoch: 4, num_batch: 4
[2026-10-09 19:31:03,195][agent.finetune.train_ppo_diffusion_agent][INFO] - approx_kl: 0.0, update_epoch: 4, num_batch: 4
[2026-10-09 19:31:12,046][agent.finetune.train_ppo_diffusion_agent][INFO] - 122: step  8800000 | loss   0.0566 | pg loss  -0.0000 | value loss   0.1131 | bc loss   0.0000 | reward 3986.2135 | eta   1.0000 | t: 66.8086 | kl_true_per_action=0.36395429599816187 | logratio_p99=0.9562954545021044 | clamp_hit_frac=0.0008166666666666667 | actor_step_ratio=1.0 | actor_step_clipfrac=0.0
[2026-10-09 19:31:26,693][agent.finetune.train_ppo_diffusion_agent][INFO] - approx_kl: 0.0, update_epoch: 0, num_batch: 4
[2026-10-09 19:31:28,797][agent.finetune.train_ppo_diffusion_agent][INFO] - approx_kl: 0.0, update_epoch: 0, num_batch: 4
[2026-10-09 19:31:30,997][agent.finetune.train_ppo_diffusion_agent][INFO] - approx_kl: 0.0, update_epoch: 0, num_batch: 4
[2026-10-09 19:31:33,286][agent.finetune.train_ppo_diffusion_agent][INFO] - approx_kl: 0.0, update_epoch: 0, num_batch: 4
[2026-10-09 19:31:35,395][agent.finetune.train_ppo_diffusion_agent][INFO] - approx_kl: 0.0, update_epoch: 1, num_batch: 4
[2026-10-09 19:31:37,582][agent.finetune.train_ppo_diffusion_agent][INFO] - approx_kl: 0.0, update_epoch: 1, num_batch: 4
[2026-10-09 19:31:39,799][agent.finetune.train_ppo_diffusion_agent][INFO] - approx_kl: 0.0, update_epoch: 1, num_batch: 4
[2026-10-09 19:31:42,083][agent.finetune.train_ppo_diffusion_agent][INFO] - approx_kl: 0.0, update_epoch: 1, num_batch: 4
[2026-10-09 19:31:44,183][agent.finetune.train_ppo_diffusion_agent][INFO] - approx_kl: 0.0, update_epoch: 2, num_batch: 4
[2026-10-09 19:31:46,377][agent.finetune.train_ppo_diffusion_agent][INFO] - approx_kl: 0.0, update_epoch: 2, num_batch: 4
[2026-10-09 19:31:48,564][agent.finetune.train_ppo_diffusion_agent][INFO] - approx_kl: 0.0, update_epoch: 2, num_batch: 4
[2026-10-09 19:31:50,858][agent.finetune.train_ppo_diffusion_agent][INFO] - approx_kl: 0.0, update_epoch: 2, num_batch: 4
[2026-10-09 19:31:52,961][agent.finetune.train_ppo_diffusion_agent][INFO] - approx_kl: 0.0, update_epoch: 3, num_batch: 4
[2026-10-09 19:31:55,164][agent.finetune.train_ppo_diffusion_agent][INFO] - approx_kl: 0.0, update_epoch: 3, num_batch: 4
[2026-10-09 19:31:57,353][agent.finetune.train_ppo_diffusion_agent][INFO] - approx_kl: 0.0, update_epoch: 3, num_batch: 4
[2026-10-09 19:31:59,650][agent.finetune.train_ppo_diffusion_agent][INFO] - approx_kl: 0.0, update_epoch: 3, num_batch: 4
[2026-10-09 19:32:01,759][agent.finetune.train_ppo_diffusion_agent][INFO] - approx_kl: 0.0, update_epoch: 4, num_batch: 4
[2026-10-09 19:32:03,960][agent.finetune.train_ppo_diffusion_agent][INFO] - approx_kl: 0.0, update_epoch: 4, num_batch: 4
[2026-10-09 19:32:06,160][agent.finetune.train_ppo_diffusion_agent][INFO] - approx_kl: 0.0, update_epoch: 4, num_batch: 4
[2026-10-09 19:32:08,456][agent.finetune.train_ppo_diffusion_agent][INFO] - approx_kl: 0.0, update_epoch: 4, num_batch: 4
[2026-10-09 19:32:17,286][agent.finetune.train_ppo_diffusion_agent][INFO] - 123: step  8880000 | loss   0.0579 | pg loss  -0.0000 | value loss   0.1158 | bc loss   0.0000 | reward 4117.4860 | eta   1.0000 | t: 65.2399 | kl_true_per_action=0.3663649375960429 | logratio_p99=0.9576429033279406 | clamp_hit_frac=0.0008125 | actor_step_ratio=1.0 | actor_step_clipfrac=0.0
[2026-10-09 19:32:31,745][agent.finetune.train_ppo_diffusion_agent][INFO] - approx_kl: 0.0, update_epoch: 0, num_batch: 4
[2026-10-09 19:32:33,942][agent.finetune.train_ppo_diffusion_agent][INFO] - approx_kl: 0.0, update_epoch: 0, num_batch: 4
[2026-10-09 19:32:36,158][agent.finetune.train_ppo_diffusion_agent][INFO] - approx_kl: 0.0, update_epoch: 0, num_batch: 4
[2026-10-09 19:32:38,438][agent.finetune.train_ppo_diffusion_agent][INFO] - approx_kl: 0.0, update_epoch: 0, num_batch: 4
[2026-10-09 19:32:40,555][agent.finetune.train_ppo_diffusion_agent][INFO] - approx_kl: 0.0, update_epoch: 1, num_batch: 4
[2026-10-09 19:32:42,743][agent.finetune.train_ppo_diffusion_agent][INFO] - approx_kl: 0.0, update_epoch: 1, num_batch: 4
[2026-10-09 19:32:44,935][agent.finetune.train_ppo_diffusion_agent][INFO] - approx_kl: 0.0, update_epoch: 1, num_batch: 4
[2026-10-09 19:32:47,226][agent.finetune.train_ppo_diffusion_agent][INFO] - approx_kl: 0.0, update_epoch: 1, num_batch: 4
[2026-10-09 19:32:49,324][agent.finetune.train_ppo_diffusion_agent][INFO] - approx_kl: 0.0, update_epoch: 2, num_batch: 4
[2026-10-09 19:32:51,516][agent.finetune.train_ppo_diffusion_agent][INFO] - approx_kl: 0.0, update_epoch: 2, num_batch: 4
[2026-10-09 19:32:53,717][agent.finetune.train_ppo_diffusion_agent][INFO] - approx_kl: 0.0, update_epoch: 2, num_batch: 4
[2026-10-09 19:32:56,018][agent.finetune.train_ppo_diffusion_agent][INFO] - approx_kl: 0.0, update_epoch: 2, num_batch: 4
[2026-10-09 19:32:58,128][agent.finetune.train_ppo_diffusion_agent][INFO] - approx_kl: 0.0, update_epoch: 3, num_batch: 4
[2026-10-09 19:33:00,339][agent.finetune.train_ppo_diffusion_agent][INFO] - approx_kl: 0.0, update_epoch: 3, num_batch: 4
[2026-10-09 19:33:02,542][agent.finetune.train_ppo_diffusion_agent][INFO] - approx_kl: 0.0, update_epoch: 3, num_batch: 4
[2026-10-09 19:33:04,848][agent.finetune.train_ppo_diffusion_agent][INFO] - approx_kl: 0.0, update_epoch: 3, num_batch: 4
[2026-10-09 19:33:06,970][agent.finetune.train_ppo_diffusion_agent][INFO] - approx_kl: 0.0, update_epoch: 4, num_batch: 4
[2026-10-09 19:33:09,188][agent.finetune.train_ppo_diffusion_agent][INFO] - approx_kl: 0.0, update_epoch: 4, num_batch: 4
[2026-10-09 19:33:11,409][agent.finetune.train_ppo_diffusion_agent][INFO] - approx_kl: 0.0, update_epoch: 4, num_batch: 4
[2026-10-09 19:33:13,745][agent.finetune.train_ppo_diffusion_agent][INFO] - approx_kl: 0.0, update_epoch: 4, num_batch: 4
[2026-10-09 19:33:22,602][agent.finetune.train_ppo_diffusion_agent][INFO] - 124: step  8960000 | loss   0.0578 | pg loss  -0.0000 | value loss   0.1157 | bc loss   0.0000 | reward 4172.3514 | eta   1.0000 | t: 65.3164 | kl_true_per_action=0.4145352270704355 | logratio_p99=1.0178716933727248 | clamp_hit_frac=0.00079375 | actor_step_ratio=1.0 | actor_step_clipfrac=0.0
[2026-10-09 19:33:37,094][agent.finetune.train_ppo_diffusion_agent][INFO] - approx_kl: 0.0, update_epoch: 0, num_batch: 4
[2026-10-09 19:33:39,311][agent.finetune.train_ppo_diffusion_agent][INFO] - approx_kl: 0.0, update_epoch: 0, num_batch: 4
[2026-10-09 19:33:41,553][agent.finetune.train_ppo_diffusion_agent][INFO] - approx_kl: 0.0, update_epoch: 0, num_batch: 4
[2026-10-09 19:33:43,893][agent.finetune.train_ppo_diffusion_agent][INFO] - approx_kl: 0.0, update_epoch: 0, num_batch: 4
[2026-10-09 19:33:46,019][agent.finetune.train_ppo_diffusion_agent][INFO] - approx_kl: 0.0, update_epoch: 1, num_batch: 4
[2026-10-09 19:33:48,235][agent.finetune.train_ppo_diffusion_agent][INFO] - approx_kl: 0.0, update_epoch: 1, num_batch: 4
[2026-10-09 19:33:50,456][agent.finetune.train_ppo_diffusion_agent][INFO] - approx_kl: 0.0, update_epoch: 1, num_batch: 4
[2026-10-09 19:33:52,760][agent.finetune.train_ppo_diffusion_agent][INFO] - approx_kl: 0.0, update_epoch: 1, num_batch: 4
[2026-10-09 19:33:54,887][agent.finetune.train_ppo_diffusion_agent][INFO] - approx_kl: 0.0, update_epoch: 2, num_batch: 4
[2026-10-09 19:33:57,119][agent.finetune.train_ppo_diffusion_agent][INFO] - approx_kl: 0.0, update_epoch: 2, num_batch: 4
[2026-10-09 19:33:59,356][agent.finetune.train_ppo_diffusion_agent][INFO] - approx_kl: 0.0, update_epoch: 2, num_batch: 4
[2026-10-09 19:34:01,728][agent.finetune.train_ppo_diffusion_agent][INFO] - approx_kl: 0.0, update_epoch: 2, num_batch: 4
[2026-10-09 19:34:03,867][agent.finetune.train_ppo_diffusion_agent][INFO] - approx_kl: 0.0, update_epoch: 3, num_batch: 4
[2026-10-09 19:34:06,105][agent.finetune.train_ppo_diffusion_agent][INFO] - approx_kl: 0.0, update_epoch: 3, num_batch: 4
[2026-10-09 19:34:08,314][agent.finetune.train_ppo_diffusion_agent][INFO] - approx_kl: 0.0, update_epoch: 3, num_batch: 4
[2026-10-09 19:34:10,612][agent.finetune.train_ppo_diffusion_agent][INFO] - approx_kl: 0.0, update_epoch: 3, num_batch: 4
[2026-10-09 19:34:12,726][agent.finetune.train_ppo_diffusion_agent][INFO] - approx_kl: 0.0, update_epoch: 4, num_batch: 4
[2026-10-09 19:34:14,945][agent.finetune.train_ppo_diffusion_agent][INFO] - approx_kl: 0.0, update_epoch: 4, num_batch: 4
[2026-10-09 19:34:17,134][agent.finetune.train_ppo_diffusion_agent][INFO] - approx_kl: 0.0, update_epoch: 4, num_batch: 4
[2026-10-09 19:34:19,438][agent.finetune.train_ppo_diffusion_agent][INFO] - approx_kl: 0.0, update_epoch: 4, num_batch: 4
[2026-10-09 19:34:28,265][agent.finetune.train_ppo_diffusion_agent][INFO] - 125: step  9040000 | loss   0.0587 | pg loss   0.0000 | value loss   0.1173 | bc loss   0.0000 | reward 4138.2613 | eta   1.0000 | t: 65.6629 | kl_true_per_action=0.3675521487600966 | logratio_p99=0.9405519139766686 | clamp_hit_frac=0.0008541666666666667 | actor_step_ratio=1.0 | actor_step_clipfrac=0.0
[2026-10-09 19:34:42,679][agent.finetune.train_ppo_diffusion_agent][INFO] - approx_kl: 0.0, update_epoch: 0, num_batch: 4
[2026-10-09 19:34:44,869][agent.finetune.train_ppo_diffusion_agent][INFO] - approx_kl: 0.0, update_epoch: 0, num_batch: 4
[2026-10-09 19:34:47,054][agent.finetune.train_ppo_diffusion_agent][INFO] - approx_kl: 0.0, update_epoch: 0, num_batch: 4
[2026-10-09 19:34:49,351][agent.finetune.train_ppo_diffusion_agent][INFO] - approx_kl: 0.0, update_epoch: 0, num_batch: 4
[2026-10-09 19:34:51,449][agent.finetune.train_ppo_diffusion_agent][INFO] - approx_kl: 0.0, update_epoch: 1, num_batch: 4
[2026-10-09 19:34:53,654][agent.finetune.train_ppo_diffusion_agent][INFO] - approx_kl: 0.0, update_epoch: 1, num_batch: 4
[2026-10-09 19:34:55,846][agent.finetune.train_ppo_diffusion_agent][INFO] - approx_kl: 0.0, update_epoch: 1, num_batch: 4
[2026-10-09 19:34:58,139][agent.finetune.train_ppo_diffusion_agent][INFO] - approx_kl: 0.0, update_epoch: 1, num_batch: 4
[2026-10-09 19:35:00,251][agent.finetune.train_ppo_diffusion_agent][INFO] - approx_kl: 0.0, update_epoch: 2, num_batch: 4
[2026-10-09 19:35:02,449][agent.finetune.train_ppo_diffusion_agent][INFO] - approx_kl: 0.0, update_epoch: 2, num_batch: 4
[2026-10-09 19:35:04,655][agent.finetune.train_ppo_diffusion_agent][INFO] - approx_kl: 0.0, update_epoch: 2, num_batch: 4
[2026-10-09 19:35:06,963][agent.finetune.train_ppo_diffusion_agent][INFO] - approx_kl: 0.0, update_epoch: 2, num_batch: 4
[2026-10-09 19:35:09,065][agent.finetune.train_ppo_diffusion_agent][INFO] - approx_kl: 0.0, update_epoch: 3, num_batch: 4
[2026-10-09 19:35:11,274][agent.finetune.train_ppo_diffusion_agent][INFO] - approx_kl: 0.0, update_epoch: 3, num_batch: 4
[2026-10-09 19:35:13,478][agent.finetune.train_ppo_diffusion_agent][INFO] - approx_kl: 0.0, update_epoch: 3, num_batch: 4
[2026-10-09 19:35:15,805][agent.finetune.train_ppo_diffusion_agent][INFO] - approx_kl: 0.0, update_epoch: 3, num_batch: 4
[2026-10-09 19:35:17,927][agent.finetune.train_ppo_diffusion_agent][INFO] - approx_kl: 0.0, update_epoch: 4, num_batch: 4
[2026-10-09 19:35:20,132][agent.finetune.train_ppo_diffusion_agent][INFO] - approx_kl: 0.0, update_epoch: 4, num_batch: 4
[2026-10-09 19:35:22,326][agent.finetune.train_ppo_diffusion_agent][INFO] - approx_kl: 0.0, update_epoch: 4, num_batch: 4
[2026-10-09 19:35:24,626][agent.finetune.train_ppo_diffusion_agent][INFO] - approx_kl: 0.0, update_epoch: 4, num_batch: 4
[2026-10-09 19:35:35,448][agent.finetune.train_ppo_diffusion_agent][INFO] - 126: step  9120000 | loss   0.0621 | pg loss   0.0000 | value loss   0.1241 | bc loss   0.0000 | reward 4152.0228 | eta   1.0000 | t: 67.1828 | kl_true_per_action=0.5229375801858055 | logratio_p99=1.121465535163879 | clamp_hit_frac=0.0007604166666666666 | actor_step_ratio=1.0 | actor_step_clipfrac=0.0
[2026-10-09 19:35:49,848][agent.finetune.train_ppo_diffusion_agent][INFO] - approx_kl: 0.0, update_epoch: 0, num_batch: 4
[2026-10-09 19:35:52,057][agent.finetune.train_ppo_diffusion_agent][INFO] - approx_kl: 0.0, update_epoch: 0, num_batch: 4
[2026-10-09 19:35:54,359][agent.finetune.train_ppo_diffusion_agent][INFO] - approx_kl: 0.0, update_epoch: 0, num_batch: 4
[2026-10-09 19:35:56,468][agent.finetune.train_ppo_diffusion_agent][INFO] - approx_kl: 0.0, update_epoch: 0, num_batch: 4
[2026-10-09 19:35:58,677][agent.finetune.train_ppo_diffusion_agent][INFO] - approx_kl: 0.0, update_epoch: 1, num_batch: 4
[2026-10-09 19:36:00,886][agent.finetune.train_ppo_diffusion_agent][INFO] - approx_kl: 0.0, update_epoch: 1, num_batch: 4
[2026-10-09 19:36:03,215][agent.finetune.train_ppo_diffusion_agent][INFO] - approx_kl: 0.0, update_epoch: 1, num_batch: 4
[2026-10-09 19:36:05,336][agent.finetune.train_ppo_diffusion_agent][INFO] - approx_kl: 0.0, update_epoch: 1, num_batch: 4
[2026-10-09 19:36:07,554][agent.finetune.train_ppo_diffusion_agent][INFO] - approx_kl: 0.0, update_epoch: 2, num_batch: 4
[2026-10-09 19:36:09,770][agent.finetune.train_ppo_diffusion_agent][INFO] - approx_kl: 0.0, update_epoch: 2, num_batch: 4
[2026-10-09 19:36:12,076][agent.finetune.train_ppo_diffusion_agent][INFO] - approx_kl: 0.0, update_epoch: 2, num_batch: 4
[2026-10-09 19:36:14,200][agent.finetune.train_ppo_diffusion_agent][INFO] - approx_kl: 0.0, update_epoch: 2, num_batch: 4
[2026-10-09 19:36:16,437][agent.finetune.train_ppo_diffusion_agent][INFO] - approx_kl: 0.0, update_epoch: 3, num_batch: 4
[2026-10-09 19:36:18,645][agent.finetune.train_ppo_diffusion_agent][INFO] - approx_kl: 0.0, update_epoch: 3, num_batch: 4
[2026-10-09 19:36:20,958][agent.finetune.train_ppo_diffusion_agent][INFO] - approx_kl: 0.0, update_epoch: 3, num_batch: 4
[2026-10-09 19:36:23,075][agent.finetune.train_ppo_diffusion_agent][INFO] - approx_kl: 0.0, update_epoch: 3, num_batch: 4
[2026-10-09 19:36:25,284][agent.finetune.train_ppo_diffusion_agent][INFO] - approx_kl: 0.0, update_epoch: 4, num_batch: 4
[2026-10-09 19:36:27,492][agent.finetune.train_ppo_diffusion_agent][INFO] - approx_kl: 0.0, update_epoch: 4, num_batch: 4
[2026-10-09 19:36:29,806][agent.finetune.train_ppo_diffusion_agent][INFO] - approx_kl: 0.0, update_epoch: 4, num_batch: 4
[2026-10-09 19:36:31,918][agent.finetune.train_ppo_diffusion_agent][INFO] - approx_kl: 0.0, update_epoch: 4, num_batch: 4
[2026-10-09 19:36:40,784][agent.finetune.train_ppo_diffusion_agent][INFO] - 127: step  9200000 | loss   0.0649 | pg loss   0.0000 | value loss   0.1298 | bc loss   0.0000 | reward 4049.4882 | eta   1.0000 | t: 65.3360 | kl_true_per_action=0.5941967691694479 | logratio_p99=1.2879122626781423 | clamp_hit_frac=0.00075 | actor_step_ratio=1.0 | actor_step_clipfrac=0.0
[2026-10-09 19:36:55,282][agent.finetune.train_ppo_diffusion_agent][INFO] - approx_kl: 0.0, update_epoch: 0, num_batch: 4
[2026-10-09 19:36:57,491][agent.finetune.train_ppo_diffusion_agent][INFO] - approx_kl: 0.0, update_epoch: 0, num_batch: 4
[2026-10-09 19:36:59,807][agent.finetune.train_ppo_diffusion_agent][INFO] - approx_kl: 0.0, update_epoch: 0, num_batch: 4
[2026-10-09 19:37:01,908][agent.finetune.train_ppo_diffusion_agent][INFO] - approx_kl: 0.0, update_epoch: 0, num_batch: 4
[2026-10-09 19:37:04,116][agent.finetune.train_ppo_diffusion_agent][INFO] - approx_kl: 0.0, update_epoch: 1, num_batch: 4
[2026-10-09 19:37:06,338][agent.finetune.train_ppo_diffusion_agent][INFO] - approx_kl: 0.0, update_epoch: 1, num_batch: 4
[2026-10-09 19:37:08,665][agent.finetune.train_ppo_diffusion_agent][INFO] - approx_kl: 0.0, update_epoch: 1, num_batch: 4
[2026-10-09 19:37:10,766][agent.finetune.train_ppo_diffusion_agent][INFO] - approx_kl: 0.0, update_epoch: 1, num_batch: 4
[2026-10-09 19:37:12,980][agent.finetune.train_ppo_diffusion_agent][INFO] - approx_kl: 0.0, update_epoch: 2, num_batch: 4
[2026-10-09 19:37:15,201][agent.finetune.train_ppo_diffusion_agent][INFO] - approx_kl: 0.0, update_epoch: 2, num_batch: 4
[2026-10-09 19:37:17,527][agent.finetune.train_ppo_diffusion_agent][INFO] - approx_kl: 0.0, update_epoch: 2, num_batch: 4
[2026-10-09 19:37:19,683][agent.finetune.train_ppo_diffusion_agent][INFO] - approx_kl: 0.0, update_epoch: 2, num_batch: 4
[2026-10-09 19:37:21,881][agent.finetune.train_ppo_diffusion_agent][INFO] - approx_kl: 0.0, update_epoch: 3, num_batch: 4
[2026-10-09 19:37:24,070][agent.finetune.train_ppo_diffusion_agent][INFO] - approx_kl: 0.0, update_epoch: 3, num_batch: 4
[2026-10-09 19:37:26,374][agent.finetune.train_ppo_diffusion_agent][INFO] - approx_kl: 0.0, update_epoch: 3, num_batch: 4
[2026-10-09 19:37:28,473][agent.finetune.train_ppo_diffusion_agent][INFO] - approx_kl: 0.0, update_epoch: 3, num_batch: 4
[2026-10-09 19:37:30,660][agent.finetune.train_ppo_diffusion_agent][INFO] - approx_kl: 0.0, update_epoch: 4, num_batch: 4
[2026-10-09 19:37:32,858][agent.finetune.train_ppo_diffusion_agent][INFO] - approx_kl: 0.0, update_epoch: 4, num_batch: 4
[2026-10-09 19:37:35,177][agent.finetune.train_ppo_diffusion_agent][INFO] - approx_kl: 0.0, update_epoch: 4, num_batch: 4
[2026-10-09 19:37:37,286][agent.finetune.train_ppo_diffusion_agent][INFO] - approx_kl: 0.0, update_epoch: 4, num_batch: 4
[2026-10-09 19:37:46,103][agent.finetune.train_ppo_diffusion_agent][INFO] - 128: step  9280000 | loss   0.0620 | pg loss   0.0000 | value loss   0.1241 | bc loss   0.0000 | reward 4183.7882 | eta   1.0000 | t: 65.3190 | kl_true_per_action=0.4278860892631905 | logratio_p99=1.0263736921548812 | clamp_hit_frac=0.0008020833333333334 | actor_step_ratio=1.0 | actor_step_clipfrac=0.0
[2026-10-09 19:38:00,690][agent.finetune.train_ppo_diffusion_agent][INFO] - approx_kl: 0.0, update_epoch: 0, num_batch: 4
[2026-10-09 19:38:02,897][agent.finetune.train_ppo_diffusion_agent][INFO] - approx_kl: 0.0, update_epoch: 0, num_batch: 4
[2026-10-09 19:38:05,196][agent.finetune.train_ppo_diffusion_agent][INFO] - approx_kl: 0.0, update_epoch: 0, num_batch: 4
[2026-10-09 19:38:07,307][agent.finetune.train_ppo_diffusion_agent][INFO] - approx_kl: 0.0, update_epoch: 0, num_batch: 4
[2026-10-09 19:38:09,530][agent.finetune.train_ppo_diffusion_agent][INFO] - approx_kl: 0.0, update_epoch: 1, num_batch: 4
[2026-10-09 19:38:11,829][agent.finetune.train_ppo_diffusion_agent][INFO] - approx_kl: 0.0, update_epoch: 1, num_batch: 4
[2026-10-09 19:38:13,934][agent.finetune.train_ppo_diffusion_agent][INFO] - approx_kl: 0.0, update_epoch: 1, num_batch: 4
[2026-10-09 19:38:16,136][agent.finetune.train_ppo_diffusion_agent][INFO] - approx_kl: 0.0, update_epoch: 1, num_batch: 4
[2026-10-09 19:38:18,332][agent.finetune.train_ppo_diffusion_agent][INFO] - approx_kl: 0.0, update_epoch: 2, num_batch: 4
[2026-10-09 19:38:20,637][agent.finetune.train_ppo_diffusion_agent][INFO] - approx_kl: 0.0, update_epoch: 2, num_batch: 4
[2026-10-09 19:38:22,747][agent.finetune.train_ppo_diffusion_agent][INFO] - approx_kl: 0.0, update_epoch: 2, num_batch: 4
[2026-10-09 19:38:24,942][agent.finetune.train_ppo_diffusion_agent][INFO] - approx_kl: 0.0, update_epoch: 2, num_batch: 4
[2026-10-09 19:38:27,142][agent.finetune.train_ppo_diffusion_agent][INFO] - approx_kl: 0.0, update_epoch: 3, num_batch: 4
[2026-10-09 19:38:29,437][agent.finetune.train_ppo_diffusion_agent][INFO] - approx_kl: 0.0, update_epoch: 3, num_batch: 4
[2026-10-09 19:38:31,540][agent.finetune.train_ppo_diffusion_agent][INFO] - approx_kl: 0.0, update_epoch: 3, num_batch: 4
[2026-10-09 19:38:33,734][agent.finetune.train_ppo_diffusion_agent][INFO] - approx_kl: 0.0, update_epoch: 3, num_batch: 4
[2026-10-09 19:38:35,933][agent.finetune.train_ppo_diffusion_agent][INFO] - approx_kl: 0.0, update_epoch: 4, num_batch: 4
[2026-10-09 19:38:38,274][agent.finetune.train_ppo_diffusion_agent][INFO] - approx_kl: 0.0, update_epoch: 4, num_batch: 4
[2026-10-09 19:38:40,380][agent.finetune.train_ppo_diffusion_agent][INFO] - approx_kl: 0.0, update_epoch: 4, num_batch: 4
[2026-10-09 19:38:42,571][agent.finetune.train_ppo_diffusion_agent][INFO] - approx_kl: 0.0, update_epoch: 4, num_batch: 4
[2026-10-09 19:38:51,423][agent.finetune.train_ppo_diffusion_agent][INFO] - 129: step  9360000 | loss   0.0641 | pg loss  -0.0000 | value loss   0.1282 | bc loss   0.0000 | reward 4051.6437 | eta   1.0000 | t: 65.3198 | kl_true_per_action=0.46043522794414815 | logratio_p99=1.066994315385817 | clamp_hit_frac=0.0008145833333333333 | actor_step_ratio=1.0 | actor_step_clipfrac=0.0
[2026-10-09 19:39:03,718][agent.finetune.train_ppo_diffusion_agent][INFO] - eval: success rate   1.0000 | avg episode reward 4257.1225 | avg best reward   6.3803
[2026-10-09 19:39:18,311][agent.finetune.train_ppo_diffusion_agent][INFO] - approx_kl: 0.0, update_epoch: 0, num_batch: 4
[2026-10-09 19:39:20,631][agent.finetune.train_ppo_diffusion_agent][INFO] - approx_kl: 0.0, update_epoch: 0, num_batch: 4
[2026-10-09 19:39:22,743][agent.finetune.train_ppo_diffusion_agent][INFO] - approx_kl: 0.0, update_epoch: 0, num_batch: 4
[2026-10-09 19:39:24,946][agent.finetune.train_ppo_diffusion_agent][INFO] - approx_kl: 0.0, update_epoch: 0, num_batch: 4
[2026-10-09 19:39:27,143][agent.finetune.train_ppo_diffusion_agent][INFO] - approx_kl: 0.0, update_epoch: 1, num_batch: 4
[2026-10-09 19:39:29,476][agent.finetune.train_ppo_diffusion_agent][INFO] - approx_kl: 0.0, update_epoch: 1, num_batch: 4
[2026-10-09 19:39:31,586][agent.finetune.train_ppo_diffusion_agent][INFO] - approx_kl: 0.0, update_epoch: 1, num_batch: 4
[2026-10-09 19:39:33,796][agent.finetune.train_ppo_diffusion_agent][INFO] - approx_kl: 0.0, update_epoch: 1, num_batch: 4
[2026-10-09 19:39:36,005][agent.finetune.train_ppo_diffusion_agent][INFO] - approx_kl: 0.0, update_epoch: 2, num_batch: 4
[2026-10-09 19:39:38,323][agent.finetune.train_ppo_diffusion_agent][INFO] - approx_kl: 0.0, update_epoch: 2, num_batch: 4
[2026-10-09 19:39:40,438][agent.finetune.train_ppo_diffusion_agent][INFO] - approx_kl: 0.0, update_epoch: 2, num_batch: 4
[2026-10-09 19:39:42,655][agent.finetune.train_ppo_diffusion_agent][INFO] - approx_kl: 0.0, update_epoch: 2, num_batch: 4
[2026-10-09 19:39:44,876][agent.finetune.train_ppo_diffusion_agent][INFO] - approx_kl: 0.0, update_epoch: 3, num_batch: 4
[2026-10-09 19:39:47,196][agent.finetune.train_ppo_diffusion_agent][INFO] - approx_kl: 0.0, update_epoch: 3, num_batch: 4
[2026-10-09 19:39:49,326][agent.finetune.train_ppo_diffusion_agent][INFO] - approx_kl: 0.0, update_epoch: 3, num_batch: 4
[2026-10-09 19:39:51,564][agent.finetune.train_ppo_diffusion_agent][INFO] - approx_kl: 0.0, update_epoch: 3, num_batch: 4
[2026-10-09 19:39:53,781][agent.finetune.train_ppo_diffusion_agent][INFO] - approx_kl: 0.0, update_epoch: 4, num_batch: 4
[2026-10-09 19:39:56,107][agent.finetune.train_ppo_diffusion_agent][INFO] - approx_kl: 0.0, update_epoch: 4, num_batch: 4
[2026-10-09 19:39:58,232][agent.finetune.train_ppo_diffusion_agent][INFO] - approx_kl: 0.0, update_epoch: 4, num_batch: 4
[2026-10-09 19:40:00,452][agent.finetune.train_ppo_diffusion_agent][INFO] - approx_kl: 0.0, update_epoch: 4, num_batch: 4
[2026-10-09 19:40:09,373][agent.finetune.train_ppo_diffusion_agent][INFO] - 131: step  9440000 | loss   0.0636 | pg loss  -0.0000 | value loss   0.1273 | bc loss   0.0000 | reward 4116.1791 | eta   1.0000 | t: 65.6557 | kl_true_per_action=0.47482471533352566 | logratio_p99=1.0694043099880182 | clamp_hit_frac=0.0008583333333333333 | actor_step_ratio=1.0 | actor_step_clipfrac=0.0
[2026-10-09 19:40:24,009][agent.finetune.train_ppo_diffusion_agent][INFO] - approx_kl: 0.0, update_epoch: 0, num_batch: 4
[2026-10-09 19:40:26,324][agent.finetune.train_ppo_diffusion_agent][INFO] - approx_kl: 0.0, update_epoch: 0, num_batch: 4
[2026-10-09 19:40:28,443][agent.finetune.train_ppo_diffusion_agent][INFO] - approx_kl: 0.0, update_epoch: 0, num_batch: 4
[2026-10-09 19:40:30,651][agent.finetune.train_ppo_diffusion_agent][INFO] - approx_kl: 0.0, update_epoch: 0, num_batch: 4
[2026-10-09 19:40:32,873][agent.finetune.train_ppo_diffusion_agent][INFO] - approx_kl: 0.0, update_epoch: 1, num_batch: 4
[2026-10-09 19:40:35,189][agent.finetune.train_ppo_diffusion_agent][INFO] - approx_kl: 0.0, update_epoch: 1, num_batch: 4
[2026-10-09 19:40:37,301][agent.finetune.train_ppo_diffusion_agent][INFO] - approx_kl: 0.0, update_epoch: 1, num_batch: 4
[2026-10-09 19:40:39,504][agent.finetune.train_ppo_diffusion_agent][INFO] - approx_kl: 0.0, update_epoch: 1, num_batch: 4
[2026-10-09 19:40:41,723][agent.finetune.train_ppo_diffusion_agent][INFO] - approx_kl: 0.0, update_epoch: 2, num_batch: 4
[2026-10-09 19:40:44,022][agent.finetune.train_ppo_diffusion_agent][INFO] - approx_kl: 0.0, update_epoch: 2, num_batch: 4
[2026-10-09 19:40:46,128][agent.finetune.train_ppo_diffusion_agent][INFO] - approx_kl: 0.0, update_epoch: 2, num_batch: 4
[2026-10-09 19:40:48,331][agent.finetune.train_ppo_diffusion_agent][INFO] - approx_kl: 0.0, update_epoch: 2, num_batch: 4
[2026-10-09 19:40:50,533][agent.finetune.train_ppo_diffusion_agent][INFO] - approx_kl: 0.0, update_epoch: 3, num_batch: 4
[2026-10-09 19:40:52,844][agent.finetune.train_ppo_diffusion_agent][INFO] - approx_kl: 0.0, update_epoch: 3, num_batch: 4
[2026-10-09 19:40:54,944][agent.finetune.train_ppo_diffusion_agent][INFO] - approx_kl: 0.0, update_epoch: 3, num_batch: 4
[2026-10-09 19:40:57,152][agent.finetune.train_ppo_diffusion_agent][INFO] - approx_kl: 0.0, update_epoch: 3, num_batch: 4
[2026-10-09 19:40:59,363][agent.finetune.train_ppo_diffusion_agent][INFO] - approx_kl: 0.0, update_epoch: 4, num_batch: 4
[2026-10-09 19:41:01,674][agent.finetune.train_ppo_diffusion_agent][INFO] - approx_kl: 0.0, update_epoch: 4, num_batch: 4
[2026-10-09 19:41:03,783][agent.finetune.train_ppo_diffusion_agent][INFO] - approx_kl: 0.0, update_epoch: 4, num_batch: 4
[2026-10-09 19:41:05,986][agent.finetune.train_ppo_diffusion_agent][INFO] - approx_kl: 0.0, update_epoch: 4, num_batch: 4
[2026-10-09 19:41:14,876][agent.finetune.train_ppo_diffusion_agent][INFO] - 132: step  9520000 | loss   0.0623 | pg loss   0.0000 | value loss   0.1245 | bc loss   0.0000 | reward 3936.3843 | eta   1.0000 | t: 65.5025 | kl_true_per_action=0.5009778396075492 | logratio_p99=1.1148687613010386 | clamp_hit_frac=0.00075625 | actor_step_ratio=1.0 | actor_step_clipfrac=0.0
[2026-10-09 19:41:29,474][agent.finetune.train_ppo_diffusion_agent][INFO] - approx_kl: 0.0, update_epoch: 0, num_batch: 4
[2026-10-09 19:41:31,778][agent.finetune.train_ppo_diffusion_agent][INFO] - approx_kl: 0.0, update_epoch: 0, num_batch: 4
[2026-10-09 19:41:33,881][agent.finetune.train_ppo_diffusion_agent][INFO] - approx_kl: 0.0, update_epoch: 0, num_batch: 4
[2026-10-09 19:41:36,074][agent.finetune.train_ppo_diffusion_agent][INFO] - approx_kl: 0.0, update_epoch: 0, num_batch: 4
[2026-10-09 19:41:38,270][agent.finetune.train_ppo_diffusion_agent][INFO] - approx_kl: 0.0, update_epoch: 1, num_batch: 4
[2026-10-09 19:41:40,579][agent.finetune.train_ppo_diffusion_agent][INFO] - approx_kl: 0.0, update_epoch: 1, num_batch: 4
[2026-10-09 19:41:42,688][agent.finetune.train_ppo_diffusion_agent][INFO] - approx_kl: 0.0, update_epoch: 1, num_batch: 4
[2026-10-09 19:41:44,908][agent.finetune.train_ppo_diffusion_agent][INFO] - approx_kl: 0.0, update_epoch: 1, num_batch: 4
[2026-10-09 19:41:47,092][agent.finetune.train_ppo_diffusion_agent][INFO] - approx_kl: 0.0, update_epoch: 2, num_batch: 4
[2026-10-09 19:41:49,383][agent.finetune.train_ppo_diffusion_agent][INFO] - approx_kl: 0.0, update_epoch: 2, num_batch: 4
[2026-10-09 19:41:51,491][agent.finetune.train_ppo_diffusion_agent][INFO] - approx_kl: 0.0, update_epoch: 2, num_batch: 4
[2026-10-09 19:41:53,697][agent.finetune.train_ppo_diffusion_agent][INFO] - approx_kl: 0.0, update_epoch: 2, num_batch: 4
[2026-10-09 19:41:55,891][agent.finetune.train_ppo_diffusion_agent][INFO] - approx_kl: 0.0, update_epoch: 3, num_batch: 4
[2026-10-09 19:41:58,189][agent.finetune.train_ppo_diffusion_agent][INFO] - approx_kl: 0.0, update_epoch: 3, num_batch: 4
[2026-10-09 19:42:00,300][agent.finetune.train_ppo_diffusion_agent][INFO] - approx_kl: 0.0, update_epoch: 3, num_batch: 4
[2026-10-09 19:42:02,511][agent.finetune.train_ppo_diffusion_agent][INFO] - approx_kl: 0.0, update_epoch: 3, num_batch: 4
[2026-10-09 19:42:04,706][agent.finetune.train_ppo_diffusion_agent][INFO] - approx_kl: 0.0, update_epoch: 4, num_batch: 4
[2026-10-09 19:42:07,003][agent.finetune.train_ppo_diffusion_agent][INFO] - approx_kl: 0.0, update_epoch: 4, num_batch: 4
[2026-10-09 19:42:09,114][agent.finetune.train_ppo_diffusion_agent][INFO] - approx_kl: 0.0, update_epoch: 4, num_batch: 4
[2026-10-09 19:42:11,341][agent.finetune.train_ppo_diffusion_agent][INFO] - approx_kl: 0.0, update_epoch: 4, num_batch: 4
[2026-10-09 19:42:20,168][agent.finetune.train_ppo_diffusion_agent][INFO] - 133: step  9600000 | loss   0.0612 | pg loss  -0.0000 | value loss   0.1224 | bc loss   0.0000 | reward 3875.1937 | eta   1.0000 | t: 65.2920 | kl_true_per_action=0.31184602781395687 | logratio_p99=0.8815029466152168 | clamp_hit_frac=0.0007541666666666667 | actor_step_ratio=1.0 | actor_step_clipfrac=0.0
[2026-10-09 19:42:35,528][agent.finetune.train_ppo_diffusion_agent][INFO] - approx_kl: 0.0, update_epoch: 0, num_batch: 4
[2026-10-09 19:42:37,634][agent.finetune.train_ppo_diffusion_agent][INFO] - approx_kl: 0.0, update_epoch: 0, num_batch: 4
[2026-10-09 19:42:39,838][agent.finetune.train_ppo_diffusion_agent][INFO] - approx_kl: 0.0, update_epoch: 0, num_batch: 4
[2026-10-09 19:42:42,028][agent.finetune.train_ppo_diffusion_agent][INFO] - approx_kl: 0.0, update_epoch: 0, num_batch: 4
[2026-10-09 19:42:44,376][agent.finetune.train_ppo_diffusion_agent][INFO] - approx_kl: 0.0, update_epoch: 1, num_batch: 4
[2026-10-09 19:42:46,496][agent.finetune.train_ppo_diffusion_agent][INFO] - approx_kl: 0.0, update_epoch: 1, num_batch: 4
[2026-10-09 19:42:48,694][agent.finetune.train_ppo_diffusion_agent][INFO] - approx_kl: 0.0, update_epoch: 1, num_batch: 4
[2026-10-09 19:42:50,886][agent.finetune.train_ppo_diffusion_agent][INFO] - approx_kl: 0.0, update_epoch: 1, num_batch: 4
[2026-10-09 19:42:53,192][agent.finetune.train_ppo_diffusion_agent][INFO] - approx_kl: 0.0, update_epoch: 2, num_batch: 4
[2026-10-09 19:42:55,296][agent.finetune.train_ppo_diffusion_agent][INFO] - approx_kl: 0.0, update_epoch: 2, num_batch: 4
[2026-10-09 19:42:57,499][agent.finetune.train_ppo_diffusion_agent][INFO] - approx_kl: 0.0, update_epoch: 2, num_batch: 4
[2026-10-09 19:42:59,706][agent.finetune.train_ppo_diffusion_agent][INFO] - approx_kl: 0.0, update_epoch: 2, num_batch: 4
[2026-10-09 19:43:02,017][agent.finetune.train_ppo_diffusion_agent][INFO] - approx_kl: 0.0, update_epoch: 3, num_batch: 4
[2026-10-09 19:43:04,138][agent.finetune.train_ppo_diffusion_agent][INFO] - approx_kl: 0.0, update_epoch: 3, num_batch: 4
[2026-10-09 19:43:06,354][agent.finetune.train_ppo_diffusion_agent][INFO] - approx_kl: 0.0, update_epoch: 3, num_batch: 4
[2026-10-09 19:43:08,561][agent.finetune.train_ppo_diffusion_agent][INFO] - approx_kl: 0.0, update_epoch: 3, num_batch: 4
[2026-10-09 19:43:10,880][agent.finetune.train_ppo_diffusion_agent][INFO] - approx_kl: 0.0, update_epoch: 4, num_batch: 4
[2026-10-09 19:43:13,004][agent.finetune.train_ppo_diffusion_agent][INFO] - approx_kl: 0.0, update_epoch: 4, num_batch: 4
[2026-10-09 19:43:15,219][agent.finetune.train_ppo_diffusion_agent][INFO] - approx_kl: 0.0, update_epoch: 4, num_batch: 4
[2026-10-09 19:43:17,463][agent.finetune.train_ppo_diffusion_agent][INFO] - approx_kl: 0.0, update_epoch: 4, num_batch: 4
[2026-10-09 19:43:26,475][agent.finetune.train_ppo_diffusion_agent][INFO] - 134: step  9680000 | loss   0.0591 | pg loss  -0.0000 | value loss   0.1182 | bc loss   0.0000 | reward 3917.0432 | eta   1.0000 | t: 66.3075 | kl_true_per_action=0.2842538994753373 | logratio_p99=0.805654209852216 | clamp_hit_frac=0.00076875 | actor_step_ratio=1.0 | actor_step_clipfrac=0.0
[2026-10-09 19:43:42,404][agent.finetune.train_ppo_diffusion_agent][INFO] - approx_kl: 0.0, update_epoch: 0, num_batch: 4
[2026-10-09 19:43:44,503][agent.finetune.train_ppo_diffusion_agent][INFO] - approx_kl: 0.0, update_epoch: 0, num_batch: 4
[2026-10-09 19:43:46,704][agent.finetune.train_ppo_diffusion_agent][INFO] - approx_kl: 0.0, update_epoch: 0, num_batch: 4
[2026-10-09 19:43:48,904][agent.finetune.train_ppo_diffusion_agent][INFO] - approx_kl: 0.0, update_epoch: 0, num_batch: 4
[2026-10-09 19:43:51,201][agent.finetune.train_ppo_diffusion_agent][INFO] - approx_kl: 0.0, update_epoch: 1, num_batch: 4
[2026-10-09 19:43:53,288][agent.finetune.train_ppo_diffusion_agent][INFO] - approx_kl: 0.0, update_epoch: 1, num_batch: 4
[2026-10-09 19:43:55,462][agent.finetune.train_ppo_diffusion_agent][INFO] - approx_kl: 0.0, update_epoch: 1, num_batch: 4
[2026-10-09 19:43:57,648][agent.finetune.train_ppo_diffusion_agent][INFO] - approx_kl: 0.0, update_epoch: 1, num_batch: 4
[2026-10-09 19:43:59,935][agent.finetune.train_ppo_diffusion_agent][INFO] - approx_kl: 0.0, update_epoch: 2, num_batch: 4
[2026-10-09 19:44:02,091][agent.finetune.train_ppo_diffusion_agent][INFO] - approx_kl: 0.0, update_epoch: 2, num_batch: 4
[2026-10-09 19:44:04,328][agent.finetune.train_ppo_diffusion_agent][INFO] - approx_kl: 0.0, update_epoch: 2, num_batch: 4
[2026-10-09 19:44:06,628][agent.finetune.train_ppo_diffusion_agent][INFO] - approx_kl: 0.0, update_epoch: 2, num_batch: 4
[2026-10-09 19:44:08,989][agent.finetune.train_ppo_diffusion_agent][INFO] - approx_kl: 0.0, update_epoch: 3, num_batch: 4
[2026-10-09 19:44:11,115][agent.finetune.train_ppo_diffusion_agent][INFO] - approx_kl: 0.0, update_epoch: 3, num_batch: 4
[2026-10-09 19:44:13,157][agent.finetune.train_ppo_diffusion_agent][INFO] - approx_kl: 0.0, update_epoch: 3, num_batch: 4
[2026-10-09 19:44:15,194][agent.finetune.train_ppo_diffusion_agent][INFO] - approx_kl: 0.0, update_epoch: 3, num_batch: 4
[2026-10-09 19:44:17,303][agent.finetune.train_ppo_diffusion_agent][INFO] - approx_kl: 0.0, update_epoch: 4, num_batch: 4
[2026-10-09 19:44:19,321][agent.finetune.train_ppo_diffusion_agent][INFO] - approx_kl: 0.0, update_epoch: 4, num_batch: 4
[2026-10-09 19:44:21,390][agent.finetune.train_ppo_diffusion_agent][INFO] - approx_kl: 0.0, update_epoch: 4, num_batch: 4
[2026-10-09 19:44:23,563][agent.finetune.train_ppo_diffusion_agent][INFO] - approx_kl: 0.0, update_epoch: 4, num_batch: 4
[2026-10-09 19:44:32,407][agent.finetune.train_ppo_diffusion_agent][INFO] - 135: step  9760000 | loss   0.0585 | pg loss  -0.0000 | value loss   0.1169 | bc loss   0.0000 | reward 3849.5788 | eta   1.0000 | t: 65.9318 | kl_true_per_action=0.30566312803990336 | logratio_p99=0.8424002456664998 | clamp_hit_frac=0.00080625 | actor_step_ratio=1.0 | actor_step_clipfrac=0.0
[2026-10-09 19:44:48,097][agent.finetune.train_ppo_diffusion_agent][INFO] - approx_kl: 0.0, update_epoch: 0, num_batch: 4
[2026-10-09 19:44:50,220][agent.finetune.train_ppo_diffusion_agent][INFO] - approx_kl: 0.0, update_epoch: 0, num_batch: 4
[2026-10-09 19:44:52,431][agent.finetune.train_ppo_diffusion_agent][INFO] - approx_kl: 0.0, update_epoch: 0, num_batch: 4
[2026-10-09 19:44:54,744][agent.finetune.train_ppo_diffusion_agent][INFO] - approx_kl: 0.0, update_epoch: 0, num_batch: 4
[2026-10-09 19:44:56,856][agent.finetune.train_ppo_diffusion_agent][INFO] - approx_kl: 0.0, update_epoch: 1, num_batch: 4
[2026-10-09 19:44:59,106][agent.finetune.train_ppo_diffusion_agent][INFO] - approx_kl: 0.0, update_epoch: 1, num_batch: 4
[2026-10-09 19:45:01,312][agent.finetune.train_ppo_diffusion_agent][INFO] - approx_kl: 0.0, update_epoch: 1, num_batch: 4
[2026-10-09 19:45:03,609][agent.finetune.train_ppo_diffusion_agent][INFO] - approx_kl: 0.0, update_epoch: 1, num_batch: 4
[2026-10-09 19:45:05,725][agent.finetune.train_ppo_diffusion_agent][INFO] - approx_kl: 0.0, update_epoch: 2, num_batch: 4
[2026-10-09 19:45:07,937][agent.finetune.train_ppo_diffusion_agent][INFO] - approx_kl: 0.0, update_epoch: 2, num_batch: 4
[2026-10-09 19:45:10,154][agent.finetune.train_ppo_diffusion_agent][INFO] - approx_kl: 0.0, update_epoch: 2, num_batch: 4
[2026-10-09 19:45:12,463][agent.finetune.train_ppo_diffusion_agent][INFO] - approx_kl: 0.0, update_epoch: 2, num_batch: 4
[2026-10-09 19:45:14,576][agent.finetune.train_ppo_diffusion_agent][INFO] - approx_kl: 0.0, update_epoch: 3, num_batch: 4
[2026-10-09 19:45:16,788][agent.finetune.train_ppo_diffusion_agent][INFO] - approx_kl: 0.0, update_epoch: 3, num_batch: 4
[2026-10-09 19:45:19,007][agent.finetune.train_ppo_diffusion_agent][INFO] - approx_kl: 0.0, update_epoch: 3, num_batch: 4
[2026-10-09 19:45:21,353][agent.finetune.train_ppo_diffusion_agent][INFO] - approx_kl: 0.0, update_epoch: 3, num_batch: 4
[2026-10-09 19:45:23,466][agent.finetune.train_ppo_diffusion_agent][INFO] - approx_kl: 0.0, update_epoch: 4, num_batch: 4
[2026-10-09 19:45:25,698][agent.finetune.train_ppo_diffusion_agent][INFO] - approx_kl: 0.0, update_epoch: 4, num_batch: 4
[2026-10-09 19:45:27,932][agent.finetune.train_ppo_diffusion_agent][INFO] - approx_kl: 0.0, update_epoch: 4, num_batch: 4
[2026-10-09 19:45:30,261][agent.finetune.train_ppo_diffusion_agent][INFO] - approx_kl: 0.0, update_epoch: 4, num_batch: 4
[2026-10-09 19:45:39,197][agent.finetune.train_ppo_diffusion_agent][INFO] - 136: step  9840000 | loss   0.0569 | pg loss  -0.0000 | value loss   0.1138 | bc loss   0.0000 | reward 3832.9395 | eta   1.0000 | t: 66.7900 | kl_true_per_action=0.3081619221471862 | logratio_p99=0.8729953324794751 | clamp_hit_frac=0.0008229166666666667 | actor_step_ratio=1.0 | actor_step_clipfrac=0.0
[2026-10-09 19:45:54,747][agent.finetune.train_ppo_diffusion_agent][INFO] - approx_kl: 0.0, update_epoch: 0, num_batch: 4
[2026-10-09 19:45:56,932][agent.finetune.train_ppo_diffusion_agent][INFO] - approx_kl: 0.0, update_epoch: 0, num_batch: 4
[2026-10-09 19:45:59,122][agent.finetune.train_ppo_diffusion_agent][INFO] - approx_kl: 0.0, update_epoch: 0, num_batch: 4
[2026-10-09 19:46:01,402][agent.finetune.train_ppo_diffusion_agent][INFO] - approx_kl: 0.0, update_epoch: 0, num_batch: 4
[2026-10-09 19:46:03,501][agent.finetune.train_ppo_diffusion_agent][INFO] - approx_kl: 0.0, update_epoch: 1, num_batch: 4
[2026-10-09 19:46:05,688][agent.finetune.train_ppo_diffusion_agent][INFO] - approx_kl: 0.0, update_epoch: 1, num_batch: 4
[2026-10-09 19:46:07,888][agent.finetune.train_ppo_diffusion_agent][INFO] - approx_kl: 0.0, update_epoch: 1, num_batch: 4
[2026-10-09 19:46:10,189][agent.finetune.train_ppo_diffusion_agent][INFO] - approx_kl: 0.0, update_epoch: 1, num_batch: 4
[2026-10-09 19:46:12,297][agent.finetune.train_ppo_diffusion_agent][INFO] - approx_kl: 0.0, update_epoch: 2, num_batch: 4
[2026-10-09 19:46:14,494][agent.finetune.train_ppo_diffusion_agent][INFO] - approx_kl: 0.0, update_epoch: 2, num_batch: 4
[2026-10-09 19:46:16,689][agent.finetune.train_ppo_diffusion_agent][INFO] - approx_kl: 0.0, update_epoch: 2, num_batch: 4
[2026-10-09 19:46:18,986][agent.finetune.train_ppo_diffusion_agent][INFO] - approx_kl: 0.0, update_epoch: 2, num_batch: 4
[2026-10-09 19:46:21,105][agent.finetune.train_ppo_diffusion_agent][INFO] - approx_kl: 0.0, update_epoch: 3, num_batch: 4
[2026-10-09 19:46:23,317][agent.finetune.train_ppo_diffusion_agent][INFO] - approx_kl: 0.0, update_epoch: 3, num_batch: 4
[2026-10-09 19:46:25,541][agent.finetune.train_ppo_diffusion_agent][INFO] - approx_kl: 0.0, update_epoch: 3, num_batch: 4
[2026-10-09 19:46:27,880][agent.finetune.train_ppo_diffusion_agent][INFO] - approx_kl: 0.0, update_epoch: 3, num_batch: 4
[2026-10-09 19:46:30,023][agent.finetune.train_ppo_diffusion_agent][INFO] - approx_kl: 0.0, update_epoch: 4, num_batch: 4
[2026-10-09 19:46:32,238][agent.finetune.train_ppo_diffusion_agent][INFO] - approx_kl: 0.0, update_epoch: 4, num_batch: 4
[2026-10-09 19:46:34,423][agent.finetune.train_ppo_diffusion_agent][INFO] - approx_kl: 0.0, update_epoch: 4, num_batch: 4
[2026-10-09 19:46:36,713][agent.finetune.train_ppo_diffusion_agent][INFO] - approx_kl: 0.0, update_epoch: 4, num_batch: 4
[2026-10-09 19:46:45,512][agent.finetune.train_ppo_diffusion_agent][INFO] - 137: step  9920000 | loss   0.0575 | pg loss   0.0000 | value loss   0.1150 | bc loss   0.0000 | reward 3754.4321 | eta   1.0000 | t: 66.3150 | kl_true_per_action=0.3229234404927005 | logratio_p99=0.8870986187458035 | clamp_hit_frac=0.0007375 | actor_step_ratio=1.0 | actor_step_clipfrac=0.0
[2026-10-09 19:47:00,922][agent.finetune.train_ppo_diffusion_agent][INFO] - approx_kl: 0.0, update_epoch: 0, num_batch: 4
[2026-10-09 19:47:03,125][agent.finetune.train_ppo_diffusion_agent][INFO] - approx_kl: 0.0, update_epoch: 0, num_batch: 4
[2026-10-09 19:47:05,343][agent.finetune.train_ppo_diffusion_agent][INFO] - approx_kl: 0.0, update_epoch: 0, num_batch: 4
[2026-10-09 19:47:07,639][agent.finetune.train_ppo_diffusion_agent][INFO] - approx_kl: 0.0, update_epoch: 0, num_batch: 4
[2026-10-09 19:47:09,750][agent.finetune.train_ppo_diffusion_agent][INFO] - approx_kl: 0.0, update_epoch: 1, num_batch: 4
[2026-10-09 19:47:11,960][agent.finetune.train_ppo_diffusion_agent][INFO] - approx_kl: 0.0, update_epoch: 1, num_batch: 4
[2026-10-09 19:47:14,175][agent.finetune.train_ppo_diffusion_agent][INFO] - approx_kl: 0.0, update_epoch: 1, num_batch: 4
[2026-10-09 19:47:16,470][agent.finetune.train_ppo_diffusion_agent][INFO] - approx_kl: 0.0, update_epoch: 1, num_batch: 4
[2026-10-09 19:47:18,582][agent.finetune.train_ppo_diffusion_agent][INFO] - approx_kl: 0.0, update_epoch: 2, num_batch: 4
[2026-10-09 19:47:20,788][agent.finetune.train_ppo_diffusion_agent][INFO] - approx_kl: 0.0, update_epoch: 2, num_batch: 4
[2026-10-09 19:47:22,990][agent.finetune.train_ppo_diffusion_agent][INFO] - approx_kl: 0.0, update_epoch: 2, num_batch: 4
[2026-10-09 19:47:25,303][agent.finetune.train_ppo_diffusion_agent][INFO] - approx_kl: 0.0, update_epoch: 2, num_batch: 4
[2026-10-09 19:47:27,415][agent.finetune.train_ppo_diffusion_agent][INFO] - approx_kl: 0.0, update_epoch: 3, num_batch: 4
[2026-10-09 19:47:29,623][agent.finetune.train_ppo_diffusion_agent][INFO] - approx_kl: 0.0, update_epoch: 3, num_batch: 4
[2026-10-09 19:47:31,832][agent.finetune.train_ppo_diffusion_agent][INFO] - approx_kl: 0.0, update_epoch: 3, num_batch: 4
[2026-10-09 19:47:34,147][agent.finetune.train_ppo_diffusion_agent][INFO] - approx_kl: 0.0, update_epoch: 3, num_batch: 4
[2026-10-09 19:47:36,268][agent.finetune.train_ppo_diffusion_agent][INFO] - approx_kl: 0.0, update_epoch: 4, num_batch: 4
[2026-10-09 19:47:38,472][agent.finetune.train_ppo_diffusion_agent][INFO] - approx_kl: 0.0, update_epoch: 4, num_batch: 4
[2026-10-09 19:47:40,680][agent.finetune.train_ppo_diffusion_agent][INFO] - approx_kl: 0.0, update_epoch: 4, num_batch: 4
[2026-10-09 19:47:43,005][agent.finetune.train_ppo_diffusion_agent][INFO] - approx_kl: 0.0, update_epoch: 4, num_batch: 4
[2026-10-09 19:47:51,854][agent.finetune.train_ppo_diffusion_agent][INFO] - 138: step 10000000 | loss   0.0578 | pg loss  -0.0000 | value loss   0.1155 | bc loss   0.0000 | reward 3665.3684 | eta   1.0000 | t: 66.3421 | kl_true_per_action=0.35615180282036996 | logratio_p99=0.9114558398723599 | clamp_hit_frac=0.0008208333333333334 | actor_step_ratio=1.0 | actor_step_clipfrac=0.0
[2026-10-09 19:48:07,159][agent.finetune.train_ppo_diffusion_agent][INFO] - approx_kl: 0.0, update_epoch: 0, num_batch: 4
[2026-10-09 19:48:09,362][agent.finetune.train_ppo_diffusion_agent][INFO] - approx_kl: 0.0, update_epoch: 0, num_batch: 4
[2026-10-09 19:48:11,564][agent.finetune.train_ppo_diffusion_agent][INFO] - approx_kl: 0.0, update_epoch: 0, num_batch: 4
[2026-10-09 19:48:13,873][agent.finetune.train_ppo_diffusion_agent][INFO] - approx_kl: 0.0, update_epoch: 0, num_batch: 4
[2026-10-09 19:48:15,969][agent.finetune.train_ppo_diffusion_agent][INFO] - approx_kl: 0.0, update_epoch: 1, num_batch: 4
[2026-10-09 19:48:18,196][agent.finetune.train_ppo_diffusion_agent][INFO] - approx_kl: 0.0, update_epoch: 1, num_batch: 4
[2026-10-09 19:48:20,389][agent.finetune.train_ppo_diffusion_agent][INFO] - approx_kl: 0.0, update_epoch: 1, num_batch: 4
[2026-10-09 19:48:22,683][agent.finetune.train_ppo_diffusion_agent][INFO] - approx_kl: 0.0, update_epoch: 1, num_batch: 4
[2026-10-09 19:48:24,781][agent.finetune.train_ppo_diffusion_agent][INFO] - approx_kl: 0.0, update_epoch: 2, num_batch: 4
[2026-10-09 19:48:26,977][agent.finetune.train_ppo_diffusion_agent][INFO] - approx_kl: 0.0, update_epoch: 2, num_batch: 4
[2026-10-09 19:48:29,170][agent.finetune.train_ppo_diffusion_agent][INFO] - approx_kl: 0.0, update_epoch: 2, num_batch: 4
[2026-10-09 19:48:31,464][agent.finetune.train_ppo_diffusion_agent][INFO] - approx_kl: 0.0, update_epoch: 2, num_batch: 4
[2026-10-09 19:48:33,571][agent.finetune.train_ppo_diffusion_agent][INFO] - approx_kl: 0.0, update_epoch: 3, num_batch: 4
[2026-10-09 19:48:35,783][agent.finetune.train_ppo_diffusion_agent][INFO] - approx_kl: 0.0, update_epoch: 3, num_batch: 4
[2026-10-09 19:48:37,980][agent.finetune.train_ppo_diffusion_agent][INFO] - approx_kl: 0.0, update_epoch: 3, num_batch: 4
[2026-10-09 19:48:40,258][agent.finetune.train_ppo_diffusion_agent][INFO] - approx_kl: 0.0, update_epoch: 3, num_batch: 4
[2026-10-09 19:48:42,362][agent.finetune.train_ppo_diffusion_agent][INFO] - approx_kl: 0.0, update_epoch: 4, num_batch: 4
[2026-10-09 19:48:44,579][agent.finetune.train_ppo_diffusion_agent][INFO] - approx_kl: 0.0, update_epoch: 4, num_batch: 4
[2026-10-09 19:48:46,766][agent.finetune.train_ppo_diffusion_agent][INFO] - approx_kl: 0.0, update_epoch: 4, num_batch: 4
[2026-10-09 19:48:49,048][agent.finetune.train_ppo_diffusion_agent][INFO] - approx_kl: 0.0, update_epoch: 4, num_batch: 4
[2026-10-09 19:48:57,905][agent.finetune.train_agent][INFO] - Saved model to /soalnas/share/data/zbao7/diffusion_policy/results/stage2_noclip/runs/NC4_lr1e-3_seed1/native/checkpoint/state_139.pt
[2026-10-09 19:48:57,905][agent.finetune.train_ppo_diffusion_agent][INFO] - 139: step 10080000 | loss   0.0544 | pg loss   0.0000 | value loss   0.1088 | bc loss   0.0000 | reward 3684.0624 | eta   1.0000 | t: 66.0511 | kl_true_per_action=0.39318761404837443 | logratio_p99=0.9564541798830022 | clamp_hit_frac=0.0008354166666666667 | actor_step_ratio=1.0 | actor_step_clipfrac=0.0
