[2026-10-09 14:59:54,367][absl][INFO] - MUJOCO_GL is not set, so an OpenGL backend will be chosen automatically.
[2026-10-09 14:59:54,378][absl][INFO] - Successfully imported OpenGL backend: glfw
[2026-10-09 14:59:54,471][absl][INFO] - MuJoCo library version is: 3.2.3
[2026-10-09 14:59:56,722][root][INFO] - Loaded SL-trained policy from /soalnas/share/data/zbao7/diffusion_policy/results/repro_halfcheetah/dppo/log/gym-pretrain/halfcheetah-medium-v2_pre_diffusion_mlp_ta4_td20/2024-06-12_23-04-42/checkpoint/state_3000.pt
[2026-10-09 14:59:56,722][root][INFO] - Number of network parameters: 568392
[2026-10-09 14:59:56,814][root][INFO] - Cloned model for fine-tuning
[2026-10-09 14:59:56,815][root][INFO] - Turned off gradients of the pretrained network
[2026-10-09 14:59:56,815][root][INFO] - Number of finetuned parameters: 568392
[2026-10-09 14:59:56,831][agent.finetune.train_ppo_diffusion_agent][INFO] - stage2_flags clamp_logprob=False logprob_reduce=sum actor_single_step=False
[2026-10-09 15:00:09,321][agent.finetune.train_agent][INFO] - Saved model to /soalnas/share/data/zbao7/diffusion_policy/results/stage2_noclip/runs/NC3_seed1/native/checkpoint/state_0.pt
[2026-10-09 15:00:09,321][agent.finetune.train_ppo_diffusion_agent][INFO] - eval: success rate   1.0000 | avg episode reward 4344.9561 | avg best reward   6.4801
[2026-10-09 15:00:24,461][agent.finetune.train_ppo_diffusion_agent][INFO] - approx_kl: 0.0, update_epoch: 0, num_batch: 4
[2026-10-09 15:00:26,802][agent.finetune.train_ppo_diffusion_agent][INFO] - approx_kl: 0.0004879829357378185, update_epoch: 0, num_batch: 4
[2026-10-09 15:00:28,888][agent.finetune.train_ppo_diffusion_agent][INFO] - approx_kl: 0.0013601566897705197, update_epoch: 0, num_batch: 4
[2026-10-09 15:00:31,063][agent.finetune.train_ppo_diffusion_agent][INFO] - approx_kl: 0.002352798357605934, update_epoch: 0, num_batch: 4
[2026-10-09 15:00:33,332][agent.finetune.train_ppo_diffusion_agent][INFO] - approx_kl: 0.0032386446837335825, update_epoch: 1, num_batch: 4
[2026-10-09 15:00:35,415][agent.finetune.train_ppo_diffusion_agent][INFO] - approx_kl: 0.004560540430247784, update_epoch: 1, num_batch: 4
[2026-10-09 15:00:37,600][agent.finetune.train_ppo_diffusion_agent][INFO] - approx_kl: 0.006071119103580713, update_epoch: 1, num_batch: 4
[2026-10-09 15:00:39,778][agent.finetune.train_ppo_diffusion_agent][INFO] - approx_kl: 0.007916169241070747, update_epoch: 1, num_batch: 4
[2026-10-09 15:00:42,112][agent.finetune.train_ppo_diffusion_agent][INFO] - approx_kl: 0.010089689865708351, update_epoch: 2, num_batch: 4
[2026-10-09 15:00:44,191][agent.finetune.train_ppo_diffusion_agent][INFO] - approx_kl: 0.01247887872159481, update_epoch: 2, num_batch: 4
[2026-10-09 15:00:46,367][agent.finetune.train_ppo_diffusion_agent][INFO] - approx_kl: 0.015277781523764133, update_epoch: 2, num_batch: 4
[2026-10-09 15:00:48,540][agent.finetune.train_ppo_diffusion_agent][INFO] - approx_kl: 0.01859220862388611, update_epoch: 2, num_batch: 4
[2026-10-09 15:00:50,830][agent.finetune.train_ppo_diffusion_agent][INFO] - approx_kl: 0.021916644647717476, update_epoch: 3, num_batch: 4
[2026-10-09 15:00:52,907][agent.finetune.train_ppo_diffusion_agent][INFO] - approx_kl: 0.026243053376674652, update_epoch: 3, num_batch: 4
[2026-10-09 15:00:55,076][agent.finetune.train_ppo_diffusion_agent][INFO] - approx_kl: 0.030136752873659134, update_epoch: 3, num_batch: 4
[2026-10-09 15:00:57,243][agent.finetune.train_ppo_diffusion_agent][INFO] - approx_kl: 0.03543095290660858, update_epoch: 3, num_batch: 4
[2026-10-09 15:00:59,522][agent.finetune.train_ppo_diffusion_agent][INFO] - approx_kl: 0.04044828191399574, update_epoch: 4, num_batch: 4
[2026-10-09 15:01:01,657][agent.finetune.train_ppo_diffusion_agent][INFO] - approx_kl: 0.046818677335977554, update_epoch: 4, num_batch: 4
[2026-10-09 15:01:03,824][agent.finetune.train_ppo_diffusion_agent][INFO] - approx_kl: 0.05491410568356514, update_epoch: 4, num_batch: 4
[2026-10-09 15:01:06,004][agent.finetune.train_ppo_diffusion_agent][INFO] - approx_kl: 0.06175607815384865, update_epoch: 4, num_batch: 4
[2026-10-09 15:01:06,035][agent.finetune.train_ppo_diffusion_agent][INFO] - 1: step    80000 | loss  -0.0190 | pg loss  -0.0249 | value loss   0.0118 | bc loss   0.0000 | reward 3943.1137 | eta   1.0000 | t: 56.7133 | kl_true_per_action=0.7088067575859541 | logratio_p99=1.2904171288013455 | clamp_hit_frac=0.0007708333333333333
[2026-10-09 15:01:20,924][agent.finetune.train_ppo_diffusion_agent][INFO] - approx_kl: 0.0, update_epoch: 0, num_batch: 4
[2026-10-09 15:01:23,029][agent.finetune.train_ppo_diffusion_agent][INFO] - approx_kl: 0.00029766108491458, update_epoch: 0, num_batch: 4
[2026-10-09 15:01:25,208][agent.finetune.train_ppo_diffusion_agent][INFO] - approx_kl: 0.0010850551771000028, update_epoch: 0, num_batch: 4
[2026-10-09 15:01:27,405][agent.finetune.train_ppo_diffusion_agent][INFO] - approx_kl: 0.0023471044842153788, update_epoch: 0, num_batch: 4
[2026-10-09 15:01:29,727][agent.finetune.train_ppo_diffusion_agent][INFO] - approx_kl: 0.0038502647075802088, update_epoch: 1, num_batch: 4
[2026-10-09 15:01:31,832][agent.finetune.train_ppo_diffusion_agent][INFO] - approx_kl: 0.005823798011988401, update_epoch: 1, num_batch: 4
[2026-10-09 15:01:34,018][agent.finetune.train_ppo_diffusion_agent][INFO] - approx_kl: 0.007753787096589804, update_epoch: 1, num_batch: 4
[2026-10-09 15:01:36,209][agent.finetune.train_ppo_diffusion_agent][INFO] - approx_kl: 0.010601095855236053, update_epoch: 1, num_batch: 4
[2026-10-09 15:01:38,569][agent.finetune.train_ppo_diffusion_agent][INFO] - approx_kl: 0.013073774054646492, update_epoch: 2, num_batch: 4
[2026-10-09 15:01:40,667][agent.finetune.train_ppo_diffusion_agent][INFO] - approx_kl: 0.016352951526641846, update_epoch: 2, num_batch: 4
[2026-10-09 15:01:42,875][agent.finetune.train_ppo_diffusion_agent][INFO] - approx_kl: 0.01935793086886406, update_epoch: 2, num_batch: 4
[2026-10-09 15:01:45,071][agent.finetune.train_ppo_diffusion_agent][INFO] - approx_kl: 0.021968232467770576, update_epoch: 2, num_batch: 4
[2026-10-09 15:01:47,409][agent.finetune.train_ppo_diffusion_agent][INFO] - approx_kl: 0.026178255677223206, update_epoch: 3, num_batch: 4
[2026-10-09 15:01:49,520][agent.finetune.train_ppo_diffusion_agent][INFO] - approx_kl: 0.031119799241423607, update_epoch: 3, num_batch: 4
[2026-10-09 15:01:51,716][agent.finetune.train_ppo_diffusion_agent][INFO] - approx_kl: 0.03634946793317795, update_epoch: 3, num_batch: 4
[2026-10-09 15:01:53,910][agent.finetune.train_ppo_diffusion_agent][INFO] - approx_kl: 0.04188680648803711, update_epoch: 3, num_batch: 4
[2026-10-09 15:01:56,215][agent.finetune.train_ppo_diffusion_agent][INFO] - approx_kl: 0.047108110040426254, update_epoch: 4, num_batch: 4
[2026-10-09 15:01:58,331][agent.finetune.train_ppo_diffusion_agent][INFO] - approx_kl: 0.05556993931531906, update_epoch: 4, num_batch: 4
[2026-10-09 15:02:00,530][agent.finetune.train_ppo_diffusion_agent][INFO] - approx_kl: 0.06476370245218277, update_epoch: 4, num_batch: 4
[2026-10-09 15:02:02,723][agent.finetune.train_ppo_diffusion_agent][INFO] - approx_kl: 0.07256367057561874, update_epoch: 4, num_batch: 4
[2026-10-09 15:02:02,742][agent.finetune.train_ppo_diffusion_agent][INFO] - 2: step   160000 | loss  -0.0061 | pg loss  -0.0192 | value loss   0.0263 | bc loss   0.0000 | reward 3749.9313 | eta   1.0000 | t: 56.7071 | kl_true_per_action=0.7953783345056593 | logratio_p99=1.5227227747440333 | clamp_hit_frac=0.0007708333333333333
[2026-10-09 15:02:17,520][agent.finetune.train_ppo_diffusion_agent][INFO] - approx_kl: 0.0, update_epoch: 0, num_batch: 4
[2026-10-09 15:02:19,600][agent.finetune.train_ppo_diffusion_agent][INFO] - approx_kl: 0.0004139332741033286, update_epoch: 0, num_batch: 4
[2026-10-09 15:02:21,773][agent.finetune.train_ppo_diffusion_agent][INFO] - approx_kl: 0.0014976229285821319, update_epoch: 0, num_batch: 4
[2026-10-09 15:02:24,052][agent.finetune.train_ppo_diffusion_agent][INFO] - approx_kl: 0.0031940245535224676, update_epoch: 0, num_batch: 4
[2026-10-09 15:02:26,157][agent.finetune.train_ppo_diffusion_agent][INFO] - approx_kl: 0.005237723235040903, update_epoch: 1, num_batch: 4
[2026-10-09 15:02:28,338][agent.finetune.train_ppo_diffusion_agent][INFO] - approx_kl: 0.007702357601374388, update_epoch: 1, num_batch: 4
[2026-10-09 15:02:30,518][agent.finetune.train_ppo_diffusion_agent][INFO] - approx_kl: 0.010866735130548477, update_epoch: 1, num_batch: 4
[2026-10-09 15:02:32,805][agent.finetune.train_ppo_diffusion_agent][INFO] - approx_kl: 0.014860180206596851, update_epoch: 1, num_batch: 4
[2026-10-09 15:02:34,911][agent.finetune.train_ppo_diffusion_agent][INFO] - approx_kl: 0.01835622452199459, update_epoch: 2, num_batch: 4
[2026-10-09 15:02:37,091][agent.finetune.train_ppo_diffusion_agent][INFO] - approx_kl: 0.02303505316376686, update_epoch: 2, num_batch: 4
[2026-10-09 15:02:39,269][agent.finetune.train_ppo_diffusion_agent][INFO] - approx_kl: 0.027975546196103096, update_epoch: 2, num_batch: 4
[2026-10-09 15:02:41,552][agent.finetune.train_ppo_diffusion_agent][INFO] - approx_kl: 0.03277241066098213, update_epoch: 2, num_batch: 4
[2026-10-09 15:02:43,672][agent.finetune.train_ppo_diffusion_agent][INFO] - approx_kl: 0.03949683904647827, update_epoch: 3, num_batch: 4
[2026-10-09 15:02:45,851][agent.finetune.train_ppo_diffusion_agent][INFO] - approx_kl: 0.046935565769672394, update_epoch: 3, num_batch: 4
[2026-10-09 15:02:48,019][agent.finetune.train_ppo_diffusion_agent][INFO] - approx_kl: 0.055583398789167404, update_epoch: 3, num_batch: 4
[2026-10-09 15:02:50,304][agent.finetune.train_ppo_diffusion_agent][INFO] - approx_kl: 0.06628208607435226, update_epoch: 3, num_batch: 4
[2026-10-09 15:02:52,400][agent.finetune.train_ppo_diffusion_agent][INFO] - approx_kl: 0.07697542756795883, update_epoch: 4, num_batch: 4
[2026-10-09 15:02:54,588][agent.finetune.train_ppo_diffusion_agent][INFO] - approx_kl: 0.08670399338006973, update_epoch: 4, num_batch: 4
[2026-10-09 15:02:56,773][agent.finetune.train_ppo_diffusion_agent][INFO] - approx_kl: 0.10135821998119354, update_epoch: 4, num_batch: 4
[2026-10-09 15:02:59,054][agent.finetune.train_ppo_diffusion_agent][INFO] - approx_kl: 0.11481275409460068, update_epoch: 4, num_batch: 4
[2026-10-09 15:02:59,076][agent.finetune.train_ppo_diffusion_agent][INFO] - 3: step   240000 | loss   0.0023 | pg loss  -0.0190 | value loss   0.0427 | bc loss   0.0000 | reward 3912.5792 | eta   1.0000 | t: 56.3340 | kl_true_per_action=1.349445747800258 | logratio_p99=1.9380261933803538 | clamp_hit_frac=0.000825
[2026-10-09 15:03:13,646][agent.finetune.train_ppo_diffusion_agent][INFO] - approx_kl: 0.0, update_epoch: 0, num_batch: 4
[2026-10-09 15:03:15,839][agent.finetune.train_ppo_diffusion_agent][INFO] - approx_kl: 0.000522423186339438, update_epoch: 0, num_batch: 4
[2026-10-09 15:03:18,012][agent.finetune.train_ppo_diffusion_agent][INFO] - approx_kl: 0.0018328233854845166, update_epoch: 0, num_batch: 4
[2026-10-09 15:03:20,296][agent.finetune.train_ppo_diffusion_agent][INFO] - approx_kl: 0.003801301820203662, update_epoch: 0, num_batch: 4
[2026-10-09 15:03:22,400][agent.finetune.train_ppo_diffusion_agent][INFO] - approx_kl: 0.006482096388936043, update_epoch: 1, num_batch: 4
[2026-10-09 15:03:24,589][agent.finetune.train_ppo_diffusion_agent][INFO] - approx_kl: 0.0096074054017663, update_epoch: 1, num_batch: 4
[2026-10-09 15:03:26,774][agent.finetune.train_ppo_diffusion_agent][INFO] - approx_kl: 0.01311158575117588, update_epoch: 1, num_batch: 4
[2026-10-09 15:03:29,063][agent.finetune.train_ppo_diffusion_agent][INFO] - approx_kl: 0.017133908346295357, update_epoch: 1, num_batch: 4
[2026-10-09 15:03:31,164][agent.finetune.train_ppo_diffusion_agent][INFO] - approx_kl: 0.021136458963155746, update_epoch: 2, num_batch: 4
[2026-10-09 15:03:33,388][agent.finetune.train_ppo_diffusion_agent][INFO] - approx_kl: 0.0255568940192461, update_epoch: 2, num_batch: 4
[2026-10-09 15:03:35,578][agent.finetune.train_ppo_diffusion_agent][INFO] - approx_kl: 0.029859192669391632, update_epoch: 2, num_batch: 4
[2026-10-09 15:03:37,873][agent.finetune.train_ppo_diffusion_agent][INFO] - approx_kl: 0.03558041527867317, update_epoch: 2, num_batch: 4
[2026-10-09 15:03:39,971][agent.finetune.train_ppo_diffusion_agent][INFO] - approx_kl: 0.04145314171910286, update_epoch: 3, num_batch: 4
[2026-10-09 15:03:42,162][agent.finetune.train_ppo_diffusion_agent][INFO] - approx_kl: 0.04890698567032814, update_epoch: 3, num_batch: 4
[2026-10-09 15:03:44,355][agent.finetune.train_ppo_diffusion_agent][INFO] - approx_kl: 0.056310053914785385, update_epoch: 3, num_batch: 4
[2026-10-09 15:03:46,664][agent.finetune.train_ppo_diffusion_agent][INFO] - approx_kl: 0.06532835960388184, update_epoch: 3, num_batch: 4
[2026-10-09 15:03:48,766][agent.finetune.train_ppo_diffusion_agent][INFO] - approx_kl: 0.07356790453195572, update_epoch: 4, num_batch: 4
[2026-10-09 15:03:50,945][agent.finetune.train_ppo_diffusion_agent][INFO] - approx_kl: 0.08154670894145966, update_epoch: 4, num_batch: 4
[2026-10-09 15:03:53,142][agent.finetune.train_ppo_diffusion_agent][INFO] - approx_kl: 0.09160663932561874, update_epoch: 4, num_batch: 4
[2026-10-09 15:03:55,454][agent.finetune.train_ppo_diffusion_agent][INFO] - approx_kl: 0.10566044598817825, update_epoch: 4, num_batch: 4
[2026-10-09 15:03:55,473][agent.finetune.train_ppo_diffusion_agent][INFO] - 4: step   320000 | loss   0.0139 | pg loss  -0.0147 | value loss   0.0573 | bc loss   0.0000 | reward 3903.3398 | eta   1.0000 | t: 56.3971 | kl_true_per_action=1.1555356492615392 | logratio_p99=1.6717475306987706 | clamp_hit_frac=0.0007520833333333333
[2026-10-09 15:04:10,098][agent.finetune.train_ppo_diffusion_agent][INFO] - approx_kl: 0.0, update_epoch: 0, num_batch: 4
[2026-10-09 15:04:12,286][agent.finetune.train_ppo_diffusion_agent][INFO] - approx_kl: 0.00033928107586689293, update_epoch: 0, num_batch: 4
[2026-10-09 15:04:14,479][agent.finetune.train_ppo_diffusion_agent][INFO] - approx_kl: 0.0012942386092618108, update_epoch: 0, num_batch: 4
[2026-10-09 15:04:16,771][agent.finetune.train_ppo_diffusion_agent][INFO] - approx_kl: 0.002917937934398651, update_epoch: 0, num_batch: 4
[2026-10-09 15:04:18,873][agent.finetune.train_ppo_diffusion_agent][INFO] - approx_kl: 0.0050427792593836784, update_epoch: 1, num_batch: 4
[2026-10-09 15:04:21,057][agent.finetune.train_ppo_diffusion_agent][INFO] - approx_kl: 0.00823633000254631, update_epoch: 1, num_batch: 4
[2026-10-09 15:04:23,253][agent.finetune.train_ppo_diffusion_agent][INFO] - approx_kl: 0.012039249762892723, update_epoch: 1, num_batch: 4
[2026-10-09 15:04:25,594][agent.finetune.train_ppo_diffusion_agent][INFO] - approx_kl: 0.016170011833310127, update_epoch: 1, num_batch: 4
[2026-10-09 15:04:27,691][agent.finetune.train_ppo_diffusion_agent][INFO] - approx_kl: 0.020793911069631577, update_epoch: 2, num_batch: 4
[2026-10-09 15:04:29,874][agent.finetune.train_ppo_diffusion_agent][INFO] - approx_kl: 0.02607295848429203, update_epoch: 2, num_batch: 4
[2026-10-09 15:04:32,058][agent.finetune.train_ppo_diffusion_agent][INFO] - approx_kl: 0.03177402541041374, update_epoch: 2, num_batch: 4
[2026-10-09 15:04:34,393][agent.finetune.train_ppo_diffusion_agent][INFO] - approx_kl: 0.038560040295124054, update_epoch: 2, num_batch: 4
[2026-10-09 15:04:36,491][agent.finetune.train_ppo_diffusion_agent][INFO] - approx_kl: 0.04629969596862793, update_epoch: 3, num_batch: 4
[2026-10-09 15:04:38,685][agent.finetune.train_ppo_diffusion_agent][INFO] - approx_kl: 0.05518846586346626, update_epoch: 3, num_batch: 4
[2026-10-09 15:04:40,877][agent.finetune.train_ppo_diffusion_agent][INFO] - approx_kl: 0.06306026130914688, update_epoch: 3, num_batch: 4
[2026-10-09 15:04:43,171][agent.finetune.train_ppo_diffusion_agent][INFO] - approx_kl: 0.07584815472364426, update_epoch: 3, num_batch: 4
[2026-10-09 15:04:45,281][agent.finetune.train_ppo_diffusion_agent][INFO] - approx_kl: 0.08559221774339676, update_epoch: 4, num_batch: 4
[2026-10-09 15:04:47,486][agent.finetune.train_ppo_diffusion_agent][INFO] - approx_kl: 0.09780912101268768, update_epoch: 4, num_batch: 4
[2026-10-09 15:04:49,671][agent.finetune.train_ppo_diffusion_agent][INFO] - approx_kl: 0.11051937192678452, update_epoch: 4, num_batch: 4
[2026-10-09 15:04:51,970][agent.finetune.train_ppo_diffusion_agent][INFO] - approx_kl: 0.1284160315990448, update_epoch: 4, num_batch: 4
[2026-10-09 15:04:51,990][agent.finetune.train_ppo_diffusion_agent][INFO] - 5: step   400000 | loss   0.0142 | pg loss  -0.0196 | value loss   0.0677 | bc loss   0.0000 | reward 3878.8878 | eta   1.0000 | t: 56.5168 | kl_true_per_action=1.439812121974069 | logratio_p99=1.9132730555534356 | clamp_hit_frac=0.0007833333333333334
[2026-10-09 15:05:06,590][agent.finetune.train_ppo_diffusion_agent][INFO] - approx_kl: 0.0, update_epoch: 0, num_batch: 4
[2026-10-09 15:05:08,760][agent.finetune.train_ppo_diffusion_agent][INFO] - approx_kl: 0.0003786317247431725, update_epoch: 0, num_batch: 4
[2026-10-09 15:05:10,940][agent.finetune.train_ppo_diffusion_agent][INFO] - approx_kl: 0.0014540926786139607, update_epoch: 0, num_batch: 4
[2026-10-09 15:05:13,200][agent.finetune.train_ppo_diffusion_agent][INFO] - approx_kl: 0.0029249514918774366, update_epoch: 0, num_batch: 4
[2026-10-09 15:05:15,312][agent.finetune.train_ppo_diffusion_agent][INFO] - approx_kl: 0.004850087687373161, update_epoch: 1, num_batch: 4
[2026-10-09 15:05:17,479][agent.finetune.train_ppo_diffusion_agent][INFO] - approx_kl: 0.007040564902126789, update_epoch: 1, num_batch: 4
[2026-10-09 15:05:19,647][agent.finetune.train_ppo_diffusion_agent][INFO] - approx_kl: 0.009839667938649654, update_epoch: 1, num_batch: 4
[2026-10-09 15:05:21,918][agent.finetune.train_ppo_diffusion_agent][INFO] - approx_kl: 0.013564652763307095, update_epoch: 1, num_batch: 4
[2026-10-09 15:05:24,000][agent.finetune.train_ppo_diffusion_agent][INFO] - approx_kl: 0.01785006746649742, update_epoch: 2, num_batch: 4
[2026-10-09 15:05:26,167][agent.finetune.train_ppo_diffusion_agent][INFO] - approx_kl: 0.02296096459031105, update_epoch: 2, num_batch: 4
[2026-10-09 15:05:28,328][agent.finetune.train_ppo_diffusion_agent][INFO] - approx_kl: 0.02941690757870674, update_epoch: 2, num_batch: 4
[2026-10-09 15:05:30,617][agent.finetune.train_ppo_diffusion_agent][INFO] - approx_kl: 0.03722945600748062, update_epoch: 2, num_batch: 4
[2026-10-09 15:05:32,704][agent.finetune.train_ppo_diffusion_agent][INFO] - approx_kl: 0.046027980744838715, update_epoch: 3, num_batch: 4
[2026-10-09 15:05:34,891][agent.finetune.train_ppo_diffusion_agent][INFO] - approx_kl: 0.05760829895734787, update_epoch: 3, num_batch: 4
[2026-10-09 15:05:37,100][agent.finetune.train_ppo_diffusion_agent][INFO] - approx_kl: 0.07077395170927048, update_epoch: 3, num_batch: 4
[2026-10-09 15:05:39,375][agent.finetune.train_ppo_diffusion_agent][INFO] - approx_kl: 0.08566847443580627, update_epoch: 3, num_batch: 4
[2026-10-09 15:05:41,483][agent.finetune.train_ppo_diffusion_agent][INFO] - approx_kl: 0.10378501564264297, update_epoch: 4, num_batch: 4
[2026-10-09 15:05:43,665][agent.finetune.train_ppo_diffusion_agent][INFO] - approx_kl: 0.1252492219209671, update_epoch: 4, num_batch: 4
[2026-10-09 15:05:45,831][agent.finetune.train_ppo_diffusion_agent][INFO] - approx_kl: 0.1471177339553833, update_epoch: 4, num_batch: 4
[2026-10-09 15:05:48,112][agent.finetune.train_ppo_diffusion_agent][INFO] - approx_kl: 0.17179889976978302, update_epoch: 4, num_batch: 4
[2026-10-09 15:05:48,134][agent.finetune.train_ppo_diffusion_agent][INFO] - 6: step   480000 | loss   0.0165 | pg loss  -0.0203 | value loss   0.0737 | bc loss   0.0000 | reward 3605.1858 | eta   1.0000 | t: 56.1439 | kl_true_per_action=2.022152427773949 | logratio_p99=2.2092545199394213 | clamp_hit_frac=0.0008145833333333333
[2026-10-09 15:06:02,822][agent.finetune.train_ppo_diffusion_agent][INFO] - approx_kl: 0.0, update_epoch: 0, num_batch: 4
[2026-10-09 15:06:04,994][agent.finetune.train_ppo_diffusion_agent][INFO] - approx_kl: 0.000997458933852613, update_epoch: 0, num_batch: 4
[2026-10-09 15:06:07,322][agent.finetune.train_ppo_diffusion_agent][INFO] - approx_kl: 0.0036506953183561563, update_epoch: 0, num_batch: 4
[2026-10-09 15:06:09,409][agent.finetune.train_ppo_diffusion_agent][INFO] - approx_kl: 0.007180217187851667, update_epoch: 0, num_batch: 4
[2026-10-09 15:06:11,588][agent.finetune.train_ppo_diffusion_agent][INFO] - approx_kl: 0.01178068295121193, update_epoch: 1, num_batch: 4
[2026-10-09 15:06:13,722][agent.finetune.train_ppo_diffusion_agent][INFO] - approx_kl: 0.01669507659971714, update_epoch: 1, num_batch: 4
[2026-10-09 15:06:16,011][agent.finetune.train_ppo_diffusion_agent][INFO] - approx_kl: 0.02397487312555313, update_epoch: 1, num_batch: 4
[2026-10-09 15:06:18,121][agent.finetune.train_ppo_diffusion_agent][INFO] - approx_kl: 0.0309753455221653, update_epoch: 1, num_batch: 4
[2026-10-09 15:06:20,380][agent.finetune.train_ppo_diffusion_agent][INFO] - approx_kl: 0.03948812559247017, update_epoch: 2, num_batch: 4
[2026-10-09 15:06:22,560][agent.finetune.train_ppo_diffusion_agent][INFO] - approx_kl: 0.04924168810248375, update_epoch: 2, num_batch: 4
[2026-10-09 15:06:24,840][agent.finetune.train_ppo_diffusion_agent][INFO] - approx_kl: 0.061137277632951736, update_epoch: 2, num_batch: 4
[2026-10-09 15:06:26,932][agent.finetune.train_ppo_diffusion_agent][INFO] - approx_kl: 0.0722782239317894, update_epoch: 2, num_batch: 4
[2026-10-09 15:06:29,175][agent.finetune.train_ppo_diffusion_agent][INFO] - approx_kl: 0.08632778376340866, update_epoch: 3, num_batch: 4
[2026-10-09 15:06:31,354][agent.finetune.train_ppo_diffusion_agent][INFO] - approx_kl: 0.09917905926704407, update_epoch: 3, num_batch: 4
[2026-10-09 15:06:33,635][agent.finetune.train_ppo_diffusion_agent][INFO] - approx_kl: 0.11697538942098618, update_epoch: 3, num_batch: 4
[2026-10-09 15:06:35,723][agent.finetune.train_ppo_diffusion_agent][INFO] - approx_kl: 0.13322634994983673, update_epoch: 3, num_batch: 4
[2026-10-09 15:06:37,921][agent.finetune.train_ppo_diffusion_agent][INFO] - approx_kl: 0.15329314768314362, update_epoch: 4, num_batch: 4
[2026-10-09 15:06:40,088][agent.finetune.train_ppo_diffusion_agent][INFO] - approx_kl: 0.17543430626392365, update_epoch: 4, num_batch: 4
[2026-10-09 15:06:42,357][agent.finetune.train_ppo_diffusion_agent][INFO] - approx_kl: 0.20058245956897736, update_epoch: 4, num_batch: 4
[2026-10-09 15:06:44,444][agent.finetune.train_ppo_diffusion_agent][INFO] - approx_kl: 0.22875885665416718, update_epoch: 4, num_batch: 4
[2026-10-09 15:06:44,467][agent.finetune.train_ppo_diffusion_agent][INFO] - 7: step   560000 | loss   0.0138 | pg loss  -0.0242 | value loss   0.0759 | bc loss   0.0000 | reward 3618.5385 | eta   1.0000 | t: 56.3332 | kl_true_per_action=2.5175923746172164 | logratio_p99=2.6677861523628095 | clamp_hit_frac=0.0007625
[2026-10-09 15:06:59,290][agent.finetune.train_ppo_diffusion_agent][INFO] - approx_kl: 0.0, update_epoch: 0, num_batch: 4
[2026-10-09 15:07:01,463][agent.finetune.train_ppo_diffusion_agent][INFO] - approx_kl: 0.0009046495542861521, update_epoch: 0, num_batch: 4
[2026-10-09 15:07:03,740][agent.finetune.train_ppo_diffusion_agent][INFO] - approx_kl: 0.0033147200010716915, update_epoch: 0, num_batch: 4
[2026-10-09 15:07:05,828][agent.finetune.train_ppo_diffusion_agent][INFO] - approx_kl: 0.0067855967208743095, update_epoch: 0, num_batch: 4
[2026-10-09 15:07:08,022][agent.finetune.train_ppo_diffusion_agent][INFO] - approx_kl: 0.01084707211703062, update_epoch: 1, num_batch: 4
[2026-10-09 15:07:10,196][agent.finetune.train_ppo_diffusion_agent][INFO] - approx_kl: 0.016133245080709457, update_epoch: 1, num_batch: 4
[2026-10-09 15:07:12,478][agent.finetune.train_ppo_diffusion_agent][INFO] - approx_kl: 0.021248245611786842, update_epoch: 1, num_batch: 4
[2026-10-09 15:07:14,568][agent.finetune.train_ppo_diffusion_agent][INFO] - approx_kl: 0.027323152869939804, update_epoch: 1, num_batch: 4
[2026-10-09 15:07:16,740][agent.finetune.train_ppo_diffusion_agent][INFO] - approx_kl: 0.034045033156871796, update_epoch: 2, num_batch: 4
[2026-10-09 15:07:18,931][agent.finetune.train_ppo_diffusion_agent][INFO] - approx_kl: 0.04094015434384346, update_epoch: 2, num_batch: 4
[2026-10-09 15:07:21,228][agent.finetune.train_ppo_diffusion_agent][INFO] - approx_kl: 0.04870400205254555, update_epoch: 2, num_batch: 4
[2026-10-09 15:07:23,317][agent.finetune.train_ppo_diffusion_agent][INFO] - approx_kl: 0.05660940706729889, update_epoch: 2, num_batch: 4
[2026-10-09 15:07:25,492][agent.finetune.train_ppo_diffusion_agent][INFO] - approx_kl: 0.06489790230989456, update_epoch: 3, num_batch: 4
[2026-10-09 15:07:27,666][agent.finetune.train_ppo_diffusion_agent][INFO] - approx_kl: 0.07509959489107132, update_epoch: 3, num_batch: 4
[2026-10-09 15:07:29,947][agent.finetune.train_ppo_diffusion_agent][INFO] - approx_kl: 0.08712216466665268, update_epoch: 3, num_batch: 4
[2026-10-09 15:07:32,035][agent.finetune.train_ppo_diffusion_agent][INFO] - approx_kl: 0.09869878739118576, update_epoch: 3, num_batch: 4
[2026-10-09 15:07:34,227][agent.finetune.train_ppo_diffusion_agent][INFO] - approx_kl: 0.11375652253627777, update_epoch: 4, num_batch: 4
[2026-10-09 15:07:36,408][agent.finetune.train_ppo_diffusion_agent][INFO] - approx_kl: 0.1290173977613449, update_epoch: 4, num_batch: 4
[2026-10-09 15:07:38,704][agent.finetune.train_ppo_diffusion_agent][INFO] - approx_kl: 0.14645102620124817, update_epoch: 4, num_batch: 4
[2026-10-09 15:07:40,792][agent.finetune.train_ppo_diffusion_agent][INFO] - approx_kl: 0.163209468126297, update_epoch: 4, num_batch: 4
[2026-10-09 15:07:40,811][agent.finetune.train_ppo_diffusion_agent][INFO] - 8: step   640000 | loss   0.0196 | pg loss  -0.0196 | value loss   0.0785 | bc loss   0.0000 | reward 3870.1539 | eta   1.0000 | t: 56.3439 | kl_true_per_action=1.8366773775546372 | logratio_p99=2.225067452192305 | clamp_hit_frac=0.0008291666666666666
[2026-10-09 15:07:55,584][agent.finetune.train_ppo_diffusion_agent][INFO] - approx_kl: 0.0, update_epoch: 0, num_batch: 4
[2026-10-09 15:07:57,774][agent.finetune.train_ppo_diffusion_agent][INFO] - approx_kl: 0.000625321117695421, update_epoch: 0, num_batch: 4
[2026-10-09 15:08:00,068][agent.finetune.train_ppo_diffusion_agent][INFO] - approx_kl: 0.0023836151231080294, update_epoch: 0, num_batch: 4
[2026-10-09 15:08:02,168][agent.finetune.train_ppo_diffusion_agent][INFO] - approx_kl: 0.0045035043731331825, update_epoch: 0, num_batch: 4
[2026-10-09 15:08:04,356][agent.finetune.train_ppo_diffusion_agent][INFO] - approx_kl: 0.006992736831307411, update_epoch: 1, num_batch: 4
[2026-10-09 15:08:06,666][agent.finetune.train_ppo_diffusion_agent][INFO] - approx_kl: 0.010464612394571304, update_epoch: 1, num_batch: 4
[2026-10-09 15:08:08,774][agent.finetune.train_ppo_diffusion_agent][INFO] - approx_kl: 0.014578568749129772, update_epoch: 1, num_batch: 4
[2026-10-09 15:08:10,985][agent.finetune.train_ppo_diffusion_agent][INFO] - approx_kl: 0.01874176599085331, update_epoch: 1, num_batch: 4
[2026-10-09 15:08:13,176][agent.finetune.train_ppo_diffusion_agent][INFO] - approx_kl: 0.024265462532639503, update_epoch: 2, num_batch: 4
[2026-10-09 15:08:15,469][agent.finetune.train_ppo_diffusion_agent][INFO] - approx_kl: 0.030597103759646416, update_epoch: 2, num_batch: 4
[2026-10-09 15:08:17,570][agent.finetune.train_ppo_diffusion_agent][INFO] - approx_kl: 0.03912544250488281, update_epoch: 2, num_batch: 4
[2026-10-09 15:08:19,765][agent.finetune.train_ppo_diffusion_agent][INFO] - approx_kl: 0.048238836228847504, update_epoch: 2, num_batch: 4
[2026-10-09 15:08:21,964][agent.finetune.train_ppo_diffusion_agent][INFO] - approx_kl: 0.06012644246220589, update_epoch: 3, num_batch: 4
[2026-10-09 15:08:24,256][agent.finetune.train_ppo_diffusion_agent][INFO] - approx_kl: 0.07059759646654129, update_epoch: 3, num_batch: 4
[2026-10-09 15:08:26,356][agent.finetune.train_ppo_diffusion_agent][INFO] - approx_kl: 0.08455151319503784, update_epoch: 3, num_batch: 4
[2026-10-09 15:08:28,552][agent.finetune.train_ppo_diffusion_agent][INFO] - approx_kl: 0.10040595382452011, update_epoch: 3, num_batch: 4
[2026-10-09 15:08:30,743][agent.finetune.train_ppo_diffusion_agent][INFO] - approx_kl: 0.1204891949892044, update_epoch: 4, num_batch: 4
[2026-10-09 15:08:33,042][agent.finetune.train_ppo_diffusion_agent][INFO] - approx_kl: 0.14021675288677216, update_epoch: 4, num_batch: 4
[2026-10-09 15:08:35,142][agent.finetune.train_ppo_diffusion_agent][INFO] - approx_kl: 0.16737595200538635, update_epoch: 4, num_batch: 4
[2026-10-09 15:08:37,336][agent.finetune.train_ppo_diffusion_agent][INFO] - approx_kl: 0.19028577208518982, update_epoch: 4, num_batch: 4
[2026-10-09 15:08:37,360][agent.finetune.train_ppo_diffusion_agent][INFO] - 9: step   720000 | loss   0.0208 | pg loss  -0.0194 | value loss   0.0803 | bc loss   0.0000 | reward 3626.8014 | eta   1.0000 | t: 56.5491 | kl_true_per_action=2.206219690641582 | logratio_p99=2.4469846642017363 | clamp_hit_frac=0.0007833333333333334
[2026-10-09 15:08:49,857][agent.finetune.train_ppo_diffusion_agent][INFO] - eval: success rate   1.0000 | avg episode reward 4042.3901 | avg best reward   6.0786
[2026-10-09 15:09:04,583][agent.finetune.train_ppo_diffusion_agent][INFO] - approx_kl: 0.0, update_epoch: 0, num_batch: 4
[2026-10-09 15:09:06,888][agent.finetune.train_ppo_diffusion_agent][INFO] - approx_kl: 0.0009462235611863434, update_epoch: 0, num_batch: 4
[2026-10-09 15:09:08,983][agent.finetune.train_ppo_diffusion_agent][INFO] - approx_kl: 0.003598599461838603, update_epoch: 0, num_batch: 4
[2026-10-09 15:09:11,176][agent.finetune.train_ppo_diffusion_agent][INFO] - approx_kl: 0.007515832781791687, update_epoch: 0, num_batch: 4
[2026-10-09 15:09:13,367][agent.finetune.train_ppo_diffusion_agent][INFO] - approx_kl: 0.0125185027718544, update_epoch: 1, num_batch: 4
[2026-10-09 15:09:15,651][agent.finetune.train_ppo_diffusion_agent][INFO] - approx_kl: 0.018254965543746948, update_epoch: 1, num_batch: 4
[2026-10-09 15:09:17,745][agent.finetune.train_ppo_diffusion_agent][INFO] - approx_kl: 0.024699101224541664, update_epoch: 1, num_batch: 4
[2026-10-09 15:09:19,923][agent.finetune.train_ppo_diffusion_agent][INFO] - approx_kl: 0.03171685338020325, update_epoch: 1, num_batch: 4
[2026-10-09 15:09:22,100][agent.finetune.train_ppo_diffusion_agent][INFO] - approx_kl: 0.03898470848798752, update_epoch: 2, num_batch: 4
[2026-10-09 15:09:24,381][agent.finetune.train_ppo_diffusion_agent][INFO] - approx_kl: 0.047190625220537186, update_epoch: 2, num_batch: 4
[2026-10-09 15:09:26,475][agent.finetune.train_ppo_diffusion_agent][INFO] - approx_kl: 0.05581696331501007, update_epoch: 2, num_batch: 4
[2026-10-09 15:09:28,662][agent.finetune.train_ppo_diffusion_agent][INFO] - approx_kl: 0.06543495506048203, update_epoch: 2, num_batch: 4
[2026-10-09 15:09:30,870][agent.finetune.train_ppo_diffusion_agent][INFO] - approx_kl: 0.07491832971572876, update_epoch: 3, num_batch: 4
[2026-10-09 15:09:33,153][agent.finetune.train_ppo_diffusion_agent][INFO] - approx_kl: 0.08397315442562103, update_epoch: 3, num_batch: 4
[2026-10-09 15:09:35,242][agent.finetune.train_ppo_diffusion_agent][INFO] - approx_kl: 0.09605478495359421, update_epoch: 3, num_batch: 4
[2026-10-09 15:09:37,423][agent.finetune.train_ppo_diffusion_agent][INFO] - approx_kl: 0.10890571773052216, update_epoch: 3, num_batch: 4
[2026-10-09 15:09:39,597][agent.finetune.train_ppo_diffusion_agent][INFO] - approx_kl: 0.12368950992822647, update_epoch: 4, num_batch: 4
[2026-10-09 15:09:41,883][agent.finetune.train_ppo_diffusion_agent][INFO] - approx_kl: 0.13545772433280945, update_epoch: 4, num_batch: 4
[2026-10-09 15:09:43,970][agent.finetune.train_ppo_diffusion_agent][INFO] - approx_kl: 0.15421698987483978, update_epoch: 4, num_batch: 4
[2026-10-09 15:09:46,155][agent.finetune.train_ppo_diffusion_agent][INFO] - approx_kl: 0.17283661663532257, update_epoch: 4, num_batch: 4
[2026-10-09 15:09:46,176][agent.finetune.train_ppo_diffusion_agent][INFO] - 11: step   800000 | loss   0.0308 | pg loss  -0.0132 | value loss   0.0879 | bc loss   0.0000 | reward 3699.0968 | eta   1.0000 | t: 56.3193 | kl_true_per_action=1.9139686311078232 | logratio_p99=2.2855160665512018 | clamp_hit_frac=0.0008645833333333333
[2026-10-09 15:10:00,892][agent.finetune.train_ppo_diffusion_agent][INFO] - approx_kl: 0.0, update_epoch: 0, num_batch: 4
[2026-10-09 15:10:03,200][agent.finetune.train_ppo_diffusion_agent][INFO] - approx_kl: 0.0005036247312091291, update_epoch: 0, num_batch: 4
[2026-10-09 15:10:05,299][agent.finetune.train_ppo_diffusion_agent][INFO] - approx_kl: 0.0016693291254341602, update_epoch: 0, num_batch: 4
[2026-10-09 15:10:07,504][agent.finetune.train_ppo_diffusion_agent][INFO] - approx_kl: 0.003252017078921199, update_epoch: 0, num_batch: 4
[2026-10-09 15:10:09,690][agent.finetune.train_ppo_diffusion_agent][INFO] - approx_kl: 0.00511922175064683, update_epoch: 1, num_batch: 4
[2026-10-09 15:10:11,997][agent.finetune.train_ppo_diffusion_agent][INFO] - approx_kl: 0.007432759739458561, update_epoch: 1, num_batch: 4
[2026-10-09 15:10:14,109][agent.finetune.train_ppo_diffusion_agent][INFO] - approx_kl: 0.009832073003053665, update_epoch: 1, num_batch: 4
[2026-10-09 15:10:16,292][agent.finetune.train_ppo_diffusion_agent][INFO] - approx_kl: 0.01327374018728733, update_epoch: 1, num_batch: 4
[2026-10-09 15:10:18,469][agent.finetune.train_ppo_diffusion_agent][INFO] - approx_kl: 0.0162771325558424, update_epoch: 2, num_batch: 4
[2026-10-09 15:10:20,764][agent.finetune.train_ppo_diffusion_agent][INFO] - approx_kl: 0.019672462716698647, update_epoch: 2, num_batch: 4
[2026-10-09 15:10:22,896][agent.finetune.train_ppo_diffusion_agent][INFO] - approx_kl: 0.024343546479940414, update_epoch: 2, num_batch: 4
[2026-10-09 15:10:25,086][agent.finetune.train_ppo_diffusion_agent][INFO] - approx_kl: 0.027830323204398155, update_epoch: 2, num_batch: 4
[2026-10-09 15:10:27,270][agent.finetune.train_ppo_diffusion_agent][INFO] - approx_kl: 0.03403399512171745, update_epoch: 3, num_batch: 4
[2026-10-09 15:10:29,551][agent.finetune.train_ppo_diffusion_agent][INFO] - approx_kl: 0.040135253220796585, update_epoch: 3, num_batch: 4
[2026-10-09 15:10:31,641][agent.finetune.train_ppo_diffusion_agent][INFO] - approx_kl: 0.047288212925195694, update_epoch: 3, num_batch: 4
[2026-10-09 15:10:33,815][agent.finetune.train_ppo_diffusion_agent][INFO] - approx_kl: 0.05605798587203026, update_epoch: 3, num_batch: 4
[2026-10-09 15:10:35,993][agent.finetune.train_ppo_diffusion_agent][INFO] - approx_kl: 0.06585800647735596, update_epoch: 4, num_batch: 4
[2026-10-09 15:10:38,308][agent.finetune.train_ppo_diffusion_agent][INFO] - approx_kl: 0.07727977633476257, update_epoch: 4, num_batch: 4
[2026-10-09 15:10:40,416][agent.finetune.train_ppo_diffusion_agent][INFO] - approx_kl: 0.08932355046272278, update_epoch: 4, num_batch: 4
[2026-10-09 15:10:42,611][agent.finetune.train_ppo_diffusion_agent][INFO] - approx_kl: 0.1065589040517807, update_epoch: 4, num_batch: 4
[2026-10-09 15:10:42,630][agent.finetune.train_ppo_diffusion_agent][INFO] - 12: step   880000 | loss   0.0329 | pg loss  -0.0130 | value loss   0.0919 | bc loss   0.0000 | reward 3913.2330 | eta   1.0000 | t: 56.4543 | kl_true_per_action=1.2298154767250844 | logratio_p99=1.838094981908796 | clamp_hit_frac=0.0008125
[2026-10-09 15:10:57,262][agent.finetune.train_ppo_diffusion_agent][INFO] - approx_kl: 0.0, update_epoch: 0, num_batch: 4
[2026-10-09 15:10:59,548][agent.finetune.train_ppo_diffusion_agent][INFO] - approx_kl: 0.0005811140290461481, update_epoch: 0, num_batch: 4
[2026-10-09 15:11:01,650][agent.finetune.train_ppo_diffusion_agent][INFO] - approx_kl: 0.0020457240752875805, update_epoch: 0, num_batch: 4
[2026-10-09 15:11:03,852][agent.finetune.train_ppo_diffusion_agent][INFO] - approx_kl: 0.004084593616425991, update_epoch: 0, num_batch: 4
[2026-10-09 15:11:06,024][agent.finetune.train_ppo_diffusion_agent][INFO] - approx_kl: 0.006131808739155531, update_epoch: 1, num_batch: 4
[2026-10-09 15:11:08,310][agent.finetune.train_ppo_diffusion_agent][INFO] - approx_kl: 0.008978154510259628, update_epoch: 1, num_batch: 4
[2026-10-09 15:11:10,403][agent.finetune.train_ppo_diffusion_agent][INFO] - approx_kl: 0.012100385501980782, update_epoch: 1, num_batch: 4
[2026-10-09 15:11:12,600][agent.finetune.train_ppo_diffusion_agent][INFO] - approx_kl: 0.01562030240893364, update_epoch: 1, num_batch: 4
[2026-10-09 15:11:14,792][agent.finetune.train_ppo_diffusion_agent][INFO] - approx_kl: 0.018747519701719284, update_epoch: 2, num_batch: 4
[2026-10-09 15:11:17,071][agent.finetune.train_ppo_diffusion_agent][INFO] - approx_kl: 0.02196836657822132, update_epoch: 2, num_batch: 4
[2026-10-09 15:11:19,167][agent.finetune.train_ppo_diffusion_agent][INFO] - approx_kl: 0.02764115110039711, update_epoch: 2, num_batch: 4
[2026-10-09 15:11:21,349][agent.finetune.train_ppo_diffusion_agent][INFO] - approx_kl: 0.03207897022366524, update_epoch: 2, num_batch: 4
[2026-10-09 15:11:23,526][agent.finetune.train_ppo_diffusion_agent][INFO] - approx_kl: 0.038847263902425766, update_epoch: 3, num_batch: 4
[2026-10-09 15:11:25,808][agent.finetune.train_ppo_diffusion_agent][INFO] - approx_kl: 0.04527878388762474, update_epoch: 3, num_batch: 4
[2026-10-09 15:11:27,891][agent.finetune.train_ppo_diffusion_agent][INFO] - approx_kl: 0.05388897284865379, update_epoch: 3, num_batch: 4
[2026-10-09 15:11:30,067][agent.finetune.train_ppo_diffusion_agent][INFO] - approx_kl: 0.06528273969888687, update_epoch: 3, num_batch: 4
[2026-10-09 15:11:32,247][agent.finetune.train_ppo_diffusion_agent][INFO] - approx_kl: 0.07514964789152145, update_epoch: 4, num_batch: 4
[2026-10-09 15:11:34,559][agent.finetune.train_ppo_diffusion_agent][INFO] - approx_kl: 0.09162261337041855, update_epoch: 4, num_batch: 4
[2026-10-09 15:11:36,637][agent.finetune.train_ppo_diffusion_agent][INFO] - approx_kl: 0.10659406334161758, update_epoch: 4, num_batch: 4
[2026-10-09 15:11:38,816][agent.finetune.train_ppo_diffusion_agent][INFO] - approx_kl: 0.1275736540555954, update_epoch: 4, num_batch: 4
[2026-10-09 15:11:38,835][agent.finetune.train_ppo_diffusion_agent][INFO] - 13: step   960000 | loss   0.0327 | pg loss  -0.0157 | value loss   0.0968 | bc loss   0.0000 | reward 3812.0494 | eta   1.0000 | t: 56.2050 | kl_true_per_action=1.4619702507265502 | logratio_p99=2.022873977422711 | clamp_hit_frac=0.0008166666666666667
[2026-10-09 15:11:53,624][agent.finetune.train_ppo_diffusion_agent][INFO] - approx_kl: 0.0, update_epoch: 0, num_batch: 4
[2026-10-09 15:11:55,753][agent.finetune.train_ppo_diffusion_agent][INFO] - approx_kl: 0.0008206100901588798, update_epoch: 0, num_batch: 4
[2026-10-09 15:11:57,962][agent.finetune.train_ppo_diffusion_agent][INFO] - approx_kl: 0.0031555749010294676, update_epoch: 0, num_batch: 4
[2026-10-09 15:12:00,169][agent.finetune.train_ppo_diffusion_agent][INFO] - approx_kl: 0.006427302025258541, update_epoch: 0, num_batch: 4
[2026-10-09 15:12:02,464][agent.finetune.train_ppo_diffusion_agent][INFO] - approx_kl: 0.010056840255856514, update_epoch: 1, num_batch: 4
[2026-10-09 15:12:04,596][agent.finetune.train_ppo_diffusion_agent][INFO] - approx_kl: 0.014617900364100933, update_epoch: 1, num_batch: 4
[2026-10-09 15:12:06,775][agent.finetune.train_ppo_diffusion_agent][INFO] - approx_kl: 0.020157985389232635, update_epoch: 1, num_batch: 4
[2026-10-09 15:12:08,955][agent.finetune.train_ppo_diffusion_agent][INFO] - approx_kl: 0.025803342461586, update_epoch: 1, num_batch: 4
[2026-10-09 15:12:11,238][agent.finetune.train_ppo_diffusion_agent][INFO] - approx_kl: 0.03236549347639084, update_epoch: 2, num_batch: 4
[2026-10-09 15:12:13,328][agent.finetune.train_ppo_diffusion_agent][INFO] - approx_kl: 0.03966478258371353, update_epoch: 2, num_batch: 4
[2026-10-09 15:12:15,515][agent.finetune.train_ppo_diffusion_agent][INFO] - approx_kl: 0.04849100485444069, update_epoch: 2, num_batch: 4
[2026-10-09 15:12:17,700][agent.finetune.train_ppo_diffusion_agent][INFO] - approx_kl: 0.057359013706445694, update_epoch: 2, num_batch: 4
[2026-10-09 15:12:19,984][agent.finetune.train_ppo_diffusion_agent][INFO] - approx_kl: 0.06785918027162552, update_epoch: 3, num_batch: 4
[2026-10-09 15:12:22,082][agent.finetune.train_ppo_diffusion_agent][INFO] - approx_kl: 0.07963842898607254, update_epoch: 3, num_batch: 4
[2026-10-09 15:12:24,265][agent.finetune.train_ppo_diffusion_agent][INFO] - approx_kl: 0.09564593434333801, update_epoch: 3, num_batch: 4
[2026-10-09 15:12:26,466][agent.finetune.train_ppo_diffusion_agent][INFO] - approx_kl: 0.10868246108293533, update_epoch: 3, num_batch: 4
[2026-10-09 15:12:28,761][agent.finetune.train_ppo_diffusion_agent][INFO] - approx_kl: 0.12850895524024963, update_epoch: 4, num_batch: 4
[2026-10-09 15:12:30,844][agent.finetune.train_ppo_diffusion_agent][INFO] - approx_kl: 0.14968934655189514, update_epoch: 4, num_batch: 4
[2026-10-09 15:12:33,029][agent.finetune.train_ppo_diffusion_agent][INFO] - approx_kl: 0.17330315709114075, update_epoch: 4, num_batch: 4
[2026-10-09 15:12:35,214][agent.finetune.train_ppo_diffusion_agent][INFO] - approx_kl: 0.20428253710269928, update_epoch: 4, num_batch: 4
[2026-10-09 15:12:35,233][agent.finetune.train_ppo_diffusion_agent][INFO] - 14: step  1040000 | loss   0.0326 | pg loss  -0.0171 | value loss   0.0994 | bc loss   0.0000 | reward 3752.5178 | eta   1.0000 | t: 56.3978 | kl_true_per_action=2.376405002956299 | logratio_p99=2.7694294691085775 | clamp_hit_frac=0.0008729166666666667
[2026-10-09 15:12:50,018][agent.finetune.train_ppo_diffusion_agent][INFO] - approx_kl: 0.0, update_epoch: 0, num_batch: 4
[2026-10-09 15:12:52,109][agent.finetune.train_ppo_diffusion_agent][INFO] - approx_kl: 0.0011878337245434523, update_epoch: 0, num_batch: 4
[2026-10-09 15:12:54,284][agent.finetune.train_ppo_diffusion_agent][INFO] - approx_kl: 0.004029145929962397, update_epoch: 0, num_batch: 4
[2026-10-09 15:12:56,504][agent.finetune.train_ppo_diffusion_agent][INFO] - approx_kl: 0.0077459607273340225, update_epoch: 0, num_batch: 4
[2026-10-09 15:12:58,795][agent.finetune.train_ppo_diffusion_agent][INFO] - approx_kl: 0.012476442381739616, update_epoch: 1, num_batch: 4
[2026-10-09 15:13:00,879][agent.finetune.train_ppo_diffusion_agent][INFO] - approx_kl: 0.019215011969208717, update_epoch: 1, num_batch: 4
[2026-10-09 15:13:03,056][agent.finetune.train_ppo_diffusion_agent][INFO] - approx_kl: 0.026742106303572655, update_epoch: 1, num_batch: 4
[2026-10-09 15:13:05,239][agent.finetune.train_ppo_diffusion_agent][INFO] - approx_kl: 0.033704280853271484, update_epoch: 1, num_batch: 4
[2026-10-09 15:13:07,529][agent.finetune.train_ppo_diffusion_agent][INFO] - approx_kl: 0.042203955352306366, update_epoch: 2, num_batch: 4
[2026-10-09 15:13:09,630][agent.finetune.train_ppo_diffusion_agent][INFO] - approx_kl: 0.05021519958972931, update_epoch: 2, num_batch: 4
[2026-10-09 15:13:11,819][agent.finetune.train_ppo_diffusion_agent][INFO] - approx_kl: 0.06113731116056442, update_epoch: 2, num_batch: 4
[2026-10-09 15:13:13,996][agent.finetune.train_ppo_diffusion_agent][INFO] - approx_kl: 0.07403795421123505, update_epoch: 2, num_batch: 4
[2026-10-09 15:13:16,305][agent.finetune.train_ppo_diffusion_agent][INFO] - approx_kl: 0.08824408799409866, update_epoch: 3, num_batch: 4
[2026-10-09 15:13:18,395][agent.finetune.train_ppo_diffusion_agent][INFO] - approx_kl: 0.10237173736095428, update_epoch: 3, num_batch: 4
[2026-10-09 15:13:20,569][agent.finetune.train_ppo_diffusion_agent][INFO] - approx_kl: 0.12437903136014938, update_epoch: 3, num_batch: 4
[2026-10-09 15:13:22,732][agent.finetune.train_ppo_diffusion_agent][INFO] - approx_kl: 0.14810164272785187, update_epoch: 3, num_batch: 4
[2026-10-09 15:13:25,024][agent.finetune.train_ppo_diffusion_agent][INFO] - approx_kl: 0.17350807785987854, update_epoch: 4, num_batch: 4
[2026-10-09 15:13:27,118][agent.finetune.train_ppo_diffusion_agent][INFO] - approx_kl: 0.2080976963043213, update_epoch: 4, num_batch: 4
[2026-10-09 15:13:29,301][agent.finetune.train_ppo_diffusion_agent][INFO] - approx_kl: 0.24481788277626038, update_epoch: 4, num_batch: 4
[2026-10-09 15:13:31,471][agent.finetune.train_ppo_diffusion_agent][INFO] - approx_kl: 0.2887701094150543, update_epoch: 4, num_batch: 4
[2026-10-09 15:13:31,493][agent.finetune.train_ppo_diffusion_agent][INFO] - 15: step  1120000 | loss   0.0203 | pg loss  -0.0255 | value loss   0.0917 | bc loss   0.0000 | reward 3367.3640 | eta   1.0000 | t: 56.2598 | kl_true_per_action=3.389589258279631 | logratio_p99=3.434803140163404 | clamp_hit_frac=0.0008458333333333333
[2026-10-09 15:13:46,331][agent.finetune.train_ppo_diffusion_agent][INFO] - approx_kl: 0.0, update_epoch: 0, num_batch: 4
[2026-10-09 15:13:48,421][agent.finetune.train_ppo_diffusion_agent][INFO] - approx_kl: 0.001907917088828981, update_epoch: 0, num_batch: 4
[2026-10-09 15:13:50,595][agent.finetune.train_ppo_diffusion_agent][INFO] - approx_kl: 0.0061362613923847675, update_epoch: 0, num_batch: 4
[2026-10-09 15:13:52,882][agent.finetune.train_ppo_diffusion_agent][INFO] - approx_kl: 0.012194878421723843, update_epoch: 0, num_batch: 4
[2026-10-09 15:13:54,971][agent.finetune.train_ppo_diffusion_agent][INFO] - approx_kl: 0.01901775412261486, update_epoch: 1, num_batch: 4
[2026-10-09 15:13:57,153][agent.finetune.train_ppo_diffusion_agent][INFO] - approx_kl: 0.026663273572921753, update_epoch: 1, num_batch: 4
[2026-10-09 15:13:59,340][agent.finetune.train_ppo_diffusion_agent][INFO] - approx_kl: 0.034960485994815826, update_epoch: 1, num_batch: 4
[2026-10-09 15:14:01,628][agent.finetune.train_ppo_diffusion_agent][INFO] - approx_kl: 0.04455692321062088, update_epoch: 1, num_batch: 4
[2026-10-09 15:14:03,721][agent.finetune.train_ppo_diffusion_agent][INFO] - approx_kl: 0.054267119616270065, update_epoch: 2, num_batch: 4
[2026-10-09 15:14:05,920][agent.finetune.train_ppo_diffusion_agent][INFO] - approx_kl: 0.06682664155960083, update_epoch: 2, num_batch: 4
[2026-10-09 15:14:08,112][agent.finetune.train_ppo_diffusion_agent][INFO] - approx_kl: 0.08124826103448868, update_epoch: 2, num_batch: 4
[2026-10-09 15:14:10,409][agent.finetune.train_ppo_diffusion_agent][INFO] - approx_kl: 0.09786209464073181, update_epoch: 2, num_batch: 4
[2026-10-09 15:14:12,506][agent.finetune.train_ppo_diffusion_agent][INFO] - approx_kl: 0.1173754632472992, update_epoch: 3, num_batch: 4
[2026-10-09 15:14:14,688][agent.finetune.train_ppo_diffusion_agent][INFO] - approx_kl: 0.13888485729694366, update_epoch: 3, num_batch: 4
[2026-10-09 15:14:16,864][agent.finetune.train_ppo_diffusion_agent][INFO] - approx_kl: 0.1638948768377304, update_epoch: 3, num_batch: 4
[2026-10-09 15:14:19,146][agent.finetune.train_ppo_diffusion_agent][INFO] - approx_kl: 0.18763796985149384, update_epoch: 3, num_batch: 4
[2026-10-09 15:14:21,230][agent.finetune.train_ppo_diffusion_agent][INFO] - approx_kl: 0.21883976459503174, update_epoch: 4, num_batch: 4
[2026-10-09 15:14:23,408][agent.finetune.train_ppo_diffusion_agent][INFO] - approx_kl: 0.2461964637041092, update_epoch: 4, num_batch: 4
[2026-10-09 15:14:25,589][agent.finetune.train_ppo_diffusion_agent][INFO] - approx_kl: 0.2843744158744812, update_epoch: 4, num_batch: 4
[2026-10-09 15:14:27,876][agent.finetune.train_ppo_diffusion_agent][INFO] - approx_kl: 0.31984660029411316, update_epoch: 4, num_batch: 4
[2026-10-09 15:14:27,898][agent.finetune.train_ppo_diffusion_agent][INFO] - 16: step  1200000 | loss   0.0245 | pg loss  -0.0213 | value loss   0.0915 | bc loss   0.0000 | reward 3098.4895 | eta   1.0000 | t: 56.4053 | kl_true_per_action=3.530860142538985 | logratio_p99=3.5712118542194355 | clamp_hit_frac=0.000925
[2026-10-09 15:14:42,587][agent.finetune.train_ppo_diffusion_agent][INFO] - approx_kl: 0.0, update_epoch: 0, num_batch: 4
[2026-10-09 15:14:44,768][agent.finetune.train_ppo_diffusion_agent][INFO] - approx_kl: 0.0010159086668863893, update_epoch: 0, num_batch: 4
[2026-10-09 15:14:46,946][agent.finetune.train_ppo_diffusion_agent][INFO] - approx_kl: 0.0037832490634173155, update_epoch: 0, num_batch: 4
[2026-10-09 15:14:49,231][agent.finetune.train_ppo_diffusion_agent][INFO] - approx_kl: 0.00849135871976614, update_epoch: 0, num_batch: 4
[2026-10-09 15:14:51,319][agent.finetune.train_ppo_diffusion_agent][INFO] - approx_kl: 0.014063376002013683, update_epoch: 1, num_batch: 4
[2026-10-09 15:14:53,515][agent.finetune.train_ppo_diffusion_agent][INFO] - approx_kl: 0.019815443083643913, update_epoch: 1, num_batch: 4
[2026-10-09 15:14:55,701][agent.finetune.train_ppo_diffusion_agent][INFO] - approx_kl: 0.027214188128709793, update_epoch: 1, num_batch: 4
[2026-10-09 15:14:58,027][agent.finetune.train_ppo_diffusion_agent][INFO] - approx_kl: 0.03555932641029358, update_epoch: 1, num_batch: 4
[2026-10-09 15:15:00,122][agent.finetune.train_ppo_diffusion_agent][INFO] - approx_kl: 0.044488828629255295, update_epoch: 2, num_batch: 4
[2026-10-09 15:15:02,312][agent.finetune.train_ppo_diffusion_agent][INFO] - approx_kl: 0.055168069899082184, update_epoch: 2, num_batch: 4
[2026-10-09 15:15:04,501][agent.finetune.train_ppo_diffusion_agent][INFO] - approx_kl: 0.06430397182703018, update_epoch: 2, num_batch: 4
[2026-10-09 15:15:06,797][agent.finetune.train_ppo_diffusion_agent][INFO] - approx_kl: 0.07636542618274689, update_epoch: 2, num_batch: 4
[2026-10-09 15:15:08,893][agent.finetune.train_ppo_diffusion_agent][INFO] - approx_kl: 0.08914794772863388, update_epoch: 3, num_batch: 4
[2026-10-09 15:15:11,080][agent.finetune.train_ppo_diffusion_agent][INFO] - approx_kl: 0.09927938133478165, update_epoch: 3, num_batch: 4
[2026-10-09 15:15:13,266][agent.finetune.train_ppo_diffusion_agent][INFO] - approx_kl: 0.11153220385313034, update_epoch: 3, num_batch: 4
[2026-10-09 15:15:15,549][agent.finetune.train_ppo_diffusion_agent][INFO] - approx_kl: 0.12595443427562714, update_epoch: 3, num_batch: 4
[2026-10-09 15:15:17,653][agent.finetune.train_ppo_diffusion_agent][INFO] - approx_kl: 0.14084245264530182, update_epoch: 4, num_batch: 4
[2026-10-09 15:15:19,849][agent.finetune.train_ppo_diffusion_agent][INFO] - approx_kl: 0.15632468461990356, update_epoch: 4, num_batch: 4
[2026-10-09 15:15:22,037][agent.finetune.train_ppo_diffusion_agent][INFO] - approx_kl: 0.17685213685035706, update_epoch: 4, num_batch: 4
[2026-10-09 15:15:24,337][agent.finetune.train_ppo_diffusion_agent][INFO] - approx_kl: 0.1936482936143875, update_epoch: 4, num_batch: 4
[2026-10-09 15:15:24,356][agent.finetune.train_ppo_diffusion_agent][INFO] - 17: step  1280000 | loss   0.0269 | pg loss  -0.0190 | value loss   0.0918 | bc loss   0.0000 | reward 3573.2514 | eta   1.0000 | t: 56.4579 | kl_true_per_action=2.171457531066072 | logratio_p99=2.6071502387523546 | clamp_hit_frac=0.0007708333333333333
[2026-10-09 15:15:39,118][agent.finetune.train_ppo_diffusion_agent][INFO] - approx_kl: 0.0, update_epoch: 0, num_batch: 4
[2026-10-09 15:15:41,279][agent.finetune.train_ppo_diffusion_agent][INFO] - approx_kl: 0.0005824416875839233, update_epoch: 0, num_batch: 4
[2026-10-09 15:15:43,440][agent.finetune.train_ppo_diffusion_agent][INFO] - approx_kl: 0.0020318194292485714, update_epoch: 0, num_batch: 4
[2026-10-09 15:15:45,706][agent.finetune.train_ppo_diffusion_agent][INFO] - approx_kl: 0.004018324892967939, update_epoch: 0, num_batch: 4
[2026-10-09 15:15:47,784][agent.finetune.train_ppo_diffusion_agent][INFO] - approx_kl: 0.006448979489505291, update_epoch: 1, num_batch: 4
[2026-10-09 15:15:49,957][agent.finetune.train_ppo_diffusion_agent][INFO] - approx_kl: 0.009138956665992737, update_epoch: 1, num_batch: 4
[2026-10-09 15:15:52,128][agent.finetune.train_ppo_diffusion_agent][INFO] - approx_kl: 0.011978624388575554, update_epoch: 1, num_batch: 4
[2026-10-09 15:15:54,389][agent.finetune.train_ppo_diffusion_agent][INFO] - approx_kl: 0.015288107097148895, update_epoch: 1, num_batch: 4
[2026-10-09 15:15:56,477][agent.finetune.train_ppo_diffusion_agent][INFO] - approx_kl: 0.018367387354373932, update_epoch: 2, num_batch: 4
[2026-10-09 15:15:58,650][agent.finetune.train_ppo_diffusion_agent][INFO] - approx_kl: 0.021415820345282555, update_epoch: 2, num_batch: 4
[2026-10-09 15:16:00,830][agent.finetune.train_ppo_diffusion_agent][INFO] - approx_kl: 0.024679969996213913, update_epoch: 2, num_batch: 4
[2026-10-09 15:16:03,105][agent.finetune.train_ppo_diffusion_agent][INFO] - approx_kl: 0.028732622042298317, update_epoch: 2, num_batch: 4
[2026-10-09 15:16:05,198][agent.finetune.train_ppo_diffusion_agent][INFO] - approx_kl: 0.03301649168133736, update_epoch: 3, num_batch: 4
[2026-10-09 15:16:07,380][agent.finetune.train_ppo_diffusion_agent][INFO] - approx_kl: 0.03736146539449692, update_epoch: 3, num_batch: 4
[2026-10-09 15:16:09,552][agent.finetune.train_ppo_diffusion_agent][INFO] - approx_kl: 0.041296083480119705, update_epoch: 3, num_batch: 4
[2026-10-09 15:16:11,819][agent.finetune.train_ppo_diffusion_agent][INFO] - approx_kl: 0.0481274388730526, update_epoch: 3, num_batch: 4
[2026-10-09 15:16:13,898][agent.finetune.train_ppo_diffusion_agent][INFO] - approx_kl: 0.0546504445374012, update_epoch: 4, num_batch: 4
[2026-10-09 15:16:16,056][agent.finetune.train_ppo_diffusion_agent][INFO] - approx_kl: 0.06187727302312851, update_epoch: 4, num_batch: 4
[2026-10-09 15:16:18,219][agent.finetune.train_ppo_diffusion_agent][INFO] - approx_kl: 0.07044655829668045, update_epoch: 4, num_batch: 4
[2026-10-09 15:16:20,530][agent.finetune.train_ppo_diffusion_agent][INFO] - approx_kl: 0.08165539056062698, update_epoch: 4, num_batch: 4
[2026-10-09 15:16:20,549][agent.finetune.train_ppo_diffusion_agent][INFO] - 18: step  1360000 | loss   0.0327 | pg loss  -0.0153 | value loss   0.0960 | bc loss   0.0000 | reward 3792.5341 | eta   1.0000 | t: 56.1930 | kl_true_per_action=0.9218654426482196 | logratio_p99=1.5129762804508193 | clamp_hit_frac=0.000875
[2026-10-09 15:16:35,130][agent.finetune.train_ppo_diffusion_agent][INFO] - approx_kl: 0.0, update_epoch: 0, num_batch: 4
[2026-10-09 15:16:37,315][agent.finetune.train_ppo_diffusion_agent][INFO] - approx_kl: 0.00040715240174904466, update_epoch: 0, num_batch: 4
[2026-10-09 15:16:39,491][agent.finetune.train_ppo_diffusion_agent][INFO] - approx_kl: 0.001561577431857586, update_epoch: 0, num_batch: 4
[2026-10-09 15:16:41,790][agent.finetune.train_ppo_diffusion_agent][INFO] - approx_kl: 0.0030976859852671623, update_epoch: 0, num_batch: 4
[2026-10-09 15:16:43,890][agent.finetune.train_ppo_diffusion_agent][INFO] - approx_kl: 0.004916682373732328, update_epoch: 1, num_batch: 4
[2026-10-09 15:16:46,071][agent.finetune.train_ppo_diffusion_agent][INFO] - approx_kl: 0.007087205071002245, update_epoch: 1, num_batch: 4
[2026-10-09 15:16:48,261][agent.finetune.train_ppo_diffusion_agent][INFO] - approx_kl: 0.009617595002055168, update_epoch: 1, num_batch: 4
[2026-10-09 15:16:50,550][agent.finetune.train_ppo_diffusion_agent][INFO] - approx_kl: 0.012656708247959614, update_epoch: 1, num_batch: 4
[2026-10-09 15:16:52,647][agent.finetune.train_ppo_diffusion_agent][INFO] - approx_kl: 0.015876637771725655, update_epoch: 2, num_batch: 4
[2026-10-09 15:16:54,846][agent.finetune.train_ppo_diffusion_agent][INFO] - approx_kl: 0.01973137818276882, update_epoch: 2, num_batch: 4
[2026-10-09 15:16:57,020][agent.finetune.train_ppo_diffusion_agent][INFO] - approx_kl: 0.02409757487475872, update_epoch: 2, num_batch: 4
[2026-10-09 15:16:59,315][agent.finetune.train_ppo_diffusion_agent][INFO] - approx_kl: 0.029626842588186264, update_epoch: 2, num_batch: 4
[2026-10-09 15:17:01,420][agent.finetune.train_ppo_diffusion_agent][INFO] - approx_kl: 0.035148054361343384, update_epoch: 3, num_batch: 4
[2026-10-09 15:17:03,600][agent.finetune.train_ppo_diffusion_agent][INFO] - approx_kl: 0.042080458253622055, update_epoch: 3, num_batch: 4
[2026-10-09 15:17:05,786][agent.finetune.train_ppo_diffusion_agent][INFO] - approx_kl: 0.04898742586374283, update_epoch: 3, num_batch: 4
[2026-10-09 15:17:08,085][agent.finetune.train_ppo_diffusion_agent][INFO] - approx_kl: 0.05722343549132347, update_epoch: 3, num_batch: 4
[2026-10-09 15:17:10,207][agent.finetune.train_ppo_diffusion_agent][INFO] - approx_kl: 0.06782619655132294, update_epoch: 4, num_batch: 4
[2026-10-09 15:17:12,393][agent.finetune.train_ppo_diffusion_agent][INFO] - approx_kl: 0.07837614417076111, update_epoch: 4, num_batch: 4
[2026-10-09 15:17:14,582][agent.finetune.train_ppo_diffusion_agent][INFO] - approx_kl: 0.09162286669015884, update_epoch: 4, num_batch: 4
[2026-10-09 15:17:16,872][agent.finetune.train_ppo_diffusion_agent][INFO] - approx_kl: 0.11027009785175323, update_epoch: 4, num_batch: 4
[2026-10-09 15:17:16,892][agent.finetune.train_ppo_diffusion_agent][INFO] - 19: step  1440000 | loss   0.0321 | pg loss  -0.0170 | value loss   0.0983 | bc loss   0.0000 | reward 3788.5391 | eta   1.0000 | t: 56.3430 | kl_true_per_action=1.2323481926734932 | logratio_p99=1.744736634492866 | clamp_hit_frac=0.0008625
[2026-10-09 15:17:29,310][agent.finetune.train_ppo_diffusion_agent][INFO] - eval: success rate   1.0000 | avg episode reward 4018.9568 | avg best reward   5.9181
[2026-10-09 15:17:43,889][agent.finetune.train_ppo_diffusion_agent][INFO] - approx_kl: 0.0, update_epoch: 0, num_batch: 4
[2026-10-09 15:17:46,066][agent.finetune.train_ppo_diffusion_agent][INFO] - approx_kl: 0.0005613187095150352, update_epoch: 0, num_batch: 4
[2026-10-09 15:17:48,333][agent.finetune.train_ppo_diffusion_agent][INFO] - approx_kl: 0.0020177317783236504, update_epoch: 0, num_batch: 4
[2026-10-09 15:17:50,409][agent.finetune.train_ppo_diffusion_agent][INFO] - approx_kl: 0.004191853106021881, update_epoch: 0, num_batch: 4
[2026-10-09 15:17:52,572][agent.finetune.train_ppo_diffusion_agent][INFO] - approx_kl: 0.0063459197990596294, update_epoch: 1, num_batch: 4
[2026-10-09 15:17:54,731][agent.finetune.train_ppo_diffusion_agent][INFO] - approx_kl: 0.009142949245870113, update_epoch: 1, num_batch: 4
[2026-10-09 15:17:56,994][agent.finetune.train_ppo_diffusion_agent][INFO] - approx_kl: 0.011856254190206528, update_epoch: 1, num_batch: 4
[2026-10-09 15:17:59,070][agent.finetune.train_ppo_diffusion_agent][INFO] - approx_kl: 0.014400416053831577, update_epoch: 1, num_batch: 4
[2026-10-09 15:18:01,243][agent.finetune.train_ppo_diffusion_agent][INFO] - approx_kl: 0.01780511438846588, update_epoch: 2, num_batch: 4
[2026-10-09 15:18:03,456][agent.finetune.train_ppo_diffusion_agent][INFO] - approx_kl: 0.021493863314390182, update_epoch: 2, num_batch: 4
[2026-10-09 15:18:05,726][agent.finetune.train_ppo_diffusion_agent][INFO] - approx_kl: 0.026318110525608063, update_epoch: 2, num_batch: 4
[2026-10-09 15:18:07,809][agent.finetune.train_ppo_diffusion_agent][INFO] - approx_kl: 0.03230755776166916, update_epoch: 2, num_batch: 4
[2026-10-09 15:18:09,974][agent.finetune.train_ppo_diffusion_agent][INFO] - approx_kl: 0.037784576416015625, update_epoch: 3, num_batch: 4
[2026-10-09 15:18:12,153][agent.finetune.train_ppo_diffusion_agent][INFO] - approx_kl: 0.04474852979183197, update_epoch: 3, num_batch: 4
[2026-10-09 15:18:14,429][agent.finetune.train_ppo_diffusion_agent][INFO] - approx_kl: 0.05194546654820442, update_epoch: 3, num_batch: 4
[2026-10-09 15:18:16,504][agent.finetune.train_ppo_diffusion_agent][INFO] - approx_kl: 0.061752498149871826, update_epoch: 3, num_batch: 4
[2026-10-09 15:18:18,668][agent.finetune.train_ppo_diffusion_agent][INFO] - approx_kl: 0.07097955793142319, update_epoch: 4, num_batch: 4
[2026-10-09 15:18:20,829][agent.finetune.train_ppo_diffusion_agent][INFO] - approx_kl: 0.08372433483600616, update_epoch: 4, num_batch: 4
[2026-10-09 15:18:23,116][agent.finetune.train_ppo_diffusion_agent][INFO] - approx_kl: 0.0979824960231781, update_epoch: 4, num_batch: 4
[2026-10-09 15:18:25,190][agent.finetune.train_ppo_diffusion_agent][INFO] - approx_kl: 0.11543489992618561, update_epoch: 4, num_batch: 4
[2026-10-09 15:18:25,210][agent.finetune.train_ppo_diffusion_agent][INFO] - 21: step  1520000 | loss   0.0348 | pg loss  -0.0145 | value loss   0.0987 | bc loss   0.0000 | reward 3745.6723 | eta   1.0000 | t: 55.8996 | kl_true_per_action=1.3249347728285301 | logratio_p99=1.9187974065542177 | clamp_hit_frac=0.00080625
[2026-10-09 15:18:40,911][agent.finetune.train_ppo_diffusion_agent][INFO] - approx_kl: 0.0, update_epoch: 0, num_batch: 4
[2026-10-09 15:18:43,112][agent.finetune.train_ppo_diffusion_agent][INFO] - approx_kl: 0.0006395165110006928, update_epoch: 0, num_batch: 4
[2026-10-09 15:18:45,420][agent.finetune.train_ppo_diffusion_agent][INFO] - approx_kl: 0.002564643742516637, update_epoch: 0, num_batch: 4
[2026-10-09 15:18:47,534][agent.finetune.train_ppo_diffusion_agent][INFO] - approx_kl: 0.005403169430792332, update_epoch: 0, num_batch: 4
[2026-10-09 15:18:49,763][agent.finetune.train_ppo_diffusion_agent][INFO] - approx_kl: 0.008406337350606918, update_epoch: 1, num_batch: 4
[2026-10-09 15:18:51,975][agent.finetune.train_ppo_diffusion_agent][INFO] - approx_kl: 0.011905715800821781, update_epoch: 1, num_batch: 4
[2026-10-09 15:18:54,325][agent.finetune.train_ppo_diffusion_agent][INFO] - approx_kl: 0.016306929290294647, update_epoch: 1, num_batch: 4
[2026-10-09 15:18:56,442][agent.finetune.train_ppo_diffusion_agent][INFO] - approx_kl: 0.020627807825803757, update_epoch: 1, num_batch: 4
[2026-10-09 15:18:58,657][agent.finetune.train_ppo_diffusion_agent][INFO] - approx_kl: 0.026872506365180016, update_epoch: 2, num_batch: 4
[2026-10-09 15:19:00,860][agent.finetune.train_ppo_diffusion_agent][INFO] - approx_kl: 0.03249368444085121, update_epoch: 2, num_batch: 4
[2026-10-09 15:19:03,148][agent.finetune.train_ppo_diffusion_agent][INFO] - approx_kl: 0.041189756244421005, update_epoch: 2, num_batch: 4
[2026-10-09 15:19:05,248][agent.finetune.train_ppo_diffusion_agent][INFO] - approx_kl: 0.050986550748348236, update_epoch: 2, num_batch: 4
[2026-10-09 15:19:07,440][agent.finetune.train_ppo_diffusion_agent][INFO] - approx_kl: 0.06056911498308182, update_epoch: 3, num_batch: 4
[2026-10-09 15:19:09,627][agent.finetune.train_ppo_diffusion_agent][INFO] - approx_kl: 0.06981019675731659, update_epoch: 3, num_batch: 4
[2026-10-09 15:19:11,924][agent.finetune.train_ppo_diffusion_agent][INFO] - approx_kl: 0.08188890665769577, update_epoch: 3, num_batch: 4
[2026-10-09 15:19:14,033][agent.finetune.train_ppo_diffusion_agent][INFO] - approx_kl: 0.09650932252407074, update_epoch: 3, num_batch: 4
[2026-10-09 15:19:16,249][agent.finetune.train_ppo_diffusion_agent][INFO] - approx_kl: 0.11163781583309174, update_epoch: 4, num_batch: 4
[2026-10-09 15:19:18,440][agent.finetune.train_ppo_diffusion_agent][INFO] - approx_kl: 0.12708306312561035, update_epoch: 4, num_batch: 4
[2026-10-09 15:19:20,742][agent.finetune.train_ppo_diffusion_agent][INFO] - approx_kl: 0.14719364047050476, update_epoch: 4, num_batch: 4
[2026-10-09 15:19:22,861][agent.finetune.train_ppo_diffusion_agent][INFO] - approx_kl: 0.16813528537750244, update_epoch: 4, num_batch: 4
[2026-10-09 15:19:22,880][agent.finetune.train_ppo_diffusion_agent][INFO] - 22: step  1600000 | loss   0.0274 | pg loss  -0.0228 | value loss   0.1005 | bc loss   0.0000 | reward 3875.8376 | eta   1.0000 | t: 57.6700 | kl_true_per_action=1.9586881625425987 | logratio_p99=2.388965425491324 | clamp_hit_frac=0.0008645833333333333
[2026-10-09 15:19:37,894][agent.finetune.train_ppo_diffusion_agent][INFO] - approx_kl: 0.0, update_epoch: 0, num_batch: 4
[2026-10-09 15:19:40,066][agent.finetune.train_ppo_diffusion_agent][INFO] - approx_kl: 0.0007973926840350032, update_epoch: 0, num_batch: 4
[2026-10-09 15:19:42,351][agent.finetune.train_ppo_diffusion_agent][INFO] - approx_kl: 0.0030538951978087425, update_epoch: 0, num_batch: 4
[2026-10-09 15:19:44,448][agent.finetune.train_ppo_diffusion_agent][INFO] - approx_kl: 0.006671171169728041, update_epoch: 0, num_batch: 4
[2026-10-09 15:19:46,670][agent.finetune.train_ppo_diffusion_agent][INFO] - approx_kl: 0.010879655368626118, update_epoch: 1, num_batch: 4
[2026-10-09 15:19:48,951][agent.finetune.train_ppo_diffusion_agent][INFO] - approx_kl: 0.015576471574604511, update_epoch: 1, num_batch: 4
[2026-10-09 15:19:51,042][agent.finetune.train_ppo_diffusion_agent][INFO] - approx_kl: 0.021019145846366882, update_epoch: 1, num_batch: 4
[2026-10-09 15:19:53,215][agent.finetune.train_ppo_diffusion_agent][INFO] - approx_kl: 0.02683737315237522, update_epoch: 1, num_batch: 4
[2026-10-09 15:19:55,388][agent.finetune.train_ppo_diffusion_agent][INFO] - approx_kl: 0.033934399485588074, update_epoch: 2, num_batch: 4
[2026-10-09 15:19:57,664][agent.finetune.train_ppo_diffusion_agent][INFO] - approx_kl: 0.04097054526209831, update_epoch: 2, num_batch: 4
[2026-10-09 15:19:59,751][agent.finetune.train_ppo_diffusion_agent][INFO] - approx_kl: 0.049379538744688034, update_epoch: 2, num_batch: 4
[2026-10-09 15:20:01,920][agent.finetune.train_ppo_diffusion_agent][INFO] - approx_kl: 0.0576629713177681, update_epoch: 2, num_batch: 4
[2026-10-09 15:20:04,090][agent.finetune.train_ppo_diffusion_agent][INFO] - approx_kl: 0.06671197712421417, update_epoch: 3, num_batch: 4
[2026-10-09 15:20:06,400][agent.finetune.train_ppo_diffusion_agent][INFO] - approx_kl: 0.0761009082198143, update_epoch: 3, num_batch: 4
[2026-10-09 15:20:08,493][agent.finetune.train_ppo_diffusion_agent][INFO] - approx_kl: 0.08538781106472015, update_epoch: 3, num_batch: 4
[2026-10-09 15:20:10,674][agent.finetune.train_ppo_diffusion_agent][INFO] - approx_kl: 0.09770142287015915, update_epoch: 3, num_batch: 4
[2026-10-09 15:20:12,850][agent.finetune.train_ppo_diffusion_agent][INFO] - approx_kl: 0.108549565076828, update_epoch: 4, num_batch: 4
[2026-10-09 15:20:15,120][agent.finetune.train_ppo_diffusion_agent][INFO] - approx_kl: 0.12159823626279831, update_epoch: 4, num_batch: 4
[2026-10-09 15:20:17,213][agent.finetune.train_ppo_diffusion_agent][INFO] - approx_kl: 0.13555757701396942, update_epoch: 4, num_batch: 4
[2026-10-09 15:20:19,383][agent.finetune.train_ppo_diffusion_agent][INFO] - approx_kl: 0.1502162665128708, update_epoch: 4, num_batch: 4
[2026-10-09 15:20:19,402][agent.finetune.train_ppo_diffusion_agent][INFO] - 23: step  1680000 | loss   0.0339 | pg loss  -0.0184 | value loss   0.1046 | bc loss   0.0000 | reward 4026.6419 | eta   1.0000 | t: 56.5217 | kl_true_per_action=1.6201985492583884 | logratio_p99=2.2545710194110837 | clamp_hit_frac=0.00084375
[2026-10-09 15:20:34,091][agent.finetune.train_ppo_diffusion_agent][INFO] - approx_kl: 0.0, update_epoch: 0, num_batch: 4
[2026-10-09 15:20:36,371][agent.finetune.train_ppo_diffusion_agent][INFO] - approx_kl: 0.0003759819664992392, update_epoch: 0, num_batch: 4
[2026-10-09 15:20:38,499][agent.finetune.train_ppo_diffusion_agent][INFO] - approx_kl: 0.0013812145916745067, update_epoch: 0, num_batch: 4
[2026-10-09 15:20:40,665][agent.finetune.train_ppo_diffusion_agent][INFO] - approx_kl: 0.0031061656773090363, update_epoch: 0, num_batch: 4
[2026-10-09 15:20:42,844][agent.finetune.train_ppo_diffusion_agent][INFO] - approx_kl: 0.004990884102880955, update_epoch: 1, num_batch: 4
[2026-10-09 15:20:45,126][agent.finetune.train_ppo_diffusion_agent][INFO] - approx_kl: 0.007217425387352705, update_epoch: 1, num_batch: 4
[2026-10-09 15:20:47,214][agent.finetune.train_ppo_diffusion_agent][INFO] - approx_kl: 0.009841970168054104, update_epoch: 1, num_batch: 4
[2026-10-09 15:20:49,371][agent.finetune.train_ppo_diffusion_agent][INFO] - approx_kl: 0.013261723332107067, update_epoch: 1, num_batch: 4
[2026-10-09 15:20:51,535][agent.finetune.train_ppo_diffusion_agent][INFO] - approx_kl: 0.01707029901444912, update_epoch: 2, num_batch: 4
[2026-10-09 15:20:53,812][agent.finetune.train_ppo_diffusion_agent][INFO] - approx_kl: 0.022199692204594612, update_epoch: 2, num_batch: 4
[2026-10-09 15:20:55,903][agent.finetune.train_ppo_diffusion_agent][INFO] - approx_kl: 0.028032245114445686, update_epoch: 2, num_batch: 4
[2026-10-09 15:20:58,088][agent.finetune.train_ppo_diffusion_agent][INFO] - approx_kl: 0.03546645864844322, update_epoch: 2, num_batch: 4
[2026-10-09 15:21:00,272][agent.finetune.train_ppo_diffusion_agent][INFO] - approx_kl: 0.04126185551285744, update_epoch: 3, num_batch: 4
[2026-10-09 15:21:02,553][agent.finetune.train_ppo_diffusion_agent][INFO] - approx_kl: 0.04891684278845787, update_epoch: 3, num_batch: 4
[2026-10-09 15:21:04,643][agent.finetune.train_ppo_diffusion_agent][INFO] - approx_kl: 0.05679792910814285, update_epoch: 3, num_batch: 4
[2026-10-09 15:21:06,818][agent.finetune.train_ppo_diffusion_agent][INFO] - approx_kl: 0.06542790681123734, update_epoch: 3, num_batch: 4
[2026-10-09 15:21:08,993][agent.finetune.train_ppo_diffusion_agent][INFO] - approx_kl: 0.07668633759021759, update_epoch: 4, num_batch: 4
[2026-10-09 15:21:11,282][agent.finetune.train_ppo_diffusion_agent][INFO] - approx_kl: 0.08876359462738037, update_epoch: 4, num_batch: 4
[2026-10-09 15:21:13,378][agent.finetune.train_ppo_diffusion_agent][INFO] - approx_kl: 0.10241243243217468, update_epoch: 4, num_batch: 4
[2026-10-09 15:21:15,554][agent.finetune.train_ppo_diffusion_agent][INFO] - approx_kl: 0.11590376496315002, update_epoch: 4, num_batch: 4
[2026-10-09 15:21:15,573][agent.finetune.train_ppo_diffusion_agent][INFO] - 24: step  1760000 | loss   0.0337 | pg loss  -0.0205 | value loss   0.1084 | bc loss   0.0000 | reward 3976.0958 | eta   1.0000 | t: 56.1712 | kl_true_per_action=1.3375440756562242 | logratio_p99=1.9705718934535965 | clamp_hit_frac=0.0008604166666666667
[2026-10-09 15:21:30,272][agent.finetune.train_ppo_diffusion_agent][INFO] - approx_kl: 0.0, update_epoch: 0, num_batch: 4
[2026-10-09 15:21:32,563][agent.finetune.train_ppo_diffusion_agent][INFO] - approx_kl: 0.0005040817195549607, update_epoch: 0, num_batch: 4
[2026-10-09 15:21:34,662][agent.finetune.train_ppo_diffusion_agent][INFO] - approx_kl: 0.002056109020486474, update_epoch: 0, num_batch: 4
[2026-10-09 15:21:36,853][agent.finetune.train_ppo_diffusion_agent][INFO] - approx_kl: 0.004603878129273653, update_epoch: 0, num_batch: 4
[2026-10-09 15:21:39,045][agent.finetune.train_ppo_diffusion_agent][INFO] - approx_kl: 0.007705493364483118, update_epoch: 1, num_batch: 4
[2026-10-09 15:21:41,344][agent.finetune.train_ppo_diffusion_agent][INFO] - approx_kl: 0.011539140716195107, update_epoch: 1, num_batch: 4
[2026-10-09 15:21:43,440][agent.finetune.train_ppo_diffusion_agent][INFO] - approx_kl: 0.015670372173190117, update_epoch: 1, num_batch: 4
[2026-10-09 15:21:45,632][agent.finetune.train_ppo_diffusion_agent][INFO] - approx_kl: 0.022022670134902, update_epoch: 1, num_batch: 4
[2026-10-09 15:21:47,827][agent.finetune.train_ppo_diffusion_agent][INFO] - approx_kl: 0.02752450853586197, update_epoch: 2, num_batch: 4
[2026-10-09 15:21:50,145][agent.finetune.train_ppo_diffusion_agent][INFO] - approx_kl: 0.03363727033138275, update_epoch: 2, num_batch: 4
[2026-10-09 15:21:52,255][agent.finetune.train_ppo_diffusion_agent][INFO] - approx_kl: 0.04193243011832237, update_epoch: 2, num_batch: 4
[2026-10-09 15:21:54,449][agent.finetune.train_ppo_diffusion_agent][INFO] - approx_kl: 0.050703007727861404, update_epoch: 2, num_batch: 4
[2026-10-09 15:21:56,646][agent.finetune.train_ppo_diffusion_agent][INFO] - approx_kl: 0.059339363127946854, update_epoch: 3, num_batch: 4
[2026-10-09 15:21:58,940][agent.finetune.train_ppo_diffusion_agent][INFO] - approx_kl: 0.06931345164775848, update_epoch: 3, num_batch: 4
[2026-10-09 15:22:01,051][agent.finetune.train_ppo_diffusion_agent][INFO] - approx_kl: 0.0805024802684784, update_epoch: 3, num_batch: 4
[2026-10-09 15:22:03,240][agent.finetune.train_ppo_diffusion_agent][INFO] - approx_kl: 0.09269963949918747, update_epoch: 3, num_batch: 4
[2026-10-09 15:22:05,431][agent.finetune.train_ppo_diffusion_agent][INFO] - approx_kl: 0.10693243891000748, update_epoch: 4, num_batch: 4
[2026-10-09 15:22:07,725][agent.finetune.train_ppo_diffusion_agent][INFO] - approx_kl: 0.11950968205928802, update_epoch: 4, num_batch: 4
[2026-10-09 15:22:09,835][agent.finetune.train_ppo_diffusion_agent][INFO] - approx_kl: 0.14079977571964264, update_epoch: 4, num_batch: 4
[2026-10-09 15:22:12,019][agent.finetune.train_ppo_diffusion_agent][INFO] - approx_kl: 0.1596202254295349, update_epoch: 4, num_batch: 4
[2026-10-09 15:22:12,038][agent.finetune.train_ppo_diffusion_agent][INFO] - 25: step  1840000 | loss   0.0406 | pg loss  -0.0150 | value loss   0.1112 | bc loss   0.0000 | reward 4073.2257 | eta   1.0000 | t: 56.4651 | kl_true_per_action=1.9201997438532916 | logratio_p99=2.4444474363326956 | clamp_hit_frac=0.0008041666666666667
[2026-10-09 15:22:26,726][agent.finetune.train_ppo_diffusion_agent][INFO] - approx_kl: 0.0, update_epoch: 0, num_batch: 4
[2026-10-09 15:22:29,030][agent.finetune.train_ppo_diffusion_agent][INFO] - approx_kl: 0.000563070410862565, update_epoch: 0, num_batch: 4
[2026-10-09 15:22:31,134][agent.finetune.train_ppo_diffusion_agent][INFO] - approx_kl: 0.0025847607757896185, update_epoch: 0, num_batch: 4
[2026-10-09 15:22:33,323][agent.finetune.train_ppo_diffusion_agent][INFO] - approx_kl: 0.0052583348006010056, update_epoch: 0, num_batch: 4
[2026-10-09 15:22:35,505][agent.finetune.train_ppo_diffusion_agent][INFO] - approx_kl: 0.008499640971422195, update_epoch: 1, num_batch: 4
[2026-10-09 15:22:37,793][agent.finetune.train_ppo_diffusion_agent][INFO] - approx_kl: 0.01268023531883955, update_epoch: 1, num_batch: 4
[2026-10-09 15:22:39,902][agent.finetune.train_ppo_diffusion_agent][INFO] - approx_kl: 0.016631919890642166, update_epoch: 1, num_batch: 4
[2026-10-09 15:22:42,101][agent.finetune.train_ppo_diffusion_agent][INFO] - approx_kl: 0.02139127440750599, update_epoch: 1, num_batch: 4
[2026-10-09 15:22:44,298][agent.finetune.train_ppo_diffusion_agent][INFO] - approx_kl: 0.026711799204349518, update_epoch: 2, num_batch: 4
[2026-10-09 15:22:46,597][agent.finetune.train_ppo_diffusion_agent][INFO] - approx_kl: 0.03272107243537903, update_epoch: 2, num_batch: 4
[2026-10-09 15:22:48,698][agent.finetune.train_ppo_diffusion_agent][INFO] - approx_kl: 0.039889946579933167, update_epoch: 2, num_batch: 4
[2026-10-09 15:22:50,888][agent.finetune.train_ppo_diffusion_agent][INFO] - approx_kl: 0.0476577952504158, update_epoch: 2, num_batch: 4
[2026-10-09 15:22:53,086][agent.finetune.train_ppo_diffusion_agent][INFO] - approx_kl: 0.05683641880750656, update_epoch: 3, num_batch: 4
[2026-10-09 15:22:55,387][agent.finetune.train_ppo_diffusion_agent][INFO] - approx_kl: 0.06784407794475555, update_epoch: 3, num_batch: 4
[2026-10-09 15:22:57,492][agent.finetune.train_ppo_diffusion_agent][INFO] - approx_kl: 0.07781415432691574, update_epoch: 3, num_batch: 4
[2026-10-09 15:22:59,686][agent.finetune.train_ppo_diffusion_agent][INFO] - approx_kl: 0.09031286090612411, update_epoch: 3, num_batch: 4
[2026-10-09 15:23:01,877][agent.finetune.train_ppo_diffusion_agent][INFO] - approx_kl: 0.10734599083662033, update_epoch: 4, num_batch: 4
[2026-10-09 15:23:04,171][agent.finetune.train_ppo_diffusion_agent][INFO] - approx_kl: 0.12383892387151718, update_epoch: 4, num_batch: 4
[2026-10-09 15:23:06,282][agent.finetune.train_ppo_diffusion_agent][INFO] - approx_kl: 0.14608295261859894, update_epoch: 4, num_batch: 4
[2026-10-09 15:23:08,479][agent.finetune.train_ppo_diffusion_agent][INFO] - approx_kl: 0.16902519762516022, update_epoch: 4, num_batch: 4
[2026-10-09 15:23:08,498][agent.finetune.train_ppo_diffusion_agent][INFO] - 26: step  1920000 | loss   0.0366 | pg loss  -0.0209 | value loss   0.1148 | bc loss   0.0000 | reward 3973.6727 | eta   1.0000 | t: 56.4600 | kl_true_per_action=1.9831682888803612 | logratio_p99=2.408821541070928 | clamp_hit_frac=0.0009208333333333333
[2026-10-09 15:23:23,322][agent.finetune.train_ppo_diffusion_agent][INFO] - approx_kl: 0.0, update_epoch: 0, num_batch: 4
[2026-10-09 15:23:25,413][agent.finetune.train_ppo_diffusion_agent][INFO] - approx_kl: 0.0006406924803741276, update_epoch: 0, num_batch: 4
[2026-10-09 15:23:27,603][agent.finetune.train_ppo_diffusion_agent][INFO] - approx_kl: 0.0026203312445431948, update_epoch: 0, num_batch: 4
[2026-10-09 15:23:29,785][agent.finetune.train_ppo_diffusion_agent][INFO] - approx_kl: 0.005460743792355061, update_epoch: 0, num_batch: 4
[2026-10-09 15:23:32,101][agent.finetune.train_ppo_diffusion_agent][INFO] - approx_kl: 0.008855930529534817, update_epoch: 1, num_batch: 4
[2026-10-09 15:23:34,193][agent.finetune.train_ppo_diffusion_agent][INFO] - approx_kl: 0.012922791764140129, update_epoch: 1, num_batch: 4
[2026-10-09 15:23:36,369][agent.finetune.train_ppo_diffusion_agent][INFO] - approx_kl: 0.01661911979317665, update_epoch: 1, num_batch: 4
[2026-10-09 15:23:38,559][agent.finetune.train_ppo_diffusion_agent][INFO] - approx_kl: 0.02210092917084694, update_epoch: 1, num_batch: 4
[2026-10-09 15:23:40,859][agent.finetune.train_ppo_diffusion_agent][INFO] - approx_kl: 0.02678142488002777, update_epoch: 2, num_batch: 4
[2026-10-09 15:23:42,948][agent.finetune.train_ppo_diffusion_agent][INFO] - approx_kl: 0.03273089602589607, update_epoch: 2, num_batch: 4
[2026-10-09 15:23:45,125][agent.finetune.train_ppo_diffusion_agent][INFO] - approx_kl: 0.04009560868144035, update_epoch: 2, num_batch: 4
[2026-10-09 15:23:47,304][agent.finetune.train_ppo_diffusion_agent][INFO] - approx_kl: 0.04704386740922928, update_epoch: 2, num_batch: 4
[2026-10-09 15:23:49,585][agent.finetune.train_ppo_diffusion_agent][INFO] - approx_kl: 0.054509129375219345, update_epoch: 3, num_batch: 4
[2026-10-09 15:23:51,685][agent.finetune.train_ppo_diffusion_agent][INFO] - approx_kl: 0.06415185332298279, update_epoch: 3, num_batch: 4
[2026-10-09 15:23:53,874][agent.finetune.train_ppo_diffusion_agent][INFO] - approx_kl: 0.07514603435993195, update_epoch: 3, num_batch: 4
[2026-10-09 15:23:56,067][agent.finetune.train_ppo_diffusion_agent][INFO] - approx_kl: 0.0864836722612381, update_epoch: 3, num_batch: 4
[2026-10-09 15:23:58,367][agent.finetune.train_ppo_diffusion_agent][INFO] - approx_kl: 0.10003669559955597, update_epoch: 4, num_batch: 4
[2026-10-09 15:24:00,477][agent.finetune.train_ppo_diffusion_agent][INFO] - approx_kl: 0.11328780651092529, update_epoch: 4, num_batch: 4
[2026-10-09 15:24:02,677][agent.finetune.train_ppo_diffusion_agent][INFO] - approx_kl: 0.1297745704650879, update_epoch: 4, num_batch: 4
[2026-10-09 15:24:04,856][agent.finetune.train_ppo_diffusion_agent][INFO] - approx_kl: 0.15087564289569855, update_epoch: 4, num_batch: 4
[2026-10-09 15:24:04,875][agent.finetune.train_ppo_diffusion_agent][INFO] - 27: step  2000000 | loss   0.0373 | pg loss  -0.0211 | value loss   0.1167 | bc loss   0.0000 | reward 3788.7921 | eta   1.0000 | t: 56.3769 | kl_true_per_action=1.7110437451708125 | logratio_p99=2.2171156644821117 | clamp_hit_frac=0.0008541666666666667
[2026-10-09 15:24:19,612][agent.finetune.train_ppo_diffusion_agent][INFO] - approx_kl: 0.0, update_epoch: 0, num_batch: 4
[2026-10-09 15:24:21,690][agent.finetune.train_ppo_diffusion_agent][INFO] - approx_kl: 0.0008600091096013784, update_epoch: 0, num_batch: 4
[2026-10-09 15:24:23,876][agent.finetune.train_ppo_diffusion_agent][INFO] - approx_kl: 0.0032714970875531435, update_epoch: 0, num_batch: 4
[2026-10-09 15:24:26,047][agent.finetune.train_ppo_diffusion_agent][INFO] - approx_kl: 0.0067007457837462425, update_epoch: 0, num_batch: 4
[2026-10-09 15:24:28,319][agent.finetune.train_ppo_diffusion_agent][INFO] - approx_kl: 0.011501518078148365, update_epoch: 1, num_batch: 4
[2026-10-09 15:24:30,412][agent.finetune.train_ppo_diffusion_agent][INFO] - approx_kl: 0.01743016578257084, update_epoch: 1, num_batch: 4
[2026-10-09 15:24:32,594][agent.finetune.train_ppo_diffusion_agent][INFO] - approx_kl: 0.02401047758758068, update_epoch: 1, num_batch: 4
[2026-10-09 15:24:34,774][agent.finetune.train_ppo_diffusion_agent][INFO] - approx_kl: 0.03209496662020683, update_epoch: 1, num_batch: 4
[2026-10-09 15:24:37,063][agent.finetune.train_ppo_diffusion_agent][INFO] - approx_kl: 0.0424288846552372, update_epoch: 2, num_batch: 4
[2026-10-09 15:24:39,141][agent.finetune.train_ppo_diffusion_agent][INFO] - approx_kl: 0.05322599783539772, update_epoch: 2, num_batch: 4
[2026-10-09 15:24:41,321][agent.finetune.train_ppo_diffusion_agent][INFO] - approx_kl: 0.0672304630279541, update_epoch: 2, num_batch: 4
[2026-10-09 15:24:43,488][agent.finetune.train_ppo_diffusion_agent][INFO] - approx_kl: 0.08309085667133331, update_epoch: 2, num_batch: 4
[2026-10-09 15:24:45,774][agent.finetune.train_ppo_diffusion_agent][INFO] - approx_kl: 0.10218031704425812, update_epoch: 3, num_batch: 4
[2026-10-09 15:24:47,855][agent.finetune.train_ppo_diffusion_agent][INFO] - approx_kl: 0.12624704837799072, update_epoch: 3, num_batch: 4
[2026-10-09 15:24:50,027][agent.finetune.train_ppo_diffusion_agent][INFO] - approx_kl: 0.14767038822174072, update_epoch: 3, num_batch: 4
[2026-10-09 15:24:52,235][agent.finetune.train_ppo_diffusion_agent][INFO] - approx_kl: 0.18463948369026184, update_epoch: 3, num_batch: 4
[2026-10-09 15:24:54,516][agent.finetune.train_ppo_diffusion_agent][INFO] - approx_kl: 0.2194737046957016, update_epoch: 4, num_batch: 4
[2026-10-09 15:24:56,604][agent.finetune.train_ppo_diffusion_agent][INFO] - approx_kl: 0.26051244139671326, update_epoch: 4, num_batch: 4
[2026-10-09 15:24:58,784][agent.finetune.train_ppo_diffusion_agent][INFO] - approx_kl: 0.30942341685295105, update_epoch: 4, num_batch: 4
[2026-10-09 15:25:00,977][agent.finetune.train_ppo_diffusion_agent][INFO] - approx_kl: 0.3674050569534302, update_epoch: 4, num_batch: 4
[2026-10-09 15:25:00,996][agent.finetune.train_ppo_diffusion_agent][INFO] - 28: step  2080000 | loss   0.0236 | pg loss  -0.0315 | value loss   0.1102 | bc loss   0.0000 | reward 3623.6750 | eta   1.0000 | t: 56.1212 | kl_true_per_action=4.309027487709706 | logratio_p99=3.796517496109006 | clamp_hit_frac=0.0009270833333333334
[2026-10-09 15:25:16,366][agent.finetune.train_ppo_diffusion_agent][INFO] - approx_kl: 0.0, update_epoch: 0, num_batch: 4
[2026-10-09 15:25:18,458][agent.finetune.train_ppo_diffusion_agent][INFO] - approx_kl: 0.002115812851116061, update_epoch: 0, num_batch: 4
[2026-10-09 15:25:20,638][agent.finetune.train_ppo_diffusion_agent][INFO] - approx_kl: 0.0082987817004323, update_epoch: 0, num_batch: 4
[2026-10-09 15:25:22,924][agent.finetune.train_ppo_diffusion_agent][INFO] - approx_kl: 0.018072597682476044, update_epoch: 0, num_batch: 4
[2026-10-09 15:25:25,026][agent.finetune.train_ppo_diffusion_agent][INFO] - approx_kl: 0.030132774263620377, update_epoch: 1, num_batch: 4
[2026-10-09 15:25:27,211][agent.finetune.train_ppo_diffusion_agent][INFO] - approx_kl: 0.04387243464589119, update_epoch: 1, num_batch: 4
[2026-10-09 15:25:29,382][agent.finetune.train_ppo_diffusion_agent][INFO] - approx_kl: 0.06073791906237602, update_epoch: 1, num_batch: 4
[2026-10-09 15:25:31,661][agent.finetune.train_ppo_diffusion_agent][INFO] - approx_kl: 0.08156520128250122, update_epoch: 1, num_batch: 4
[2026-10-09 15:25:33,764][agent.finetune.train_ppo_diffusion_agent][INFO] - approx_kl: 0.09966722130775452, update_epoch: 2, num_batch: 4
[2026-10-09 15:25:35,960][agent.finetune.train_ppo_diffusion_agent][INFO] - approx_kl: 0.12749671936035156, update_epoch: 2, num_batch: 4
[2026-10-09 15:25:38,170][agent.finetune.train_ppo_diffusion_agent][INFO] - approx_kl: 0.15604594349861145, update_epoch: 2, num_batch: 4
[2026-10-09 15:25:40,476][agent.finetune.train_ppo_diffusion_agent][INFO] - approx_kl: 0.18390674889087677, update_epoch: 2, num_batch: 4
[2026-10-09 15:25:42,570][agent.finetune.train_ppo_diffusion_agent][INFO] - approx_kl: 0.21305689215660095, update_epoch: 3, num_batch: 4
[2026-10-09 15:25:44,807][agent.finetune.train_ppo_diffusion_agent][INFO] - approx_kl: 0.24270503222942352, update_epoch: 3, num_batch: 4
[2026-10-09 15:25:46,981][agent.finetune.train_ppo_diffusion_agent][INFO] - approx_kl: 0.2884014844894409, update_epoch: 3, num_batch: 4
[2026-10-09 15:25:49,249][agent.finetune.train_ppo_diffusion_agent][INFO] - approx_kl: 0.33766859769821167, update_epoch: 3, num_batch: 4
[2026-10-09 15:25:51,322][agent.finetune.train_ppo_diffusion_agent][INFO] - approx_kl: 0.3973172605037689, update_epoch: 4, num_batch: 4
[2026-10-09 15:25:53,497][agent.finetune.train_ppo_diffusion_agent][INFO] - approx_kl: 0.45864608883857727, update_epoch: 4, num_batch: 4
[2026-10-09 15:25:55,666][agent.finetune.train_ppo_diffusion_agent][INFO] - approx_kl: 0.5560709238052368, update_epoch: 4, num_batch: 4
[2026-10-09 15:25:57,941][agent.finetune.train_ppo_diffusion_agent][INFO] - approx_kl: 0.7980070114135742, update_epoch: 4, num_batch: 4
[2026-10-09 15:25:57,958][agent.finetune.train_ppo_diffusion_agent][INFO] - 29: step  2160000 | loss  -0.0529 | pg loss  -0.1037 | value loss   0.1016 | bc loss   0.0000 | reward 3356.0310 | eta   1.0000 | t: 56.9623 | kl_true_per_action=7.917010814734472 | logratio_p99=5.792317167520516 | clamp_hit_frac=0.0010166666666666666
[2026-10-09 15:26:11,314][agent.finetune.train_ppo_diffusion_agent][INFO] - eval: success rate   1.0000 | avg episode reward 3246.9435 | avg best reward   5.3992
[2026-10-09 15:26:26,795][agent.finetune.train_ppo_diffusion_agent][INFO] - approx_kl: 0.0, update_epoch: 0, num_batch: 4
[2026-10-09 15:26:28,996][agent.finetune.train_ppo_diffusion_agent][INFO] - approx_kl: 0.012660416774451733, update_epoch: 0, num_batch: 4
[2026-10-09 15:26:31,167][agent.finetune.train_ppo_diffusion_agent][INFO] - approx_kl: 0.04496945068240166, update_epoch: 0, num_batch: 4
[2026-10-09 15:26:33,449][agent.finetune.train_ppo_diffusion_agent][INFO] - approx_kl: 0.09046342223882675, update_epoch: 0, num_batch: 4
[2026-10-09 15:26:35,547][agent.finetune.train_ppo_diffusion_agent][INFO] - approx_kl: 0.14467236399650574, update_epoch: 1, num_batch: 4
[2026-10-09 15:26:37,750][agent.finetune.train_ppo_diffusion_agent][INFO] - approx_kl: 0.2069808691740036, update_epoch: 1, num_batch: 4
[2026-10-09 15:26:39,926][agent.finetune.train_ppo_diffusion_agent][INFO] - approx_kl: 0.26776397228240967, update_epoch: 1, num_batch: 4
[2026-10-09 15:26:42,218][agent.finetune.train_ppo_diffusion_agent][INFO] - approx_kl: 0.31387239694595337, update_epoch: 1, num_batch: 4
[2026-10-09 15:26:44,305][agent.finetune.train_ppo_diffusion_agent][INFO] - approx_kl: 0.369293749332428, update_epoch: 2, num_batch: 4
[2026-10-09 15:26:46,500][agent.finetune.train_ppo_diffusion_agent][INFO] - approx_kl: 0.42559847235679626, update_epoch: 2, num_batch: 4
[2026-10-09 15:26:48,688][agent.finetune.train_ppo_diffusion_agent][INFO] - approx_kl: 0.49207794666290283, update_epoch: 2, num_batch: 4
[2026-10-09 15:26:50,982][agent.finetune.train_ppo_diffusion_agent][INFO] - approx_kl: 0.5482779741287231, update_epoch: 2, num_batch: 4
[2026-10-09 15:26:53,076][agent.finetune.train_ppo_diffusion_agent][INFO] - approx_kl: 0.6409871578216553, update_epoch: 3, num_batch: 4
[2026-10-09 15:26:55,265][agent.finetune.train_ppo_diffusion_agent][INFO] - approx_kl: 1.2779481410980225, update_epoch: 3, num_batch: 4
[2026-10-09 15:26:57,453][agent.finetune.train_ppo_diffusion_agent][INFO] - approx_kl: 0.9090151190757751, update_epoch: 3, num_batch: 4
[2026-10-09 15:26:59,744][agent.finetune.train_ppo_diffusion_agent][INFO] - approx_kl: 1.1638892889022827, update_epoch: 3, num_batch: 4
[2026-10-09 15:27:01,834][agent.finetune.train_ppo_diffusion_agent][INFO] - approx_kl: 90.01911926269531, update_epoch: 4, num_batch: 4
[2026-10-09 15:27:04,019][agent.finetune.train_ppo_diffusion_agent][INFO] - approx_kl: 1.5734529495239258, update_epoch: 4, num_batch: 4
[2026-10-09 15:27:06,196][agent.finetune.train_ppo_diffusion_agent][INFO] - approx_kl: 1.8652828931808472, update_epoch: 4, num_batch: 4
[2026-10-09 15:27:08,482][agent.finetune.train_ppo_diffusion_agent][INFO] - approx_kl: 2.2083728313446045, update_epoch: 4, num_batch: 4
[2026-10-09 15:27:08,498][agent.finetune.train_ppo_diffusion_agent][INFO] - 31: step  2240000 | loss  -0.0107 | pg loss  -0.0571 | value loss   0.0928 | bc loss   0.0000 | reward 3032.5773 | eta   1.0000 | t: 57.1847 | kl_true_per_action=23.623342779678126 | logratio_p99=15.736479721069248 | clamp_hit_frac=0.002364583333333333
[2026-10-09 15:27:24,052][agent.finetune.train_ppo_diffusion_agent][INFO] - approx_kl: 0.0, update_epoch: 0, num_batch: 4
[2026-10-09 15:27:26,232][agent.finetune.train_ppo_diffusion_agent][INFO] - approx_kl: 0.008224940858781338, update_epoch: 0, num_batch: 4
[2026-10-09 15:27:28,414][agent.finetune.train_ppo_diffusion_agent][INFO] - approx_kl: 0.029446909204125404, update_epoch: 0, num_batch: 4
[2026-10-09 15:27:30,727][agent.finetune.train_ppo_diffusion_agent][INFO] - approx_kl: 0.061013396829366684, update_epoch: 0, num_batch: 4
[2026-10-09 15:27:32,829][agent.finetune.train_ppo_diffusion_agent][INFO] - approx_kl: 0.0954369530081749, update_epoch: 1, num_batch: 4
[2026-10-09 15:27:35,020][agent.finetune.train_ppo_diffusion_agent][INFO] - approx_kl: 0.13838200271129608, update_epoch: 1, num_batch: 4
[2026-10-09 15:27:37,211][agent.finetune.train_ppo_diffusion_agent][INFO] - approx_kl: 0.17890425026416779, update_epoch: 1, num_batch: 4
[2026-10-09 15:27:39,508][agent.finetune.train_ppo_diffusion_agent][INFO] - approx_kl: 0.21822263300418854, update_epoch: 1, num_batch: 4
[2026-10-09 15:27:41,610][agent.finetune.train_ppo_diffusion_agent][INFO] - approx_kl: 0.26325830817222595, update_epoch: 2, num_batch: 4
[2026-10-09 15:27:43,809][agent.finetune.train_ppo_diffusion_agent][INFO] - approx_kl: 0.2942919135093689, update_epoch: 2, num_batch: 4
[2026-10-09 15:27:46,001][agent.finetune.train_ppo_diffusion_agent][INFO] - approx_kl: 0.3334624767303467, update_epoch: 2, num_batch: 4
[2026-10-09 15:27:48,289][agent.finetune.train_ppo_diffusion_agent][INFO] - approx_kl: 0.3675866723060608, update_epoch: 2, num_batch: 4
[2026-10-09 15:27:50,388][agent.finetune.train_ppo_diffusion_agent][INFO] - approx_kl: 0.41098788380622864, update_epoch: 3, num_batch: 4
[2026-10-09 15:27:52,589][agent.finetune.train_ppo_diffusion_agent][INFO] - approx_kl: 0.42977821826934814, update_epoch: 3, num_batch: 4
[2026-10-09 15:27:54,771][agent.finetune.train_ppo_diffusion_agent][INFO] - approx_kl: 0.4890875518321991, update_epoch: 3, num_batch: 4
[2026-10-09 15:27:57,067][agent.finetune.train_ppo_diffusion_agent][INFO] - approx_kl: 0.5097982883453369, update_epoch: 3, num_batch: 4
[2026-10-09 15:27:59,157][agent.finetune.train_ppo_diffusion_agent][INFO] - approx_kl: 0.5773135423660278, update_epoch: 4, num_batch: 4
[2026-10-09 15:28:01,344][agent.finetune.train_ppo_diffusion_agent][INFO] - approx_kl: 0.5967620015144348, update_epoch: 4, num_batch: 4
[2026-10-09 15:28:03,523][agent.finetune.train_ppo_diffusion_agent][INFO] - approx_kl: 1.1619243621826172, update_epoch: 4, num_batch: 4
[2026-10-09 15:28:05,806][agent.finetune.train_ppo_diffusion_agent][INFO] - approx_kl: 0.7804560661315918, update_epoch: 4, num_batch: 4
[2026-10-09 15:28:05,826][agent.finetune.train_ppo_diffusion_agent][INFO] - 32: step  2320000 | loss   0.0268 | pg loss  -0.0096 | value loss   0.0728 | bc loss   0.0000 | reward 1930.7863 | eta   1.0000 | t: 57.3273 | kl_true_per_action=8.795974044937722 | logratio_p99=6.7268650817871025 | clamp_hit_frac=0.0010916666666666666
[2026-10-09 15:28:21,050][agent.finetune.train_ppo_diffusion_agent][INFO] - approx_kl: 0.0, update_epoch: 0, num_batch: 4
[2026-10-09 15:28:23,264][agent.finetune.train_ppo_diffusion_agent][INFO] - approx_kl: 0.005603328812867403, update_epoch: 0, num_batch: 4
[2026-10-09 15:28:25,437][agent.finetune.train_ppo_diffusion_agent][INFO] - approx_kl: 0.020084219053387642, update_epoch: 0, num_batch: 4
[2026-10-09 15:28:27,703][agent.finetune.train_ppo_diffusion_agent][INFO] - approx_kl: 0.0403425507247448, update_epoch: 0, num_batch: 4
[2026-10-09 15:28:29,798][agent.finetune.train_ppo_diffusion_agent][INFO] - approx_kl: 0.0656224936246872, update_epoch: 1, num_batch: 4
[2026-10-09 15:28:31,973][agent.finetune.train_ppo_diffusion_agent][INFO] - approx_kl: 0.09396963566541672, update_epoch: 1, num_batch: 4
[2026-10-09 15:28:34,144][agent.finetune.train_ppo_diffusion_agent][INFO] - approx_kl: 0.12378810346126556, update_epoch: 1, num_batch: 4
[2026-10-09 15:28:36,433][agent.finetune.train_ppo_diffusion_agent][INFO] - approx_kl: 0.15045951306819916, update_epoch: 1, num_batch: 4
[2026-10-09 15:28:38,515][agent.finetune.train_ppo_diffusion_agent][INFO] - approx_kl: 0.18101976811885834, update_epoch: 2, num_batch: 4
[2026-10-09 15:28:40,688][agent.finetune.train_ppo_diffusion_agent][INFO] - approx_kl: 0.2054736465215683, update_epoch: 2, num_batch: 4
[2026-10-09 15:28:42,868][agent.finetune.train_ppo_diffusion_agent][INFO] - approx_kl: 0.23068054020404816, update_epoch: 2, num_batch: 4
[2026-10-09 15:28:45,178][agent.finetune.train_ppo_diffusion_agent][INFO] - approx_kl: 0.25948354601860046, update_epoch: 2, num_batch: 4
[2026-10-09 15:28:47,254][agent.finetune.train_ppo_diffusion_agent][INFO] - approx_kl: 0.28568780422210693, update_epoch: 3, num_batch: 4
[2026-10-09 15:28:49,429][agent.finetune.train_ppo_diffusion_agent][INFO] - approx_kl: 0.31777316331863403, update_epoch: 3, num_batch: 4
[2026-10-09 15:28:51,608][agent.finetune.train_ppo_diffusion_agent][INFO] - approx_kl: 0.336445152759552, update_epoch: 3, num_batch: 4
[2026-10-09 15:28:53,893][agent.finetune.train_ppo_diffusion_agent][INFO] - approx_kl: 0.3675903379917145, update_epoch: 3, num_batch: 4
[2026-10-09 15:28:55,983][agent.finetune.train_ppo_diffusion_agent][INFO] - approx_kl: 0.39216673374176025, update_epoch: 4, num_batch: 4
[2026-10-09 15:28:58,163][agent.finetune.train_ppo_diffusion_agent][INFO] - approx_kl: 0.4342774450778961, update_epoch: 4, num_batch: 4
[2026-10-09 15:29:00,328][agent.finetune.train_ppo_diffusion_agent][INFO] - approx_kl: 0.4585327208042145, update_epoch: 4, num_batch: 4
[2026-10-09 15:29:02,612][agent.finetune.train_ppo_diffusion_agent][INFO] - approx_kl: 0.5008937120437622, update_epoch: 4, num_batch: 4
[2026-10-09 15:29:02,628][agent.finetune.train_ppo_diffusion_agent][INFO] - 33: step  2400000 | loss   0.0080 | pg loss  -0.0186 | value loss   0.0532 | bc loss   0.0000 | reward 1457.4662 | eta   1.0000 | t: 56.8021 | kl_true_per_action=5.244596573060674 | logratio_p99=4.577630224227895 | clamp_hit_frac=0.0009479166666666667
[2026-10-09 15:29:17,246][agent.finetune.train_ppo_diffusion_agent][INFO] - approx_kl: 0.0, update_epoch: 0, num_batch: 4
[2026-10-09 15:29:19,414][agent.finetune.train_ppo_diffusion_agent][INFO] - approx_kl: 0.0009790151380002499, update_epoch: 0, num_batch: 4
[2026-10-09 15:29:21,693][agent.finetune.train_ppo_diffusion_agent][INFO] - approx_kl: 0.0034879292361438274, update_epoch: 0, num_batch: 4
[2026-10-09 15:29:23,790][agent.finetune.train_ppo_diffusion_agent][INFO] - approx_kl: 0.00716304499655962, update_epoch: 0, num_batch: 4
[2026-10-09 15:29:25,979][agent.finetune.train_ppo_diffusion_agent][INFO] - approx_kl: 0.011515459045767784, update_epoch: 1, num_batch: 4
[2026-10-09 15:29:28,147][agent.finetune.train_ppo_diffusion_agent][INFO] - approx_kl: 0.016533030197024345, update_epoch: 1, num_batch: 4
[2026-10-09 15:29:30,420][agent.finetune.train_ppo_diffusion_agent][INFO] - approx_kl: 0.021434666588902473, update_epoch: 1, num_batch: 4
[2026-10-09 15:29:32,512][agent.finetune.train_ppo_diffusion_agent][INFO] - approx_kl: 0.026848556473851204, update_epoch: 1, num_batch: 4
[2026-10-09 15:29:34,710][agent.finetune.train_ppo_diffusion_agent][INFO] - approx_kl: 0.03230607137084007, update_epoch: 2, num_batch: 4
[2026-10-09 15:29:36,901][agent.finetune.train_ppo_diffusion_agent][INFO] - approx_kl: 0.03850580006837845, update_epoch: 2, num_batch: 4
[2026-10-09 15:29:39,190][agent.finetune.train_ppo_diffusion_agent][INFO] - approx_kl: 0.04285259172320366, update_epoch: 2, num_batch: 4
[2026-10-09 15:29:41,296][agent.finetune.train_ppo_diffusion_agent][INFO] - approx_kl: 0.04777570068836212, update_epoch: 2, num_batch: 4
[2026-10-09 15:29:43,488][agent.finetune.train_ppo_diffusion_agent][INFO] - approx_kl: 0.052895911037921906, update_epoch: 3, num_batch: 4
[2026-10-09 15:29:45,667][agent.finetune.train_ppo_diffusion_agent][INFO] - approx_kl: 0.057626452296972275, update_epoch: 3, num_batch: 4
[2026-10-09 15:29:47,962][agent.finetune.train_ppo_diffusion_agent][INFO] - approx_kl: 0.0629071369767189, update_epoch: 3, num_batch: 4
[2026-10-09 15:29:50,044][agent.finetune.train_ppo_diffusion_agent][INFO] - approx_kl: 0.0702768862247467, update_epoch: 3, num_batch: 4
[2026-10-09 15:29:52,225][agent.finetune.train_ppo_diffusion_agent][INFO] - approx_kl: 0.0736091136932373, update_epoch: 4, num_batch: 4
[2026-10-09 15:29:54,402][agent.finetune.train_ppo_diffusion_agent][INFO] - approx_kl: 0.078914575278759, update_epoch: 4, num_batch: 4
[2026-10-09 15:29:56,672][agent.finetune.train_ppo_diffusion_agent][INFO] - approx_kl: 0.08315607160329819, update_epoch: 4, num_batch: 4
[2026-10-09 15:29:58,765][agent.finetune.train_ppo_diffusion_agent][INFO] - approx_kl: 0.09062226116657257, update_epoch: 4, num_batch: 4
[2026-10-09 15:29:58,786][agent.finetune.train_ppo_diffusion_agent][INFO] - 34: step  2480000 | loss   0.0172 | pg loss  -0.0043 | value loss   0.0430 | bc loss   0.0000 | reward 1434.1004 | eta   1.0000 | t: 56.1583 | kl_true_per_action=0.9765318489755025 | logratio_p99=1.5302936148643491 | clamp_hit_frac=0.0007958333333333333
[2026-10-09 15:30:13,572][agent.finetune.train_ppo_diffusion_agent][INFO] - approx_kl: 0.0, update_epoch: 0, num_batch: 4
[2026-10-09 15:30:15,759][agent.finetune.train_ppo_diffusion_agent][INFO] - approx_kl: 0.000180579605512321, update_epoch: 0, num_batch: 4
[2026-10-09 15:30:18,052][agent.finetune.train_ppo_diffusion_agent][INFO] - approx_kl: 0.0007332467357628047, update_epoch: 0, num_batch: 4
[2026-10-09 15:30:20,135][agent.finetune.train_ppo_diffusion_agent][INFO] - approx_kl: 0.0015812081983312964, update_epoch: 0, num_batch: 4
[2026-10-09 15:30:22,314][agent.finetune.train_ppo_diffusion_agent][INFO] - approx_kl: 0.002709506079554558, update_epoch: 1, num_batch: 4
[2026-10-09 15:30:24,492][agent.finetune.train_ppo_diffusion_agent][INFO] - approx_kl: 0.003840428777039051, update_epoch: 1, num_batch: 4
[2026-10-09 15:30:26,790][agent.finetune.train_ppo_diffusion_agent][INFO] - approx_kl: 0.005495353136211634, update_epoch: 1, num_batch: 4
[2026-10-09 15:30:28,878][agent.finetune.train_ppo_diffusion_agent][INFO] - approx_kl: 0.007464464753866196, update_epoch: 1, num_batch: 4
[2026-10-09 15:30:31,058][agent.finetune.train_ppo_diffusion_agent][INFO] - approx_kl: 0.009879963472485542, update_epoch: 2, num_batch: 4
[2026-10-09 15:30:33,235][agent.finetune.train_ppo_diffusion_agent][INFO] - approx_kl: 0.012281078845262527, update_epoch: 2, num_batch: 4
[2026-10-09 15:30:35,521][agent.finetune.train_ppo_diffusion_agent][INFO] - approx_kl: 0.015603234060108662, update_epoch: 2, num_batch: 4
[2026-10-09 15:30:37,614][agent.finetune.train_ppo_diffusion_agent][INFO] - approx_kl: 0.01868194341659546, update_epoch: 2, num_batch: 4
[2026-10-09 15:30:39,795][agent.finetune.train_ppo_diffusion_agent][INFO] - approx_kl: 0.02262086793780327, update_epoch: 3, num_batch: 4
[2026-10-09 15:30:41,976][agent.finetune.train_ppo_diffusion_agent][INFO] - approx_kl: 0.026769686490297318, update_epoch: 3, num_batch: 4
[2026-10-09 15:30:44,266][agent.finetune.train_ppo_diffusion_agent][INFO] - approx_kl: 0.03082829713821411, update_epoch: 3, num_batch: 4
[2026-10-09 15:30:46,357][agent.finetune.train_ppo_diffusion_agent][INFO] - approx_kl: 0.03665521368384361, update_epoch: 3, num_batch: 4
[2026-10-09 15:30:48,536][agent.finetune.train_ppo_diffusion_agent][INFO] - approx_kl: 0.04160422831773758, update_epoch: 4, num_batch: 4
[2026-10-09 15:30:50,715][agent.finetune.train_ppo_diffusion_agent][INFO] - approx_kl: 0.0473298504948616, update_epoch: 4, num_batch: 4
[2026-10-09 15:30:53,004][agent.finetune.train_ppo_diffusion_agent][INFO] - approx_kl: 0.054550427943468094, update_epoch: 4, num_batch: 4
[2026-10-09 15:30:55,127][agent.finetune.train_ppo_diffusion_agent][INFO] - approx_kl: 0.061275262385606766, update_epoch: 4, num_batch: 4
[2026-10-09 15:30:55,171][agent.finetune.train_agent][INFO] - Saved model to /soalnas/share/data/zbao7/diffusion_policy/results/stage2_noclip/runs/NC3_seed1/native/checkpoint/state_35.pt
[2026-10-09 15:30:55,171][agent.finetune.train_ppo_diffusion_agent][INFO] - 35: step  2560000 | loss   0.0100 | pg loss  -0.0085 | value loss   0.0369 | bc loss   0.0000 | reward 1598.1623 | eta   1.0000 | t: 56.3856 | kl_true_per_action=0.6751139774248361 | logratio_p99=1.3003526127338394 | clamp_hit_frac=0.0007895833333333333
[2026-10-09 15:31:09,926][agent.finetune.train_ppo_diffusion_agent][INFO] - approx_kl: 0.0, update_epoch: 0, num_batch: 4
[2026-10-09 15:31:12,091][agent.finetune.train_ppo_diffusion_agent][INFO] - approx_kl: 0.0002767450350802392, update_epoch: 0, num_batch: 4
[2026-10-09 15:31:14,371][agent.finetune.train_ppo_diffusion_agent][INFO] - approx_kl: 0.0010493320878595114, update_epoch: 0, num_batch: 4
[2026-10-09 15:31:16,454][agent.finetune.train_ppo_diffusion_agent][INFO] - approx_kl: 0.0021768708247691393, update_epoch: 0, num_batch: 4
[2026-10-09 15:31:18,647][agent.finetune.train_ppo_diffusion_agent][INFO] - approx_kl: 0.003877404611557722, update_epoch: 1, num_batch: 4
[2026-10-09 15:31:20,913][agent.finetune.train_ppo_diffusion_agent][INFO] - approx_kl: 0.0059148711152374744, update_epoch: 1, num_batch: 4
[2026-10-09 15:31:22,997][agent.finetune.train_ppo_diffusion_agent][INFO] - approx_kl: 0.008322156965732574, update_epoch: 1, num_batch: 4
[2026-10-09 15:31:25,171][agent.finetune.train_ppo_diffusion_agent][INFO] - approx_kl: 0.011318478733301163, update_epoch: 1, num_batch: 4
[2026-10-09 15:31:27,353][agent.finetune.train_ppo_diffusion_agent][INFO] - approx_kl: 0.01520563568919897, update_epoch: 2, num_batch: 4
[2026-10-09 15:31:29,627][agent.finetune.train_ppo_diffusion_agent][INFO] - approx_kl: 0.01868516393005848, update_epoch: 2, num_batch: 4
[2026-10-09 15:31:31,719][agent.finetune.train_ppo_diffusion_agent][INFO] - approx_kl: 0.023634230718016624, update_epoch: 2, num_batch: 4
[2026-10-09 15:31:33,897][agent.finetune.train_ppo_diffusion_agent][INFO] - approx_kl: 0.028716735541820526, update_epoch: 2, num_batch: 4
[2026-10-09 15:31:36,089][agent.finetune.train_ppo_diffusion_agent][INFO] - approx_kl: 0.03555883839726448, update_epoch: 3, num_batch: 4
[2026-10-09 15:31:38,382][agent.finetune.train_ppo_diffusion_agent][INFO] - approx_kl: 0.040394607931375504, update_epoch: 3, num_batch: 4
[2026-10-09 15:31:40,480][agent.finetune.train_ppo_diffusion_agent][INFO] - approx_kl: 0.048043567687273026, update_epoch: 3, num_batch: 4
[2026-10-09 15:31:42,662][agent.finetune.train_ppo_diffusion_agent][INFO] - approx_kl: 0.056311629712581635, update_epoch: 3, num_batch: 4
[2026-10-09 15:31:44,846][agent.finetune.train_ppo_diffusion_agent][INFO] - approx_kl: 0.06559086591005325, update_epoch: 4, num_batch: 4
[2026-10-09 15:31:47,176][agent.finetune.train_ppo_diffusion_agent][INFO] - approx_kl: 0.07596827298402786, update_epoch: 4, num_batch: 4
[2026-10-09 15:31:49,276][agent.finetune.train_ppo_diffusion_agent][INFO] - approx_kl: 0.08620011806488037, update_epoch: 4, num_batch: 4
[2026-10-09 15:31:51,457][agent.finetune.train_ppo_diffusion_agent][INFO] - approx_kl: 0.09983614087104797, update_epoch: 4, num_batch: 4
[2026-10-09 15:31:51,473][agent.finetune.train_ppo_diffusion_agent][INFO] - 36: step  2640000 | loss   0.0086 | pg loss  -0.0097 | value loss   0.0367 | bc loss   0.0000 | reward 1875.9647 | eta   1.0000 | t: 56.3013 | kl_true_per_action=1.1354405298576102 | logratio_p99=1.7167312407493582 | clamp_hit_frac=0.0008416666666666667
[2026-10-09 15:32:06,174][agent.finetune.train_ppo_diffusion_agent][INFO] - approx_kl: 0.0, update_epoch: 0, num_batch: 4
[2026-10-09 15:32:08,477][agent.finetune.train_ppo_diffusion_agent][INFO] - approx_kl: 0.0003244966792408377, update_epoch: 0, num_batch: 4
[2026-10-09 15:32:10,574][agent.finetune.train_ppo_diffusion_agent][INFO] - approx_kl: 0.0012963592307642102, update_epoch: 0, num_batch: 4
[2026-10-09 15:32:12,758][agent.finetune.train_ppo_diffusion_agent][INFO] - approx_kl: 0.0028528564143925905, update_epoch: 0, num_batch: 4
[2026-10-09 15:32:14,943][agent.finetune.train_ppo_diffusion_agent][INFO] - approx_kl: 0.005076558794826269, update_epoch: 1, num_batch: 4
[2026-10-09 15:32:17,227][agent.finetune.train_ppo_diffusion_agent][INFO] - approx_kl: 0.00838647410273552, update_epoch: 1, num_batch: 4
[2026-10-09 15:32:19,312][agent.finetune.train_ppo_diffusion_agent][INFO] - approx_kl: 0.011823776178061962, update_epoch: 1, num_batch: 4
[2026-10-09 15:32:21,501][agent.finetune.train_ppo_diffusion_agent][INFO] - approx_kl: 0.01624312438070774, update_epoch: 1, num_batch: 4
[2026-10-09 15:32:23,680][agent.finetune.train_ppo_diffusion_agent][INFO] - approx_kl: 0.02096063271164894, update_epoch: 2, num_batch: 4
[2026-10-09 15:32:25,961][agent.finetune.train_ppo_diffusion_agent][INFO] - approx_kl: 0.026161449030041695, update_epoch: 2, num_batch: 4
[2026-10-09 15:32:28,051][agent.finetune.train_ppo_diffusion_agent][INFO] - approx_kl: 0.032549865543842316, update_epoch: 2, num_batch: 4
[2026-10-09 15:32:30,222][agent.finetune.train_ppo_diffusion_agent][INFO] - approx_kl: 0.04072485864162445, update_epoch: 2, num_batch: 4
[2026-10-09 15:32:32,390][agent.finetune.train_ppo_diffusion_agent][INFO] - approx_kl: 0.04882514476776123, update_epoch: 3, num_batch: 4
[2026-10-09 15:32:34,672][agent.finetune.train_ppo_diffusion_agent][INFO] - approx_kl: 0.056504763662815094, update_epoch: 3, num_batch: 4
[2026-10-09 15:32:36,810][agent.finetune.train_ppo_diffusion_agent][INFO] - approx_kl: 0.0651596188545227, update_epoch: 3, num_batch: 4
[2026-10-09 15:32:38,980][agent.finetune.train_ppo_diffusion_agent][INFO] - approx_kl: 0.07642059028148651, update_epoch: 3, num_batch: 4
[2026-10-09 15:32:41,153][agent.finetune.train_ppo_diffusion_agent][INFO] - approx_kl: 0.08871294558048248, update_epoch: 4, num_batch: 4
[2026-10-09 15:32:43,425][agent.finetune.train_ppo_diffusion_agent][INFO] - approx_kl: 0.10229353606700897, update_epoch: 4, num_batch: 4
[2026-10-09 15:32:45,509][agent.finetune.train_ppo_diffusion_agent][INFO] - approx_kl: 0.11666122078895569, update_epoch: 4, num_batch: 4
[2026-10-09 15:32:47,690][agent.finetune.train_ppo_diffusion_agent][INFO] - approx_kl: 0.1319136917591095, update_epoch: 4, num_batch: 4
[2026-10-09 15:32:47,707][agent.finetune.train_ppo_diffusion_agent][INFO] - 37: step  2720000 | loss   0.0080 | pg loss  -0.0101 | value loss   0.0362 | bc loss   0.0000 | reward 2202.0174 | eta   1.0000 | t: 56.2339 | kl_true_per_action=1.5084060827006498 | logratio_p99=2.1035869574546746 | clamp_hit_frac=0.0008458333333333333
[2026-10-09 15:33:02,412][agent.finetune.train_ppo_diffusion_agent][INFO] - approx_kl: 0.0, update_epoch: 0, num_batch: 4
[2026-10-09 15:33:04,695][agent.finetune.train_ppo_diffusion_agent][INFO] - approx_kl: 0.0005673037958331406, update_epoch: 0, num_batch: 4
[2026-10-09 15:33:06,808][agent.finetune.train_ppo_diffusion_agent][INFO] - approx_kl: 0.0021771970205008984, update_epoch: 0, num_batch: 4
[2026-10-09 15:33:08,996][agent.finetune.train_ppo_diffusion_agent][INFO] - approx_kl: 0.004562628921121359, update_epoch: 0, num_batch: 4
[2026-10-09 15:33:11,177][agent.finetune.train_ppo_diffusion_agent][INFO] - approx_kl: 0.007700573652982712, update_epoch: 1, num_batch: 4
[2026-10-09 15:33:13,470][agent.finetune.train_ppo_diffusion_agent][INFO] - approx_kl: 0.011245504952967167, update_epoch: 1, num_batch: 4
[2026-10-09 15:33:15,570][agent.finetune.train_ppo_diffusion_agent][INFO] - approx_kl: 0.015559721738100052, update_epoch: 1, num_batch: 4
[2026-10-09 15:33:17,759][agent.finetune.train_ppo_diffusion_agent][INFO] - approx_kl: 0.021076712757349014, update_epoch: 1, num_batch: 4
[2026-10-09 15:33:19,947][agent.finetune.train_ppo_diffusion_agent][INFO] - approx_kl: 0.02742275409400463, update_epoch: 2, num_batch: 4
[2026-10-09 15:33:22,244][agent.finetune.train_ppo_diffusion_agent][INFO] - approx_kl: 0.03454004228115082, update_epoch: 2, num_batch: 4
[2026-10-09 15:33:24,340][agent.finetune.train_ppo_diffusion_agent][INFO] - approx_kl: 0.04225371778011322, update_epoch: 2, num_batch: 4
[2026-10-09 15:33:26,525][agent.finetune.train_ppo_diffusion_agent][INFO] - approx_kl: 0.05155127868056297, update_epoch: 2, num_batch: 4
[2026-10-09 15:33:28,760][agent.finetune.train_ppo_diffusion_agent][INFO] - approx_kl: 0.06165000796318054, update_epoch: 3, num_batch: 4
[2026-10-09 15:33:31,052][agent.finetune.train_ppo_diffusion_agent][INFO] - approx_kl: 0.07175782322883606, update_epoch: 3, num_batch: 4
[2026-10-09 15:33:33,154][agent.finetune.train_ppo_diffusion_agent][INFO] - approx_kl: 0.08229921758174896, update_epoch: 3, num_batch: 4
[2026-10-09 15:33:35,344][agent.finetune.train_ppo_diffusion_agent][INFO] - approx_kl: 0.09292597323656082, update_epoch: 3, num_batch: 4
[2026-10-09 15:33:37,540][agent.finetune.train_ppo_diffusion_agent][INFO] - approx_kl: 0.10818655788898468, update_epoch: 4, num_batch: 4
[2026-10-09 15:33:39,851][agent.finetune.train_ppo_diffusion_agent][INFO] - approx_kl: 0.12375791370868683, update_epoch: 4, num_batch: 4
[2026-10-09 15:33:41,958][agent.finetune.train_ppo_diffusion_agent][INFO] - approx_kl: 0.13899236917495728, update_epoch: 4, num_batch: 4
[2026-10-09 15:33:44,148][agent.finetune.train_ppo_diffusion_agent][INFO] - approx_kl: 0.16043159365653992, update_epoch: 4, num_batch: 4
[2026-10-09 15:33:44,165][agent.finetune.train_ppo_diffusion_agent][INFO] - 38: step  2800000 | loss   0.0053 | pg loss  -0.0147 | value loss   0.0401 | bc loss   0.0000 | reward 2556.3295 | eta   1.0000 | t: 56.4586 | kl_true_per_action=1.829538636551984 | logratio_p99=2.169679234027859 | clamp_hit_frac=0.00083125
[2026-10-09 15:33:58,962][agent.finetune.train_ppo_diffusion_agent][INFO] - approx_kl: 0.0, update_epoch: 0, num_batch: 4
[2026-10-09 15:34:01,252][agent.finetune.train_ppo_diffusion_agent][INFO] - approx_kl: 0.0005344354431144893, update_epoch: 0, num_batch: 4
[2026-10-09 15:34:03,355][agent.finetune.train_ppo_diffusion_agent][INFO] - approx_kl: 0.00202377513051033, update_epoch: 0, num_batch: 4
[2026-10-09 15:34:05,553][agent.finetune.train_ppo_diffusion_agent][INFO] - approx_kl: 0.004288411233574152, update_epoch: 0, num_batch: 4
[2026-10-09 15:34:07,745][agent.finetune.train_ppo_diffusion_agent][INFO] - approx_kl: 0.006889752112329006, update_epoch: 1, num_batch: 4
[2026-10-09 15:34:10,049][agent.finetune.train_ppo_diffusion_agent][INFO] - approx_kl: 0.009458941407501698, update_epoch: 1, num_batch: 4
[2026-10-09 15:34:12,148][agent.finetune.train_ppo_diffusion_agent][INFO] - approx_kl: 0.012472407892346382, update_epoch: 1, num_batch: 4
[2026-10-09 15:34:14,337][agent.finetune.train_ppo_diffusion_agent][INFO] - approx_kl: 0.015716098248958588, update_epoch: 1, num_batch: 4
[2026-10-09 15:34:16,520][agent.finetune.train_ppo_diffusion_agent][INFO] - approx_kl: 0.019091233611106873, update_epoch: 2, num_batch: 4
[2026-10-09 15:34:18,831][agent.finetune.train_ppo_diffusion_agent][INFO] - approx_kl: 0.022858094424009323, update_epoch: 2, num_batch: 4
[2026-10-09 15:34:20,928][agent.finetune.train_ppo_diffusion_agent][INFO] - approx_kl: 0.027338333427906036, update_epoch: 2, num_batch: 4
[2026-10-09 15:34:23,159][agent.finetune.train_ppo_diffusion_agent][INFO] - approx_kl: 0.03140778839588165, update_epoch: 2, num_batch: 4
[2026-10-09 15:34:25,354][agent.finetune.train_ppo_diffusion_agent][INFO] - approx_kl: 0.03619006276130676, update_epoch: 3, num_batch: 4
[2026-10-09 15:34:27,632][agent.finetune.train_ppo_diffusion_agent][INFO] - approx_kl: 0.039362601935863495, update_epoch: 3, num_batch: 4
[2026-10-09 15:34:29,723][agent.finetune.train_ppo_diffusion_agent][INFO] - approx_kl: 0.043931737542152405, update_epoch: 3, num_batch: 4
[2026-10-09 15:34:31,917][agent.finetune.train_ppo_diffusion_agent][INFO] - approx_kl: 0.047876887023448944, update_epoch: 3, num_batch: 4
[2026-10-09 15:34:34,102][agent.finetune.train_ppo_diffusion_agent][INFO] - approx_kl: 0.054821405559778214, update_epoch: 4, num_batch: 4
[2026-10-09 15:34:36,397][agent.finetune.train_ppo_diffusion_agent][INFO] - approx_kl: 0.061273250728845596, update_epoch: 4, num_batch: 4
[2026-10-09 15:34:38,508][agent.finetune.train_ppo_diffusion_agent][INFO] - approx_kl: 0.06768850982189178, update_epoch: 4, num_batch: 4
[2026-10-09 15:34:40,725][agent.finetune.train_ppo_diffusion_agent][INFO] - approx_kl: 0.07419245690107346, update_epoch: 4, num_batch: 4
[2026-10-09 15:34:40,741][agent.finetune.train_ppo_diffusion_agent][INFO] - 39: step  2880000 | loss   0.0100 | pg loss  -0.0122 | value loss   0.0444 | bc loss   0.0000 | reward 2800.1927 | eta   1.0000 | t: 56.5758 | kl_true_per_action=0.8379037521781767 | logratio_p99=1.4552124774455972 | clamp_hit_frac=0.0007833333333333334
[2026-10-09 15:34:53,230][agent.finetune.train_ppo_diffusion_agent][INFO] - eval: success rate   1.0000 | avg episode reward 3000.7741 | avg best reward   4.9698
[2026-10-09 15:35:08,373][agent.finetune.train_ppo_diffusion_agent][INFO] - approx_kl: 0.0, update_epoch: 0, num_batch: 4
[2026-10-09 15:35:10,456][agent.finetune.train_ppo_diffusion_agent][INFO] - approx_kl: 0.0002249536628369242, update_epoch: 0, num_batch: 4
[2026-10-09 15:35:12,667][agent.finetune.train_ppo_diffusion_agent][INFO] - approx_kl: 0.0008794852183200419, update_epoch: 0, num_batch: 4
[2026-10-09 15:35:14,844][agent.finetune.train_ppo_diffusion_agent][INFO] - approx_kl: 0.0019311318174004555, update_epoch: 0, num_batch: 4
[2026-10-09 15:35:17,130][agent.finetune.train_ppo_diffusion_agent][INFO] - approx_kl: 0.003469515359029174, update_epoch: 1, num_batch: 4
[2026-10-09 15:35:19,236][agent.finetune.train_ppo_diffusion_agent][INFO] - approx_kl: 0.005545488093048334, update_epoch: 1, num_batch: 4
[2026-10-09 15:35:21,412][agent.finetune.train_ppo_diffusion_agent][INFO] - approx_kl: 0.0080006318166852, update_epoch: 1, num_batch: 4
[2026-10-09 15:35:23,641][agent.finetune.train_ppo_diffusion_agent][INFO] - approx_kl: 0.010846325196325779, update_epoch: 1, num_batch: 4
[2026-10-09 15:35:25,928][agent.finetune.train_ppo_diffusion_agent][INFO] - approx_kl: 0.013781473971903324, update_epoch: 2, num_batch: 4
[2026-10-09 15:35:28,013][agent.finetune.train_ppo_diffusion_agent][INFO] - approx_kl: 0.017437953501939774, update_epoch: 2, num_batch: 4
[2026-10-09 15:35:30,171][agent.finetune.train_ppo_diffusion_agent][INFO] - approx_kl: 0.022198231890797615, update_epoch: 2, num_batch: 4
[2026-10-09 15:35:32,339][agent.finetune.train_ppo_diffusion_agent][INFO] - approx_kl: 0.025555536150932312, update_epoch: 2, num_batch: 4
[2026-10-09 15:35:34,626][agent.finetune.train_ppo_diffusion_agent][INFO] - approx_kl: 0.03016713261604309, update_epoch: 3, num_batch: 4
[2026-10-09 15:35:36,704][agent.finetune.train_ppo_diffusion_agent][INFO] - approx_kl: 0.03532424196600914, update_epoch: 3, num_batch: 4
[2026-10-09 15:35:38,874][agent.finetune.train_ppo_diffusion_agent][INFO] - approx_kl: 0.04081638902425766, update_epoch: 3, num_batch: 4
[2026-10-09 15:35:41,041][agent.finetune.train_ppo_diffusion_agent][INFO] - approx_kl: 0.04672813415527344, update_epoch: 3, num_batch: 4
[2026-10-09 15:35:43,307][agent.finetune.train_ppo_diffusion_agent][INFO] - approx_kl: 0.05227130651473999, update_epoch: 4, num_batch: 4
[2026-10-09 15:35:45,383][agent.finetune.train_ppo_diffusion_agent][INFO] - approx_kl: 0.06052117049694061, update_epoch: 4, num_batch: 4
[2026-10-09 15:35:47,547][agent.finetune.train_ppo_diffusion_agent][INFO] - approx_kl: 0.06815484166145325, update_epoch: 4, num_batch: 4
[2026-10-09 15:35:49,704][agent.finetune.train_ppo_diffusion_agent][INFO] - approx_kl: 0.07372267544269562, update_epoch: 4, num_batch: 4
[2026-10-09 15:35:49,727][agent.finetune.train_ppo_diffusion_agent][INFO] - 41: step  2960000 | loss   0.0114 | pg loss  -0.0130 | value loss   0.0487 | bc loss   0.0000 | reward 2937.3367 | eta   1.0000 | t: 56.4967 | kl_true_per_action=0.8072977921535572 | logratio_p99=1.4151722490787488 | clamp_hit_frac=0.0007895833333333333
[2026-10-09 15:36:05,488][agent.finetune.train_ppo_diffusion_agent][INFO] - approx_kl: 0.0, update_epoch: 0, num_batch: 4
[2026-10-09 15:36:07,578][agent.finetune.train_ppo_diffusion_agent][INFO] - approx_kl: 0.00031834928086027503, update_epoch: 0, num_batch: 4
[2026-10-09 15:36:09,755][agent.finetune.train_ppo_diffusion_agent][INFO] - approx_kl: 0.0011173069942742586, update_epoch: 0, num_batch: 4
[2026-10-09 15:36:11,936][agent.finetune.train_ppo_diffusion_agent][INFO] - approx_kl: 0.002360164886340499, update_epoch: 0, num_batch: 4
[2026-10-09 15:36:14,224][agent.finetune.train_ppo_diffusion_agent][INFO] - approx_kl: 0.0038943206891417503, update_epoch: 1, num_batch: 4
[2026-10-09 15:36:16,320][agent.finetune.train_ppo_diffusion_agent][INFO] - approx_kl: 0.0059562851674854755, update_epoch: 1, num_batch: 4
[2026-10-09 15:36:18,503][agent.finetune.train_ppo_diffusion_agent][INFO] - approx_kl: 0.008839491754770279, update_epoch: 1, num_batch: 4
[2026-10-09 15:36:20,697][agent.finetune.train_ppo_diffusion_agent][INFO] - approx_kl: 0.011735595762729645, update_epoch: 1, num_batch: 4
[2026-10-09 15:36:23,002][agent.finetune.train_ppo_diffusion_agent][INFO] - approx_kl: 0.014441564679145813, update_epoch: 2, num_batch: 4
[2026-10-09 15:36:25,086][agent.finetune.train_ppo_diffusion_agent][INFO] - approx_kl: 0.01827812008559704, update_epoch: 2, num_batch: 4
[2026-10-09 15:36:27,275][agent.finetune.train_ppo_diffusion_agent][INFO] - approx_kl: 0.02155597321689129, update_epoch: 2, num_batch: 4
[2026-10-09 15:36:29,461][agent.finetune.train_ppo_diffusion_agent][INFO] - approx_kl: 0.026163358241319656, update_epoch: 2, num_batch: 4
[2026-10-09 15:36:31,754][agent.finetune.train_ppo_diffusion_agent][INFO] - approx_kl: 0.030599789693951607, update_epoch: 3, num_batch: 4
[2026-10-09 15:36:33,859][agent.finetune.train_ppo_diffusion_agent][INFO] - approx_kl: 0.035300321877002716, update_epoch: 3, num_batch: 4
[2026-10-09 15:36:36,043][agent.finetune.train_ppo_diffusion_agent][INFO] - approx_kl: 0.04094920679926872, update_epoch: 3, num_batch: 4
[2026-10-09 15:36:38,217][agent.finetune.train_ppo_diffusion_agent][INFO] - approx_kl: 0.04567543789744377, update_epoch: 3, num_batch: 4
[2026-10-09 15:36:40,506][agent.finetune.train_ppo_diffusion_agent][INFO] - approx_kl: 0.052162617444992065, update_epoch: 4, num_batch: 4
[2026-10-09 15:36:42,593][agent.finetune.train_ppo_diffusion_agent][INFO] - approx_kl: 0.06165219098329544, update_epoch: 4, num_batch: 4
[2026-10-09 15:36:44,776][agent.finetune.train_ppo_diffusion_agent][INFO] - approx_kl: 0.06777215749025345, update_epoch: 4, num_batch: 4
[2026-10-09 15:36:46,939][agent.finetune.train_ppo_diffusion_agent][INFO] - approx_kl: 0.0740216001868248, update_epoch: 4, num_batch: 4
[2026-10-09 15:36:46,961][agent.finetune.train_ppo_diffusion_agent][INFO] - 42: step  3040000 | loss   0.0144 | pg loss  -0.0123 | value loss   0.0533 | bc loss   0.0000 | reward 3164.5652 | eta   1.0000 | t: 57.2341 | kl_true_per_action=0.818491300807642 | logratio_p99=1.4901378107070837 | clamp_hit_frac=0.0008333333333333334
[2026-10-09 15:37:02,855][agent.finetune.train_ppo_diffusion_agent][INFO] - approx_kl: 0.0, update_epoch: 0, num_batch: 4
[2026-10-09 15:37:04,961][agent.finetune.train_ppo_diffusion_agent][INFO] - approx_kl: 0.0002131637156708166, update_epoch: 0, num_batch: 4
[2026-10-09 15:37:07,140][agent.finetune.train_ppo_diffusion_agent][INFO] - approx_kl: 0.0008574528037570417, update_epoch: 0, num_batch: 4
[2026-10-09 15:37:09,432][agent.finetune.train_ppo_diffusion_agent][INFO] - approx_kl: 0.0017983251018449664, update_epoch: 0, num_batch: 4
[2026-10-09 15:37:11,527][agent.finetune.train_ppo_diffusion_agent][INFO] - approx_kl: 0.002837731968611479, update_epoch: 1, num_batch: 4
[2026-10-09 15:37:13,700][agent.finetune.train_ppo_diffusion_agent][INFO] - approx_kl: 0.004138604737818241, update_epoch: 1, num_batch: 4
[2026-10-09 15:37:15,875][agent.finetune.train_ppo_diffusion_agent][INFO] - approx_kl: 0.005644489545375109, update_epoch: 1, num_batch: 4
[2026-10-09 15:37:18,147][agent.finetune.train_ppo_diffusion_agent][INFO] - approx_kl: 0.007252246607095003, update_epoch: 1, num_batch: 4
[2026-10-09 15:37:20,232][agent.finetune.train_ppo_diffusion_agent][INFO] - approx_kl: 0.009247113950550556, update_epoch: 2, num_batch: 4
[2026-10-09 15:37:22,394][agent.finetune.train_ppo_diffusion_agent][INFO] - approx_kl: 0.01124359667301178, update_epoch: 2, num_batch: 4
[2026-10-09 15:37:24,571][agent.finetune.train_ppo_diffusion_agent][INFO] - approx_kl: 0.013919721357524395, update_epoch: 2, num_batch: 4
[2026-10-09 15:37:26,930][agent.finetune.train_ppo_diffusion_agent][INFO] - approx_kl: 0.016975464299321175, update_epoch: 2, num_batch: 4
[2026-10-09 15:37:29,041][agent.finetune.train_ppo_diffusion_agent][INFO] - approx_kl: 0.01922965794801712, update_epoch: 3, num_batch: 4
[2026-10-09 15:37:31,253][agent.finetune.train_ppo_diffusion_agent][INFO] - approx_kl: 0.022539284080266953, update_epoch: 3, num_batch: 4
[2026-10-09 15:37:33,456][agent.finetune.train_ppo_diffusion_agent][INFO] - approx_kl: 0.025533558800816536, update_epoch: 3, num_batch: 4
[2026-10-09 15:37:35,774][agent.finetune.train_ppo_diffusion_agent][INFO] - approx_kl: 0.02914245054125786, update_epoch: 3, num_batch: 4
[2026-10-09 15:37:37,880][agent.finetune.train_ppo_diffusion_agent][INFO] - approx_kl: 0.03290610387921333, update_epoch: 4, num_batch: 4
[2026-10-09 15:37:40,072][agent.finetune.train_ppo_diffusion_agent][INFO] - approx_kl: 0.037589624524116516, update_epoch: 4, num_batch: 4
[2026-10-09 15:37:42,260][agent.finetune.train_ppo_diffusion_agent][INFO] - approx_kl: 0.044042762368917465, update_epoch: 4, num_batch: 4
[2026-10-09 15:37:44,559][agent.finetune.train_ppo_diffusion_agent][INFO] - approx_kl: 0.04916413128376007, update_epoch: 4, num_batch: 4
[2026-10-09 15:37:44,578][agent.finetune.train_ppo_diffusion_agent][INFO] - 43: step  3120000 | loss   0.0217 | pg loss  -0.0073 | value loss   0.0580 | bc loss   0.0000 | reward 3271.0108 | eta   1.0000 | t: 57.6174 | kl_true_per_action=0.5579253752928219 | logratio_p99=1.2337602460384365 | clamp_hit_frac=0.0007833333333333334
[2026-10-09 15:37:59,904][agent.finetune.train_ppo_diffusion_agent][INFO] - approx_kl: 0.0, update_epoch: 0, num_batch: 4
[2026-10-09 15:38:02,101][agent.finetune.train_ppo_diffusion_agent][INFO] - approx_kl: 0.0001596108340891078, update_epoch: 0, num_batch: 4
[2026-10-09 15:38:04,290][agent.finetune.train_ppo_diffusion_agent][INFO] - approx_kl: 0.000686139683239162, update_epoch: 0, num_batch: 4
[2026-10-09 15:38:06,594][agent.finetune.train_ppo_diffusion_agent][INFO] - approx_kl: 0.0015123848570510745, update_epoch: 0, num_batch: 4
[2026-10-09 15:38:08,693][agent.finetune.train_ppo_diffusion_agent][INFO] - approx_kl: 0.002530389931052923, update_epoch: 1, num_batch: 4
[2026-10-09 15:38:10,884][agent.finetune.train_ppo_diffusion_agent][INFO] - approx_kl: 0.0037707763258367777, update_epoch: 1, num_batch: 4
[2026-10-09 15:38:13,071][agent.finetune.train_ppo_diffusion_agent][INFO] - approx_kl: 0.005503280088305473, update_epoch: 1, num_batch: 4
[2026-10-09 15:38:15,370][agent.finetune.train_ppo_diffusion_agent][INFO] - approx_kl: 0.007525120861828327, update_epoch: 1, num_batch: 4
[2026-10-09 15:38:17,469][agent.finetune.train_ppo_diffusion_agent][INFO] - approx_kl: 0.009985411539673805, update_epoch: 2, num_batch: 4
[2026-10-09 15:38:19,671][agent.finetune.train_ppo_diffusion_agent][INFO] - approx_kl: 0.012920817360281944, update_epoch: 2, num_batch: 4
[2026-10-09 15:38:21,874][agent.finetune.train_ppo_diffusion_agent][INFO] - approx_kl: 0.01606730744242668, update_epoch: 2, num_batch: 4
[2026-10-09 15:38:24,187][agent.finetune.train_ppo_diffusion_agent][INFO] - approx_kl: 0.019856564700603485, update_epoch: 2, num_batch: 4
[2026-10-09 15:38:26,294][agent.finetune.train_ppo_diffusion_agent][INFO] - approx_kl: 0.024113163352012634, update_epoch: 3, num_batch: 4
[2026-10-09 15:38:28,511][agent.finetune.train_ppo_diffusion_agent][INFO] - approx_kl: 0.0286266952753067, update_epoch: 3, num_batch: 4
[2026-10-09 15:38:30,737][agent.finetune.train_ppo_diffusion_agent][INFO] - approx_kl: 0.03418082371354103, update_epoch: 3, num_batch: 4
[2026-10-09 15:38:33,037][agent.finetune.train_ppo_diffusion_agent][INFO] - approx_kl: 0.04117404296994209, update_epoch: 3, num_batch: 4
[2026-10-09 15:38:35,138][agent.finetune.train_ppo_diffusion_agent][INFO] - approx_kl: 0.047259021550416946, update_epoch: 4, num_batch: 4
[2026-10-09 15:38:37,348][agent.finetune.train_ppo_diffusion_agent][INFO] - approx_kl: 0.05552801117300987, update_epoch: 4, num_batch: 4
[2026-10-09 15:38:39,540][agent.finetune.train_ppo_diffusion_agent][INFO] - approx_kl: 0.06511195749044418, update_epoch: 4, num_batch: 4
[2026-10-09 15:38:41,829][agent.finetune.train_ppo_diffusion_agent][INFO] - approx_kl: 0.07327473908662796, update_epoch: 4, num_batch: 4
[2026-10-09 15:38:41,850][agent.finetune.train_ppo_diffusion_agent][INFO] - 44: step  3200000 | loss   0.0192 | pg loss  -0.0121 | value loss   0.0627 | bc loss   0.0000 | reward 3467.1009 | eta   1.0000 | t: 57.2719 | kl_true_per_action=0.8319076140517725 | logratio_p99=1.460386307239528 | clamp_hit_frac=0.0008520833333333334
[2026-10-09 15:38:56,530][agent.finetune.train_ppo_diffusion_agent][INFO] - approx_kl: 0.0, update_epoch: 0, num_batch: 4
[2026-10-09 15:38:58,718][agent.finetune.train_ppo_diffusion_agent][INFO] - approx_kl: 0.00033653731225058436, update_epoch: 0, num_batch: 4
[2026-10-09 15:39:00,882][agent.finetune.train_ppo_diffusion_agent][INFO] - approx_kl: 0.001191229559481144, update_epoch: 0, num_batch: 4
[2026-10-09 15:39:03,152][agent.finetune.train_ppo_diffusion_agent][INFO] - approx_kl: 0.0023352159187197685, update_epoch: 0, num_batch: 4
[2026-10-09 15:39:05,247][agent.finetune.train_ppo_diffusion_agent][INFO] - approx_kl: 0.003768382826820016, update_epoch: 1, num_batch: 4
[2026-10-09 15:39:07,446][agent.finetune.train_ppo_diffusion_agent][INFO] - approx_kl: 0.005327499937266111, update_epoch: 1, num_batch: 4
[2026-10-09 15:39:09,636][agent.finetune.train_ppo_diffusion_agent][INFO] - approx_kl: 0.007024636026471853, update_epoch: 1, num_batch: 4
[2026-10-09 15:39:11,935][agent.finetune.train_ppo_diffusion_agent][INFO] - approx_kl: 0.008677014149725437, update_epoch: 1, num_batch: 4
[2026-10-09 15:39:14,034][agent.finetune.train_ppo_diffusion_agent][INFO] - approx_kl: 0.010708681307733059, update_epoch: 2, num_batch: 4
[2026-10-09 15:39:16,219][agent.finetune.train_ppo_diffusion_agent][INFO] - approx_kl: 0.012650496326386929, update_epoch: 2, num_batch: 4
[2026-10-09 15:39:18,405][agent.finetune.train_ppo_diffusion_agent][INFO] - approx_kl: 0.01487590279430151, update_epoch: 2, num_batch: 4
[2026-10-09 15:39:20,704][agent.finetune.train_ppo_diffusion_agent][INFO] - approx_kl: 0.017136026173830032, update_epoch: 2, num_batch: 4
[2026-10-09 15:39:22,797][agent.finetune.train_ppo_diffusion_agent][INFO] - approx_kl: 0.020099692046642303, update_epoch: 3, num_batch: 4
[2026-10-09 15:39:24,982][agent.finetune.train_ppo_diffusion_agent][INFO] - approx_kl: 0.02224295772612095, update_epoch: 3, num_batch: 4
[2026-10-09 15:39:27,167][agent.finetune.train_ppo_diffusion_agent][INFO] - approx_kl: 0.02445768564939499, update_epoch: 3, num_batch: 4
[2026-10-09 15:39:29,489][agent.finetune.train_ppo_diffusion_agent][INFO] - approx_kl: 0.027576971799135208, update_epoch: 3, num_batch: 4
[2026-10-09 15:39:31,591][agent.finetune.train_ppo_diffusion_agent][INFO] - approx_kl: 0.030922874808311462, update_epoch: 4, num_batch: 4
[2026-10-09 15:39:33,773][agent.finetune.train_ppo_diffusion_agent][INFO] - approx_kl: 0.03511491045355797, update_epoch: 4, num_batch: 4
[2026-10-09 15:39:35,959][agent.finetune.train_ppo_diffusion_agent][INFO] - approx_kl: 0.03972870856523514, update_epoch: 4, num_batch: 4
[2026-10-09 15:39:38,252][agent.finetune.train_ppo_diffusion_agent][INFO] - approx_kl: 0.04494299739599228, update_epoch: 4, num_batch: 4
[2026-10-09 15:39:38,270][agent.finetune.train_ppo_diffusion_agent][INFO] - 45: step  3280000 | loss   0.0243 | pg loss  -0.0094 | value loss   0.0673 | bc loss   0.0000 | reward 3487.2718 | eta   1.0000 | t: 56.4203 | kl_true_per_action=0.4973583612686694 | logratio_p99=1.0968151628971092 | clamp_hit_frac=0.00079375
[2026-10-09 15:39:52,922][agent.finetune.train_ppo_diffusion_agent][INFO] - approx_kl: 0.0, update_epoch: 0, num_batch: 4
[2026-10-09 15:39:55,098][agent.finetune.train_ppo_diffusion_agent][INFO] - approx_kl: 0.00013867387315258384, update_epoch: 0, num_batch: 4
[2026-10-09 15:39:57,263][agent.finetune.train_ppo_diffusion_agent][INFO] - approx_kl: 0.0004889965057373047, update_epoch: 0, num_batch: 4
[2026-10-09 15:39:59,569][agent.finetune.train_ppo_diffusion_agent][INFO] - approx_kl: 0.0010025465162470937, update_epoch: 0, num_batch: 4
[2026-10-09 15:40:01,655][agent.finetune.train_ppo_diffusion_agent][INFO] - approx_kl: 0.0016367463394999504, update_epoch: 1, num_batch: 4
[2026-10-09 15:40:03,834][agent.finetune.train_ppo_diffusion_agent][INFO] - approx_kl: 0.0024273490998893976, update_epoch: 1, num_batch: 4
[2026-10-09 15:40:06,013][agent.finetune.train_ppo_diffusion_agent][INFO] - approx_kl: 0.003439703257754445, update_epoch: 1, num_batch: 4
[2026-10-09 15:40:08,294][agent.finetune.train_ppo_diffusion_agent][INFO] - approx_kl: 0.004513327963650227, update_epoch: 1, num_batch: 4
[2026-10-09 15:40:10,382][agent.finetune.train_ppo_diffusion_agent][INFO] - approx_kl: 0.005507021211087704, update_epoch: 2, num_batch: 4
[2026-10-09 15:40:12,556][agent.finetune.train_ppo_diffusion_agent][INFO] - approx_kl: 0.006794472690671682, update_epoch: 2, num_batch: 4
[2026-10-09 15:40:14,738][agent.finetune.train_ppo_diffusion_agent][INFO] - approx_kl: 0.007861395366489887, update_epoch: 2, num_batch: 4
[2026-10-09 15:40:17,025][agent.finetune.train_ppo_diffusion_agent][INFO] - approx_kl: 0.009218159131705761, update_epoch: 2, num_batch: 4
[2026-10-09 15:40:19,118][agent.finetune.train_ppo_diffusion_agent][INFO] - approx_kl: 0.01070435531437397, update_epoch: 3, num_batch: 4
[2026-10-09 15:40:21,300][agent.finetune.train_ppo_diffusion_agent][INFO] - approx_kl: 0.01260257326066494, update_epoch: 3, num_batch: 4
[2026-10-09 15:40:23,473][agent.finetune.train_ppo_diffusion_agent][INFO] - approx_kl: 0.014225020073354244, update_epoch: 3, num_batch: 4
[2026-10-09 15:40:25,753][agent.finetune.train_ppo_diffusion_agent][INFO] - approx_kl: 0.015806779265403748, update_epoch: 3, num_batch: 4
[2026-10-09 15:40:27,837][agent.finetune.train_ppo_diffusion_agent][INFO] - approx_kl: 0.018119271844625473, update_epoch: 4, num_batch: 4
[2026-10-09 15:40:30,025][agent.finetune.train_ppo_diffusion_agent][INFO] - approx_kl: 0.020643725991249084, update_epoch: 4, num_batch: 4
[2026-10-09 15:40:32,232][agent.finetune.train_ppo_diffusion_agent][INFO] - approx_kl: 0.022768372669816017, update_epoch: 4, num_batch: 4
[2026-10-09 15:40:34,514][agent.finetune.train_ppo_diffusion_agent][INFO] - approx_kl: 0.025801874697208405, update_epoch: 4, num_batch: 4
[2026-10-09 15:40:34,535][agent.finetune.train_ppo_diffusion_agent][INFO] - 46: step  3360000 | loss   0.0248 | pg loss  -0.0104 | value loss   0.0706 | bc loss   0.0000 | reward 3470.8106 | eta   1.0000 | t: 56.2643 | kl_true_per_action=0.2861223548818982 | logratio_p99=0.824986806511879 | clamp_hit_frac=0.0008520833333333334
[2026-10-09 15:40:49,268][agent.finetune.train_ppo_diffusion_agent][INFO] - approx_kl: 0.0, update_epoch: 0, num_batch: 4
[2026-10-09 15:40:51,464][agent.finetune.train_ppo_diffusion_agent][INFO] - approx_kl: 8.993445953819901e-05, update_epoch: 0, num_batch: 4
[2026-10-09 15:40:53,755][agent.finetune.train_ppo_diffusion_agent][INFO] - approx_kl: 0.00034992917790077627, update_epoch: 0, num_batch: 4
[2026-10-09 15:40:55,847][agent.finetune.train_ppo_diffusion_agent][INFO] - approx_kl: 0.0007707026670686901, update_epoch: 0, num_batch: 4
[2026-10-09 15:40:58,025][agent.finetune.train_ppo_diffusion_agent][INFO] - approx_kl: 0.0013335072435438633, update_epoch: 1, num_batch: 4
[2026-10-09 15:41:00,243][agent.finetune.train_ppo_diffusion_agent][INFO] - approx_kl: 0.002085793297737837, update_epoch: 1, num_batch: 4
[2026-10-09 15:41:02,547][agent.finetune.train_ppo_diffusion_agent][INFO] - approx_kl: 0.0030136266723275185, update_epoch: 1, num_batch: 4
[2026-10-09 15:41:04,638][agent.finetune.train_ppo_diffusion_agent][INFO] - approx_kl: 0.004111832939088345, update_epoch: 1, num_batch: 4
[2026-10-09 15:41:06,827][agent.finetune.train_ppo_diffusion_agent][INFO] - approx_kl: 0.005507736466825008, update_epoch: 2, num_batch: 4
[2026-10-09 15:41:09,007][agent.finetune.train_ppo_diffusion_agent][INFO] - approx_kl: 0.007162858732044697, update_epoch: 2, num_batch: 4
[2026-10-09 15:41:11,321][agent.finetune.train_ppo_diffusion_agent][INFO] - approx_kl: 0.008731587789952755, update_epoch: 2, num_batch: 4
[2026-10-09 15:41:13,411][agent.finetune.train_ppo_diffusion_agent][INFO] - approx_kl: 0.010691254399716854, update_epoch: 2, num_batch: 4
[2026-10-09 15:41:15,591][agent.finetune.train_ppo_diffusion_agent][INFO] - approx_kl: 0.013269498012959957, update_epoch: 3, num_batch: 4
[2026-10-09 15:41:17,777][agent.finetune.train_ppo_diffusion_agent][INFO] - approx_kl: 0.01647239550948143, update_epoch: 3, num_batch: 4
[2026-10-09 15:41:20,082][agent.finetune.train_ppo_diffusion_agent][INFO] - approx_kl: 0.02033865824341774, update_epoch: 3, num_batch: 4
[2026-10-09 15:41:22,187][agent.finetune.train_ppo_diffusion_agent][INFO] - approx_kl: 0.02432940900325775, update_epoch: 3, num_batch: 4
[2026-10-09 15:41:24,396][agent.finetune.train_ppo_diffusion_agent][INFO] - approx_kl: 0.029122255742549896, update_epoch: 4, num_batch: 4
[2026-10-09 15:41:26,591][agent.finetune.train_ppo_diffusion_agent][INFO] - approx_kl: 0.03400525078177452, update_epoch: 4, num_batch: 4
[2026-10-09 15:41:28,901][agent.finetune.train_ppo_diffusion_agent][INFO] - approx_kl: 0.0404261089861393, update_epoch: 4, num_batch: 4
[2026-10-09 15:41:31,015][agent.finetune.train_ppo_diffusion_agent][INFO] - approx_kl: 0.048313699662685394, update_epoch: 4, num_batch: 4
[2026-10-09 15:41:31,034][agent.finetune.train_ppo_diffusion_agent][INFO] - 47: step  3440000 | loss   0.0244 | pg loss  -0.0127 | value loss   0.0741 | bc loss   0.0000 | reward 3436.1484 | eta   1.0000 | t: 56.4996 | kl_true_per_action=0.5577731634295886 | logratio_p99=1.1865211284160544 | clamp_hit_frac=0.0007833333333333334
[2026-10-09 15:41:45,801][agent.finetune.train_ppo_diffusion_agent][INFO] - approx_kl: 0.0, update_epoch: 0, num_batch: 4
[2026-10-09 15:41:47,983][agent.finetune.train_ppo_diffusion_agent][INFO] - approx_kl: 0.00022069006809033453, update_epoch: 0, num_batch: 4
[2026-10-09 15:41:50,268][agent.finetune.train_ppo_diffusion_agent][INFO] - approx_kl: 0.0008127277833409607, update_epoch: 0, num_batch: 4
[2026-10-09 15:41:52,378][agent.finetune.train_ppo_diffusion_agent][INFO] - approx_kl: 0.0015646981773898005, update_epoch: 0, num_batch: 4
[2026-10-09 15:41:54,558][agent.finetune.train_ppo_diffusion_agent][INFO] - approx_kl: 0.0022944954689592123, update_epoch: 1, num_batch: 4
[2026-10-09 15:41:56,734][agent.finetune.train_ppo_diffusion_agent][INFO] - approx_kl: 0.003182391868904233, update_epoch: 1, num_batch: 4
[2026-10-09 15:41:59,025][agent.finetune.train_ppo_diffusion_agent][INFO] - approx_kl: 0.004416481591761112, update_epoch: 1, num_batch: 4
[2026-10-09 15:42:01,130][agent.finetune.train_ppo_diffusion_agent][INFO] - approx_kl: 0.0056555382907390594, update_epoch: 1, num_batch: 4
[2026-10-09 15:42:03,320][agent.finetune.train_ppo_diffusion_agent][INFO] - approx_kl: 0.007246354129165411, update_epoch: 2, num_batch: 4
[2026-10-09 15:42:05,506][agent.finetune.train_ppo_diffusion_agent][INFO] - approx_kl: 0.009254785254597664, update_epoch: 2, num_batch: 4
[2026-10-09 15:42:07,822][agent.finetune.train_ppo_diffusion_agent][INFO] - approx_kl: 0.011964651755988598, update_epoch: 2, num_batch: 4
[2026-10-09 15:42:09,906][agent.finetune.train_ppo_diffusion_agent][INFO] - approx_kl: 0.015523874200880527, update_epoch: 2, num_batch: 4
[2026-10-09 15:42:12,096][agent.finetune.train_ppo_diffusion_agent][INFO] - approx_kl: 0.019229711964726448, update_epoch: 3, num_batch: 4
[2026-10-09 15:42:14,274][agent.finetune.train_ppo_diffusion_agent][INFO] - approx_kl: 0.024284042418003082, update_epoch: 3, num_batch: 4
[2026-10-09 15:42:16,559][agent.finetune.train_ppo_diffusion_agent][INFO] - approx_kl: 0.029921595007181168, update_epoch: 3, num_batch: 4
[2026-10-09 15:42:18,650][agent.finetune.train_ppo_diffusion_agent][INFO] - approx_kl: 0.03682916983962059, update_epoch: 3, num_batch: 4
[2026-10-09 15:42:20,823][agent.finetune.train_ppo_diffusion_agent][INFO] - approx_kl: 0.04518645256757736, update_epoch: 4, num_batch: 4
[2026-10-09 15:42:23,004][agent.finetune.train_ppo_diffusion_agent][INFO] - approx_kl: 0.05189730226993561, update_epoch: 4, num_batch: 4
[2026-10-09 15:42:25,302][agent.finetune.train_ppo_diffusion_agent][INFO] - approx_kl: 0.06032930687069893, update_epoch: 4, num_batch: 4
[2026-10-09 15:42:27,391][agent.finetune.train_ppo_diffusion_agent][INFO] - approx_kl: 0.06893742829561234, update_epoch: 4, num_batch: 4
[2026-10-09 15:42:27,412][agent.finetune.train_ppo_diffusion_agent][INFO] - 48: step  3520000 | loss   0.0239 | pg loss  -0.0144 | value loss   0.0767 | bc loss   0.0000 | reward 3422.7055 | eta   1.0000 | t: 56.3777 | kl_true_per_action=0.7953114802689274 | logratio_p99=1.4021875464916225 | clamp_hit_frac=0.00074375
[2026-10-09 15:42:42,239][agent.finetune.train_ppo_diffusion_agent][INFO] - approx_kl: 0.0, update_epoch: 0, num_batch: 4
[2026-10-09 15:42:44,426][agent.finetune.train_ppo_diffusion_agent][INFO] - approx_kl: 0.0004842339549213648, update_epoch: 0, num_batch: 4
[2026-10-09 15:42:46,721][agent.finetune.train_ppo_diffusion_agent][INFO] - approx_kl: 0.0015823006397113204, update_epoch: 0, num_batch: 4
[2026-10-09 15:42:48,812][agent.finetune.train_ppo_diffusion_agent][INFO] - approx_kl: 0.003101314650848508, update_epoch: 0, num_batch: 4
[2026-10-09 15:42:50,986][agent.finetune.train_ppo_diffusion_agent][INFO] - approx_kl: 0.005228694528341293, update_epoch: 1, num_batch: 4
[2026-10-09 15:42:53,272][agent.finetune.train_ppo_diffusion_agent][INFO] - approx_kl: 0.008004652336239815, update_epoch: 1, num_batch: 4
[2026-10-09 15:42:55,365][agent.finetune.train_ppo_diffusion_agent][INFO] - approx_kl: 0.010950068943202496, update_epoch: 1, num_batch: 4
[2026-10-09 15:42:57,542][agent.finetune.train_ppo_diffusion_agent][INFO] - approx_kl: 0.014713186770677567, update_epoch: 1, num_batch: 4
[2026-10-09 15:42:59,720][agent.finetune.train_ppo_diffusion_agent][INFO] - approx_kl: 0.018027925863862038, update_epoch: 2, num_batch: 4
[2026-10-09 15:43:01,994][agent.finetune.train_ppo_diffusion_agent][INFO] - approx_kl: 0.02194076031446457, update_epoch: 2, num_batch: 4
[2026-10-09 15:43:04,120][agent.finetune.train_ppo_diffusion_agent][INFO] - approx_kl: 0.026655513793230057, update_epoch: 2, num_batch: 4
[2026-10-09 15:43:06,321][agent.finetune.train_ppo_diffusion_agent][INFO] - approx_kl: 0.031120577827095985, update_epoch: 2, num_batch: 4
[2026-10-09 15:43:08,499][agent.finetune.train_ppo_diffusion_agent][INFO] - approx_kl: 0.035773083567619324, update_epoch: 3, num_batch: 4
[2026-10-09 15:43:10,770][agent.finetune.train_ppo_diffusion_agent][INFO] - approx_kl: 0.04190458729863167, update_epoch: 3, num_batch: 4
[2026-10-09 15:43:12,855][agent.finetune.train_ppo_diffusion_agent][INFO] - approx_kl: 0.04662502929568291, update_epoch: 3, num_batch: 4
[2026-10-09 15:43:15,036][agent.finetune.train_ppo_diffusion_agent][INFO] - approx_kl: 0.05370565131306648, update_epoch: 3, num_batch: 4
[2026-10-09 15:43:17,209][agent.finetune.train_ppo_diffusion_agent][INFO] - approx_kl: 0.06160430610179901, update_epoch: 4, num_batch: 4
[2026-10-09 15:43:19,485][agent.finetune.train_ppo_diffusion_agent][INFO] - approx_kl: 0.06767329573631287, update_epoch: 4, num_batch: 4
[2026-10-09 15:43:21,568][agent.finetune.train_ppo_diffusion_agent][INFO] - approx_kl: 0.0772954523563385, update_epoch: 4, num_batch: 4
[2026-10-09 15:43:23,742][agent.finetune.train_ppo_diffusion_agent][INFO] - approx_kl: 0.08715315163135529, update_epoch: 4, num_batch: 4
[2026-10-09 15:43:23,762][agent.finetune.train_ppo_diffusion_agent][INFO] - 49: step  3600000 | loss   0.0257 | pg loss  -0.0146 | value loss   0.0806 | bc loss   0.0000 | reward 3541.8690 | eta   1.0000 | t: 56.3500 | kl_true_per_action=0.9759282417072386 | logratio_p99=1.6163524270057652 | clamp_hit_frac=0.0007958333333333333
[2026-10-09 15:43:36,486][agent.finetune.train_ppo_diffusion_agent][INFO] - eval: success rate   1.0000 | avg episode reward 3850.9642 | avg best reward   5.8970
[2026-10-09 15:43:52,050][agent.finetune.train_ppo_diffusion_agent][INFO] - approx_kl: 0.0, update_epoch: 0, num_batch: 4
[2026-10-09 15:43:54,349][agent.finetune.train_ppo_diffusion_agent][INFO] - approx_kl: 0.0002947023313026875, update_epoch: 0, num_batch: 4
[2026-10-09 15:43:56,450][agent.finetune.train_ppo_diffusion_agent][INFO] - approx_kl: 0.0010303407907485962, update_epoch: 0, num_batch: 4
[2026-10-09 15:43:58,638][agent.finetune.train_ppo_diffusion_agent][INFO] - approx_kl: 0.002206144854426384, update_epoch: 0, num_batch: 4
[2026-10-09 15:44:00,821][agent.finetune.train_ppo_diffusion_agent][INFO] - approx_kl: 0.00368779175914824, update_epoch: 1, num_batch: 4
[2026-10-09 15:44:03,116][agent.finetune.train_ppo_diffusion_agent][INFO] - approx_kl: 0.0056910766288638115, update_epoch: 1, num_batch: 4
[2026-10-09 15:44:05,216][agent.finetune.train_ppo_diffusion_agent][INFO] - approx_kl: 0.007957087829709053, update_epoch: 1, num_batch: 4
[2026-10-09 15:44:07,440][agent.finetune.train_ppo_diffusion_agent][INFO] - approx_kl: 0.010169307701289654, update_epoch: 1, num_batch: 4
[2026-10-09 15:44:09,636][agent.finetune.train_ppo_diffusion_agent][INFO] - approx_kl: 0.012954049743711948, update_epoch: 2, num_batch: 4
[2026-10-09 15:44:11,939][agent.finetune.train_ppo_diffusion_agent][INFO] - approx_kl: 0.016519078984856606, update_epoch: 2, num_batch: 4
[2026-10-09 15:44:14,039][agent.finetune.train_ppo_diffusion_agent][INFO] - approx_kl: 0.019986938685178757, update_epoch: 2, num_batch: 4
[2026-10-09 15:44:16,221][agent.finetune.train_ppo_diffusion_agent][INFO] - approx_kl: 0.023987902328372, update_epoch: 2, num_batch: 4
[2026-10-09 15:44:18,415][agent.finetune.train_ppo_diffusion_agent][INFO] - approx_kl: 0.027839763090014458, update_epoch: 3, num_batch: 4
[2026-10-09 15:44:20,713][agent.finetune.train_ppo_diffusion_agent][INFO] - approx_kl: 0.03257659450173378, update_epoch: 3, num_batch: 4
[2026-10-09 15:44:22,816][agent.finetune.train_ppo_diffusion_agent][INFO] - approx_kl: 0.03677896782755852, update_epoch: 3, num_batch: 4
[2026-10-09 15:44:25,007][agent.finetune.train_ppo_diffusion_agent][INFO] - approx_kl: 0.04101502522826195, update_epoch: 3, num_batch: 4
[2026-10-09 15:44:27,198][agent.finetune.train_ppo_diffusion_agent][INFO] - approx_kl: 0.04658958688378334, update_epoch: 4, num_batch: 4
[2026-10-09 15:44:29,529][agent.finetune.train_ppo_diffusion_agent][INFO] - approx_kl: 0.053499240428209305, update_epoch: 4, num_batch: 4
[2026-10-09 15:44:31,658][agent.finetune.train_ppo_diffusion_agent][INFO] - approx_kl: 0.06095106154680252, update_epoch: 4, num_batch: 4
[2026-10-09 15:44:33,876][agent.finetune.train_ppo_diffusion_agent][INFO] - approx_kl: 0.06717313826084137, update_epoch: 4, num_batch: 4
[2026-10-09 15:44:33,895][agent.finetune.train_ppo_diffusion_agent][INFO] - 51: step  3680000 | loss   0.0307 | pg loss  -0.0114 | value loss   0.0842 | bc loss   0.0000 | reward 3642.7843 | eta   1.0000 | t: 57.4088 | kl_true_per_action=0.7358234931457868 | logratio_p99=1.4386990475654566 | clamp_hit_frac=0.0008104166666666666
[2026-10-09 15:44:49,657][agent.finetune.train_ppo_diffusion_agent][INFO] - approx_kl: 0.0, update_epoch: 0, num_batch: 4
[2026-10-09 15:44:51,957][agent.finetune.train_ppo_diffusion_agent][INFO] - approx_kl: 0.0002256618026876822, update_epoch: 0, num_batch: 4
[2026-10-09 15:44:54,062][agent.finetune.train_ppo_diffusion_agent][INFO] - approx_kl: 0.0008058661478571594, update_epoch: 0, num_batch: 4
[2026-10-09 15:44:56,251][agent.finetune.train_ppo_diffusion_agent][INFO] - approx_kl: 0.00168377545196563, update_epoch: 0, num_batch: 4
[2026-10-09 15:44:58,449][agent.finetune.train_ppo_diffusion_agent][INFO] - approx_kl: 0.0026663083117455244, update_epoch: 1, num_batch: 4
[2026-10-09 15:45:00,751][agent.finetune.train_ppo_diffusion_agent][INFO] - approx_kl: 0.003846141044050455, update_epoch: 1, num_batch: 4
[2026-10-09 15:45:02,857][agent.finetune.train_ppo_diffusion_agent][INFO] - approx_kl: 0.005222867242991924, update_epoch: 1, num_batch: 4
[2026-10-09 15:45:05,049][agent.finetune.train_ppo_diffusion_agent][INFO] - approx_kl: 0.006919301580637693, update_epoch: 1, num_batch: 4
[2026-10-09 15:45:07,251][agent.finetune.train_ppo_diffusion_agent][INFO] - approx_kl: 0.008505484089255333, update_epoch: 2, num_batch: 4
[2026-10-09 15:45:09,585][agent.finetune.train_ppo_diffusion_agent][INFO] - approx_kl: 0.010524782352149487, update_epoch: 2, num_batch: 4
[2026-10-09 15:45:11,689][agent.finetune.train_ppo_diffusion_agent][INFO] - approx_kl: 0.012848311103880405, update_epoch: 2, num_batch: 4
[2026-10-09 15:45:13,891][agent.finetune.train_ppo_diffusion_agent][INFO] - approx_kl: 0.015211755409836769, update_epoch: 2, num_batch: 4
[2026-10-09 15:45:16,077][agent.finetune.train_ppo_diffusion_agent][INFO] - approx_kl: 0.017602726817131042, update_epoch: 3, num_batch: 4
[2026-10-09 15:45:18,401][agent.finetune.train_ppo_diffusion_agent][INFO] - approx_kl: 0.020116060972213745, update_epoch: 3, num_batch: 4
[2026-10-09 15:45:20,519][agent.finetune.train_ppo_diffusion_agent][INFO] - approx_kl: 0.023629318922758102, update_epoch: 3, num_batch: 4
[2026-10-09 15:45:22,726][agent.finetune.train_ppo_diffusion_agent][INFO] - approx_kl: 0.026793427765369415, update_epoch: 3, num_batch: 4
[2026-10-09 15:45:24,900][agent.finetune.train_ppo_diffusion_agent][INFO] - approx_kl: 0.031112337484955788, update_epoch: 4, num_batch: 4
[2026-10-09 15:45:27,178][agent.finetune.train_ppo_diffusion_agent][INFO] - approx_kl: 0.0351363867521286, update_epoch: 4, num_batch: 4
[2026-10-09 15:45:29,278][agent.finetune.train_ppo_diffusion_agent][INFO] - approx_kl: 0.04031691700220108, update_epoch: 4, num_batch: 4
[2026-10-09 15:45:31,479][agent.finetune.train_ppo_diffusion_agent][INFO] - approx_kl: 0.045331116765737534, update_epoch: 4, num_batch: 4
[2026-10-09 15:45:31,497][agent.finetune.train_ppo_diffusion_agent][INFO] - 52: step  3760000 | loss   0.0358 | pg loss  -0.0098 | value loss   0.0912 | bc loss   0.0000 | reward 3557.0992 | eta   1.0000 | t: 57.6020 | kl_true_per_action=0.5126751007388732 | logratio_p99=1.1359840214252466 | clamp_hit_frac=0.0007958333333333333
[2026-10-09 15:45:46,413][agent.finetune.train_ppo_diffusion_agent][INFO] - approx_kl: 0.0, update_epoch: 0, num_batch: 4
[2026-10-09 15:45:48,694][agent.finetune.train_ppo_diffusion_agent][INFO] - approx_kl: 0.0001617368689039722, update_epoch: 0, num_batch: 4
[2026-10-09 15:45:50,758][agent.finetune.train_ppo_diffusion_agent][INFO] - approx_kl: 0.0005826514679938555, update_epoch: 0, num_batch: 4
[2026-10-09 15:45:52,933][agent.finetune.train_ppo_diffusion_agent][INFO] - approx_kl: 0.0013094417518004775, update_epoch: 0, num_batch: 4
[2026-10-09 15:45:55,052][agent.finetune.train_ppo_diffusion_agent][INFO] - approx_kl: 0.002343021100386977, update_epoch: 1, num_batch: 4
[2026-10-09 15:45:57,320][agent.finetune.train_ppo_diffusion_agent][INFO] - approx_kl: 0.0036348106805235147, update_epoch: 1, num_batch: 4
[2026-10-09 15:45:59,451][agent.finetune.train_ppo_diffusion_agent][INFO] - approx_kl: 0.005312875844538212, update_epoch: 1, num_batch: 4
[2026-10-09 15:46:01,644][agent.finetune.train_ppo_diffusion_agent][INFO] - approx_kl: 0.007153368555009365, update_epoch: 1, num_batch: 4
[2026-10-09 15:46:03,842][agent.finetune.train_ppo_diffusion_agent][INFO] - approx_kl: 0.009435630403459072, update_epoch: 2, num_batch: 4
[2026-10-09 15:46:06,142][agent.finetune.train_ppo_diffusion_agent][INFO] - approx_kl: 0.011985947377979755, update_epoch: 2, num_batch: 4
[2026-10-09 15:46:08,237][agent.finetune.train_ppo_diffusion_agent][INFO] - approx_kl: 0.014499648474156857, update_epoch: 2, num_batch: 4
[2026-10-09 15:46:10,435][agent.finetune.train_ppo_diffusion_agent][INFO] - approx_kl: 0.017792874947190285, update_epoch: 2, num_batch: 4
[2026-10-09 15:46:12,623][agent.finetune.train_ppo_diffusion_agent][INFO] - approx_kl: 0.021791856735944748, update_epoch: 3, num_batch: 4
[2026-10-09 15:46:14,917][agent.finetune.train_ppo_diffusion_agent][INFO] - approx_kl: 0.026165399700403214, update_epoch: 3, num_batch: 4
[2026-10-09 15:46:17,021][agent.finetune.train_ppo_diffusion_agent][INFO] - approx_kl: 0.030819598585367203, update_epoch: 3, num_batch: 4
[2026-10-09 15:46:19,218][agent.finetune.train_ppo_diffusion_agent][INFO] - approx_kl: 0.03593014180660248, update_epoch: 3, num_batch: 4
[2026-10-09 15:46:21,420][agent.finetune.train_ppo_diffusion_agent][INFO] - approx_kl: 0.04233799874782562, update_epoch: 4, num_batch: 4
[2026-10-09 15:46:23,723][agent.finetune.train_ppo_diffusion_agent][INFO] - approx_kl: 0.04717642441391945, update_epoch: 4, num_batch: 4
[2026-10-09 15:46:25,825][agent.finetune.train_ppo_diffusion_agent][INFO] - approx_kl: 0.05348405987024307, update_epoch: 4, num_batch: 4
[2026-10-09 15:46:28,023][agent.finetune.train_ppo_diffusion_agent][INFO] - approx_kl: 0.05956989526748657, update_epoch: 4, num_batch: 4
[2026-10-09 15:46:28,042][agent.finetune.train_ppo_diffusion_agent][INFO] - 53: step  3840000 | loss   0.0341 | pg loss  -0.0117 | value loss   0.0916 | bc loss   0.0000 | reward 3610.7469 | eta   1.0000 | t: 56.5450 | kl_true_per_action=0.6916400117602041 | logratio_p99=1.3014000105857848 | clamp_hit_frac=0.00083125
[2026-10-09 15:46:43,159][agent.finetune.train_ppo_diffusion_agent][INFO] - approx_kl: 0.0, update_epoch: 0, num_batch: 4
[2026-10-09 15:46:45,244][agent.finetune.train_ppo_diffusion_agent][INFO] - approx_kl: 0.0002291496202815324, update_epoch: 0, num_batch: 4
[2026-10-09 15:46:47,417][agent.finetune.train_ppo_diffusion_agent][INFO] - approx_kl: 0.0008779606432653964, update_epoch: 0, num_batch: 4
[2026-10-09 15:46:49,586][agent.finetune.train_ppo_diffusion_agent][INFO] - approx_kl: 0.0017588787013664842, update_epoch: 0, num_batch: 4
[2026-10-09 15:46:51,867][agent.finetune.train_ppo_diffusion_agent][INFO] - approx_kl: 0.002847731811925769, update_epoch: 1, num_batch: 4
[2026-10-09 15:46:53,957][agent.finetune.train_ppo_diffusion_agent][INFO] - approx_kl: 0.004029029980301857, update_epoch: 1, num_batch: 4
[2026-10-09 15:46:56,128][agent.finetune.train_ppo_diffusion_agent][INFO] - approx_kl: 0.00540776364505291, update_epoch: 1, num_batch: 4
[2026-10-09 15:46:58,298][agent.finetune.train_ppo_diffusion_agent][INFO] - approx_kl: 0.006918113678693771, update_epoch: 1, num_batch: 4
[2026-10-09 15:47:00,601][agent.finetune.train_ppo_diffusion_agent][INFO] - approx_kl: 0.00886693224310875, update_epoch: 2, num_batch: 4
[2026-10-09 15:47:02,696][agent.finetune.train_ppo_diffusion_agent][INFO] - approx_kl: 0.010856712237000465, update_epoch: 2, num_batch: 4
[2026-10-09 15:47:04,874][agent.finetune.train_ppo_diffusion_agent][INFO] - approx_kl: 0.013179498724639416, update_epoch: 2, num_batch: 4
[2026-10-09 15:47:07,051][agent.finetune.train_ppo_diffusion_agent][INFO] - approx_kl: 0.015778087079524994, update_epoch: 2, num_batch: 4
[2026-10-09 15:47:09,335][agent.finetune.train_ppo_diffusion_agent][INFO] - approx_kl: 0.018549632281064987, update_epoch: 3, num_batch: 4
[2026-10-09 15:47:11,434][agent.finetune.train_ppo_diffusion_agent][INFO] - approx_kl: 0.022559212520718575, update_epoch: 3, num_batch: 4
[2026-10-09 15:47:13,624][agent.finetune.train_ppo_diffusion_agent][INFO] - approx_kl: 0.0264288242906332, update_epoch: 3, num_batch: 4
[2026-10-09 15:47:15,806][agent.finetune.train_ppo_diffusion_agent][INFO] - approx_kl: 0.03177785873413086, update_epoch: 3, num_batch: 4
[2026-10-09 15:47:18,096][agent.finetune.train_ppo_diffusion_agent][INFO] - approx_kl: 0.035434529185295105, update_epoch: 4, num_batch: 4
[2026-10-09 15:47:20,197][agent.finetune.train_ppo_diffusion_agent][INFO] - approx_kl: 0.04124158248305321, update_epoch: 4, num_batch: 4
[2026-10-09 15:47:22,394][agent.finetune.train_ppo_diffusion_agent][INFO] - approx_kl: 0.045872390270233154, update_epoch: 4, num_batch: 4
[2026-10-09 15:47:24,574][agent.finetune.train_ppo_diffusion_agent][INFO] - approx_kl: 0.05281057581305504, update_epoch: 4, num_batch: 4
[2026-10-09 15:47:24,594][agent.finetune.train_ppo_diffusion_agent][INFO] - 54: step  3920000 | loss   0.0332 | pg loss  -0.0120 | value loss   0.0903 | bc loss   0.0000 | reward 3296.0193 | eta   1.0000 | t: 56.5516 | kl_true_per_action=0.6045092702315509 | logratio_p99=1.222536848783493 | clamp_hit_frac=0.0008520833333333334
[2026-10-09 15:47:40,469][agent.finetune.train_ppo_diffusion_agent][INFO] - approx_kl: 0.0, update_epoch: 0, num_batch: 4
[2026-10-09 15:47:42,557][agent.finetune.train_ppo_diffusion_agent][INFO] - approx_kl: 0.00025913448189385235, update_epoch: 0, num_batch: 4
[2026-10-09 15:47:44,723][agent.finetune.train_ppo_diffusion_agent][INFO] - approx_kl: 0.001003846526145935, update_epoch: 0, num_batch: 4
[2026-10-09 15:47:46,885][agent.finetune.train_ppo_diffusion_agent][INFO] - approx_kl: 0.002273548161610961, update_epoch: 0, num_batch: 4
[2026-10-09 15:47:49,164][agent.finetune.train_ppo_diffusion_agent][INFO] - approx_kl: 0.003685713978484273, update_epoch: 1, num_batch: 4
[2026-10-09 15:47:51,258][agent.finetune.train_ppo_diffusion_agent][INFO] - approx_kl: 0.005559028126299381, update_epoch: 1, num_batch: 4
[2026-10-09 15:47:53,465][agent.finetune.train_ppo_diffusion_agent][INFO] - approx_kl: 0.00762686925008893, update_epoch: 1, num_batch: 4
[2026-10-09 15:47:55,633][agent.finetune.train_ppo_diffusion_agent][INFO] - approx_kl: 0.009937042370438576, update_epoch: 1, num_batch: 4
[2026-10-09 15:47:57,910][agent.finetune.train_ppo_diffusion_agent][INFO] - approx_kl: 0.012405751273036003, update_epoch: 2, num_batch: 4
[2026-10-09 15:47:59,986][agent.finetune.train_ppo_diffusion_agent][INFO] - approx_kl: 0.015415875241160393, update_epoch: 2, num_batch: 4
[2026-10-09 15:48:02,157][agent.finetune.train_ppo_diffusion_agent][INFO] - approx_kl: 0.018598930910229683, update_epoch: 2, num_batch: 4
[2026-10-09 15:48:04,345][agent.finetune.train_ppo_diffusion_agent][INFO] - approx_kl: 0.02182101085782051, update_epoch: 2, num_batch: 4
[2026-10-09 15:48:06,615][agent.finetune.train_ppo_diffusion_agent][INFO] - approx_kl: 0.02572447620332241, update_epoch: 3, num_batch: 4
[2026-10-09 15:48:08,699][agent.finetune.train_ppo_diffusion_agent][INFO] - approx_kl: 0.029856551438570023, update_epoch: 3, num_batch: 4
[2026-10-09 15:48:10,869][agent.finetune.train_ppo_diffusion_agent][INFO] - approx_kl: 0.03464667499065399, update_epoch: 3, num_batch: 4
[2026-10-09 15:48:13,045][agent.finetune.train_ppo_diffusion_agent][INFO] - approx_kl: 0.039530038833618164, update_epoch: 3, num_batch: 4
[2026-10-09 15:48:15,331][agent.finetune.train_ppo_diffusion_agent][INFO] - approx_kl: 0.04514620080590248, update_epoch: 4, num_batch: 4
[2026-10-09 15:48:17,433][agent.finetune.train_ppo_diffusion_agent][INFO] - approx_kl: 0.04938863217830658, update_epoch: 4, num_batch: 4
[2026-10-09 15:48:19,640][agent.finetune.train_ppo_diffusion_agent][INFO] - approx_kl: 0.05572276562452316, update_epoch: 4, num_batch: 4
[2026-10-09 15:48:21,846][agent.finetune.train_ppo_diffusion_agent][INFO] - approx_kl: 0.061564862728118896, update_epoch: 4, num_batch: 4
[2026-10-09 15:48:21,866][agent.finetune.train_ppo_diffusion_agent][INFO] - 55: step  4000000 | loss   0.0337 | pg loss  -0.0113 | value loss   0.0900 | bc loss   0.0000 | reward 3370.4123 | eta   1.0000 | t: 57.2720 | kl_true_per_action=0.6743218753317906 | logratio_p99=1.3085569584369638 | clamp_hit_frac=0.0007791666666666666
[2026-10-09 15:48:37,924][agent.finetune.train_ppo_diffusion_agent][INFO] - approx_kl: 0.0, update_epoch: 0, num_batch: 4
[2026-10-09 15:48:40,011][agent.finetune.train_ppo_diffusion_agent][INFO] - approx_kl: 0.00019328843336552382, update_epoch: 0, num_batch: 4
[2026-10-09 15:48:42,181][agent.finetune.train_ppo_diffusion_agent][INFO] - approx_kl: 0.0006213211454451084, update_epoch: 0, num_batch: 4
[2026-10-09 15:48:44,458][agent.finetune.train_ppo_diffusion_agent][INFO] - approx_kl: 0.00123122101649642, update_epoch: 0, num_batch: 4
[2026-10-09 15:48:46,564][agent.finetune.train_ppo_diffusion_agent][INFO] - approx_kl: 0.0020596638787537813, update_epoch: 1, num_batch: 4
[2026-10-09 15:48:48,737][agent.finetune.train_ppo_diffusion_agent][INFO] - approx_kl: 0.0030931029468774796, update_epoch: 1, num_batch: 4
[2026-10-09 15:48:50,919][agent.finetune.train_ppo_diffusion_agent][INFO] - approx_kl: 0.004456027876585722, update_epoch: 1, num_batch: 4
[2026-10-09 15:48:53,198][agent.finetune.train_ppo_diffusion_agent][INFO] - approx_kl: 0.005805436987429857, update_epoch: 1, num_batch: 4
[2026-10-09 15:48:55,316][agent.finetune.train_ppo_diffusion_agent][INFO] - approx_kl: 0.007532586343586445, update_epoch: 2, num_batch: 4
[2026-10-09 15:48:57,481][agent.finetune.train_ppo_diffusion_agent][INFO] - approx_kl: 0.009582823142409325, update_epoch: 2, num_batch: 4
[2026-10-09 15:48:59,658][agent.finetune.train_ppo_diffusion_agent][INFO] - approx_kl: 0.011715712957084179, update_epoch: 2, num_batch: 4
[2026-10-09 15:49:01,945][agent.finetune.train_ppo_diffusion_agent][INFO] - approx_kl: 0.013878102414309978, update_epoch: 2, num_batch: 4
[2026-10-09 15:49:04,046][agent.finetune.train_ppo_diffusion_agent][INFO] - approx_kl: 0.01727874018251896, update_epoch: 3, num_batch: 4
[2026-10-09 15:49:06,229][agent.finetune.train_ppo_diffusion_agent][INFO] - approx_kl: 0.020196834579110146, update_epoch: 3, num_batch: 4
[2026-10-09 15:49:08,412][agent.finetune.train_ppo_diffusion_agent][INFO] - approx_kl: 0.023859253153204918, update_epoch: 3, num_batch: 4
[2026-10-09 15:49:10,680][agent.finetune.train_ppo_diffusion_agent][INFO] - approx_kl: 0.027722056955099106, update_epoch: 3, num_batch: 4
[2026-10-09 15:49:12,789][agent.finetune.train_ppo_diffusion_agent][INFO] - approx_kl: 0.033131472766399384, update_epoch: 4, num_batch: 4
[2026-10-09 15:49:14,963][agent.finetune.train_ppo_diffusion_agent][INFO] - approx_kl: 0.03808092698454857, update_epoch: 4, num_batch: 4
[2026-10-09 15:49:17,146][agent.finetune.train_ppo_diffusion_agent][INFO] - approx_kl: 0.04420460760593414, update_epoch: 4, num_batch: 4
[2026-10-09 15:49:19,427][agent.finetune.train_ppo_diffusion_agent][INFO] - approx_kl: 0.051257673650979996, update_epoch: 4, num_batch: 4
[2026-10-09 15:49:19,447][agent.finetune.train_ppo_diffusion_agent][INFO] - 56: step  4080000 | loss   0.0314 | pg loss  -0.0131 | value loss   0.0890 | bc loss   0.0000 | reward 3264.7128 | eta   1.0000 | t: 57.5810 | kl_true_per_action=0.561702515500574 | logratio_p99=1.1640725278854356 | clamp_hit_frac=0.00080625
[2026-10-09 15:49:35,031][agent.finetune.train_ppo_diffusion_agent][INFO] - approx_kl: 0.0, update_epoch: 0, num_batch: 4
[2026-10-09 15:49:37,220][agent.finetune.train_ppo_diffusion_agent][INFO] - approx_kl: 0.00019515359599608928, update_epoch: 0, num_batch: 4
[2026-10-09 15:49:39,402][agent.finetune.train_ppo_diffusion_agent][INFO] - approx_kl: 0.0007520237704738975, update_epoch: 0, num_batch: 4
[2026-10-09 15:49:41,679][agent.finetune.train_ppo_diffusion_agent][INFO] - approx_kl: 0.0015456902328878641, update_epoch: 0, num_batch: 4
[2026-10-09 15:49:43,766][agent.finetune.train_ppo_diffusion_agent][INFO] - approx_kl: 0.002436466747894883, update_epoch: 1, num_batch: 4
[2026-10-09 15:49:45,946][agent.finetune.train_ppo_diffusion_agent][INFO] - approx_kl: 0.003412978956475854, update_epoch: 1, num_batch: 4
[2026-10-09 15:49:48,120][agent.finetune.train_ppo_diffusion_agent][INFO] - approx_kl: 0.0045208013616502285, update_epoch: 1, num_batch: 4
[2026-10-09 15:49:50,395][agent.finetune.train_ppo_diffusion_agent][INFO] - approx_kl: 0.005673750303685665, update_epoch: 1, num_batch: 4
[2026-10-09 15:49:52,480][agent.finetune.train_ppo_diffusion_agent][INFO] - approx_kl: 0.007138466462492943, update_epoch: 2, num_batch: 4
[2026-10-09 15:49:54,654][agent.finetune.train_ppo_diffusion_agent][INFO] - approx_kl: 0.008403259329497814, update_epoch: 2, num_batch: 4
[2026-10-09 15:49:56,822][agent.finetune.train_ppo_diffusion_agent][INFO] - approx_kl: 0.010414536111056805, update_epoch: 2, num_batch: 4
[2026-10-09 15:49:59,130][agent.finetune.train_ppo_diffusion_agent][INFO] - approx_kl: 0.01214949693530798, update_epoch: 2, num_batch: 4
[2026-10-09 15:50:01,215][agent.finetune.train_ppo_diffusion_agent][INFO] - approx_kl: 0.013944396749138832, update_epoch: 3, num_batch: 4
[2026-10-09 15:50:03,384][agent.finetune.train_ppo_diffusion_agent][INFO] - approx_kl: 0.015997126698493958, update_epoch: 3, num_batch: 4
[2026-10-09 15:50:05,555][agent.finetune.train_ppo_diffusion_agent][INFO] - approx_kl: 0.017784608528017998, update_epoch: 3, num_batch: 4
[2026-10-09 15:50:07,836][agent.finetune.train_ppo_diffusion_agent][INFO] - approx_kl: 0.020559072494506836, update_epoch: 3, num_batch: 4
[2026-10-09 15:50:09,922][agent.finetune.train_ppo_diffusion_agent][INFO] - approx_kl: 0.023510117083787918, update_epoch: 4, num_batch: 4
[2026-10-09 15:50:12,098][agent.finetune.train_ppo_diffusion_agent][INFO] - approx_kl: 0.026500726118683815, update_epoch: 4, num_batch: 4
[2026-10-09 15:50:14,271][agent.finetune.train_ppo_diffusion_agent][INFO] - approx_kl: 0.0302448570728302, update_epoch: 4, num_batch: 4
[2026-10-09 15:50:16,578][agent.finetune.train_ppo_diffusion_agent][INFO] - approx_kl: 0.033989667892456055, update_epoch: 4, num_batch: 4
[2026-10-09 15:50:16,597][agent.finetune.train_ppo_diffusion_agent][INFO] - 57: step  4160000 | loss   0.0358 | pg loss  -0.0094 | value loss   0.0904 | bc loss   0.0000 | reward 3314.0699 | eta   1.0000 | t: 57.1507 | kl_true_per_action=0.3784699371558873 | logratio_p99=0.9477096307277673 | clamp_hit_frac=0.00078125
[2026-10-09 15:50:31,977][agent.finetune.train_ppo_diffusion_agent][INFO] - approx_kl: 0.0, update_epoch: 0, num_batch: 4
[2026-10-09 15:50:34,164][agent.finetune.train_ppo_diffusion_agent][INFO] - approx_kl: 0.00021577003644779325, update_epoch: 0, num_batch: 4
[2026-10-09 15:50:36,334][agent.finetune.train_ppo_diffusion_agent][INFO] - approx_kl: 0.0007348719518631697, update_epoch: 0, num_batch: 4
[2026-10-09 15:50:38,597][agent.finetune.train_ppo_diffusion_agent][INFO] - approx_kl: 0.0015483243623748422, update_epoch: 0, num_batch: 4
[2026-10-09 15:50:40,678][agent.finetune.train_ppo_diffusion_agent][INFO] - approx_kl: 0.002565080998465419, update_epoch: 1, num_batch: 4
[2026-10-09 15:50:42,848][agent.finetune.train_ppo_diffusion_agent][INFO] - approx_kl: 0.0037679686211049557, update_epoch: 1, num_batch: 4
[2026-10-09 15:50:45,013][agent.finetune.train_ppo_diffusion_agent][INFO] - approx_kl: 0.005274913739413023, update_epoch: 1, num_batch: 4
[2026-10-09 15:50:47,289][agent.finetune.train_ppo_diffusion_agent][INFO] - approx_kl: 0.006759152747690678, update_epoch: 1, num_batch: 4
[2026-10-09 15:50:49,369][agent.finetune.train_ppo_diffusion_agent][INFO] - approx_kl: 0.00843504536896944, update_epoch: 2, num_batch: 4
[2026-10-09 15:50:51,536][agent.finetune.train_ppo_diffusion_agent][INFO] - approx_kl: 0.010694826021790504, update_epoch: 2, num_batch: 4
[2026-10-09 15:50:53,700][agent.finetune.train_ppo_diffusion_agent][INFO] - approx_kl: 0.012959396466612816, update_epoch: 2, num_batch: 4
[2026-10-09 15:50:55,975][agent.finetune.train_ppo_diffusion_agent][INFO] - approx_kl: 0.01596258021891117, update_epoch: 2, num_batch: 4
[2026-10-09 15:50:58,056][agent.finetune.train_ppo_diffusion_agent][INFO] - approx_kl: 0.018323427066206932, update_epoch: 3, num_batch: 4
[2026-10-09 15:51:00,278][agent.finetune.train_ppo_diffusion_agent][INFO] - approx_kl: 0.021505016833543777, update_epoch: 3, num_batch: 4
[2026-10-09 15:51:02,449][agent.finetune.train_ppo_diffusion_agent][INFO] - approx_kl: 0.024527570232748985, update_epoch: 3, num_batch: 4
[2026-10-09 15:51:04,726][agent.finetune.train_ppo_diffusion_agent][INFO] - approx_kl: 0.028428494930267334, update_epoch: 3, num_batch: 4
[2026-10-09 15:51:06,812][agent.finetune.train_ppo_diffusion_agent][INFO] - approx_kl: 0.03256634995341301, update_epoch: 4, num_batch: 4
[2026-10-09 15:51:08,983][agent.finetune.train_ppo_diffusion_agent][INFO] - approx_kl: 0.0361935980618, update_epoch: 4, num_batch: 4
[2026-10-09 15:51:11,158][agent.finetune.train_ppo_diffusion_agent][INFO] - approx_kl: 0.04129505157470703, update_epoch: 4, num_batch: 4
[2026-10-09 15:51:13,427][agent.finetune.train_ppo_diffusion_agent][INFO] - approx_kl: 0.04671900346875191, update_epoch: 4, num_batch: 4
[2026-10-09 15:51:13,447][agent.finetune.train_ppo_diffusion_agent][INFO] - 58: step  4240000 | loss   0.0335 | pg loss  -0.0102 | value loss   0.0874 | bc loss   0.0000 | reward 3301.0021 | eta   1.0000 | t: 56.8496 | kl_true_per_action=0.5247759279531963 | logratio_p99=1.1753297519683834 | clamp_hit_frac=0.00083125
[2026-10-09 15:51:28,893][agent.finetune.train_ppo_diffusion_agent][INFO] - approx_kl: 0.0, update_epoch: 0, num_batch: 4
[2026-10-09 15:51:31,083][agent.finetune.train_ppo_diffusion_agent][INFO] - approx_kl: 0.00015809183241799474, update_epoch: 0, num_batch: 4
[2026-10-09 15:51:33,243][agent.finetune.train_ppo_diffusion_agent][INFO] - approx_kl: 0.0005662048351950943, update_epoch: 0, num_batch: 4
[2026-10-09 15:51:35,519][agent.finetune.train_ppo_diffusion_agent][INFO] - approx_kl: 0.001231533708050847, update_epoch: 0, num_batch: 4
[2026-10-09 15:51:37,613][agent.finetune.train_ppo_diffusion_agent][INFO] - approx_kl: 0.002069014823064208, update_epoch: 1, num_batch: 4
[2026-10-09 15:51:39,797][agent.finetune.train_ppo_diffusion_agent][INFO] - approx_kl: 0.0030649045947939157, update_epoch: 1, num_batch: 4
[2026-10-09 15:51:41,983][agent.finetune.train_ppo_diffusion_agent][INFO] - approx_kl: 0.004311154130846262, update_epoch: 1, num_batch: 4
[2026-10-09 15:51:44,262][agent.finetune.train_ppo_diffusion_agent][INFO] - approx_kl: 0.005683974362909794, update_epoch: 1, num_batch: 4
[2026-10-09 15:51:46,360][agent.finetune.train_ppo_diffusion_agent][INFO] - approx_kl: 0.00736324954777956, update_epoch: 2, num_batch: 4
[2026-10-09 15:51:48,551][agent.finetune.train_ppo_diffusion_agent][INFO] - approx_kl: 0.00923947338014841, update_epoch: 2, num_batch: 4
[2026-10-09 15:51:50,750][agent.finetune.train_ppo_diffusion_agent][INFO] - approx_kl: 0.011429231613874435, update_epoch: 2, num_batch: 4
[2026-10-09 15:51:53,036][agent.finetune.train_ppo_diffusion_agent][INFO] - approx_kl: 0.013682047836482525, update_epoch: 2, num_batch: 4
[2026-10-09 15:51:55,135][agent.finetune.train_ppo_diffusion_agent][INFO] - approx_kl: 0.01615673117339611, update_epoch: 3, num_batch: 4
[2026-10-09 15:51:57,322][agent.finetune.train_ppo_diffusion_agent][INFO] - approx_kl: 0.018925577402114868, update_epoch: 3, num_batch: 4
[2026-10-09 15:51:59,508][agent.finetune.train_ppo_diffusion_agent][INFO] - approx_kl: 0.021682370454072952, update_epoch: 3, num_batch: 4
[2026-10-09 15:52:01,793][agent.finetune.train_ppo_diffusion_agent][INFO] - approx_kl: 0.025363218039274216, update_epoch: 3, num_batch: 4
[2026-10-09 15:52:03,890][agent.finetune.train_ppo_diffusion_agent][INFO] - approx_kl: 0.02887408621609211, update_epoch: 4, num_batch: 4
[2026-10-09 15:52:06,069][agent.finetune.train_ppo_diffusion_agent][INFO] - approx_kl: 0.033183228224515915, update_epoch: 4, num_batch: 4
[2026-10-09 15:52:08,256][agent.finetune.train_ppo_diffusion_agent][INFO] - approx_kl: 0.03797319158911705, update_epoch: 4, num_batch: 4
[2026-10-09 15:52:10,543][agent.finetune.train_ppo_diffusion_agent][INFO] - approx_kl: 0.041432350873947144, update_epoch: 4, num_batch: 4
[2026-10-09 15:52:10,563][agent.finetune.train_ppo_diffusion_agent][INFO] - 59: step  4320000 | loss   0.0301 | pg loss  -0.0124 | value loss   0.0851 | bc loss   0.0000 | reward 3380.0786 | eta   1.0000 | t: 57.1163 | kl_true_per_action=0.4780391551775163 | logratio_p99=1.0501862668991073 | clamp_hit_frac=0.0007625
[2026-10-09 15:52:24,158][agent.finetune.train_ppo_diffusion_agent][INFO] - eval: success rate   1.0000 | avg episode reward 3565.7208 | avg best reward   5.3122
[2026-10-09 15:52:39,751][agent.finetune.train_ppo_diffusion_agent][INFO] - approx_kl: 0.0, update_epoch: 0, num_batch: 4
[2026-10-09 15:52:41,953][agent.finetune.train_ppo_diffusion_agent][INFO] - approx_kl: 0.00019944187079090625, update_epoch: 0, num_batch: 4
[2026-10-09 15:52:44,225][agent.finetune.train_ppo_diffusion_agent][INFO] - approx_kl: 0.0007257877732627094, update_epoch: 0, num_batch: 4
[2026-10-09 15:52:46,324][agent.finetune.train_ppo_diffusion_agent][INFO] - approx_kl: 0.0014435452176257968, update_epoch: 0, num_batch: 4
[2026-10-09 15:52:48,494][agent.finetune.train_ppo_diffusion_agent][INFO] - approx_kl: 0.002260352484881878, update_epoch: 1, num_batch: 4
[2026-10-09 15:52:50,653][agent.finetune.train_ppo_diffusion_agent][INFO] - approx_kl: 0.0032112046610563993, update_epoch: 1, num_batch: 4
[2026-10-09 15:52:52,921][agent.finetune.train_ppo_diffusion_agent][INFO] - approx_kl: 0.004211730323731899, update_epoch: 1, num_batch: 4
[2026-10-09 15:52:55,016][agent.finetune.train_ppo_diffusion_agent][INFO] - approx_kl: 0.005460580810904503, update_epoch: 1, num_batch: 4
[2026-10-09 15:52:57,192][agent.finetune.train_ppo_diffusion_agent][INFO] - approx_kl: 0.006943142507225275, update_epoch: 2, num_batch: 4
[2026-10-09 15:52:59,362][agent.finetune.train_ppo_diffusion_agent][INFO] - approx_kl: 0.008414146490395069, update_epoch: 2, num_batch: 4
[2026-10-09 15:53:01,634][agent.finetune.train_ppo_diffusion_agent][INFO] - approx_kl: 0.009859799407422543, update_epoch: 2, num_batch: 4
[2026-10-09 15:53:03,703][agent.finetune.train_ppo_diffusion_agent][INFO] - approx_kl: 0.011811120435595512, update_epoch: 2, num_batch: 4
[2026-10-09 15:53:05,882][agent.finetune.train_ppo_diffusion_agent][INFO] - approx_kl: 0.013735479675233364, update_epoch: 3, num_batch: 4
[2026-10-09 15:53:08,054][agent.finetune.train_ppo_diffusion_agent][INFO] - approx_kl: 0.016354043036699295, update_epoch: 3, num_batch: 4
[2026-10-09 15:53:10,323][agent.finetune.train_ppo_diffusion_agent][INFO] - approx_kl: 0.019270149990916252, update_epoch: 3, num_batch: 4
[2026-10-09 15:53:12,407][agent.finetune.train_ppo_diffusion_agent][INFO] - approx_kl: 0.02187592163681984, update_epoch: 3, num_batch: 4
[2026-10-09 15:53:14,591][agent.finetune.train_ppo_diffusion_agent][INFO] - approx_kl: 0.02504212036728859, update_epoch: 4, num_batch: 4
[2026-10-09 15:53:16,772][agent.finetune.train_ppo_diffusion_agent][INFO] - approx_kl: 0.02824787050485611, update_epoch: 4, num_batch: 4
[2026-10-09 15:53:19,078][agent.finetune.train_ppo_diffusion_agent][INFO] - approx_kl: 0.031005365774035454, update_epoch: 4, num_batch: 4
[2026-10-09 15:53:21,168][agent.finetune.train_ppo_diffusion_agent][INFO] - approx_kl: 0.035826899111270905, update_epoch: 4, num_batch: 4
[2026-10-09 15:53:21,188][agent.finetune.train_ppo_diffusion_agent][INFO] - 61: step  4400000 | loss   0.0342 | pg loss  -0.0082 | value loss   0.0849 | bc loss   0.0000 | reward 3339.3285 | eta   1.0000 | t: 57.0303 | kl_true_per_action=0.39815972782561654 | logratio_p99=0.9413355815410603 | clamp_hit_frac=0.0007958333333333333
[2026-10-09 15:53:36,854][agent.finetune.train_ppo_diffusion_agent][INFO] - approx_kl: 0.0, update_epoch: 0, num_batch: 4
[2026-10-09 15:53:39,025][agent.finetune.train_ppo_diffusion_agent][INFO] - approx_kl: 0.00014680539607070386, update_epoch: 0, num_batch: 4
[2026-10-09 15:53:41,300][agent.finetune.train_ppo_diffusion_agent][INFO] - approx_kl: 0.00056603888515383, update_epoch: 0, num_batch: 4
[2026-10-09 15:53:43,375][agent.finetune.train_ppo_diffusion_agent][INFO] - approx_kl: 0.0011570649221539497, update_epoch: 0, num_batch: 4
[2026-10-09 15:53:45,547][agent.finetune.train_ppo_diffusion_agent][INFO] - approx_kl: 0.0020536300726234913, update_epoch: 1, num_batch: 4
[2026-10-09 15:53:47,756][agent.finetune.train_ppo_diffusion_agent][INFO] - approx_kl: 0.003300917334854603, update_epoch: 1, num_batch: 4
[2026-10-09 15:53:50,039][agent.finetune.train_ppo_diffusion_agent][INFO] - approx_kl: 0.005269232206046581, update_epoch: 1, num_batch: 4
[2026-10-09 15:53:52,132][agent.finetune.train_ppo_diffusion_agent][INFO] - approx_kl: 0.007253167685121298, update_epoch: 1, num_batch: 4
[2026-10-09 15:53:54,308][agent.finetune.train_ppo_diffusion_agent][INFO] - approx_kl: 0.01017784234136343, update_epoch: 2, num_batch: 4
[2026-10-09 15:53:56,490][agent.finetune.train_ppo_diffusion_agent][INFO] - approx_kl: 0.014199596829712391, update_epoch: 2, num_batch: 4
[2026-10-09 15:53:58,790][agent.finetune.train_ppo_diffusion_agent][INFO] - approx_kl: 0.018769554793834686, update_epoch: 2, num_batch: 4
[2026-10-09 15:54:00,893][agent.finetune.train_ppo_diffusion_agent][INFO] - approx_kl: 0.02442185953259468, update_epoch: 2, num_batch: 4
[2026-10-09 15:54:03,077][agent.finetune.train_ppo_diffusion_agent][INFO] - approx_kl: 0.030969489365816116, update_epoch: 3, num_batch: 4
[2026-10-09 15:54:05,265][agent.finetune.train_ppo_diffusion_agent][INFO] - approx_kl: 0.03999679908156395, update_epoch: 3, num_batch: 4
[2026-10-09 15:54:07,587][agent.finetune.train_ppo_diffusion_agent][INFO] - approx_kl: 0.04782363027334213, update_epoch: 3, num_batch: 4
[2026-10-09 15:54:09,675][agent.finetune.train_ppo_diffusion_agent][INFO] - approx_kl: 0.05948837846517563, update_epoch: 3, num_batch: 4
[2026-10-09 15:54:11,861][agent.finetune.train_ppo_diffusion_agent][INFO] - approx_kl: 0.07222592830657959, update_epoch: 4, num_batch: 4
[2026-10-09 15:54:14,049][agent.finetune.train_ppo_diffusion_agent][INFO] - approx_kl: 0.08384833484888077, update_epoch: 4, num_batch: 4
[2026-10-09 15:54:16,338][agent.finetune.train_ppo_diffusion_agent][INFO] - approx_kl: 0.10032955557107925, update_epoch: 4, num_batch: 4
[2026-10-09 15:54:18,437][agent.finetune.train_ppo_diffusion_agent][INFO] - approx_kl: 0.11909052729606628, update_epoch: 4, num_batch: 4
[2026-10-09 15:54:18,456][agent.finetune.train_ppo_diffusion_agent][INFO] - 62: step  4480000 | loss   0.0289 | pg loss  -0.0143 | value loss   0.0865 | bc loss   0.0000 | reward 3421.3371 | eta   1.0000 | t: 57.2679 | kl_true_per_action=1.3958494174895812 | logratio_p99=1.9719155895709968 | clamp_hit_frac=0.00084375
[2026-10-09 15:54:34,230][agent.finetune.train_ppo_diffusion_agent][INFO] - approx_kl: 0.0, update_epoch: 0, num_batch: 4
[2026-10-09 15:54:36,410][agent.finetune.train_ppo_diffusion_agent][INFO] - approx_kl: 0.0008047641604207456, update_epoch: 0, num_batch: 4
[2026-10-09 15:54:38,704][agent.finetune.train_ppo_diffusion_agent][INFO] - approx_kl: 0.002964798593893647, update_epoch: 0, num_batch: 4
[2026-10-09 15:54:40,838][agent.finetune.train_ppo_diffusion_agent][INFO] - approx_kl: 0.0059746806509792805, update_epoch: 0, num_batch: 4
[2026-10-09 15:54:43,020][agent.finetune.train_ppo_diffusion_agent][INFO] - approx_kl: 0.009508109651505947, update_epoch: 1, num_batch: 4
[2026-10-09 15:54:45,305][agent.finetune.train_ppo_diffusion_agent][INFO] - approx_kl: 0.014372854493558407, update_epoch: 1, num_batch: 4
[2026-10-09 15:54:47,397][agent.finetune.train_ppo_diffusion_agent][INFO] - approx_kl: 0.019295934587717056, update_epoch: 1, num_batch: 4
[2026-10-09 15:54:49,586][agent.finetune.train_ppo_diffusion_agent][INFO] - approx_kl: 0.024487802758812904, update_epoch: 1, num_batch: 4
[2026-10-09 15:54:51,774][agent.finetune.train_ppo_diffusion_agent][INFO] - approx_kl: 0.030092457309365273, update_epoch: 2, num_batch: 4
[2026-10-09 15:54:54,052][agent.finetune.train_ppo_diffusion_agent][INFO] - approx_kl: 0.03561253845691681, update_epoch: 2, num_batch: 4
[2026-10-09 15:54:56,144][agent.finetune.train_ppo_diffusion_agent][INFO] - approx_kl: 0.04173978418111801, update_epoch: 2, num_batch: 4
[2026-10-09 15:54:58,328][agent.finetune.train_ppo_diffusion_agent][INFO] - approx_kl: 0.04817323759198189, update_epoch: 2, num_batch: 4
[2026-10-09 15:55:00,513][agent.finetune.train_ppo_diffusion_agent][INFO] - approx_kl: 0.05601733177900314, update_epoch: 3, num_batch: 4
[2026-10-09 15:55:02,806][agent.finetune.train_ppo_diffusion_agent][INFO] - approx_kl: 0.06401470303535461, update_epoch: 3, num_batch: 4
[2026-10-09 15:55:04,899][agent.finetune.train_ppo_diffusion_agent][INFO] - approx_kl: 0.07140247523784637, update_epoch: 3, num_batch: 4
[2026-10-09 15:55:07,085][agent.finetune.train_ppo_diffusion_agent][INFO] - approx_kl: 0.080290287733078, update_epoch: 3, num_batch: 4
[2026-10-09 15:55:09,272][agent.finetune.train_ppo_diffusion_agent][INFO] - approx_kl: 0.09130474179983139, update_epoch: 4, num_batch: 4
[2026-10-09 15:55:11,587][agent.finetune.train_ppo_diffusion_agent][INFO] - approx_kl: 0.10283384472131729, update_epoch: 4, num_batch: 4
[2026-10-09 15:55:13,672][agent.finetune.train_ppo_diffusion_agent][INFO] - approx_kl: 0.11368569731712341, update_epoch: 4, num_batch: 4
[2026-10-09 15:55:15,870][agent.finetune.train_ppo_diffusion_agent][INFO] - approx_kl: 0.12470057606697083, update_epoch: 4, num_batch: 4
[2026-10-09 15:55:15,889][agent.finetune.train_ppo_diffusion_agent][INFO] - 63: step  4560000 | loss   0.0295 | pg loss  -0.0136 | value loss   0.0862 | bc loss   0.0000 | reward 3341.5427 | eta   1.0000 | t: 57.4334 | kl_true_per_action=1.3917676459829618 | logratio_p99=2.0346422958374015 | clamp_hit_frac=0.000725
[2026-10-09 15:55:31,507][agent.finetune.train_ppo_diffusion_agent][INFO] - approx_kl: 0.0, update_epoch: 0, num_batch: 4
[2026-10-09 15:55:33,797][agent.finetune.train_ppo_diffusion_agent][INFO] - approx_kl: 0.00041707599302753806, update_epoch: 0, num_batch: 4
[2026-10-09 15:55:35,905][agent.finetune.train_ppo_diffusion_agent][INFO] - approx_kl: 0.0015690575819462538, update_epoch: 0, num_batch: 4
[2026-10-09 15:55:38,074][agent.finetune.train_ppo_diffusion_agent][INFO] - approx_kl: 0.0032441599760204554, update_epoch: 0, num_batch: 4
[2026-10-09 15:55:40,240][agent.finetune.train_ppo_diffusion_agent][INFO] - approx_kl: 0.005322660785168409, update_epoch: 1, num_batch: 4
[2026-10-09 15:55:42,554][agent.finetune.train_ppo_diffusion_agent][INFO] - approx_kl: 0.008165965788066387, update_epoch: 1, num_batch: 4
[2026-10-09 15:55:44,640][agent.finetune.train_ppo_diffusion_agent][INFO] - approx_kl: 0.011294439435005188, update_epoch: 1, num_batch: 4
[2026-10-09 15:55:46,794][agent.finetune.train_ppo_diffusion_agent][INFO] - approx_kl: 0.014493580907583237, update_epoch: 1, num_batch: 4
[2026-10-09 15:55:48,972][agent.finetune.train_ppo_diffusion_agent][INFO] - approx_kl: 0.018130633980035782, update_epoch: 2, num_batch: 4
[2026-10-09 15:55:51,263][agent.finetune.train_ppo_diffusion_agent][INFO] - approx_kl: 0.02236992120742798, update_epoch: 2, num_batch: 4
[2026-10-09 15:55:53,336][agent.finetune.train_ppo_diffusion_agent][INFO] - approx_kl: 0.025281447917222977, update_epoch: 2, num_batch: 4
[2026-10-09 15:55:55,507][agent.finetune.train_ppo_diffusion_agent][INFO] - approx_kl: 0.029725894331932068, update_epoch: 2, num_batch: 4
[2026-10-09 15:55:57,674][agent.finetune.train_ppo_diffusion_agent][INFO] - approx_kl: 0.034182626754045486, update_epoch: 3, num_batch: 4
[2026-10-09 15:55:59,927][agent.finetune.train_ppo_diffusion_agent][INFO] - approx_kl: 0.04018642380833626, update_epoch: 3, num_batch: 4
[2026-10-09 15:56:02,019][agent.finetune.train_ppo_diffusion_agent][INFO] - approx_kl: 0.04564104229211807, update_epoch: 3, num_batch: 4
[2026-10-09 15:56:04,198][agent.finetune.train_ppo_diffusion_agent][INFO] - approx_kl: 0.051741909235715866, update_epoch: 3, num_batch: 4
[2026-10-09 15:56:06,383][agent.finetune.train_ppo_diffusion_agent][INFO] - approx_kl: 0.059090692549943924, update_epoch: 4, num_batch: 4
[2026-10-09 15:56:08,668][agent.finetune.train_ppo_diffusion_agent][INFO] - approx_kl: 0.06570660322904587, update_epoch: 4, num_batch: 4
[2026-10-09 15:56:10,767][agent.finetune.train_ppo_diffusion_agent][INFO] - approx_kl: 0.07158243656158447, update_epoch: 4, num_batch: 4
[2026-10-09 15:56:12,961][agent.finetune.train_ppo_diffusion_agent][INFO] - approx_kl: 0.07981278002262115, update_epoch: 4, num_batch: 4
[2026-10-09 15:56:12,981][agent.finetune.train_ppo_diffusion_agent][INFO] - 64: step  4640000 | loss   0.0314 | pg loss  -0.0108 | value loss   0.0844 | bc loss   0.0000 | reward 3249.2204 | eta   1.0000 | t: 57.0915 | kl_true_per_action=0.9122781619986607 | logratio_p99=1.520336956977844 | clamp_hit_frac=0.0008270833333333333
[2026-10-09 15:56:28,379][agent.finetune.train_ppo_diffusion_agent][INFO] - approx_kl: 0.0, update_epoch: 0, num_batch: 4
[2026-10-09 15:56:30,686][agent.finetune.train_ppo_diffusion_agent][INFO] - approx_kl: 0.00023565102310385555, update_epoch: 0, num_batch: 4
[2026-10-09 15:56:32,771][agent.finetune.train_ppo_diffusion_agent][INFO] - approx_kl: 0.000856134167406708, update_epoch: 0, num_batch: 4
[2026-10-09 15:56:34,970][agent.finetune.train_ppo_diffusion_agent][INFO] - approx_kl: 0.0017226369818672538, update_epoch: 0, num_batch: 4
[2026-10-09 15:56:37,163][agent.finetune.train_ppo_diffusion_agent][INFO] - approx_kl: 0.0027788830921053886, update_epoch: 1, num_batch: 4
[2026-10-09 15:56:39,457][agent.finetune.train_ppo_diffusion_agent][INFO] - approx_kl: 0.003950177691876888, update_epoch: 1, num_batch: 4
[2026-10-09 15:56:41,555][agent.finetune.train_ppo_diffusion_agent][INFO] - approx_kl: 0.005406324286013842, update_epoch: 1, num_batch: 4
[2026-10-09 15:56:43,764][agent.finetune.train_ppo_diffusion_agent][INFO] - approx_kl: 0.006605078466236591, update_epoch: 1, num_batch: 4
[2026-10-09 15:56:45,955][agent.finetune.train_ppo_diffusion_agent][INFO] - approx_kl: 0.007929321378469467, update_epoch: 2, num_batch: 4
[2026-10-09 15:56:48,245][agent.finetune.train_ppo_diffusion_agent][INFO] - approx_kl: 0.008908073417842388, update_epoch: 2, num_batch: 4
[2026-10-09 15:56:50,340][agent.finetune.train_ppo_diffusion_agent][INFO] - approx_kl: 0.009986181743443012, update_epoch: 2, num_batch: 4
[2026-10-09 15:56:52,512][agent.finetune.train_ppo_diffusion_agent][INFO] - approx_kl: 0.011183828115463257, update_epoch: 2, num_batch: 4
[2026-10-09 15:56:54,693][agent.finetune.train_ppo_diffusion_agent][INFO] - approx_kl: 0.01275026984512806, update_epoch: 3, num_batch: 4
[2026-10-09 15:56:56,980][agent.finetune.train_ppo_diffusion_agent][INFO] - approx_kl: 0.014780743047595024, update_epoch: 3, num_batch: 4
[2026-10-09 15:56:59,075][agent.finetune.train_ppo_diffusion_agent][INFO] - approx_kl: 0.017011994495987892, update_epoch: 3, num_batch: 4
[2026-10-09 15:57:01,257][agent.finetune.train_ppo_diffusion_agent][INFO] - approx_kl: 0.0195019468665123, update_epoch: 3, num_batch: 4
[2026-10-09 15:57:03,462][agent.finetune.train_ppo_diffusion_agent][INFO] - approx_kl: 0.02183958888053894, update_epoch: 4, num_batch: 4
[2026-10-09 15:57:05,810][agent.finetune.train_ppo_diffusion_agent][INFO] - approx_kl: 0.024312831461429596, update_epoch: 4, num_batch: 4
[2026-10-09 15:57:07,963][agent.finetune.train_ppo_diffusion_agent][INFO] - approx_kl: 0.027011815458536148, update_epoch: 4, num_batch: 4
[2026-10-09 15:57:10,155][agent.finetune.train_ppo_diffusion_agent][INFO] - approx_kl: 0.030510026961565018, update_epoch: 4, num_batch: 4
[2026-10-09 15:57:10,175][agent.finetune.train_ppo_diffusion_agent][INFO] - 65: step  4720000 | loss   0.0322 | pg loss  -0.0089 | value loss   0.0822 | bc loss   0.0000 | reward 3184.2298 | eta   1.0000 | t: 57.1943 | kl_true_per_action=0.33849420052329543 | logratio_p99=0.858361227512359 | clamp_hit_frac=0.0007729166666666667
[2026-10-09 15:57:25,110][agent.finetune.train_ppo_diffusion_agent][INFO] - approx_kl: 0.0, update_epoch: 0, num_batch: 4
[2026-10-09 15:57:27,393][agent.finetune.train_ppo_diffusion_agent][INFO] - approx_kl: 0.00013214755745138973, update_epoch: 0, num_batch: 4
[2026-10-09 15:57:29,488][agent.finetune.train_ppo_diffusion_agent][INFO] - approx_kl: 0.00047936750343069434, update_epoch: 0, num_batch: 4
[2026-10-09 15:57:31,679][agent.finetune.train_ppo_diffusion_agent][INFO] - approx_kl: 0.0009702282259240746, update_epoch: 0, num_batch: 4
[2026-10-09 15:57:33,850][agent.finetune.train_ppo_diffusion_agent][INFO] - approx_kl: 0.0015699878567829728, update_epoch: 1, num_batch: 4
[2026-10-09 15:57:36,119][agent.finetune.train_ppo_diffusion_agent][INFO] - approx_kl: 0.002315153833478689, update_epoch: 1, num_batch: 4
[2026-10-09 15:57:38,145][agent.finetune.train_ppo_diffusion_agent][INFO] - approx_kl: 0.003193449229001999, update_epoch: 1, num_batch: 4
[2026-10-09 15:57:40,304][agent.finetune.train_ppo_diffusion_agent][INFO] - approx_kl: 0.004302443470805883, update_epoch: 1, num_batch: 4
[2026-10-09 15:57:42,494][agent.finetune.train_ppo_diffusion_agent][INFO] - approx_kl: 0.005608785431832075, update_epoch: 2, num_batch: 4
[2026-10-09 15:57:44,868][agent.finetune.train_ppo_diffusion_agent][INFO] - approx_kl: 0.0072910669259727, update_epoch: 2, num_batch: 4
[2026-10-09 15:57:46,996][agent.finetune.train_ppo_diffusion_agent][INFO] - approx_kl: 0.009057329967617989, update_epoch: 2, num_batch: 4
[2026-10-09 15:57:49,194][agent.finetune.train_ppo_diffusion_agent][INFO] - approx_kl: 0.011089767329394817, update_epoch: 2, num_batch: 4
[2026-10-09 15:57:51,386][agent.finetune.train_ppo_diffusion_agent][INFO] - approx_kl: 0.013571176677942276, update_epoch: 3, num_batch: 4
[2026-10-09 15:57:53,589][agent.finetune.train_ppo_diffusion_agent][INFO] - approx_kl: 0.016273239627480507, update_epoch: 3, num_batch: 4
[2026-10-09 15:57:55,690][agent.finetune.train_ppo_diffusion_agent][INFO] - approx_kl: 0.01905502937734127, update_epoch: 3, num_batch: 4
[2026-10-09 15:57:57,887][agent.finetune.train_ppo_diffusion_agent][INFO] - approx_kl: 0.022568950429558754, update_epoch: 3, num_batch: 4
[2026-10-09 15:58:00,076][agent.finetune.train_ppo_diffusion_agent][INFO] - approx_kl: 0.026030760258436203, update_epoch: 4, num_batch: 4
[2026-10-09 15:58:02,377][agent.finetune.train_ppo_diffusion_agent][INFO] - approx_kl: 0.030469130724668503, update_epoch: 4, num_batch: 4
[2026-10-09 15:58:04,436][agent.finetune.train_ppo_diffusion_agent][INFO] - approx_kl: 0.0347011424601078, update_epoch: 4, num_batch: 4
[2026-10-09 15:58:06,602][agent.finetune.train_ppo_diffusion_agent][INFO] - approx_kl: 0.04030785709619522, update_epoch: 4, num_batch: 4
[2026-10-09 15:58:06,622][agent.finetune.train_ppo_diffusion_agent][INFO] - 66: step  4800000 | loss   0.0302 | pg loss  -0.0108 | value loss   0.0821 | bc loss   0.0000 | reward 3144.7821 | eta   1.0000 | t: 56.4466 | kl_true_per_action=0.45958745038606996 | logratio_p99=1.0598378300666773 | clamp_hit_frac=0.00078125
[2026-10-09 15:58:21,710][agent.finetune.train_ppo_diffusion_agent][INFO] - approx_kl: 0.0, update_epoch: 0, num_batch: 4
[2026-10-09 15:58:23,808][agent.finetune.train_ppo_diffusion_agent][INFO] - approx_kl: 0.00021349113376345485, update_epoch: 0, num_batch: 4
[2026-10-09 15:58:26,009][agent.finetune.train_ppo_diffusion_agent][INFO] - approx_kl: 0.0007852897397242486, update_epoch: 0, num_batch: 4
[2026-10-09 15:58:28,197][agent.finetune.train_ppo_diffusion_agent][INFO] - approx_kl: 0.001573558314703405, update_epoch: 0, num_batch: 4
[2026-10-09 15:58:30,518][agent.finetune.train_ppo_diffusion_agent][INFO] - approx_kl: 0.002430049469694495, update_epoch: 1, num_batch: 4
[2026-10-09 15:58:32,618][agent.finetune.train_ppo_diffusion_agent][INFO] - approx_kl: 0.003319583600386977, update_epoch: 1, num_batch: 4
[2026-10-09 15:58:34,817][agent.finetune.train_ppo_diffusion_agent][INFO] - approx_kl: 0.004730455111712217, update_epoch: 1, num_batch: 4
[2026-10-09 15:58:37,011][agent.finetune.train_ppo_diffusion_agent][INFO] - approx_kl: 0.006199609022587538, update_epoch: 1, num_batch: 4
[2026-10-09 15:58:39,314][agent.finetune.train_ppo_diffusion_agent][INFO] - approx_kl: 0.008102531544864178, update_epoch: 2, num_batch: 4
[2026-10-09 15:58:41,411][agent.finetune.train_ppo_diffusion_agent][INFO] - approx_kl: 0.010154429823160172, update_epoch: 2, num_batch: 4
[2026-10-09 15:58:43,604][agent.finetune.train_ppo_diffusion_agent][INFO] - approx_kl: 0.013270890340209007, update_epoch: 2, num_batch: 4
[2026-10-09 15:58:45,800][agent.finetune.train_ppo_diffusion_agent][INFO] - approx_kl: 0.016862453892827034, update_epoch: 2, num_batch: 4
[2026-10-09 15:58:48,155][agent.finetune.train_ppo_diffusion_agent][INFO] - approx_kl: 0.02078474871814251, update_epoch: 3, num_batch: 4
[2026-10-09 15:58:50,250][agent.finetune.train_ppo_diffusion_agent][INFO] - approx_kl: 0.025119442492723465, update_epoch: 3, num_batch: 4
[2026-10-09 15:58:52,452][agent.finetune.train_ppo_diffusion_agent][INFO] - approx_kl: 0.031355418264865875, update_epoch: 3, num_batch: 4
[2026-10-09 15:58:54,647][agent.finetune.train_ppo_diffusion_agent][INFO] - approx_kl: 0.0373375341296196, update_epoch: 3, num_batch: 4
[2026-10-09 15:58:56,937][agent.finetune.train_ppo_diffusion_agent][INFO] - approx_kl: 0.044507380574941635, update_epoch: 4, num_batch: 4
[2026-10-09 15:58:59,027][agent.finetune.train_ppo_diffusion_agent][INFO] - approx_kl: 0.052621785551309586, update_epoch: 4, num_batch: 4
[2026-10-09 15:59:01,206][agent.finetune.train_ppo_diffusion_agent][INFO] - approx_kl: 0.06142590567469597, update_epoch: 4, num_batch: 4
[2026-10-09 15:59:03,394][agent.finetune.train_ppo_diffusion_agent][INFO] - approx_kl: 0.07135956734418869, update_epoch: 4, num_batch: 4
[2026-10-09 15:59:03,414][agent.finetune.train_ppo_diffusion_agent][INFO] - 67: step  4880000 | loss   0.0288 | pg loss  -0.0121 | value loss   0.0817 | bc loss   0.0000 | reward 3099.8355 | eta   1.0000 | t: 56.7923 | kl_true_per_action=0.8125052553965896 | logratio_p99=1.4306549179553971 | clamp_hit_frac=0.00079375
[2026-10-09 15:59:18,308][agent.finetune.train_ppo_diffusion_agent][INFO] - approx_kl: 0.0, update_epoch: 0, num_batch: 4
[2026-10-09 15:59:20,401][agent.finetune.train_ppo_diffusion_agent][INFO] - approx_kl: 0.00040645108674652874, update_epoch: 0, num_batch: 4
[2026-10-09 15:59:22,585][agent.finetune.train_ppo_diffusion_agent][INFO] - approx_kl: 0.0014669956872239709, update_epoch: 0, num_batch: 4
[2026-10-09 15:59:24,768][agent.finetune.train_ppo_diffusion_agent][INFO] - approx_kl: 0.0033535349648445845, update_epoch: 0, num_batch: 4
[2026-10-09 15:59:27,063][agent.finetune.train_ppo_diffusion_agent][INFO] - approx_kl: 0.00543557433411479, update_epoch: 1, num_batch: 4
[2026-10-09 15:59:29,157][agent.finetune.train_ppo_diffusion_agent][INFO] - approx_kl: 0.008410233072936535, update_epoch: 1, num_batch: 4
[2026-10-09 15:59:31,345][agent.finetune.train_ppo_diffusion_agent][INFO] - approx_kl: 0.01229716744273901, update_epoch: 1, num_batch: 4
[2026-10-09 15:59:33,528][agent.finetune.train_ppo_diffusion_agent][INFO] - approx_kl: 0.016048703342676163, update_epoch: 1, num_batch: 4
[2026-10-09 15:59:35,817][agent.finetune.train_ppo_diffusion_agent][INFO] - approx_kl: 0.019837720319628716, update_epoch: 2, num_batch: 4
[2026-10-09 15:59:37,937][agent.finetune.train_ppo_diffusion_agent][INFO] - approx_kl: 0.025099212303757668, update_epoch: 2, num_batch: 4
[2026-10-09 15:59:40,130][agent.finetune.train_ppo_diffusion_agent][INFO] - approx_kl: 0.030888060107827187, update_epoch: 2, num_batch: 4
[2026-10-09 15:59:42,321][agent.finetune.train_ppo_diffusion_agent][INFO] - approx_kl: 0.03785860538482666, update_epoch: 2, num_batch: 4
[2026-10-09 15:59:44,624][agent.finetune.train_ppo_diffusion_agent][INFO] - approx_kl: 0.04430975392460823, update_epoch: 3, num_batch: 4
[2026-10-09 15:59:46,720][agent.finetune.train_ppo_diffusion_agent][INFO] - approx_kl: 0.050518762320280075, update_epoch: 3, num_batch: 4
[2026-10-09 15:59:48,955][agent.finetune.train_ppo_diffusion_agent][INFO] - approx_kl: 0.05973884463310242, update_epoch: 3, num_batch: 4
[2026-10-09 15:59:51,136][agent.finetune.train_ppo_diffusion_agent][INFO] - approx_kl: 0.06751666963100433, update_epoch: 3, num_batch: 4
[2026-10-09 15:59:53,427][agent.finetune.train_ppo_diffusion_agent][INFO] - approx_kl: 0.07685057073831558, update_epoch: 4, num_batch: 4
[2026-10-09 15:59:55,519][agent.finetune.train_ppo_diffusion_agent][INFO] - approx_kl: 0.08472403138875961, update_epoch: 4, num_batch: 4
[2026-10-09 15:59:57,719][agent.finetune.train_ppo_diffusion_agent][INFO] - approx_kl: 0.09392182528972626, update_epoch: 4, num_batch: 4
[2026-10-09 15:59:59,916][agent.finetune.train_ppo_diffusion_agent][INFO] - approx_kl: 0.10647091269493103, update_epoch: 4, num_batch: 4
[2026-10-09 15:59:59,936][agent.finetune.train_ppo_diffusion_agent][INFO] - 68: step  4960000 | loss   0.0297 | pg loss  -0.0107 | value loss   0.0807 | bc loss   0.0000 | reward 3209.4761 | eta   1.0000 | t: 56.5221 | kl_true_per_action=1.1577791466227676 | logratio_p99=1.7458851933479282 | clamp_hit_frac=0.0008395833333333333
[2026-10-09 16:00:14,770][agent.finetune.train_ppo_diffusion_agent][INFO] - approx_kl: 0.0, update_epoch: 0, num_batch: 4
[2026-10-09 16:00:16,860][agent.finetune.train_ppo_diffusion_agent][INFO] - approx_kl: 0.0002705119550228119, update_epoch: 0, num_batch: 4
[2026-10-09 16:00:19,023][agent.finetune.train_ppo_diffusion_agent][INFO] - approx_kl: 0.0010554299224168062, update_epoch: 0, num_batch: 4
[2026-10-09 16:00:21,302][agent.finetune.train_ppo_diffusion_agent][INFO] - approx_kl: 0.0022364326287060976, update_epoch: 0, num_batch: 4
[2026-10-09 16:00:23,385][agent.finetune.train_ppo_diffusion_agent][INFO] - approx_kl: 0.0037968785036355257, update_epoch: 1, num_batch: 4
[2026-10-09 16:00:25,554][agent.finetune.train_ppo_diffusion_agent][INFO] - approx_kl: 0.005575785879045725, update_epoch: 1, num_batch: 4
[2026-10-09 16:00:27,721][agent.finetune.train_ppo_diffusion_agent][INFO] - approx_kl: 0.007906641811132431, update_epoch: 1, num_batch: 4
[2026-10-09 16:00:30,004][agent.finetune.train_ppo_diffusion_agent][INFO] - approx_kl: 0.010846227407455444, update_epoch: 1, num_batch: 4
[2026-10-09 16:00:32,085][agent.finetune.train_ppo_diffusion_agent][INFO] - approx_kl: 0.013771328143775463, update_epoch: 2, num_batch: 4
[2026-10-09 16:00:34,252][agent.finetune.train_ppo_diffusion_agent][INFO] - approx_kl: 0.017614686861634254, update_epoch: 2, num_batch: 4
[2026-10-09 16:00:36,426][agent.finetune.train_ppo_diffusion_agent][INFO] - approx_kl: 0.022156834602355957, update_epoch: 2, num_batch: 4
[2026-10-09 16:00:38,731][agent.finetune.train_ppo_diffusion_agent][INFO] - approx_kl: 0.026688802987337112, update_epoch: 2, num_batch: 4
[2026-10-09 16:00:40,824][agent.finetune.train_ppo_diffusion_agent][INFO] - approx_kl: 0.032147280871868134, update_epoch: 3, num_batch: 4
[2026-10-09 16:00:42,995][agent.finetune.train_ppo_diffusion_agent][INFO] - approx_kl: 0.03795137628912926, update_epoch: 3, num_batch: 4
[2026-10-09 16:00:45,167][agent.finetune.train_ppo_diffusion_agent][INFO] - approx_kl: 0.045831698924303055, update_epoch: 3, num_batch: 4
[2026-10-09 16:00:47,446][agent.finetune.train_ppo_diffusion_agent][INFO] - approx_kl: 0.052163347601890564, update_epoch: 3, num_batch: 4
[2026-10-09 16:00:49,534][agent.finetune.train_ppo_diffusion_agent][INFO] - approx_kl: 0.0620664618909359, update_epoch: 4, num_batch: 4
[2026-10-09 16:00:51,713][agent.finetune.train_ppo_diffusion_agent][INFO] - approx_kl: 0.07079897075891495, update_epoch: 4, num_batch: 4
[2026-10-09 16:00:53,885][agent.finetune.train_ppo_diffusion_agent][INFO] - approx_kl: 0.08302236348390579, update_epoch: 4, num_batch: 4
[2026-10-09 16:00:56,168][agent.finetune.train_ppo_diffusion_agent][INFO] - approx_kl: 0.09233275055885315, update_epoch: 4, num_batch: 4
[2026-10-09 16:00:56,187][agent.finetune.train_ppo_diffusion_agent][INFO] - 69: step  5040000 | loss   0.0298 | pg loss  -0.0115 | value loss   0.0827 | bc loss   0.0000 | reward 3333.6498 | eta   1.0000 | t: 56.2509 | kl_true_per_action=1.0700650061677575 | logratio_p99=1.6711088836193067 | clamp_hit_frac=0.00085
[2026-10-09 16:01:09,782][agent.finetune.train_agent][INFO] - Saved model to /soalnas/share/data/zbao7/diffusion_policy/results/stage2_noclip/runs/NC3_seed1/native/checkpoint/state_70.pt
[2026-10-09 16:01:09,782][agent.finetune.train_ppo_diffusion_agent][INFO] - eval: success rate   1.0000 | avg episode reward 3716.5999 | avg best reward   5.5366
[2026-10-09 16:01:25,038][agent.finetune.train_ppo_diffusion_agent][INFO] - approx_kl: 0.0, update_epoch: 0, num_batch: 4
[2026-10-09 16:01:27,236][agent.finetune.train_ppo_diffusion_agent][INFO] - approx_kl: 0.0003658794448710978, update_epoch: 0, num_batch: 4
[2026-10-09 16:01:29,408][agent.finetune.train_ppo_diffusion_agent][INFO] - approx_kl: 0.0013151793973520398, update_epoch: 0, num_batch: 4
[2026-10-09 16:01:31,684][agent.finetune.train_ppo_diffusion_agent][INFO] - approx_kl: 0.002504420932382345, update_epoch: 0, num_batch: 4
[2026-10-09 16:01:33,780][agent.finetune.train_ppo_diffusion_agent][INFO] - approx_kl: 0.004036256577819586, update_epoch: 1, num_batch: 4
[2026-10-09 16:01:35,960][agent.finetune.train_ppo_diffusion_agent][INFO] - approx_kl: 0.006004404276609421, update_epoch: 1, num_batch: 4
[2026-10-09 16:01:38,141][agent.finetune.train_ppo_diffusion_agent][INFO] - approx_kl: 0.00801409687846899, update_epoch: 1, num_batch: 4
[2026-10-09 16:01:40,421][agent.finetune.train_ppo_diffusion_agent][INFO] - approx_kl: 0.010149567387998104, update_epoch: 1, num_batch: 4
[2026-10-09 16:01:42,529][agent.finetune.train_ppo_diffusion_agent][INFO] - approx_kl: 0.012386332266032696, update_epoch: 2, num_batch: 4
[2026-10-09 16:01:44,705][agent.finetune.train_ppo_diffusion_agent][INFO] - approx_kl: 0.014002411626279354, update_epoch: 2, num_batch: 4
[2026-10-09 16:01:46,884][agent.finetune.train_ppo_diffusion_agent][INFO] - approx_kl: 0.016204126179218292, update_epoch: 2, num_batch: 4
[2026-10-09 16:01:49,166][agent.finetune.train_ppo_diffusion_agent][INFO] - approx_kl: 0.018306849524378777, update_epoch: 2, num_batch: 4
[2026-10-09 16:01:51,250][agent.finetune.train_ppo_diffusion_agent][INFO] - approx_kl: 0.021075019612908363, update_epoch: 3, num_batch: 4
[2026-10-09 16:01:53,423][agent.finetune.train_ppo_diffusion_agent][INFO] - approx_kl: 0.02347891964018345, update_epoch: 3, num_batch: 4
[2026-10-09 16:01:55,599][agent.finetune.train_ppo_diffusion_agent][INFO] - approx_kl: 0.026517074555158615, update_epoch: 3, num_batch: 4
[2026-10-09 16:01:57,882][agent.finetune.train_ppo_diffusion_agent][INFO] - approx_kl: 0.029362909495830536, update_epoch: 3, num_batch: 4
[2026-10-09 16:01:59,969][agent.finetune.train_ppo_diffusion_agent][INFO] - approx_kl: 0.03343760594725609, update_epoch: 4, num_batch: 4
[2026-10-09 16:02:02,147][agent.finetune.train_ppo_diffusion_agent][INFO] - approx_kl: 0.03710009530186653, update_epoch: 4, num_batch: 4
[2026-10-09 16:02:04,352][agent.finetune.train_ppo_diffusion_agent][INFO] - approx_kl: 0.040569137781858444, update_epoch: 4, num_batch: 4
[2026-10-09 16:02:06,655][agent.finetune.train_ppo_diffusion_agent][INFO] - approx_kl: 0.045476604253053665, update_epoch: 4, num_batch: 4
[2026-10-09 16:02:06,675][agent.finetune.train_ppo_diffusion_agent][INFO] - 71: step  5120000 | loss   0.0326 | pg loss  -0.0117 | value loss   0.0886 | bc loss   0.0000 | reward 3512.9270 | eta   1.0000 | t: 56.8921 | kl_true_per_action=0.501032357032092 | logratio_p99=1.132004482746123 | clamp_hit_frac=0.00083125
[2026-10-09 16:02:21,248][agent.finetune.train_ppo_diffusion_agent][INFO] - approx_kl: 0.0, update_epoch: 0, num_batch: 4
[2026-10-09 16:02:23,434][agent.finetune.train_ppo_diffusion_agent][INFO] - approx_kl: 0.00018305712728761137, update_epoch: 0, num_batch: 4
[2026-10-09 16:02:25,613][agent.finetune.train_ppo_diffusion_agent][INFO] - approx_kl: 0.0006804785807617009, update_epoch: 0, num_batch: 4
[2026-10-09 16:02:27,894][agent.finetune.train_ppo_diffusion_agent][INFO] - approx_kl: 0.0013806534698233008, update_epoch: 0, num_batch: 4
[2026-10-09 16:02:29,986][agent.finetune.train_ppo_diffusion_agent][INFO] - approx_kl: 0.0022191000171005726, update_epoch: 1, num_batch: 4
[2026-10-09 16:02:32,174][agent.finetune.train_ppo_diffusion_agent][INFO] - approx_kl: 0.0031850694213062525, update_epoch: 1, num_batch: 4
[2026-10-09 16:02:34,395][agent.finetune.train_ppo_diffusion_agent][INFO] - approx_kl: 0.0044343979097902775, update_epoch: 1, num_batch: 4
[2026-10-09 16:02:36,696][agent.finetune.train_ppo_diffusion_agent][INFO] - approx_kl: 0.0055448743514716625, update_epoch: 1, num_batch: 4
[2026-10-09 16:02:38,796][agent.finetune.train_ppo_diffusion_agent][INFO] - approx_kl: 0.007124120835214853, update_epoch: 2, num_batch: 4
[2026-10-09 16:02:40,986][agent.finetune.train_ppo_diffusion_agent][INFO] - approx_kl: 0.008535778149962425, update_epoch: 2, num_batch: 4
[2026-10-09 16:02:43,176][agent.finetune.train_ppo_diffusion_agent][INFO] - approx_kl: 0.010249863378703594, update_epoch: 2, num_batch: 4
[2026-10-09 16:02:45,478][agent.finetune.train_ppo_diffusion_agent][INFO] - approx_kl: 0.012274841777980328, update_epoch: 2, num_batch: 4
[2026-10-09 16:02:47,581][agent.finetune.train_ppo_diffusion_agent][INFO] - approx_kl: 0.014664841815829277, update_epoch: 3, num_batch: 4
[2026-10-09 16:02:49,773][agent.finetune.train_ppo_diffusion_agent][INFO] - approx_kl: 0.01753663830459118, update_epoch: 3, num_batch: 4
[2026-10-09 16:02:51,960][agent.finetune.train_ppo_diffusion_agent][INFO] - approx_kl: 0.020678380504250526, update_epoch: 3, num_batch: 4
[2026-10-09 16:02:54,277][agent.finetune.train_ppo_diffusion_agent][INFO] - approx_kl: 0.024275312200188637, update_epoch: 3, num_batch: 4
[2026-10-09 16:02:56,375][agent.finetune.train_ppo_diffusion_agent][INFO] - approx_kl: 0.02836182340979576, update_epoch: 4, num_batch: 4
[2026-10-09 16:02:58,564][agent.finetune.train_ppo_diffusion_agent][INFO] - approx_kl: 0.03191805258393288, update_epoch: 4, num_batch: 4
[2026-10-09 16:03:00,751][agent.finetune.train_ppo_diffusion_agent][INFO] - approx_kl: 0.03639230877161026, update_epoch: 4, num_batch: 4
[2026-10-09 16:03:03,050][agent.finetune.train_ppo_diffusion_agent][INFO] - approx_kl: 0.042491987347602844, update_epoch: 4, num_batch: 4
[2026-10-09 16:03:03,070][agent.finetune.train_ppo_diffusion_agent][INFO] - 72: step  5200000 | loss   0.0321 | pg loss  -0.0120 | value loss   0.0883 | bc loss   0.0000 | reward 3511.8517 | eta   1.0000 | t: 56.3954 | kl_true_per_action=0.47245180176644186 | logratio_p99=1.1047533917427061 | clamp_hit_frac=0.0008125
[2026-10-09 16:03:17,789][agent.finetune.train_ppo_diffusion_agent][INFO] - approx_kl: 0.0, update_epoch: 0, num_batch: 4
[2026-10-09 16:03:19,961][agent.finetune.train_ppo_diffusion_agent][INFO] - approx_kl: 0.00018607688252814114, update_epoch: 0, num_batch: 4
[2026-10-09 16:03:22,129][agent.finetune.train_ppo_diffusion_agent][INFO] - approx_kl: 0.0007209759205579758, update_epoch: 0, num_batch: 4
[2026-10-09 16:03:24,435][agent.finetune.train_ppo_diffusion_agent][INFO] - approx_kl: 0.0015007059555500746, update_epoch: 0, num_batch: 4
[2026-10-09 16:03:26,538][agent.finetune.train_ppo_diffusion_agent][INFO] - approx_kl: 0.0025756810791790485, update_epoch: 1, num_batch: 4
[2026-10-09 16:03:28,716][agent.finetune.train_ppo_diffusion_agent][INFO] - approx_kl: 0.0038120003882795572, update_epoch: 1, num_batch: 4
[2026-10-09 16:03:30,898][agent.finetune.train_ppo_diffusion_agent][INFO] - approx_kl: 0.005197356920689344, update_epoch: 1, num_batch: 4
[2026-10-09 16:03:33,196][agent.finetune.train_ppo_diffusion_agent][INFO] - approx_kl: 0.006903232075273991, update_epoch: 1, num_batch: 4
[2026-10-09 16:03:35,298][agent.finetune.train_ppo_diffusion_agent][INFO] - approx_kl: 0.008903025649487972, update_epoch: 2, num_batch: 4
[2026-10-09 16:03:37,489][agent.finetune.train_ppo_diffusion_agent][INFO] - approx_kl: 0.01149134710431099, update_epoch: 2, num_batch: 4
[2026-10-09 16:03:39,676][agent.finetune.train_ppo_diffusion_agent][INFO] - approx_kl: 0.014224338345229626, update_epoch: 2, num_batch: 4
[2026-10-09 16:03:41,968][agent.finetune.train_ppo_diffusion_agent][INFO] - approx_kl: 0.01706044189631939, update_epoch: 2, num_batch: 4
[2026-10-09 16:03:44,062][agent.finetune.train_ppo_diffusion_agent][INFO] - approx_kl: 0.021219750866293907, update_epoch: 3, num_batch: 4
[2026-10-09 16:03:46,252][agent.finetune.train_ppo_diffusion_agent][INFO] - approx_kl: 0.024922041222453117, update_epoch: 3, num_batch: 4
[2026-10-09 16:03:48,443][agent.finetune.train_ppo_diffusion_agent][INFO] - approx_kl: 0.029148448258638382, update_epoch: 3, num_batch: 4
[2026-10-09 16:03:50,748][agent.finetune.train_ppo_diffusion_agent][INFO] - approx_kl: 0.033982619643211365, update_epoch: 3, num_batch: 4
[2026-10-09 16:03:52,846][agent.finetune.train_ppo_diffusion_agent][INFO] - approx_kl: 0.0396253764629364, update_epoch: 4, num_batch: 4
[2026-10-09 16:03:55,037][agent.finetune.train_ppo_diffusion_agent][INFO] - approx_kl: 0.04635061323642731, update_epoch: 4, num_batch: 4
[2026-10-09 16:03:57,250][agent.finetune.train_ppo_diffusion_agent][INFO] - approx_kl: 0.05247583985328674, update_epoch: 4, num_batch: 4
[2026-10-09 16:03:59,537][agent.finetune.train_ppo_diffusion_agent][INFO] - approx_kl: 0.058605145663022995, update_epoch: 4, num_batch: 4
[2026-10-09 16:03:59,555][agent.finetune.train_ppo_diffusion_agent][INFO] - 73: step  5280000 | loss   0.0345 | pg loss  -0.0128 | value loss   0.0947 | bc loss   0.0000 | reward 3711.7389 | eta   1.0000 | t: 56.4850 | kl_true_per_action=0.6700313994063124 | logratio_p99=1.270302277207374 | clamp_hit_frac=0.0007708333333333333
[2026-10-09 16:04:14,886][agent.finetune.train_ppo_diffusion_agent][INFO] - approx_kl: 0.0, update_epoch: 0, num_batch: 4
[2026-10-09 16:04:17,045][agent.finetune.train_ppo_diffusion_agent][INFO] - approx_kl: 0.0002960296696983278, update_epoch: 0, num_batch: 4
[2026-10-09 16:04:19,318][agent.finetune.train_ppo_diffusion_agent][INFO] - approx_kl: 0.001058146357536316, update_epoch: 0, num_batch: 4
[2026-10-09 16:04:21,402][agent.finetune.train_ppo_diffusion_agent][INFO] - approx_kl: 0.0021584313362836838, update_epoch: 0, num_batch: 4
[2026-10-09 16:04:23,584][agent.finetune.train_ppo_diffusion_agent][INFO] - approx_kl: 0.0035777385346591473, update_epoch: 1, num_batch: 4
[2026-10-09 16:04:25,762][agent.finetune.train_ppo_diffusion_agent][INFO] - approx_kl: 0.005342430900782347, update_epoch: 1, num_batch: 4
[2026-10-09 16:04:28,090][agent.finetune.train_ppo_diffusion_agent][INFO] - approx_kl: 0.007735844701528549, update_epoch: 1, num_batch: 4
[2026-10-09 16:04:30,173][agent.finetune.train_ppo_diffusion_agent][INFO] - approx_kl: 0.010059094056487083, update_epoch: 1, num_batch: 4
[2026-10-09 16:04:32,348][agent.finetune.train_ppo_diffusion_agent][INFO] - approx_kl: 0.012852714397013187, update_epoch: 2, num_batch: 4
[2026-10-09 16:04:34,524][agent.finetune.train_ppo_diffusion_agent][INFO] - approx_kl: 0.015532675199210644, update_epoch: 2, num_batch: 4
[2026-10-09 16:04:36,818][agent.finetune.train_ppo_diffusion_agent][INFO] - approx_kl: 0.01875199005007744, update_epoch: 2, num_batch: 4
[2026-10-09 16:04:38,905][agent.finetune.train_ppo_diffusion_agent][INFO] - approx_kl: 0.022102611139416695, update_epoch: 2, num_batch: 4
[2026-10-09 16:04:41,079][agent.finetune.train_ppo_diffusion_agent][INFO] - approx_kl: 0.027047492563724518, update_epoch: 3, num_batch: 4
[2026-10-09 16:04:43,249][agent.finetune.train_ppo_diffusion_agent][INFO] - approx_kl: 0.03308052197098732, update_epoch: 3, num_batch: 4
[2026-10-09 16:04:45,524][agent.finetune.train_ppo_diffusion_agent][INFO] - approx_kl: 0.039071112871170044, update_epoch: 3, num_batch: 4
[2026-10-09 16:04:47,618][agent.finetune.train_ppo_diffusion_agent][INFO] - approx_kl: 0.04561399295926094, update_epoch: 3, num_batch: 4
[2026-10-09 16:04:49,819][agent.finetune.train_ppo_diffusion_agent][INFO] - approx_kl: 0.05403859168291092, update_epoch: 4, num_batch: 4
[2026-10-09 16:04:51,993][agent.finetune.train_ppo_diffusion_agent][INFO] - approx_kl: 0.06390650570392609, update_epoch: 4, num_batch: 4
[2026-10-09 16:04:54,271][agent.finetune.train_ppo_diffusion_agent][INFO] - approx_kl: 0.0737338736653328, update_epoch: 4, num_batch: 4
[2026-10-09 16:04:56,365][agent.finetune.train_ppo_diffusion_agent][INFO] - approx_kl: 0.08408767729997635, update_epoch: 4, num_batch: 4
[2026-10-09 16:04:56,385][agent.finetune.train_ppo_diffusion_agent][INFO] - 74: step  5360000 | loss   0.0348 | pg loss  -0.0143 | value loss   0.0982 | bc loss   0.0000 | reward 3529.3838 | eta   1.0000 | t: 56.8295 | kl_true_per_action=1.0151169155653421 | logratio_p99=1.5907140409946423 | clamp_hit_frac=0.0007979166666666667
[2026-10-09 16:05:12,093][agent.finetune.train_ppo_diffusion_agent][INFO] - approx_kl: 0.0, update_epoch: 0, num_batch: 4
[2026-10-09 16:05:14,286][agent.finetune.train_ppo_diffusion_agent][INFO] - approx_kl: 0.00039100798312574625, update_epoch: 0, num_batch: 4
[2026-10-09 16:05:16,587][agent.finetune.train_ppo_diffusion_agent][INFO] - approx_kl: 0.0015098468866199255, update_epoch: 0, num_batch: 4
[2026-10-09 16:05:18,701][agent.finetune.train_ppo_diffusion_agent][INFO] - approx_kl: 0.0030894719529896975, update_epoch: 0, num_batch: 4
[2026-10-09 16:05:20,914][agent.finetune.train_ppo_diffusion_agent][INFO] - approx_kl: 0.0051159909926354885, update_epoch: 1, num_batch: 4
[2026-10-09 16:05:23,130][agent.finetune.train_ppo_diffusion_agent][INFO] - approx_kl: 0.007440743036568165, update_epoch: 1, num_batch: 4
[2026-10-09 16:05:25,445][agent.finetune.train_ppo_diffusion_agent][INFO] - approx_kl: 0.010310439392924309, update_epoch: 1, num_batch: 4
[2026-10-09 16:05:27,558][agent.finetune.train_ppo_diffusion_agent][INFO] - approx_kl: 0.013829889707267284, update_epoch: 1, num_batch: 4
[2026-10-09 16:05:29,759][agent.finetune.train_ppo_diffusion_agent][INFO] - approx_kl: 0.01711597666144371, update_epoch: 2, num_batch: 4
[2026-10-09 16:05:31,955][agent.finetune.train_ppo_diffusion_agent][INFO] - approx_kl: 0.020933950319886208, update_epoch: 2, num_batch: 4
[2026-10-09 16:05:34,243][agent.finetune.train_ppo_diffusion_agent][INFO] - approx_kl: 0.024807333946228027, update_epoch: 2, num_batch: 4
[2026-10-09 16:05:36,346][agent.finetune.train_ppo_diffusion_agent][INFO] - approx_kl: 0.03068890981376171, update_epoch: 2, num_batch: 4
[2026-10-09 16:05:38,534][agent.finetune.train_ppo_diffusion_agent][INFO] - approx_kl: 0.03542691469192505, update_epoch: 3, num_batch: 4
[2026-10-09 16:05:40,722][agent.finetune.train_ppo_diffusion_agent][INFO] - approx_kl: 0.040652722120285034, update_epoch: 3, num_batch: 4
[2026-10-09 16:05:43,027][agent.finetune.train_ppo_diffusion_agent][INFO] - approx_kl: 0.046546127647161484, update_epoch: 3, num_batch: 4
[2026-10-09 16:05:45,119][agent.finetune.train_ppo_diffusion_agent][INFO] - approx_kl: 0.053005751222372055, update_epoch: 3, num_batch: 4
[2026-10-09 16:05:47,314][agent.finetune.train_ppo_diffusion_agent][INFO] - approx_kl: 0.059934940189123154, update_epoch: 4, num_batch: 4
[2026-10-09 16:05:49,536][agent.finetune.train_ppo_diffusion_agent][INFO] - approx_kl: 0.06891310214996338, update_epoch: 4, num_batch: 4
[2026-10-09 16:05:51,892][agent.finetune.train_ppo_diffusion_agent][INFO] - approx_kl: 0.07678483426570892, update_epoch: 4, num_batch: 4
[2026-10-09 16:05:53,996][agent.finetune.train_ppo_diffusion_agent][INFO] - approx_kl: 0.08795642107725143, update_epoch: 4, num_batch: 4
[2026-10-09 16:05:54,016][agent.finetune.train_ppo_diffusion_agent][INFO] - 75: step  5440000 | loss   0.0376 | pg loss  -0.0125 | value loss   0.1002 | bc loss   0.0000 | reward 3563.7864 | eta   1.0000 | t: 57.6312 | kl_true_per_action=0.9831865703585692 | logratio_p99=1.594913554191585 | clamp_hit_frac=0.0008104166666666666
[2026-10-09 16:06:09,505][agent.finetune.train_ppo_diffusion_agent][INFO] - approx_kl: 0.0, update_epoch: 0, num_batch: 4
[2026-10-09 16:06:11,735][agent.finetune.train_ppo_diffusion_agent][INFO] - approx_kl: 0.00035136810038238764, update_epoch: 0, num_batch: 4
[2026-10-09 16:06:14,034][agent.finetune.train_ppo_diffusion_agent][INFO] - approx_kl: 0.0013106781989336014, update_epoch: 0, num_batch: 4
[2026-10-09 16:06:16,126][agent.finetune.train_ppo_diffusion_agent][INFO] - approx_kl: 0.00280673336237669, update_epoch: 0, num_batch: 4
[2026-10-09 16:06:18,314][agent.finetune.train_ppo_diffusion_agent][INFO] - approx_kl: 0.004727906547486782, update_epoch: 1, num_batch: 4
[2026-10-09 16:06:20,614][agent.finetune.train_ppo_diffusion_agent][INFO] - approx_kl: 0.006901968736201525, update_epoch: 1, num_batch: 4
[2026-10-09 16:06:22,706][agent.finetune.train_ppo_diffusion_agent][INFO] - approx_kl: 0.009584915824234486, update_epoch: 1, num_batch: 4
[2026-10-09 16:06:24,889][agent.finetune.train_ppo_diffusion_agent][INFO] - approx_kl: 0.01278105191886425, update_epoch: 1, num_batch: 4
[2026-10-09 16:06:27,083][agent.finetune.train_ppo_diffusion_agent][INFO] - approx_kl: 0.015886669978499413, update_epoch: 2, num_batch: 4
[2026-10-09 16:06:29,376][agent.finetune.train_ppo_diffusion_agent][INFO] - approx_kl: 0.01851775497198105, update_epoch: 2, num_batch: 4
[2026-10-09 16:06:31,469][agent.finetune.train_ppo_diffusion_agent][INFO] - approx_kl: 0.022545140236616135, update_epoch: 2, num_batch: 4
[2026-10-09 16:06:33,652][agent.finetune.train_ppo_diffusion_agent][INFO] - approx_kl: 0.026812713593244553, update_epoch: 2, num_batch: 4
[2026-10-09 16:06:35,827][agent.finetune.train_ppo_diffusion_agent][INFO] - approx_kl: 0.03127244859933853, update_epoch: 3, num_batch: 4
[2026-10-09 16:06:38,104][agent.finetune.train_ppo_diffusion_agent][INFO] - approx_kl: 0.035538990050554276, update_epoch: 3, num_batch: 4
[2026-10-09 16:06:40,186][agent.finetune.train_ppo_diffusion_agent][INFO] - approx_kl: 0.04094413295388222, update_epoch: 3, num_batch: 4
[2026-10-09 16:06:42,376][agent.finetune.train_ppo_diffusion_agent][INFO] - approx_kl: 0.046838849782943726, update_epoch: 3, num_batch: 4
[2026-10-09 16:06:44,556][agent.finetune.train_ppo_diffusion_agent][INFO] - approx_kl: 0.053925637155771255, update_epoch: 4, num_batch: 4
[2026-10-09 16:06:46,835][agent.finetune.train_ppo_diffusion_agent][INFO] - approx_kl: 0.05903923511505127, update_epoch: 4, num_batch: 4
[2026-10-09 16:06:48,939][agent.finetune.train_ppo_diffusion_agent][INFO] - approx_kl: 0.06810981035232544, update_epoch: 4, num_batch: 4
[2026-10-09 16:06:51,127][agent.finetune.train_ppo_diffusion_agent][INFO] - approx_kl: 0.07557560503482819, update_epoch: 4, num_batch: 4
[2026-10-09 16:06:51,145][agent.finetune.train_ppo_diffusion_agent][INFO] - 76: step  5520000 | loss   0.0383 | pg loss  -0.0101 | value loss   0.0968 | bc loss   0.0000 | reward 3482.8502 | eta   1.0000 | t: 57.1296 | kl_true_per_action=0.8655349422043378 | logratio_p99=1.4595316886901777 | clamp_hit_frac=0.0008833333333333333
[2026-10-09 16:07:07,050][agent.finetune.train_ppo_diffusion_agent][INFO] - approx_kl: 0.0, update_epoch: 0, num_batch: 4
[2026-10-09 16:07:09,392][agent.finetune.train_ppo_diffusion_agent][INFO] - approx_kl: 0.0002922933199442923, update_epoch: 0, num_batch: 4
[2026-10-09 16:07:11,513][agent.finetune.train_ppo_diffusion_agent][INFO] - approx_kl: 0.0011454732157289982, update_epoch: 0, num_batch: 4
[2026-10-09 16:07:13,743][agent.finetune.train_ppo_diffusion_agent][INFO] - approx_kl: 0.0023310643155127764, update_epoch: 0, num_batch: 4
[2026-10-09 16:07:15,944][agent.finetune.train_ppo_diffusion_agent][INFO] - approx_kl: 0.0038661803118884563, update_epoch: 1, num_batch: 4
[2026-10-09 16:07:18,227][agent.finetune.train_ppo_diffusion_agent][INFO] - approx_kl: 0.0059078349731862545, update_epoch: 1, num_batch: 4
[2026-10-09 16:07:20,332][agent.finetune.train_ppo_diffusion_agent][INFO] - approx_kl: 0.008205877617001534, update_epoch: 1, num_batch: 4
[2026-10-09 16:07:22,529][agent.finetune.train_ppo_diffusion_agent][INFO] - approx_kl: 0.011087020859122276, update_epoch: 1, num_batch: 4
[2026-10-09 16:07:24,788][agent.finetune.train_ppo_diffusion_agent][INFO] - approx_kl: 0.014462457969784737, update_epoch: 2, num_batch: 4
[2026-10-09 16:07:27,074][agent.finetune.train_ppo_diffusion_agent][INFO] - approx_kl: 0.01857089251279831, update_epoch: 2, num_batch: 4
[2026-10-09 16:07:29,172][agent.finetune.train_ppo_diffusion_agent][INFO] - approx_kl: 0.023844139650464058, update_epoch: 2, num_batch: 4
[2026-10-09 16:07:31,363][agent.finetune.train_ppo_diffusion_agent][INFO] - approx_kl: 0.030057528987526894, update_epoch: 2, num_batch: 4
[2026-10-09 16:07:33,551][agent.finetune.train_ppo_diffusion_agent][INFO] - approx_kl: 0.03572291508316994, update_epoch: 3, num_batch: 4
[2026-10-09 16:07:35,856][agent.finetune.train_ppo_diffusion_agent][INFO] - approx_kl: 0.0441865436732769, update_epoch: 3, num_batch: 4
[2026-10-09 16:07:37,955][agent.finetune.train_ppo_diffusion_agent][INFO] - approx_kl: 0.052597060799598694, update_epoch: 3, num_batch: 4
[2026-10-09 16:07:40,132][agent.finetune.train_ppo_diffusion_agent][INFO] - approx_kl: 0.06100001931190491, update_epoch: 3, num_batch: 4
[2026-10-09 16:07:42,329][agent.finetune.train_ppo_diffusion_agent][INFO] - approx_kl: 0.0723368376493454, update_epoch: 4, num_batch: 4
[2026-10-09 16:07:44,625][agent.finetune.train_ppo_diffusion_agent][INFO] - approx_kl: 0.08561611920595169, update_epoch: 4, num_batch: 4
[2026-10-09 16:07:46,724][agent.finetune.train_ppo_diffusion_agent][INFO] - approx_kl: 0.09943181276321411, update_epoch: 4, num_batch: 4
[2026-10-09 16:07:48,926][agent.finetune.train_ppo_diffusion_agent][INFO] - approx_kl: 0.11813671886920929, update_epoch: 4, num_batch: 4
[2026-10-09 16:07:48,946][agent.finetune.train_ppo_diffusion_agent][INFO] - 77: step  5600000 | loss   0.0339 | pg loss  -0.0142 | value loss   0.0963 | bc loss   0.0000 | reward 3353.5685 | eta   1.0000 | t: 57.8011 | kl_true_per_action=1.3477688803003363 | logratio_p99=2.0710144305229172 | clamp_hit_frac=0.00075625
[2026-10-09 16:08:04,923][agent.finetune.train_ppo_diffusion_agent][INFO] - approx_kl: 0.0, update_epoch: 0, num_batch: 4
[2026-10-09 16:08:07,240][agent.finetune.train_ppo_diffusion_agent][INFO] - approx_kl: 0.00048392516328021884, update_epoch: 0, num_batch: 4
[2026-10-09 16:08:09,337][agent.finetune.train_ppo_diffusion_agent][INFO] - approx_kl: 0.001703344052657485, update_epoch: 0, num_batch: 4
[2026-10-09 16:08:11,534][agent.finetune.train_ppo_diffusion_agent][INFO] - approx_kl: 0.003340821247547865, update_epoch: 0, num_batch: 4
[2026-10-09 16:08:13,716][agent.finetune.train_ppo_diffusion_agent][INFO] - approx_kl: 0.005289650522172451, update_epoch: 1, num_batch: 4
[2026-10-09 16:08:16,001][agent.finetune.train_ppo_diffusion_agent][INFO] - approx_kl: 0.007771906442940235, update_epoch: 1, num_batch: 4
[2026-10-09 16:08:18,076][agent.finetune.train_ppo_diffusion_agent][INFO] - approx_kl: 0.010420414619147778, update_epoch: 1, num_batch: 4
[2026-10-09 16:08:20,251][agent.finetune.train_ppo_diffusion_agent][INFO] - approx_kl: 0.013272668235003948, update_epoch: 1, num_batch: 4
[2026-10-09 16:08:22,422][agent.finetune.train_ppo_diffusion_agent][INFO] - approx_kl: 0.015869179740548134, update_epoch: 2, num_batch: 4
[2026-10-09 16:08:24,693][agent.finetune.train_ppo_diffusion_agent][INFO] - approx_kl: 0.01902022399008274, update_epoch: 2, num_batch: 4
[2026-10-09 16:08:26,814][agent.finetune.train_ppo_diffusion_agent][INFO] - approx_kl: 0.021776273846626282, update_epoch: 2, num_batch: 4
[2026-10-09 16:08:28,969][agent.finetune.train_ppo_diffusion_agent][INFO] - approx_kl: 0.025332901626825333, update_epoch: 2, num_batch: 4
[2026-10-09 16:08:31,142][agent.finetune.train_ppo_diffusion_agent][INFO] - approx_kl: 0.02877289056777954, update_epoch: 3, num_batch: 4
[2026-10-09 16:08:33,412][agent.finetune.train_ppo_diffusion_agent][INFO] - approx_kl: 0.033806897699832916, update_epoch: 3, num_batch: 4
[2026-10-09 16:08:35,500][agent.finetune.train_ppo_diffusion_agent][INFO] - approx_kl: 0.04031088575720787, update_epoch: 3, num_batch: 4
[2026-10-09 16:08:37,659][agent.finetune.train_ppo_diffusion_agent][INFO] - approx_kl: 0.044214725494384766, update_epoch: 3, num_batch: 4
[2026-10-09 16:08:39,790][agent.finetune.train_ppo_diffusion_agent][INFO] - approx_kl: 0.05098191276192665, update_epoch: 4, num_batch: 4
[2026-10-09 16:08:42,021][agent.finetune.train_ppo_diffusion_agent][INFO] - approx_kl: 0.05720529332756996, update_epoch: 4, num_batch: 4
[2026-10-09 16:08:44,038][agent.finetune.train_ppo_diffusion_agent][INFO] - approx_kl: 0.06412739306688309, update_epoch: 4, num_batch: 4
[2026-10-09 16:08:46,210][agent.finetune.train_ppo_diffusion_agent][INFO] - approx_kl: 0.07259348779916763, update_epoch: 4, num_batch: 4
[2026-10-09 16:08:46,228][agent.finetune.train_ppo_diffusion_agent][INFO] - 78: step  5680000 | loss   0.0354 | pg loss  -0.0119 | value loss   0.0946 | bc loss   0.0000 | reward 3208.2833 | eta   1.0000 | t: 57.2813 | kl_true_per_action=0.8091899198605685 | logratio_p99=1.4178888297080945 | clamp_hit_frac=0.0007729166666666667
[2026-10-09 16:09:00,999][agent.finetune.train_ppo_diffusion_agent][INFO] - approx_kl: 0.0, update_epoch: 0, num_batch: 4
[2026-10-09 16:09:03,290][agent.finetune.train_ppo_diffusion_agent][INFO] - approx_kl: 0.00029998316313140094, update_epoch: 0, num_batch: 4
[2026-10-09 16:09:05,385][agent.finetune.train_ppo_diffusion_agent][INFO] - approx_kl: 0.0010258713737130165, update_epoch: 0, num_batch: 4
[2026-10-09 16:09:07,570][agent.finetune.train_ppo_diffusion_agent][INFO] - approx_kl: 0.0020959931425750256, update_epoch: 0, num_batch: 4
[2026-10-09 16:09:09,746][agent.finetune.train_ppo_diffusion_agent][INFO] - approx_kl: 0.0033637527376413345, update_epoch: 1, num_batch: 4
[2026-10-09 16:09:12,035][agent.finetune.train_ppo_diffusion_agent][INFO] - approx_kl: 0.005023092497140169, update_epoch: 1, num_batch: 4
[2026-10-09 16:09:14,127][agent.finetune.train_ppo_diffusion_agent][INFO] - approx_kl: 0.006914192344993353, update_epoch: 1, num_batch: 4
[2026-10-09 16:09:16,308][agent.finetune.train_ppo_diffusion_agent][INFO] - approx_kl: 0.009377489797770977, update_epoch: 1, num_batch: 4
[2026-10-09 16:09:18,490][agent.finetune.train_ppo_diffusion_agent][INFO] - approx_kl: 0.011487233452498913, update_epoch: 2, num_batch: 4
[2026-10-09 16:09:20,785][agent.finetune.train_ppo_diffusion_agent][INFO] - approx_kl: 0.0142262177541852, update_epoch: 2, num_batch: 4
[2026-10-09 16:09:22,879][agent.finetune.train_ppo_diffusion_agent][INFO] - approx_kl: 0.017213476821780205, update_epoch: 2, num_batch: 4
[2026-10-09 16:09:25,058][agent.finetune.train_ppo_diffusion_agent][INFO] - approx_kl: 0.020371008664369583, update_epoch: 2, num_batch: 4
[2026-10-09 16:09:27,262][agent.finetune.train_ppo_diffusion_agent][INFO] - approx_kl: 0.024965591728687286, update_epoch: 3, num_batch: 4
[2026-10-09 16:09:29,555][agent.finetune.train_ppo_diffusion_agent][INFO] - approx_kl: 0.031158016994595528, update_epoch: 3, num_batch: 4
[2026-10-09 16:09:31,653][agent.finetune.train_ppo_diffusion_agent][INFO] - approx_kl: 0.037657592445611954, update_epoch: 3, num_batch: 4
[2026-10-09 16:09:33,838][agent.finetune.train_ppo_diffusion_agent][INFO] - approx_kl: 0.04458651319146156, update_epoch: 3, num_batch: 4
[2026-10-09 16:09:36,029][agent.finetune.train_ppo_diffusion_agent][INFO] - approx_kl: 0.052595168352127075, update_epoch: 4, num_batch: 4
[2026-10-09 16:09:38,317][agent.finetune.train_ppo_diffusion_agent][INFO] - approx_kl: 0.05961143225431442, update_epoch: 4, num_batch: 4
[2026-10-09 16:09:40,418][agent.finetune.train_ppo_diffusion_agent][INFO] - approx_kl: 0.07020123302936554, update_epoch: 4, num_batch: 4
[2026-10-09 16:09:42,600][agent.finetune.train_ppo_diffusion_agent][INFO] - approx_kl: 0.07918781787157059, update_epoch: 4, num_batch: 4
[2026-10-09 16:09:42,618][agent.finetune.train_ppo_diffusion_agent][INFO] - 79: step  5760000 | loss   0.0370 | pg loss  -0.0121 | value loss   0.0983 | bc loss   0.0000 | reward 3229.8394 | eta   1.0000 | t: 56.3900 | kl_true_per_action=0.9039219230493218 | logratio_p99=1.514466097354888 | clamp_hit_frac=0.0007645833333333334
[2026-10-09 16:09:55,110][agent.finetune.train_ppo_diffusion_agent][INFO] - eval: success rate   1.0000 | avg episode reward 3351.8934 | avg best reward   5.2408
[2026-10-09 16:10:09,910][agent.finetune.train_ppo_diffusion_agent][INFO] - approx_kl: 0.0, update_epoch: 0, num_batch: 4
[2026-10-09 16:10:12,005][agent.finetune.train_ppo_diffusion_agent][INFO] - approx_kl: 0.0003510715323500335, update_epoch: 0, num_batch: 4
[2026-10-09 16:10:14,179][agent.finetune.train_ppo_diffusion_agent][INFO] - approx_kl: 0.0014622625894844532, update_epoch: 0, num_batch: 4
[2026-10-09 16:10:16,356][agent.finetune.train_ppo_diffusion_agent][INFO] - approx_kl: 0.0031876028515398502, update_epoch: 0, num_batch: 4
[2026-10-09 16:10:18,642][agent.finetune.train_ppo_diffusion_agent][INFO] - approx_kl: 0.0060156360268592834, update_epoch: 1, num_batch: 4
[2026-10-09 16:10:20,724][agent.finetune.train_ppo_diffusion_agent][INFO] - approx_kl: 0.009422692470252514, update_epoch: 1, num_batch: 4
[2026-10-09 16:10:22,907][agent.finetune.train_ppo_diffusion_agent][INFO] - approx_kl: 0.013357806019484997, update_epoch: 1, num_batch: 4
[2026-10-09 16:10:25,096][agent.finetune.train_ppo_diffusion_agent][INFO] - approx_kl: 0.019644854590296745, update_epoch: 1, num_batch: 4
[2026-10-09 16:10:27,399][agent.finetune.train_ppo_diffusion_agent][INFO] - approx_kl: 0.027335165068507195, update_epoch: 2, num_batch: 4
[2026-10-09 16:10:29,548][agent.finetune.train_ppo_diffusion_agent][INFO] - approx_kl: 0.037354450672864914, update_epoch: 2, num_batch: 4
[2026-10-09 16:10:31,746][agent.finetune.train_ppo_diffusion_agent][INFO] - approx_kl: 0.04914164915680885, update_epoch: 2, num_batch: 4
[2026-10-09 16:10:33,944][agent.finetune.train_ppo_diffusion_agent][INFO] - approx_kl: 0.06446795165538788, update_epoch: 2, num_batch: 4
[2026-10-09 16:10:36,257][agent.finetune.train_ppo_diffusion_agent][INFO] - approx_kl: 0.07927358895540237, update_epoch: 3, num_batch: 4
[2026-10-09 16:10:38,367][agent.finetune.train_ppo_diffusion_agent][INFO] - approx_kl: 0.09772755950689316, update_epoch: 3, num_batch: 4
[2026-10-09 16:10:40,567][agent.finetune.train_ppo_diffusion_agent][INFO] - approx_kl: 0.11883944272994995, update_epoch: 3, num_batch: 4
[2026-10-09 16:10:42,760][agent.finetune.train_ppo_diffusion_agent][INFO] - approx_kl: 0.14373302459716797, update_epoch: 3, num_batch: 4
[2026-10-09 16:10:45,064][agent.finetune.train_ppo_diffusion_agent][INFO] - approx_kl: 0.17200244963169098, update_epoch: 4, num_batch: 4
[2026-10-09 16:10:47,165][agent.finetune.train_ppo_diffusion_agent][INFO] - approx_kl: 0.20466037094593048, update_epoch: 4, num_batch: 4
[2026-10-09 16:10:49,360][agent.finetune.train_ppo_diffusion_agent][INFO] - approx_kl: 0.24568140506744385, update_epoch: 4, num_batch: 4
[2026-10-09 16:10:51,571][agent.finetune.train_ppo_diffusion_agent][INFO] - approx_kl: 0.3017464876174927, update_epoch: 4, num_batch: 4
[2026-10-09 16:10:51,589][agent.finetune.train_ppo_diffusion_agent][INFO] - 81: step  5840000 | loss   0.0329 | pg loss  -0.0149 | value loss   0.0956 | bc loss   0.0000 | reward 3133.8176 | eta   1.0000 | t: 56.4788 | kl_true_per_action=3.5415601959452028 | logratio_p99=3.4559097909927154 | clamp_hit_frac=0.0007854166666666667
[2026-10-09 16:11:06,514][agent.finetune.train_ppo_diffusion_agent][INFO] - approx_kl: 0.0, update_epoch: 0, num_batch: 4
[2026-10-09 16:11:08,599][agent.finetune.train_ppo_diffusion_agent][INFO] - approx_kl: 0.0014779753983020782, update_epoch: 0, num_batch: 4
[2026-10-09 16:11:10,760][agent.finetune.train_ppo_diffusion_agent][INFO] - approx_kl: 0.004975068848580122, update_epoch: 0, num_batch: 4
[2026-10-09 16:11:12,934][agent.finetune.train_ppo_diffusion_agent][INFO] - approx_kl: 0.010311774909496307, update_epoch: 0, num_batch: 4
[2026-10-09 16:11:15,223][agent.finetune.train_ppo_diffusion_agent][INFO] - approx_kl: 0.016467470675706863, update_epoch: 1, num_batch: 4
[2026-10-09 16:11:17,323][agent.finetune.train_ppo_diffusion_agent][INFO] - approx_kl: 0.023452451452612877, update_epoch: 1, num_batch: 4
[2026-10-09 16:11:19,521][agent.finetune.train_ppo_diffusion_agent][INFO] - approx_kl: 0.030573518946766853, update_epoch: 1, num_batch: 4
[2026-10-09 16:11:21,695][agent.finetune.train_ppo_diffusion_agent][INFO] - approx_kl: 0.037369128316640854, update_epoch: 1, num_batch: 4
[2026-10-09 16:11:23,987][agent.finetune.train_ppo_diffusion_agent][INFO] - approx_kl: 0.04410773888230324, update_epoch: 2, num_batch: 4
[2026-10-09 16:11:26,078][agent.finetune.train_ppo_diffusion_agent][INFO] - approx_kl: 0.04950898140668869, update_epoch: 2, num_batch: 4
[2026-10-09 16:11:28,243][agent.finetune.train_ppo_diffusion_agent][INFO] - approx_kl: 0.054514531046152115, update_epoch: 2, num_batch: 4
[2026-10-09 16:11:30,415][agent.finetune.train_ppo_diffusion_agent][INFO] - approx_kl: 0.0597478486597538, update_epoch: 2, num_batch: 4
[2026-10-09 16:11:32,692][agent.finetune.train_ppo_diffusion_agent][INFO] - approx_kl: 0.06590383499860764, update_epoch: 3, num_batch: 4
[2026-10-09 16:11:34,767][agent.finetune.train_ppo_diffusion_agent][INFO] - approx_kl: 0.07190213352441788, update_epoch: 3, num_batch: 4
[2026-10-09 16:11:36,938][agent.finetune.train_ppo_diffusion_agent][INFO] - approx_kl: 0.0778462216258049, update_epoch: 3, num_batch: 4
[2026-10-09 16:11:39,110][agent.finetune.train_ppo_diffusion_agent][INFO] - approx_kl: 0.08361103385686874, update_epoch: 3, num_batch: 4
[2026-10-09 16:11:41,402][agent.finetune.train_ppo_diffusion_agent][INFO] - approx_kl: 0.09027577936649323, update_epoch: 4, num_batch: 4
[2026-10-09 16:11:43,477][agent.finetune.train_ppo_diffusion_agent][INFO] - approx_kl: 0.10252451151609421, update_epoch: 4, num_batch: 4
[2026-10-09 16:11:45,643][agent.finetune.train_ppo_diffusion_agent][INFO] - approx_kl: 0.10882339626550674, update_epoch: 4, num_batch: 4
[2026-10-09 16:11:47,810][agent.finetune.train_ppo_diffusion_agent][INFO] - approx_kl: 0.11912409961223602, update_epoch: 4, num_batch: 4
[2026-10-09 16:11:47,826][agent.finetune.train_ppo_diffusion_agent][INFO] - 82: step  5920000 | loss   0.0312 | pg loss  -0.0124 | value loss   0.0871 | bc loss   0.0000 | reward 2745.0321 | eta   1.0000 | t: 56.2368 | kl_true_per_action=1.35347687585026 | logratio_p99=1.9095922052860248 | clamp_hit_frac=0.0008020833333333334
[2026-10-09 16:12:02,724][agent.finetune.train_ppo_diffusion_agent][INFO] - approx_kl: 0.0, update_epoch: 0, num_batch: 4
[2026-10-09 16:12:04,801][agent.finetune.train_ppo_diffusion_agent][INFO] - approx_kl: 0.0004017273895442486, update_epoch: 0, num_batch: 4
[2026-10-09 16:12:06,968][agent.finetune.train_ppo_diffusion_agent][INFO] - approx_kl: 0.001455826684832573, update_epoch: 0, num_batch: 4
[2026-10-09 16:12:09,244][agent.finetune.train_ppo_diffusion_agent][INFO] - approx_kl: 0.0032564338762313128, update_epoch: 0, num_batch: 4
[2026-10-09 16:12:11,358][agent.finetune.train_ppo_diffusion_agent][INFO] - approx_kl: 0.005223008804023266, update_epoch: 1, num_batch: 4
[2026-10-09 16:12:13,533][agent.finetune.train_ppo_diffusion_agent][INFO] - approx_kl: 0.007249179296195507, update_epoch: 1, num_batch: 4
[2026-10-09 16:12:15,712][agent.finetune.train_ppo_diffusion_agent][INFO] - approx_kl: 0.009586182422935963, update_epoch: 1, num_batch: 4
[2026-10-09 16:12:17,994][agent.finetune.train_ppo_diffusion_agent][INFO] - approx_kl: 0.012637004256248474, update_epoch: 1, num_batch: 4
[2026-10-09 16:12:20,080][agent.finetune.train_ppo_diffusion_agent][INFO] - approx_kl: 0.016406187787652016, update_epoch: 2, num_batch: 4
[2026-10-09 16:12:22,262][agent.finetune.train_ppo_diffusion_agent][INFO] - approx_kl: 0.02048184536397457, update_epoch: 2, num_batch: 4
[2026-10-09 16:12:24,431][agent.finetune.train_ppo_diffusion_agent][INFO] - approx_kl: 0.02600979432463646, update_epoch: 2, num_batch: 4
[2026-10-09 16:12:26,710][agent.finetune.train_ppo_diffusion_agent][INFO] - approx_kl: 0.03187014162540436, update_epoch: 2, num_batch: 4
[2026-10-09 16:12:28,803][agent.finetune.train_ppo_diffusion_agent][INFO] - approx_kl: 0.038857441395521164, update_epoch: 3, num_batch: 4
[2026-10-09 16:12:30,980][agent.finetune.train_ppo_diffusion_agent][INFO] - approx_kl: 0.04548708349466324, update_epoch: 3, num_batch: 4
[2026-10-09 16:12:33,160][agent.finetune.train_ppo_diffusion_agent][INFO] - approx_kl: 0.05423865467309952, update_epoch: 3, num_batch: 4
[2026-10-09 16:12:35,439][agent.finetune.train_ppo_diffusion_agent][INFO] - approx_kl: 0.06498938053846359, update_epoch: 3, num_batch: 4
[2026-10-09 16:12:37,528][agent.finetune.train_ppo_diffusion_agent][INFO] - approx_kl: 0.07498180866241455, update_epoch: 4, num_batch: 4
[2026-10-09 16:12:39,699][agent.finetune.train_ppo_diffusion_agent][INFO] - approx_kl: 0.08860062062740326, update_epoch: 4, num_batch: 4
[2026-10-09 16:12:41,872][agent.finetune.train_ppo_diffusion_agent][INFO] - approx_kl: 0.10076437145471573, update_epoch: 4, num_batch: 4
[2026-10-09 16:12:44,170][agent.finetune.train_ppo_diffusion_agent][INFO] - approx_kl: 0.11499112844467163, update_epoch: 4, num_batch: 4
[2026-10-09 16:12:44,191][agent.finetune.train_ppo_diffusion_agent][INFO] - 83: step  6000000 | loss   0.0273 | pg loss  -0.0143 | value loss   0.0832 | bc loss   0.0000 | reward 2634.0984 | eta   1.0000 | t: 56.3650 | kl_true_per_action=1.2937464353297607 | logratio_p99=1.8934878289699553 | clamp_hit_frac=0.00081875
[2026-10-09 16:12:59,305][agent.finetune.train_ppo_diffusion_agent][INFO] - approx_kl: 0.0, update_epoch: 0, num_batch: 4
[2026-10-09 16:13:01,463][agent.finetune.train_ppo_diffusion_agent][INFO] - approx_kl: 0.000588858500123024, update_epoch: 0, num_batch: 4
[2026-10-09 16:13:03,628][agent.finetune.train_ppo_diffusion_agent][INFO] - approx_kl: 0.0020637549459934235, update_epoch: 0, num_batch: 4
[2026-10-09 16:13:05,914][agent.finetune.train_ppo_diffusion_agent][INFO] - approx_kl: 0.004095339681953192, update_epoch: 0, num_batch: 4
[2026-10-09 16:13:07,997][agent.finetune.train_ppo_diffusion_agent][INFO] - approx_kl: 0.006740822456777096, update_epoch: 1, num_batch: 4
[2026-10-09 16:13:10,160][agent.finetune.train_ppo_diffusion_agent][INFO] - approx_kl: 0.009859897196292877, update_epoch: 1, num_batch: 4
[2026-10-09 16:13:12,330][agent.finetune.train_ppo_diffusion_agent][INFO] - approx_kl: 0.013455814681947231, update_epoch: 1, num_batch: 4
[2026-10-09 16:13:14,645][agent.finetune.train_ppo_diffusion_agent][INFO] - approx_kl: 0.017923135310411453, update_epoch: 1, num_batch: 4
[2026-10-09 16:13:16,739][agent.finetune.train_ppo_diffusion_agent][INFO] - approx_kl: 0.021356666460633278, update_epoch: 2, num_batch: 4
[2026-10-09 16:13:18,915][agent.finetune.train_ppo_diffusion_agent][INFO] - approx_kl: 0.024699950590729713, update_epoch: 2, num_batch: 4
[2026-10-09 16:13:21,111][agent.finetune.train_ppo_diffusion_agent][INFO] - approx_kl: 0.029539836570620537, update_epoch: 2, num_batch: 4
[2026-10-09 16:13:23,409][agent.finetune.train_ppo_diffusion_agent][INFO] - approx_kl: 0.0349404402077198, update_epoch: 2, num_batch: 4
[2026-10-09 16:13:25,505][agent.finetune.train_ppo_diffusion_agent][INFO] - approx_kl: 0.039262380450963974, update_epoch: 3, num_batch: 4
[2026-10-09 16:13:27,688][agent.finetune.train_ppo_diffusion_agent][INFO] - approx_kl: 0.04515033960342407, update_epoch: 3, num_batch: 4
[2026-10-09 16:13:29,875][agent.finetune.train_ppo_diffusion_agent][INFO] - approx_kl: 0.05032403767108917, update_epoch: 3, num_batch: 4
[2026-10-09 16:13:32,161][agent.finetune.train_ppo_diffusion_agent][INFO] - approx_kl: 0.05740467458963394, update_epoch: 3, num_batch: 4
[2026-10-09 16:13:34,258][agent.finetune.train_ppo_diffusion_agent][INFO] - approx_kl: 0.06417743116617203, update_epoch: 4, num_batch: 4
[2026-10-09 16:13:36,456][agent.finetune.train_ppo_diffusion_agent][INFO] - approx_kl: 0.07375439256429672, update_epoch: 4, num_batch: 4
[2026-10-09 16:13:38,648][agent.finetune.train_ppo_diffusion_agent][INFO] - approx_kl: 0.08563919365406036, update_epoch: 4, num_batch: 4
[2026-10-09 16:13:40,954][agent.finetune.train_ppo_diffusion_agent][INFO] - approx_kl: 0.09641695022583008, update_epoch: 4, num_batch: 4
[2026-10-09 16:13:40,973][agent.finetune.train_ppo_diffusion_agent][INFO] - 84: step  6080000 | loss   0.0280 | pg loss  -0.0123 | value loss   0.0807 | bc loss   0.0000 | reward 2922.2614 | eta   1.0000 | t: 56.7825 | kl_true_per_action=1.0750782432671078 | logratio_p99=1.703450430631629 | clamp_hit_frac=0.000775
[2026-10-09 16:13:55,625][agent.finetune.train_ppo_diffusion_agent][INFO] - approx_kl: 0.0, update_epoch: 0, num_batch: 4
[2026-10-09 16:13:57,799][agent.finetune.train_ppo_diffusion_agent][INFO] - approx_kl: 0.00047703125164844096, update_epoch: 0, num_batch: 4
[2026-10-09 16:13:59,978][agent.finetune.train_ppo_diffusion_agent][INFO] - approx_kl: 0.0018116701394319534, update_epoch: 0, num_batch: 4
[2026-10-09 16:14:02,268][agent.finetune.train_ppo_diffusion_agent][INFO] - approx_kl: 0.003954827319830656, update_epoch: 0, num_batch: 4
[2026-10-09 16:14:04,402][agent.finetune.train_ppo_diffusion_agent][INFO] - approx_kl: 0.006408432498574257, update_epoch: 1, num_batch: 4
[2026-10-09 16:14:06,600][agent.finetune.train_ppo_diffusion_agent][INFO] - approx_kl: 0.009459168650209904, update_epoch: 1, num_batch: 4
[2026-10-09 16:14:08,790][agent.finetune.train_ppo_diffusion_agent][INFO] - approx_kl: 0.012697119265794754, update_epoch: 1, num_batch: 4
[2026-10-09 16:14:11,098][agent.finetune.train_ppo_diffusion_agent][INFO] - approx_kl: 0.016615182161331177, update_epoch: 1, num_batch: 4
[2026-10-09 16:14:13,202][agent.finetune.train_ppo_diffusion_agent][INFO] - approx_kl: 0.02110520377755165, update_epoch: 2, num_batch: 4
[2026-10-09 16:14:15,380][agent.finetune.train_ppo_diffusion_agent][INFO] - approx_kl: 0.02534312941133976, update_epoch: 2, num_batch: 4
[2026-10-09 16:14:17,556][agent.finetune.train_ppo_diffusion_agent][INFO] - approx_kl: 0.029655860736966133, update_epoch: 2, num_batch: 4
[2026-10-09 16:14:19,827][agent.finetune.train_ppo_diffusion_agent][INFO] - approx_kl: 0.035111136734485626, update_epoch: 2, num_batch: 4
[2026-10-09 16:14:21,921][agent.finetune.train_ppo_diffusion_agent][INFO] - approx_kl: 0.041587986052036285, update_epoch: 3, num_batch: 4
[2026-10-09 16:14:24,106][agent.finetune.train_ppo_diffusion_agent][INFO] - approx_kl: 0.049055662006139755, update_epoch: 3, num_batch: 4
[2026-10-09 16:14:26,300][agent.finetune.train_ppo_diffusion_agent][INFO] - approx_kl: 0.056288886815309525, update_epoch: 3, num_batch: 4
[2026-10-09 16:14:28,587][agent.finetune.train_ppo_diffusion_agent][INFO] - approx_kl: 0.06550914794206619, update_epoch: 3, num_batch: 4
[2026-10-09 16:14:30,654][agent.finetune.train_ppo_diffusion_agent][INFO] - approx_kl: 0.07604797929525375, update_epoch: 4, num_batch: 4
[2026-10-09 16:14:32,828][agent.finetune.train_ppo_diffusion_agent][INFO] - approx_kl: 0.08541097491979599, update_epoch: 4, num_batch: 4
[2026-10-09 16:14:35,008][agent.finetune.train_ppo_diffusion_agent][INFO] - approx_kl: 0.09774249792098999, update_epoch: 4, num_batch: 4
[2026-10-09 16:14:37,319][agent.finetune.train_ppo_diffusion_agent][INFO] - approx_kl: 0.11391980201005936, update_epoch: 4, num_batch: 4
[2026-10-09 16:14:37,338][agent.finetune.train_ppo_diffusion_agent][INFO] - 85: step  6160000 | loss   0.0254 | pg loss  -0.0134 | value loss   0.0776 | bc loss   0.0000 | reward 3095.5007 | eta   1.0000 | t: 56.3649 | kl_true_per_action=1.259748272750927 | logratio_p99=1.799967613220206 | clamp_hit_frac=0.0007770833333333333
[2026-10-09 16:14:52,355][agent.finetune.train_ppo_diffusion_agent][INFO] - approx_kl: 0.0, update_epoch: 0, num_batch: 4
[2026-10-09 16:14:54,523][agent.finetune.train_ppo_diffusion_agent][INFO] - approx_kl: 0.0005587727064266801, update_epoch: 0, num_batch: 4
[2026-10-09 16:14:56,700][agent.finetune.train_ppo_diffusion_agent][INFO] - approx_kl: 0.0018893835367634892, update_epoch: 0, num_batch: 4
[2026-10-09 16:14:58,967][agent.finetune.train_ppo_diffusion_agent][INFO] - approx_kl: 0.00393076753243804, update_epoch: 0, num_batch: 4
[2026-10-09 16:15:01,038][agent.finetune.train_ppo_diffusion_agent][INFO] - approx_kl: 0.006120970472693443, update_epoch: 1, num_batch: 4
[2026-10-09 16:15:03,207][agent.finetune.train_ppo_diffusion_agent][INFO] - approx_kl: 0.009101641364395618, update_epoch: 1, num_batch: 4
[2026-10-09 16:15:05,401][agent.finetune.train_ppo_diffusion_agent][INFO] - approx_kl: 0.011853046715259552, update_epoch: 1, num_batch: 4
[2026-10-09 16:15:07,694][agent.finetune.train_ppo_diffusion_agent][INFO] - approx_kl: 0.014420165680348873, update_epoch: 1, num_batch: 4
[2026-10-09 16:15:09,785][agent.finetune.train_ppo_diffusion_agent][INFO] - approx_kl: 0.017827972769737244, update_epoch: 2, num_batch: 4
[2026-10-09 16:15:11,949][agent.finetune.train_ppo_diffusion_agent][INFO] - approx_kl: 0.022498443722724915, update_epoch: 2, num_batch: 4
[2026-10-09 16:15:14,111][agent.finetune.train_ppo_diffusion_agent][INFO] - approx_kl: 0.026666942983865738, update_epoch: 2, num_batch: 4
[2026-10-09 16:15:16,401][agent.finetune.train_ppo_diffusion_agent][INFO] - approx_kl: 0.03184472396969795, update_epoch: 2, num_batch: 4
[2026-10-09 16:15:18,479][agent.finetune.train_ppo_diffusion_agent][INFO] - approx_kl: 0.03758072108030319, update_epoch: 3, num_batch: 4
[2026-10-09 16:15:20,645][agent.finetune.train_ppo_diffusion_agent][INFO] - approx_kl: 0.04267159104347229, update_epoch: 3, num_batch: 4
[2026-10-09 16:15:22,803][agent.finetune.train_ppo_diffusion_agent][INFO] - approx_kl: 0.04823792725801468, update_epoch: 3, num_batch: 4
[2026-10-09 16:15:25,079][agent.finetune.train_ppo_diffusion_agent][INFO] - approx_kl: 0.05552646517753601, update_epoch: 3, num_batch: 4
[2026-10-09 16:15:27,164][agent.finetune.train_ppo_diffusion_agent][INFO] - approx_kl: 0.06420430541038513, update_epoch: 4, num_batch: 4
[2026-10-09 16:15:29,352][agent.finetune.train_ppo_diffusion_agent][INFO] - approx_kl: 0.0721689984202385, update_epoch: 4, num_batch: 4
[2026-10-09 16:15:31,527][agent.finetune.train_ppo_diffusion_agent][INFO] - approx_kl: 0.0808739885687828, update_epoch: 4, num_batch: 4
[2026-10-09 16:15:33,807][agent.finetune.train_ppo_diffusion_agent][INFO] - approx_kl: 0.09189444035291672, update_epoch: 4, num_batch: 4
[2026-10-09 16:15:33,824][agent.finetune.train_ppo_diffusion_agent][INFO] - 86: step  6240000 | loss   0.0254 | pg loss  -0.0151 | value loss   0.0810 | bc loss   0.0000 | reward 3302.7490 | eta   1.0000 | t: 56.4861 | kl_true_per_action=1.0430723078354556 | logratio_p99=1.699320340156553 | clamp_hit_frac=0.00080625
[2026-10-09 16:15:48,763][agent.finetune.train_ppo_diffusion_agent][INFO] - approx_kl: 0.0, update_epoch: 0, num_batch: 4
[2026-10-09 16:15:50,954][agent.finetune.train_ppo_diffusion_agent][INFO] - approx_kl: 0.0004165299760643393, update_epoch: 0, num_batch: 4
[2026-10-09 16:15:53,247][agent.finetune.train_ppo_diffusion_agent][INFO] - approx_kl: 0.0015347072621807456, update_epoch: 0, num_batch: 4
[2026-10-09 16:15:55,334][agent.finetune.train_ppo_diffusion_agent][INFO] - approx_kl: 0.00312223588116467, update_epoch: 0, num_batch: 4
[2026-10-09 16:15:57,545][agent.finetune.train_ppo_diffusion_agent][INFO] - approx_kl: 0.005264787003397942, update_epoch: 1, num_batch: 4
[2026-10-09 16:15:59,736][agent.finetune.train_ppo_diffusion_agent][INFO] - approx_kl: 0.0076208864338696, update_epoch: 1, num_batch: 4
[2026-10-09 16:16:02,028][agent.finetune.train_ppo_diffusion_agent][INFO] - approx_kl: 0.010439456440508366, update_epoch: 1, num_batch: 4
[2026-10-09 16:16:04,123][agent.finetune.train_ppo_diffusion_agent][INFO] - approx_kl: 0.013559740036725998, update_epoch: 1, num_batch: 4
[2026-10-09 16:16:06,321][agent.finetune.train_ppo_diffusion_agent][INFO] - approx_kl: 0.01722729206085205, update_epoch: 2, num_batch: 4
[2026-10-09 16:16:08,522][agent.finetune.train_ppo_diffusion_agent][INFO] - approx_kl: 0.022359365597367287, update_epoch: 2, num_batch: 4
[2026-10-09 16:16:10,830][agent.finetune.train_ppo_diffusion_agent][INFO] - approx_kl: 0.02744770422577858, update_epoch: 2, num_batch: 4
[2026-10-09 16:16:12,937][agent.finetune.train_ppo_diffusion_agent][INFO] - approx_kl: 0.035087909549474716, update_epoch: 2, num_batch: 4
[2026-10-09 16:16:15,140][agent.finetune.train_ppo_diffusion_agent][INFO] - approx_kl: 0.040518615394830704, update_epoch: 3, num_batch: 4
[2026-10-09 16:16:17,338][agent.finetune.train_ppo_diffusion_agent][INFO] - approx_kl: 0.04889015853404999, update_epoch: 3, num_batch: 4
[2026-10-09 16:16:19,654][agent.finetune.train_ppo_diffusion_agent][INFO] - approx_kl: 0.057041190564632416, update_epoch: 3, num_batch: 4
[2026-10-09 16:16:21,762][agent.finetune.train_ppo_diffusion_agent][INFO] - approx_kl: 0.06804437190294266, update_epoch: 3, num_batch: 4
[2026-10-09 16:16:23,967][agent.finetune.train_ppo_diffusion_agent][INFO] - approx_kl: 0.0787576213479042, update_epoch: 4, num_batch: 4
[2026-10-09 16:16:26,161][agent.finetune.train_ppo_diffusion_agent][INFO] - approx_kl: 0.09009185433387756, update_epoch: 4, num_batch: 4
[2026-10-09 16:16:28,493][agent.finetune.train_ppo_diffusion_agent][INFO] - approx_kl: 0.10253734141588211, update_epoch: 4, num_batch: 4
[2026-10-09 16:16:30,590][agent.finetune.train_ppo_diffusion_agent][INFO] - approx_kl: 0.11833693087100983, update_epoch: 4, num_batch: 4
[2026-10-09 16:16:30,610][agent.finetune.train_ppo_diffusion_agent][INFO] - 87: step  6320000 | loss   0.0279 | pg loss  -0.0145 | value loss   0.0847 | bc loss   0.0000 | reward 3371.3226 | eta   1.0000 | t: 56.7859 | kl_true_per_action=1.3870391969400604 | logratio_p99=2.0132315564155534 | clamp_hit_frac=0.0009
[2026-10-09 16:16:45,746][agent.finetune.train_ppo_diffusion_agent][INFO] - approx_kl: 0.0, update_epoch: 0, num_batch: 4
[2026-10-09 16:16:47,922][agent.finetune.train_ppo_diffusion_agent][INFO] - approx_kl: 0.0006133999559096992, update_epoch: 0, num_batch: 4
[2026-10-09 16:16:50,215][agent.finetune.train_ppo_diffusion_agent][INFO] - approx_kl: 0.0023180481512099504, update_epoch: 0, num_batch: 4
[2026-10-09 16:16:52,311][agent.finetune.train_ppo_diffusion_agent][INFO] - approx_kl: 0.004754333291202784, update_epoch: 0, num_batch: 4
[2026-10-09 16:16:54,489][agent.finetune.train_ppo_diffusion_agent][INFO] - approx_kl: 0.007914183661341667, update_epoch: 1, num_batch: 4
[2026-10-09 16:16:56,668][agent.finetune.train_ppo_diffusion_agent][INFO] - approx_kl: 0.011497615836560726, update_epoch: 1, num_batch: 4
[2026-10-09 16:16:58,978][agent.finetune.train_ppo_diffusion_agent][INFO] - approx_kl: 0.01496631558984518, update_epoch: 1, num_batch: 4
[2026-10-09 16:17:01,068][agent.finetune.train_ppo_diffusion_agent][INFO] - approx_kl: 0.019446516409516335, update_epoch: 1, num_batch: 4
[2026-10-09 16:17:03,260][agent.finetune.train_ppo_diffusion_agent][INFO] - approx_kl: 0.024417826905846596, update_epoch: 2, num_batch: 4
[2026-10-09 16:17:05,447][agent.finetune.train_ppo_diffusion_agent][INFO] - approx_kl: 0.029880041256546974, update_epoch: 2, num_batch: 4
[2026-10-09 16:17:07,739][agent.finetune.train_ppo_diffusion_agent][INFO] - approx_kl: 0.036430343985557556, update_epoch: 2, num_batch: 4
[2026-10-09 16:17:09,840][agent.finetune.train_ppo_diffusion_agent][INFO] - approx_kl: 0.043150320649147034, update_epoch: 2, num_batch: 4
[2026-10-09 16:17:12,031][agent.finetune.train_ppo_diffusion_agent][INFO] - approx_kl: 0.04954646900296211, update_epoch: 3, num_batch: 4
[2026-10-09 16:17:14,210][agent.finetune.train_ppo_diffusion_agent][INFO] - approx_kl: 0.05881081894040108, update_epoch: 3, num_batch: 4
[2026-10-09 16:17:16,498][agent.finetune.train_ppo_diffusion_agent][INFO] - approx_kl: 0.06599440425634384, update_epoch: 3, num_batch: 4
[2026-10-09 16:17:18,600][agent.finetune.train_ppo_diffusion_agent][INFO] - approx_kl: 0.0760684609413147, update_epoch: 3, num_batch: 4
[2026-10-09 16:17:20,787][agent.finetune.train_ppo_diffusion_agent][INFO] - approx_kl: 0.0867253914475441, update_epoch: 4, num_batch: 4
[2026-10-09 16:17:22,956][agent.finetune.train_ppo_diffusion_agent][INFO] - approx_kl: 0.09623261541128159, update_epoch: 4, num_batch: 4
[2026-10-09 16:17:25,242][agent.finetune.train_ppo_diffusion_agent][INFO] - approx_kl: 0.11345642060041428, update_epoch: 4, num_batch: 4
[2026-10-09 16:17:27,343][agent.finetune.train_ppo_diffusion_agent][INFO] - approx_kl: 0.12295085936784744, update_epoch: 4, num_batch: 4
[2026-10-09 16:17:27,363][agent.finetune.train_ppo_diffusion_agent][INFO] - 88: step  6400000 | loss   0.0304 | pg loss  -0.0126 | value loss   0.0860 | bc loss   0.0000 | reward 3514.1872 | eta   1.0000 | t: 56.7526 | kl_true_per_action=1.4038560452243787 | logratio_p99=1.9826105105876906 | clamp_hit_frac=0.0008729166666666667
[2026-10-09 16:17:43,001][agent.finetune.train_ppo_diffusion_agent][INFO] - approx_kl: 0.0, update_epoch: 0, num_batch: 4
[2026-10-09 16:17:45,182][agent.finetune.train_ppo_diffusion_agent][INFO] - approx_kl: 0.000500379188451916, update_epoch: 0, num_batch: 4
[2026-10-09 16:17:47,478][agent.finetune.train_ppo_diffusion_agent][INFO] - approx_kl: 0.0019154915353283286, update_epoch: 0, num_batch: 4
[2026-10-09 16:17:49,585][agent.finetune.train_ppo_diffusion_agent][INFO] - approx_kl: 0.00381633173674345, update_epoch: 0, num_batch: 4
[2026-10-09 16:17:51,820][agent.finetune.train_ppo_diffusion_agent][INFO] - approx_kl: 0.006486233323812485, update_epoch: 1, num_batch: 4
[2026-10-09 16:17:54,122][agent.finetune.train_ppo_diffusion_agent][INFO] - approx_kl: 0.009826759807765484, update_epoch: 1, num_batch: 4
[2026-10-09 16:17:56,217][agent.finetune.train_ppo_diffusion_agent][INFO] - approx_kl: 0.01386822760105133, update_epoch: 1, num_batch: 4
[2026-10-09 16:17:58,414][agent.finetune.train_ppo_diffusion_agent][INFO] - approx_kl: 0.01857817731797695, update_epoch: 1, num_batch: 4
[2026-10-09 16:18:00,605][agent.finetune.train_ppo_diffusion_agent][INFO] - approx_kl: 0.024464067071676254, update_epoch: 2, num_batch: 4
[2026-10-09 16:18:02,903][agent.finetune.train_ppo_diffusion_agent][INFO] - approx_kl: 0.031463950872421265, update_epoch: 2, num_batch: 4
[2026-10-09 16:18:05,008][agent.finetune.train_ppo_diffusion_agent][INFO] - approx_kl: 0.03892458975315094, update_epoch: 2, num_batch: 4
[2026-10-09 16:18:07,202][agent.finetune.train_ppo_diffusion_agent][INFO] - approx_kl: 0.048840153962373734, update_epoch: 2, num_batch: 4
[2026-10-09 16:18:09,379][agent.finetune.train_ppo_diffusion_agent][INFO] - approx_kl: 0.0604902021586895, update_epoch: 3, num_batch: 4
[2026-10-09 16:18:11,671][agent.finetune.train_ppo_diffusion_agent][INFO] - approx_kl: 0.0719665139913559, update_epoch: 3, num_batch: 4
[2026-10-09 16:18:13,772][agent.finetune.train_ppo_diffusion_agent][INFO] - approx_kl: 0.08448749780654907, update_epoch: 3, num_batch: 4
[2026-10-09 16:18:15,963][agent.finetune.train_ppo_diffusion_agent][INFO] - approx_kl: 0.10195405781269073, update_epoch: 3, num_batch: 4
[2026-10-09 16:18:18,140][agent.finetune.train_ppo_diffusion_agent][INFO] - approx_kl: 0.12274501472711563, update_epoch: 4, num_batch: 4
[2026-10-09 16:18:20,422][agent.finetune.train_ppo_diffusion_agent][INFO] - approx_kl: 0.14484544098377228, update_epoch: 4, num_batch: 4
[2026-10-09 16:18:22,516][agent.finetune.train_ppo_diffusion_agent][INFO] - approx_kl: 0.16767534613609314, update_epoch: 4, num_batch: 4
[2026-10-09 16:18:24,748][agent.finetune.train_ppo_diffusion_agent][INFO] - approx_kl: 0.2101176530122757, update_epoch: 4, num_batch: 4
[2026-10-09 16:18:24,768][agent.finetune.train_ppo_diffusion_agent][INFO] - 89: step  6480000 | loss   0.0239 | pg loss  -0.0197 | value loss   0.0871 | bc loss   0.0000 | reward 3404.2010 | eta   1.0000 | t: 57.4050 | kl_true_per_action=2.4326248212125283 | logratio_p99=2.8563714659214017 | clamp_hit_frac=0.0008833333333333333
[2026-10-09 16:18:38,267][agent.finetune.train_ppo_diffusion_agent][INFO] - eval: success rate   1.0000 | avg episode reward 3365.6502 | avg best reward   4.9770
[2026-10-09 16:18:53,546][agent.finetune.train_ppo_diffusion_agent][INFO] - approx_kl: 0.0, update_epoch: 0, num_batch: 4
[2026-10-09 16:18:55,879][agent.finetune.train_ppo_diffusion_agent][INFO] - approx_kl: 0.0015852233627811074, update_epoch: 0, num_batch: 4
[2026-10-09 16:18:57,965][agent.finetune.train_ppo_diffusion_agent][INFO] - approx_kl: 0.0061270371079444885, update_epoch: 0, num_batch: 4
[2026-10-09 16:19:00,146][agent.finetune.train_ppo_diffusion_agent][INFO] - approx_kl: 0.013119050301611423, update_epoch: 0, num_batch: 4
[2026-10-09 16:19:02,324][agent.finetune.train_ppo_diffusion_agent][INFO] - approx_kl: 0.020568234845995903, update_epoch: 1, num_batch: 4
[2026-10-09 16:19:04,610][agent.finetune.train_ppo_diffusion_agent][INFO] - approx_kl: 0.030108295381069183, update_epoch: 1, num_batch: 4
[2026-10-09 16:19:06,695][agent.finetune.train_ppo_diffusion_agent][INFO] - approx_kl: 0.039861418306827545, update_epoch: 1, num_batch: 4
[2026-10-09 16:19:08,840][agent.finetune.train_ppo_diffusion_agent][INFO] - approx_kl: 0.05024268850684166, update_epoch: 1, num_batch: 4
[2026-10-09 16:19:11,011][agent.finetune.train_ppo_diffusion_agent][INFO] - approx_kl: 0.059829577803611755, update_epoch: 2, num_batch: 4
[2026-10-09 16:19:13,318][agent.finetune.train_ppo_diffusion_agent][INFO] - approx_kl: 0.07129756361246109, update_epoch: 2, num_batch: 4
[2026-10-09 16:19:15,429][agent.finetune.train_ppo_diffusion_agent][INFO] - approx_kl: 0.08675069361925125, update_epoch: 2, num_batch: 4
[2026-10-09 16:19:17,620][agent.finetune.train_ppo_diffusion_agent][INFO] - approx_kl: 0.09909453243017197, update_epoch: 2, num_batch: 4
[2026-10-09 16:19:19,788][agent.finetune.train_ppo_diffusion_agent][INFO] - approx_kl: 0.11105021834373474, update_epoch: 3, num_batch: 4
[2026-10-09 16:19:22,067][agent.finetune.train_ppo_diffusion_agent][INFO] - approx_kl: 0.12872925400733948, update_epoch: 3, num_batch: 4
[2026-10-09 16:19:24,144][agent.finetune.train_ppo_diffusion_agent][INFO] - approx_kl: 0.14351341128349304, update_epoch: 3, num_batch: 4
[2026-10-09 16:19:26,345][agent.finetune.train_ppo_diffusion_agent][INFO] - approx_kl: 0.162583589553833, update_epoch: 3, num_batch: 4
[2026-10-09 16:19:28,512][agent.finetune.train_ppo_diffusion_agent][INFO] - approx_kl: 0.1834462583065033, update_epoch: 4, num_batch: 4
[2026-10-09 16:19:30,791][agent.finetune.train_ppo_diffusion_agent][INFO] - approx_kl: 0.21818171441555023, update_epoch: 4, num_batch: 4
[2026-10-09 16:19:32,876][agent.finetune.train_ppo_diffusion_agent][INFO] - approx_kl: 0.2487289011478424, update_epoch: 4, num_batch: 4
[2026-10-09 16:19:35,048][agent.finetune.train_ppo_diffusion_agent][INFO] - approx_kl: 0.2777482271194458, update_epoch: 4, num_batch: 4
[2026-10-09 16:19:35,066][agent.finetune.train_ppo_diffusion_agent][INFO] - 91: step  6560000 | loss   0.0274 | pg loss  -0.0171 | value loss   0.0890 | bc loss   0.0000 | reward 3214.3913 | eta   1.0000 | t: 56.7997 | kl_true_per_action=3.5421789192091917 | logratio_p99=3.2729677879810106 | clamp_hit_frac=0.0008416666666666667
[2026-10-09 16:19:50,023][agent.finetune.train_ppo_diffusion_agent][INFO] - approx_kl: 0.0, update_epoch: 0, num_batch: 4
[2026-10-09 16:19:52,309][agent.finetune.train_ppo_diffusion_agent][INFO] - approx_kl: 0.0016480960184708238, update_epoch: 0, num_batch: 4
[2026-10-09 16:19:54,393][agent.finetune.train_ppo_diffusion_agent][INFO] - approx_kl: 0.006236880552023649, update_epoch: 0, num_batch: 4
[2026-10-09 16:19:56,573][agent.finetune.train_ppo_diffusion_agent][INFO] - approx_kl: 0.013347634114325047, update_epoch: 0, num_batch: 4
[2026-10-09 16:19:58,716][agent.finetune.train_ppo_diffusion_agent][INFO] - approx_kl: 0.020720500499010086, update_epoch: 1, num_batch: 4
[2026-10-09 16:20:01,004][agent.finetune.train_ppo_diffusion_agent][INFO] - approx_kl: 0.02936181053519249, update_epoch: 1, num_batch: 4
[2026-10-09 16:20:03,114][agent.finetune.train_ppo_diffusion_agent][INFO] - approx_kl: 0.04026401415467262, update_epoch: 1, num_batch: 4
[2026-10-09 16:20:05,315][agent.finetune.train_ppo_diffusion_agent][INFO] - approx_kl: 0.05139802768826485, update_epoch: 1, num_batch: 4
[2026-10-09 16:20:07,519][agent.finetune.train_ppo_diffusion_agent][INFO] - approx_kl: 0.06281743943691254, update_epoch: 2, num_batch: 4
[2026-10-09 16:20:09,806][agent.finetune.train_ppo_diffusion_agent][INFO] - approx_kl: 0.07498564571142197, update_epoch: 2, num_batch: 4
[2026-10-09 16:20:11,898][agent.finetune.train_ppo_diffusion_agent][INFO] - approx_kl: 0.08950146287679672, update_epoch: 2, num_batch: 4
[2026-10-09 16:20:14,065][agent.finetune.train_ppo_diffusion_agent][INFO] - approx_kl: 0.10426867008209229, update_epoch: 2, num_batch: 4
[2026-10-09 16:20:16,219][agent.finetune.train_ppo_diffusion_agent][INFO] - approx_kl: 0.11702687293291092, update_epoch: 3, num_batch: 4
[2026-10-09 16:20:18,465][agent.finetune.train_ppo_diffusion_agent][INFO] - approx_kl: 0.128824844956398, update_epoch: 3, num_batch: 4
[2026-10-09 16:20:20,515][agent.finetune.train_ppo_diffusion_agent][INFO] - approx_kl: 0.142070472240448, update_epoch: 3, num_batch: 4
[2026-10-09 16:20:22,626][agent.finetune.train_ppo_diffusion_agent][INFO] - approx_kl: 0.164944589138031, update_epoch: 3, num_batch: 4
[2026-10-09 16:20:24,733][agent.finetune.train_ppo_diffusion_agent][INFO] - approx_kl: 0.18379178643226624, update_epoch: 4, num_batch: 4
[2026-10-09 16:20:26,968][agent.finetune.train_ppo_diffusion_agent][INFO] - approx_kl: 0.20611687004566193, update_epoch: 4, num_batch: 4
[2026-10-09 16:20:29,050][agent.finetune.train_ppo_diffusion_agent][INFO] - approx_kl: 0.23181556165218353, update_epoch: 4, num_batch: 4
[2026-10-09 16:20:31,227][agent.finetune.train_ppo_diffusion_agent][INFO] - approx_kl: 0.26092690229415894, update_epoch: 4, num_batch: 4
[2026-10-09 16:20:31,244][agent.finetune.train_ppo_diffusion_agent][INFO] - 92: step  6640000 | loss   0.0239 | pg loss  -0.0189 | value loss   0.0856 | bc loss   0.0000 | reward 3058.3840 | eta   1.0000 | t: 56.1777 | kl_true_per_action=3.1079444207445563 | logratio_p99=3.3458232712745657 | clamp_hit_frac=0.00095625
[2026-10-09 16:20:46,024][agent.finetune.train_ppo_diffusion_agent][INFO] - approx_kl: 0.0, update_epoch: 0, num_batch: 4
[2026-10-09 16:20:48,349][agent.finetune.train_ppo_diffusion_agent][INFO] - approx_kl: 0.001427468261681497, update_epoch: 0, num_batch: 4
[2026-10-09 16:20:50,444][agent.finetune.train_ppo_diffusion_agent][INFO] - approx_kl: 0.005221305415034294, update_epoch: 0, num_batch: 4
[2026-10-09 16:20:52,621][agent.finetune.train_ppo_diffusion_agent][INFO] - approx_kl: 0.010542884469032288, update_epoch: 0, num_batch: 4
[2026-10-09 16:20:54,797][agent.finetune.train_ppo_diffusion_agent][INFO] - approx_kl: 0.017591634765267372, update_epoch: 1, num_batch: 4
[2026-10-09 16:20:57,081][agent.finetune.train_ppo_diffusion_agent][INFO] - approx_kl: 0.024173108860850334, update_epoch: 1, num_batch: 4
[2026-10-09 16:20:59,164][agent.finetune.train_ppo_diffusion_agent][INFO] - approx_kl: 0.03226286917924881, update_epoch: 1, num_batch: 4
[2026-10-09 16:21:01,331][agent.finetune.train_ppo_diffusion_agent][INFO] - approx_kl: 0.04168883338570595, update_epoch: 1, num_batch: 4
[2026-10-09 16:21:03,507][agent.finetune.train_ppo_diffusion_agent][INFO] - approx_kl: 0.0530889630317688, update_epoch: 2, num_batch: 4
[2026-10-09 16:21:05,790][agent.finetune.train_ppo_diffusion_agent][INFO] - approx_kl: 0.06767916679382324, update_epoch: 2, num_batch: 4
[2026-10-09 16:21:07,884][agent.finetune.train_ppo_diffusion_agent][INFO] - approx_kl: 0.08448849618434906, update_epoch: 2, num_batch: 4
[2026-10-09 16:21:10,061][agent.finetune.train_ppo_diffusion_agent][INFO] - approx_kl: 0.10336899757385254, update_epoch: 2, num_batch: 4
[2026-10-09 16:21:12,228][agent.finetune.train_ppo_diffusion_agent][INFO] - approx_kl: 0.12726181745529175, update_epoch: 3, num_batch: 4
[2026-10-09 16:21:14,506][agent.finetune.train_ppo_diffusion_agent][INFO] - approx_kl: 0.15004496276378632, update_epoch: 3, num_batch: 4
[2026-10-09 16:21:16,593][agent.finetune.train_ppo_diffusion_agent][INFO] - approx_kl: 0.1809229701757431, update_epoch: 3, num_batch: 4
[2026-10-09 16:21:18,794][agent.finetune.train_ppo_diffusion_agent][INFO] - approx_kl: 0.21025967597961426, update_epoch: 3, num_batch: 4
[2026-10-09 16:21:20,965][agent.finetune.train_ppo_diffusion_agent][INFO] - approx_kl: 0.282710462808609, update_epoch: 4, num_batch: 4
[2026-10-09 16:21:23,245][agent.finetune.train_ppo_diffusion_agent][INFO] - approx_kl: 0.3179563283920288, update_epoch: 4, num_batch: 4
[2026-10-09 16:21:25,327][agent.finetune.train_ppo_diffusion_agent][INFO] - approx_kl: 0.39120304584503174, update_epoch: 4, num_batch: 4
[2026-10-09 16:21:27,501][agent.finetune.train_ppo_diffusion_agent][INFO] - approx_kl: 0.4738333523273468, update_epoch: 4, num_batch: 4
[2026-10-09 16:21:27,518][agent.finetune.train_ppo_diffusion_agent][INFO] - 93: step  6720000 | loss   0.0132 | pg loss  -0.0281 | value loss   0.0826 | bc loss   0.0000 | reward 3102.1242 | eta   1.0000 | t: 56.2744 | kl_true_per_action=21.830856780467087 | logratio_p99=5.267930312156651 | clamp_hit_frac=0.0009979166666666667
[2026-10-09 16:21:42,305][agent.finetune.train_ppo_diffusion_agent][INFO] - approx_kl: 0.0, update_epoch: 0, num_batch: 4
[2026-10-09 16:21:44,378][agent.finetune.train_ppo_diffusion_agent][INFO] - approx_kl: 0.0040425704792141914, update_epoch: 0, num_batch: 4
[2026-10-09 16:21:46,546][agent.finetune.train_ppo_diffusion_agent][INFO] - approx_kl: 0.014767416752874851, update_epoch: 0, num_batch: 4
[2026-10-09 16:21:48,748][agent.finetune.train_ppo_diffusion_agent][INFO] - approx_kl: 0.029508450999855995, update_epoch: 0, num_batch: 4
[2026-10-09 16:21:51,023][agent.finetune.train_ppo_diffusion_agent][INFO] - approx_kl: 0.04736999794840813, update_epoch: 1, num_batch: 4
[2026-10-09 16:21:53,097][agent.finetune.train_ppo_diffusion_agent][INFO] - approx_kl: 0.06739019602537155, update_epoch: 1, num_batch: 4
[2026-10-09 16:21:55,263][agent.finetune.train_ppo_diffusion_agent][INFO] - approx_kl: 0.08613768965005875, update_epoch: 1, num_batch: 4
[2026-10-09 16:21:57,427][agent.finetune.train_ppo_diffusion_agent][INFO] - approx_kl: 0.10975532233715057, update_epoch: 1, num_batch: 4
[2026-10-09 16:21:59,706][agent.finetune.train_ppo_diffusion_agent][INFO] - approx_kl: 0.1356862336397171, update_epoch: 2, num_batch: 4
[2026-10-09 16:22:01,782][agent.finetune.train_ppo_diffusion_agent][INFO] - approx_kl: 0.16401290893554688, update_epoch: 2, num_batch: 4
[2026-10-09 16:22:03,947][agent.finetune.train_ppo_diffusion_agent][INFO] - approx_kl: 0.19575394690036774, update_epoch: 2, num_batch: 4
[2026-10-09 16:22:06,109][agent.finetune.train_ppo_diffusion_agent][INFO] - approx_kl: 0.22729052603244781, update_epoch: 2, num_batch: 4
[2026-10-09 16:22:08,402][agent.finetune.train_ppo_diffusion_agent][INFO] - approx_kl: 0.2726706564426422, update_epoch: 3, num_batch: 4
[2026-10-09 16:22:10,479][agent.finetune.train_ppo_diffusion_agent][INFO] - approx_kl: 0.31074059009552, update_epoch: 3, num_batch: 4
[2026-10-09 16:22:12,642][agent.finetune.train_ppo_diffusion_agent][INFO] - approx_kl: 0.36622530221939087, update_epoch: 3, num_batch: 4
[2026-10-09 16:22:14,807][agent.finetune.train_ppo_diffusion_agent][INFO] - approx_kl: 0.42915692925453186, update_epoch: 3, num_batch: 4
[2026-10-09 16:22:17,075][agent.finetune.train_ppo_diffusion_agent][INFO] - approx_kl: 0.5341858267784119, update_epoch: 4, num_batch: 4
[2026-10-09 16:22:19,156][agent.finetune.train_ppo_diffusion_agent][INFO] - approx_kl: 0.6035343408584595, update_epoch: 4, num_batch: 4
[2026-10-09 16:22:21,368][agent.finetune.train_ppo_diffusion_agent][INFO] - approx_kl: 0.7890663743019104, update_epoch: 4, num_batch: 4
[2026-10-09 16:22:23,537][agent.finetune.train_ppo_diffusion_agent][INFO] - approx_kl: 0.9272838830947876, update_epoch: 4, num_batch: 4
[2026-10-09 16:22:23,554][agent.finetune.train_ppo_diffusion_agent][INFO] - 94: step  6800000 | loss   0.0094 | pg loss  -0.0350 | value loss   0.0888 | bc loss   0.0000 | reward 3291.0095 | eta   1.0000 | t: 56.0360 | kl_true_per_action=50.35470225603319 | logratio_p99=8.823066562414157 | clamp_hit_frac=0.0017395833333333334
[2026-10-09 16:22:38,528][agent.finetune.train_ppo_diffusion_agent][INFO] - approx_kl: 0.0, update_epoch: 0, num_batch: 4
[2026-10-09 16:22:40,641][agent.finetune.train_ppo_diffusion_agent][INFO] - approx_kl: 0.009933361783623695, update_epoch: 0, num_batch: 4
[2026-10-09 16:22:42,823][agent.finetune.train_ppo_diffusion_agent][INFO] - approx_kl: 0.03481778874993324, update_epoch: 0, num_batch: 4
[2026-10-09 16:22:44,990][agent.finetune.train_ppo_diffusion_agent][INFO] - approx_kl: 0.07129056006669998, update_epoch: 0, num_batch: 4
[2026-10-09 16:22:47,253][agent.finetune.train_ppo_diffusion_agent][INFO] - approx_kl: 0.1204826608300209, update_epoch: 1, num_batch: 4
[2026-10-09 16:22:49,338][agent.finetune.train_ppo_diffusion_agent][INFO] - approx_kl: 0.1697579026222229, update_epoch: 1, num_batch: 4
[2026-10-09 16:22:51,499][agent.finetune.train_ppo_diffusion_agent][INFO] - approx_kl: 0.22640438377857208, update_epoch: 1, num_batch: 4
[2026-10-09 16:22:53,658][agent.finetune.train_ppo_diffusion_agent][INFO] - approx_kl: 0.29360538721084595, update_epoch: 1, num_batch: 4
[2026-10-09 16:22:55,934][agent.finetune.train_ppo_diffusion_agent][INFO] - approx_kl: 0.33987128734588623, update_epoch: 2, num_batch: 4
[2026-10-09 16:22:58,017][agent.finetune.train_ppo_diffusion_agent][INFO] - approx_kl: 0.37018173933029175, update_epoch: 2, num_batch: 4
[2026-10-09 16:23:00,194][agent.finetune.train_ppo_diffusion_agent][INFO] - approx_kl: 0.4033723771572113, update_epoch: 2, num_batch: 4
[2026-10-09 16:23:02,365][agent.finetune.train_ppo_diffusion_agent][INFO] - approx_kl: 0.46019357442855835, update_epoch: 2, num_batch: 4
[2026-10-09 16:23:04,640][agent.finetune.train_ppo_diffusion_agent][INFO] - approx_kl: 0.502981960773468, update_epoch: 3, num_batch: 4
[2026-10-09 16:23:06,720][agent.finetune.train_ppo_diffusion_agent][INFO] - approx_kl: 0.5693681240081787, update_epoch: 3, num_batch: 4
[2026-10-09 16:23:08,891][agent.finetune.train_ppo_diffusion_agent][INFO] - approx_kl: 0.6634038686752319, update_epoch: 3, num_batch: 4
[2026-10-09 16:23:11,070][agent.finetune.train_ppo_diffusion_agent][INFO] - approx_kl: 0.8172006607055664, update_epoch: 3, num_batch: 4
[2026-10-09 16:23:13,381][agent.finetune.train_ppo_diffusion_agent][INFO] - approx_kl: 0.9681056141853333, update_epoch: 4, num_batch: 4
[2026-10-09 16:23:15,474][agent.finetune.train_ppo_diffusion_agent][INFO] - approx_kl: 1.6826847791671753, update_epoch: 4, num_batch: 4
[2026-10-09 16:23:17,654][agent.finetune.train_ppo_diffusion_agent][INFO] - approx_kl: 1.599661946296692, update_epoch: 4, num_batch: 4
[2026-10-09 16:23:19,824][agent.finetune.train_ppo_diffusion_agent][INFO] - approx_kl: 17.807567596435547, update_epoch: 4, num_batch: 4
[2026-10-09 16:23:19,844][agent.finetune.train_ppo_diffusion_agent][INFO] - 95: step  6880000 | loss -11.1336 | pg loss -11.1750 | value loss   0.0828 | bc loss   0.0000 | reward 2983.5649 | eta   1.0000 | t: 56.2893 | kl_true_per_action=22.84232094948658 | logratio_p99=15.611805645227424 | clamp_hit_frac=0.0032770833333333332
[2026-10-09 16:23:35,660][agent.finetune.train_ppo_diffusion_agent][INFO] - approx_kl: 0.0, update_epoch: 0, num_batch: 4
[2026-10-09 16:23:37,739][agent.finetune.train_ppo_diffusion_agent][INFO] - approx_kl: 0.04903949424624443, update_epoch: 0, num_batch: 4
[2026-10-09 16:23:39,918][agent.finetune.train_ppo_diffusion_agent][INFO] - approx_kl: 0.17127589881420135, update_epoch: 0, num_batch: 4
[2026-10-09 16:23:42,230][agent.finetune.train_ppo_diffusion_agent][INFO] - approx_kl: 0.35462093353271484, update_epoch: 0, num_batch: 4
[2026-10-09 16:23:44,333][agent.finetune.train_ppo_diffusion_agent][INFO] - approx_kl: 0.5629875659942627, update_epoch: 1, num_batch: 4
[2026-10-09 16:23:46,544][agent.finetune.train_ppo_diffusion_agent][INFO] - approx_kl: 0.8041967153549194, update_epoch: 1, num_batch: 4
[2026-10-09 16:23:48,748][agent.finetune.train_ppo_diffusion_agent][INFO] - approx_kl: 0.9660888910293579, update_epoch: 1, num_batch: 4
[2026-10-09 16:23:51,030][agent.finetune.train_ppo_diffusion_agent][INFO] - approx_kl: 1.1669254302978516, update_epoch: 1, num_batch: 4
[2026-10-09 16:23:53,115][agent.finetune.train_ppo_diffusion_agent][INFO] - approx_kl: 1.3860571384429932, update_epoch: 2, num_batch: 4
[2026-10-09 16:23:55,296][agent.finetune.train_ppo_diffusion_agent][INFO] - approx_kl: 1.5676000118255615, update_epoch: 2, num_batch: 4
[2026-10-09 16:23:57,473][agent.finetune.train_ppo_diffusion_agent][INFO] - approx_kl: 1.7902005910873413, update_epoch: 2, num_batch: 4
[2026-10-09 16:23:59,756][agent.finetune.train_ppo_diffusion_agent][INFO] - approx_kl: 2.0034565925598145, update_epoch: 2, num_batch: 4
[2026-10-09 16:24:01,845][agent.finetune.train_ppo_diffusion_agent][INFO] - approx_kl: 2.1089911460876465, update_epoch: 3, num_batch: 4
[2026-10-09 16:24:04,052][agent.finetune.train_ppo_diffusion_agent][INFO] - approx_kl: 2.301358222961426, update_epoch: 3, num_batch: 4
[2026-10-09 16:24:06,231][agent.finetune.train_ppo_diffusion_agent][INFO] - approx_kl: 2.9324119091033936, update_epoch: 3, num_batch: 4
[2026-10-09 16:24:08,517][agent.finetune.train_ppo_diffusion_agent][INFO] - approx_kl: 2.7317636013031006, update_epoch: 3, num_batch: 4
[2026-10-09 16:24:10,608][agent.finetune.train_ppo_diffusion_agent][INFO] - approx_kl: 2.911886692047119, update_epoch: 4, num_batch: 4
[2026-10-09 16:24:12,789][agent.finetune.train_ppo_diffusion_agent][INFO] - approx_kl: 3.1103057861328125, update_epoch: 4, num_batch: 4
[2026-10-09 16:24:14,969][agent.finetune.train_ppo_diffusion_agent][INFO] - approx_kl: 11.919028282165527, update_epoch: 4, num_batch: 4
[2026-10-09 16:24:17,252][agent.finetune.train_ppo_diffusion_agent][INFO] - approx_kl: 7.518011093139648, update_epoch: 4, num_batch: 4
[2026-10-09 16:24:17,272][agent.finetune.train_ppo_diffusion_agent][INFO] - 96: step  6960000 | loss  -0.9693 | pg loss  -1.0034 | value loss   0.0681 | bc loss   0.0000 | reward 1478.7470 | eta   1.0000 | t: 57.4278 | kl_true_per_action=39.09061338420172 | logratio_p99=25.305830824375125 | clamp_hit_frac=0.00398125
[2026-10-09 16:24:32,809][agent.finetune.train_ppo_diffusion_agent][INFO] - approx_kl: 0.0, update_epoch: 0, num_batch: 4
[2026-10-09 16:24:35,020][agent.finetune.train_ppo_diffusion_agent][INFO] - approx_kl: 0.013679415918886662, update_epoch: 0, num_batch: 4
[2026-10-09 16:24:37,193][agent.finetune.train_ppo_diffusion_agent][INFO] - approx_kl: 0.05011599510908127, update_epoch: 0, num_batch: 4
[2026-10-09 16:24:39,463][agent.finetune.train_ppo_diffusion_agent][INFO] - approx_kl: 0.10419698804616928, update_epoch: 0, num_batch: 4
[2026-10-09 16:24:41,533][agent.finetune.train_ppo_diffusion_agent][INFO] - approx_kl: 0.16995367407798767, update_epoch: 1, num_batch: 4
[2026-10-09 16:24:43,698][agent.finetune.train_ppo_diffusion_agent][INFO] - approx_kl: 0.24144291877746582, update_epoch: 1, num_batch: 4
[2026-10-09 16:24:45,858][agent.finetune.train_ppo_diffusion_agent][INFO] - approx_kl: 0.3288222849369049, update_epoch: 1, num_batch: 4
[2026-10-09 16:24:48,113][agent.finetune.train_ppo_diffusion_agent][INFO] - approx_kl: 0.39675483107566833, update_epoch: 1, num_batch: 4
[2026-10-09 16:24:50,192][agent.finetune.train_ppo_diffusion_agent][INFO] - approx_kl: 0.49524015188217163, update_epoch: 2, num_batch: 4
[2026-10-09 16:24:52,370][agent.finetune.train_ppo_diffusion_agent][INFO] - approx_kl: 0.5720553994178772, update_epoch: 2, num_batch: 4
[2026-10-09 16:24:54,539][agent.finetune.train_ppo_diffusion_agent][INFO] - approx_kl: 0.6248216032981873, update_epoch: 2, num_batch: 4
[2026-10-09 16:24:56,823][agent.finetune.train_ppo_diffusion_agent][INFO] - approx_kl: 0.7100532650947571, update_epoch: 2, num_batch: 4
[2026-10-09 16:24:58,902][agent.finetune.train_ppo_diffusion_agent][INFO] - approx_kl: 0.793965756893158, update_epoch: 3, num_batch: 4
[2026-10-09 16:25:01,068][agent.finetune.train_ppo_diffusion_agent][INFO] - approx_kl: 0.8494334816932678, update_epoch: 3, num_batch: 4
[2026-10-09 16:25:03,245][agent.finetune.train_ppo_diffusion_agent][INFO] - approx_kl: 0.9383553862571716, update_epoch: 3, num_batch: 4
[2026-10-09 16:25:05,563][agent.finetune.train_ppo_diffusion_agent][INFO] - approx_kl: 0.9556223154067993, update_epoch: 3, num_batch: 4
[2026-10-09 16:25:07,660][agent.finetune.train_ppo_diffusion_agent][INFO] - approx_kl: 1.0150551795959473, update_epoch: 4, num_batch: 4
[2026-10-09 16:25:09,837][agent.finetune.train_ppo_diffusion_agent][INFO] - approx_kl: 1.0592750310897827, update_epoch: 4, num_batch: 4
[2026-10-09 16:25:12,013][agent.finetune.train_ppo_diffusion_agent][INFO] - approx_kl: 1.1296093463897705, update_epoch: 4, num_batch: 4
[2026-10-09 16:25:14,295][agent.finetune.train_ppo_diffusion_agent][INFO] - approx_kl: 1.1742876768112183, update_epoch: 4, num_batch: 4
[2026-10-09 16:25:14,312][agent.finetune.train_ppo_diffusion_agent][INFO] - 97: step  7040000 | loss   0.0010 | pg loss  -0.0272 | value loss   0.0564 | bc loss   0.0000 | reward 1410.4612 | eta   1.0000 | t: 57.0402 | kl_true_per_action=11.99339576123978 | logratio_p99=8.720048879384981 | clamp_hit_frac=0.0013625
[2026-10-09 16:25:29,762][agent.finetune.train_ppo_diffusion_agent][INFO] - approx_kl: 0.0, update_epoch: 0, num_batch: 4
[2026-10-09 16:25:31,925][agent.finetune.train_ppo_diffusion_agent][INFO] - approx_kl: 0.0006517663132399321, update_epoch: 0, num_batch: 4
[2026-10-09 16:25:34,082][agent.finetune.train_ppo_diffusion_agent][INFO] - approx_kl: 0.002296716906130314, update_epoch: 0, num_batch: 4
[2026-10-09 16:25:36,396][agent.finetune.train_ppo_diffusion_agent][INFO] - approx_kl: 0.004729007370769978, update_epoch: 0, num_batch: 4
[2026-10-09 16:25:38,481][agent.finetune.train_ppo_diffusion_agent][INFO] - approx_kl: 0.007708776742219925, update_epoch: 1, num_batch: 4
[2026-10-09 16:25:40,657][agent.finetune.train_ppo_diffusion_agent][INFO] - approx_kl: 0.010566303506493568, update_epoch: 1, num_batch: 4
[2026-10-09 16:25:42,829][agent.finetune.train_ppo_diffusion_agent][INFO] - approx_kl: 0.013968749903142452, update_epoch: 1, num_batch: 4
[2026-10-09 16:25:45,087][agent.finetune.train_ppo_diffusion_agent][INFO] - approx_kl: 0.017521582543849945, update_epoch: 1, num_batch: 4
[2026-10-09 16:25:47,159][agent.finetune.train_ppo_diffusion_agent][INFO] - approx_kl: 0.020949767902493477, update_epoch: 2, num_batch: 4
[2026-10-09 16:25:49,333][agent.finetune.train_ppo_diffusion_agent][INFO] - approx_kl: 0.024517185986042023, update_epoch: 2, num_batch: 4
[2026-10-09 16:25:51,496][agent.finetune.train_ppo_diffusion_agent][INFO] - approx_kl: 0.02820931375026703, update_epoch: 2, num_batch: 4
[2026-10-09 16:25:53,755][agent.finetune.train_ppo_diffusion_agent][INFO] - approx_kl: 0.032149143517017365, update_epoch: 2, num_batch: 4
[2026-10-09 16:25:55,836][agent.finetune.train_ppo_diffusion_agent][INFO] - approx_kl: 0.03525279834866524, update_epoch: 3, num_batch: 4
[2026-10-09 16:25:58,032][agent.finetune.train_ppo_diffusion_agent][INFO] - approx_kl: 0.03873734548687935, update_epoch: 3, num_batch: 4
[2026-10-09 16:26:00,201][agent.finetune.train_ppo_diffusion_agent][INFO] - approx_kl: 0.04290289431810379, update_epoch: 3, num_batch: 4
[2026-10-09 16:26:02,473][agent.finetune.train_ppo_diffusion_agent][INFO] - approx_kl: 0.045870017260313034, update_epoch: 3, num_batch: 4
[2026-10-09 16:26:04,544][agent.finetune.train_ppo_diffusion_agent][INFO] - approx_kl: 0.04870978370308876, update_epoch: 4, num_batch: 4
[2026-10-09 16:26:06,741][agent.finetune.train_ppo_diffusion_agent][INFO] - approx_kl: 0.052304983139038086, update_epoch: 4, num_batch: 4
[2026-10-09 16:26:08,937][agent.finetune.train_ppo_diffusion_agent][INFO] - approx_kl: 0.056788329035043716, update_epoch: 4, num_batch: 4
[2026-10-09 16:26:11,231][agent.finetune.train_ppo_diffusion_agent][INFO] - approx_kl: 0.05890451371669769, update_epoch: 4, num_batch: 4
[2026-10-09 16:26:11,247][agent.finetune.train_ppo_diffusion_agent][INFO] - 98: step  7120000 | loss   0.0149 | pg loss  -0.0048 | value loss   0.0393 | bc loss   0.0000 | reward 1037.0215 | eta   1.0000 | t: 56.9355 | kl_true_per_action=0.6209074871323259 | logratio_p99=1.2487282180786095 | clamp_hit_frac=0.0008354166666666667
[2026-10-09 16:26:25,917][agent.finetune.train_ppo_diffusion_agent][INFO] - approx_kl: 0.0, update_epoch: 0, num_batch: 4
[2026-10-09 16:26:28,118][agent.finetune.train_ppo_diffusion_agent][INFO] - approx_kl: 9.99636176857166e-05, update_epoch: 0, num_batch: 4
[2026-10-09 16:26:30,289][agent.finetune.train_ppo_diffusion_agent][INFO] - approx_kl: 0.00037280889227986336, update_epoch: 0, num_batch: 4
[2026-10-09 16:26:32,560][agent.finetune.train_ppo_diffusion_agent][INFO] - approx_kl: 0.0008031718898564577, update_epoch: 0, num_batch: 4
[2026-10-09 16:26:34,639][agent.finetune.train_ppo_diffusion_agent][INFO] - approx_kl: 0.0014254574198275805, update_epoch: 1, num_batch: 4
[2026-10-09 16:26:36,814][agent.finetune.train_ppo_diffusion_agent][INFO] - approx_kl: 0.002150690881535411, update_epoch: 1, num_batch: 4
[2026-10-09 16:26:38,995][agent.finetune.train_ppo_diffusion_agent][INFO] - approx_kl: 0.003074228996410966, update_epoch: 1, num_batch: 4
[2026-10-09 16:26:41,272][agent.finetune.train_ppo_diffusion_agent][INFO] - approx_kl: 0.004286575596779585, update_epoch: 1, num_batch: 4
[2026-10-09 16:26:43,347][agent.finetune.train_ppo_diffusion_agent][INFO] - approx_kl: 0.0053660073317587376, update_epoch: 2, num_batch: 4
[2026-10-09 16:26:45,512][agent.finetune.train_ppo_diffusion_agent][INFO] - approx_kl: 0.006956389173865318, update_epoch: 2, num_batch: 4
[2026-10-09 16:26:47,687][agent.finetune.train_ppo_diffusion_agent][INFO] - approx_kl: 0.008815828710794449, update_epoch: 2, num_batch: 4
[2026-10-09 16:26:49,968][agent.finetune.train_ppo_diffusion_agent][INFO] - approx_kl: 0.010417924262583256, update_epoch: 2, num_batch: 4
[2026-10-09 16:26:52,052][agent.finetune.train_ppo_diffusion_agent][INFO] - approx_kl: 0.0121202003210783, update_epoch: 3, num_batch: 4
[2026-10-09 16:26:54,229][agent.finetune.train_ppo_diffusion_agent][INFO] - approx_kl: 0.014156066812574863, update_epoch: 3, num_batch: 4
[2026-10-09 16:26:56,396][agent.finetune.train_ppo_diffusion_agent][INFO] - approx_kl: 0.016269871965050697, update_epoch: 3, num_batch: 4
[2026-10-09 16:26:58,704][agent.finetune.train_ppo_diffusion_agent][INFO] - approx_kl: 0.01849382556974888, update_epoch: 3, num_batch: 4
[2026-10-09 16:27:00,784][agent.finetune.train_ppo_diffusion_agent][INFO] - approx_kl: 0.0204512570053339, update_epoch: 4, num_batch: 4
[2026-10-09 16:27:02,953][agent.finetune.train_ppo_diffusion_agent][INFO] - approx_kl: 0.023096326738595963, update_epoch: 4, num_batch: 4
[2026-10-09 16:27:05,130][agent.finetune.train_ppo_diffusion_agent][INFO] - approx_kl: 0.025509975850582123, update_epoch: 4, num_batch: 4
[2026-10-09 16:27:07,414][agent.finetune.train_ppo_diffusion_agent][INFO] - approx_kl: 0.028643418103456497, update_epoch: 4, num_batch: 4
[2026-10-09 16:27:07,431][agent.finetune.train_ppo_diffusion_agent][INFO] - 99: step  7200000 | loss   0.0114 | pg loss  -0.0048 | value loss   0.0324 | bc loss   0.0000 | reward 1133.1394 | eta   1.0000 | t: 56.1836 | kl_true_per_action=0.31784914611977977 | logratio_p99=0.8282369983196257 | clamp_hit_frac=0.0008041666666666667
[2026-10-09 16:27:20,430][agent.finetune.train_ppo_diffusion_agent][INFO] - eval: success rate   0.1375 | avg episode reward 1385.7943 | avg best reward   2.7868
[2026-10-09 16:27:36,074][agent.finetune.train_ppo_diffusion_agent][INFO] - approx_kl: 0.0, update_epoch: 0, num_batch: 4
[2026-10-09 16:27:38,247][agent.finetune.train_ppo_diffusion_agent][INFO] - approx_kl: 7.193648343672976e-05, update_epoch: 0, num_batch: 4
[2026-10-09 16:27:40,520][agent.finetune.train_ppo_diffusion_agent][INFO] - approx_kl: 0.00028249341994524, update_epoch: 0, num_batch: 4
[2026-10-09 16:27:42,612][agent.finetune.train_ppo_diffusion_agent][INFO] - approx_kl: 0.0006496729329228401, update_epoch: 0, num_batch: 4
[2026-10-09 16:27:44,792][agent.finetune.train_ppo_diffusion_agent][INFO] - approx_kl: 0.0010489248670637608, update_epoch: 1, num_batch: 4
[2026-10-09 16:27:46,977][agent.finetune.train_ppo_diffusion_agent][INFO] - approx_kl: 0.0014601889997720718, update_epoch: 1, num_batch: 4
[2026-10-09 16:27:49,268][agent.finetune.train_ppo_diffusion_agent][INFO] - approx_kl: 0.002028621733188629, update_epoch: 1, num_batch: 4
[2026-10-09 16:27:51,361][agent.finetune.train_ppo_diffusion_agent][INFO] - approx_kl: 0.0026363939978182316, update_epoch: 1, num_batch: 4
[2026-10-09 16:27:53,574][agent.finetune.train_ppo_diffusion_agent][INFO] - approx_kl: 0.0032252834644168615, update_epoch: 2, num_batch: 4
[2026-10-09 16:27:55,756][agent.finetune.train_ppo_diffusion_agent][INFO] - approx_kl: 0.004053087439388037, update_epoch: 2, num_batch: 4
[2026-10-09 16:27:58,051][agent.finetune.train_ppo_diffusion_agent][INFO] - approx_kl: 0.004721012897789478, update_epoch: 2, num_batch: 4
[2026-10-09 16:28:00,127][agent.finetune.train_ppo_diffusion_agent][INFO] - approx_kl: 0.005381915718317032, update_epoch: 2, num_batch: 4
[2026-10-09 16:28:02,308][agent.finetune.train_ppo_diffusion_agent][INFO] - approx_kl: 0.0062491148710250854, update_epoch: 3, num_batch: 4
[2026-10-09 16:28:04,488][agent.finetune.train_ppo_diffusion_agent][INFO] - approx_kl: 0.007238771766424179, update_epoch: 3, num_batch: 4
[2026-10-09 16:28:06,778][agent.finetune.train_ppo_diffusion_agent][INFO] - approx_kl: 0.00834980234503746, update_epoch: 3, num_batch: 4
[2026-10-09 16:28:08,865][agent.finetune.train_ppo_diffusion_agent][INFO] - approx_kl: 0.009287376888096333, update_epoch: 3, num_batch: 4
[2026-10-09 16:28:11,045][agent.finetune.train_ppo_diffusion_agent][INFO] - approx_kl: 0.010370146483182907, update_epoch: 4, num_batch: 4
[2026-10-09 16:28:13,229][agent.finetune.train_ppo_diffusion_agent][INFO] - approx_kl: 0.011708046309649944, update_epoch: 4, num_batch: 4
[2026-10-09 16:28:15,525][agent.finetune.train_ppo_diffusion_agent][INFO] - approx_kl: 0.01307930238544941, update_epoch: 4, num_batch: 4
[2026-10-09 16:28:17,616][agent.finetune.train_ppo_diffusion_agent][INFO] - approx_kl: 0.014008226804435253, update_epoch: 4, num_batch: 4
[2026-10-09 16:28:17,635][agent.finetune.train_ppo_diffusion_agent][INFO] - 101: step  7280000 | loss   0.0101 | pg loss  -0.0040 | value loss   0.0281 | bc loss   0.0000 | reward 1262.3412 | eta   1.0000 | t: 57.2057 | kl_true_per_action=0.15331048882158424 | logratio_p99=0.5897469103336331 | clamp_hit_frac=0.0008541666666666667
[2026-10-09 16:28:33,285][agent.finetune.train_ppo_diffusion_agent][INFO] - approx_kl: 0.0, update_epoch: 0, num_batch: 4
[2026-10-09 16:28:35,477][agent.finetune.train_ppo_diffusion_agent][INFO] - approx_kl: 2.86936938209692e-05, update_epoch: 0, num_batch: 4
[2026-10-09 16:28:37,774][agent.finetune.train_ppo_diffusion_agent][INFO] - approx_kl: 0.00010901164932874963, update_epoch: 0, num_batch: 4
[2026-10-09 16:28:39,865][agent.finetune.train_ppo_diffusion_agent][INFO] - approx_kl: 0.00025436034775339067, update_epoch: 0, num_batch: 4
[2026-10-09 16:28:42,052][agent.finetune.train_ppo_diffusion_agent][INFO] - approx_kl: 0.00046989682596176863, update_epoch: 1, num_batch: 4
[2026-10-09 16:28:44,238][agent.finetune.train_ppo_diffusion_agent][INFO] - approx_kl: 0.0007170602330006659, update_epoch: 1, num_batch: 4
[2026-10-09 16:28:46,553][agent.finetune.train_ppo_diffusion_agent][INFO] - approx_kl: 0.0010500720236450434, update_epoch: 1, num_batch: 4
[2026-10-09 16:28:48,647][agent.finetune.train_ppo_diffusion_agent][INFO] - approx_kl: 0.0015304560074582696, update_epoch: 1, num_batch: 4
[2026-10-09 16:28:50,823][agent.finetune.train_ppo_diffusion_agent][INFO] - approx_kl: 0.002040785737335682, update_epoch: 2, num_batch: 4
[2026-10-09 16:28:53,019][agent.finetune.train_ppo_diffusion_agent][INFO] - approx_kl: 0.0027021721471101046, update_epoch: 2, num_batch: 4
[2026-10-09 16:28:55,305][agent.finetune.train_ppo_diffusion_agent][INFO] - approx_kl: 0.0035104609560221434, update_epoch: 2, num_batch: 4
[2026-10-09 16:28:57,386][agent.finetune.train_ppo_diffusion_agent][INFO] - approx_kl: 0.004191804677248001, update_epoch: 2, num_batch: 4
[2026-10-09 16:28:59,557][agent.finetune.train_ppo_diffusion_agent][INFO] - approx_kl: 0.005160746164619923, update_epoch: 3, num_batch: 4
[2026-10-09 16:29:01,729][agent.finetune.train_ppo_diffusion_agent][INFO] - approx_kl: 0.006042896769940853, update_epoch: 3, num_batch: 4
[2026-10-09 16:29:04,008][agent.finetune.train_ppo_diffusion_agent][INFO] - approx_kl: 0.007254843134433031, update_epoch: 3, num_batch: 4
[2026-10-09 16:29:06,087][agent.finetune.train_ppo_diffusion_agent][INFO] - approx_kl: 0.008836374618113041, update_epoch: 3, num_batch: 4
[2026-10-09 16:29:08,251][agent.finetune.train_ppo_diffusion_agent][INFO] - approx_kl: 0.010191923007369041, update_epoch: 4, num_batch: 4
[2026-10-09 16:29:10,422][agent.finetune.train_ppo_diffusion_agent][INFO] - approx_kl: 0.011782724410295486, update_epoch: 4, num_batch: 4
[2026-10-09 16:29:12,705][agent.finetune.train_ppo_diffusion_agent][INFO] - approx_kl: 0.013826906681060791, update_epoch: 4, num_batch: 4
[2026-10-09 16:29:14,784][agent.finetune.train_ppo_diffusion_agent][INFO] - approx_kl: 0.015209062024950981, update_epoch: 4, num_batch: 4
[2026-10-09 16:29:14,803][agent.finetune.train_ppo_diffusion_agent][INFO] - 102: step  7360000 | loss   0.0075 | pg loss  -0.0038 | value loss   0.0226 | bc loss   0.0000 | reward 1363.8854 | eta   1.0000 | t: 57.1680 | kl_true_per_action=0.17234599593358008 | logratio_p99=0.6346508085727676 | clamp_hit_frac=0.0007979166666666667
[2026-10-09 16:29:30,358][agent.finetune.train_ppo_diffusion_agent][INFO] - approx_kl: 0.0, update_epoch: 0, num_batch: 4
[2026-10-09 16:29:32,536][agent.finetune.train_ppo_diffusion_agent][INFO] - approx_kl: 6.97985669830814e-05, update_epoch: 0, num_batch: 4
[2026-10-09 16:29:34,814][agent.finetune.train_ppo_diffusion_agent][INFO] - approx_kl: 0.0002797463384922594, update_epoch: 0, num_batch: 4
[2026-10-09 16:29:36,901][agent.finetune.train_ppo_diffusion_agent][INFO] - approx_kl: 0.000638110504951328, update_epoch: 0, num_batch: 4
[2026-10-09 16:29:39,075][agent.finetune.train_ppo_diffusion_agent][INFO] - approx_kl: 0.001135504455305636, update_epoch: 1, num_batch: 4
[2026-10-09 16:29:41,382][agent.finetune.train_ppo_diffusion_agent][INFO] - approx_kl: 0.0017591994255781174, update_epoch: 1, num_batch: 4
[2026-10-09 16:29:43,472][agent.finetune.train_ppo_diffusion_agent][INFO] - approx_kl: 0.002634276170283556, update_epoch: 1, num_batch: 4
[2026-10-09 16:29:45,671][agent.finetune.train_ppo_diffusion_agent][INFO] - approx_kl: 0.003516146680340171, update_epoch: 1, num_batch: 4
[2026-10-09 16:29:47,864][agent.finetune.train_ppo_diffusion_agent][INFO] - approx_kl: 0.004660343285650015, update_epoch: 2, num_batch: 4
[2026-10-09 16:29:50,143][agent.finetune.train_ppo_diffusion_agent][INFO] - approx_kl: 0.005887825042009354, update_epoch: 2, num_batch: 4
[2026-10-09 16:29:52,232][agent.finetune.train_ppo_diffusion_agent][INFO] - approx_kl: 0.007439292035996914, update_epoch: 2, num_batch: 4
[2026-10-09 16:29:54,407][agent.finetune.train_ppo_diffusion_agent][INFO] - approx_kl: 0.009228622540831566, update_epoch: 2, num_batch: 4
[2026-10-09 16:29:56,579][agent.finetune.train_ppo_diffusion_agent][INFO] - approx_kl: 0.011099587194621563, update_epoch: 3, num_batch: 4
[2026-10-09 16:29:58,855][agent.finetune.train_ppo_diffusion_agent][INFO] - approx_kl: 0.012834147550165653, update_epoch: 3, num_batch: 4
[2026-10-09 16:30:00,944][agent.finetune.train_ppo_diffusion_agent][INFO] - approx_kl: 0.015411273576319218, update_epoch: 3, num_batch: 4
[2026-10-09 16:30:03,133][agent.finetune.train_ppo_diffusion_agent][INFO] - approx_kl: 0.018209801986813545, update_epoch: 3, num_batch: 4
[2026-10-09 16:30:05,325][agent.finetune.train_ppo_diffusion_agent][INFO] - approx_kl: 0.020785672590136528, update_epoch: 4, num_batch: 4
[2026-10-09 16:30:07,616][agent.finetune.train_ppo_diffusion_agent][INFO] - approx_kl: 0.024217873811721802, update_epoch: 4, num_batch: 4
[2026-10-09 16:30:09,707][agent.finetune.train_ppo_diffusion_agent][INFO] - approx_kl: 0.026988007128238678, update_epoch: 4, num_batch: 4
[2026-10-09 16:30:11,897][agent.finetune.train_ppo_diffusion_agent][INFO] - approx_kl: 0.03080185502767563, update_epoch: 4, num_batch: 4
[2026-10-09 16:30:11,917][agent.finetune.train_ppo_diffusion_agent][INFO] - 103: step  7440000 | loss   0.0041 | pg loss  -0.0064 | value loss   0.0210 | bc loss   0.0000 | reward 1430.0118 | eta   1.0000 | t: 57.1130 | kl_true_per_action=0.3598830768179798 | logratio_p99=0.9141107821464509 | clamp_hit_frac=0.0008625
[2026-10-09 16:30:27,283][agent.finetune.train_ppo_diffusion_agent][INFO] - approx_kl: 0.0, update_epoch: 0, num_batch: 4
[2026-10-09 16:30:29,573][agent.finetune.train_ppo_diffusion_agent][INFO] - approx_kl: 0.00011344306403771043, update_epoch: 0, num_batch: 4
[2026-10-09 16:30:31,662][agent.finetune.train_ppo_diffusion_agent][INFO] - approx_kl: 0.0003825564926955849, update_epoch: 0, num_batch: 4
[2026-10-09 16:30:33,842][agent.finetune.train_ppo_diffusion_agent][INFO] - approx_kl: 0.0008384104585275054, update_epoch: 0, num_batch: 4
[2026-10-09 16:30:35,996][agent.finetune.train_ppo_diffusion_agent][INFO] - approx_kl: 0.0013889855472370982, update_epoch: 1, num_batch: 4
[2026-10-09 16:30:38,295][agent.finetune.train_ppo_diffusion_agent][INFO] - approx_kl: 0.002071018796414137, update_epoch: 1, num_batch: 4
[2026-10-09 16:30:40,388][agent.finetune.train_ppo_diffusion_agent][INFO] - approx_kl: 0.0028820070438086987, update_epoch: 1, num_batch: 4
[2026-10-09 16:30:42,576][agent.finetune.train_ppo_diffusion_agent][INFO] - approx_kl: 0.0038733873516321182, update_epoch: 1, num_batch: 4
[2026-10-09 16:30:44,765][agent.finetune.train_ppo_diffusion_agent][INFO] - approx_kl: 0.004834156483411789, update_epoch: 2, num_batch: 4
[2026-10-09 16:30:47,059][agent.finetune.train_ppo_diffusion_agent][INFO] - approx_kl: 0.005834723822772503, update_epoch: 2, num_batch: 4
[2026-10-09 16:30:49,161][agent.finetune.train_ppo_diffusion_agent][INFO] - approx_kl: 0.00700085936114192, update_epoch: 2, num_batch: 4
[2026-10-09 16:30:51,357][agent.finetune.train_ppo_diffusion_agent][INFO] - approx_kl: 0.008029865100979805, update_epoch: 2, num_batch: 4
[2026-10-09 16:30:53,541][agent.finetune.train_ppo_diffusion_agent][INFO] - approx_kl: 0.009345689788460732, update_epoch: 3, num_batch: 4
[2026-10-09 16:30:55,834][agent.finetune.train_ppo_diffusion_agent][INFO] - approx_kl: 0.011015484109520912, update_epoch: 3, num_batch: 4
[2026-10-09 16:30:57,942][agent.finetune.train_ppo_diffusion_agent][INFO] - approx_kl: 0.01238908153027296, update_epoch: 3, num_batch: 4
[2026-10-09 16:31:00,135][agent.finetune.train_ppo_diffusion_agent][INFO] - approx_kl: 0.014177292585372925, update_epoch: 3, num_batch: 4
[2026-10-09 16:31:02,320][agent.finetune.train_ppo_diffusion_agent][INFO] - approx_kl: 0.01630616933107376, update_epoch: 4, num_batch: 4
[2026-10-09 16:31:04,627][agent.finetune.train_ppo_diffusion_agent][INFO] - approx_kl: 0.018572064116597176, update_epoch: 4, num_batch: 4
[2026-10-09 16:31:06,747][agent.finetune.train_ppo_diffusion_agent][INFO] - approx_kl: 0.020546626299619675, update_epoch: 4, num_batch: 4
[2026-10-09 16:31:08,942][agent.finetune.train_ppo_diffusion_agent][INFO] - approx_kl: 0.023308614268898964, update_epoch: 4, num_batch: 4
[2026-10-09 16:31:08,959][agent.finetune.train_ppo_diffusion_agent][INFO] - 104: step  7520000 | loss   0.0054 | pg loss  -0.0049 | value loss   0.0206 | bc loss   0.0000 | reward 1540.3543 | eta   1.0000 | t: 57.0428 | kl_true_per_action=0.2663897665786815 | logratio_p99=0.8095347392559025 | clamp_hit_frac=0.0008
[2026-10-09 16:31:24,151][agent.finetune.train_ppo_diffusion_agent][INFO] - approx_kl: 0.0, update_epoch: 0, num_batch: 4
[2026-10-09 16:31:26,427][agent.finetune.train_ppo_diffusion_agent][INFO] - approx_kl: 7.29082094039768e-05, update_epoch: 0, num_batch: 4
[2026-10-09 16:31:28,498][agent.finetune.train_ppo_diffusion_agent][INFO] - approx_kl: 0.00028298632241785526, update_epoch: 0, num_batch: 4
[2026-10-09 16:31:30,676][agent.finetune.train_ppo_diffusion_agent][INFO] - approx_kl: 0.0006009938078932464, update_epoch: 0, num_batch: 4
[2026-10-09 16:31:32,853][agent.finetune.train_ppo_diffusion_agent][INFO] - approx_kl: 0.0010016316082328558, update_epoch: 1, num_batch: 4
[2026-10-09 16:31:35,132][agent.finetune.train_ppo_diffusion_agent][INFO] - approx_kl: 0.0014563491567969322, update_epoch: 1, num_batch: 4
[2026-10-09 16:31:37,212][agent.finetune.train_ppo_diffusion_agent][INFO] - approx_kl: 0.0019968724809587, update_epoch: 1, num_batch: 4
[2026-10-09 16:31:39,391][agent.finetune.train_ppo_diffusion_agent][INFO] - approx_kl: 0.0026480364613234997, update_epoch: 1, num_batch: 4
[2026-10-09 16:31:41,576][agent.finetune.train_ppo_diffusion_agent][INFO] - approx_kl: 0.0033343257382512093, update_epoch: 2, num_batch: 4
[2026-10-09 16:31:43,845][agent.finetune.train_ppo_diffusion_agent][INFO] - approx_kl: 0.004206696059554815, update_epoch: 2, num_batch: 4
[2026-10-09 16:31:45,929][agent.finetune.train_ppo_diffusion_agent][INFO] - approx_kl: 0.005048091523349285, update_epoch: 2, num_batch: 4
[2026-10-09 16:31:48,099][agent.finetune.train_ppo_diffusion_agent][INFO] - approx_kl: 0.005797678139060736, update_epoch: 2, num_batch: 4
[2026-10-09 16:31:50,275][agent.finetune.train_ppo_diffusion_agent][INFO] - approx_kl: 0.0068193282932043076, update_epoch: 3, num_batch: 4
[2026-10-09 16:31:52,554][agent.finetune.train_ppo_diffusion_agent][INFO] - approx_kl: 0.00782774668186903, update_epoch: 3, num_batch: 4
[2026-10-09 16:31:54,634][agent.finetune.train_ppo_diffusion_agent][INFO] - approx_kl: 0.009066126309335232, update_epoch: 3, num_batch: 4
[2026-10-09 16:31:56,794][agent.finetune.train_ppo_diffusion_agent][INFO] - approx_kl: 0.010312478058040142, update_epoch: 3, num_batch: 4
[2026-10-09 16:31:58,965][agent.finetune.train_ppo_diffusion_agent][INFO] - approx_kl: 0.011537464335560799, update_epoch: 4, num_batch: 4
[2026-10-09 16:32:01,224][agent.finetune.train_ppo_diffusion_agent][INFO] - approx_kl: 0.013144786469638348, update_epoch: 4, num_batch: 4
[2026-10-09 16:32:03,309][agent.finetune.train_ppo_diffusion_agent][INFO] - approx_kl: 0.014375478960573673, update_epoch: 4, num_batch: 4
[2026-10-09 16:32:05,468][agent.finetune.train_ppo_diffusion_agent][INFO] - approx_kl: 0.01594032719731331, update_epoch: 4, num_batch: 4
[2026-10-09 16:32:05,514][agent.finetune.train_agent][INFO] - Saved model to /soalnas/share/data/zbao7/diffusion_policy/results/stage2_noclip/runs/NC3_seed1/native/checkpoint/state_105.pt
[2026-10-09 16:32:05,514][agent.finetune.train_ppo_diffusion_agent][INFO] - 105: step  7600000 | loss   0.0051 | pg loss  -0.0055 | value loss   0.0214 | bc loss   0.0000 | reward 1652.1747 | eta   1.0000 | t: 56.5546 | kl_true_per_action=0.1776709223316023 | logratio_p99=0.6341647434234615 | clamp_hit_frac=0.0008
[2026-10-09 16:32:20,150][agent.finetune.train_ppo_diffusion_agent][INFO] - approx_kl: 0.0, update_epoch: 0, num_batch: 4
[2026-10-09 16:32:22,447][agent.finetune.train_ppo_diffusion_agent][INFO] - approx_kl: 6.980481703067198e-05, update_epoch: 0, num_batch: 4
[2026-10-09 16:32:24,549][agent.finetune.train_ppo_diffusion_agent][INFO] - approx_kl: 0.00023434105969499797, update_epoch: 0, num_batch: 4
[2026-10-09 16:32:26,745][agent.finetune.train_ppo_diffusion_agent][INFO] - approx_kl: 0.00045775651233270764, update_epoch: 0, num_batch: 4
[2026-10-09 16:32:28,939][agent.finetune.train_ppo_diffusion_agent][INFO] - approx_kl: 0.0007043066434562206, update_epoch: 1, num_batch: 4
[2026-10-09 16:32:31,252][agent.finetune.train_ppo_diffusion_agent][INFO] - approx_kl: 0.0010444291401654482, update_epoch: 1, num_batch: 4
[2026-10-09 16:32:33,352][agent.finetune.train_ppo_diffusion_agent][INFO] - approx_kl: 0.0013653284404426813, update_epoch: 1, num_batch: 4
[2026-10-09 16:32:35,536][agent.finetune.train_ppo_diffusion_agent][INFO] - approx_kl: 0.0016960946377366781, update_epoch: 1, num_batch: 4
[2026-10-09 16:32:37,716][agent.finetune.train_ppo_diffusion_agent][INFO] - approx_kl: 0.0021263849921524525, update_epoch: 2, num_batch: 4
[2026-10-09 16:32:40,030][agent.finetune.train_ppo_diffusion_agent][INFO] - approx_kl: 0.002644828986376524, update_epoch: 2, num_batch: 4
[2026-10-09 16:32:42,127][agent.finetune.train_ppo_diffusion_agent][INFO] - approx_kl: 0.0032564958091825247, update_epoch: 2, num_batch: 4
[2026-10-09 16:32:44,322][agent.finetune.train_ppo_diffusion_agent][INFO] - approx_kl: 0.003816015552729368, update_epoch: 2, num_batch: 4
[2026-10-09 16:32:46,514][agent.finetune.train_ppo_diffusion_agent][INFO] - approx_kl: 0.004422534257173538, update_epoch: 3, num_batch: 4
[2026-10-09 16:32:48,799][agent.finetune.train_ppo_diffusion_agent][INFO] - approx_kl: 0.005137682426720858, update_epoch: 3, num_batch: 4
[2026-10-09 16:32:50,915][agent.finetune.train_ppo_diffusion_agent][INFO] - approx_kl: 0.005859007593244314, update_epoch: 3, num_batch: 4
[2026-10-09 16:32:53,103][agent.finetune.train_ppo_diffusion_agent][INFO] - approx_kl: 0.0068199303932487965, update_epoch: 3, num_batch: 4
[2026-10-09 16:32:55,284][agent.finetune.train_ppo_diffusion_agent][INFO] - approx_kl: 0.007563688326627016, update_epoch: 4, num_batch: 4
[2026-10-09 16:32:57,569][agent.finetune.train_ppo_diffusion_agent][INFO] - approx_kl: 0.008349539712071419, update_epoch: 4, num_batch: 4
[2026-10-09 16:32:59,680][agent.finetune.train_ppo_diffusion_agent][INFO] - approx_kl: 0.009348142892122269, update_epoch: 4, num_batch: 4
[2026-10-09 16:33:01,872][agent.finetune.train_ppo_diffusion_agent][INFO] - approx_kl: 0.010194960981607437, update_epoch: 4, num_batch: 4
[2026-10-09 16:33:01,891][agent.finetune.train_ppo_diffusion_agent][INFO] - 106: step  7680000 | loss   0.0067 | pg loss  -0.0043 | value loss   0.0221 | bc loss   0.0000 | reward 1710.5784 | eta   1.0000 | t: 56.3773 | kl_true_per_action=0.11467549668487881 | logratio_p99=0.5211989533901191 | clamp_hit_frac=0.0008083333333333333
[2026-10-09 16:33:17,209][agent.finetune.train_ppo_diffusion_agent][INFO] - approx_kl: 0.0, update_epoch: 0, num_batch: 4
[2026-10-09 16:33:19,293][agent.finetune.train_ppo_diffusion_agent][INFO] - approx_kl: 3.468005161266774e-05, update_epoch: 0, num_batch: 4
[2026-10-09 16:33:21,478][agent.finetune.train_ppo_diffusion_agent][INFO] - approx_kl: 0.00013092589506413788, update_epoch: 0, num_batch: 4
[2026-10-09 16:33:23,671][agent.finetune.train_ppo_diffusion_agent][INFO] - approx_kl: 0.0002640311431605369, update_epoch: 0, num_batch: 4
[2026-10-09 16:33:25,965][agent.finetune.train_ppo_diffusion_agent][INFO] - approx_kl: 0.0004415245202835649, update_epoch: 1, num_batch: 4
[2026-10-09 16:33:28,068][agent.finetune.train_ppo_diffusion_agent][INFO] - approx_kl: 0.000637626915704459, update_epoch: 1, num_batch: 4
[2026-10-09 16:33:30,252][agent.finetune.train_ppo_diffusion_agent][INFO] - approx_kl: 0.0009118136949837208, update_epoch: 1, num_batch: 4
[2026-10-09 16:33:32,434][agent.finetune.train_ppo_diffusion_agent][INFO] - approx_kl: 0.0012404844164848328, update_epoch: 1, num_batch: 4
[2026-10-09 16:33:34,743][agent.finetune.train_ppo_diffusion_agent][INFO] - approx_kl: 0.001586731057614088, update_epoch: 2, num_batch: 4
[2026-10-09 16:33:36,842][agent.finetune.train_ppo_diffusion_agent][INFO] - approx_kl: 0.0019875657744705677, update_epoch: 2, num_batch: 4
[2026-10-09 16:33:39,007][agent.finetune.train_ppo_diffusion_agent][INFO] - approx_kl: 0.0025026965886354446, update_epoch: 2, num_batch: 4
[2026-10-09 16:33:41,167][agent.finetune.train_ppo_diffusion_agent][INFO] - approx_kl: 0.0029873838648200035, update_epoch: 2, num_batch: 4
[2026-10-09 16:33:43,448][agent.finetune.train_ppo_diffusion_agent][INFO] - approx_kl: 0.003558281110599637, update_epoch: 3, num_batch: 4
[2026-10-09 16:33:45,524][agent.finetune.train_ppo_diffusion_agent][INFO] - approx_kl: 0.004203935619443655, update_epoch: 3, num_batch: 4
[2026-10-09 16:33:47,704][agent.finetune.train_ppo_diffusion_agent][INFO] - approx_kl: 0.004857341758906841, update_epoch: 3, num_batch: 4
[2026-10-09 16:33:49,889][agent.finetune.train_ppo_diffusion_agent][INFO] - approx_kl: 0.0056782071478664875, update_epoch: 3, num_batch: 4
[2026-10-09 16:33:52,172][agent.finetune.train_ppo_diffusion_agent][INFO] - approx_kl: 0.0064544943161308765, update_epoch: 4, num_batch: 4
[2026-10-09 16:33:54,253][agent.finetune.train_ppo_diffusion_agent][INFO] - approx_kl: 0.007298538461327553, update_epoch: 4, num_batch: 4
[2026-10-09 16:33:56,439][agent.finetune.train_ppo_diffusion_agent][INFO] - approx_kl: 0.008060946129262447, update_epoch: 4, num_batch: 4
[2026-10-09 16:33:58,617][agent.finetune.train_ppo_diffusion_agent][INFO] - approx_kl: 0.008851820603013039, update_epoch: 4, num_batch: 4
[2026-10-09 16:33:58,637][agent.finetune.train_ppo_diffusion_agent][INFO] - 107: step  7760000 | loss   0.0064 | pg loss  -0.0047 | value loss   0.0223 | bc loss   0.0000 | reward 1735.9212 | eta   1.0000 | t: 56.7453 | kl_true_per_action=0.09816032503507108 | logratio_p99=0.47704367280006404 | clamp_hit_frac=0.0008145833333333333
[2026-10-09 16:34:14,067][agent.finetune.train_ppo_diffusion_agent][INFO] - approx_kl: 0.0, update_epoch: 0, num_batch: 4
[2026-10-09 16:34:16,143][agent.finetune.train_ppo_diffusion_agent][INFO] - approx_kl: 3.656575790955685e-05, update_epoch: 0, num_batch: 4
[2026-10-09 16:34:18,315][agent.finetune.train_ppo_diffusion_agent][INFO] - approx_kl: 0.00011228530638618395, update_epoch: 0, num_batch: 4
[2026-10-09 16:34:20,486][agent.finetune.train_ppo_diffusion_agent][INFO] - approx_kl: 0.00024212752759922296, update_epoch: 0, num_batch: 4
[2026-10-09 16:34:22,761][agent.finetune.train_ppo_diffusion_agent][INFO] - approx_kl: 0.0004232237988617271, update_epoch: 1, num_batch: 4
[2026-10-09 16:34:24,834][agent.finetune.train_ppo_diffusion_agent][INFO] - approx_kl: 0.0006869627977721393, update_epoch: 1, num_batch: 4
[2026-10-09 16:34:27,034][agent.finetune.train_ppo_diffusion_agent][INFO] - approx_kl: 0.0010949390707537532, update_epoch: 1, num_batch: 4
[2026-10-09 16:34:29,213][agent.finetune.train_ppo_diffusion_agent][INFO] - approx_kl: 0.0015686691040173173, update_epoch: 1, num_batch: 4
[2026-10-09 16:34:31,497][agent.finetune.train_ppo_diffusion_agent][INFO] - approx_kl: 0.002131842542439699, update_epoch: 2, num_batch: 4
[2026-10-09 16:34:33,585][agent.finetune.train_ppo_diffusion_agent][INFO] - approx_kl: 0.002930903807282448, update_epoch: 2, num_batch: 4
[2026-10-09 16:34:35,777][agent.finetune.train_ppo_diffusion_agent][INFO] - approx_kl: 0.0036995213013142347, update_epoch: 2, num_batch: 4
[2026-10-09 16:34:37,952][agent.finetune.train_ppo_diffusion_agent][INFO] - approx_kl: 0.004546511918306351, update_epoch: 2, num_batch: 4
[2026-10-09 16:34:40,238][agent.finetune.train_ppo_diffusion_agent][INFO] - approx_kl: 0.005685476120561361, update_epoch: 3, num_batch: 4
[2026-10-09 16:34:42,331][agent.finetune.train_ppo_diffusion_agent][INFO] - approx_kl: 0.006831313483417034, update_epoch: 3, num_batch: 4
[2026-10-09 16:34:44,515][agent.finetune.train_ppo_diffusion_agent][INFO] - approx_kl: 0.008227663114666939, update_epoch: 3, num_batch: 4
[2026-10-09 16:34:46,692][agent.finetune.train_ppo_diffusion_agent][INFO] - approx_kl: 0.009956198744475842, update_epoch: 3, num_batch: 4
[2026-10-09 16:34:48,978][agent.finetune.train_ppo_diffusion_agent][INFO] - approx_kl: 0.011880503036081791, update_epoch: 4, num_batch: 4
[2026-10-09 16:34:51,076][agent.finetune.train_ppo_diffusion_agent][INFO] - approx_kl: 0.014408746734261513, update_epoch: 4, num_batch: 4
[2026-10-09 16:34:53,260][agent.finetune.train_ppo_diffusion_agent][INFO] - approx_kl: 0.01705571636557579, update_epoch: 4, num_batch: 4
[2026-10-09 16:34:55,461][agent.finetune.train_ppo_diffusion_agent][INFO] - approx_kl: 0.020167184993624687, update_epoch: 4, num_batch: 4
[2026-10-09 16:34:55,480][agent.finetune.train_ppo_diffusion_agent][INFO] - 108: step  7840000 | loss   0.0069 | pg loss  -0.0046 | value loss   0.0231 | bc loss   0.0000 | reward 1809.9608 | eta   1.0000 | t: 56.8439 | kl_true_per_action=0.2370681718908826 | logratio_p99=0.7754437983036033 | clamp_hit_frac=0.0007666666666666667
[2026-10-09 16:35:11,122][agent.finetune.train_ppo_diffusion_agent][INFO] - approx_kl: 0.0, update_epoch: 0, num_batch: 4
[2026-10-09 16:35:13,195][agent.finetune.train_ppo_diffusion_agent][INFO] - approx_kl: 8.027665171539411e-05, update_epoch: 0, num_batch: 4
[2026-10-09 16:35:15,373][agent.finetune.train_ppo_diffusion_agent][INFO] - approx_kl: 0.000349910871591419, update_epoch: 0, num_batch: 4
[2026-10-09 16:35:17,667][agent.finetune.train_ppo_diffusion_agent][INFO] - approx_kl: 0.000803678180091083, update_epoch: 0, num_batch: 4
[2026-10-09 16:35:19,752][agent.finetune.train_ppo_diffusion_agent][INFO] - approx_kl: 0.0015472661470994353, update_epoch: 1, num_batch: 4
[2026-10-09 16:35:21,934][agent.finetune.train_ppo_diffusion_agent][INFO] - approx_kl: 0.002484897617250681, update_epoch: 1, num_batch: 4
[2026-10-09 16:35:24,121][agent.finetune.train_ppo_diffusion_agent][INFO] - approx_kl: 0.0035355216823518276, update_epoch: 1, num_batch: 4
[2026-10-09 16:35:26,443][agent.finetune.train_ppo_diffusion_agent][INFO] - approx_kl: 0.005046073347330093, update_epoch: 1, num_batch: 4
[2026-10-09 16:35:28,536][agent.finetune.train_ppo_diffusion_agent][INFO] - approx_kl: 0.006704904139041901, update_epoch: 2, num_batch: 4
[2026-10-09 16:35:30,722][agent.finetune.train_ppo_diffusion_agent][INFO] - approx_kl: 0.008430449292063713, update_epoch: 2, num_batch: 4
[2026-10-09 16:35:32,904][agent.finetune.train_ppo_diffusion_agent][INFO] - approx_kl: 0.010542070493102074, update_epoch: 2, num_batch: 4
[2026-10-09 16:35:35,190][agent.finetune.train_ppo_diffusion_agent][INFO] - approx_kl: 0.013658000156283379, update_epoch: 2, num_batch: 4
[2026-10-09 16:35:37,285][agent.finetune.train_ppo_diffusion_agent][INFO] - approx_kl: 0.015733465552330017, update_epoch: 3, num_batch: 4
[2026-10-09 16:35:39,463][agent.finetune.train_ppo_diffusion_agent][INFO] - approx_kl: 0.01867903210222721, update_epoch: 3, num_batch: 4
[2026-10-09 16:35:41,636][agent.finetune.train_ppo_diffusion_agent][INFO] - approx_kl: 0.022767484188079834, update_epoch: 3, num_batch: 4
[2026-10-09 16:35:43,905][agent.finetune.train_ppo_diffusion_agent][INFO] - approx_kl: 0.025853315368294716, update_epoch: 3, num_batch: 4
[2026-10-09 16:35:45,997][agent.finetune.train_ppo_diffusion_agent][INFO] - approx_kl: 0.029852110892534256, update_epoch: 4, num_batch: 4
[2026-10-09 16:35:48,178][agent.finetune.train_ppo_diffusion_agent][INFO] - approx_kl: 0.033428438007831573, update_epoch: 4, num_batch: 4
[2026-10-09 16:35:50,351][agent.finetune.train_ppo_diffusion_agent][INFO] - approx_kl: 0.03773096948862076, update_epoch: 4, num_batch: 4
[2026-10-09 16:35:52,629][agent.finetune.train_ppo_diffusion_agent][INFO] - approx_kl: 0.044116247445344925, update_epoch: 4, num_batch: 4
[2026-10-09 16:35:52,648][agent.finetune.train_ppo_diffusion_agent][INFO] - 109: step  7920000 | loss   0.0087 | pg loss  -0.0039 | value loss   0.0252 | bc loss   0.0000 | reward 1938.0623 | eta   1.0000 | t: 57.1677 | kl_true_per_action=0.48396275924542387 | logratio_p99=1.0887784361839283 | clamp_hit_frac=0.0008
[2026-10-09 16:36:05,988][agent.finetune.train_ppo_diffusion_agent][INFO] - eval: success rate   1.0000 | avg episode reward 2286.9303 | avg best reward   3.8242
[2026-10-09 16:36:21,458][agent.finetune.train_ppo_diffusion_agent][INFO] - approx_kl: 0.0, update_epoch: 0, num_batch: 4
[2026-10-09 16:36:23,658][agent.finetune.train_ppo_diffusion_agent][INFO] - approx_kl: 0.00014472758630290627, update_epoch: 0, num_batch: 4
[2026-10-09 16:36:25,827][agent.finetune.train_ppo_diffusion_agent][INFO] - approx_kl: 0.0004794780688825995, update_epoch: 0, num_batch: 4
[2026-10-09 16:36:28,107][agent.finetune.train_ppo_diffusion_agent][INFO] - approx_kl: 0.0009675400797277689, update_epoch: 0, num_batch: 4
[2026-10-09 16:36:30,195][agent.finetune.train_ppo_diffusion_agent][INFO] - approx_kl: 0.0015859835548326373, update_epoch: 1, num_batch: 4
[2026-10-09 16:36:32,355][agent.finetune.train_ppo_diffusion_agent][INFO] - approx_kl: 0.0022910817060619593, update_epoch: 1, num_batch: 4
[2026-10-09 16:36:34,536][agent.finetune.train_ppo_diffusion_agent][INFO] - approx_kl: 0.0031367510091513395, update_epoch: 1, num_batch: 4
[2026-10-09 16:36:36,823][agent.finetune.train_ppo_diffusion_agent][INFO] - approx_kl: 0.004103436600416899, update_epoch: 1, num_batch: 4
[2026-10-09 16:36:38,902][agent.finetune.train_ppo_diffusion_agent][INFO] - approx_kl: 0.005082383751869202, update_epoch: 2, num_batch: 4
[2026-10-09 16:36:41,091][agent.finetune.train_ppo_diffusion_agent][INFO] - approx_kl: 0.005960056092590094, update_epoch: 2, num_batch: 4
[2026-10-09 16:36:43,262][agent.finetune.train_ppo_diffusion_agent][INFO] - approx_kl: 0.007066734600812197, update_epoch: 2, num_batch: 4
[2026-10-09 16:36:45,538][agent.finetune.train_ppo_diffusion_agent][INFO] - approx_kl: 0.008144238032400608, update_epoch: 2, num_batch: 4
[2026-10-09 16:36:47,619][agent.finetune.train_ppo_diffusion_agent][INFO] - approx_kl: 0.009393575601279736, update_epoch: 3, num_batch: 4
[2026-10-09 16:36:49,806][agent.finetune.train_ppo_diffusion_agent][INFO] - approx_kl: 0.01056175772100687, update_epoch: 3, num_batch: 4
[2026-10-09 16:36:51,992][agent.finetune.train_ppo_diffusion_agent][INFO] - approx_kl: 0.012137426063418388, update_epoch: 3, num_batch: 4
[2026-10-09 16:36:54,273][agent.finetune.train_ppo_diffusion_agent][INFO] - approx_kl: 0.013481659814715385, update_epoch: 3, num_batch: 4
[2026-10-09 16:36:56,348][agent.finetune.train_ppo_diffusion_agent][INFO] - approx_kl: 0.01509590819478035, update_epoch: 4, num_batch: 4
[2026-10-09 16:36:58,525][agent.finetune.train_ppo_diffusion_agent][INFO] - approx_kl: 0.016730381175875664, update_epoch: 4, num_batch: 4
[2026-10-09 16:37:00,698][agent.finetune.train_ppo_diffusion_agent][INFO] - approx_kl: 0.01834065280854702, update_epoch: 4, num_batch: 4
[2026-10-09 16:37:02,987][agent.finetune.train_ppo_diffusion_agent][INFO] - approx_kl: 0.020374231040477753, update_epoch: 4, num_batch: 4
[2026-10-09 16:37:03,005][agent.finetune.train_ppo_diffusion_agent][INFO] - 111: step  8000000 | loss   0.0093 | pg loss  -0.0054 | value loss   0.0295 | bc loss   0.0000 | reward 2133.8436 | eta   1.0000 | t: 57.0170 | kl_true_per_action=0.22251044322921257 | logratio_p99=0.6957944333553302 | clamp_hit_frac=0.0008541666666666667
[2026-10-09 16:37:18,586][agent.finetune.train_ppo_diffusion_agent][INFO] - approx_kl: 0.0, update_epoch: 0, num_batch: 4
[2026-10-09 16:37:20,809][agent.finetune.train_ppo_diffusion_agent][INFO] - approx_kl: 5.560701174545102e-05, update_epoch: 0, num_batch: 4
[2026-10-09 16:37:22,990][agent.finetune.train_ppo_diffusion_agent][INFO] - approx_kl: 0.00018752168398350477, update_epoch: 0, num_batch: 4
[2026-10-09 16:37:25,302][agent.finetune.train_ppo_diffusion_agent][INFO] - approx_kl: 0.0003733991179615259, update_epoch: 0, num_batch: 4
[2026-10-09 16:37:27,406][agent.finetune.train_ppo_diffusion_agent][INFO] - approx_kl: 0.000584051595069468, update_epoch: 1, num_batch: 4
[2026-10-09 16:37:29,616][agent.finetune.train_ppo_diffusion_agent][INFO] - approx_kl: 0.0008654673583805561, update_epoch: 1, num_batch: 4
[2026-10-09 16:37:31,809][agent.finetune.train_ppo_diffusion_agent][INFO] - approx_kl: 0.0011856169439852238, update_epoch: 1, num_batch: 4
[2026-10-09 16:37:34,111][agent.finetune.train_ppo_diffusion_agent][INFO] - approx_kl: 0.0015179949114099145, update_epoch: 1, num_batch: 4
[2026-10-09 16:37:36,211][agent.finetune.train_ppo_diffusion_agent][INFO] - approx_kl: 0.0018840922275558114, update_epoch: 2, num_batch: 4
[2026-10-09 16:37:38,403][agent.finetune.train_ppo_diffusion_agent][INFO] - approx_kl: 0.0023720120079815388, update_epoch: 2, num_batch: 4
[2026-10-09 16:37:40,611][agent.finetune.train_ppo_diffusion_agent][INFO] - approx_kl: 0.0029351573903113604, update_epoch: 2, num_batch: 4
[2026-10-09 16:37:42,943][agent.finetune.train_ppo_diffusion_agent][INFO] - approx_kl: 0.0034922845661640167, update_epoch: 2, num_batch: 4
[2026-10-09 16:37:45,039][agent.finetune.train_ppo_diffusion_agent][INFO] - approx_kl: 0.004156405106186867, update_epoch: 3, num_batch: 4
[2026-10-09 16:37:47,251][agent.finetune.train_ppo_diffusion_agent][INFO] - approx_kl: 0.004841068759560585, update_epoch: 3, num_batch: 4
[2026-10-09 16:37:49,453][agent.finetune.train_ppo_diffusion_agent][INFO] - approx_kl: 0.0057028005830943584, update_epoch: 3, num_batch: 4
[2026-10-09 16:37:51,762][agent.finetune.train_ppo_diffusion_agent][INFO] - approx_kl: 0.006703063379973173, update_epoch: 3, num_batch: 4
[2026-10-09 16:37:53,870][agent.finetune.train_ppo_diffusion_agent][INFO] - approx_kl: 0.007734069135040045, update_epoch: 4, num_batch: 4
[2026-10-09 16:37:56,074][agent.finetune.train_ppo_diffusion_agent][INFO] - approx_kl: 0.008970469236373901, update_epoch: 4, num_batch: 4
[2026-10-09 16:37:58,257][agent.finetune.train_ppo_diffusion_agent][INFO] - approx_kl: 0.009832947514951229, update_epoch: 4, num_batch: 4
[2026-10-09 16:38:00,544][agent.finetune.train_ppo_diffusion_agent][INFO] - approx_kl: 0.011008438654243946, update_epoch: 4, num_batch: 4
[2026-10-09 16:38:00,563][agent.finetune.train_ppo_diffusion_agent][INFO] - 112: step  8080000 | loss   0.0097 | pg loss  -0.0064 | value loss   0.0322 | bc loss   0.0000 | reward 2270.5150 | eta   1.0000 | t: 57.5580 | kl_true_per_action=0.1250805805125703 | logratio_p99=0.529843690395351 | clamp_hit_frac=0.0008145833333333333
[2026-10-09 16:38:16,349][agent.finetune.train_ppo_diffusion_agent][INFO] - approx_kl: 0.0, update_epoch: 0, num_batch: 4
[2026-10-09 16:38:18,586][agent.finetune.train_ppo_diffusion_agent][INFO] - approx_kl: 4.667134635383263e-05, update_epoch: 0, num_batch: 4
[2026-10-09 16:38:20,787][agent.finetune.train_ppo_diffusion_agent][INFO] - approx_kl: 0.0001718770945444703, update_epoch: 0, num_batch: 4
[2026-10-09 16:38:23,049][agent.finetune.train_ppo_diffusion_agent][INFO] - approx_kl: 0.00035862793447449803, update_epoch: 0, num_batch: 4
[2026-10-09 16:38:25,136][agent.finetune.train_ppo_diffusion_agent][INFO] - approx_kl: 0.0006140887271612883, update_epoch: 1, num_batch: 4
[2026-10-09 16:38:27,317][agent.finetune.train_ppo_diffusion_agent][INFO] - approx_kl: 0.0009106306824833155, update_epoch: 1, num_batch: 4
[2026-10-09 16:38:29,492][agent.finetune.train_ppo_diffusion_agent][INFO] - approx_kl: 0.001300376607105136, update_epoch: 1, num_batch: 4
[2026-10-09 16:38:31,772][agent.finetune.train_ppo_diffusion_agent][INFO] - approx_kl: 0.0017438262002542615, update_epoch: 1, num_batch: 4
[2026-10-09 16:38:33,861][agent.finetune.train_ppo_diffusion_agent][INFO] - approx_kl: 0.0022590698208659887, update_epoch: 2, num_batch: 4
[2026-10-09 16:38:36,037][agent.finetune.train_ppo_diffusion_agent][INFO] - approx_kl: 0.002940702484920621, update_epoch: 2, num_batch: 4
[2026-10-09 16:38:38,217][agent.finetune.train_ppo_diffusion_agent][INFO] - approx_kl: 0.003758469130843878, update_epoch: 2, num_batch: 4
[2026-10-09 16:38:40,489][agent.finetune.train_ppo_diffusion_agent][INFO] - approx_kl: 0.004590505734086037, update_epoch: 2, num_batch: 4
[2026-10-09 16:38:42,568][agent.finetune.train_ppo_diffusion_agent][INFO] - approx_kl: 0.0054915184155106544, update_epoch: 3, num_batch: 4
[2026-10-09 16:38:44,765][agent.finetune.train_ppo_diffusion_agent][INFO] - approx_kl: 0.006662060972303152, update_epoch: 3, num_batch: 4
[2026-10-09 16:38:46,932][agent.finetune.train_ppo_diffusion_agent][INFO] - approx_kl: 0.00776394410058856, update_epoch: 3, num_batch: 4
[2026-10-09 16:38:49,212][agent.finetune.train_ppo_diffusion_agent][INFO] - approx_kl: 0.009245258755981922, update_epoch: 3, num_batch: 4
[2026-10-09 16:38:51,305][agent.finetune.train_ppo_diffusion_agent][INFO] - approx_kl: 0.010520494543015957, update_epoch: 4, num_batch: 4
[2026-10-09 16:38:53,484][agent.finetune.train_ppo_diffusion_agent][INFO] - approx_kl: 0.012277225032448769, update_epoch: 4, num_batch: 4
[2026-10-09 16:38:55,662][agent.finetune.train_ppo_diffusion_agent][INFO] - approx_kl: 0.01392825786024332, update_epoch: 4, num_batch: 4
[2026-10-09 16:38:57,938][agent.finetune.train_ppo_diffusion_agent][INFO] - approx_kl: 0.01619802974164486, update_epoch: 4, num_batch: 4
[2026-10-09 16:38:57,956][agent.finetune.train_ppo_diffusion_agent][INFO] - 113: step  8160000 | loss   0.0119 | pg loss  -0.0065 | value loss   0.0368 | bc loss   0.0000 | reward 2351.6836 | eta   1.0000 | t: 57.3934 | kl_true_per_action=0.1799819130154739 | logratio_p99=0.6594534528255453 | clamp_hit_frac=0.0006854166666666666
[2026-10-09 16:39:12,681][agent.finetune.train_ppo_diffusion_agent][INFO] - approx_kl: 0.0, update_epoch: 0, num_batch: 4
[2026-10-09 16:39:14,861][agent.finetune.train_ppo_diffusion_agent][INFO] - approx_kl: 9.079780284082517e-05, update_epoch: 0, num_batch: 4
[2026-10-09 16:39:17,125][agent.finetune.train_ppo_diffusion_agent][INFO] - approx_kl: 0.00036874282523058355, update_epoch: 0, num_batch: 4
[2026-10-09 16:39:19,201][agent.finetune.train_ppo_diffusion_agent][INFO] - approx_kl: 0.0007010567933320999, update_epoch: 0, num_batch: 4
[2026-10-09 16:39:21,366][agent.finetune.train_ppo_diffusion_agent][INFO] - approx_kl: 0.0011048736050724983, update_epoch: 1, num_batch: 4
[2026-10-09 16:39:23,530][agent.finetune.train_ppo_diffusion_agent][INFO] - approx_kl: 0.0015324733685702085, update_epoch: 1, num_batch: 4
[2026-10-09 16:39:25,800][agent.finetune.train_ppo_diffusion_agent][INFO] - approx_kl: 0.002173713408410549, update_epoch: 1, num_batch: 4
[2026-10-09 16:39:27,869][agent.finetune.train_ppo_diffusion_agent][INFO] - approx_kl: 0.0028138700872659683, update_epoch: 1, num_batch: 4
[2026-10-09 16:39:30,032][agent.finetune.train_ppo_diffusion_agent][INFO] - approx_kl: 0.0034534228034317493, update_epoch: 2, num_batch: 4
[2026-10-09 16:39:32,196][agent.finetune.train_ppo_diffusion_agent][INFO] - approx_kl: 0.00422348128631711, update_epoch: 2, num_batch: 4
[2026-10-09 16:39:34,458][agent.finetune.train_ppo_diffusion_agent][INFO] - approx_kl: 0.0052783596329391, update_epoch: 2, num_batch: 4
[2026-10-09 16:39:36,566][agent.finetune.train_ppo_diffusion_agent][INFO] - approx_kl: 0.006116448901593685, update_epoch: 2, num_batch: 4
[2026-10-09 16:39:38,724][agent.finetune.train_ppo_diffusion_agent][INFO] - approx_kl: 0.0072014471516013145, update_epoch: 3, num_batch: 4
[2026-10-09 16:39:40,884][agent.finetune.train_ppo_diffusion_agent][INFO] - approx_kl: 0.008254910819232464, update_epoch: 3, num_batch: 4
[2026-10-09 16:39:43,149][agent.finetune.train_ppo_diffusion_agent][INFO] - approx_kl: 0.009508118033409119, update_epoch: 3, num_batch: 4
[2026-10-09 16:39:45,230][agent.finetune.train_ppo_diffusion_agent][INFO] - approx_kl: 0.010680987499654293, update_epoch: 3, num_batch: 4
[2026-10-09 16:39:47,399][agent.finetune.train_ppo_diffusion_agent][INFO] - approx_kl: 0.012076091021299362, update_epoch: 4, num_batch: 4
[2026-10-09 16:39:49,558][agent.finetune.train_ppo_diffusion_agent][INFO] - approx_kl: 0.014068317599594593, update_epoch: 4, num_batch: 4
[2026-10-09 16:39:51,816][agent.finetune.train_ppo_diffusion_agent][INFO] - approx_kl: 0.015821894630789757, update_epoch: 4, num_batch: 4
[2026-10-09 16:39:53,891][agent.finetune.train_ppo_diffusion_agent][INFO] - approx_kl: 0.017771631479263306, update_epoch: 4, num_batch: 4
[2026-10-09 16:39:53,911][agent.finetune.train_ppo_diffusion_agent][INFO] - 114: step  8240000 | loss   0.0142 | pg loss  -0.0055 | value loss   0.0394 | bc loss   0.0000 | reward 2394.8541 | eta   1.0000 | t: 55.9545 | kl_true_per_action=0.1949204642923506 | logratio_p99=0.6688634860515581 | clamp_hit_frac=0.0007458333333333334
[2026-10-09 16:40:08,897][agent.finetune.train_ppo_diffusion_agent][INFO] - approx_kl: 0.0, update_epoch: 0, num_batch: 4
[2026-10-09 16:40:11,068][agent.finetune.train_ppo_diffusion_agent][INFO] - approx_kl: 4.724872633232735e-05, update_epoch: 0, num_batch: 4
[2026-10-09 16:40:13,351][agent.finetune.train_ppo_diffusion_agent][INFO] - approx_kl: 0.00017137265240307897, update_epoch: 0, num_batch: 4
[2026-10-09 16:40:15,439][agent.finetune.train_ppo_diffusion_agent][INFO] - approx_kl: 0.00036903051659464836, update_epoch: 0, num_batch: 4
[2026-10-09 16:40:17,620][agent.finetune.train_ppo_diffusion_agent][INFO] - approx_kl: 0.000622621038928628, update_epoch: 1, num_batch: 4
[2026-10-09 16:40:19,788][agent.finetune.train_ppo_diffusion_agent][INFO] - approx_kl: 0.0009777263039723039, update_epoch: 1, num_batch: 4
[2026-10-09 16:40:22,068][agent.finetune.train_ppo_diffusion_agent][INFO] - approx_kl: 0.001352972351014614, update_epoch: 1, num_batch: 4
[2026-10-09 16:40:24,157][agent.finetune.train_ppo_diffusion_agent][INFO] - approx_kl: 0.0017785979434847832, update_epoch: 1, num_batch: 4
[2026-10-09 16:40:26,346][agent.finetune.train_ppo_diffusion_agent][INFO] - approx_kl: 0.0022547098342329264, update_epoch: 2, num_batch: 4
[2026-10-09 16:40:28,529][agent.finetune.train_ppo_diffusion_agent][INFO] - approx_kl: 0.0027107952628284693, update_epoch: 2, num_batch: 4
[2026-10-09 16:40:30,809][agent.finetune.train_ppo_diffusion_agent][INFO] - approx_kl: 0.003204784821718931, update_epoch: 2, num_batch: 4
[2026-10-09 16:40:32,898][agent.finetune.train_ppo_diffusion_agent][INFO] - approx_kl: 0.003863839665427804, update_epoch: 2, num_batch: 4
[2026-10-09 16:40:35,080][agent.finetune.train_ppo_diffusion_agent][INFO] - approx_kl: 0.004571915604174137, update_epoch: 3, num_batch: 4
[2026-10-09 16:40:37,285][agent.finetune.train_ppo_diffusion_agent][INFO] - approx_kl: 0.005341813899576664, update_epoch: 3, num_batch: 4
[2026-10-09 16:40:39,563][agent.finetune.train_ppo_diffusion_agent][INFO] - approx_kl: 0.006242326460778713, update_epoch: 3, num_batch: 4
[2026-10-09 16:40:41,651][agent.finetune.train_ppo_diffusion_agent][INFO] - approx_kl: 0.007095659617334604, update_epoch: 3, num_batch: 4
[2026-10-09 16:40:43,828][agent.finetune.train_ppo_diffusion_agent][INFO] - approx_kl: 0.008275513537228107, update_epoch: 4, num_batch: 4
[2026-10-09 16:40:45,998][agent.finetune.train_ppo_diffusion_agent][INFO] - approx_kl: 0.009459392167627811, update_epoch: 4, num_batch: 4
[2026-10-09 16:40:48,288][agent.finetune.train_ppo_diffusion_agent][INFO] - approx_kl: 0.01077040284872055, update_epoch: 4, num_batch: 4
[2026-10-09 16:40:50,371][agent.finetune.train_ppo_diffusion_agent][INFO] - approx_kl: 0.012118000537157059, update_epoch: 4, num_batch: 4
[2026-10-09 16:40:50,389][agent.finetune.train_ppo_diffusion_agent][INFO] - 115: step  8320000 | loss   0.0156 | pg loss  -0.0058 | value loss   0.0428 | bc loss   0.0000 | reward 2476.3259 | eta   1.0000 | t: 56.4783 | kl_true_per_action=0.13893456649378977 | logratio_p99=0.5871692967414813 | clamp_hit_frac=0.0007375
[2026-10-09 16:41:05,854][agent.finetune.train_ppo_diffusion_agent][INFO] - approx_kl: 0.0, update_epoch: 0, num_batch: 4
[2026-10-09 16:41:08,048][agent.finetune.train_ppo_diffusion_agent][INFO] - approx_kl: 8.358144259545952e-05, update_epoch: 0, num_batch: 4
[2026-10-09 16:41:10,344][agent.finetune.train_ppo_diffusion_agent][INFO] - approx_kl: 0.0003214971802663058, update_epoch: 0, num_batch: 4
[2026-10-09 16:41:12,433][agent.finetune.train_ppo_diffusion_agent][INFO] - approx_kl: 0.0006520712049677968, update_epoch: 0, num_batch: 4
[2026-10-09 16:41:14,612][agent.finetune.train_ppo_diffusion_agent][INFO] - approx_kl: 0.0010755170369520783, update_epoch: 1, num_batch: 4
[2026-10-09 16:41:16,904][agent.finetune.train_ppo_diffusion_agent][INFO] - approx_kl: 0.0015839248662814498, update_epoch: 1, num_batch: 4
[2026-10-09 16:41:19,038][agent.finetune.train_ppo_diffusion_agent][INFO] - approx_kl: 0.0022492683492600918, update_epoch: 1, num_batch: 4
[2026-10-09 16:41:21,266][agent.finetune.train_ppo_diffusion_agent][INFO] - approx_kl: 0.00285648787394166, update_epoch: 1, num_batch: 4
[2026-10-09 16:41:23,475][agent.finetune.train_ppo_diffusion_agent][INFO] - approx_kl: 0.003786737797781825, update_epoch: 2, num_batch: 4
[2026-10-09 16:41:25,766][agent.finetune.train_ppo_diffusion_agent][INFO] - approx_kl: 0.00501480046659708, update_epoch: 2, num_batch: 4
[2026-10-09 16:41:27,823][agent.finetune.train_ppo_diffusion_agent][INFO] - approx_kl: 0.006394446361809969, update_epoch: 2, num_batch: 4
[2026-10-09 16:41:30,021][agent.finetune.train_ppo_diffusion_agent][INFO] - approx_kl: 0.008069234900176525, update_epoch: 2, num_batch: 4
[2026-10-09 16:41:32,193][agent.finetune.train_ppo_diffusion_agent][INFO] - approx_kl: 0.00966804288327694, update_epoch: 3, num_batch: 4
[2026-10-09 16:41:34,441][agent.finetune.train_ppo_diffusion_agent][INFO] - approx_kl: 0.01206249836832285, update_epoch: 3, num_batch: 4
[2026-10-09 16:41:36,544][agent.finetune.train_ppo_diffusion_agent][INFO] - approx_kl: 0.0143895847722888, update_epoch: 3, num_batch: 4
[2026-10-09 16:41:38,741][agent.finetune.train_ppo_diffusion_agent][INFO] - approx_kl: 0.01705147698521614, update_epoch: 3, num_batch: 4
[2026-10-09 16:41:40,933][agent.finetune.train_ppo_diffusion_agent][INFO] - approx_kl: 0.020020795986056328, update_epoch: 4, num_batch: 4
[2026-10-09 16:41:43,235][agent.finetune.train_ppo_diffusion_agent][INFO] - approx_kl: 0.023592572659254074, update_epoch: 4, num_batch: 4
[2026-10-09 16:41:45,341][agent.finetune.train_ppo_diffusion_agent][INFO] - approx_kl: 0.02769484370946884, update_epoch: 4, num_batch: 4
[2026-10-09 16:41:47,541][agent.finetune.train_ppo_diffusion_agent][INFO] - approx_kl: 0.03177371621131897, update_epoch: 4, num_batch: 4
[2026-10-09 16:41:47,561][agent.finetune.train_ppo_diffusion_agent][INFO] - 116: step  8400000 | loss   0.0166 | pg loss  -0.0063 | value loss   0.0458 | bc loss   0.0000 | reward 2531.0572 | eta   1.0000 | t: 57.1717 | kl_true_per_action=0.3827912312019003 | logratio_p99=1.0631767052411978 | clamp_hit_frac=0.0007833333333333334
[2026-10-09 16:42:02,430][agent.finetune.train_ppo_diffusion_agent][INFO] - approx_kl: 0.0, update_epoch: 0, num_batch: 4
[2026-10-09 16:42:04,699][agent.finetune.train_ppo_diffusion_agent][INFO] - approx_kl: 0.00017292212578468025, update_epoch: 0, num_batch: 4
[2026-10-09 16:42:06,809][agent.finetune.train_ppo_diffusion_agent][INFO] - approx_kl: 0.0006080963066779077, update_epoch: 0, num_batch: 4
[2026-10-09 16:42:09,028][agent.finetune.train_ppo_diffusion_agent][INFO] - approx_kl: 0.001220095087774098, update_epoch: 0, num_batch: 4
[2026-10-09 16:42:11,213][agent.finetune.train_ppo_diffusion_agent][INFO] - approx_kl: 0.0020791867282241583, update_epoch: 1, num_batch: 4
[2026-10-09 16:42:13,538][agent.finetune.train_ppo_diffusion_agent][INFO] - approx_kl: 0.003176653990522027, update_epoch: 1, num_batch: 4
[2026-10-09 16:42:15,693][agent.finetune.train_ppo_diffusion_agent][INFO] - approx_kl: 0.004288848023861647, update_epoch: 1, num_batch: 4
[2026-10-09 16:42:17,911][agent.finetune.train_ppo_diffusion_agent][INFO] - approx_kl: 0.005740594118833542, update_epoch: 1, num_batch: 4
[2026-10-09 16:42:20,127][agent.finetune.train_ppo_diffusion_agent][INFO] - approx_kl: 0.007317187264561653, update_epoch: 2, num_batch: 4
[2026-10-09 16:42:22,441][agent.finetune.train_ppo_diffusion_agent][INFO] - approx_kl: 0.009105157107114792, update_epoch: 2, num_batch: 4
[2026-10-09 16:42:24,522][agent.finetune.train_ppo_diffusion_agent][INFO] - approx_kl: 0.010840553790330887, update_epoch: 2, num_batch: 4
[2026-10-09 16:42:26,692][agent.finetune.train_ppo_diffusion_agent][INFO] - approx_kl: 0.013119512237608433, update_epoch: 2, num_batch: 4
[2026-10-09 16:42:28,856][agent.finetune.train_ppo_diffusion_agent][INFO] - approx_kl: 0.015098090283572674, update_epoch: 3, num_batch: 4
[2026-10-09 16:42:31,158][agent.finetune.train_ppo_diffusion_agent][INFO] - approx_kl: 0.017219621688127518, update_epoch: 3, num_batch: 4
[2026-10-09 16:42:33,238][agent.finetune.train_ppo_diffusion_agent][INFO] - approx_kl: 0.020470034331083298, update_epoch: 3, num_batch: 4
[2026-10-09 16:42:35,404][agent.finetune.train_ppo_diffusion_agent][INFO] - approx_kl: 0.02297966741025448, update_epoch: 3, num_batch: 4
[2026-10-09 16:42:37,561][agent.finetune.train_ppo_diffusion_agent][INFO] - approx_kl: 0.026284461840987206, update_epoch: 4, num_batch: 4
[2026-10-09 16:42:39,837][agent.finetune.train_ppo_diffusion_agent][INFO] - approx_kl: 0.029560789465904236, update_epoch: 4, num_batch: 4
[2026-10-09 16:42:41,928][agent.finetune.train_ppo_diffusion_agent][INFO] - approx_kl: 0.032675404101610184, update_epoch: 4, num_batch: 4
[2026-10-09 16:42:44,097][agent.finetune.train_ppo_diffusion_agent][INFO] - approx_kl: 0.03647426515817642, update_epoch: 4, num_batch: 4
[2026-10-09 16:42:44,113][agent.finetune.train_ppo_diffusion_agent][INFO] - 117: step  8480000 | loss   0.0178 | pg loss  -0.0062 | value loss   0.0480 | bc loss   0.0000 | reward 2680.8654 | eta   1.0000 | t: 56.5524 | kl_true_per_action=0.42458197710508455 | logratio_p99=1.0990554893016813 | clamp_hit_frac=0.0007958333333333333
[2026-10-09 16:42:59,699][agent.finetune.train_ppo_diffusion_agent][INFO] - approx_kl: 0.0, update_epoch: 0, num_batch: 4
[2026-10-09 16:43:01,976][agent.finetune.train_ppo_diffusion_agent][INFO] - approx_kl: 0.00010556366032687947, update_epoch: 0, num_batch: 4
[2026-10-09 16:43:04,053][agent.finetune.train_ppo_diffusion_agent][INFO] - approx_kl: 0.00037039900780655444, update_epoch: 0, num_batch: 4
[2026-10-09 16:43:06,210][agent.finetune.train_ppo_diffusion_agent][INFO] - approx_kl: 0.0007982132374309003, update_epoch: 0, num_batch: 4
[2026-10-09 16:43:08,389][agent.finetune.train_ppo_diffusion_agent][INFO] - approx_kl: 0.001412884215824306, update_epoch: 1, num_batch: 4
[2026-10-09 16:43:10,669][agent.finetune.train_ppo_diffusion_agent][INFO] - approx_kl: 0.002183574950322509, update_epoch: 1, num_batch: 4
[2026-10-09 16:43:12,767][agent.finetune.train_ppo_diffusion_agent][INFO] - approx_kl: 0.0032566790468990803, update_epoch: 1, num_batch: 4
[2026-10-09 16:43:14,950][agent.finetune.train_ppo_diffusion_agent][INFO] - approx_kl: 0.004322194494307041, update_epoch: 1, num_batch: 4
[2026-10-09 16:43:17,125][agent.finetune.train_ppo_diffusion_agent][INFO] - approx_kl: 0.005549488589167595, update_epoch: 2, num_batch: 4
[2026-10-09 16:43:19,405][agent.finetune.train_ppo_diffusion_agent][INFO] - approx_kl: 0.00708466861397028, update_epoch: 2, num_batch: 4
[2026-10-09 16:43:21,503][agent.finetune.train_ppo_diffusion_agent][INFO] - approx_kl: 0.008740906603634357, update_epoch: 2, num_batch: 4
[2026-10-09 16:43:23,725][agent.finetune.train_ppo_diffusion_agent][INFO] - approx_kl: 0.010543041862547398, update_epoch: 2, num_batch: 4
[2026-10-09 16:43:25,901][agent.finetune.train_ppo_diffusion_agent][INFO] - approx_kl: 0.012772110290825367, update_epoch: 3, num_batch: 4
[2026-10-09 16:43:28,176][agent.finetune.train_ppo_diffusion_agent][INFO] - approx_kl: 0.01433228887617588, update_epoch: 3, num_batch: 4
[2026-10-09 16:43:30,262][agent.finetune.train_ppo_diffusion_agent][INFO] - approx_kl: 0.016919955611228943, update_epoch: 3, num_batch: 4
[2026-10-09 16:43:32,444][agent.finetune.train_ppo_diffusion_agent][INFO] - approx_kl: 0.018927404657006264, update_epoch: 3, num_batch: 4
[2026-10-09 16:43:34,616][agent.finetune.train_ppo_diffusion_agent][INFO] - approx_kl: 0.022392159327864647, update_epoch: 4, num_batch: 4
[2026-10-09 16:43:36,907][agent.finetune.train_ppo_diffusion_agent][INFO] - approx_kl: 0.025348737835884094, update_epoch: 4, num_batch: 4
[2026-10-09 16:43:38,995][agent.finetune.train_ppo_diffusion_agent][INFO] - approx_kl: 0.028739407658576965, update_epoch: 4, num_batch: 4
[2026-10-09 16:43:41,170][agent.finetune.train_ppo_diffusion_agent][INFO] - approx_kl: 0.03206464275717735, update_epoch: 4, num_batch: 4
[2026-10-09 16:43:41,188][agent.finetune.train_ppo_diffusion_agent][INFO] - 118: step  8560000 | loss   0.0188 | pg loss  -0.0071 | value loss   0.0517 | bc loss   0.0000 | reward 2789.3797 | eta   1.0000 | t: 57.0750 | kl_true_per_action=0.3716522700001421 | logratio_p99=0.9863869512081144 | clamp_hit_frac=0.0008458333333333333
[2026-10-09 16:43:56,752][agent.finetune.train_ppo_diffusion_agent][INFO] - approx_kl: 0.0, update_epoch: 0, num_batch: 4
[2026-10-09 16:43:59,015][agent.finetune.train_ppo_diffusion_agent][INFO] - approx_kl: 0.0001368608500342816, update_epoch: 0, num_batch: 4
[2026-10-09 16:44:01,090][agent.finetune.train_ppo_diffusion_agent][INFO] - approx_kl: 0.0004764971090480685, update_epoch: 0, num_batch: 4
[2026-10-09 16:44:03,264][agent.finetune.train_ppo_diffusion_agent][INFO] - approx_kl: 0.0009234810131601989, update_epoch: 0, num_batch: 4
[2026-10-09 16:44:05,433][agent.finetune.train_ppo_diffusion_agent][INFO] - approx_kl: 0.0015651171561330557, update_epoch: 1, num_batch: 4
[2026-10-09 16:44:07,711][agent.finetune.train_ppo_diffusion_agent][INFO] - approx_kl: 0.0024008252657949924, update_epoch: 1, num_batch: 4
[2026-10-09 16:44:09,791][agent.finetune.train_ppo_diffusion_agent][INFO] - approx_kl: 0.003346997080370784, update_epoch: 1, num_batch: 4
[2026-10-09 16:44:11,963][agent.finetune.train_ppo_diffusion_agent][INFO] - approx_kl: 0.004285342991352081, update_epoch: 1, num_batch: 4
[2026-10-09 16:44:14,124][agent.finetune.train_ppo_diffusion_agent][INFO] - approx_kl: 0.005412076134234667, update_epoch: 2, num_batch: 4
[2026-10-09 16:44:16,390][agent.finetune.train_ppo_diffusion_agent][INFO] - approx_kl: 0.0066746873781085014, update_epoch: 2, num_batch: 4
[2026-10-09 16:44:18,479][agent.finetune.train_ppo_diffusion_agent][INFO] - approx_kl: 0.007939976640045643, update_epoch: 2, num_batch: 4
[2026-10-09 16:44:20,649][agent.finetune.train_ppo_diffusion_agent][INFO] - approx_kl: 0.009098752401769161, update_epoch: 2, num_batch: 4
[2026-10-09 16:44:22,808][agent.finetune.train_ppo_diffusion_agent][INFO] - approx_kl: 0.010671500116586685, update_epoch: 3, num_batch: 4
[2026-10-09 16:44:25,108][agent.finetune.train_ppo_diffusion_agent][INFO] - approx_kl: 0.012405595742166042, update_epoch: 3, num_batch: 4
[2026-10-09 16:44:27,183][agent.finetune.train_ppo_diffusion_agent][INFO] - approx_kl: 0.014574185013771057, update_epoch: 3, num_batch: 4
[2026-10-09 16:44:29,347][agent.finetune.train_ppo_diffusion_agent][INFO] - approx_kl: 0.016621142625808716, update_epoch: 3, num_batch: 4
[2026-10-09 16:44:31,512][agent.finetune.train_ppo_diffusion_agent][INFO] - approx_kl: 0.01842563785612583, update_epoch: 4, num_batch: 4
[2026-10-09 16:44:33,778][agent.finetune.train_ppo_diffusion_agent][INFO] - approx_kl: 0.02091466821730137, update_epoch: 4, num_batch: 4
[2026-10-09 16:44:35,888][agent.finetune.train_ppo_diffusion_agent][INFO] - approx_kl: 0.023752611130475998, update_epoch: 4, num_batch: 4
[2026-10-09 16:44:38,064][agent.finetune.train_ppo_diffusion_agent][INFO] - approx_kl: 0.025909125804901123, update_epoch: 4, num_batch: 4
[2026-10-09 16:44:38,083][agent.finetune.train_ppo_diffusion_agent][INFO] - 119: step  8640000 | loss   0.0216 | pg loss  -0.0063 | value loss   0.0557 | bc loss   0.0000 | reward 2903.1101 | eta   1.0000 | t: 56.8952 | kl_true_per_action=0.2747968372572025 | logratio_p99=0.9072491860389701 | clamp_hit_frac=0.0008041666666666667
[2026-10-09 16:44:51,438][agent.finetune.train_ppo_diffusion_agent][INFO] - eval: success rate   1.0000 | avg episode reward 3210.8722 | avg best reward   5.1008
[2026-10-09 16:45:06,445][agent.finetune.train_ppo_diffusion_agent][INFO] - approx_kl: 0.0, update_epoch: 0, num_batch: 4
[2026-10-09 16:45:08,544][agent.finetune.train_ppo_diffusion_agent][INFO] - approx_kl: 8.011691534193233e-05, update_epoch: 0, num_batch: 4
[2026-10-09 16:45:10,724][agent.finetune.train_ppo_diffusion_agent][INFO] - approx_kl: 0.0002737478935159743, update_epoch: 0, num_batch: 4
[2026-10-09 16:45:12,902][agent.finetune.train_ppo_diffusion_agent][INFO] - approx_kl: 0.0006286209099926054, update_epoch: 0, num_batch: 4
[2026-10-09 16:45:15,190][agent.finetune.train_ppo_diffusion_agent][INFO] - approx_kl: 0.0009946655482053757, update_epoch: 1, num_batch: 4
[2026-10-09 16:45:17,279][agent.finetune.train_ppo_diffusion_agent][INFO] - approx_kl: 0.0014048010343685746, update_epoch: 1, num_batch: 4
[2026-10-09 16:45:19,515][agent.finetune.train_ppo_diffusion_agent][INFO] - approx_kl: 0.001806229935027659, update_epoch: 1, num_batch: 4
[2026-10-09 16:45:21,691][agent.finetune.train_ppo_diffusion_agent][INFO] - approx_kl: 0.0022934270091354847, update_epoch: 1, num_batch: 4
[2026-10-09 16:45:23,988][agent.finetune.train_ppo_diffusion_agent][INFO] - approx_kl: 0.002746372250840068, update_epoch: 2, num_batch: 4
[2026-10-09 16:45:26,098][agent.finetune.train_ppo_diffusion_agent][INFO] - approx_kl: 0.0032686800695955753, update_epoch: 2, num_batch: 4
[2026-10-09 16:45:28,293][agent.finetune.train_ppo_diffusion_agent][INFO] - approx_kl: 0.0040289959870278835, update_epoch: 2, num_batch: 4
[2026-10-09 16:45:30,471][agent.finetune.train_ppo_diffusion_agent][INFO] - approx_kl: 0.004381675273180008, update_epoch: 2, num_batch: 4
[2026-10-09 16:45:32,750][agent.finetune.train_ppo_diffusion_agent][INFO] - approx_kl: 0.0050361137837171555, update_epoch: 3, num_batch: 4
[2026-10-09 16:45:34,849][agent.finetune.train_ppo_diffusion_agent][INFO] - approx_kl: 0.005806575063616037, update_epoch: 3, num_batch: 4
[2026-10-09 16:45:37,044][agent.finetune.train_ppo_diffusion_agent][INFO] - approx_kl: 0.006636957172304392, update_epoch: 3, num_batch: 4
[2026-10-09 16:45:39,238][agent.finetune.train_ppo_diffusion_agent][INFO] - approx_kl: 0.0072946492582559586, update_epoch: 3, num_batch: 4
[2026-10-09 16:45:41,544][agent.finetune.train_ppo_diffusion_agent][INFO] - approx_kl: 0.008372185751795769, update_epoch: 4, num_batch: 4
[2026-10-09 16:45:43,657][agent.finetune.train_ppo_diffusion_agent][INFO] - approx_kl: 0.008998994715511799, update_epoch: 4, num_batch: 4
[2026-10-09 16:45:45,864][agent.finetune.train_ppo_diffusion_agent][INFO] - approx_kl: 0.010024532675743103, update_epoch: 4, num_batch: 4
[2026-10-09 16:45:48,069][agent.finetune.train_ppo_diffusion_agent][INFO] - approx_kl: 0.010695479810237885, update_epoch: 4, num_batch: 4
[2026-10-09 16:45:48,089][agent.finetune.train_ppo_diffusion_agent][INFO] - 121: step  8720000 | loss   0.0233 | pg loss  -0.0057 | value loss   0.0581 | bc loss   0.0000 | reward 2928.5275 | eta   1.0000 | t: 56.6503 | kl_true_per_action=0.12230788189722584 | logratio_p99=0.5643355524539916 | clamp_hit_frac=0.00080625
[2026-10-09 16:46:02,931][agent.finetune.train_ppo_diffusion_agent][INFO] - approx_kl: 0.0, update_epoch: 0, num_batch: 4
[2026-10-09 16:46:05,029][agent.finetune.train_ppo_diffusion_agent][INFO] - approx_kl: 5.5905329645611346e-05, update_epoch: 0, num_batch: 4
[2026-10-09 16:46:07,220][agent.finetune.train_ppo_diffusion_agent][INFO] - approx_kl: 0.00023877021158114076, update_epoch: 0, num_batch: 4
[2026-10-09 16:46:09,411][agent.finetune.train_ppo_diffusion_agent][INFO] - approx_kl: 0.00046735384967178106, update_epoch: 0, num_batch: 4
[2026-10-09 16:46:11,701][agent.finetune.train_ppo_diffusion_agent][INFO] - approx_kl: 0.0006994446157477796, update_epoch: 1, num_batch: 4
[2026-10-09 16:46:13,788][agent.finetune.train_ppo_diffusion_agent][INFO] - approx_kl: 0.0010174697963520885, update_epoch: 1, num_batch: 4
[2026-10-09 16:46:15,973][agent.finetune.train_ppo_diffusion_agent][INFO] - approx_kl: 0.0014288565143942833, update_epoch: 1, num_batch: 4
[2026-10-09 16:46:18,160][agent.finetune.train_ppo_diffusion_agent][INFO] - approx_kl: 0.001878397073596716, update_epoch: 1, num_batch: 4
[2026-10-09 16:46:20,497][agent.finetune.train_ppo_diffusion_agent][INFO] - approx_kl: 0.002456177491694689, update_epoch: 2, num_batch: 4
[2026-10-09 16:46:22,600][agent.finetune.train_ppo_diffusion_agent][INFO] - approx_kl: 0.0032154147047549486, update_epoch: 2, num_batch: 4
[2026-10-09 16:46:24,788][agent.finetune.train_ppo_diffusion_agent][INFO] - approx_kl: 0.004060912877321243, update_epoch: 2, num_batch: 4
[2026-10-09 16:46:26,979][agent.finetune.train_ppo_diffusion_agent][INFO] - approx_kl: 0.004906187765300274, update_epoch: 2, num_batch: 4
[2026-10-09 16:46:29,271][agent.finetune.train_ppo_diffusion_agent][INFO] - approx_kl: 0.0060935369692742825, update_epoch: 3, num_batch: 4
[2026-10-09 16:46:31,367][agent.finetune.train_ppo_diffusion_agent][INFO] - approx_kl: 0.007356888148933649, update_epoch: 3, num_batch: 4
[2026-10-09 16:46:33,558][agent.finetune.train_ppo_diffusion_agent][INFO] - approx_kl: 0.008951179683208466, update_epoch: 3, num_batch: 4
[2026-10-09 16:46:35,744][agent.finetune.train_ppo_diffusion_agent][INFO] - approx_kl: 0.010323254391551018, update_epoch: 3, num_batch: 4
[2026-10-09 16:46:38,034][agent.finetune.train_ppo_diffusion_agent][INFO] - approx_kl: 0.01214382890611887, update_epoch: 4, num_batch: 4
[2026-10-09 16:46:40,132][agent.finetune.train_ppo_diffusion_agent][INFO] - approx_kl: 0.014409291557967663, update_epoch: 4, num_batch: 4
[2026-10-09 16:46:42,343][agent.finetune.train_ppo_diffusion_agent][INFO] - approx_kl: 0.016432221978902817, update_epoch: 4, num_batch: 4
[2026-10-09 16:46:44,525][agent.finetune.train_ppo_diffusion_agent][INFO] - approx_kl: 0.018793703988194466, update_epoch: 4, num_batch: 4
[2026-10-09 16:46:44,544][agent.finetune.train_ppo_diffusion_agent][INFO] - 122: step  8800000 | loss   0.0239 | pg loss  -0.0073 | value loss   0.0623 | bc loss   0.0000 | reward 3021.2758 | eta   1.0000 | t: 56.4554 | kl_true_per_action=0.21414118867578977 | logratio_p99=0.8061857354640952 | clamp_hit_frac=0.0008125
[2026-10-09 16:47:00,200][agent.finetune.train_ppo_diffusion_agent][INFO] - approx_kl: 0.0, update_epoch: 0, num_batch: 4
[2026-10-09 16:47:02,288][agent.finetune.train_ppo_diffusion_agent][INFO] - approx_kl: 0.00010284739983035251, update_epoch: 0, num_batch: 4
[2026-10-09 16:47:04,454][agent.finetune.train_ppo_diffusion_agent][INFO] - approx_kl: 0.00040837941924110055, update_epoch: 0, num_batch: 4
[2026-10-09 16:47:06,723][agent.finetune.train_ppo_diffusion_agent][INFO] - approx_kl: 0.0008712646085768938, update_epoch: 0, num_batch: 4
[2026-10-09 16:47:08,807][agent.finetune.train_ppo_diffusion_agent][INFO] - approx_kl: 0.001434210455045104, update_epoch: 1, num_batch: 4
[2026-10-09 16:47:10,999][agent.finetune.train_ppo_diffusion_agent][INFO] - approx_kl: 0.0021100405137985945, update_epoch: 1, num_batch: 4
[2026-10-09 16:47:13,171][agent.finetune.train_ppo_diffusion_agent][INFO] - approx_kl: 0.0031356378458440304, update_epoch: 1, num_batch: 4
[2026-10-09 16:47:15,447][agent.finetune.train_ppo_diffusion_agent][INFO] - approx_kl: 0.0040692551992833614, update_epoch: 1, num_batch: 4
[2026-10-09 16:47:17,529][agent.finetune.train_ppo_diffusion_agent][INFO] - approx_kl: 0.005381337832659483, update_epoch: 2, num_batch: 4
[2026-10-09 16:47:19,698][agent.finetune.train_ppo_diffusion_agent][INFO] - approx_kl: 0.006601069122552872, update_epoch: 2, num_batch: 4
[2026-10-09 16:47:21,869][agent.finetune.train_ppo_diffusion_agent][INFO] - approx_kl: 0.008149196393787861, update_epoch: 2, num_batch: 4
[2026-10-09 16:47:24,136][agent.finetune.train_ppo_diffusion_agent][INFO] - approx_kl: 0.01019124686717987, update_epoch: 2, num_batch: 4
[2026-10-09 16:47:26,216][agent.finetune.train_ppo_diffusion_agent][INFO] - approx_kl: 0.012640006840229034, update_epoch: 3, num_batch: 4
[2026-10-09 16:47:28,381][agent.finetune.train_ppo_diffusion_agent][INFO] - approx_kl: 0.014581942930817604, update_epoch: 3, num_batch: 4
[2026-10-09 16:47:30,553][agent.finetune.train_ppo_diffusion_agent][INFO] - approx_kl: 0.017784321680665016, update_epoch: 3, num_batch: 4
[2026-10-09 16:47:32,833][agent.finetune.train_ppo_diffusion_agent][INFO] - approx_kl: 0.020984960719943047, update_epoch: 3, num_batch: 4
[2026-10-09 16:47:34,905][agent.finetune.train_ppo_diffusion_agent][INFO] - approx_kl: 0.02415032498538494, update_epoch: 4, num_batch: 4
[2026-10-09 16:47:37,069][agent.finetune.train_ppo_diffusion_agent][INFO] - approx_kl: 0.027915891259908676, update_epoch: 4, num_batch: 4
[2026-10-09 16:47:39,247][agent.finetune.train_ppo_diffusion_agent][INFO] - approx_kl: 0.03263223171234131, update_epoch: 4, num_batch: 4
[2026-10-09 16:47:41,551][agent.finetune.train_ppo_diffusion_agent][INFO] - approx_kl: 0.03607140854001045, update_epoch: 4, num_batch: 4
[2026-10-09 16:47:41,570][agent.finetune.train_ppo_diffusion_agent][INFO] - 123: step  8880000 | loss   0.0281 | pg loss  -0.0047 | value loss   0.0654 | bc loss   0.0000 | reward 3118.7396 | eta   1.0000 | t: 57.0259 | kl_true_per_action=0.41442786330145087 | logratio_p99=1.0920190417766535 | clamp_hit_frac=0.0007958333333333333
[2026-10-09 16:47:56,125][agent.finetune.train_ppo_diffusion_agent][INFO] - approx_kl: 0.0, update_epoch: 0, num_batch: 4
[2026-10-09 16:47:58,305][agent.finetune.train_ppo_diffusion_agent][INFO] - approx_kl: 8.50193464430049e-05, update_epoch: 0, num_batch: 4
[2026-10-09 16:48:00,472][agent.finetune.train_ppo_diffusion_agent][INFO] - approx_kl: 0.0002787847479339689, update_epoch: 0, num_batch: 4
[2026-10-09 16:48:02,761][agent.finetune.train_ppo_diffusion_agent][INFO] - approx_kl: 0.0005103172152303159, update_epoch: 0, num_batch: 4
[2026-10-09 16:48:04,855][agent.finetune.train_ppo_diffusion_agent][INFO] - approx_kl: 0.0007380818133242428, update_epoch: 1, num_batch: 4
[2026-10-09 16:48:07,036][agent.finetune.train_ppo_diffusion_agent][INFO] - approx_kl: 0.0009997104061767459, update_epoch: 1, num_batch: 4
[2026-10-09 16:48:09,218][agent.finetune.train_ppo_diffusion_agent][INFO] - approx_kl: 0.0013029780238866806, update_epoch: 1, num_batch: 4
[2026-10-09 16:48:11,510][agent.finetune.train_ppo_diffusion_agent][INFO] - approx_kl: 0.0016685598529875278, update_epoch: 1, num_batch: 4
[2026-10-09 16:48:13,650][agent.finetune.train_ppo_diffusion_agent][INFO] - approx_kl: 0.002189457416534424, update_epoch: 2, num_batch: 4
[2026-10-09 16:48:15,833][agent.finetune.train_ppo_diffusion_agent][INFO] - approx_kl: 0.0028531316202133894, update_epoch: 2, num_batch: 4
[2026-10-09 16:48:18,021][agent.finetune.train_ppo_diffusion_agent][INFO] - approx_kl: 0.003670229809358716, update_epoch: 2, num_batch: 4
[2026-10-09 16:48:20,309][agent.finetune.train_ppo_diffusion_agent][INFO] - approx_kl: 0.004740478936582804, update_epoch: 2, num_batch: 4
[2026-10-09 16:48:22,412][agent.finetune.train_ppo_diffusion_agent][INFO] - approx_kl: 0.006161313969641924, update_epoch: 3, num_batch: 4
[2026-10-09 16:48:24,586][agent.finetune.train_ppo_diffusion_agent][INFO] - approx_kl: 0.007704277988523245, update_epoch: 3, num_batch: 4
[2026-10-09 16:48:26,764][agent.finetune.train_ppo_diffusion_agent][INFO] - approx_kl: 0.009406101889908314, update_epoch: 3, num_batch: 4
[2026-10-09 16:48:29,052][agent.finetune.train_ppo_diffusion_agent][INFO] - approx_kl: 0.011675817891955376, update_epoch: 3, num_batch: 4
[2026-10-09 16:48:31,141][agent.finetune.train_ppo_diffusion_agent][INFO] - approx_kl: 0.015031255781650543, update_epoch: 4, num_batch: 4
[2026-10-09 16:48:33,330][agent.finetune.train_ppo_diffusion_agent][INFO] - approx_kl: 0.01743585802614689, update_epoch: 4, num_batch: 4
[2026-10-09 16:48:35,511][agent.finetune.train_ppo_diffusion_agent][INFO] - approx_kl: 0.020864326506853104, update_epoch: 4, num_batch: 4
[2026-10-09 16:48:37,797][agent.finetune.train_ppo_diffusion_agent][INFO] - approx_kl: 0.024829145520925522, update_epoch: 4, num_batch: 4
[2026-10-09 16:48:37,815][agent.finetune.train_ppo_diffusion_agent][INFO] - 124: step  8960000 | loss   0.0270 | pg loss  -0.0068 | value loss   0.0677 | bc loss   0.0000 | reward 3177.8392 | eta   1.0000 | t: 56.2450 | kl_true_per_action=0.3021473095497893 | logratio_p99=0.9094525563716883 | clamp_hit_frac=0.0007916666666666666
[2026-10-09 16:48:52,399][agent.finetune.train_ppo_diffusion_agent][INFO] - approx_kl: 0.0, update_epoch: 0, num_batch: 4
[2026-10-09 16:48:54,603][agent.finetune.train_ppo_diffusion_agent][INFO] - approx_kl: 0.00014832736633252352, update_epoch: 0, num_batch: 4
[2026-10-09 16:48:56,782][agent.finetune.train_ppo_diffusion_agent][INFO] - approx_kl: 0.0005970730562694371, update_epoch: 0, num_batch: 4
[2026-10-09 16:48:59,061][agent.finetune.train_ppo_diffusion_agent][INFO] - approx_kl: 0.0011175511172041297, update_epoch: 0, num_batch: 4
[2026-10-09 16:49:01,165][agent.finetune.train_ppo_diffusion_agent][INFO] - approx_kl: 0.0015965340426191688, update_epoch: 1, num_batch: 4
[2026-10-09 16:49:03,358][agent.finetune.train_ppo_diffusion_agent][INFO] - approx_kl: 0.0020979391410946846, update_epoch: 1, num_batch: 4
[2026-10-09 16:49:05,539][agent.finetune.train_ppo_diffusion_agent][INFO] - approx_kl: 0.0025750016793608665, update_epoch: 1, num_batch: 4
[2026-10-09 16:49:07,818][agent.finetune.train_ppo_diffusion_agent][INFO] - approx_kl: 0.002883414039388299, update_epoch: 1, num_batch: 4
[2026-10-09 16:49:09,915][agent.finetune.train_ppo_diffusion_agent][INFO] - approx_kl: 0.003329779952764511, update_epoch: 2, num_batch: 4
[2026-10-09 16:49:12,101][agent.finetune.train_ppo_diffusion_agent][INFO] - approx_kl: 0.003795014228671789, update_epoch: 2, num_batch: 4
[2026-10-09 16:49:14,332][agent.finetune.train_ppo_diffusion_agent][INFO] - approx_kl: 0.004145296756178141, update_epoch: 2, num_batch: 4
[2026-10-09 16:49:16,621][agent.finetune.train_ppo_diffusion_agent][INFO] - approx_kl: 0.004644284024834633, update_epoch: 2, num_batch: 4
[2026-10-09 16:49:18,716][agent.finetune.train_ppo_diffusion_agent][INFO] - approx_kl: 0.005394440609961748, update_epoch: 3, num_batch: 4
[2026-10-09 16:49:20,904][agent.finetune.train_ppo_diffusion_agent][INFO] - approx_kl: 0.005805515218526125, update_epoch: 3, num_batch: 4
[2026-10-09 16:49:23,094][agent.finetune.train_ppo_diffusion_agent][INFO] - approx_kl: 0.006669985130429268, update_epoch: 3, num_batch: 4
[2026-10-09 16:49:25,384][agent.finetune.train_ppo_diffusion_agent][INFO] - approx_kl: 0.0077679050154984, update_epoch: 3, num_batch: 4
[2026-10-09 16:49:27,470][agent.finetune.train_ppo_diffusion_agent][INFO] - approx_kl: 0.008965923450887203, update_epoch: 4, num_batch: 4
[2026-10-09 16:49:29,663][agent.finetune.train_ppo_diffusion_agent][INFO] - approx_kl: 0.010335500352084637, update_epoch: 4, num_batch: 4
[2026-10-09 16:49:31,849][agent.finetune.train_ppo_diffusion_agent][INFO] - approx_kl: 0.011813418939709663, update_epoch: 4, num_batch: 4
[2026-10-09 16:49:34,146][agent.finetune.train_ppo_diffusion_agent][INFO] - approx_kl: 0.013231359422206879, update_epoch: 4, num_batch: 4
[2026-10-09 16:49:34,165][agent.finetune.train_ppo_diffusion_agent][INFO] - 125: step  9040000 | loss   0.0281 | pg loss  -0.0067 | value loss   0.0696 | bc loss   0.0000 | reward 3216.2739 | eta   1.0000 | t: 56.3502 | kl_true_per_action=0.15384013957680448 | logratio_p99=0.6235199880599961 | clamp_hit_frac=0.0008479166666666666
[2026-10-09 16:49:48,736][agent.finetune.train_ppo_diffusion_agent][INFO] - approx_kl: 0.0, update_epoch: 0, num_batch: 4
[2026-10-09 16:49:50,936][agent.finetune.train_ppo_diffusion_agent][INFO] - approx_kl: 0.0001036302637658082, update_epoch: 0, num_batch: 4
[2026-10-09 16:49:53,106][agent.finetune.train_ppo_diffusion_agent][INFO] - approx_kl: 0.0003484438348095864, update_epoch: 0, num_batch: 4
[2026-10-09 16:49:55,399][agent.finetune.train_ppo_diffusion_agent][INFO] - approx_kl: 0.0007516953628510237, update_epoch: 0, num_batch: 4
[2026-10-09 16:49:57,500][agent.finetune.train_ppo_diffusion_agent][INFO] - approx_kl: 0.0012491012457758188, update_epoch: 1, num_batch: 4
[2026-10-09 16:49:59,683][agent.finetune.train_ppo_diffusion_agent][INFO] - approx_kl: 0.002005405258387327, update_epoch: 1, num_batch: 4
[2026-10-09 16:50:01,870][agent.finetune.train_ppo_diffusion_agent][INFO] - approx_kl: 0.0026438836939632893, update_epoch: 1, num_batch: 4
[2026-10-09 16:50:04,157][agent.finetune.train_ppo_diffusion_agent][INFO] - approx_kl: 0.003443836234509945, update_epoch: 1, num_batch: 4
[2026-10-09 16:50:06,260][agent.finetune.train_ppo_diffusion_agent][INFO] - approx_kl: 0.004311322700232267, update_epoch: 2, num_batch: 4
[2026-10-09 16:50:08,445][agent.finetune.train_ppo_diffusion_agent][INFO] - approx_kl: 0.00548624387010932, update_epoch: 2, num_batch: 4
[2026-10-09 16:50:10,620][agent.finetune.train_ppo_diffusion_agent][INFO] - approx_kl: 0.006782778073102236, update_epoch: 2, num_batch: 4
[2026-10-09 16:50:12,906][agent.finetune.train_ppo_diffusion_agent][INFO] - approx_kl: 0.008216693997383118, update_epoch: 2, num_batch: 4
[2026-10-09 16:50:15,035][agent.finetune.train_ppo_diffusion_agent][INFO] - approx_kl: 0.009820706211030483, update_epoch: 3, num_batch: 4
[2026-10-09 16:50:17,210][agent.finetune.train_ppo_diffusion_agent][INFO] - approx_kl: 0.011437507346272469, update_epoch: 3, num_batch: 4
[2026-10-09 16:50:19,389][agent.finetune.train_ppo_diffusion_agent][INFO] - approx_kl: 0.012835651636123657, update_epoch: 3, num_batch: 4
[2026-10-09 16:50:21,676][agent.finetune.train_ppo_diffusion_agent][INFO] - approx_kl: 0.0152587303891778, update_epoch: 3, num_batch: 4
[2026-10-09 16:50:23,773][agent.finetune.train_ppo_diffusion_agent][INFO] - approx_kl: 0.017272423952817917, update_epoch: 4, num_batch: 4
[2026-10-09 16:50:25,951][agent.finetune.train_ppo_diffusion_agent][INFO] - approx_kl: 0.020003220066428185, update_epoch: 4, num_batch: 4
[2026-10-09 16:50:28,129][agent.finetune.train_ppo_diffusion_agent][INFO] - approx_kl: 0.021718241274356842, update_epoch: 4, num_batch: 4
[2026-10-09 16:50:30,410][agent.finetune.train_ppo_diffusion_agent][INFO] - approx_kl: 0.025464775040745735, update_epoch: 4, num_batch: 4
[2026-10-09 16:50:30,429][agent.finetune.train_ppo_diffusion_agent][INFO] - 126: step  9120000 | loss   0.0306 | pg loss  -0.0065 | value loss   0.0743 | bc loss   0.0000 | reward 3225.3238 | eta   1.0000 | t: 56.2638 | kl_true_per_action=0.2834697914683385 | logratio_p99=0.8339769017696371 | clamp_hit_frac=0.0007416666666666666
[2026-10-09 16:50:44,996][agent.finetune.train_ppo_diffusion_agent][INFO] - approx_kl: 0.0, update_epoch: 0, num_batch: 4
[2026-10-09 16:50:47,170][agent.finetune.train_ppo_diffusion_agent][INFO] - approx_kl: 0.0001039632988977246, update_epoch: 0, num_batch: 4
[2026-10-09 16:50:49,454][agent.finetune.train_ppo_diffusion_agent][INFO] - approx_kl: 0.00035793762071989477, update_epoch: 0, num_batch: 4
[2026-10-09 16:50:51,541][agent.finetune.train_ppo_diffusion_agent][INFO] - approx_kl: 0.0006735617062076926, update_epoch: 0, num_batch: 4
[2026-10-09 16:50:53,721][agent.finetune.train_ppo_diffusion_agent][INFO] - approx_kl: 0.0011120843701064587, update_epoch: 1, num_batch: 4
[2026-10-09 16:50:55,908][agent.finetune.train_ppo_diffusion_agent][INFO] - approx_kl: 0.0016833895351737738, update_epoch: 1, num_batch: 4
[2026-10-09 16:50:58,201][agent.finetune.train_ppo_diffusion_agent][INFO] - approx_kl: 0.0023488232400268316, update_epoch: 1, num_batch: 4
[2026-10-09 16:51:00,301][agent.finetune.train_ppo_diffusion_agent][INFO] - approx_kl: 0.0031874394044280052, update_epoch: 1, num_batch: 4
[2026-10-09 16:51:02,483][agent.finetune.train_ppo_diffusion_agent][INFO] - approx_kl: 0.004027966409921646, update_epoch: 2, num_batch: 4
[2026-10-09 16:51:04,668][agent.finetune.train_ppo_diffusion_agent][INFO] - approx_kl: 0.004956731107085943, update_epoch: 2, num_batch: 4
[2026-10-09 16:51:06,967][agent.finetune.train_ppo_diffusion_agent][INFO] - approx_kl: 0.006302220281213522, update_epoch: 2, num_batch: 4
[2026-10-09 16:51:09,061][agent.finetune.train_ppo_diffusion_agent][INFO] - approx_kl: 0.00765477167442441, update_epoch: 2, num_batch: 4
[2026-10-09 16:51:11,232][agent.finetune.train_ppo_diffusion_agent][INFO] - approx_kl: 0.009153487160801888, update_epoch: 3, num_batch: 4
[2026-10-09 16:51:13,413][agent.finetune.train_ppo_diffusion_agent][INFO] - approx_kl: 0.010963073000311852, update_epoch: 3, num_batch: 4
[2026-10-09 16:51:15,722][agent.finetune.train_ppo_diffusion_agent][INFO] - approx_kl: 0.012569554150104523, update_epoch: 3, num_batch: 4
[2026-10-09 16:51:17,815][agent.finetune.train_ppo_diffusion_agent][INFO] - approx_kl: 0.014133498072624207, update_epoch: 3, num_batch: 4
[2026-10-09 16:51:20,000][agent.finetune.train_ppo_diffusion_agent][INFO] - approx_kl: 0.016689300537109375, update_epoch: 4, num_batch: 4
[2026-10-09 16:51:22,183][agent.finetune.train_ppo_diffusion_agent][INFO] - approx_kl: 0.01913846842944622, update_epoch: 4, num_batch: 4
[2026-10-09 16:51:24,454][agent.finetune.train_ppo_diffusion_agent][INFO] - approx_kl: 0.021881001070141792, update_epoch: 4, num_batch: 4
[2026-10-09 16:51:26,552][agent.finetune.train_ppo_diffusion_agent][INFO] - approx_kl: 0.02471102401614189, update_epoch: 4, num_batch: 4
[2026-10-09 16:51:26,570][agent.finetune.train_ppo_diffusion_agent][INFO] - 127: step  9200000 | loss   0.0319 | pg loss  -0.0079 | value loss   0.0795 | bc loss   0.0000 | reward 3327.4302 | eta   1.0000 | t: 56.1412 | kl_true_per_action=0.2766507351059887 | logratio_p99=0.8393914008140545 | clamp_hit_frac=0.0007833333333333334
[2026-10-09 16:51:41,358][agent.finetune.train_ppo_diffusion_agent][INFO] - approx_kl: 0.0, update_epoch: 0, num_batch: 4
[2026-10-09 16:51:43,608][agent.finetune.train_ppo_diffusion_agent][INFO] - approx_kl: 0.00011658466246444732, update_epoch: 0, num_batch: 4
[2026-10-09 16:51:45,955][agent.finetune.train_ppo_diffusion_agent][INFO] - approx_kl: 0.0004661268903873861, update_epoch: 0, num_batch: 4
[2026-10-09 16:51:48,089][agent.finetune.train_ppo_diffusion_agent][INFO] - approx_kl: 0.0009909981163218617, update_epoch: 0, num_batch: 4
[2026-10-09 16:51:50,289][agent.finetune.train_ppo_diffusion_agent][INFO] - approx_kl: 0.0016803855542093515, update_epoch: 1, num_batch: 4
[2026-10-09 16:51:52,473][agent.finetune.train_ppo_diffusion_agent][INFO] - approx_kl: 0.0024765287525951862, update_epoch: 1, num_batch: 4
[2026-10-09 16:51:54,763][agent.finetune.train_ppo_diffusion_agent][INFO] - approx_kl: 0.003443935187533498, update_epoch: 1, num_batch: 4
[2026-10-09 16:51:56,859][agent.finetune.train_ppo_diffusion_agent][INFO] - approx_kl: 0.0046135373413562775, update_epoch: 1, num_batch: 4
[2026-10-09 16:51:59,057][agent.finetune.train_ppo_diffusion_agent][INFO] - approx_kl: 0.0059973206371068954, update_epoch: 2, num_batch: 4
[2026-10-09 16:52:01,233][agent.finetune.train_ppo_diffusion_agent][INFO] - approx_kl: 0.007466452661901712, update_epoch: 2, num_batch: 4
[2026-10-09 16:52:03,539][agent.finetune.train_ppo_diffusion_agent][INFO] - approx_kl: 0.009088234975934029, update_epoch: 2, num_batch: 4
[2026-10-09 16:52:05,659][agent.finetune.train_ppo_diffusion_agent][INFO] - approx_kl: 0.0111280782148242, update_epoch: 2, num_batch: 4
[2026-10-09 16:52:07,893][agent.finetune.train_ppo_diffusion_agent][INFO] - approx_kl: 0.013424203731119633, update_epoch: 3, num_batch: 4
[2026-10-09 16:52:10,074][agent.finetune.train_ppo_diffusion_agent][INFO] - approx_kl: 0.015771547332406044, update_epoch: 3, num_batch: 4
[2026-10-09 16:52:12,370][agent.finetune.train_ppo_diffusion_agent][INFO] - approx_kl: 0.018378688022494316, update_epoch: 3, num_batch: 4
[2026-10-09 16:52:14,446][agent.finetune.train_ppo_diffusion_agent][INFO] - approx_kl: 0.02102523297071457, update_epoch: 3, num_batch: 4
[2026-10-09 16:52:16,596][agent.finetune.train_ppo_diffusion_agent][INFO] - approx_kl: 0.02400708943605423, update_epoch: 4, num_batch: 4
[2026-10-09 16:52:18,713][agent.finetune.train_ppo_diffusion_agent][INFO] - approx_kl: 0.027147695422172546, update_epoch: 4, num_batch: 4
[2026-10-09 16:52:20,960][agent.finetune.train_ppo_diffusion_agent][INFO] - approx_kl: 0.032523199915885925, update_epoch: 4, num_batch: 4
[2026-10-09 16:52:23,075][agent.finetune.train_ppo_diffusion_agent][INFO] - approx_kl: 0.035016365349292755, update_epoch: 4, num_batch: 4
[2026-10-09 16:52:23,091][agent.finetune.train_ppo_diffusion_agent][INFO] - 128: step  9280000 | loss   0.0329 | pg loss  -0.0089 | value loss   0.0836 | bc loss   0.0000 | reward 3269.0995 | eta   1.0000 | t: 56.5211 | kl_true_per_action=0.38112006415025496 | logratio_p99=1.1021600687503759 | clamp_hit_frac=0.0008166666666666667
[2026-10-09 16:52:37,900][agent.finetune.train_ppo_diffusion_agent][INFO] - approx_kl: 0.0, update_epoch: 0, num_batch: 4
[2026-10-09 16:52:40,176][agent.finetune.train_ppo_diffusion_agent][INFO] - approx_kl: 0.00013019687321502715, update_epoch: 0, num_batch: 4
[2026-10-09 16:52:42,534][agent.finetune.train_ppo_diffusion_agent][INFO] - approx_kl: 0.0005405882257036865, update_epoch: 0, num_batch: 4
[2026-10-09 16:52:44,686][agent.finetune.train_ppo_diffusion_agent][INFO] - approx_kl: 0.0011749959085136652, update_epoch: 0, num_batch: 4
[2026-10-09 16:52:46,920][agent.finetune.train_ppo_diffusion_agent][INFO] - approx_kl: 0.0020313167478889227, update_epoch: 1, num_batch: 4
[2026-10-09 16:52:49,281][agent.finetune.train_ppo_diffusion_agent][INFO] - approx_kl: 0.0029591021593660116, update_epoch: 1, num_batch: 4
[2026-10-09 16:52:51,355][agent.finetune.train_ppo_diffusion_agent][INFO] - approx_kl: 0.004293476697057486, update_epoch: 1, num_batch: 4
[2026-10-09 16:52:53,520][agent.finetune.train_ppo_diffusion_agent][INFO] - approx_kl: 0.0060396078042685986, update_epoch: 1, num_batch: 4
[2026-10-09 16:52:55,675][agent.finetune.train_ppo_diffusion_agent][INFO] - approx_kl: 0.00787065364420414, update_epoch: 2, num_batch: 4
[2026-10-09 16:52:57,952][agent.finetune.train_ppo_diffusion_agent][INFO] - approx_kl: 0.009969823062419891, update_epoch: 2, num_batch: 4
[2026-10-09 16:53:00,020][agent.finetune.train_ppo_diffusion_agent][INFO] - approx_kl: 0.012996784411370754, update_epoch: 2, num_batch: 4
[2026-10-09 16:53:02,189][agent.finetune.train_ppo_diffusion_agent][INFO] - approx_kl: 0.016470937058329582, update_epoch: 2, num_batch: 4
[2026-10-09 16:53:04,350][agent.finetune.train_ppo_diffusion_agent][INFO] - approx_kl: 0.019220182672142982, update_epoch: 3, num_batch: 4
[2026-10-09 16:53:06,625][agent.finetune.train_ppo_diffusion_agent][INFO] - approx_kl: 0.02410275861620903, update_epoch: 3, num_batch: 4
[2026-10-09 16:53:08,758][agent.finetune.train_ppo_diffusion_agent][INFO] - approx_kl: 0.029053283855319023, update_epoch: 3, num_batch: 4
[2026-10-09 16:53:10,915][agent.finetune.train_ppo_diffusion_agent][INFO] - approx_kl: 0.03350934013724327, update_epoch: 3, num_batch: 4
[2026-10-09 16:53:13,064][agent.finetune.train_ppo_diffusion_agent][INFO] - approx_kl: 0.03936870023608208, update_epoch: 4, num_batch: 4
[2026-10-09 16:53:15,334][agent.finetune.train_ppo_diffusion_agent][INFO] - approx_kl: 0.045540522783994675, update_epoch: 4, num_batch: 4
[2026-10-09 16:53:17,413][agent.finetune.train_ppo_diffusion_agent][INFO] - approx_kl: 0.05227917432785034, update_epoch: 4, num_batch: 4
[2026-10-09 16:53:19,581][agent.finetune.train_ppo_diffusion_agent][INFO] - approx_kl: 0.06118903309106827, update_epoch: 4, num_batch: 4
[2026-10-09 16:53:19,597][agent.finetune.train_ppo_diffusion_agent][INFO] - 129: step  9360000 | loss   0.0332 | pg loss  -0.0103 | value loss   0.0871 | bc loss   0.0000 | reward 3398.4069 | eta   1.0000 | t: 56.5059 | kl_true_per_action=0.6865571988162056 | logratio_p99=1.5858737695217109 | clamp_hit_frac=0.0008291666666666666
[2026-10-09 16:53:32,366][agent.finetune.train_ppo_diffusion_agent][INFO] - eval: success rate   1.0000 | avg episode reward 3561.3690 | avg best reward   5.5222
[2026-10-09 16:53:48,003][agent.finetune.train_ppo_diffusion_agent][INFO] - approx_kl: 0.0, update_epoch: 0, num_batch: 4
[2026-10-09 16:53:50,282][agent.finetune.train_ppo_diffusion_agent][INFO] - approx_kl: 0.00029260601149871945, update_epoch: 0, num_batch: 4
[2026-10-09 16:53:52,382][agent.finetune.train_ppo_diffusion_agent][INFO] - approx_kl: 0.0011343836085870862, update_epoch: 0, num_batch: 4
[2026-10-09 16:53:54,557][agent.finetune.train_ppo_diffusion_agent][INFO] - approx_kl: 0.0023680704180151224, update_epoch: 0, num_batch: 4
[2026-10-09 16:53:56,733][agent.finetune.train_ppo_diffusion_agent][INFO] - approx_kl: 0.003805815242230892, update_epoch: 1, num_batch: 4
[2026-10-09 16:53:59,019][agent.finetune.train_ppo_diffusion_agent][INFO] - approx_kl: 0.005205643363296986, update_epoch: 1, num_batch: 4
[2026-10-09 16:54:01,123][agent.finetune.train_ppo_diffusion_agent][INFO] - approx_kl: 0.0064474609680473804, update_epoch: 1, num_batch: 4
[2026-10-09 16:54:03,309][agent.finetune.train_ppo_diffusion_agent][INFO] - approx_kl: 0.008152345195412636, update_epoch: 1, num_batch: 4
[2026-10-09 16:54:05,486][agent.finetune.train_ppo_diffusion_agent][INFO] - approx_kl: 0.010074597783386707, update_epoch: 2, num_batch: 4
[2026-10-09 16:54:07,761][agent.finetune.train_ppo_diffusion_agent][INFO] - approx_kl: 0.012380778789520264, update_epoch: 2, num_batch: 4
[2026-10-09 16:54:09,853][agent.finetune.train_ppo_diffusion_agent][INFO] - approx_kl: 0.014774522744119167, update_epoch: 2, num_batch: 4
[2026-10-09 16:54:12,029][agent.finetune.train_ppo_diffusion_agent][INFO] - approx_kl: 0.017561057582497597, update_epoch: 2, num_batch: 4
[2026-10-09 16:54:14,204][agent.finetune.train_ppo_diffusion_agent][INFO] - approx_kl: 0.020379504188895226, update_epoch: 3, num_batch: 4
[2026-10-09 16:54:16,484][agent.finetune.train_ppo_diffusion_agent][INFO] - approx_kl: 0.02263106405735016, update_epoch: 3, num_batch: 4
[2026-10-09 16:54:18,570][agent.finetune.train_ppo_diffusion_agent][INFO] - approx_kl: 0.027733061462640762, update_epoch: 3, num_batch: 4
[2026-10-09 16:54:20,736][agent.finetune.train_ppo_diffusion_agent][INFO] - approx_kl: 0.03068210929632187, update_epoch: 3, num_batch: 4
[2026-10-09 16:54:22,917][agent.finetune.train_ppo_diffusion_agent][INFO] - approx_kl: 0.03490700572729111, update_epoch: 4, num_batch: 4
[2026-10-09 16:54:25,205][agent.finetune.train_ppo_diffusion_agent][INFO] - approx_kl: 0.03956545889377594, update_epoch: 4, num_batch: 4
[2026-10-09 16:54:27,300][agent.finetune.train_ppo_diffusion_agent][INFO] - approx_kl: 0.04481377452611923, update_epoch: 4, num_batch: 4
[2026-10-09 16:54:29,476][agent.finetune.train_ppo_diffusion_agent][INFO] - approx_kl: 0.05022158473730087, update_epoch: 4, num_batch: 4
[2026-10-09 16:54:29,495][agent.finetune.train_ppo_diffusion_agent][INFO] - 131: step  9440000 | loss   0.0368 | pg loss  -0.0078 | value loss   0.0892 | bc loss   0.0000 | reward 3308.6603 | eta   1.0000 | t: 57.1292 | kl_true_per_action=0.5560028803090644 | logratio_p99=1.3251700913906077 | clamp_hit_frac=0.0008375
[2026-10-09 16:54:45,156][agent.finetune.train_ppo_diffusion_agent][INFO] - approx_kl: 0.0, update_epoch: 0, num_batch: 4
[2026-10-09 16:54:47,424][agent.finetune.train_ppo_diffusion_agent][INFO] - approx_kl: 0.00018798270320985466, update_epoch: 0, num_batch: 4
[2026-10-09 16:54:49,510][agent.finetune.train_ppo_diffusion_agent][INFO] - approx_kl: 0.0008421659586019814, update_epoch: 0, num_batch: 4
[2026-10-09 16:54:51,680][agent.finetune.train_ppo_diffusion_agent][INFO] - approx_kl: 0.0019306294852867723, update_epoch: 0, num_batch: 4
[2026-10-09 16:54:53,856][agent.finetune.train_ppo_diffusion_agent][INFO] - approx_kl: 0.0032836541067808867, update_epoch: 1, num_batch: 4
[2026-10-09 16:54:56,130][agent.finetune.train_ppo_diffusion_agent][INFO] - approx_kl: 0.0049055819399654865, update_epoch: 1, num_batch: 4
[2026-10-09 16:54:58,219][agent.finetune.train_ppo_diffusion_agent][INFO] - approx_kl: 0.006876297295093536, update_epoch: 1, num_batch: 4
[2026-10-09 16:55:00,383][agent.finetune.train_ppo_diffusion_agent][INFO] - approx_kl: 0.009426400996744633, update_epoch: 1, num_batch: 4
[2026-10-09 16:55:02,554][agent.finetune.train_ppo_diffusion_agent][INFO] - approx_kl: 0.012277650646865368, update_epoch: 2, num_batch: 4
[2026-10-09 16:55:04,876][agent.finetune.train_ppo_diffusion_agent][INFO] - approx_kl: 0.015469375066459179, update_epoch: 2, num_batch: 4
[2026-10-09 16:55:06,961][agent.finetune.train_ppo_diffusion_agent][INFO] - approx_kl: 0.018926311284303665, update_epoch: 2, num_batch: 4
[2026-10-09 16:55:09,123][agent.finetune.train_ppo_diffusion_agent][INFO] - approx_kl: 0.02260226011276245, update_epoch: 2, num_batch: 4
[2026-10-09 16:55:11,292][agent.finetune.train_ppo_diffusion_agent][INFO] - approx_kl: 0.027781805023550987, update_epoch: 3, num_batch: 4
[2026-10-09 16:55:13,567][agent.finetune.train_ppo_diffusion_agent][INFO] - approx_kl: 0.03328641131520271, update_epoch: 3, num_batch: 4
[2026-10-09 16:55:15,647][agent.finetune.train_ppo_diffusion_agent][INFO] - approx_kl: 0.03830308839678764, update_epoch: 3, num_batch: 4
[2026-10-09 16:55:17,824][agent.finetune.train_ppo_diffusion_agent][INFO] - approx_kl: 0.04662757366895676, update_epoch: 3, num_batch: 4
[2026-10-09 16:55:19,988][agent.finetune.train_ppo_diffusion_agent][INFO] - approx_kl: 0.05351478233933449, update_epoch: 4, num_batch: 4
[2026-10-09 16:55:22,268][agent.finetune.train_ppo_diffusion_agent][INFO] - approx_kl: 0.060355618596076965, update_epoch: 4, num_batch: 4
[2026-10-09 16:55:24,364][agent.finetune.train_ppo_diffusion_agent][INFO] - approx_kl: 0.07149171084165573, update_epoch: 4, num_batch: 4
[2026-10-09 16:55:26,556][agent.finetune.train_ppo_diffusion_agent][INFO] - approx_kl: 0.07926701009273529, update_epoch: 4, num_batch: 4
[2026-10-09 16:55:26,579][agent.finetune.train_ppo_diffusion_agent][INFO] - 132: step  9520000 | loss   0.0352 | pg loss  -0.0112 | value loss   0.0927 | bc loss   0.0000 | reward 3236.5555 | eta   1.0000 | t: 57.0835 | kl_true_per_action=0.8680269653537448 | logratio_p99=1.7400830686092372 | clamp_hit_frac=0.0007520833333333333
[2026-10-09 16:55:42,231][agent.finetune.train_ppo_diffusion_agent][INFO] - approx_kl: 0.0, update_epoch: 0, num_batch: 4
[2026-10-09 16:55:44,505][agent.finetune.train_ppo_diffusion_agent][INFO] - approx_kl: 0.0004177498631179333, update_epoch: 0, num_batch: 4
[2026-10-09 16:55:46,607][agent.finetune.train_ppo_diffusion_agent][INFO] - approx_kl: 0.0014409201685339212, update_epoch: 0, num_batch: 4
[2026-10-09 16:55:48,784][agent.finetune.train_ppo_diffusion_agent][INFO] - approx_kl: 0.0029293217230588198, update_epoch: 0, num_batch: 4
[2026-10-09 16:55:50,946][agent.finetune.train_ppo_diffusion_agent][INFO] - approx_kl: 0.004606992471963167, update_epoch: 1, num_batch: 4
[2026-10-09 16:55:53,231][agent.finetune.train_ppo_diffusion_agent][INFO] - approx_kl: 0.006609680131077766, update_epoch: 1, num_batch: 4
[2026-10-09 16:55:55,327][agent.finetune.train_ppo_diffusion_agent][INFO] - approx_kl: 0.008714267052710056, update_epoch: 1, num_batch: 4
[2026-10-09 16:55:57,547][agent.finetune.train_ppo_diffusion_agent][INFO] - approx_kl: 0.010792694985866547, update_epoch: 1, num_batch: 4
[2026-10-09 16:55:59,723][agent.finetune.train_ppo_diffusion_agent][INFO] - approx_kl: 0.013359191827476025, update_epoch: 2, num_batch: 4
[2026-10-09 16:56:01,999][agent.finetune.train_ppo_diffusion_agent][INFO] - approx_kl: 0.015249090269207954, update_epoch: 2, num_batch: 4
[2026-10-09 16:56:04,087][agent.finetune.train_ppo_diffusion_agent][INFO] - approx_kl: 0.01822657138109207, update_epoch: 2, num_batch: 4
[2026-10-09 16:56:06,266][agent.finetune.train_ppo_diffusion_agent][INFO] - approx_kl: 0.02088109776377678, update_epoch: 2, num_batch: 4
[2026-10-09 16:56:08,444][agent.finetune.train_ppo_diffusion_agent][INFO] - approx_kl: 0.023524271324276924, update_epoch: 3, num_batch: 4
[2026-10-09 16:56:10,729][agent.finetune.train_ppo_diffusion_agent][INFO] - approx_kl: 0.028271976858377457, update_epoch: 3, num_batch: 4
[2026-10-09 16:56:12,825][agent.finetune.train_ppo_diffusion_agent][INFO] - approx_kl: 0.030537797138094902, update_epoch: 3, num_batch: 4
[2026-10-09 16:56:15,012][agent.finetune.train_ppo_diffusion_agent][INFO] - approx_kl: 0.03690584748983383, update_epoch: 3, num_batch: 4
[2026-10-09 16:56:17,200][agent.finetune.train_ppo_diffusion_agent][INFO] - approx_kl: 0.03977813199162483, update_epoch: 4, num_batch: 4
[2026-10-09 16:56:19,480][agent.finetune.train_ppo_diffusion_agent][INFO] - approx_kl: 0.044113487005233765, update_epoch: 4, num_batch: 4
[2026-10-09 16:56:21,579][agent.finetune.train_ppo_diffusion_agent][INFO] - approx_kl: 0.047957733273506165, update_epoch: 4, num_batch: 4
[2026-10-09 16:56:23,760][agent.finetune.train_ppo_diffusion_agent][INFO] - approx_kl: 0.053947240114212036, update_epoch: 4, num_batch: 4
[2026-10-09 16:56:23,779][agent.finetune.train_ppo_diffusion_agent][INFO] - 133: step  9600000 | loss   0.0395 | pg loss  -0.0091 | value loss   0.0972 | bc loss   0.0000 | reward 3460.2101 | eta   1.0000 | t: 57.2005 | kl_true_per_action=0.6044355567729843 | logratio_p99=1.407863701581954 | clamp_hit_frac=0.00076875
[2026-10-09 16:56:39,547][agent.finetune.train_ppo_diffusion_agent][INFO] - approx_kl: 0.0, update_epoch: 0, num_batch: 4
[2026-10-09 16:56:41,621][agent.finetune.train_ppo_diffusion_agent][INFO] - approx_kl: 0.00013543332170229405, update_epoch: 0, num_batch: 4
[2026-10-09 16:56:43,798][agent.finetune.train_ppo_diffusion_agent][INFO] - approx_kl: 0.0004979705554433167, update_epoch: 0, num_batch: 4
[2026-10-09 16:56:45,977][agent.finetune.train_ppo_diffusion_agent][INFO] - approx_kl: 0.0010956733021885157, update_epoch: 0, num_batch: 4
[2026-10-09 16:56:48,252][agent.finetune.train_ppo_diffusion_agent][INFO] - approx_kl: 0.001853583031333983, update_epoch: 1, num_batch: 4
[2026-10-09 16:56:50,332][agent.finetune.train_ppo_diffusion_agent][INFO] - approx_kl: 0.0028247423470020294, update_epoch: 1, num_batch: 4
[2026-10-09 16:56:52,492][agent.finetune.train_ppo_diffusion_agent][INFO] - approx_kl: 0.003828002605587244, update_epoch: 1, num_batch: 4
[2026-10-09 16:56:54,662][agent.finetune.train_ppo_diffusion_agent][INFO] - approx_kl: 0.005002952180802822, update_epoch: 1, num_batch: 4
[2026-10-09 16:56:56,940][agent.finetune.train_ppo_diffusion_agent][INFO] - approx_kl: 0.006327630020678043, update_epoch: 2, num_batch: 4
[2026-10-09 16:56:59,056][agent.finetune.train_ppo_diffusion_agent][INFO] - approx_kl: 0.007989305071532726, update_epoch: 2, num_batch: 4
[2026-10-09 16:57:01,222][agent.finetune.train_ppo_diffusion_agent][INFO] - approx_kl: 0.009928337298333645, update_epoch: 2, num_batch: 4
[2026-10-09 16:57:03,389][agent.finetune.train_ppo_diffusion_agent][INFO] - approx_kl: 0.012155667878687382, update_epoch: 2, num_batch: 4
[2026-10-09 16:57:05,645][agent.finetune.train_ppo_diffusion_agent][INFO] - approx_kl: 0.01411938201636076, update_epoch: 3, num_batch: 4
[2026-10-09 16:57:07,730][agent.finetune.train_ppo_diffusion_agent][INFO] - approx_kl: 0.01681596040725708, update_epoch: 3, num_batch: 4
[2026-10-09 16:57:09,912][agent.finetune.train_ppo_diffusion_agent][INFO] - approx_kl: 0.019821496680378914, update_epoch: 3, num_batch: 4
[2026-10-09 16:57:12,077][agent.finetune.train_ppo_diffusion_agent][INFO] - approx_kl: 0.023646865040063858, update_epoch: 3, num_batch: 4
[2026-10-09 16:57:14,353][agent.finetune.train_ppo_diffusion_agent][INFO] - approx_kl: 0.027288665995001793, update_epoch: 4, num_batch: 4
[2026-10-09 16:57:16,419][agent.finetune.train_ppo_diffusion_agent][INFO] - approx_kl: 0.031089691445231438, update_epoch: 4, num_batch: 4
[2026-10-09 16:57:18,587][agent.finetune.train_ppo_diffusion_agent][INFO] - approx_kl: 0.035368431359529495, update_epoch: 4, num_batch: 4
[2026-10-09 16:57:20,758][agent.finetune.train_ppo_diffusion_agent][INFO] - approx_kl: 0.039740219712257385, update_epoch: 4, num_batch: 4
[2026-10-09 16:57:20,777][agent.finetune.train_ppo_diffusion_agent][INFO] - 134: step  9680000 | loss   0.0396 | pg loss  -0.0087 | value loss   0.0966 | bc loss   0.0000 | reward 3345.4132 | eta   1.0000 | t: 56.9978 | kl_true_per_action=0.4532357889943739 | logratio_p99=1.176353923678396 | clamp_hit_frac=0.0007833333333333334
[2026-10-09 16:57:36,555][agent.finetune.train_ppo_diffusion_agent][INFO] - approx_kl: 0.0, update_epoch: 0, num_batch: 4
[2026-10-09 16:57:38,641][agent.finetune.train_ppo_diffusion_agent][INFO] - approx_kl: 0.000181337192771025, update_epoch: 0, num_batch: 4
[2026-10-09 16:57:40,812][agent.finetune.train_ppo_diffusion_agent][INFO] - approx_kl: 0.0006959906313568354, update_epoch: 0, num_batch: 4
[2026-10-09 16:57:42,974][agent.finetune.train_ppo_diffusion_agent][INFO] - approx_kl: 0.0014453133335337043, update_epoch: 0, num_batch: 4
[2026-10-09 16:57:45,249][agent.finetune.train_ppo_diffusion_agent][INFO] - approx_kl: 0.002366851083934307, update_epoch: 1, num_batch: 4
[2026-10-09 16:57:47,338][agent.finetune.train_ppo_diffusion_agent][INFO] - approx_kl: 0.003655468113720417, update_epoch: 1, num_batch: 4
[2026-10-09 16:57:49,505][agent.finetune.train_ppo_diffusion_agent][INFO] - approx_kl: 0.00535767013207078, update_epoch: 1, num_batch: 4
[2026-10-09 16:57:51,714][agent.finetune.train_ppo_diffusion_agent][INFO] - approx_kl: 0.007297419477254152, update_epoch: 1, num_batch: 4
[2026-10-09 16:57:54,022][agent.finetune.train_ppo_diffusion_agent][INFO] - approx_kl: 0.009860118851065636, update_epoch: 2, num_batch: 4
[2026-10-09 16:57:56,116][agent.finetune.train_ppo_diffusion_agent][INFO] - approx_kl: 0.012676266953349113, update_epoch: 2, num_batch: 4
[2026-10-09 16:57:58,294][agent.finetune.train_ppo_diffusion_agent][INFO] - approx_kl: 0.016998302191495895, update_epoch: 2, num_batch: 4
[2026-10-09 16:58:00,503][agent.finetune.train_ppo_diffusion_agent][INFO] - approx_kl: 0.021123569458723068, update_epoch: 2, num_batch: 4
[2026-10-09 16:58:02,797][agent.finetune.train_ppo_diffusion_agent][INFO] - approx_kl: 0.025468289852142334, update_epoch: 3, num_batch: 4
[2026-10-09 16:58:04,881][agent.finetune.train_ppo_diffusion_agent][INFO] - approx_kl: 0.032862260937690735, update_epoch: 3, num_batch: 4
[2026-10-09 16:58:07,067][agent.finetune.train_ppo_diffusion_agent][INFO] - approx_kl: 0.03817383572459221, update_epoch: 3, num_batch: 4
[2026-10-09 16:58:09,252][agent.finetune.train_ppo_diffusion_agent][INFO] - approx_kl: 0.045349813997745514, update_epoch: 3, num_batch: 4
[2026-10-09 16:58:11,541][agent.finetune.train_ppo_diffusion_agent][INFO] - approx_kl: 0.05247873067855835, update_epoch: 4, num_batch: 4
[2026-10-09 16:58:13,630][agent.finetune.train_ppo_diffusion_agent][INFO] - approx_kl: 0.06076900660991669, update_epoch: 4, num_batch: 4
[2026-10-09 16:58:15,809][agent.finetune.train_ppo_diffusion_agent][INFO] - approx_kl: 0.06901223212480545, update_epoch: 4, num_batch: 4
[2026-10-09 16:58:17,991][agent.finetune.train_ppo_diffusion_agent][INFO] - approx_kl: 0.07894176244735718, update_epoch: 4, num_batch: 4
[2026-10-09 16:58:18,010][agent.finetune.train_ppo_diffusion_agent][INFO] - 135: step  9760000 | loss   0.0397 | pg loss  -0.0098 | value loss   0.0990 | bc loss   0.0000 | reward 3234.0681 | eta   1.0000 | t: 57.2329 | kl_true_per_action=0.9083776770370362 | logratio_p99=1.7716778886318187 | clamp_hit_frac=0.00085625
[2026-10-09 16:58:33,881][agent.finetune.train_ppo_diffusion_agent][INFO] - approx_kl: 0.0, update_epoch: 0, num_batch: 4
[2026-10-09 16:58:35,970][agent.finetune.train_ppo_diffusion_agent][INFO] - approx_kl: 0.0002462282427586615, update_epoch: 0, num_batch: 4
[2026-10-09 16:58:38,155][agent.finetune.train_ppo_diffusion_agent][INFO] - approx_kl: 0.0009314806084148586, update_epoch: 0, num_batch: 4
[2026-10-09 16:58:40,475][agent.finetune.train_ppo_diffusion_agent][INFO] - approx_kl: 0.0018133034463971853, update_epoch: 0, num_batch: 4
[2026-10-09 16:58:42,580][agent.finetune.train_ppo_diffusion_agent][INFO] - approx_kl: 0.0028414526022970676, update_epoch: 1, num_batch: 4
[2026-10-09 16:58:44,790][agent.finetune.train_ppo_diffusion_agent][INFO] - approx_kl: 0.0038063335232436657, update_epoch: 1, num_batch: 4
[2026-10-09 16:58:47,000][agent.finetune.train_ppo_diffusion_agent][INFO] - approx_kl: 0.004659276455640793, update_epoch: 1, num_batch: 4
[2026-10-09 16:58:49,319][agent.finetune.train_ppo_diffusion_agent][INFO] - approx_kl: 0.0057850182056427, update_epoch: 1, num_batch: 4
[2026-10-09 16:58:51,420][agent.finetune.train_ppo_diffusion_agent][INFO] - approx_kl: 0.006966443732380867, update_epoch: 2, num_batch: 4
[2026-10-09 16:58:53,631][agent.finetune.train_ppo_diffusion_agent][INFO] - approx_kl: 0.008166264742612839, update_epoch: 2, num_batch: 4
[2026-10-09 16:58:55,824][agent.finetune.train_ppo_diffusion_agent][INFO] - approx_kl: 0.009568953886628151, update_epoch: 2, num_batch: 4
[2026-10-09 16:58:58,147][agent.finetune.train_ppo_diffusion_agent][INFO] - approx_kl: 0.01100655272603035, update_epoch: 2, num_batch: 4
[2026-10-09 16:59:00,254][agent.finetune.train_ppo_diffusion_agent][INFO] - approx_kl: 0.012561721727252007, update_epoch: 3, num_batch: 4
[2026-10-09 16:59:02,466][agent.finetune.train_ppo_diffusion_agent][INFO] - approx_kl: 0.013946078717708588, update_epoch: 3, num_batch: 4
[2026-10-09 16:59:04,679][agent.finetune.train_ppo_diffusion_agent][INFO] - approx_kl: 0.0162500087171793, update_epoch: 3, num_batch: 4
[2026-10-09 16:59:06,976][agent.finetune.train_ppo_diffusion_agent][INFO] - approx_kl: 0.018100736662745476, update_epoch: 3, num_batch: 4
[2026-10-09 16:59:09,065][agent.finetune.train_ppo_diffusion_agent][INFO] - approx_kl: 0.020645318552851677, update_epoch: 4, num_batch: 4
[2026-10-09 16:59:11,247][agent.finetune.train_ppo_diffusion_agent][INFO] - approx_kl: 0.023385316133499146, update_epoch: 4, num_batch: 4
[2026-10-09 16:59:13,430][agent.finetune.train_ppo_diffusion_agent][INFO] - approx_kl: 0.0275050587952137, update_epoch: 4, num_batch: 4
[2026-10-09 16:59:15,701][agent.finetune.train_ppo_diffusion_agent][INFO] - approx_kl: 0.030672382563352585, update_epoch: 4, num_batch: 4
[2026-10-09 16:59:15,720][agent.finetune.train_ppo_diffusion_agent][INFO] - 136: step  9840000 | loss   0.0408 | pg loss  -0.0084 | value loss   0.0984 | bc loss   0.0000 | reward 3438.0044 | eta   1.0000 | t: 57.7101 | kl_true_per_action=0.33536961703769297 | logratio_p99=1.0452470672130554 | clamp_hit_frac=0.0008145833333333333
[2026-10-09 16:59:31,368][agent.finetune.train_ppo_diffusion_agent][INFO] - approx_kl: 0.0, update_epoch: 0, num_batch: 4
[2026-10-09 16:59:33,566][agent.finetune.train_ppo_diffusion_agent][INFO] - approx_kl: 0.00013164682604838163, update_epoch: 0, num_batch: 4
[2026-10-09 16:59:35,740][agent.finetune.train_ppo_diffusion_agent][INFO] - approx_kl: 0.00045721151400357485, update_epoch: 0, num_batch: 4
[2026-10-09 16:59:38,022][agent.finetune.train_ppo_diffusion_agent][INFO] - approx_kl: 0.0009352547931484878, update_epoch: 0, num_batch: 4
[2026-10-09 16:59:40,101][agent.finetune.train_ppo_diffusion_agent][INFO] - approx_kl: 0.0016798641299828887, update_epoch: 1, num_batch: 4
[2026-10-09 16:59:42,270][agent.finetune.train_ppo_diffusion_agent][INFO] - approx_kl: 0.0026584179140627384, update_epoch: 1, num_batch: 4
[2026-10-09 16:59:44,445][agent.finetune.train_ppo_diffusion_agent][INFO] - approx_kl: 0.003925024997442961, update_epoch: 1, num_batch: 4
[2026-10-09 16:59:46,719][agent.finetune.train_ppo_diffusion_agent][INFO] - approx_kl: 0.00526384124532342, update_epoch: 1, num_batch: 4
[2026-10-09 16:59:48,818][agent.finetune.train_ppo_diffusion_agent][INFO] - approx_kl: 0.007150764111429453, update_epoch: 2, num_batch: 4
[2026-10-09 16:59:50,999][agent.finetune.train_ppo_diffusion_agent][INFO] - approx_kl: 0.00899829063564539, update_epoch: 2, num_batch: 4
[2026-10-09 16:59:53,176][agent.finetune.train_ppo_diffusion_agent][INFO] - approx_kl: 0.010950710624456406, update_epoch: 2, num_batch: 4
[2026-10-09 16:59:55,473][agent.finetune.train_ppo_diffusion_agent][INFO] - approx_kl: 0.013920066878199577, update_epoch: 2, num_batch: 4
[2026-10-09 16:59:57,541][agent.finetune.train_ppo_diffusion_agent][INFO] - approx_kl: 0.017065364867448807, update_epoch: 3, num_batch: 4
[2026-10-09 16:59:59,706][agent.finetune.train_ppo_diffusion_agent][INFO] - approx_kl: 0.02059652842581272, update_epoch: 3, num_batch: 4
[2026-10-09 17:00:01,859][agent.finetune.train_ppo_diffusion_agent][INFO] - approx_kl: 0.0256938673555851, update_epoch: 3, num_batch: 4
[2026-10-09 17:00:04,114][agent.finetune.train_ppo_diffusion_agent][INFO] - approx_kl: 0.029061105102300644, update_epoch: 3, num_batch: 4
[2026-10-09 17:00:06,186][agent.finetune.train_ppo_diffusion_agent][INFO] - approx_kl: 0.03370478004217148, update_epoch: 4, num_batch: 4
[2026-10-09 17:00:08,343][agent.finetune.train_ppo_diffusion_agent][INFO] - approx_kl: 0.03967088833451271, update_epoch: 4, num_batch: 4
[2026-10-09 17:00:10,506][agent.finetune.train_ppo_diffusion_agent][INFO] - approx_kl: 0.04745323210954666, update_epoch: 4, num_batch: 4
[2026-10-09 17:00:12,768][agent.finetune.train_ppo_diffusion_agent][INFO] - approx_kl: 0.05117823928594589, update_epoch: 4, num_batch: 4
[2026-10-09 17:00:12,787][agent.finetune.train_ppo_diffusion_agent][INFO] - 137: step  9920000 | loss   0.0420 | pg loss  -0.0089 | value loss   0.1018 | bc loss   0.0000 | reward 3454.9681 | eta   1.0000 | t: 57.0669 | kl_true_per_action=0.5581057275510524 | logratio_p99=1.4137695813178979 | clamp_hit_frac=0.00075625
[2026-10-09 17:00:28,437][agent.finetune.train_ppo_diffusion_agent][INFO] - approx_kl: 0.0, update_epoch: 0, num_batch: 4
[2026-10-09 17:00:30,659][agent.finetune.train_ppo_diffusion_agent][INFO] - approx_kl: 0.0002042751293629408, update_epoch: 0, num_batch: 4
[2026-10-09 17:00:32,847][agent.finetune.train_ppo_diffusion_agent][INFO] - approx_kl: 0.0007211710908450186, update_epoch: 0, num_batch: 4
[2026-10-09 17:00:35,127][agent.finetune.train_ppo_diffusion_agent][INFO] - approx_kl: 0.0014156820252537727, update_epoch: 0, num_batch: 4
[2026-10-09 17:00:37,224][agent.finetune.train_ppo_diffusion_agent][INFO] - approx_kl: 0.0024324788246303797, update_epoch: 1, num_batch: 4
[2026-10-09 17:00:39,414][agent.finetune.train_ppo_diffusion_agent][INFO] - approx_kl: 0.0036379394587129354, update_epoch: 1, num_batch: 4
[2026-10-09 17:00:41,596][agent.finetune.train_ppo_diffusion_agent][INFO] - approx_kl: 0.0054070474579930305, update_epoch: 1, num_batch: 4
[2026-10-09 17:00:43,876][agent.finetune.train_ppo_diffusion_agent][INFO] - approx_kl: 0.007323743775486946, update_epoch: 1, num_batch: 4
[2026-10-09 17:00:45,983][agent.finetune.train_ppo_diffusion_agent][INFO] - approx_kl: 0.009782016277313232, update_epoch: 2, num_batch: 4
[2026-10-09 17:00:48,173][agent.finetune.train_ppo_diffusion_agent][INFO] - approx_kl: 0.011338235810399055, update_epoch: 2, num_batch: 4
[2026-10-09 17:00:50,364][agent.finetune.train_ppo_diffusion_agent][INFO] - approx_kl: 0.014522514306008816, update_epoch: 2, num_batch: 4
[2026-10-09 17:00:52,680][agent.finetune.train_ppo_diffusion_agent][INFO] - approx_kl: 0.017949599772691727, update_epoch: 2, num_batch: 4
[2026-10-09 17:00:54,793][agent.finetune.train_ppo_diffusion_agent][INFO] - approx_kl: 0.02181140147149563, update_epoch: 3, num_batch: 4
[2026-10-09 17:00:57,028][agent.finetune.train_ppo_diffusion_agent][INFO] - approx_kl: 0.025612929835915565, update_epoch: 3, num_batch: 4
[2026-10-09 17:00:59,248][agent.finetune.train_ppo_diffusion_agent][INFO] - approx_kl: 0.030821453779935837, update_epoch: 3, num_batch: 4
[2026-10-09 17:01:01,574][agent.finetune.train_ppo_diffusion_agent][INFO] - approx_kl: 0.036433201283216476, update_epoch: 3, num_batch: 4
[2026-10-09 17:01:03,672][agent.finetune.train_ppo_diffusion_agent][INFO] - approx_kl: 0.044285956770181656, update_epoch: 4, num_batch: 4
[2026-10-09 17:01:05,858][agent.finetune.train_ppo_diffusion_agent][INFO] - approx_kl: 0.04990256205201149, update_epoch: 4, num_batch: 4
[2026-10-09 17:01:08,050][agent.finetune.train_ppo_diffusion_agent][INFO] - approx_kl: 0.061434485018253326, update_epoch: 4, num_batch: 4
[2026-10-09 17:01:10,324][agent.finetune.train_ppo_diffusion_agent][INFO] - approx_kl: 0.07094105333089828, update_epoch: 4, num_batch: 4
[2026-10-09 17:01:10,343][agent.finetune.train_ppo_diffusion_agent][INFO] - 138: step 10000000 | loss   0.0412 | pg loss  -0.0104 | value loss   0.1031 | bc loss   0.0000 | reward 3374.4267 | eta   1.0000 | t: 57.5558 | kl_true_per_action=0.8815186524779548 | logratio_p99=1.9098954677581774 | clamp_hit_frac=0.0008270833333333333
[2026-10-09 17:01:25,903][agent.finetune.train_ppo_diffusion_agent][INFO] - approx_kl: 0.0, update_epoch: 0, num_batch: 4
[2026-10-09 17:01:28,094][agent.finetune.train_ppo_diffusion_agent][INFO] - approx_kl: 0.0005156819242984056, update_epoch: 0, num_batch: 4
[2026-10-09 17:01:30,274][agent.finetune.train_ppo_diffusion_agent][INFO] - approx_kl: 0.0017060668906196952, update_epoch: 0, num_batch: 4
[2026-10-09 17:01:32,555][agent.finetune.train_ppo_diffusion_agent][INFO] - approx_kl: 0.003373207524418831, update_epoch: 0, num_batch: 4
[2026-10-09 17:01:34,644][agent.finetune.train_ppo_diffusion_agent][INFO] - approx_kl: 0.005625253077596426, update_epoch: 1, num_batch: 4
[2026-10-09 17:01:36,824][agent.finetune.train_ppo_diffusion_agent][INFO] - approx_kl: 0.008058231323957443, update_epoch: 1, num_batch: 4
[2026-10-09 17:01:39,008][agent.finetune.train_ppo_diffusion_agent][INFO] - approx_kl: 0.0103772496804595, update_epoch: 1, num_batch: 4
[2026-10-09 17:01:41,282][agent.finetune.train_ppo_diffusion_agent][INFO] - approx_kl: 0.012786595150828362, update_epoch: 1, num_batch: 4
[2026-10-09 17:01:43,388][agent.finetune.train_ppo_diffusion_agent][INFO] - approx_kl: 0.01522086188197136, update_epoch: 2, num_batch: 4
[2026-10-09 17:01:45,580][agent.finetune.train_ppo_diffusion_agent][INFO] - approx_kl: 0.017187340185046196, update_epoch: 2, num_batch: 4
[2026-10-09 17:01:47,772][agent.finetune.train_ppo_diffusion_agent][INFO] - approx_kl: 0.019633814692497253, update_epoch: 2, num_batch: 4
[2026-10-09 17:01:50,128][agent.finetune.train_ppo_diffusion_agent][INFO] - approx_kl: 0.021779926493763924, update_epoch: 2, num_batch: 4
[2026-10-09 17:01:52,235][agent.finetune.train_ppo_diffusion_agent][INFO] - approx_kl: 0.023186853155493736, update_epoch: 3, num_batch: 4
[2026-10-09 17:01:54,448][agent.finetune.train_ppo_diffusion_agent][INFO] - approx_kl: 0.02646445482969284, update_epoch: 3, num_batch: 4
[2026-10-09 17:01:56,622][agent.finetune.train_ppo_diffusion_agent][INFO] - approx_kl: 0.027845673263072968, update_epoch: 3, num_batch: 4
[2026-10-09 17:01:58,899][agent.finetune.train_ppo_diffusion_agent][INFO] - approx_kl: 0.030939994379878044, update_epoch: 3, num_batch: 4
[2026-10-09 17:02:01,001][agent.finetune.train_ppo_diffusion_agent][INFO] - approx_kl: 0.03261977434158325, update_epoch: 4, num_batch: 4
[2026-10-09 17:02:03,181][agent.finetune.train_ppo_diffusion_agent][INFO] - approx_kl: 0.035809531807899475, update_epoch: 4, num_batch: 4
[2026-10-09 17:02:05,414][agent.finetune.train_ppo_diffusion_agent][INFO] - approx_kl: 0.03961408510804176, update_epoch: 4, num_batch: 4
[2026-10-09 17:02:07,761][agent.finetune.train_ppo_diffusion_agent][INFO] - approx_kl: 0.04143214598298073, update_epoch: 4, num_batch: 4
[2026-10-09 17:02:07,802][agent.finetune.train_agent][INFO] - Saved model to /soalnas/share/data/zbao7/diffusion_policy/results/stage2_noclip/runs/NC3_seed1/native/checkpoint/state_139.pt
[2026-10-09 17:02:07,802][agent.finetune.train_ppo_diffusion_agent][INFO] - 139: step 10080000 | loss   0.0417 | pg loss  -0.0090 | value loss   0.1013 | bc loss   0.0000 | reward 3378.6604 | eta   1.0000 | t: 57.4587 | kl_true_per_action=0.45908874456836474 | logratio_p99=1.2807924854755355 | clamp_hit_frac=0.00084375
