Gym has been unmaintained since 2022 and does not support NumPy 2.0 amongst other critical functionality.
Please upgrade to Gymnasium, the maintained drop-in replacement of Gym, or contact the authors of your software and request that they upgrade.
See the migration guide at https://gymnasium.farama.org/introduction/migration_guide/ for additional information.
[2026-10-10 06:10:46,522][absl][INFO] - MUJOCO_GL is not set, so an OpenGL backend will be chosen automatically.
/soalnas/share/data/zbao7/diffusion_policy/results/repro_halfcheetah/env/lib/python3.8/site-packages/glfw/__init__.py:917: GLFWError: (65550) b'X11: The DISPLAY environment variable is missing'
  warnings.warn(message, GLFWError)
[2026-10-10 06:10:46,537][absl][INFO] - Successfully imported OpenGL backend: glfw
[2026-10-10 06:10:46,616][absl][INFO] - MuJoCo library version is: 3.2.3
pybullet build time: Jan 29 2025 23:19:57
/soalnas/share/data/zbao7/diffusion_policy/results/repro_halfcheetah/env/lib/python3.8/site-packages/gym/spaces/box.py:78: UserWarning: [33mWARN: Box bound precision lowered by casting to float32[0m
  logger.warn(f"Box bound precision lowered by casting to {self.dtype}")
[2026-10-10 06:10:49,228][root][INFO] - Loaded SL-trained policy from /soalnas/share/data/zbao7/diffusion_policy/results/repro_halfcheetah/dppo/log/gym-pretrain/halfcheetah-medium-v2_pre_diffusion_mlp_ta4_td20/2024-06-12_23-04-42/checkpoint/state_3000.pt
[2026-10-10 06:10:49,228][root][INFO] - Number of network parameters: 568392
[2026-10-10 06:10:49,332][root][INFO] - Cloned model for fine-tuning
[2026-10-10 06:10:49,332][root][INFO] - Turned off gradients of the pretrained network
[2026-10-10 06:10:49,332][root][INFO] - Number of finetuned parameters: 568392
[2026-10-10 06:10:49,349][agent.finetune.train_ppo_diffusion_agent][INFO] - stage2_flags clamp_logprob=False logprob_reduce=sum actor_single_step=True
[2026-10-10 06:10:49,352][agent.finetune.stage3_support][INFO] - STAGE3_SETTINGS {"actor_beta1": 0.9, "actor_loss": "score", "actor_optimizer": "sgd", "actor_single_step": true, "adv_estimator": "mc_loo", "betas": null, "calib_kl_target": null, "ckpt_eval_repeats": 1, "clamp_logprob": false, "decision_discount": true, "denoised_clip_value": 1.0, "gamma_denoising": 1.0, "logprob_reduce": "sum", "lr": 0.00012107235674859004, "max_grad_norm": null, "min_logprob_denoising_std": 0.1, "min_sampling_denoising_std": 0.1, "mode": "train", "momentum": 0, "norm_adv": false, "ns_batches": 25, "ns_warmup_batches": 20, "optimizer_class": "SGD", "proj_radius": null, "randn_clip_value": 100, "scheduler_max_lr": 0.00012107235674859004, "scheduler_min_lr": 0.00012107235674859004, "stage3_diag": true}
Processed step 0 of 500
Processed step 10 of 500
Processed step 20 of 500
Processed step 30 of 500
Processed step 40 of 500
Processed step 50 of 500
Processed step 60 of 500
Processed step 70 of 500
Processed step 80 of 500
Processed step 90 of 500
Processed step 100 of 500
Processed step 110 of 500
Processed step 120 of 500
Processed step 130 of 500
Processed step 140 of 500
Processed step 150 of 500
Processed step 160 of 500
Processed step 170 of 500
Processed step 180 of 500
Processed step 190 of 500
Processed step 200 of 500
Processed step 210 of 500
Processed step 220 of 500
Processed step 230 of 500
Processed step 240 of 500
Processed step 250 of 500
Processed step 260 of 500
Processed step 270 of 500
Processed step 280 of 500
Processed step 290 of 500
Processed step 300 of 500
Processed step 310 of 500
Processed step 320 of 500
Processed step 330 of 500
Processed step 340 of 500
Processed step 350 of 500
Processed step 360 of 500
Processed step 370 of 500
Processed step 380 of 500
Processed step 390 of 500
Processed step 400 of 500
Processed step 410 of 500
Processed step 420 of 500
Processed step 430 of 500
Processed step 440 of 500
Processed step 450 of 500
Processed step 460 of 500
Processed step 470 of 500
Processed step 480 of 500
Processed step 490 of 500
[2026-10-10 06:11:02,587][agent.finetune.train_agent][INFO] - Saved model to /soalnas/share/data/zbao7/diffusion_policy/results/stage3/SGD1_seed0/checkpoint/state_0.pt
[2026-10-10 06:11:02,588][agent.finetune.train_ppo_diffusion_agent][INFO] - eval: success rate   1.0000 | avg episode reward 4248.6862 | avg best reward   6.4722
[2026-10-10 06:11:02,589][agent.finetune.stage3_support][INFO] - STAGE3_METRICS {"J_disc_eval": 1482.4734531879853, "J_disc_eval_se": 21.437102429791256, "action_oor_frac": 0.0, "diagnostics_seconds": 0.015075954957865179, "episode_count": 80, "policy_action_oor_frac": 0.0, "rollout_seconds": 13.19330920104403, "update_seconds": 0.0}
Processed step 0 of 500
Processed step 10 of 500
Processed step 20 of 500
Processed step 30 of 500
Processed step 40 of 500
Processed step 50 of 500
Processed step 60 of 500
Processed step 70 of 500
Processed step 80 of 500
Processed step 90 of 500
Processed step 100 of 500
Processed step 110 of 500
Processed step 120 of 500
Processed step 130 of 500
Processed step 140 of 500
Processed step 150 of 500
Processed step 160 of 500
Processed step 170 of 500
Processed step 180 of 500
Processed step 190 of 500
Processed step 200 of 500
Processed step 210 of 500
Processed step 220 of 500
Processed step 230 of 500
Processed step 240 of 500
Processed step 250 of 500
Processed step 260 of 500
Processed step 270 of 500
Processed step 280 of 500
Processed step 290 of 500
Processed step 300 of 500
Processed step 310 of 500
Processed step 320 of 500
Processed step 330 of 500
Processed step 340 of 500
Processed step 350 of 500
Processed step 360 of 500
Processed step 370 of 500
Processed step 380 of 500
Processed step 390 of 500
Processed step 400 of 500
Processed step 410 of 500
Processed step 420 of 500
Processed step 430 of 500
Processed step 440 of 500
Processed step 450 of 500
Processed step 460 of 500
Processed step 470 of 500
Processed step 480 of 500
Processed step 490 of 500
[2026-10-10 06:11:18,366][agent.finetune.train_ppo_diffusion_agent][INFO] - approx_kl: 0.0, update_epoch: 0, num_batch: 4
[2026-10-10 06:11:20,145][agent.finetune.train_ppo_diffusion_agent][INFO] - approx_kl: 0.0, update_epoch: 0, num_batch: 4
[2026-10-10 06:11:22,005][agent.finetune.train_ppo_diffusion_agent][INFO] - approx_kl: 0.0, update_epoch: 0, num_batch: 4
[2026-10-10 06:11:23,986][agent.finetune.train_ppo_diffusion_agent][INFO] - approx_kl: 0.0, update_epoch: 0, num_batch: 4
[2026-10-10 06:11:25,730][agent.finetune.train_ppo_diffusion_agent][INFO] - approx_kl: 0.0, update_epoch: 1, num_batch: 4
[2026-10-10 06:11:27,574][agent.finetune.train_ppo_diffusion_agent][INFO] - approx_kl: 0.0, update_epoch: 1, num_batch: 4
[2026-10-10 06:11:29,412][agent.finetune.train_ppo_diffusion_agent][INFO] - approx_kl: 0.0, update_epoch: 1, num_batch: 4
[2026-10-10 06:11:31,373][agent.finetune.train_ppo_diffusion_agent][INFO] - approx_kl: 0.0, update_epoch: 1, num_batch: 4
[2026-10-10 06:11:33,107][agent.finetune.train_ppo_diffusion_agent][INFO] - approx_kl: 0.0, update_epoch: 2, num_batch: 4
[2026-10-10 06:11:34,933][agent.finetune.train_ppo_diffusion_agent][INFO] - approx_kl: 0.0, update_epoch: 2, num_batch: 4
[2026-10-10 06:11:36,812][agent.finetune.train_ppo_diffusion_agent][INFO] - approx_kl: 0.0, update_epoch: 2, num_batch: 4
[2026-10-10 06:11:38,780][agent.finetune.train_ppo_diffusion_agent][INFO] - approx_kl: 0.0, update_epoch: 2, num_batch: 4
[2026-10-10 06:11:40,508][agent.finetune.train_ppo_diffusion_agent][INFO] - approx_kl: 0.0, update_epoch: 3, num_batch: 4
[2026-10-10 06:11:42,348][agent.finetune.train_ppo_diffusion_agent][INFO] - approx_kl: 0.0, update_epoch: 3, num_batch: 4
[2026-10-10 06:11:44,186][agent.finetune.train_ppo_diffusion_agent][INFO] - approx_kl: 0.0, update_epoch: 3, num_batch: 4
[2026-10-10 06:11:46,141][agent.finetune.train_ppo_diffusion_agent][INFO] - approx_kl: 0.0, update_epoch: 3, num_batch: 4
[2026-10-10 06:11:47,869][agent.finetune.train_ppo_diffusion_agent][INFO] - approx_kl: 0.0, update_epoch: 4, num_batch: 4
[2026-10-10 06:11:49,712][agent.finetune.train_ppo_diffusion_agent][INFO] - approx_kl: 0.0, update_epoch: 4, num_batch: 4
[2026-10-10 06:11:51,533][agent.finetune.train_ppo_diffusion_agent][INFO] - approx_kl: 0.0, update_epoch: 4, num_batch: 4
[2026-10-10 06:11:53,494][agent.finetune.train_ppo_diffusion_agent][INFO] - approx_kl: 0.0, update_epoch: 4, num_batch: 4
[2026-10-10 06:12:00,917][agent.finetune.train_ppo_diffusion_agent][INFO] - 1: step    80000 | loss   0.0522 | pg loss   0.0450 | value loss   0.0145 | bc loss   0.0000 | reward 4033.2551 | eta   1.0000 | t: 58.3282 | kl_true_per_action=0.0005528209809918718 | logratio_p99=0.04265049099922149 | clamp_hit_frac=0.0008041666666666667 | actor_step_ratio=1.0 | actor_step_clipfrac=0.0
[2026-10-10 06:12:00,917][agent.finetune.stage3_support][INFO] - STAGE3_METRICS {"J_disc_train": 1418.755461807776, "J_disc_train_se": 16.631092966016524, "action_oor_frac": 0.1426625, "adv_raw_mean": -1.546140993013978e-14, "adv_raw_std": 160.66930101381593, "diagnostics_seconds": 0.2510084400419146, "episode_count": 80, "explained_var": -0.1970686912536621, "explained_var_reason": null, "grad_cos_prev": null, "grad_cos_prev_reason": "first_training_iteration", "grad_norm": 13.4483293316733, "policy_action_oor_frac": 0.14268333333333333, "proj_active": false, "reward_clip_frac": 0.0, "rollout_seconds": 12.999776797019877, "split_diff_sq": 707.1624342427265, "split_dot": 4.066942370657495, "theta_dist": 0.0016282347204462167, "theta_dist_preproj": 0.0016282347204462167, "update_norm": 0.0016282347204462167, "update_seconds": 45.075410356977955, "x0_sat_frac_last": 0.02165450121654501, "x0_sat_frac_mean": 0.06793470179505587}
Processed step 0 of 500
Processed step 10 of 500
Processed step 20 of 500
Processed step 30 of 500
Processed step 40 of 500
Processed step 50 of 500
Processed step 60 of 500
Processed step 70 of 500
Processed step 80 of 500
Processed step 90 of 500
Processed step 100 of 500
Processed step 110 of 500
Processed step 120 of 500
Processed step 130 of 500
Processed step 140 of 500
Processed step 150 of 500
Processed step 160 of 500
Processed step 170 of 500
Processed step 180 of 500
Processed step 190 of 500
Processed step 200 of 500
Processed step 210 of 500
Processed step 220 of 500
Processed step 230 of 500
Processed step 240 of 500
Processed step 250 of 500
Processed step 260 of 500
Processed step 270 of 500
Processed step 280 of 500
Processed step 290 of 500
Processed step 300 of 500
Processed step 310 of 500
Processed step 320 of 500
Processed step 330 of 500
Processed step 340 of 500
Processed step 350 of 500
Processed step 360 of 500
Processed step 370 of 500
Processed step 380 of 500
Processed step 390 of 500
Processed step 400 of 500
Processed step 410 of 500
Processed step 420 of 500
Processed step 430 of 500
Processed step 440 of 500
Processed step 450 of 500
Processed step 460 of 500
Processed step 470 of 500
Processed step 480 of 500
Processed step 490 of 500
[2026-10-10 06:12:15,999][agent.finetune.train_ppo_diffusion_agent][INFO] - approx_kl: 0.0, update_epoch: 0, num_batch: 4
[2026-10-10 06:12:17,846][agent.finetune.train_ppo_diffusion_agent][INFO] - approx_kl: 0.0, update_epoch: 0, num_batch: 4
[2026-10-10 06:12:19,671][agent.finetune.train_ppo_diffusion_agent][INFO] - approx_kl: 0.0, update_epoch: 0, num_batch: 4
[2026-10-10 06:12:21,577][agent.finetune.train_ppo_diffusion_agent][INFO] - approx_kl: 0.0, update_epoch: 0, num_batch: 4
[2026-10-10 06:12:23,340][agent.finetune.train_ppo_diffusion_agent][INFO] - approx_kl: 0.0, update_epoch: 1, num_batch: 4
[2026-10-10 06:12:25,183][agent.finetune.train_ppo_diffusion_agent][INFO] - approx_kl: 0.0, update_epoch: 1, num_batch: 4
[2026-10-10 06:12:27,006][agent.finetune.train_ppo_diffusion_agent][INFO] - approx_kl: 0.0, update_epoch: 1, num_batch: 4
[2026-10-10 06:12:28,939][agent.finetune.train_ppo_diffusion_agent][INFO] - approx_kl: 0.0, update_epoch: 1, num_batch: 4
[2026-10-10 06:12:30,662][agent.finetune.train_ppo_diffusion_agent][INFO] - approx_kl: 0.0, update_epoch: 2, num_batch: 4
[2026-10-10 06:12:32,520][agent.finetune.train_ppo_diffusion_agent][INFO] - approx_kl: 0.0, update_epoch: 2, num_batch: 4
[2026-10-10 06:12:34,351][agent.finetune.train_ppo_diffusion_agent][INFO] - approx_kl: 0.0, update_epoch: 2, num_batch: 4
[2026-10-10 06:12:36,306][agent.finetune.train_ppo_diffusion_agent][INFO] - approx_kl: 0.0, update_epoch: 2, num_batch: 4
[2026-10-10 06:12:38,030][agent.finetune.train_ppo_diffusion_agent][INFO] - approx_kl: 0.0, update_epoch: 3, num_batch: 4
[2026-10-10 06:12:39,847][agent.finetune.train_ppo_diffusion_agent][INFO] - approx_kl: 0.0, update_epoch: 3, num_batch: 4
[2026-10-10 06:12:41,685][agent.finetune.train_ppo_diffusion_agent][INFO] - approx_kl: 0.0, update_epoch: 3, num_batch: 4
[2026-10-10 06:12:43,613][agent.finetune.train_ppo_diffusion_agent][INFO] - approx_kl: 0.0, update_epoch: 3, num_batch: 4
[2026-10-10 06:12:45,342][agent.finetune.train_ppo_diffusion_agent][INFO] - approx_kl: 0.0, update_epoch: 4, num_batch: 4
[2026-10-10 06:12:47,161][agent.finetune.train_ppo_diffusion_agent][INFO] - approx_kl: 0.0, update_epoch: 4, num_batch: 4
[2026-10-10 06:12:48,953][agent.finetune.train_ppo_diffusion_agent][INFO] - approx_kl: 0.0, update_epoch: 4, num_batch: 4
[2026-10-10 06:12:50,882][agent.finetune.train_ppo_diffusion_agent][INFO] - approx_kl: 0.0, update_epoch: 4, num_batch: 4
[2026-10-10 06:12:58,234][agent.finetune.train_ppo_diffusion_agent][INFO] - 2: step   160000 | loss  -1.2389 | pg loss  -1.2536 | value loss   0.0293 | bc loss   0.0000 | reward 3863.6620 | eta   1.0000 | t: 57.3172 | kl_true_per_action=0.000416968619081372 | logratio_p99=0.027857687473297116 | clamp_hit_frac=0.0007354166666666667 | actor_step_ratio=1.0 | actor_step_clipfrac=0.0
[2026-10-10 06:12:58,234][agent.finetune.stage3_support][INFO] - STAGE3_METRICS {"J_disc_train": 1373.2100616032105, "J_disc_train_se": 29.466951990433124, "action_oor_frac": 0.13967708333333334, "adv_raw_mean": 2.7648638933897018e-14, "adv_raw_std": 290.3829971712363, "diagnostics_seconds": 0.13151752413250506, "episode_count": 80, "explained_var": 0.3527669906616211, "explained_var_reason": null, "grad_cos_prev": -0.046353035654751254, "grad_cos_prev_reason": null, "grad_norm": 25.580918525399856, "policy_action_oor_frac": 0.13970208333333334, "proj_active": false, "reward_clip_frac": 0.0, "rollout_seconds": 13.082833840046078, "split_diff_sq": 2640.9498996100883, "split_dot": -5.8541082646890885, "theta_dist": 0.003431623882758651, "theta_dist_preproj": 0.003431623882758651, "update_norm": 0.0030971546260609, "update_seconds": 44.09934035688639, "x0_sat_frac_last": 0.026060070671378093, "x0_sat_frac_mean": 0.06644704225985923}
Processed step 0 of 500
Processed step 10 of 500
Processed step 20 of 500
Processed step 30 of 500
Processed step 40 of 500
Processed step 50 of 500
Processed step 60 of 500
Processed step 70 of 500
Processed step 80 of 500
Processed step 90 of 500
Processed step 100 of 500
Processed step 110 of 500
Processed step 120 of 500
Processed step 130 of 500
Processed step 140 of 500
Processed step 150 of 500
Processed step 160 of 500
Processed step 170 of 500
Processed step 180 of 500
Processed step 190 of 500
Processed step 200 of 500
Processed step 210 of 500
Processed step 220 of 500
Processed step 230 of 500
Processed step 240 of 500
Processed step 250 of 500
Processed step 260 of 500
Processed step 270 of 500
Processed step 280 of 500
Processed step 290 of 500
Processed step 300 of 500
Processed step 310 of 500
Processed step 320 of 500
Processed step 330 of 500
Processed step 340 of 500
Processed step 350 of 500
Processed step 360 of 500
Processed step 370 of 500
Processed step 380 of 500
Processed step 390 of 500
Processed step 400 of 500
Processed step 410 of 500
Processed step 420 of 500
Processed step 430 of 500
Processed step 440 of 500
Processed step 450 of 500
Processed step 460 of 500
Processed step 470 of 500
Processed step 480 of 500
Processed step 490 of 500
[2026-10-10 06:13:13,306][agent.finetune.train_ppo_diffusion_agent][INFO] - approx_kl: 0.0, update_epoch: 0, num_batch: 4
[2026-10-10 06:13:15,147][agent.finetune.train_ppo_diffusion_agent][INFO] - approx_kl: 0.0, update_epoch: 0, num_batch: 4
[2026-10-10 06:13:16,980][agent.finetune.train_ppo_diffusion_agent][INFO] - approx_kl: 0.0, update_epoch: 0, num_batch: 4
[2026-10-10 06:13:18,916][agent.finetune.train_ppo_diffusion_agent][INFO] - approx_kl: 0.0, update_epoch: 0, num_batch: 4
[2026-10-10 06:13:20,642][agent.finetune.train_ppo_diffusion_agent][INFO] - approx_kl: 0.0, update_epoch: 1, num_batch: 4
[2026-10-10 06:13:22,520][agent.finetune.train_ppo_diffusion_agent][INFO] - approx_kl: 0.0, update_epoch: 1, num_batch: 4
[2026-10-10 06:13:24,411][agent.finetune.train_ppo_diffusion_agent][INFO] - approx_kl: 0.0, update_epoch: 1, num_batch: 4
[2026-10-10 06:13:26,392][agent.finetune.train_ppo_diffusion_agent][INFO] - approx_kl: 0.0, update_epoch: 1, num_batch: 4
[2026-10-10 06:13:28,153][agent.finetune.train_ppo_diffusion_agent][INFO] - approx_kl: 0.0, update_epoch: 2, num_batch: 4
[2026-10-10 06:13:29,981][agent.finetune.train_ppo_diffusion_agent][INFO] - approx_kl: 0.0, update_epoch: 2, num_batch: 4
[2026-10-10 06:13:31,833][agent.finetune.train_ppo_diffusion_agent][INFO] - approx_kl: 0.0, update_epoch: 2, num_batch: 4
[2026-10-10 06:13:33,780][agent.finetune.train_ppo_diffusion_agent][INFO] - approx_kl: 0.0, update_epoch: 2, num_batch: 4
[2026-10-10 06:13:35,536][agent.finetune.train_ppo_diffusion_agent][INFO] - approx_kl: 0.0, update_epoch: 3, num_batch: 4
[2026-10-10 06:13:37,372][agent.finetune.train_ppo_diffusion_agent][INFO] - approx_kl: 0.0, update_epoch: 3, num_batch: 4
[2026-10-10 06:13:39,220][agent.finetune.train_ppo_diffusion_agent][INFO] - approx_kl: 0.0, update_epoch: 3, num_batch: 4
[2026-10-10 06:13:41,166][agent.finetune.train_ppo_diffusion_agent][INFO] - approx_kl: 0.0, update_epoch: 3, num_batch: 4
[2026-10-10 06:13:42,908][agent.finetune.train_ppo_diffusion_agent][INFO] - approx_kl: 0.0, update_epoch: 4, num_batch: 4
[2026-10-10 06:13:44,748][agent.finetune.train_ppo_diffusion_agent][INFO] - approx_kl: 0.0, update_epoch: 4, num_batch: 4
[2026-10-10 06:13:46,587][agent.finetune.train_ppo_diffusion_agent][INFO] - approx_kl: 0.0, update_epoch: 4, num_batch: 4
[2026-10-10 06:13:48,525][agent.finetune.train_ppo_diffusion_agent][INFO] - approx_kl: 0.0, update_epoch: 4, num_batch: 4
[2026-10-10 06:13:55,920][agent.finetune.train_ppo_diffusion_agent][INFO] - 3: step   240000 | loss  -1.0838 | pg loss  -1.1053 | value loss   0.0430 | bc loss   0.0000 | reward 3909.5198 | eta   1.0000 | t: 57.6859 | kl_true_per_action=0.0007662867070432223 | logratio_p99=0.046069045066833396 | clamp_hit_frac=0.00081875 | actor_step_ratio=1.0 | actor_step_clipfrac=0.0
[2026-10-10 06:13:55,920][agent.finetune.stage3_support][INFO] - STAGE3_METRICS {"J_disc_train": 1396.5349017256078, "J_disc_train_se": 23.136251346225272, "action_oor_frac": 0.1415125, "adv_raw_mean": 5.2750692702829834e-15, "adv_raw_std": 242.9580861725311, "diagnostics_seconds": 0.1341546189505607, "episode_count": 80, "explained_var": 0.35476183891296387, "explained_var_reason": null, "grad_cos_prev": 0.0005990083275295116, "grad_cos_prev_reason": null, "grad_norm": 22.228046870379917, "policy_action_oor_frac": 0.14154791666666666, "proj_active": false, "reward_clip_frac": 0.0, "rollout_seconds": 13.09245695604477, "split_diff_sq": 1679.8437688401189, "split_dot": 74.12511131921582, "theta_dist": 0.004212728208213553, "theta_dist_preproj": 0.004212728208213553, "update_norm": 0.002691216048091072, "update_seconds": 44.45631708600558, "x0_sat_frac_last": 0.024291666666666666, "x0_sat_frac_mean": 0.06690128492127863}
Processed step 0 of 500
Processed step 10 of 500
Processed step 20 of 500
Processed step 30 of 500
Processed step 40 of 500
Processed step 50 of 500
Processed step 60 of 500
Processed step 70 of 500
Processed step 80 of 500
Processed step 90 of 500
Processed step 100 of 500
Processed step 110 of 500
Processed step 120 of 500
Processed step 130 of 500
Processed step 140 of 500
Processed step 150 of 500
Processed step 160 of 500
Processed step 170 of 500
Processed step 180 of 500
Processed step 190 of 500
Processed step 200 of 500
Processed step 210 of 500
Processed step 220 of 500
Processed step 230 of 500
Processed step 240 of 500
Processed step 250 of 500
Processed step 260 of 500
Processed step 270 of 500
Processed step 280 of 500
Processed step 290 of 500
Processed step 300 of 500
Processed step 310 of 500
Processed step 320 of 500
Processed step 330 of 500
Processed step 340 of 500
Processed step 350 of 500
Processed step 360 of 500
Processed step 370 of 500
Processed step 380 of 500
Processed step 390 of 500
Processed step 400 of 500
Processed step 410 of 500
Processed step 420 of 500
Processed step 430 of 500
Processed step 440 of 500
Processed step 450 of 500
Processed step 460 of 500
Processed step 470 of 500
Processed step 480 of 500
Processed step 490 of 500
[2026-10-10 06:14:11,087][agent.finetune.train_ppo_diffusion_agent][INFO] - approx_kl: 0.0, update_epoch: 0, num_batch: 4
[2026-10-10 06:14:12,945][agent.finetune.train_ppo_diffusion_agent][INFO] - approx_kl: 0.0, update_epoch: 0, num_batch: 4
[2026-10-10 06:14:14,775][agent.finetune.train_ppo_diffusion_agent][INFO] - approx_kl: 0.0, update_epoch: 0, num_batch: 4
[2026-10-10 06:14:16,713][agent.finetune.train_ppo_diffusion_agent][INFO] - approx_kl: 0.0, update_epoch: 0, num_batch: 4
[2026-10-10 06:14:18,444][agent.finetune.train_ppo_diffusion_agent][INFO] - approx_kl: 0.0, update_epoch: 1, num_batch: 4
[2026-10-10 06:14:20,277][agent.finetune.train_ppo_diffusion_agent][INFO] - approx_kl: 0.0, update_epoch: 1, num_batch: 4
[2026-10-10 06:14:22,132][agent.finetune.train_ppo_diffusion_agent][INFO] - approx_kl: 0.0, update_epoch: 1, num_batch: 4
[2026-10-10 06:14:24,105][agent.finetune.train_ppo_diffusion_agent][INFO] - approx_kl: 0.0, update_epoch: 1, num_batch: 4
[2026-10-10 06:14:25,840][agent.finetune.train_ppo_diffusion_agent][INFO] - approx_kl: 0.0, update_epoch: 2, num_batch: 4
[2026-10-10 06:14:27,695][agent.finetune.train_ppo_diffusion_agent][INFO] - approx_kl: 0.0, update_epoch: 2, num_batch: 4
[2026-10-10 06:14:29,533][agent.finetune.train_ppo_diffusion_agent][INFO] - approx_kl: 0.0, update_epoch: 2, num_batch: 4
[2026-10-10 06:14:31,494][agent.finetune.train_ppo_diffusion_agent][INFO] - approx_kl: 0.0, update_epoch: 2, num_batch: 4
[2026-10-10 06:14:33,226][agent.finetune.train_ppo_diffusion_agent][INFO] - approx_kl: 0.0, update_epoch: 3, num_batch: 4
[2026-10-10 06:14:35,064][agent.finetune.train_ppo_diffusion_agent][INFO] - approx_kl: 0.0, update_epoch: 3, num_batch: 4
[2026-10-10 06:14:36,898][agent.finetune.train_ppo_diffusion_agent][INFO] - approx_kl: 0.0, update_epoch: 3, num_batch: 4
[2026-10-10 06:14:38,850][agent.finetune.train_ppo_diffusion_agent][INFO] - approx_kl: 0.0, update_epoch: 3, num_batch: 4
[2026-10-10 06:14:40,584][agent.finetune.train_ppo_diffusion_agent][INFO] - approx_kl: 0.0, update_epoch: 4, num_batch: 4
[2026-10-10 06:14:42,454][agent.finetune.train_ppo_diffusion_agent][INFO] - approx_kl: 0.0, update_epoch: 4, num_batch: 4
[2026-10-10 06:14:44,276][agent.finetune.train_ppo_diffusion_agent][INFO] - approx_kl: 0.0, update_epoch: 4, num_batch: 4
[2026-10-10 06:14:46,221][agent.finetune.train_ppo_diffusion_agent][INFO] - approx_kl: 0.0, update_epoch: 4, num_batch: 4
[2026-10-10 06:14:53,632][agent.finetune.train_ppo_diffusion_agent][INFO] - 4: step   320000 | loss  -0.0728 | pg loss  -0.1026 | value loss   0.0596 | bc loss   0.0000 | reward 4056.6256 | eta   1.0000 | t: 57.7122 | kl_true_per_action=0.0006315341352853062 | logratio_p99=0.04473011970520007 | clamp_hit_frac=0.0007729166666666667 | actor_step_ratio=1.0 | actor_step_clipfrac=0.0
[2026-10-10 06:14:53,632][agent.finetune.stage3_support][INFO] - STAGE3_METRICS {"J_disc_train": 1433.7147060654563, "J_disc_train_se": 13.389112016388939, "action_oor_frac": 0.1423625, "adv_raw_mean": -2.0463630789890884e-15, "adv_raw_std": 175.34707944784094, "diagnostics_seconds": 0.1255176889244467, "episode_count": 80, "explained_var": 0.266076922416687, "explained_var_reason": null, "grad_cos_prev": -0.09801047419149658, "grad_cos_prev_reason": null, "grad_norm": 14.380921283333082, "policy_action_oor_frac": 0.14238333333333333, "proj_active": false, "reward_clip_frac": 0.0, "rollout_seconds": 13.176279159029946, "split_diff_sq": 688.2206616361855, "split_dot": 34.75573565611768, "theta_dist": 0.004588744191076775, "theta_dist_preproj": 0.004588744191076775, "update_norm": 0.0017411494067444964, "update_seconds": 44.40727473795414, "x0_sat_frac_last": 0.022874149659863945, "x0_sat_frac_mean": 0.06853612874560454}
Processed step 0 of 500
Processed step 10 of 500
Processed step 20 of 500
Processed step 30 of 500
Processed step 40 of 500
Processed step 50 of 500
Processed step 60 of 500
Processed step 70 of 500
Processed step 80 of 500
Processed step 90 of 500
Processed step 100 of 500
Processed step 110 of 500
Processed step 120 of 500
Processed step 130 of 500
Processed step 140 of 500
Processed step 150 of 500
Processed step 160 of 500
Processed step 170 of 500
Processed step 180 of 500
Processed step 190 of 500
Processed step 200 of 500
Processed step 210 of 500
Processed step 220 of 500
Processed step 230 of 500
Processed step 240 of 500
Processed step 250 of 500
Processed step 260 of 500
Processed step 270 of 500
Processed step 280 of 500
Processed step 290 of 500
Processed step 300 of 500
Processed step 310 of 500
Processed step 320 of 500
Processed step 330 of 500
Processed step 340 of 500
Processed step 350 of 500
Processed step 360 of 500
Processed step 370 of 500
Processed step 380 of 500
Processed step 390 of 500
Processed step 400 of 500
Processed step 410 of 500
Processed step 420 of 500
Processed step 430 of 500
Processed step 440 of 500
Processed step 450 of 500
Processed step 460 of 500
Processed step 470 of 500
Processed step 480 of 500
Processed step 490 of 500
[2026-10-10 06:15:08,598][agent.finetune.train_ppo_diffusion_agent][INFO] - approx_kl: 0.0, update_epoch: 0, num_batch: 4
[2026-10-10 06:15:10,466][agent.finetune.train_ppo_diffusion_agent][INFO] - approx_kl: 0.0, update_epoch: 0, num_batch: 4
[2026-10-10 06:15:12,387][agent.finetune.train_ppo_diffusion_agent][INFO] - approx_kl: 0.0, update_epoch: 0, num_batch: 4
[2026-10-10 06:15:14,129][agent.finetune.train_ppo_diffusion_agent][INFO] - approx_kl: 0.0, update_epoch: 0, num_batch: 4
[2026-10-10 06:15:15,982][agent.finetune.train_ppo_diffusion_agent][INFO] - approx_kl: 0.0, update_epoch: 1, num_batch: 4
[2026-10-10 06:15:17,842][agent.finetune.train_ppo_diffusion_agent][INFO] - approx_kl: 0.0, update_epoch: 1, num_batch: 4
[2026-10-10 06:15:19,864][agent.finetune.train_ppo_diffusion_agent][INFO] - approx_kl: 0.0, update_epoch: 1, num_batch: 4
[2026-10-10 06:15:21,609][agent.finetune.train_ppo_diffusion_agent][INFO] - approx_kl: 0.0, update_epoch: 1, num_batch: 4
[2026-10-10 06:15:23,513][agent.finetune.train_ppo_diffusion_agent][INFO] - approx_kl: 0.0, update_epoch: 2, num_batch: 4
[2026-10-10 06:15:25,357][agent.finetune.train_ppo_diffusion_agent][INFO] - approx_kl: 0.0, update_epoch: 2, num_batch: 4
[2026-10-10 06:15:27,337][agent.finetune.train_ppo_diffusion_agent][INFO] - approx_kl: 0.0, update_epoch: 2, num_batch: 4
[2026-10-10 06:15:29,079][agent.finetune.train_ppo_diffusion_agent][INFO] - approx_kl: 0.0, update_epoch: 2, num_batch: 4
[2026-10-10 06:15:30,952][agent.finetune.train_ppo_diffusion_agent][INFO] - approx_kl: 0.0, update_epoch: 3, num_batch: 4
[2026-10-10 06:15:32,793][agent.finetune.train_ppo_diffusion_agent][INFO] - approx_kl: 0.0, update_epoch: 3, num_batch: 4
[2026-10-10 06:15:34,756][agent.finetune.train_ppo_diffusion_agent][INFO] - approx_kl: 0.0, update_epoch: 3, num_batch: 4
[2026-10-10 06:15:36,495][agent.finetune.train_ppo_diffusion_agent][INFO] - approx_kl: 0.0, update_epoch: 3, num_batch: 4
[2026-10-10 06:15:38,342][agent.finetune.train_ppo_diffusion_agent][INFO] - approx_kl: 0.0, update_epoch: 4, num_batch: 4
[2026-10-10 06:15:40,171][agent.finetune.train_ppo_diffusion_agent][INFO] - approx_kl: 0.0, update_epoch: 4, num_batch: 4
[2026-10-10 06:15:42,134][agent.finetune.train_ppo_diffusion_agent][INFO] - approx_kl: 0.0, update_epoch: 4, num_batch: 4
[2026-10-10 06:15:43,906][agent.finetune.train_ppo_diffusion_agent][INFO] - approx_kl: 0.0, update_epoch: 4, num_batch: 4
[2026-10-10 06:15:51,289][agent.finetune.train_ppo_diffusion_agent][INFO] - 5: step   400000 | loss  -1.3168 | pg loss  -1.3512 | value loss   0.0689 | bc loss   0.0000 | reward 3901.4191 | eta   1.0000 | t: 57.6569 | kl_true_per_action=0.0004949956244645287 | logratio_p99=0.03663779139518736 | clamp_hit_frac=0.0007583333333333333 | actor_step_ratio=1.0 | actor_step_clipfrac=0.0
[2026-10-10 06:15:51,289][agent.finetune.stage3_support][INFO] - STAGE3_METRICS {"J_disc_train": 1399.741154866634, "J_disc_train_se": 21.085528715283154, "action_oor_frac": 0.14058541666666666, "adv_raw_mean": -4.329194780439139e-14, "adv_raw_std": 250.44571087980285, "diagnostics_seconds": 0.12795689387712628, "episode_count": 80, "explained_var": 0.3797105550765991, "explained_var_reason": null, "grad_cos_prev": -0.07419918652284171, "grad_cos_prev_reason": null, "grad_norm": 19.90765118739335, "policy_action_oor_frac": 0.14061875, "proj_active": false, "reward_clip_frac": 0.0, "rollout_seconds": 12.961211176007055, "split_diff_sq": 1622.6103819636007, "split_dot": -9.338039820043218, "theta_dist": 0.005185924667865548, "theta_dist_preproj": 0.005185924667865548, "update_norm": 0.0024102738153824782, "update_seconds": 44.564001844031736, "x0_sat_frac_last": 0.024607113316790736, "x0_sat_frac_mean": 0.06674936234568053}
Processed step 0 of 500
Processed step 10 of 500
Processed step 20 of 500
Processed step 30 of 500
Processed step 40 of 500
Processed step 50 of 500
Processed step 60 of 500
Processed step 70 of 500
Processed step 80 of 500
Processed step 90 of 500
Processed step 100 of 500
Processed step 110 of 500
Processed step 120 of 500
Processed step 130 of 500
Processed step 140 of 500
Processed step 150 of 500
Processed step 160 of 500
Processed step 170 of 500
Processed step 180 of 500
Processed step 190 of 500
Processed step 200 of 500
Processed step 210 of 500
Processed step 220 of 500
Processed step 230 of 500
Processed step 240 of 500
Processed step 250 of 500
Processed step 260 of 500
Processed step 270 of 500
Processed step 280 of 500
Processed step 290 of 500
Processed step 300 of 500
Processed step 310 of 500
Processed step 320 of 500
Processed step 330 of 500
Processed step 340 of 500
Processed step 350 of 500
Processed step 360 of 500
Processed step 370 of 500
Processed step 380 of 500
Processed step 390 of 500
Processed step 400 of 500
Processed step 410 of 500
Processed step 420 of 500
Processed step 430 of 500
Processed step 440 of 500
Processed step 450 of 500
Processed step 460 of 500
Processed step 470 of 500
Processed step 480 of 500
Processed step 490 of 500
[2026-10-10 06:16:06,278][agent.finetune.train_ppo_diffusion_agent][INFO] - approx_kl: 0.0, update_epoch: 0, num_batch: 4
[2026-10-10 06:16:08,145][agent.finetune.train_ppo_diffusion_agent][INFO] - approx_kl: 0.0, update_epoch: 0, num_batch: 4
[2026-10-10 06:16:10,164][agent.finetune.train_ppo_diffusion_agent][INFO] - approx_kl: 0.0, update_epoch: 0, num_batch: 4
[2026-10-10 06:16:11,913][agent.finetune.train_ppo_diffusion_agent][INFO] - approx_kl: 0.0, update_epoch: 0, num_batch: 4
[2026-10-10 06:16:13,739][agent.finetune.train_ppo_diffusion_agent][INFO] - approx_kl: 0.0, update_epoch: 1, num_batch: 4
[2026-10-10 06:16:15,574][agent.finetune.train_ppo_diffusion_agent][INFO] - approx_kl: 0.0, update_epoch: 1, num_batch: 4
[2026-10-10 06:16:17,524][agent.finetune.train_ppo_diffusion_agent][INFO] - approx_kl: 0.0, update_epoch: 1, num_batch: 4
[2026-10-10 06:16:19,278][agent.finetune.train_ppo_diffusion_agent][INFO] - approx_kl: 0.0, update_epoch: 1, num_batch: 4
[2026-10-10 06:16:21,096][agent.finetune.train_ppo_diffusion_agent][INFO] - approx_kl: 0.0, update_epoch: 2, num_batch: 4
[2026-10-10 06:16:22,930][agent.finetune.train_ppo_diffusion_agent][INFO] - approx_kl: 0.0, update_epoch: 2, num_batch: 4
[2026-10-10 06:16:24,892][agent.finetune.train_ppo_diffusion_agent][INFO] - approx_kl: 0.0, update_epoch: 2, num_batch: 4
[2026-10-10 06:16:26,622][agent.finetune.train_ppo_diffusion_agent][INFO] - approx_kl: 0.0, update_epoch: 2, num_batch: 4
[2026-10-10 06:16:28,462][agent.finetune.train_ppo_diffusion_agent][INFO] - approx_kl: 0.0, update_epoch: 3, num_batch: 4
[2026-10-10 06:16:30,285][agent.finetune.train_ppo_diffusion_agent][INFO] - approx_kl: 0.0, update_epoch: 3, num_batch: 4
[2026-10-10 06:16:32,209][agent.finetune.train_ppo_diffusion_agent][INFO] - approx_kl: 0.0, update_epoch: 3, num_batch: 4
[2026-10-10 06:16:33,961][agent.finetune.train_ppo_diffusion_agent][INFO] - approx_kl: 0.0, update_epoch: 3, num_batch: 4
[2026-10-10 06:16:35,781][agent.finetune.train_ppo_diffusion_agent][INFO] - approx_kl: 0.0, update_epoch: 4, num_batch: 4
[2026-10-10 06:16:37,562][agent.finetune.train_ppo_diffusion_agent][INFO] - approx_kl: 0.0, update_epoch: 4, num_batch: 4
[2026-10-10 06:16:39,470][agent.finetune.train_ppo_diffusion_agent][INFO] - approx_kl: 0.0, update_epoch: 4, num_batch: 4
[2026-10-10 06:16:41,192][agent.finetune.train_ppo_diffusion_agent][INFO] - approx_kl: 0.0, update_epoch: 4, num_batch: 4
[2026-10-10 06:16:48,574][agent.finetune.train_ppo_diffusion_agent][INFO] - 6: step   480000 | loss  -0.1544 | pg loss  -0.1941 | value loss   0.0793 | bc loss   0.0000 | reward 3962.7655 | eta   1.0000 | t: 57.2850 | kl_true_per_action=0.00027925262781384243 | logratio_p99=0.024279398918151847 | clamp_hit_frac=0.0007583333333333333 | actor_step_ratio=1.0 | actor_step_clipfrac=0.0
[2026-10-10 06:16:48,574][agent.finetune.stage3_support][INFO] - STAGE3_METRICS {"J_disc_train": 1412.7744440824504, "J_disc_train_se": 19.602391512893774, "action_oor_frac": 0.1415125, "adv_raw_mean": 3.2741809263825416e-15, "adv_raw_std": 220.99092217611334, "diagnostics_seconds": 0.1215627467026934, "episode_count": 80, "explained_var": 0.30512863397598267, "explained_var_reason": null, "grad_cos_prev": 0.015698403700600633, "grad_cos_prev_reason": null, "grad_norm": 18.552898672132933, "policy_action_oor_frac": 0.14153541666666666, "proj_active": false, "reward_clip_frac": 0.0, "rollout_seconds": 12.925225622951984, "split_diff_sq": 1364.5061624731934, "split_dot": 3.0835066308836803, "theta_dist": 0.005690662408205038, "theta_dist_preproj": 0.005690662408205038, "update_norm": 0.002246256693478971, "update_seconds": 44.23438894317951, "x0_sat_frac_last": 0.023208063713290195, "x0_sat_frac_mean": 0.06725047040290762}
Processed step 0 of 500
Processed step 10 of 500
Processed step 20 of 500
Processed step 30 of 500
Processed step 40 of 500
Processed step 50 of 500
Processed step 60 of 500
Processed step 70 of 500
Processed step 80 of 500
Processed step 90 of 500
Processed step 100 of 500
Processed step 110 of 500
Processed step 120 of 500
Processed step 130 of 500
Processed step 140 of 500
Processed step 150 of 500
Processed step 160 of 500
Processed step 170 of 500
Processed step 180 of 500
Processed step 190 of 500
Processed step 200 of 500
Processed step 210 of 500
Processed step 220 of 500
Processed step 230 of 500
Processed step 240 of 500
Processed step 250 of 500
Processed step 260 of 500
Processed step 270 of 500
Processed step 280 of 500
Processed step 290 of 500
Processed step 300 of 500
Processed step 310 of 500
Processed step 320 of 500
Processed step 330 of 500
Processed step 340 of 500
Processed step 350 of 500
Processed step 360 of 500
Processed step 370 of 500
Processed step 380 of 500
Processed step 390 of 500
Processed step 400 of 500
Processed step 410 of 500
Processed step 420 of 500
Processed step 430 of 500
Processed step 440 of 500
Processed step 450 of 500
Processed step 460 of 500
Processed step 470 of 500
Processed step 480 of 500
Processed step 490 of 500
[2026-10-10 06:17:03,762][agent.finetune.train_ppo_diffusion_agent][INFO] - approx_kl: 0.0, update_epoch: 0, num_batch: 4
[2026-10-10 06:17:05,681][agent.finetune.train_ppo_diffusion_agent][INFO] - approx_kl: 0.0, update_epoch: 0, num_batch: 4
[2026-10-10 06:17:07,653][agent.finetune.train_ppo_diffusion_agent][INFO] - approx_kl: 0.0, update_epoch: 0, num_batch: 4
[2026-10-10 06:17:09,408][agent.finetune.train_ppo_diffusion_agent][INFO] - approx_kl: 0.0, update_epoch: 0, num_batch: 4
[2026-10-10 06:17:11,235][agent.finetune.train_ppo_diffusion_agent][INFO] - approx_kl: 0.0, update_epoch: 1, num_batch: 4
[2026-10-10 06:17:13,159][agent.finetune.train_ppo_diffusion_agent][INFO] - approx_kl: 0.0, update_epoch: 1, num_batch: 4
[2026-10-10 06:17:14,894][agent.finetune.train_ppo_diffusion_agent][INFO] - approx_kl: 0.0, update_epoch: 1, num_batch: 4
[2026-10-10 06:17:16,736][agent.finetune.train_ppo_diffusion_agent][INFO] - approx_kl: 0.0, update_epoch: 1, num_batch: 4
[2026-10-10 06:17:18,575][agent.finetune.train_ppo_diffusion_agent][INFO] - approx_kl: 0.0, update_epoch: 2, num_batch: 4
[2026-10-10 06:17:20,520][agent.finetune.train_ppo_diffusion_agent][INFO] - approx_kl: 0.0, update_epoch: 2, num_batch: 4
[2026-10-10 06:17:22,287][agent.finetune.train_ppo_diffusion_agent][INFO] - approx_kl: 0.0, update_epoch: 2, num_batch: 4
[2026-10-10 06:17:24,167][agent.finetune.train_ppo_diffusion_agent][INFO] - approx_kl: 0.0, update_epoch: 2, num_batch: 4
[2026-10-10 06:17:26,002][agent.finetune.train_ppo_diffusion_agent][INFO] - approx_kl: 0.0, update_epoch: 3, num_batch: 4
[2026-10-10 06:17:27,938][agent.finetune.train_ppo_diffusion_agent][INFO] - approx_kl: 0.0, update_epoch: 3, num_batch: 4
[2026-10-10 06:17:29,709][agent.finetune.train_ppo_diffusion_agent][INFO] - approx_kl: 0.0, update_epoch: 3, num_batch: 4
[2026-10-10 06:17:31,542][agent.finetune.train_ppo_diffusion_agent][INFO] - approx_kl: 0.0, update_epoch: 3, num_batch: 4
[2026-10-10 06:17:33,368][agent.finetune.train_ppo_diffusion_agent][INFO] - approx_kl: 0.0, update_epoch: 4, num_batch: 4
[2026-10-10 06:17:35,311][agent.finetune.train_ppo_diffusion_agent][INFO] - approx_kl: 0.0, update_epoch: 4, num_batch: 4
[2026-10-10 06:17:37,052][agent.finetune.train_ppo_diffusion_agent][INFO] - approx_kl: 0.0, update_epoch: 4, num_batch: 4
[2026-10-10 06:17:38,881][agent.finetune.train_ppo_diffusion_agent][INFO] - approx_kl: 0.0, update_epoch: 4, num_batch: 4
[2026-10-10 06:17:46,298][agent.finetune.train_ppo_diffusion_agent][INFO] - 7: step   560000 | loss  -1.5661 | pg loss  -1.6079 | value loss   0.0836 | bc loss   0.0000 | reward 4064.1627 | eta   1.0000 | t: 57.7239 | kl_true_per_action=0.00015109354816358894 | logratio_p99=0.018220541477203332 | clamp_hit_frac=0.0007791666666666666 | actor_step_ratio=1.0 | actor_step_clipfrac=0.0
[2026-10-10 06:17:46,298][agent.finetune.stage3_support][INFO] - STAGE3_METRICS {"J_disc_train": 1423.3887378022214, "J_disc_train_se": 16.33569140879994, "action_oor_frac": 0.14369375, "adv_raw_mean": 5.820766091346741e-15, "adv_raw_std": 168.9012483554352, "diagnostics_seconds": 0.11740153597202152, "episode_count": 80, "explained_var": 0.16953229904174805, "explained_var_reason": null, "grad_cos_prev": -0.010173841515896412, "grad_cos_prev_reason": null, "grad_norm": 13.56683829004876, "policy_action_oor_frac": 0.14372708333333334, "proj_active": false, "reward_clip_frac": 0.0, "rollout_seconds": 13.005646659061313, "split_diff_sq": 814.7598774328476, "split_dot": -19.63086540548414, "theta_dist": 0.005936669531811671, "theta_dist_preproj": 0.005936669531811671, "update_norm": 0.0016425818905709858, "update_seconds": 44.5938998630736, "x0_sat_frac_last": 0.021659969864389752, "x0_sat_frac_mean": 0.06877983553385923}
Processed step 0 of 500
Processed step 10 of 500
Processed step 20 of 500
Processed step 30 of 500
Processed step 40 of 500
Processed step 50 of 500
Processed step 60 of 500
Processed step 70 of 500
Processed step 80 of 500
Processed step 90 of 500
Processed step 100 of 500
Processed step 110 of 500
Processed step 120 of 500
Processed step 130 of 500
Processed step 140 of 500
Processed step 150 of 500
Processed step 160 of 500
Processed step 170 of 500
Processed step 180 of 500
Processed step 190 of 500
Processed step 200 of 500
Processed step 210 of 500
Processed step 220 of 500
Processed step 230 of 500
Processed step 240 of 500
Processed step 250 of 500
Processed step 260 of 500
Processed step 270 of 500
Processed step 280 of 500
Processed step 290 of 500
Processed step 300 of 500
Processed step 310 of 500
Processed step 320 of 500
Processed step 330 of 500
Processed step 340 of 500
Processed step 350 of 500
Processed step 360 of 500
Processed step 370 of 500
Processed step 380 of 500
Processed step 390 of 500
Processed step 400 of 500
Processed step 410 of 500
Processed step 420 of 500
Processed step 430 of 500
Processed step 440 of 500
Processed step 450 of 500
Processed step 460 of 500
Processed step 470 of 500
Processed step 480 of 500
Processed step 490 of 500
[2026-10-10 06:18:01,666][agent.finetune.train_ppo_diffusion_agent][INFO] - approx_kl: 0.0, update_epoch: 0, num_batch: 4
[2026-10-10 06:18:03,594][agent.finetune.train_ppo_diffusion_agent][INFO] - approx_kl: 0.0, update_epoch: 0, num_batch: 4
[2026-10-10 06:18:05,232][agent.finetune.train_ppo_diffusion_agent][INFO] - approx_kl: 0.0, update_epoch: 0, num_batch: 4
[2026-10-10 06:18:07,037][agent.finetune.train_ppo_diffusion_agent][INFO] - approx_kl: 0.0, update_epoch: 0, num_batch: 4
[2026-10-10 06:18:08,778][agent.finetune.train_ppo_diffusion_agent][INFO] - approx_kl: 0.0, update_epoch: 1, num_batch: 4
[2026-10-10 06:18:10,652][agent.finetune.train_ppo_diffusion_agent][INFO] - approx_kl: 0.0, update_epoch: 1, num_batch: 4
[2026-10-10 06:18:12,285][agent.finetune.train_ppo_diffusion_agent][INFO] - approx_kl: 0.0, update_epoch: 1, num_batch: 4
[2026-10-10 06:18:14,017][agent.finetune.train_ppo_diffusion_agent][INFO] - approx_kl: 0.0, update_epoch: 1, num_batch: 4
[2026-10-10 06:18:15,716][agent.finetune.train_ppo_diffusion_agent][INFO] - approx_kl: 0.0, update_epoch: 2, num_batch: 4
[2026-10-10 06:18:17,549][agent.finetune.train_ppo_diffusion_agent][INFO] - approx_kl: 0.0, update_epoch: 2, num_batch: 4
[2026-10-10 06:18:19,194][agent.finetune.train_ppo_diffusion_agent][INFO] - approx_kl: 0.0, update_epoch: 2, num_batch: 4
[2026-10-10 06:18:20,942][agent.finetune.train_ppo_diffusion_agent][INFO] - approx_kl: 0.0, update_epoch: 2, num_batch: 4
[2026-10-10 06:18:22,674][agent.finetune.train_ppo_diffusion_agent][INFO] - approx_kl: 0.0, update_epoch: 3, num_batch: 4
[2026-10-10 06:18:24,506][agent.finetune.train_ppo_diffusion_agent][INFO] - approx_kl: 0.0, update_epoch: 3, num_batch: 4
[2026-10-10 06:18:26,152][agent.finetune.train_ppo_diffusion_agent][INFO] - approx_kl: 0.0, update_epoch: 3, num_batch: 4
[2026-10-10 06:18:27,916][agent.finetune.train_ppo_diffusion_agent][INFO] - approx_kl: 0.0, update_epoch: 3, num_batch: 4
[2026-10-10 06:18:29,652][agent.finetune.train_ppo_diffusion_agent][INFO] - approx_kl: 0.0, update_epoch: 4, num_batch: 4
[2026-10-10 06:18:31,478][agent.finetune.train_ppo_diffusion_agent][INFO] - approx_kl: 0.0, update_epoch: 4, num_batch: 4
[2026-10-10 06:18:33,113][agent.finetune.train_ppo_diffusion_agent][INFO] - approx_kl: 0.0, update_epoch: 4, num_batch: 4
[2026-10-10 06:18:34,852][agent.finetune.train_ppo_diffusion_agent][INFO] - approx_kl: 0.0, update_epoch: 4, num_batch: 4
[2026-10-10 06:18:41,869][agent.finetune.train_ppo_diffusion_agent][INFO] - 8: step   640000 | loss   1.7182 | pg loss   1.6746 | value loss   0.0871 | bc loss   0.0000 | reward 3888.0777 | eta   1.0000 | t: 55.5712 | kl_true_per_action=0.0003385000424727413 | logratio_p99=0.02624575078487394 | clamp_hit_frac=0.00076875 | actor_step_ratio=1.0 | actor_step_clipfrac=0.0
[2026-10-10 06:18:41,869][agent.finetune.stage3_support][INFO] - STAGE3_METRICS {"J_disc_train": 1363.9994533305758, "J_disc_train_se": 23.398795696156366, "action_oor_frac": 0.13961666666666667, "adv_raw_mean": -1.8189894035458566e-16, "adv_raw_std": 243.0508590679173, "diagnostics_seconds": 0.12531005800701678, "episode_count": 80, "explained_var": 0.3399679660797119, "explained_var_reason": null, "grad_cos_prev": -0.022078194084655244, "grad_cos_prev_reason": null, "grad_norm": 21.567416785800226, "policy_action_oor_frac": 0.13964166666666666, "proj_active": false, "reward_clip_frac": 0.0, "rollout_seconds": 13.017299412982538, "split_diff_sq": 1766.474500202095, "split_dot": 23.534837402823893, "theta_dist": 0.006455725698443763, "theta_dist_preproj": 0.006455725698443763, "update_norm": 0.002611222230155465, "update_seconds": 42.42522619396914, "x0_sat_frac_last": 0.023215479772651287, "x0_sat_frac_mean": 0.06651352570719951}
Processed step 0 of 500
Processed step 10 of 500
Processed step 20 of 500
Processed step 30 of 500
Processed step 40 of 500
Processed step 50 of 500
Processed step 60 of 500
Processed step 70 of 500
Processed step 80 of 500
Processed step 90 of 500
Processed step 100 of 500
Processed step 110 of 500
Processed step 120 of 500
Processed step 130 of 500
Processed step 140 of 500
Processed step 150 of 500
Processed step 160 of 500
Processed step 170 of 500
Processed step 180 of 500
Processed step 190 of 500
Processed step 200 of 500
Processed step 210 of 500
Processed step 220 of 500
Processed step 230 of 500
Processed step 240 of 500
Processed step 250 of 500
Processed step 260 of 500
Processed step 270 of 500
Processed step 280 of 500
Processed step 290 of 500
Processed step 300 of 500
Processed step 310 of 500
Processed step 320 of 500
Processed step 330 of 500
Processed step 340 of 500
Processed step 350 of 500
Processed step 360 of 500
Processed step 370 of 500
Processed step 380 of 500
Processed step 390 of 500
Processed step 400 of 500
Processed step 410 of 500
Processed step 420 of 500
Processed step 430 of 500
Processed step 440 of 500
Processed step 450 of 500
Processed step 460 of 500
Processed step 470 of 500
Processed step 480 of 500
Processed step 490 of 500
[2026-10-10 06:18:57,571][agent.finetune.train_ppo_diffusion_agent][INFO] - approx_kl: 0.0, update_epoch: 0, num_batch: 4
[2026-10-10 06:18:59,563][agent.finetune.train_ppo_diffusion_agent][INFO] - approx_kl: 0.0, update_epoch: 0, num_batch: 4
[2026-10-10 06:19:01,325][agent.finetune.train_ppo_diffusion_agent][INFO] - approx_kl: 0.0, update_epoch: 0, num_batch: 4
[2026-10-10 06:19:03,195][agent.finetune.train_ppo_diffusion_agent][INFO] - approx_kl: 0.0, update_epoch: 0, num_batch: 4
[2026-10-10 06:19:05,056][agent.finetune.train_ppo_diffusion_agent][INFO] - approx_kl: 0.0, update_epoch: 1, num_batch: 4
[2026-10-10 06:19:07,011][agent.finetune.train_ppo_diffusion_agent][INFO] - approx_kl: 0.0, update_epoch: 1, num_batch: 4
[2026-10-10 06:19:08,733][agent.finetune.train_ppo_diffusion_agent][INFO] - approx_kl: 0.0, update_epoch: 1, num_batch: 4
[2026-10-10 06:19:10,579][agent.finetune.train_ppo_diffusion_agent][INFO] - approx_kl: 0.0, update_epoch: 1, num_batch: 4
[2026-10-10 06:19:12,392][agent.finetune.train_ppo_diffusion_agent][INFO] - approx_kl: 0.0, update_epoch: 2, num_batch: 4
[2026-10-10 06:19:14,293][agent.finetune.train_ppo_diffusion_agent][INFO] - approx_kl: 0.0, update_epoch: 2, num_batch: 4
[2026-10-10 06:19:15,992][agent.finetune.train_ppo_diffusion_agent][INFO] - approx_kl: 0.0, update_epoch: 2, num_batch: 4
[2026-10-10 06:19:17,841][agent.finetune.train_ppo_diffusion_agent][INFO] - approx_kl: 0.0, update_epoch: 2, num_batch: 4
[2026-10-10 06:19:19,685][agent.finetune.train_ppo_diffusion_agent][INFO] - approx_kl: 0.0, update_epoch: 3, num_batch: 4
[2026-10-10 06:19:21,639][agent.finetune.train_ppo_diffusion_agent][INFO] - approx_kl: 0.0, update_epoch: 3, num_batch: 4
[2026-10-10 06:19:23,359][agent.finetune.train_ppo_diffusion_agent][INFO] - approx_kl: 0.0, update_epoch: 3, num_batch: 4
[2026-10-10 06:19:25,188][agent.finetune.train_ppo_diffusion_agent][INFO] - approx_kl: 0.0, update_epoch: 3, num_batch: 4
[2026-10-10 06:19:27,029][agent.finetune.train_ppo_diffusion_agent][INFO] - approx_kl: 0.0, update_epoch: 4, num_batch: 4
[2026-10-10 06:19:28,963][agent.finetune.train_ppo_diffusion_agent][INFO] - approx_kl: 0.0, update_epoch: 4, num_batch: 4
[2026-10-10 06:19:30,686][agent.finetune.train_ppo_diffusion_agent][INFO] - approx_kl: 0.0, update_epoch: 4, num_batch: 4
[2026-10-10 06:19:32,506][agent.finetune.train_ppo_diffusion_agent][INFO] - approx_kl: 0.0, update_epoch: 4, num_batch: 4
[2026-10-10 06:19:39,843][agent.finetune.train_ppo_diffusion_agent][INFO] - 9: step   720000 | loss  -0.5098 | pg loss  -0.5536 | value loss   0.0874 | bc loss   0.0000 | reward 3954.6695 | eta   1.0000 | t: 57.9739 | kl_true_per_action=0.000609727090238562 | logratio_p99=0.0410618090629577 | clamp_hit_frac=0.00075625 | actor_step_ratio=1.0 | actor_step_clipfrac=0.0
[2026-10-10 06:19:39,843][agent.finetune.stage3_support][INFO] - STAGE3_METRICS {"J_disc_train": 1406.582489195423, "J_disc_train_se": 21.43053172963223, "action_oor_frac": 0.1402, "adv_raw_mean": 1.746229827404022e-14, "adv_raw_std": 244.08785595656886, "diagnostics_seconds": 0.13830565800890326, "episode_count": 80, "explained_var": 0.42873048782348633, "explained_var_reason": null, "grad_cos_prev": -0.009198661959587443, "grad_cos_prev_reason": null, "grad_norm": 20.45795099449291, "policy_action_oor_frac": 0.140225, "proj_active": false, "reward_clip_frac": 0.0, "rollout_seconds": 13.211829731008038, "split_diff_sq": 1577.9547153063431, "split_dot": 24.03906123261653, "theta_dist": 0.006901138401883014, "theta_dist_preproj": 0.006901138401883014, "update_norm": 0.002476898573135329, "update_seconds": 44.51362535892986, "x0_sat_frac_last": 0.02284677015523285, "x0_sat_frac_mean": 0.0661657743261466}
Processed step 0 of 500
Processed step 10 of 500
Processed step 20 of 500
Processed step 30 of 500
Processed step 40 of 500
Processed step 50 of 500
Processed step 60 of 500
Processed step 70 of 500
Processed step 80 of 500
Processed step 90 of 500
Processed step 100 of 500
Processed step 110 of 500
Processed step 120 of 500
Processed step 130 of 500
Processed step 140 of 500
Processed step 150 of 500
Processed step 160 of 500
Processed step 170 of 500
Processed step 180 of 500
Processed step 190 of 500
Processed step 200 of 500
Processed step 210 of 500
Processed step 220 of 500
Processed step 230 of 500
Processed step 240 of 500
Processed step 250 of 500
Processed step 260 of 500
Processed step 270 of 500
Processed step 280 of 500
Processed step 290 of 500
Processed step 300 of 500
Processed step 310 of 500
Processed step 320 of 500
Processed step 330 of 500
Processed step 340 of 500
Processed step 350 of 500
Processed step 360 of 500
Processed step 370 of 500
Processed step 380 of 500
Processed step 390 of 500
Processed step 400 of 500
Processed step 410 of 500
Processed step 420 of 500
Processed step 430 of 500
Processed step 440 of 500
Processed step 450 of 500
Processed step 460 of 500
Processed step 470 of 500
Processed step 480 of 500
Processed step 490 of 500
[2026-10-10 06:19:53,248][agent.finetune.train_ppo_diffusion_agent][INFO] - eval: success rate   1.0000 | avg episode reward 4343.0246 | avg best reward   6.4615
[2026-10-10 06:19:53,248][agent.finetune.stage3_support][INFO] - STAGE3_METRICS {"J_disc_eval": 1530.4215543021282, "J_disc_eval_se": 14.001663073698719, "action_oor_frac": 0.0, "diagnostics_seconds": 0.011559452977962792, "episode_count": 80, "policy_action_oor_frac": 0.0, "rollout_seconds": 13.390472764032893, "update_seconds": 0.0}
Processed step 0 of 500
Processed step 10 of 500
Processed step 20 of 500
Processed step 30 of 500
Processed step 40 of 500
Processed step 50 of 500
Processed step 60 of 500
Processed step 70 of 500
Processed step 80 of 500
Processed step 90 of 500
Processed step 100 of 500
Processed step 110 of 500
Processed step 120 of 500
Processed step 130 of 500
Processed step 140 of 500
Processed step 150 of 500
Processed step 160 of 500
Processed step 170 of 500
Processed step 180 of 500
Processed step 190 of 500
Processed step 200 of 500
Processed step 210 of 500
Processed step 220 of 500
Processed step 230 of 500
Processed step 240 of 500
Processed step 250 of 500
Processed step 260 of 500
Processed step 270 of 500
Processed step 280 of 500
Processed step 290 of 500
Processed step 300 of 500
Processed step 310 of 500
Processed step 320 of 500
Processed step 330 of 500
Processed step 340 of 500
Processed step 350 of 500
Processed step 360 of 500
Processed step 370 of 500
Processed step 380 of 500
Processed step 390 of 500
Processed step 400 of 500
Processed step 410 of 500
Processed step 420 of 500
Processed step 430 of 500
Processed step 440 of 500
Processed step 450 of 500
Processed step 460 of 500
Processed step 470 of 500
Processed step 480 of 500
Processed step 490 of 500
[2026-10-10 06:20:08,672][agent.finetune.train_ppo_diffusion_agent][INFO] - approx_kl: 0.0, update_epoch: 0, num_batch: 4
[2026-10-10 06:20:10,607][agent.finetune.train_ppo_diffusion_agent][INFO] - approx_kl: 0.0, update_epoch: 0, num_batch: 4
[2026-10-10 06:20:12,333][agent.finetune.train_ppo_diffusion_agent][INFO] - approx_kl: 0.0, update_epoch: 0, num_batch: 4
[2026-10-10 06:20:14,133][agent.finetune.train_ppo_diffusion_agent][INFO] - approx_kl: 0.0, update_epoch: 0, num_batch: 4
[2026-10-10 06:20:15,907][agent.finetune.train_ppo_diffusion_agent][INFO] - approx_kl: 0.0, update_epoch: 1, num_batch: 4
[2026-10-10 06:20:17,797][agent.finetune.train_ppo_diffusion_agent][INFO] - approx_kl: 0.0, update_epoch: 1, num_batch: 4
[2026-10-10 06:20:19,540][agent.finetune.train_ppo_diffusion_agent][INFO] - approx_kl: 0.0, update_epoch: 1, num_batch: 4
[2026-10-10 06:20:21,364][agent.finetune.train_ppo_diffusion_agent][INFO] - approx_kl: 0.0, update_epoch: 1, num_batch: 4
[2026-10-10 06:20:23,207][agent.finetune.train_ppo_diffusion_agent][INFO] - approx_kl: 0.0, update_epoch: 2, num_batch: 4
[2026-10-10 06:20:25,112][agent.finetune.train_ppo_diffusion_agent][INFO] - approx_kl: 0.0, update_epoch: 2, num_batch: 4
[2026-10-10 06:20:26,832][agent.finetune.train_ppo_diffusion_agent][INFO] - approx_kl: 0.0, update_epoch: 2, num_batch: 4
[2026-10-10 06:20:28,639][agent.finetune.train_ppo_diffusion_agent][INFO] - approx_kl: 0.0, update_epoch: 2, num_batch: 4
[2026-10-10 06:20:30,458][agent.finetune.train_ppo_diffusion_agent][INFO] - approx_kl: 0.0, update_epoch: 3, num_batch: 4
[2026-10-10 06:20:32,399][agent.finetune.train_ppo_diffusion_agent][INFO] - approx_kl: 0.0, update_epoch: 3, num_batch: 4
[2026-10-10 06:20:34,154][agent.finetune.train_ppo_diffusion_agent][INFO] - approx_kl: 0.0, update_epoch: 3, num_batch: 4
[2026-10-10 06:20:35,993][agent.finetune.train_ppo_diffusion_agent][INFO] - approx_kl: 0.0, update_epoch: 3, num_batch: 4
[2026-10-10 06:20:37,813][agent.finetune.train_ppo_diffusion_agent][INFO] - approx_kl: 0.0, update_epoch: 4, num_batch: 4
[2026-10-10 06:20:39,727][agent.finetune.train_ppo_diffusion_agent][INFO] - approx_kl: 0.0, update_epoch: 4, num_batch: 4
[2026-10-10 06:20:41,448][agent.finetune.train_ppo_diffusion_agent][INFO] - approx_kl: 0.0, update_epoch: 4, num_batch: 4
[2026-10-10 06:20:43,270][agent.finetune.train_ppo_diffusion_agent][INFO] - approx_kl: 0.0, update_epoch: 4, num_batch: 4
[2026-10-10 06:20:50,571][agent.finetune.train_ppo_diffusion_agent][INFO] - 11: step   800000 | loss  -0.5359 | pg loss  -0.5826 | value loss   0.0934 | bc loss   0.0000 | reward 3935.0233 | eta   1.0000 | t: 57.3228 | kl_true_per_action=0.0003491903343439705 | logratio_p99=0.029960113763809096 | clamp_hit_frac=0.0007020833333333333 | actor_step_ratio=1.0 | actor_step_clipfrac=0.0
[2026-10-10 06:20:50,571][agent.finetune.stage3_support][INFO] - STAGE3_METRICS {"J_disc_train": 1393.368114373206, "J_disc_train_se": 16.549501891245196, "action_oor_frac": 0.14088125, "adv_raw_mean": -2.0736479200422765e-14, "adv_raw_std": 214.66251088551397, "diagnostics_seconds": 0.12863128806930035, "episode_count": 80, "explained_var": 0.4103587865829468, "explained_var_reason": null, "grad_cos_prev": -0.02675322848858452, "grad_cos_prev_reason": null, "grad_norm": 16.65291092936132, "policy_action_oor_frac": 0.14091041666666668, "proj_active": false, "reward_clip_frac": 0.0, "rollout_seconds": 13.266397572006099, "split_diff_sq": 1109.9080357419225, "split_dot": -0.1575641590439183, "theta_dist": 0.007199445160645617, "theta_dist_preproj": 0.007199445160645617, "update_norm": 0.002016213043021999, "update_seconds": 43.924102791934274, "x0_sat_frac_last": 0.02394140817331364, "x0_sat_frac_mean": 0.06669112163373443}
Processed step 0 of 500
Processed step 10 of 500
Processed step 20 of 500
Processed step 30 of 500
Processed step 40 of 500
Processed step 50 of 500
Processed step 60 of 500
Processed step 70 of 500
Processed step 80 of 500
Processed step 90 of 500
Processed step 100 of 500
Processed step 110 of 500
Processed step 120 of 500
Processed step 130 of 500
Processed step 140 of 500
Processed step 150 of 500
Processed step 160 of 500
Processed step 170 of 500
Processed step 180 of 500
Processed step 190 of 500
Processed step 200 of 500
Processed step 210 of 500
Processed step 220 of 500
Processed step 230 of 500
Processed step 240 of 500
Processed step 250 of 500
Processed step 260 of 500
Processed step 270 of 500
Processed step 280 of 500
Processed step 290 of 500
Processed step 300 of 500
Processed step 310 of 500
Processed step 320 of 500
Processed step 330 of 500
Processed step 340 of 500
Processed step 350 of 500
Processed step 360 of 500
Processed step 370 of 500
Processed step 380 of 500
Processed step 390 of 500
Processed step 400 of 500
Processed step 410 of 500
Processed step 420 of 500
Processed step 430 of 500
Processed step 440 of 500
Processed step 450 of 500
Processed step 460 of 500
Processed step 470 of 500
Processed step 480 of 500
Processed step 490 of 500
[2026-10-10 06:21:06,042][agent.finetune.train_ppo_diffusion_agent][INFO] - approx_kl: 0.0, update_epoch: 0, num_batch: 4
[2026-10-10 06:21:07,788][agent.finetune.train_ppo_diffusion_agent][INFO] - approx_kl: 0.0, update_epoch: 0, num_batch: 4
[2026-10-10 06:21:09,604][agent.finetune.train_ppo_diffusion_agent][INFO] - approx_kl: 0.0, update_epoch: 0, num_batch: 4
[2026-10-10 06:21:11,421][agent.finetune.train_ppo_diffusion_agent][INFO] - approx_kl: 0.0, update_epoch: 0, num_batch: 4
[2026-10-10 06:21:13,345][agent.finetune.train_ppo_diffusion_agent][INFO] - approx_kl: 0.0, update_epoch: 1, num_batch: 4
[2026-10-10 06:21:15,098][agent.finetune.train_ppo_diffusion_agent][INFO] - approx_kl: 0.0, update_epoch: 1, num_batch: 4
[2026-10-10 06:21:16,917][agent.finetune.train_ppo_diffusion_agent][INFO] - approx_kl: 0.0, update_epoch: 1, num_batch: 4
[2026-10-10 06:21:18,748][agent.finetune.train_ppo_diffusion_agent][INFO] - approx_kl: 0.0, update_epoch: 1, num_batch: 4
[2026-10-10 06:21:20,682][agent.finetune.train_ppo_diffusion_agent][INFO] - approx_kl: 0.0, update_epoch: 2, num_batch: 4
[2026-10-10 06:21:22,418][agent.finetune.train_ppo_diffusion_agent][INFO] - approx_kl: 0.0, update_epoch: 2, num_batch: 4
[2026-10-10 06:21:24,251][agent.finetune.train_ppo_diffusion_agent][INFO] - approx_kl: 0.0, update_epoch: 2, num_batch: 4
[2026-10-10 06:21:26,073][agent.finetune.train_ppo_diffusion_agent][INFO] - approx_kl: 0.0, update_epoch: 2, num_batch: 4
[2026-10-10 06:21:28,085][agent.finetune.train_ppo_diffusion_agent][INFO] - approx_kl: 0.0, update_epoch: 3, num_batch: 4
[2026-10-10 06:21:29,805][agent.finetune.train_ppo_diffusion_agent][INFO] - approx_kl: 0.0, update_epoch: 3, num_batch: 4
[2026-10-10 06:21:31,620][agent.finetune.train_ppo_diffusion_agent][INFO] - approx_kl: 0.0, update_epoch: 3, num_batch: 4
[2026-10-10 06:21:33,442][agent.finetune.train_ppo_diffusion_agent][INFO] - approx_kl: 0.0, update_epoch: 3, num_batch: 4
[2026-10-10 06:21:35,358][agent.finetune.train_ppo_diffusion_agent][INFO] - approx_kl: 0.0, update_epoch: 4, num_batch: 4
[2026-10-10 06:21:37,051][agent.finetune.train_ppo_diffusion_agent][INFO] - approx_kl: 0.0, update_epoch: 4, num_batch: 4
[2026-10-10 06:21:38,862][agent.finetune.train_ppo_diffusion_agent][INFO] - approx_kl: 0.0, update_epoch: 4, num_batch: 4
[2026-10-10 06:21:40,718][agent.finetune.train_ppo_diffusion_agent][INFO] - approx_kl: 0.0, update_epoch: 4, num_batch: 4
[2026-10-10 06:21:48,057][agent.finetune.train_ppo_diffusion_agent][INFO] - 12: step   880000 | loss  -1.1731 | pg loss  -1.2218 | value loss   0.0975 | bc loss   0.0000 | reward 3945.3814 | eta   1.0000 | t: 57.4858 | kl_true_per_action=0.00034307670542390185 | logratio_p99=0.026162595748901313 | clamp_hit_frac=0.00080625 | actor_step_ratio=1.0 | actor_step_clipfrac=0.0
[2026-10-10 06:21:48,057][agent.finetune.stage3_support][INFO] - STAGE3_METRICS {"J_disc_train": 1386.8132218298902, "J_disc_train_se": 19.45560587067135, "action_oor_frac": 0.14151458333333333, "adv_raw_mean": -1.4551915228366852e-14, "adv_raw_std": 240.69767115202475, "diagnostics_seconds": 0.12317356199491769, "episode_count": 80, "explained_var": 0.42717188596725464, "explained_var_reason": null, "grad_cos_prev": 0.0034981586759779792, "grad_cos_prev_reason": null, "grad_norm": 20.168467163664427, "policy_action_oor_frac": 0.14153958333333333, "proj_active": false, "reward_clip_frac": 0.0, "rollout_seconds": 13.343583252979442, "split_diff_sq": 1681.8594258000833, "split_dot": -13.697824879334359, "theta_dist": 0.0074921793543232, "theta_dist_preproj": 0.0074921793543232, "update_norm": 0.0024418571978772844, "update_seconds": 44.0148259770358, "x0_sat_frac_last": 0.023011559696342304, "x0_sat_frac_mean": 0.06814970833320387}
Processed step 0 of 500
Processed step 10 of 500
Processed step 20 of 500
Processed step 30 of 500
Processed step 40 of 500
Processed step 50 of 500
Processed step 60 of 500
Processed step 70 of 500
Processed step 80 of 500
Processed step 90 of 500
Processed step 100 of 500
Processed step 110 of 500
Processed step 120 of 500
Processed step 130 of 500
Processed step 140 of 500
Processed step 150 of 500
Processed step 160 of 500
Processed step 170 of 500
Processed step 180 of 500
Processed step 190 of 500
Processed step 200 of 500
Processed step 210 of 500
Processed step 220 of 500
Processed step 230 of 500
Processed step 240 of 500
Processed step 250 of 500
Processed step 260 of 500
Processed step 270 of 500
Processed step 280 of 500
Processed step 290 of 500
Processed step 300 of 500
Processed step 310 of 500
Processed step 320 of 500
Processed step 330 of 500
Processed step 340 of 500
Processed step 350 of 500
Processed step 360 of 500
Processed step 370 of 500
Processed step 380 of 500
Processed step 390 of 500
Processed step 400 of 500
Processed step 410 of 500
Processed step 420 of 500
Processed step 430 of 500
Processed step 440 of 500
Processed step 450 of 500
Processed step 460 of 500
Processed step 470 of 500
Processed step 480 of 500
Processed step 490 of 500
[2026-10-10 06:22:03,292][agent.finetune.train_ppo_diffusion_agent][INFO] - approx_kl: 0.0, update_epoch: 0, num_batch: 4
[2026-10-10 06:22:04,994][agent.finetune.train_ppo_diffusion_agent][INFO] - approx_kl: 0.0, update_epoch: 0, num_batch: 4
[2026-10-10 06:22:06,825][agent.finetune.train_ppo_diffusion_agent][INFO] - approx_kl: 0.0, update_epoch: 0, num_batch: 4
[2026-10-10 06:22:08,660][agent.finetune.train_ppo_diffusion_agent][INFO] - approx_kl: 0.0, update_epoch: 0, num_batch: 4
[2026-10-10 06:22:10,568][agent.finetune.train_ppo_diffusion_agent][INFO] - approx_kl: 0.0, update_epoch: 1, num_batch: 4
[2026-10-10 06:22:12,324][agent.finetune.train_ppo_diffusion_agent][INFO] - approx_kl: 0.0, update_epoch: 1, num_batch: 4
[2026-10-10 06:22:14,187][agent.finetune.train_ppo_diffusion_agent][INFO] - approx_kl: 0.0, update_epoch: 1, num_batch: 4
[2026-10-10 06:22:16,020][agent.finetune.train_ppo_diffusion_agent][INFO] - approx_kl: 0.0, update_epoch: 1, num_batch: 4
[2026-10-10 06:22:17,961][agent.finetune.train_ppo_diffusion_agent][INFO] - approx_kl: 0.0, update_epoch: 2, num_batch: 4
[2026-10-10 06:22:19,685][agent.finetune.train_ppo_diffusion_agent][INFO] - approx_kl: 0.0, update_epoch: 2, num_batch: 4
[2026-10-10 06:22:21,489][agent.finetune.train_ppo_diffusion_agent][INFO] - approx_kl: 0.0, update_epoch: 2, num_batch: 4
[2026-10-10 06:22:23,346][agent.finetune.train_ppo_diffusion_agent][INFO] - approx_kl: 0.0, update_epoch: 2, num_batch: 4
[2026-10-10 06:22:25,360][agent.finetune.train_ppo_diffusion_agent][INFO] - approx_kl: 0.0, update_epoch: 3, num_batch: 4
[2026-10-10 06:22:27,088][agent.finetune.train_ppo_diffusion_agent][INFO] - approx_kl: 0.0, update_epoch: 3, num_batch: 4
[2026-10-10 06:22:28,921][agent.finetune.train_ppo_diffusion_agent][INFO] - approx_kl: 0.0, update_epoch: 3, num_batch: 4
[2026-10-10 06:22:30,743][agent.finetune.train_ppo_diffusion_agent][INFO] - approx_kl: 0.0, update_epoch: 3, num_batch: 4
[2026-10-10 06:22:32,673][agent.finetune.train_ppo_diffusion_agent][INFO] - approx_kl: 0.0, update_epoch: 4, num_batch: 4
[2026-10-10 06:22:34,398][agent.finetune.train_ppo_diffusion_agent][INFO] - approx_kl: 0.0, update_epoch: 4, num_batch: 4
[2026-10-10 06:22:36,232][agent.finetune.train_ppo_diffusion_agent][INFO] - approx_kl: 0.0, update_epoch: 4, num_batch: 4
[2026-10-10 06:22:38,103][agent.finetune.train_ppo_diffusion_agent][INFO] - approx_kl: 0.0, update_epoch: 4, num_batch: 4
[2026-10-10 06:22:45,531][agent.finetune.train_ppo_diffusion_agent][INFO] - 13: step   960000 | loss   0.3062 | pg loss   0.2564 | value loss   0.0995 | bc loss   0.0000 | reward 3913.7551 | eta   1.0000 | t: 57.4740 | kl_true_per_action=0.00025983203693067004 | logratio_p99=0.021537714004516536 | clamp_hit_frac=0.000775 | actor_step_ratio=1.0 | actor_step_clipfrac=0.0
[2026-10-10 06:22:45,531][agent.finetune.stage3_support][INFO] - STAGE3_METRICS {"J_disc_train": 1401.4315465254997, "J_disc_train_se": 22.604640919420625, "action_oor_frac": 0.13940625, "adv_raw_mean": -1.1641532182693482e-14, "adv_raw_std": 250.79918739336134, "diagnostics_seconds": 0.12292384391184896, "episode_count": 80, "explained_var": 0.4403279423713684, "explained_var_reason": null, "grad_cos_prev": 0.011139348992046967, "grad_cos_prev_reason": null, "grad_norm": 21.968186636068783, "policy_action_oor_frac": 0.1394375, "proj_active": false, "reward_clip_frac": 0.0, "rollout_seconds": 13.03152323293034, "split_diff_sq": 1970.1876387987832, "split_dot": -9.94567192454672, "theta_dist": 0.007926117480425434, "theta_dist_preproj": 0.007926117480425434, "update_norm": 0.0026597473803090135, "update_seconds": 44.31599348504096, "x0_sat_frac_last": 0.02205134722928317, "x0_sat_frac_mean": 0.06795079248676053}
Processed step 0 of 500
Processed step 10 of 500
Processed step 20 of 500
Processed step 30 of 500
Processed step 40 of 500
Processed step 50 of 500
Processed step 60 of 500
Processed step 70 of 500
Processed step 80 of 500
Processed step 90 of 500
Processed step 100 of 500
Processed step 110 of 500
Processed step 120 of 500
Processed step 130 of 500
Processed step 140 of 500
Processed step 150 of 500
Processed step 160 of 500
Processed step 170 of 500
Processed step 180 of 500
Processed step 190 of 500
Processed step 200 of 500
Processed step 210 of 500
Processed step 220 of 500
Processed step 230 of 500
Processed step 240 of 500
Processed step 250 of 500
Processed step 260 of 500
Processed step 270 of 500
Processed step 280 of 500
Processed step 290 of 500
Processed step 300 of 500
Processed step 310 of 500
Processed step 320 of 500
Processed step 330 of 500
Processed step 340 of 500
Processed step 350 of 500
Processed step 360 of 500
Processed step 370 of 500
Processed step 380 of 500
Processed step 390 of 500
Processed step 400 of 500
Processed step 410 of 500
Processed step 420 of 500
Processed step 430 of 500
Processed step 440 of 500
Processed step 450 of 500
Processed step 460 of 500
Processed step 470 of 500
Processed step 480 of 500
Processed step 490 of 500
[2026-10-10 06:23:00,688][agent.finetune.train_ppo_diffusion_agent][INFO] - approx_kl: 0.0, update_epoch: 0, num_batch: 4
[2026-10-10 06:23:02,367][agent.finetune.train_ppo_diffusion_agent][INFO] - approx_kl: 0.0, update_epoch: 0, num_batch: 4
[2026-10-10 06:23:04,146][agent.finetune.train_ppo_diffusion_agent][INFO] - approx_kl: 0.0, update_epoch: 0, num_batch: 4
[2026-10-10 06:23:06,103][agent.finetune.train_ppo_diffusion_agent][INFO] - approx_kl: 0.0, update_epoch: 0, num_batch: 4
[2026-10-10 06:23:07,776][agent.finetune.train_ppo_diffusion_agent][INFO] - approx_kl: 0.0, update_epoch: 1, num_batch: 4
[2026-10-10 06:23:09,631][agent.finetune.train_ppo_diffusion_agent][INFO] - approx_kl: 0.0, update_epoch: 1, num_batch: 4
[2026-10-10 06:23:11,511][agent.finetune.train_ppo_diffusion_agent][INFO] - approx_kl: 0.0, update_epoch: 1, num_batch: 4
[2026-10-10 06:23:13,452][agent.finetune.train_ppo_diffusion_agent][INFO] - approx_kl: 0.0, update_epoch: 1, num_batch: 4
[2026-10-10 06:23:15,079][agent.finetune.train_ppo_diffusion_agent][INFO] - approx_kl: 0.0, update_epoch: 2, num_batch: 4
[2026-10-10 06:23:16,856][agent.finetune.train_ppo_diffusion_agent][INFO] - approx_kl: 0.0, update_epoch: 2, num_batch: 4
[2026-10-10 06:23:18,656][agent.finetune.train_ppo_diffusion_agent][INFO] - approx_kl: 0.0, update_epoch: 2, num_batch: 4
[2026-10-10 06:23:20,612][agent.finetune.train_ppo_diffusion_agent][INFO] - approx_kl: 0.0, update_epoch: 2, num_batch: 4
[2026-10-10 06:23:22,408][agent.finetune.train_ppo_diffusion_agent][INFO] - approx_kl: 0.0, update_epoch: 3, num_batch: 4
[2026-10-10 06:23:24,394][agent.finetune.train_ppo_diffusion_agent][INFO] - approx_kl: 0.0, update_epoch: 3, num_batch: 4
[2026-10-10 06:23:26,127][agent.finetune.train_ppo_diffusion_agent][INFO] - approx_kl: 0.0, update_epoch: 3, num_batch: 4
[2026-10-10 06:23:27,971][agent.finetune.train_ppo_diffusion_agent][INFO] - approx_kl: 0.0, update_epoch: 3, num_batch: 4
[2026-10-10 06:23:29,614][agent.finetune.train_ppo_diffusion_agent][INFO] - approx_kl: 0.0, update_epoch: 4, num_batch: 4
[2026-10-10 06:23:31,340][agent.finetune.train_ppo_diffusion_agent][INFO] - approx_kl: 0.0, update_epoch: 4, num_batch: 4
[2026-10-10 06:23:33,035][agent.finetune.train_ppo_diffusion_agent][INFO] - approx_kl: 0.0, update_epoch: 4, num_batch: 4
[2026-10-10 06:23:34,901][agent.finetune.train_ppo_diffusion_agent][INFO] - approx_kl: 0.0, update_epoch: 4, num_batch: 4
[2026-10-10 06:23:41,918][agent.finetune.train_ppo_diffusion_agent][INFO] - 14: step  1040000 | loss  -0.8100 | pg loss  -0.8635 | value loss   0.1071 | bc loss   0.0000 | reward 4008.5133 | eta   1.0000 | t: 56.3879 | kl_true_per_action=0.0001591693700618109 | logratio_p99=0.018065968751907305 | clamp_hit_frac=0.0007666666666666667 | actor_step_ratio=1.0 | actor_step_clipfrac=0.0
[2026-10-10 06:23:41,919][agent.finetune.stage3_support][INFO] - STAGE3_METRICS {"J_disc_train": 1419.7783715072746, "J_disc_train_se": 16.528775758269198, "action_oor_frac": 0.14156041666666666, "adv_raw_mean": 1.1823431123048067e-14, "adv_raw_std": 205.37987885523594, "diagnostics_seconds": 0.11985362018458545, "episode_count": 80, "explained_var": 0.38430362939834595, "explained_var_reason": null, "grad_cos_prev": 0.018032280581329423, "grad_cos_prev_reason": null, "grad_norm": 15.147597190511062, "policy_action_oor_frac": 0.14158125, "proj_active": false, "reward_clip_frac": 0.0, "rollout_seconds": 13.02360098308418, "split_diff_sq": 884.9070766151519, "split_dot": 8.222940851748389, "theta_dist": 0.007997950287394535, "theta_dist_preproj": 0.007997950287394535, "update_norm": 0.0018339618985061482, "update_seconds": 43.239676942816004, "x0_sat_frac_last": 0.021756069553805775, "x0_sat_frac_mean": 0.06821230173138029}
Processed step 0 of 500
Processed step 10 of 500
Processed step 20 of 500
Processed step 30 of 500
Processed step 40 of 500
Processed step 50 of 500
Processed step 60 of 500
Processed step 70 of 500
Processed step 80 of 500
Processed step 90 of 500
Processed step 100 of 500
Processed step 110 of 500
Processed step 120 of 500
Processed step 130 of 500
Processed step 140 of 500
Processed step 150 of 500
Processed step 160 of 500
Processed step 170 of 500
Processed step 180 of 500
Processed step 190 of 500
Processed step 200 of 500
Processed step 210 of 500
Processed step 220 of 500
Processed step 230 of 500
Processed step 240 of 500
Processed step 250 of 500
Processed step 260 of 500
Processed step 270 of 500
Processed step 280 of 500
Processed step 290 of 500
Processed step 300 of 500
Processed step 310 of 500
Processed step 320 of 500
Processed step 330 of 500
Processed step 340 of 500
Processed step 350 of 500
Processed step 360 of 500
Processed step 370 of 500
Processed step 380 of 500
Processed step 390 of 500
Processed step 400 of 500
Processed step 410 of 500
Processed step 420 of 500
Processed step 430 of 500
Processed step 440 of 500
Processed step 450 of 500
Processed step 460 of 500
Processed step 470 of 500
Processed step 480 of 500
Processed step 490 of 500
[2026-10-10 06:23:57,092][agent.finetune.train_ppo_diffusion_agent][INFO] - approx_kl: 0.0, update_epoch: 0, num_batch: 4
[2026-10-10 06:23:59,213][agent.finetune.train_ppo_diffusion_agent][INFO] - approx_kl: 0.0, update_epoch: 0, num_batch: 4
[2026-10-10 06:24:01,033][agent.finetune.train_ppo_diffusion_agent][INFO] - approx_kl: 0.0, update_epoch: 0, num_batch: 4
[2026-10-10 06:24:02,961][agent.finetune.train_ppo_diffusion_agent][INFO] - approx_kl: 0.0, update_epoch: 0, num_batch: 4
[2026-10-10 06:24:04,700][agent.finetune.train_ppo_diffusion_agent][INFO] - approx_kl: 0.0, update_epoch: 1, num_batch: 4
[2026-10-10 06:24:06,497][agent.finetune.train_ppo_diffusion_agent][INFO] - approx_kl: 0.0, update_epoch: 1, num_batch: 4
[2026-10-10 06:24:08,370][agent.finetune.train_ppo_diffusion_agent][INFO] - approx_kl: 0.0, update_epoch: 1, num_batch: 4
[2026-10-10 06:24:10,424][agent.finetune.train_ppo_diffusion_agent][INFO] - approx_kl: 0.0, update_epoch: 1, num_batch: 4
[2026-10-10 06:24:12,159][agent.finetune.train_ppo_diffusion_agent][INFO] - approx_kl: 0.0, update_epoch: 2, num_batch: 4
[2026-10-10 06:24:14,016][agent.finetune.train_ppo_diffusion_agent][INFO] - approx_kl: 0.0, update_epoch: 2, num_batch: 4
[2026-10-10 06:24:15,850][agent.finetune.train_ppo_diffusion_agent][INFO] - approx_kl: 0.0, update_epoch: 2, num_batch: 4
[2026-10-10 06:24:17,765][agent.finetune.train_ppo_diffusion_agent][INFO] - approx_kl: 0.0, update_epoch: 2, num_batch: 4
[2026-10-10 06:24:19,515][agent.finetune.train_ppo_diffusion_agent][INFO] - approx_kl: 0.0, update_epoch: 3, num_batch: 4
[2026-10-10 06:24:21,333][agent.finetune.train_ppo_diffusion_agent][INFO] - approx_kl: 0.0, update_epoch: 3, num_batch: 4
[2026-10-10 06:24:23,224][agent.finetune.train_ppo_diffusion_agent][INFO] - approx_kl: 0.0, update_epoch: 3, num_batch: 4
[2026-10-10 06:24:25,180][agent.finetune.train_ppo_diffusion_agent][INFO] - approx_kl: 0.0, update_epoch: 3, num_batch: 4
[2026-10-10 06:24:26,927][agent.finetune.train_ppo_diffusion_agent][INFO] - approx_kl: 0.0, update_epoch: 4, num_batch: 4
[2026-10-10 06:24:28,766][agent.finetune.train_ppo_diffusion_agent][INFO] - approx_kl: 0.0, update_epoch: 4, num_batch: 4
[2026-10-10 06:24:30,599][agent.finetune.train_ppo_diffusion_agent][INFO] - approx_kl: 0.0, update_epoch: 4, num_batch: 4
[2026-10-10 06:24:32,533][agent.finetune.train_ppo_diffusion_agent][INFO] - approx_kl: 0.0, update_epoch: 4, num_batch: 4
[2026-10-10 06:24:39,988][agent.finetune.train_ppo_diffusion_agent][INFO] - 15: step  1120000 | loss   0.2072 | pg loss   0.1560 | value loss   0.1024 | bc loss   0.0000 | reward 3884.0986 | eta   1.0000 | t: 58.0693 | kl_true_per_action=0.00023002658612420222 | logratio_p99=0.020700629949569692 | clamp_hit_frac=0.0007583333333333333 | actor_step_ratio=1.0 | actor_step_clipfrac=0.0
[2026-10-10 06:24:39,988][agent.finetune.stage3_support][INFO] - STAGE3_METRICS {"J_disc_train": 1392.9662758072718, "J_disc_train_se": 20.297652717316176, "action_oor_frac": 0.13823125, "adv_raw_mean": 4.729372449219227e-15, "adv_raw_std": 263.1624485998535, "diagnostics_seconds": 0.12072806782089174, "episode_count": 80, "explained_var": 0.5412952899932861, "explained_var_reason": null, "grad_cos_prev": -0.01455189919879605, "grad_cos_prev_reason": null, "grad_norm": 20.464416818917414, "policy_action_oor_frac": 0.13826041666666666, "proj_active": false, "reward_clip_frac": 0.0, "rollout_seconds": 13.089049951988272, "split_diff_sq": 1859.0180953780493, "split_dot": -45.96217128003361, "theta_dist": 0.00824709330923352, "theta_dist_preproj": 0.00824709330923352, "update_norm": 0.0024776871128281246, "update_seconds": 44.85590222617611, "x0_sat_frac_last": 0.020618345618345617, "x0_sat_frac_mean": 0.06624934593666716}
Processed step 0 of 500
Processed step 10 of 500
Processed step 20 of 500
Processed step 30 of 500
Processed step 40 of 500
Processed step 50 of 500
Processed step 60 of 500
Processed step 70 of 500
Processed step 80 of 500
Processed step 90 of 500
Processed step 100 of 500
Processed step 110 of 500
Processed step 120 of 500
Processed step 130 of 500
Processed step 140 of 500
Processed step 150 of 500
Processed step 160 of 500
Processed step 170 of 500
Processed step 180 of 500
Processed step 190 of 500
Processed step 200 of 500
Processed step 210 of 500
Processed step 220 of 500
Processed step 230 of 500
Processed step 240 of 500
Processed step 250 of 500
Processed step 260 of 500
Processed step 270 of 500
Processed step 280 of 500
Processed step 290 of 500
Processed step 300 of 500
Processed step 310 of 500
Processed step 320 of 500
Processed step 330 of 500
Processed step 340 of 500
Processed step 350 of 500
Processed step 360 of 500
Processed step 370 of 500
Processed step 380 of 500
Processed step 390 of 500
Processed step 400 of 500
Processed step 410 of 500
Processed step 420 of 500
Processed step 430 of 500
Processed step 440 of 500
Processed step 450 of 500
Processed step 460 of 500
Processed step 470 of 500
Processed step 480 of 500
Processed step 490 of 500
[2026-10-10 06:24:54,989][agent.finetune.train_ppo_diffusion_agent][INFO] - approx_kl: 0.0, update_epoch: 0, num_batch: 4
[2026-10-10 06:24:56,800][agent.finetune.train_ppo_diffusion_agent][INFO] - approx_kl: 0.0, update_epoch: 0, num_batch: 4
[2026-10-10 06:24:58,598][agent.finetune.train_ppo_diffusion_agent][INFO] - approx_kl: 0.0, update_epoch: 0, num_batch: 4
[2026-10-10 06:25:00,523][agent.finetune.train_ppo_diffusion_agent][INFO] - approx_kl: 0.0, update_epoch: 0, num_batch: 4
[2026-10-10 06:25:02,235][agent.finetune.train_ppo_diffusion_agent][INFO] - approx_kl: 0.0, update_epoch: 1, num_batch: 4
[2026-10-10 06:25:04,076][agent.finetune.train_ppo_diffusion_agent][INFO] - approx_kl: 0.0, update_epoch: 1, num_batch: 4
[2026-10-10 06:25:05,905][agent.finetune.train_ppo_diffusion_agent][INFO] - approx_kl: 0.0, update_epoch: 1, num_batch: 4
[2026-10-10 06:25:07,853][agent.finetune.train_ppo_diffusion_agent][INFO] - approx_kl: 0.0, update_epoch: 1, num_batch: 4
[2026-10-10 06:25:09,586][agent.finetune.train_ppo_diffusion_agent][INFO] - approx_kl: 0.0, update_epoch: 2, num_batch: 4
[2026-10-10 06:25:11,423][agent.finetune.train_ppo_diffusion_agent][INFO] - approx_kl: 0.0, update_epoch: 2, num_batch: 4
[2026-10-10 06:25:13,254][agent.finetune.train_ppo_diffusion_agent][INFO] - approx_kl: 0.0, update_epoch: 2, num_batch: 4
[2026-10-10 06:25:15,182][agent.finetune.train_ppo_diffusion_agent][INFO] - approx_kl: 0.0, update_epoch: 2, num_batch: 4
[2026-10-10 06:25:16,946][agent.finetune.train_ppo_diffusion_agent][INFO] - approx_kl: 0.0, update_epoch: 3, num_batch: 4
[2026-10-10 06:25:18,796][agent.finetune.train_ppo_diffusion_agent][INFO] - approx_kl: 0.0, update_epoch: 3, num_batch: 4
[2026-10-10 06:25:20,628][agent.finetune.train_ppo_diffusion_agent][INFO] - approx_kl: 0.0, update_epoch: 3, num_batch: 4
[2026-10-10 06:25:22,552][agent.finetune.train_ppo_diffusion_agent][INFO] - approx_kl: 0.0, update_epoch: 3, num_batch: 4
[2026-10-10 06:25:24,291][agent.finetune.train_ppo_diffusion_agent][INFO] - approx_kl: 0.0, update_epoch: 4, num_batch: 4
[2026-10-10 06:25:26,115][agent.finetune.train_ppo_diffusion_agent][INFO] - approx_kl: 0.0, update_epoch: 4, num_batch: 4
[2026-10-10 06:25:27,949][agent.finetune.train_ppo_diffusion_agent][INFO] - approx_kl: 0.0, update_epoch: 4, num_batch: 4
[2026-10-10 06:25:29,912][agent.finetune.train_ppo_diffusion_agent][INFO] - approx_kl: 0.0, update_epoch: 4, num_batch: 4
[2026-10-10 06:25:37,299][agent.finetune.train_ppo_diffusion_agent][INFO] - 16: step  1200000 | loss  -0.1011 | pg loss  -0.1549 | value loss   0.1075 | bc loss   0.0000 | reward 3982.0125 | eta   1.0000 | t: 57.3110 | kl_true_per_action=0.0007764528478391954 | logratio_p99=0.047726392745971624 | clamp_hit_frac=0.0007895833333333333 | actor_step_ratio=1.0 | actor_step_clipfrac=0.0
[2026-10-10 06:25:37,299][agent.finetune.stage3_support][INFO] - STAGE3_METRICS {"J_disc_train": 1420.6135845957674, "J_disc_train_se": 17.122217920772975, "action_oor_frac": 0.14199166666666665, "adv_raw_mean": 2.1464074961841106e-14, "adv_raw_std": 189.743607311007, "diagnostics_seconds": 0.10917292512021959, "episode_count": 80, "explained_var": 0.2488613724708557, "explained_var_reason": null, "grad_cos_prev": 0.016562000695632975, "grad_cos_prev_reason": null, "grad_norm": 17.2183979332577, "policy_action_oor_frac": 0.14201875, "proj_active": false, "reward_clip_frac": 0.0, "rollout_seconds": 13.08244717901107, "split_diff_sq": 989.290609386713, "split_dot": 49.15058003186222, "theta_dist": 0.008465207383352947, "theta_dist_preproj": 0.008465207383352947, "update_norm": 0.002084693024888894, "update_seconds": 44.11502959986683, "x0_sat_frac_last": 0.021939712758851038, "x0_sat_frac_mean": 0.06906989444211194}
Processed step 0 of 500
Processed step 10 of 500
Processed step 20 of 500
Processed step 30 of 500
Processed step 40 of 500
Processed step 50 of 500
Processed step 60 of 500
Processed step 70 of 500
Processed step 80 of 500
Processed step 90 of 500
Processed step 100 of 500
Processed step 110 of 500
Processed step 120 of 500
Processed step 130 of 500
Processed step 140 of 500
Processed step 150 of 500
Processed step 160 of 500
Processed step 170 of 500
Processed step 180 of 500
Processed step 190 of 500
Processed step 200 of 500
Processed step 210 of 500
Processed step 220 of 500
Processed step 230 of 500
Processed step 240 of 500
Processed step 250 of 500
Processed step 260 of 500
Processed step 270 of 500
Processed step 280 of 500
Processed step 290 of 500
Processed step 300 of 500
Processed step 310 of 500
Processed step 320 of 500
Processed step 330 of 500
Processed step 340 of 500
Processed step 350 of 500
Processed step 360 of 500
Processed step 370 of 500
Processed step 380 of 500
Processed step 390 of 500
Processed step 400 of 500
Processed step 410 of 500
Processed step 420 of 500
Processed step 430 of 500
Processed step 440 of 500
Processed step 450 of 500
Processed step 460 of 500
Processed step 470 of 500
Processed step 480 of 500
Processed step 490 of 500
[2026-10-10 06:25:52,298][agent.finetune.train_ppo_diffusion_agent][INFO] - approx_kl: 0.0, update_epoch: 0, num_batch: 4
[2026-10-10 06:25:54,151][agent.finetune.train_ppo_diffusion_agent][INFO] - approx_kl: 0.0, update_epoch: 0, num_batch: 4
[2026-10-10 06:25:55,984][agent.finetune.train_ppo_diffusion_agent][INFO] - approx_kl: 0.0, update_epoch: 0, num_batch: 4
[2026-10-10 06:25:57,917][agent.finetune.train_ppo_diffusion_agent][INFO] - approx_kl: 0.0, update_epoch: 0, num_batch: 4
[2026-10-10 06:25:59,659][agent.finetune.train_ppo_diffusion_agent][INFO] - approx_kl: 0.0, update_epoch: 1, num_batch: 4
[2026-10-10 06:26:01,498][agent.finetune.train_ppo_diffusion_agent][INFO] - approx_kl: 0.0, update_epoch: 1, num_batch: 4
[2026-10-10 06:26:03,361][agent.finetune.train_ppo_diffusion_agent][INFO] - approx_kl: 0.0, update_epoch: 1, num_batch: 4
[2026-10-10 06:26:05,294][agent.finetune.train_ppo_diffusion_agent][INFO] - approx_kl: 0.0, update_epoch: 1, num_batch: 4
[2026-10-10 06:26:07,038][agent.finetune.train_ppo_diffusion_agent][INFO] - approx_kl: 0.0, update_epoch: 2, num_batch: 4
[2026-10-10 06:26:08,872][agent.finetune.train_ppo_diffusion_agent][INFO] - approx_kl: 0.0, update_epoch: 2, num_batch: 4
[2026-10-10 06:26:10,712][agent.finetune.train_ppo_diffusion_agent][INFO] - approx_kl: 0.0, update_epoch: 2, num_batch: 4
[2026-10-10 06:26:12,683][agent.finetune.train_ppo_diffusion_agent][INFO] - approx_kl: 0.0, update_epoch: 2, num_batch: 4
[2026-10-10 06:26:14,454][agent.finetune.train_ppo_diffusion_agent][INFO] - approx_kl: 0.0, update_epoch: 3, num_batch: 4
[2026-10-10 06:26:16,314][agent.finetune.train_ppo_diffusion_agent][INFO] - approx_kl: 0.0, update_epoch: 3, num_batch: 4
[2026-10-10 06:26:18,118][agent.finetune.train_ppo_diffusion_agent][INFO] - approx_kl: 0.0, update_epoch: 3, num_batch: 4
[2026-10-10 06:26:20,027][agent.finetune.train_ppo_diffusion_agent][INFO] - approx_kl: 0.0, update_epoch: 3, num_batch: 4
[2026-10-10 06:26:21,772][agent.finetune.train_ppo_diffusion_agent][INFO] - approx_kl: 0.0, update_epoch: 4, num_batch: 4
[2026-10-10 06:26:23,606][agent.finetune.train_ppo_diffusion_agent][INFO] - approx_kl: 0.0, update_epoch: 4, num_batch: 4
[2026-10-10 06:26:25,443][agent.finetune.train_ppo_diffusion_agent][INFO] - approx_kl: 0.0, update_epoch: 4, num_batch: 4
[2026-10-10 06:26:27,410][agent.finetune.train_ppo_diffusion_agent][INFO] - approx_kl: 0.0, update_epoch: 4, num_batch: 4
[2026-10-10 06:26:34,811][agent.finetune.train_ppo_diffusion_agent][INFO] - 17: step  1280000 | loss  -0.1375 | pg loss  -0.1916 | value loss   0.1084 | bc loss   0.0000 | reward 3952.7461 | eta   1.0000 | t: 57.5120 | kl_true_per_action=0.00028294440465001855 | logratio_p99=0.0250546371936798 | clamp_hit_frac=0.00076875 | actor_step_ratio=1.0 | actor_step_clipfrac=0.0
[2026-10-10 06:26:34,811][agent.finetune.stage3_support][INFO] - STAGE3_METRICS {"J_disc_train": 1388.9704362585267, "J_disc_train_se": 20.562052855835734, "action_oor_frac": 0.141225, "adv_raw_mean": 2.7648638933897018e-14, "adv_raw_std": 215.33642265638923, "diagnostics_seconds": 0.1155482898466289, "episode_count": 80, "explained_var": 0.3954539895057678, "explained_var_reason": null, "grad_cos_prev": -0.018967850834796296, "grad_cos_prev_reason": null, "grad_norm": 18.749794281151413, "policy_action_oor_frac": 0.14125833333333335, "proj_active": false, "reward_clip_frac": 0.0, "rollout_seconds": 13.021391754038632, "split_diff_sq": 1443.4697101757345, "split_dot": -9.312642707664136, "theta_dist": 0.008767979142125366, "theta_dist_preproj": 0.008767979142125366, "update_norm": 0.002270092900998613, "update_seconds": 44.368233730085194, "x0_sat_frac_last": 0.02314814814814815, "x0_sat_frac_mean": 0.06783827948381084}
Processed step 0 of 500
Processed step 10 of 500
Processed step 20 of 500
Processed step 30 of 500
Processed step 40 of 500
Processed step 50 of 500
Processed step 60 of 500
Processed step 70 of 500
Processed step 80 of 500
Processed step 90 of 500
Processed step 100 of 500
Processed step 110 of 500
Processed step 120 of 500
Processed step 130 of 500
Processed step 140 of 500
Processed step 150 of 500
Processed step 160 of 500
Processed step 170 of 500
Processed step 180 of 500
Processed step 190 of 500
Processed step 200 of 500
Processed step 210 of 500
Processed step 220 of 500
Processed step 230 of 500
Processed step 240 of 500
Processed step 250 of 500
Processed step 260 of 500
Processed step 270 of 500
Processed step 280 of 500
Processed step 290 of 500
Processed step 300 of 500
Processed step 310 of 500
Processed step 320 of 500
Processed step 330 of 500
Processed step 340 of 500
Processed step 350 of 500
Processed step 360 of 500
Processed step 370 of 500
Processed step 380 of 500
Processed step 390 of 500
Processed step 400 of 500
Processed step 410 of 500
Processed step 420 of 500
Processed step 430 of 500
Processed step 440 of 500
Processed step 450 of 500
Processed step 460 of 500
Processed step 470 of 500
Processed step 480 of 500
Processed step 490 of 500
[2026-10-10 06:26:49,743][agent.finetune.train_ppo_diffusion_agent][INFO] - approx_kl: 0.0, update_epoch: 0, num_batch: 4
[2026-10-10 06:26:51,598][agent.finetune.train_ppo_diffusion_agent][INFO] - approx_kl: 0.0, update_epoch: 0, num_batch: 4
[2026-10-10 06:26:53,543][agent.finetune.train_ppo_diffusion_agent][INFO] - approx_kl: 0.0, update_epoch: 0, num_batch: 4
[2026-10-10 06:26:55,295][agent.finetune.train_ppo_diffusion_agent][INFO] - approx_kl: 0.0, update_epoch: 0, num_batch: 4
[2026-10-10 06:26:57,135][agent.finetune.train_ppo_diffusion_agent][INFO] - approx_kl: 0.0, update_epoch: 1, num_batch: 4
[2026-10-10 06:26:58,983][agent.finetune.train_ppo_diffusion_agent][INFO] - approx_kl: 0.0, update_epoch: 1, num_batch: 4
[2026-10-10 06:27:00,953][agent.finetune.train_ppo_diffusion_agent][INFO] - approx_kl: 0.0, update_epoch: 1, num_batch: 4
[2026-10-10 06:27:02,700][agent.finetune.train_ppo_diffusion_agent][INFO] - approx_kl: 0.0, update_epoch: 1, num_batch: 4
[2026-10-10 06:27:04,535][agent.finetune.train_ppo_diffusion_agent][INFO] - approx_kl: 0.0, update_epoch: 2, num_batch: 4
[2026-10-10 06:27:06,375][agent.finetune.train_ppo_diffusion_agent][INFO] - approx_kl: 0.0, update_epoch: 2, num_batch: 4
[2026-10-10 06:27:08,319][agent.finetune.train_ppo_diffusion_agent][INFO] - approx_kl: 0.0, update_epoch: 2, num_batch: 4
[2026-10-10 06:27:10,070][agent.finetune.train_ppo_diffusion_agent][INFO] - approx_kl: 0.0, update_epoch: 2, num_batch: 4
[2026-10-10 06:27:11,962][agent.finetune.train_ppo_diffusion_agent][INFO] - approx_kl: 0.0, update_epoch: 3, num_batch: 4
[2026-10-10 06:27:13,811][agent.finetune.train_ppo_diffusion_agent][INFO] - approx_kl: 0.0, update_epoch: 3, num_batch: 4
[2026-10-10 06:27:15,763][agent.finetune.train_ppo_diffusion_agent][INFO] - approx_kl: 0.0, update_epoch: 3, num_batch: 4
[2026-10-10 06:27:17,511][agent.finetune.train_ppo_diffusion_agent][INFO] - approx_kl: 0.0, update_epoch: 3, num_batch: 4
[2026-10-10 06:27:19,333][agent.finetune.train_ppo_diffusion_agent][INFO] - approx_kl: 0.0, update_epoch: 4, num_batch: 4
[2026-10-10 06:27:21,170][agent.finetune.train_ppo_diffusion_agent][INFO] - approx_kl: 0.0, update_epoch: 4, num_batch: 4
[2026-10-10 06:27:23,161][agent.finetune.train_ppo_diffusion_agent][INFO] - approx_kl: 0.0, update_epoch: 4, num_batch: 4
[2026-10-10 06:27:24,942][agent.finetune.train_ppo_diffusion_agent][INFO] - approx_kl: 0.0, update_epoch: 4, num_batch: 4
[2026-10-10 06:27:32,398][agent.finetune.train_ppo_diffusion_agent][INFO] - 18: step  1360000 | loss   0.0983 | pg loss   0.0468 | value loss   0.1030 | bc loss   0.0000 | reward 4052.5795 | eta   1.0000 | t: 57.5875 | kl_true_per_action=0.00026377880669222587 | logratio_p99=0.023808443546295154 | clamp_hit_frac=0.0007916666666666666 | actor_step_ratio=1.0 | actor_step_clipfrac=0.0
[2026-10-10 06:27:32,398][agent.finetune.stage3_support][INFO] - STAGE3_METRICS {"J_disc_train": 1439.4653026024214, "J_disc_train_se": 17.43885717177269, "action_oor_frac": 0.14287291666666666, "adv_raw_mean": 1.2096279533579945e-14, "adv_raw_std": 194.8895190089695, "diagnostics_seconds": 0.11512361105997115, "episode_count": 80, "explained_var": 0.3307796120643616, "explained_var_reason": null, "grad_cos_prev": -0.04199362994509366, "grad_cos_prev_reason": null, "grad_norm": 15.953171809761056, "policy_action_oor_frac": 0.1428875, "proj_active": false, "reward_clip_frac": 0.0, "rollout_seconds": 12.961270846077241, "split_diff_sq": 1101.6076893010597, "split_dot": -20.898228921287153, "theta_dist": 0.008843186437577106, "theta_dist_preproj": 0.008843186437577106, "update_norm": 0.0019315017974681895, "update_seconds": 44.5075461860979, "x0_sat_frac_last": 0.023152689226745137, "x0_sat_frac_mean": 0.06819608746169462}
Processed step 0 of 500
Processed step 10 of 500
Processed step 20 of 500
Processed step 30 of 500
Processed step 40 of 500
Processed step 50 of 500
Processed step 60 of 500
Processed step 70 of 500
Processed step 80 of 500
Processed step 90 of 500
Processed step 100 of 500
Processed step 110 of 500
Processed step 120 of 500
Processed step 130 of 500
Processed step 140 of 500
Processed step 150 of 500
Processed step 160 of 500
Processed step 170 of 500
Processed step 180 of 500
Processed step 190 of 500
Processed step 200 of 500
Processed step 210 of 500
Processed step 220 of 500
Processed step 230 of 500
Processed step 240 of 500
Processed step 250 of 500
Processed step 260 of 500
Processed step 270 of 500
Processed step 280 of 500
Processed step 290 of 500
Processed step 300 of 500
Processed step 310 of 500
Processed step 320 of 500
Processed step 330 of 500
Processed step 340 of 500
Processed step 350 of 500
Processed step 360 of 500
Processed step 370 of 500
Processed step 380 of 500
Processed step 390 of 500
Processed step 400 of 500
Processed step 410 of 500
Processed step 420 of 500
Processed step 430 of 500
Processed step 440 of 500
Processed step 450 of 500
Processed step 460 of 500
Processed step 470 of 500
Processed step 480 of 500
Processed step 490 of 500
[2026-10-10 06:27:47,495][agent.finetune.train_ppo_diffusion_agent][INFO] - approx_kl: 0.0, update_epoch: 0, num_batch: 4
[2026-10-10 06:27:49,370][agent.finetune.train_ppo_diffusion_agent][INFO] - approx_kl: 0.0, update_epoch: 0, num_batch: 4
[2026-10-10 06:27:51,545][agent.finetune.train_ppo_diffusion_agent][INFO] - approx_kl: 0.0, update_epoch: 0, num_batch: 4
[2026-10-10 06:27:53,332][agent.finetune.train_ppo_diffusion_agent][INFO] - approx_kl: 0.0, update_epoch: 0, num_batch: 4
[2026-10-10 06:27:55,208][agent.finetune.train_ppo_diffusion_agent][INFO] - approx_kl: 0.0, update_epoch: 1, num_batch: 4
[2026-10-10 06:27:57,062][agent.finetune.train_ppo_diffusion_agent][INFO] - approx_kl: 0.0, update_epoch: 1, num_batch: 4
[2026-10-10 06:27:59,036][agent.finetune.train_ppo_diffusion_agent][INFO] - approx_kl: 0.0, update_epoch: 1, num_batch: 4
[2026-10-10 06:28:00,797][agent.finetune.train_ppo_diffusion_agent][INFO] - approx_kl: 0.0, update_epoch: 1, num_batch: 4
[2026-10-10 06:28:02,860][agent.finetune.train_ppo_diffusion_agent][INFO] - approx_kl: 0.0, update_epoch: 2, num_batch: 4
[2026-10-10 06:28:04,700][agent.finetune.train_ppo_diffusion_agent][INFO] - approx_kl: 0.0, update_epoch: 2, num_batch: 4
[2026-10-10 06:28:06,640][agent.finetune.train_ppo_diffusion_agent][INFO] - approx_kl: 0.0, update_epoch: 2, num_batch: 4
[2026-10-10 06:28:08,397][agent.finetune.train_ppo_diffusion_agent][INFO] - approx_kl: 0.0, update_epoch: 2, num_batch: 4
[2026-10-10 06:28:10,226][agent.finetune.train_ppo_diffusion_agent][INFO] - approx_kl: 0.0, update_epoch: 3, num_batch: 4
[2026-10-10 06:28:12,062][agent.finetune.train_ppo_diffusion_agent][INFO] - approx_kl: 0.0, update_epoch: 3, num_batch: 4
[2026-10-10 06:28:13,956][agent.finetune.train_ppo_diffusion_agent][INFO] - approx_kl: 0.0, update_epoch: 3, num_batch: 4
[2026-10-10 06:28:15,680][agent.finetune.train_ppo_diffusion_agent][INFO] - approx_kl: 0.0, update_epoch: 3, num_batch: 4
[2026-10-10 06:28:17,553][agent.finetune.train_ppo_diffusion_agent][INFO] - approx_kl: 0.0, update_epoch: 4, num_batch: 4
[2026-10-10 06:28:19,391][agent.finetune.train_ppo_diffusion_agent][INFO] - approx_kl: 0.0, update_epoch: 4, num_batch: 4
[2026-10-10 06:28:21,334][agent.finetune.train_ppo_diffusion_agent][INFO] - approx_kl: 0.0, update_epoch: 4, num_batch: 4
[2026-10-10 06:28:23,086][agent.finetune.train_ppo_diffusion_agent][INFO] - approx_kl: 0.0, update_epoch: 4, num_batch: 4
[2026-10-10 06:28:30,541][agent.finetune.train_ppo_diffusion_agent][INFO] - 19: step  1440000 | loss  -0.1542 | pg loss  -0.2083 | value loss   0.1083 | bc loss   0.0000 | reward 4114.0953 | eta   1.0000 | t: 58.1431 | kl_true_per_action=0.00010475437709243023 | logratio_p99=0.014204640388488766 | clamp_hit_frac=0.0007354166666666667 | actor_step_ratio=1.0 | actor_step_clipfrac=0.0
[2026-10-10 06:28:30,542][agent.finetune.stage3_support][INFO] - STAGE3_METRICS {"J_disc_train": 1443.9220730618292, "J_disc_train_se": 14.690468504869356, "action_oor_frac": 0.14535833333333334, "adv_raw_mean": -7.048583938740194e-15, "adv_raw_std": 152.07823784211513, "diagnostics_seconds": 0.11799739301204681, "episode_count": 80, "explained_var": 0.21483302116394043, "explained_var_reason": null, "grad_cos_prev": -0.04558643500351616, "grad_cos_prev_reason": null, "grad_norm": 12.47123447156758, "policy_action_oor_frac": 0.14538333333333334, "proj_active": false, "reward_clip_frac": 0.0, "rollout_seconds": 13.019765791948885, "split_diff_sq": 614.8656669719192, "split_dot": 1.8152668696172247, "theta_dist": 0.008978864713150294, "theta_dist_preproj": 0.008978864713150294, "update_norm": 0.0015099187715153354, "update_seconds": 45.00146831595339, "x0_sat_frac_last": 0.023763648041104687, "x0_sat_frac_mean": 0.06889764056555814}
Processed step 0 of 500
Processed step 10 of 500
Processed step 20 of 500
Processed step 30 of 500
Processed step 40 of 500
Processed step 50 of 500
Processed step 60 of 500
Processed step 70 of 500
Processed step 80 of 500
Processed step 90 of 500
Processed step 100 of 500
Processed step 110 of 500
Processed step 120 of 500
Processed step 130 of 500
Processed step 140 of 500
Processed step 150 of 500
Processed step 160 of 500
Processed step 170 of 500
Processed step 180 of 500
Processed step 190 of 500
Processed step 200 of 500
Processed step 210 of 500
Processed step 220 of 500
Processed step 230 of 500
Processed step 240 of 500
Processed step 250 of 500
Processed step 260 of 500
Processed step 270 of 500
Processed step 280 of 500
Processed step 290 of 500
Processed step 300 of 500
Processed step 310 of 500
Processed step 320 of 500
Processed step 330 of 500
Processed step 340 of 500
Processed step 350 of 500
Processed step 360 of 500
Processed step 370 of 500
Processed step 380 of 500
Processed step 390 of 500
Processed step 400 of 500
Processed step 410 of 500
Processed step 420 of 500
Processed step 430 of 500
Processed step 440 of 500
Processed step 450 of 500
Processed step 460 of 500
Processed step 470 of 500
Processed step 480 of 500
Processed step 490 of 500
[2026-10-10 06:28:43,559][agent.finetune.train_ppo_diffusion_agent][INFO] - eval: success rate   1.0000 | avg episode reward 4306.9799 | avg best reward   6.4646
[2026-10-10 06:28:43,560][agent.finetune.stage3_support][INFO] - STAGE3_METRICS {"J_disc_eval": 1516.8775464269024, "J_disc_eval_se": 20.587496686240573, "action_oor_frac": 0.0, "diagnostics_seconds": 0.011611462919972837, "episode_count": 80, "policy_action_oor_frac": 0.0, "rollout_seconds": 13.003158051986247, "update_seconds": 0.0}
Processed step 0 of 500
Processed step 10 of 500
Processed step 20 of 500
Processed step 30 of 500
Processed step 40 of 500
Processed step 50 of 500
Processed step 60 of 500
Processed step 70 of 500
Processed step 80 of 500
Processed step 90 of 500
Processed step 100 of 500
Processed step 110 of 500
Processed step 120 of 500
Processed step 130 of 500
Processed step 140 of 500
Processed step 150 of 500
Processed step 160 of 500
Processed step 170 of 500
Processed step 180 of 500
Processed step 190 of 500
Processed step 200 of 500
Processed step 210 of 500
Processed step 220 of 500
Processed step 230 of 500
Processed step 240 of 500
Processed step 250 of 500
Processed step 260 of 500
Processed step 270 of 500
Processed step 280 of 500
Processed step 290 of 500
Processed step 300 of 500
Processed step 310 of 500
Processed step 320 of 500
Processed step 330 of 500
Processed step 340 of 500
Processed step 350 of 500
Processed step 360 of 500
Processed step 370 of 500
Processed step 380 of 500
Processed step 390 of 500
Processed step 400 of 500
Processed step 410 of 500
Processed step 420 of 500
Processed step 430 of 500
Processed step 440 of 500
Processed step 450 of 500
Processed step 460 of 500
Processed step 470 of 500
Processed step 480 of 500
Processed step 490 of 500
[2026-10-10 06:28:58,705][agent.finetune.train_ppo_diffusion_agent][INFO] - approx_kl: 0.0, update_epoch: 0, num_batch: 4
[2026-10-10 06:29:00,487][agent.finetune.train_ppo_diffusion_agent][INFO] - approx_kl: 0.0, update_epoch: 0, num_batch: 4
[2026-10-10 06:29:02,313][agent.finetune.train_ppo_diffusion_agent][INFO] - approx_kl: 0.0, update_epoch: 0, num_batch: 4
[2026-10-10 06:29:03,940][agent.finetune.train_ppo_diffusion_agent][INFO] - approx_kl: 0.0, update_epoch: 0, num_batch: 4
[2026-10-10 06:29:05,696][agent.finetune.train_ppo_diffusion_agent][INFO] - approx_kl: 0.0, update_epoch: 1, num_batch: 4
[2026-10-10 06:29:07,537][agent.finetune.train_ppo_diffusion_agent][INFO] - approx_kl: 0.0, update_epoch: 1, num_batch: 4
[2026-10-10 06:29:09,185][agent.finetune.train_ppo_diffusion_agent][INFO] - approx_kl: 0.0, update_epoch: 1, num_batch: 4
[2026-10-10 06:29:11,054][agent.finetune.train_ppo_diffusion_agent][INFO] - approx_kl: 0.0, update_epoch: 1, num_batch: 4
[2026-10-10 06:29:12,791][agent.finetune.train_ppo_diffusion_agent][INFO] - approx_kl: 0.0, update_epoch: 2, num_batch: 4
[2026-10-10 06:29:14,622][agent.finetune.train_ppo_diffusion_agent][INFO] - approx_kl: 0.0, update_epoch: 2, num_batch: 4
[2026-10-10 06:29:16,268][agent.finetune.train_ppo_diffusion_agent][INFO] - approx_kl: 0.0, update_epoch: 2, num_batch: 4
[2026-10-10 06:29:17,991][agent.finetune.train_ppo_diffusion_agent][INFO] - approx_kl: 0.0, update_epoch: 2, num_batch: 4
[2026-10-10 06:29:19,686][agent.finetune.train_ppo_diffusion_agent][INFO] - approx_kl: 0.0, update_epoch: 3, num_batch: 4
[2026-10-10 06:29:21,549][agent.finetune.train_ppo_diffusion_agent][INFO] - approx_kl: 0.0, update_epoch: 3, num_batch: 4
[2026-10-10 06:29:23,226][agent.finetune.train_ppo_diffusion_agent][INFO] - approx_kl: 0.0, update_epoch: 3, num_batch: 4
[2026-10-10 06:29:24,958][agent.finetune.train_ppo_diffusion_agent][INFO] - approx_kl: 0.0, update_epoch: 3, num_batch: 4
[2026-10-10 06:29:26,710][agent.finetune.train_ppo_diffusion_agent][INFO] - approx_kl: 0.0, update_epoch: 4, num_batch: 4
[2026-10-10 06:29:28,551][agent.finetune.train_ppo_diffusion_agent][INFO] - approx_kl: 0.0, update_epoch: 4, num_batch: 4
[2026-10-10 06:29:30,192][agent.finetune.train_ppo_diffusion_agent][INFO] - approx_kl: 0.0, update_epoch: 4, num_batch: 4
[2026-10-10 06:29:31,920][agent.finetune.train_ppo_diffusion_agent][INFO] - approx_kl: 0.0, update_epoch: 4, num_batch: 4
[2026-10-10 06:29:38,938][agent.finetune.train_ppo_diffusion_agent][INFO] - 21: step  1520000 | loss  -1.7146 | pg loss  -1.7671 | value loss   0.1052 | bc loss   0.0000 | reward 3847.2865 | eta   1.0000 | t: 55.3783 | kl_true_per_action=0.0002349552203477489 | logratio_p99=0.020221995115280143 | clamp_hit_frac=0.0008145833333333333 | actor_step_ratio=1.0 | actor_step_clipfrac=0.0
[2026-10-10 06:29:38,938][agent.finetune.stage3_support][INFO] - STAGE3_METRICS {"J_disc_train": 1377.7328828961913, "J_disc_train_se": 22.19183182192121, "action_oor_frac": 0.13871041666666667, "adv_raw_mean": -8.73114913702011e-15, "adv_raw_std": 267.27268907131577, "diagnostics_seconds": 0.1202838090248406, "episode_count": 80, "explained_var": 0.5329471528530121, "explained_var_reason": null, "grad_cos_prev": -0.008235931673364604, "grad_cos_prev_reason": null, "grad_norm": 21.062511271872808, "policy_action_oor_frac": 0.13873333333333332, "proj_active": false, "reward_clip_frac": 0.0, "rollout_seconds": 12.84923612093553, "split_diff_sq": 1809.495503215292, "split_dot": -8.744507968016553, "theta_dist": 0.009377529014264169, "theta_dist_preproj": 0.009377529014264169, "update_norm": 0.0025501022872560166, "update_seconds": 42.405135930050164, "x0_sat_frac_last": 0.023126813449394094, "x0_sat_frac_mean": 0.06581114657476454}
Processed step 0 of 500
Processed step 10 of 500
Processed step 20 of 500
Processed step 30 of 500
Processed step 40 of 500
Processed step 50 of 500
Processed step 60 of 500
Processed step 70 of 500
Processed step 80 of 500
Processed step 90 of 500
Processed step 100 of 500
Processed step 110 of 500
Processed step 120 of 500
Processed step 130 of 500
Processed step 140 of 500
Processed step 150 of 500
Processed step 160 of 500
Processed step 170 of 500
Processed step 180 of 500
Processed step 190 of 500
Processed step 200 of 500
Processed step 210 of 500
Processed step 220 of 500
Processed step 230 of 500
Processed step 240 of 500
Processed step 250 of 500
Processed step 260 of 500
Processed step 270 of 500
Processed step 280 of 500
Processed step 290 of 500
Processed step 300 of 500
Processed step 310 of 500
Processed step 320 of 500
Processed step 330 of 500
Processed step 340 of 500
Processed step 350 of 500
Processed step 360 of 500
Processed step 370 of 500
Processed step 380 of 500
Processed step 390 of 500
Processed step 400 of 500
Processed step 410 of 500
Processed step 420 of 500
Processed step 430 of 500
Processed step 440 of 500
Processed step 450 of 500
Processed step 460 of 500
Processed step 470 of 500
Processed step 480 of 500
Processed step 490 of 500
[2026-10-10 06:29:53,521][agent.finetune.train_ppo_diffusion_agent][INFO] - approx_kl: 0.0, update_epoch: 0, num_batch: 4
[2026-10-10 06:29:55,338][agent.finetune.train_ppo_diffusion_agent][INFO] - approx_kl: 0.0, update_epoch: 0, num_batch: 4
[2026-10-10 06:29:56,976][agent.finetune.train_ppo_diffusion_agent][INFO] - approx_kl: 0.0, update_epoch: 0, num_batch: 4
[2026-10-10 06:29:58,676][agent.finetune.train_ppo_diffusion_agent][INFO] - approx_kl: 0.0, update_epoch: 0, num_batch: 4
[2026-10-10 06:30:00,378][agent.finetune.train_ppo_diffusion_agent][INFO] - approx_kl: 0.0, update_epoch: 1, num_batch: 4
[2026-10-10 06:30:02,197][agent.finetune.train_ppo_diffusion_agent][INFO] - approx_kl: 0.0, update_epoch: 1, num_batch: 4
[2026-10-10 06:30:03,867][agent.finetune.train_ppo_diffusion_agent][INFO] - approx_kl: 0.0, update_epoch: 1, num_batch: 4
[2026-10-10 06:30:05,626][agent.finetune.train_ppo_diffusion_agent][INFO] - approx_kl: 0.0, update_epoch: 1, num_batch: 4
[2026-10-10 06:30:07,352][agent.finetune.train_ppo_diffusion_agent][INFO] - approx_kl: 0.0, update_epoch: 2, num_batch: 4
[2026-10-10 06:30:09,170][agent.finetune.train_ppo_diffusion_agent][INFO] - approx_kl: 0.0, update_epoch: 2, num_batch: 4
[2026-10-10 06:30:10,800][agent.finetune.train_ppo_diffusion_agent][INFO] - approx_kl: 0.0, update_epoch: 2, num_batch: 4
[2026-10-10 06:30:12,544][agent.finetune.train_ppo_diffusion_agent][INFO] - approx_kl: 0.0, update_epoch: 2, num_batch: 4
[2026-10-10 06:30:14,300][agent.finetune.train_ppo_diffusion_agent][INFO] - approx_kl: 0.0, update_epoch: 3, num_batch: 4
[2026-10-10 06:30:16,172][agent.finetune.train_ppo_diffusion_agent][INFO] - approx_kl: 0.0, update_epoch: 3, num_batch: 4
[2026-10-10 06:30:17,802][agent.finetune.train_ppo_diffusion_agent][INFO] - approx_kl: 0.0, update_epoch: 3, num_batch: 4
[2026-10-10 06:30:19,522][agent.finetune.train_ppo_diffusion_agent][INFO] - approx_kl: 0.0, update_epoch: 3, num_batch: 4
[2026-10-10 06:30:21,245][agent.finetune.train_ppo_diffusion_agent][INFO] - approx_kl: 0.0, update_epoch: 4, num_batch: 4
[2026-10-10 06:30:23,071][agent.finetune.train_ppo_diffusion_agent][INFO] - approx_kl: 0.0, update_epoch: 4, num_batch: 4
[2026-10-10 06:30:24,681][agent.finetune.train_ppo_diffusion_agent][INFO] - approx_kl: 0.0, update_epoch: 4, num_batch: 4
[2026-10-10 06:30:26,407][agent.finetune.train_ppo_diffusion_agent][INFO] - approx_kl: 0.0, update_epoch: 4, num_batch: 4
[2026-10-10 06:30:33,426][agent.finetune.train_ppo_diffusion_agent][INFO] - 22: step  1600000 | loss  -1.0795 | pg loss  -1.1336 | value loss   0.1083 | bc loss   0.0000 | reward 3935.9329 | eta   1.0000 | t: 54.4882 | kl_true_per_action=0.00030735826359188994 | logratio_p99=0.025966877937316876 | clamp_hit_frac=0.0007916666666666666 | actor_step_ratio=1.0 | actor_step_clipfrac=0.0
[2026-10-10 06:30:33,426][agent.finetune.stage3_support][INFO] - STAGE3_METRICS {"J_disc_train": 1399.4596772188713, "J_disc_train_se": 20.111059326222122, "action_oor_frac": 0.14034583333333334, "adv_raw_mean": -1.8917489796876906e-14, "adv_raw_std": 246.19262064034612, "diagnostics_seconds": 0.1164124368224293, "episode_count": 80, "explained_var": 0.4807397127151489, "explained_var_reason": null, "grad_cos_prev": -0.06447847748733737, "grad_cos_prev_reason": null, "grad_norm": 19.697276877157368, "policy_action_oor_frac": 0.14037291666666665, "proj_active": false, "reward_clip_frac": 0.0, "rollout_seconds": 12.665515444008633, "split_diff_sq": 1449.2344977989667, "split_dot": 25.67407863231376, "theta_dist": 0.00967074430455933, "theta_dist_preproj": 0.00967074430455933, "update_norm": 0.0023847979825023778, "update_seconds": 41.702584862243384, "x0_sat_frac_last": 0.022370810632326234, "x0_sat_frac_mean": 0.06597438187314546}
Processed step 0 of 500
Processed step 10 of 500
Processed step 20 of 500
Processed step 30 of 500
Processed step 40 of 500
Processed step 50 of 500
Processed step 60 of 500
Processed step 70 of 500
Processed step 80 of 500
Processed step 90 of 500
Processed step 100 of 500
Processed step 110 of 500
Processed step 120 of 500
Processed step 130 of 500
Processed step 140 of 500
Processed step 150 of 500
Processed step 160 of 500
Processed step 170 of 500
Processed step 180 of 500
Processed step 190 of 500
Processed step 200 of 500
Processed step 210 of 500
Processed step 220 of 500
Processed step 230 of 500
Processed step 240 of 500
Processed step 250 of 500
Processed step 260 of 500
Processed step 270 of 500
Processed step 280 of 500
Processed step 290 of 500
Processed step 300 of 500
Processed step 310 of 500
Processed step 320 of 500
Processed step 330 of 500
Processed step 340 of 500
Processed step 350 of 500
Processed step 360 of 500
Processed step 370 of 500
Processed step 380 of 500
Processed step 390 of 500
Processed step 400 of 500
Processed step 410 of 500
Processed step 420 of 500
Processed step 430 of 500
Processed step 440 of 500
Processed step 450 of 500
Processed step 460 of 500
Processed step 470 of 500
Processed step 480 of 500
Processed step 490 of 500
[2026-10-10 06:30:48,353][agent.finetune.train_ppo_diffusion_agent][INFO] - approx_kl: 0.0, update_epoch: 0, num_batch: 4
[2026-10-10 06:30:50,175][agent.finetune.train_ppo_diffusion_agent][INFO] - approx_kl: 0.0, update_epoch: 0, num_batch: 4
[2026-10-10 06:30:51,834][agent.finetune.train_ppo_diffusion_agent][INFO] - approx_kl: 0.0, update_epoch: 0, num_batch: 4
[2026-10-10 06:30:53,576][agent.finetune.train_ppo_diffusion_agent][INFO] - approx_kl: 0.0, update_epoch: 0, num_batch: 4
[2026-10-10 06:30:55,322][agent.finetune.train_ppo_diffusion_agent][INFO] - approx_kl: 0.0, update_epoch: 1, num_batch: 4
[2026-10-10 06:30:57,220][agent.finetune.train_ppo_diffusion_agent][INFO] - approx_kl: 0.0, update_epoch: 1, num_batch: 4
[2026-10-10 06:30:58,886][agent.finetune.train_ppo_diffusion_agent][INFO] - approx_kl: 0.0, update_epoch: 1, num_batch: 4
[2026-10-10 06:31:00,636][agent.finetune.train_ppo_diffusion_agent][INFO] - approx_kl: 0.0, update_epoch: 1, num_batch: 4
[2026-10-10 06:31:02,380][agent.finetune.train_ppo_diffusion_agent][INFO] - approx_kl: 0.0, update_epoch: 2, num_batch: 4
[2026-10-10 06:31:04,210][agent.finetune.train_ppo_diffusion_agent][INFO] - approx_kl: 0.0, update_epoch: 2, num_batch: 4
[2026-10-10 06:31:05,856][agent.finetune.train_ppo_diffusion_agent][INFO] - approx_kl: 0.0, update_epoch: 2, num_batch: 4
[2026-10-10 06:31:07,596][agent.finetune.train_ppo_diffusion_agent][INFO] - approx_kl: 0.0, update_epoch: 2, num_batch: 4
[2026-10-10 06:31:09,408][agent.finetune.train_ppo_diffusion_agent][INFO] - approx_kl: 0.0, update_epoch: 3, num_batch: 4
[2026-10-10 06:31:11,262][agent.finetune.train_ppo_diffusion_agent][INFO] - approx_kl: 0.0, update_epoch: 3, num_batch: 4
[2026-10-10 06:31:12,892][agent.finetune.train_ppo_diffusion_agent][INFO] - approx_kl: 0.0, update_epoch: 3, num_batch: 4
[2026-10-10 06:31:14,625][agent.finetune.train_ppo_diffusion_agent][INFO] - approx_kl: 0.0, update_epoch: 3, num_batch: 4
[2026-10-10 06:31:16,360][agent.finetune.train_ppo_diffusion_agent][INFO] - approx_kl: 0.0, update_epoch: 4, num_batch: 4
[2026-10-10 06:31:18,189][agent.finetune.train_ppo_diffusion_agent][INFO] - approx_kl: 0.0, update_epoch: 4, num_batch: 4
[2026-10-10 06:31:19,839][agent.finetune.train_ppo_diffusion_agent][INFO] - approx_kl: 0.0, update_epoch: 4, num_batch: 4
[2026-10-10 06:31:21,590][agent.finetune.train_ppo_diffusion_agent][INFO] - approx_kl: 0.0, update_epoch: 4, num_batch: 4
[2026-10-10 06:31:28,613][agent.finetune.train_ppo_diffusion_agent][INFO] - 23: step  1680000 | loss   0.6862 | pg loss   0.6326 | value loss   0.1072 | bc loss   0.0000 | reward 3937.6184 | eta   1.0000 | t: 55.1876 | kl_true_per_action=0.001232983927783027 | logratio_p99=0.06287879824638364 | clamp_hit_frac=0.0007375 | actor_step_ratio=1.0 | actor_step_clipfrac=0.0
[2026-10-10 06:31:28,614][agent.finetune.stage3_support][INFO] - STAGE3_METRICS {"J_disc_train": 1383.0347582179409, "J_disc_train_se": 22.980719802970846, "action_oor_frac": 0.14178125, "adv_raw_mean": -1.3824319466948509e-14, "adv_raw_std": 247.4706474328381, "diagnostics_seconds": 0.11292511492501944, "episode_count": 80, "explained_var": 0.4711218476295471, "explained_var_reason": null, "grad_cos_prev": -0.0465577324479961, "grad_cos_prev_reason": null, "grad_norm": 22.05722069601124, "policy_action_oor_frac": 0.14180416666666668, "proj_active": false, "reward_clip_frac": 0.0, "rollout_seconds": 12.951117477961816, "split_diff_sq": 1752.1809897139979, "split_dot": 48.47572198297078, "theta_dist": 0.009929480898738673, "theta_dist_preproj": 0.009929480898738673, "update_norm": 0.0026705304653296042, "update_seconds": 42.12033121997956, "x0_sat_frac_last": 0.024305555555555556, "x0_sat_frac_mean": 0.06691192369963386}
Processed step 0 of 500
Processed step 10 of 500
Processed step 20 of 500
Processed step 30 of 500
Processed step 40 of 500
Processed step 50 of 500
Processed step 60 of 500
Processed step 70 of 500
Processed step 80 of 500
Processed step 90 of 500
Processed step 100 of 500
Processed step 110 of 500
Processed step 120 of 500
Processed step 130 of 500
Processed step 140 of 500
Processed step 150 of 500
Processed step 160 of 500
Processed step 170 of 500
Processed step 180 of 500
Processed step 190 of 500
Processed step 200 of 500
Processed step 210 of 500
Processed step 220 of 500
Processed step 230 of 500
Processed step 240 of 500
Processed step 250 of 500
Processed step 260 of 500
Processed step 270 of 500
Processed step 280 of 500
Processed step 290 of 500
Processed step 300 of 500
Processed step 310 of 500
Processed step 320 of 500
Processed step 330 of 500
Processed step 340 of 500
Processed step 350 of 500
Processed step 360 of 500
Processed step 370 of 500
Processed step 380 of 500
Processed step 390 of 500
Processed step 400 of 500
Processed step 410 of 500
Processed step 420 of 500
Processed step 430 of 500
Processed step 440 of 500
Processed step 450 of 500
Processed step 460 of 500
Processed step 470 of 500
Processed step 480 of 500
Processed step 490 of 500
[2026-10-10 06:31:43,595][agent.finetune.train_ppo_diffusion_agent][INFO] - approx_kl: 0.0, update_epoch: 0, num_batch: 4
[2026-10-10 06:31:45,402][agent.finetune.train_ppo_diffusion_agent][INFO] - approx_kl: 0.0, update_epoch: 0, num_batch: 4
[2026-10-10 06:31:47,033][agent.finetune.train_ppo_diffusion_agent][INFO] - approx_kl: 0.0, update_epoch: 0, num_batch: 4
[2026-10-10 06:31:48,727][agent.finetune.train_ppo_diffusion_agent][INFO] - approx_kl: 0.0, update_epoch: 0, num_batch: 4
[2026-10-10 06:31:50,422][agent.finetune.train_ppo_diffusion_agent][INFO] - approx_kl: 0.0, update_epoch: 1, num_batch: 4
[2026-10-10 06:31:52,232][agent.finetune.train_ppo_diffusion_agent][INFO] - approx_kl: 0.0, update_epoch: 1, num_batch: 4
[2026-10-10 06:31:53,911][agent.finetune.train_ppo_diffusion_agent][INFO] - approx_kl: 0.0, update_epoch: 1, num_batch: 4
[2026-10-10 06:31:55,656][agent.finetune.train_ppo_diffusion_agent][INFO] - approx_kl: 0.0, update_epoch: 1, num_batch: 4
[2026-10-10 06:31:57,376][agent.finetune.train_ppo_diffusion_agent][INFO] - approx_kl: 0.0, update_epoch: 2, num_batch: 4
[2026-10-10 06:31:59,171][agent.finetune.train_ppo_diffusion_agent][INFO] - approx_kl: 0.0, update_epoch: 2, num_batch: 4
[2026-10-10 06:32:00,783][agent.finetune.train_ppo_diffusion_agent][INFO] - approx_kl: 0.0, update_epoch: 2, num_batch: 4
[2026-10-10 06:32:02,469][agent.finetune.train_ppo_diffusion_agent][INFO] - approx_kl: 0.0, update_epoch: 2, num_batch: 4
[2026-10-10 06:32:04,187][agent.finetune.train_ppo_diffusion_agent][INFO] - approx_kl: 0.0, update_epoch: 3, num_batch: 4
[2026-10-10 06:32:06,075][agent.finetune.train_ppo_diffusion_agent][INFO] - approx_kl: 0.0, update_epoch: 3, num_batch: 4
[2026-10-10 06:32:07,711][agent.finetune.train_ppo_diffusion_agent][INFO] - approx_kl: 0.0, update_epoch: 3, num_batch: 4
[2026-10-10 06:32:09,488][agent.finetune.train_ppo_diffusion_agent][INFO] - approx_kl: 0.0, update_epoch: 3, num_batch: 4
[2026-10-10 06:32:11,203][agent.finetune.train_ppo_diffusion_agent][INFO] - approx_kl: 0.0, update_epoch: 4, num_batch: 4
[2026-10-10 06:32:13,033][agent.finetune.train_ppo_diffusion_agent][INFO] - approx_kl: 0.0, update_epoch: 4, num_batch: 4
[2026-10-10 06:32:14,661][agent.finetune.train_ppo_diffusion_agent][INFO] - approx_kl: 0.0, update_epoch: 4, num_batch: 4
[2026-10-10 06:32:16,385][agent.finetune.train_ppo_diffusion_agent][INFO] - approx_kl: 0.0, update_epoch: 4, num_batch: 4
[2026-10-10 06:32:23,301][agent.finetune.train_ppo_diffusion_agent][INFO] - 24: step  1760000 | loss  -0.4271 | pg loss  -0.4803 | value loss   0.1064 | bc loss   0.0000 | reward 3955.8501 | eta   1.0000 | t: 54.6871 | kl_true_per_action=0.0005848605901705622 | logratio_p99=0.04005369305610655 | clamp_hit_frac=0.0007708333333333333 | actor_step_ratio=1.0 | actor_step_clipfrac=0.0
[2026-10-10 06:32:23,301][agent.finetune.stage3_support][INFO] - STAGE3_METRICS {"J_disc_train": 1404.0594049582448, "J_disc_train_se": 18.7308976748018, "action_oor_frac": 0.13982916666666667, "adv_raw_mean": -2.9103830456733705e-15, "adv_raw_std": 216.65171149943637, "diagnostics_seconds": 0.11466786207165569, "episode_count": 80, "explained_var": 0.4064880609512329, "explained_var_reason": null, "grad_cos_prev": 0.12964594533182816, "grad_cos_prev_reason": null, "grad_norm": 17.856973573973516, "policy_action_oor_frac": 0.13984791666666666, "proj_active": false, "reward_clip_frac": 0.0, "rollout_seconds": 13.022917462978512, "split_diff_sq": 1074.269865710199, "split_dot": 50.30405168818557, "theta_dist": 0.010232252776777135, "theta_dist_preproj": 0.010232252776777135, "update_norm": 0.0021619950200538625, "update_seconds": 41.54615601093974, "x0_sat_frac_last": 0.02231988969320924, "x0_sat_frac_mean": 0.06637935863471447}
Processed step 0 of 500
Processed step 10 of 500
Processed step 20 of 500
Processed step 30 of 500
Processed step 40 of 500
Processed step 50 of 500
Processed step 60 of 500
Processed step 70 of 500
Processed step 80 of 500
Processed step 90 of 500
Processed step 100 of 500
Processed step 110 of 500
Processed step 120 of 500
Processed step 130 of 500
Processed step 140 of 500
Processed step 150 of 500
Processed step 160 of 500
Processed step 170 of 500
Processed step 180 of 500
Processed step 190 of 500
Processed step 200 of 500
Processed step 210 of 500
Processed step 220 of 500
Processed step 230 of 500
Processed step 240 of 500
Processed step 250 of 500
Processed step 260 of 500
Processed step 270 of 500
Processed step 280 of 500
Processed step 290 of 500
Processed step 300 of 500
Processed step 310 of 500
Processed step 320 of 500
Processed step 330 of 500
Processed step 340 of 500
Processed step 350 of 500
Processed step 360 of 500
Processed step 370 of 500
Processed step 380 of 500
Processed step 390 of 500
Processed step 400 of 500
Processed step 410 of 500
Processed step 420 of 500
Processed step 430 of 500
Processed step 440 of 500
Processed step 450 of 500
Processed step 460 of 500
Processed step 470 of 500
Processed step 480 of 500
Processed step 490 of 500
[2026-10-10 06:32:38,687][agent.finetune.train_ppo_diffusion_agent][INFO] - approx_kl: 0.0, update_epoch: 0, num_batch: 4
[2026-10-10 06:32:40,380][agent.finetune.train_ppo_diffusion_agent][INFO] - approx_kl: 0.0, update_epoch: 0, num_batch: 4
[2026-10-10 06:32:42,164][agent.finetune.train_ppo_diffusion_agent][INFO] - approx_kl: 0.0, update_epoch: 0, num_batch: 4
[2026-10-10 06:32:43,950][agent.finetune.train_ppo_diffusion_agent][INFO] - approx_kl: 0.0, update_epoch: 0, num_batch: 4
[2026-10-10 06:32:45,843][agent.finetune.train_ppo_diffusion_agent][INFO] - approx_kl: 0.0, update_epoch: 1, num_batch: 4
[2026-10-10 06:32:47,539][agent.finetune.train_ppo_diffusion_agent][INFO] - approx_kl: 0.0, update_epoch: 1, num_batch: 4
[2026-10-10 06:32:49,308][agent.finetune.train_ppo_diffusion_agent][INFO] - approx_kl: 0.0, update_epoch: 1, num_batch: 4
[2026-10-10 06:32:51,170][agent.finetune.train_ppo_diffusion_agent][INFO] - approx_kl: 0.0, update_epoch: 1, num_batch: 4
[2026-10-10 06:32:53,124][agent.finetune.train_ppo_diffusion_agent][INFO] - approx_kl: 0.0, update_epoch: 2, num_batch: 4
[2026-10-10 06:32:54,779][agent.finetune.train_ppo_diffusion_agent][INFO] - approx_kl: 0.0, update_epoch: 2, num_batch: 4
[2026-10-10 06:32:56,530][agent.finetune.train_ppo_diffusion_agent][INFO] - approx_kl: 0.0, update_epoch: 2, num_batch: 4
[2026-10-10 06:32:58,246][agent.finetune.train_ppo_diffusion_agent][INFO] - approx_kl: 0.0, update_epoch: 2, num_batch: 4
[2026-10-10 06:33:00,044][agent.finetune.train_ppo_diffusion_agent][INFO] - approx_kl: 0.0, update_epoch: 3, num_batch: 4
[2026-10-10 06:33:01,669][agent.finetune.train_ppo_diffusion_agent][INFO] - approx_kl: 0.0, update_epoch: 3, num_batch: 4
[2026-10-10 06:33:03,402][agent.finetune.train_ppo_diffusion_agent][INFO] - approx_kl: 0.0, update_epoch: 3, num_batch: 4
[2026-10-10 06:33:05,111][agent.finetune.train_ppo_diffusion_agent][INFO] - approx_kl: 0.0, update_epoch: 3, num_batch: 4
[2026-10-10 06:33:06,949][agent.finetune.train_ppo_diffusion_agent][INFO] - approx_kl: 0.0, update_epoch: 4, num_batch: 4
[2026-10-10 06:33:08,594][agent.finetune.train_ppo_diffusion_agent][INFO] - approx_kl: 0.0, update_epoch: 4, num_batch: 4
[2026-10-10 06:33:10,351][agent.finetune.train_ppo_diffusion_agent][INFO] - approx_kl: 0.0, update_epoch: 4, num_batch: 4
[2026-10-10 06:33:12,053][agent.finetune.train_ppo_diffusion_agent][INFO] - approx_kl: 0.0, update_epoch: 4, num_batch: 4
[2026-10-10 06:33:19,014][agent.finetune.train_ppo_diffusion_agent][INFO] - 25: step  1840000 | loss  -1.3571 | pg loss  -1.4097 | value loss   0.1052 | bc loss   0.0000 | reward 3843.9339 | eta   1.0000 | t: 55.7129 | kl_true_per_action=0.0003539454827977009 | logratio_p99=0.028003522157669058 | clamp_hit_frac=0.0007833333333333334 | actor_step_ratio=1.0 | actor_step_clipfrac=0.0
[2026-10-10 06:33:19,014][agent.finetune.stage3_support][INFO] - STAGE3_METRICS {"J_disc_train": 1363.1443575454475, "J_disc_train_se": 20.96259496575254, "action_oor_frac": 0.13592916666666666, "adv_raw_mean": 2.837623469531536e-14, "adv_raw_std": 249.29222538054123, "diagnostics_seconds": 0.1227977400412783, "episode_count": 80, "explained_var": 0.5136058628559113, "explained_var_reason": null, "grad_cos_prev": 0.07985977106497572, "grad_cos_prev_reason": null, "grad_norm": 19.55950686276274, "policy_action_oor_frac": 0.13596666666666668, "proj_active": false, "reward_clip_frac": 0.0, "rollout_seconds": 12.980947353993542, "split_diff_sq": 1696.0960471078074, "split_dot": -41.44970858026399, "theta_dist": 0.010719554907702952, "theta_dist_preproj": 0.010719554907702952, "update_norm": 0.0023681341599991273, "update_seconds": 42.605653672944754, "x0_sat_frac_last": 0.020352724841190235, "x0_sat_frac_mean": 0.06527418521194799}
Processed step 0 of 500
Processed step 10 of 500
Processed step 20 of 500
Processed step 30 of 500
Processed step 40 of 500
Processed step 50 of 500
Processed step 60 of 500
Processed step 70 of 500
Processed step 80 of 500
Processed step 90 of 500
Processed step 100 of 500
Processed step 110 of 500
Processed step 120 of 500
Processed step 130 of 500
Processed step 140 of 500
Processed step 150 of 500
Processed step 160 of 500
Processed step 170 of 500
Processed step 180 of 500
Processed step 190 of 500
Processed step 200 of 500
Processed step 210 of 500
Processed step 220 of 500
Processed step 230 of 500
Processed step 240 of 500
Processed step 250 of 500
Processed step 260 of 500
Processed step 270 of 500
Processed step 280 of 500
Processed step 290 of 500
Processed step 300 of 500
Processed step 310 of 500
Processed step 320 of 500
Processed step 330 of 500
Processed step 340 of 500
Processed step 350 of 500
Processed step 360 of 500
Processed step 370 of 500
Processed step 380 of 500
Processed step 390 of 500
Processed step 400 of 500
Processed step 410 of 500
Processed step 420 of 500
Processed step 430 of 500
Processed step 440 of 500
Processed step 450 of 500
Processed step 460 of 500
Processed step 470 of 500
Processed step 480 of 500
Processed step 490 of 500
[2026-10-10 06:33:34,800][agent.finetune.train_ppo_diffusion_agent][INFO] - approx_kl: 0.0, update_epoch: 0, num_batch: 4
[2026-10-10 06:33:36,541][agent.finetune.train_ppo_diffusion_agent][INFO] - approx_kl: 0.0, update_epoch: 0, num_batch: 4
[2026-10-10 06:33:38,407][agent.finetune.train_ppo_diffusion_agent][INFO] - approx_kl: 0.0, update_epoch: 0, num_batch: 4
[2026-10-10 06:33:40,268][agent.finetune.train_ppo_diffusion_agent][INFO] - approx_kl: 0.0, update_epoch: 0, num_batch: 4
[2026-10-10 06:33:42,285][agent.finetune.train_ppo_diffusion_agent][INFO] - approx_kl: 0.0, update_epoch: 1, num_batch: 4
[2026-10-10 06:33:44,097][agent.finetune.train_ppo_diffusion_agent][INFO] - approx_kl: 0.0, update_epoch: 1, num_batch: 4
[2026-10-10 06:33:46,097][agent.finetune.train_ppo_diffusion_agent][INFO] - approx_kl: 0.0, update_epoch: 1, num_batch: 4
[2026-10-10 06:33:47,911][agent.finetune.train_ppo_diffusion_agent][INFO] - approx_kl: 0.0, update_epoch: 1, num_batch: 4
[2026-10-10 06:33:49,828][agent.finetune.train_ppo_diffusion_agent][INFO] - approx_kl: 0.0, update_epoch: 2, num_batch: 4
[2026-10-10 06:33:51,571][agent.finetune.train_ppo_diffusion_agent][INFO] - approx_kl: 0.0, update_epoch: 2, num_batch: 4
[2026-10-10 06:33:53,412][agent.finetune.train_ppo_diffusion_agent][INFO] - approx_kl: 0.0, update_epoch: 2, num_batch: 4
[2026-10-10 06:33:55,278][agent.finetune.train_ppo_diffusion_agent][INFO] - approx_kl: 0.0, update_epoch: 2, num_batch: 4
[2026-10-10 06:33:57,257][agent.finetune.train_ppo_diffusion_agent][INFO] - approx_kl: 0.0, update_epoch: 3, num_batch: 4
[2026-10-10 06:33:58,997][agent.finetune.train_ppo_diffusion_agent][INFO] - approx_kl: 0.0, update_epoch: 3, num_batch: 4
[2026-10-10 06:34:00,815][agent.finetune.train_ppo_diffusion_agent][INFO] - approx_kl: 0.0, update_epoch: 3, num_batch: 4
[2026-10-10 06:34:02,622][agent.finetune.train_ppo_diffusion_agent][INFO] - approx_kl: 0.0, update_epoch: 3, num_batch: 4
[2026-10-10 06:34:04,551][agent.finetune.train_ppo_diffusion_agent][INFO] - approx_kl: 0.0, update_epoch: 4, num_batch: 4
[2026-10-10 06:34:06,290][agent.finetune.train_ppo_diffusion_agent][INFO] - approx_kl: 0.0, update_epoch: 4, num_batch: 4
[2026-10-10 06:34:08,140][agent.finetune.train_ppo_diffusion_agent][INFO] - approx_kl: 0.0, update_epoch: 4, num_batch: 4
[2026-10-10 06:34:10,039][agent.finetune.train_ppo_diffusion_agent][INFO] - approx_kl: 0.0, update_epoch: 4, num_batch: 4
[2026-10-10 06:34:17,424][agent.finetune.train_ppo_diffusion_agent][INFO] - 26: step  1920000 | loss   0.5518 | pg loss   0.4985 | value loss   0.1066 | bc loss   0.0000 | reward 3869.7231 | eta   1.0000 | t: 58.4103 | kl_true_per_action=0.0002817934208134243 | logratio_p99=0.02268471539020537 | clamp_hit_frac=0.0007333333333333333 | actor_step_ratio=1.0 | actor_step_clipfrac=0.0
[2026-10-10 06:34:17,424][agent.finetune.stage3_support][INFO] - STAGE3_METRICS {"J_disc_train": 1380.1847333970013, "J_disc_train_se": 22.937954603474683, "action_oor_frac": 0.13656041666666666, "adv_raw_mean": 1.8917489796876906e-14, "adv_raw_std": 270.86659280224103, "diagnostics_seconds": 0.12632003100588918, "episode_count": 80, "explained_var": 0.5419691801071167, "explained_var_reason": null, "grad_cos_prev": -0.0383834348792692, "grad_cos_prev_reason": null, "grad_norm": 21.913528544154794, "policy_action_oor_frac": 0.13658333333333333, "proj_active": false, "reward_clip_frac": 0.0, "rollout_seconds": 13.298044731956907, "split_diff_sq": 2130.568320554132, "split_dot": -52.43934999153309, "theta_dist": 0.010958273175570719, "theta_dist_preproj": 0.010958273175570719, "update_norm": 0.002653127578754717, "update_seconds": 44.97996273415629, "x0_sat_frac_last": 0.01981012658227848, "x0_sat_frac_mean": 0.06522309802653754}
Processed step 0 of 500
Processed step 10 of 500
Processed step 20 of 500
Processed step 30 of 500
Processed step 40 of 500
Processed step 50 of 500
Processed step 60 of 500
Processed step 70 of 500
Processed step 80 of 500
Processed step 90 of 500
Processed step 100 of 500
Processed step 110 of 500
Processed step 120 of 500
Processed step 130 of 500
Processed step 140 of 500
Processed step 150 of 500
Processed step 160 of 500
Processed step 170 of 500
Processed step 180 of 500
Processed step 190 of 500
Processed step 200 of 500
Processed step 210 of 500
Processed step 220 of 500
Processed step 230 of 500
Processed step 240 of 500
Processed step 250 of 500
Processed step 260 of 500
Processed step 270 of 500
Processed step 280 of 500
Processed step 290 of 500
Processed step 300 of 500
Processed step 310 of 500
Processed step 320 of 500
Processed step 330 of 500
Processed step 340 of 500
Processed step 350 of 500
Processed step 360 of 500
Processed step 370 of 500
Processed step 380 of 500
Processed step 390 of 500
Processed step 400 of 500
Processed step 410 of 500
Processed step 420 of 500
Processed step 430 of 500
Processed step 440 of 500
Processed step 450 of 500
Processed step 460 of 500
Processed step 470 of 500
Processed step 480 of 500
Processed step 490 of 500
[2026-10-10 06:34:32,551][agent.finetune.train_ppo_diffusion_agent][INFO] - approx_kl: 0.0, update_epoch: 0, num_batch: 4
[2026-10-10 06:34:34,295][agent.finetune.train_ppo_diffusion_agent][INFO] - approx_kl: 0.0, update_epoch: 0, num_batch: 4
[2026-10-10 06:34:36,132][agent.finetune.train_ppo_diffusion_agent][INFO] - approx_kl: 0.0, update_epoch: 0, num_batch: 4
[2026-10-10 06:34:38,075][agent.finetune.train_ppo_diffusion_agent][INFO] - approx_kl: 0.0, update_epoch: 0, num_batch: 4
[2026-10-10 06:34:39,830][agent.finetune.train_ppo_diffusion_agent][INFO] - approx_kl: 0.0, update_epoch: 1, num_batch: 4
[2026-10-10 06:34:41,715][agent.finetune.train_ppo_diffusion_agent][INFO] - approx_kl: 0.0, update_epoch: 1, num_batch: 4
[2026-10-10 06:34:43,587][agent.finetune.train_ppo_diffusion_agent][INFO] - approx_kl: 0.0, update_epoch: 1, num_batch: 4
[2026-10-10 06:34:45,545][agent.finetune.train_ppo_diffusion_agent][INFO] - approx_kl: 0.0, update_epoch: 1, num_batch: 4
[2026-10-10 06:34:47,293][agent.finetune.train_ppo_diffusion_agent][INFO] - approx_kl: 0.0, update_epoch: 2, num_batch: 4
[2026-10-10 06:34:49,133][agent.finetune.train_ppo_diffusion_agent][INFO] - approx_kl: 0.0, update_epoch: 2, num_batch: 4
[2026-10-10 06:34:50,981][agent.finetune.train_ppo_diffusion_agent][INFO] - approx_kl: 0.0, update_epoch: 2, num_batch: 4
[2026-10-10 06:34:52,992][agent.finetune.train_ppo_diffusion_agent][INFO] - approx_kl: 0.0, update_epoch: 2, num_batch: 4
[2026-10-10 06:34:54,764][agent.finetune.train_ppo_diffusion_agent][INFO] - approx_kl: 0.0, update_epoch: 3, num_batch: 4
[2026-10-10 06:34:56,675][agent.finetune.train_ppo_diffusion_agent][INFO] - approx_kl: 0.0, update_epoch: 3, num_batch: 4
[2026-10-10 06:34:58,499][agent.finetune.train_ppo_diffusion_agent][INFO] - approx_kl: 0.0, update_epoch: 3, num_batch: 4
[2026-10-10 06:35:00,464][agent.finetune.train_ppo_diffusion_agent][INFO] - approx_kl: 0.0, update_epoch: 3, num_batch: 4
[2026-10-10 06:35:02,217][agent.finetune.train_ppo_diffusion_agent][INFO] - approx_kl: 0.0, update_epoch: 4, num_batch: 4
[2026-10-10 06:35:04,033][agent.finetune.train_ppo_diffusion_agent][INFO] - approx_kl: 0.0, update_epoch: 4, num_batch: 4
[2026-10-10 06:35:05,853][agent.finetune.train_ppo_diffusion_agent][INFO] - approx_kl: 0.0, update_epoch: 4, num_batch: 4
[2026-10-10 06:35:07,809][agent.finetune.train_ppo_diffusion_agent][INFO] - approx_kl: 0.0, update_epoch: 4, num_batch: 4
[2026-10-10 06:35:15,289][agent.finetune.train_ppo_diffusion_agent][INFO] - 27: step  2000000 | loss  -0.8323 | pg loss  -0.8850 | value loss   0.1054 | bc loss   0.0000 | reward 4027.8616 | eta   1.0000 | t: 57.8649 | kl_true_per_action=0.00030259061379180806 | logratio_p99=0.030286511182784887 | clamp_hit_frac=0.0007333333333333333 | actor_step_ratio=1.0 | actor_step_clipfrac=0.0
[2026-10-10 06:35:15,289][agent.finetune.stage3_support][INFO] - STAGE3_METRICS {"J_disc_train": 1426.4849188677276, "J_disc_train_se": 16.30823817483504, "action_oor_frac": 0.14122916666666666, "adv_raw_mean": -1.3733369996771217e-14, "adv_raw_std": 191.38338579402722, "diagnostics_seconds": 0.12110720411874354, "episode_count": 80, "explained_var": 0.3835896849632263, "explained_var_reason": null, "grad_cos_prev": -0.09567789551002678, "grad_cos_prev_reason": null, "grad_norm": 14.413131922770999, "policy_action_oor_frac": 0.14125833333333335, "proj_active": false, "reward_clip_frac": 0.0, "rollout_seconds": 12.93055526399985, "split_diff_sq": 938.236673169712, "split_dot": -26.820803941795813, "theta_dist": 0.011166127342121258, "theta_dist_preproj": 0.011166127342121258, "update_norm": 0.0017450421208324565, "update_seconds": 44.80966881697532, "x0_sat_frac_last": 0.0194613306315434, "x0_sat_frac_mean": 0.06767302720407449}
Processed step 0 of 500
Processed step 10 of 500
Processed step 20 of 500
Processed step 30 of 500
Processed step 40 of 500
Processed step 50 of 500
Processed step 60 of 500
Processed step 70 of 500
Processed step 80 of 500
Processed step 90 of 500
Processed step 100 of 500
Processed step 110 of 500
Processed step 120 of 500
Processed step 130 of 500
Processed step 140 of 500
Processed step 150 of 500
Processed step 160 of 500
Processed step 170 of 500
Processed step 180 of 500
Processed step 190 of 500
Processed step 200 of 500
Processed step 210 of 500
Processed step 220 of 500
Processed step 230 of 500
Processed step 240 of 500
Processed step 250 of 500
Processed step 260 of 500
Processed step 270 of 500
Processed step 280 of 500
Processed step 290 of 500
Processed step 300 of 500
Processed step 310 of 500
Processed step 320 of 500
Processed step 330 of 500
Processed step 340 of 500
Processed step 350 of 500
Processed step 360 of 500
Processed step 370 of 500
Processed step 380 of 500
Processed step 390 of 500
Processed step 400 of 500
Processed step 410 of 500
Processed step 420 of 500
Processed step 430 of 500
Processed step 440 of 500
Processed step 450 of 500
Processed step 460 of 500
Processed step 470 of 500
Processed step 480 of 500
Processed step 490 of 500
[2026-10-10 06:35:30,146][agent.finetune.train_ppo_diffusion_agent][INFO] - approx_kl: 0.0, update_epoch: 0, num_batch: 4
[2026-10-10 06:35:32,003][agent.finetune.train_ppo_diffusion_agent][INFO] - approx_kl: 0.0, update_epoch: 0, num_batch: 4
[2026-10-10 06:35:33,853][agent.finetune.train_ppo_diffusion_agent][INFO] - approx_kl: 0.0, update_epoch: 0, num_batch: 4
[2026-10-10 06:35:35,806][agent.finetune.train_ppo_diffusion_agent][INFO] - approx_kl: 0.0, update_epoch: 0, num_batch: 4
[2026-10-10 06:35:37,562][agent.finetune.train_ppo_diffusion_agent][INFO] - approx_kl: 0.0, update_epoch: 1, num_batch: 4
[2026-10-10 06:35:39,434][agent.finetune.train_ppo_diffusion_agent][INFO] - approx_kl: 0.0, update_epoch: 1, num_batch: 4
[2026-10-10 06:35:41,328][agent.finetune.train_ppo_diffusion_agent][INFO] - approx_kl: 0.0, update_epoch: 1, num_batch: 4
[2026-10-10 06:35:43,271][agent.finetune.train_ppo_diffusion_agent][INFO] - approx_kl: 0.0, update_epoch: 1, num_batch: 4
[2026-10-10 06:35:45,024][agent.finetune.train_ppo_diffusion_agent][INFO] - approx_kl: 0.0, update_epoch: 2, num_batch: 4
[2026-10-10 06:35:46,854][agent.finetune.train_ppo_diffusion_agent][INFO] - approx_kl: 0.0, update_epoch: 2, num_batch: 4
[2026-10-10 06:35:48,688][agent.finetune.train_ppo_diffusion_agent][INFO] - approx_kl: 0.0, update_epoch: 2, num_batch: 4
[2026-10-10 06:35:50,668][agent.finetune.train_ppo_diffusion_agent][INFO] - approx_kl: 0.0, update_epoch: 2, num_batch: 4
[2026-10-10 06:35:52,458][agent.finetune.train_ppo_diffusion_agent][INFO] - approx_kl: 0.0, update_epoch: 3, num_batch: 4
[2026-10-10 06:35:54,319][agent.finetune.train_ppo_diffusion_agent][INFO] - approx_kl: 0.0, update_epoch: 3, num_batch: 4
[2026-10-10 06:35:56,161][agent.finetune.train_ppo_diffusion_agent][INFO] - approx_kl: 0.0, update_epoch: 3, num_batch: 4
[2026-10-10 06:35:58,103][agent.finetune.train_ppo_diffusion_agent][INFO] - approx_kl: 0.0, update_epoch: 3, num_batch: 4
[2026-10-10 06:35:59,856][agent.finetune.train_ppo_diffusion_agent][INFO] - approx_kl: 0.0, update_epoch: 4, num_batch: 4
[2026-10-10 06:36:01,709][agent.finetune.train_ppo_diffusion_agent][INFO] - approx_kl: 0.0, update_epoch: 4, num_batch: 4
[2026-10-10 06:36:03,598][agent.finetune.train_ppo_diffusion_agent][INFO] - approx_kl: 0.0, update_epoch: 4, num_batch: 4
[2026-10-10 06:36:05,558][agent.finetune.train_ppo_diffusion_agent][INFO] - approx_kl: 0.0, update_epoch: 4, num_batch: 4
[2026-10-10 06:36:13,085][agent.finetune.train_ppo_diffusion_agent][INFO] - 28: step  2080000 | loss  -0.5774 | pg loss  -0.6308 | value loss   0.1067 | bc loss   0.0000 | reward 3919.5998 | eta   1.0000 | t: 57.7960 | kl_true_per_action=0.0004453156234734731 | logratio_p99=0.03181500673294058 | clamp_hit_frac=0.00083125 | actor_step_ratio=1.0 | actor_step_clipfrac=0.0
[2026-10-10 06:36:13,085][agent.finetune.stage3_support][INFO] - STAGE3_METRICS {"J_disc_train": 1384.834543869421, "J_disc_train_se": 20.735303271434773, "action_oor_frac": 0.13636666666666666, "adv_raw_mean": 1.4551915228366853e-15, "adv_raw_std": 241.64373445331992, "diagnostics_seconds": 0.11188756313640624, "episode_count": 80, "explained_var": 0.4800359010696411, "explained_var_reason": null, "grad_cos_prev": -0.0004069245376661015, "grad_cos_prev_reason": null, "grad_norm": 19.162884719786195, "policy_action_oor_frac": 0.1363875, "proj_active": false, "reward_clip_frac": 0.0, "rollout_seconds": 12.91682341590058, "split_diff_sq": 1501.081273656375, "split_dot": -8.054178281692758, "theta_dist": 0.011488277701474649, "theta_dist_preproj": 0.011488277701474649, "update_norm": 0.002320103868784955, "update_seconds": 44.763525957940146, "x0_sat_frac_last": 0.020226337448559673, "x0_sat_frac_mean": 0.06603701540905393}
Processed step 0 of 500
Processed step 10 of 500
Processed step 20 of 500
Processed step 30 of 500
Processed step 40 of 500
Processed step 50 of 500
Processed step 60 of 500
Processed step 70 of 500
Processed step 80 of 500
Processed step 90 of 500
Processed step 100 of 500
Processed step 110 of 500
Processed step 120 of 500
Processed step 130 of 500
Processed step 140 of 500
Processed step 150 of 500
Processed step 160 of 500
Processed step 170 of 500
Processed step 180 of 500
Processed step 190 of 500
Processed step 200 of 500
Processed step 210 of 500
Processed step 220 of 500
Processed step 230 of 500
Processed step 240 of 500
Processed step 250 of 500
Processed step 260 of 500
Processed step 270 of 500
Processed step 280 of 500
Processed step 290 of 500
Processed step 300 of 500
Processed step 310 of 500
Processed step 320 of 500
Processed step 330 of 500
Processed step 340 of 500
Processed step 350 of 500
Processed step 360 of 500
Processed step 370 of 500
Processed step 380 of 500
Processed step 390 of 500
Processed step 400 of 500
Processed step 410 of 500
Processed step 420 of 500
Processed step 430 of 500
Processed step 440 of 500
Processed step 450 of 500
Processed step 460 of 500
Processed step 470 of 500
Processed step 480 of 500
Processed step 490 of 500
[2026-10-10 06:36:28,017][agent.finetune.train_ppo_diffusion_agent][INFO] - approx_kl: 0.0, update_epoch: 0, num_batch: 4
[2026-10-10 06:36:29,881][agent.finetune.train_ppo_diffusion_agent][INFO] - approx_kl: 0.0, update_epoch: 0, num_batch: 4
[2026-10-10 06:36:31,722][agent.finetune.train_ppo_diffusion_agent][INFO] - approx_kl: 0.0, update_epoch: 0, num_batch: 4
[2026-10-10 06:36:33,675][agent.finetune.train_ppo_diffusion_agent][INFO] - approx_kl: 0.0, update_epoch: 0, num_batch: 4
[2026-10-10 06:36:35,418][agent.finetune.train_ppo_diffusion_agent][INFO] - approx_kl: 0.0, update_epoch: 1, num_batch: 4
[2026-10-10 06:36:37,257][agent.finetune.train_ppo_diffusion_agent][INFO] - approx_kl: 0.0, update_epoch: 1, num_batch: 4
[2026-10-10 06:36:39,074][agent.finetune.train_ppo_diffusion_agent][INFO] - approx_kl: 0.0, update_epoch: 1, num_batch: 4
[2026-10-10 06:36:41,000][agent.finetune.train_ppo_diffusion_agent][INFO] - approx_kl: 0.0, update_epoch: 1, num_batch: 4
[2026-10-10 06:36:42,745][agent.finetune.train_ppo_diffusion_agent][INFO] - approx_kl: 0.0, update_epoch: 2, num_batch: 4
[2026-10-10 06:36:44,585][agent.finetune.train_ppo_diffusion_agent][INFO] - approx_kl: 0.0, update_epoch: 2, num_batch: 4
[2026-10-10 06:36:46,422][agent.finetune.train_ppo_diffusion_agent][INFO] - approx_kl: 0.0, update_epoch: 2, num_batch: 4
[2026-10-10 06:36:48,370][agent.finetune.train_ppo_diffusion_agent][INFO] - approx_kl: 0.0, update_epoch: 2, num_batch: 4
[2026-10-10 06:36:50,120][agent.finetune.train_ppo_diffusion_agent][INFO] - approx_kl: 0.0, update_epoch: 3, num_batch: 4
[2026-10-10 06:36:51,962][agent.finetune.train_ppo_diffusion_agent][INFO] - approx_kl: 0.0, update_epoch: 3, num_batch: 4
[2026-10-10 06:36:53,812][agent.finetune.train_ppo_diffusion_agent][INFO] - approx_kl: 0.0, update_epoch: 3, num_batch: 4
[2026-10-10 06:36:55,826][agent.finetune.train_ppo_diffusion_agent][INFO] - approx_kl: 0.0, update_epoch: 3, num_batch: 4
[2026-10-10 06:36:57,583][agent.finetune.train_ppo_diffusion_agent][INFO] - approx_kl: 0.0, update_epoch: 4, num_batch: 4
[2026-10-10 06:36:59,463][agent.finetune.train_ppo_diffusion_agent][INFO] - approx_kl: 0.0, update_epoch: 4, num_batch: 4
[2026-10-10 06:37:01,318][agent.finetune.train_ppo_diffusion_agent][INFO] - approx_kl: 0.0, update_epoch: 4, num_batch: 4
[2026-10-10 06:37:03,241][agent.finetune.train_ppo_diffusion_agent][INFO] - approx_kl: 0.0, update_epoch: 4, num_batch: 4
[2026-10-10 06:37:10,600][agent.finetune.train_ppo_diffusion_agent][INFO] - 29: step  2160000 | loss  -1.2672 | pg loss  -1.3202 | value loss   0.1061 | bc loss   0.0000 | reward 3915.1793 | eta   1.0000 | t: 57.5155 | kl_true_per_action=0.000523765908832346 | logratio_p99=0.03551648855209349 | clamp_hit_frac=0.0007729166666666667 | actor_step_ratio=1.0 | actor_step_clipfrac=0.0
[2026-10-10 06:37:10,601][agent.finetune.stage3_support][INFO] - STAGE3_METRICS {"J_disc_train": 1384.377945125829, "J_disc_train_se": 25.693027765381505, "action_oor_frac": 0.13759791666666665, "adv_raw_mean": -9.458744898438453e-15, "adv_raw_std": 268.5091964336525, "diagnostics_seconds": 0.11727183882612735, "episode_count": 80, "explained_var": 0.5421823263168335, "explained_var_reason": null, "grad_cos_prev": -0.02973199491577653, "grad_cos_prev_reason": null, "grad_norm": 22.85273763912257, "policy_action_oor_frac": 0.13762291666666668, "proj_active": false, "reward_clip_frac": 0.0, "rollout_seconds": 12.947968964930624, "split_diff_sq": 2345.331976652811, "split_dot": -64.08539866692853, "theta_dist": 0.011800302485338927, "theta_dist_preproj": 0.011800302485338927, "update_norm": 0.002766839219113673, "update_seconds": 44.44564170308877, "x0_sat_frac_last": 0.0219770822644091, "x0_sat_frac_mean": 0.06657250935663016}
Processed step 0 of 500
Processed step 10 of 500
Processed step 20 of 500
Processed step 30 of 500
Processed step 40 of 500
Processed step 50 of 500
Processed step 60 of 500
Processed step 70 of 500
Processed step 80 of 500
Processed step 90 of 500
Processed step 100 of 500
Processed step 110 of 500
Processed step 120 of 500
Processed step 130 of 500
Processed step 140 of 500
Processed step 150 of 500
Processed step 160 of 500
Processed step 170 of 500
Processed step 180 of 500
Processed step 190 of 500
Processed step 200 of 500
Processed step 210 of 500
Processed step 220 of 500
Processed step 230 of 500
Processed step 240 of 500
Processed step 250 of 500
Processed step 260 of 500
Processed step 270 of 500
Processed step 280 of 500
Processed step 290 of 500
Processed step 300 of 500
Processed step 310 of 500
Processed step 320 of 500
Processed step 330 of 500
Processed step 340 of 500
Processed step 350 of 500
Processed step 360 of 500
Processed step 370 of 500
Processed step 380 of 500
Processed step 390 of 500
Processed step 400 of 500
Processed step 410 of 500
Processed step 420 of 500
Processed step 430 of 500
Processed step 440 of 500
Processed step 450 of 500
Processed step 460 of 500
Processed step 470 of 500
Processed step 480 of 500
Processed step 490 of 500
[2026-10-10 06:37:23,622][agent.finetune.train_ppo_diffusion_agent][INFO] - eval: success rate   1.0000 | avg episode reward 4243.7298 | avg best reward   6.4629
[2026-10-10 06:37:23,622][agent.finetune.stage3_support][INFO] - STAGE3_METRICS {"J_disc_eval": 1507.506450268109, "J_disc_eval_se": 27.008182563687186, "action_oor_frac": 0.0, "diagnostics_seconds": 0.008623880916275084, "episode_count": 80, "policy_action_oor_frac": 0.0, "rollout_seconds": 13.009006763924845, "update_seconds": 0.0}
Processed step 0 of 500
Processed step 10 of 500
Processed step 20 of 500
Processed step 30 of 500
Processed step 40 of 500
Processed step 50 of 500
Processed step 60 of 500
Processed step 70 of 500
Processed step 80 of 500
Processed step 90 of 500
Processed step 100 of 500
Processed step 110 of 500
Processed step 120 of 500
Processed step 130 of 500
Processed step 140 of 500
Processed step 150 of 500
Processed step 160 of 500
Processed step 170 of 500
Processed step 180 of 500
Processed step 190 of 500
Processed step 200 of 500
Processed step 210 of 500
Processed step 220 of 500
Processed step 230 of 500
Processed step 240 of 500
Processed step 250 of 500
Processed step 260 of 500
Processed step 270 of 500
Processed step 280 of 500
Processed step 290 of 500
Processed step 300 of 500
Processed step 310 of 500
Processed step 320 of 500
Processed step 330 of 500
Processed step 340 of 500
Processed step 350 of 500
Processed step 360 of 500
Processed step 370 of 500
Processed step 380 of 500
Processed step 390 of 500
Processed step 400 of 500
Processed step 410 of 500
Processed step 420 of 500
Processed step 430 of 500
Processed step 440 of 500
Processed step 450 of 500
Processed step 460 of 500
Processed step 470 of 500
Processed step 480 of 500
Processed step 490 of 500
[2026-10-10 06:37:38,575][agent.finetune.train_ppo_diffusion_agent][INFO] - approx_kl: 0.0, update_epoch: 0, num_batch: 4
[2026-10-10 06:37:40,432][agent.finetune.train_ppo_diffusion_agent][INFO] - approx_kl: 0.0, update_epoch: 0, num_batch: 4
[2026-10-10 06:37:42,263][agent.finetune.train_ppo_diffusion_agent][INFO] - approx_kl: 0.0, update_epoch: 0, num_batch: 4
[2026-10-10 06:37:44,224][agent.finetune.train_ppo_diffusion_agent][INFO] - approx_kl: 0.0, update_epoch: 0, num_batch: 4
[2026-10-10 06:37:45,905][agent.finetune.train_ppo_diffusion_agent][INFO] - approx_kl: 0.0, update_epoch: 1, num_batch: 4
[2026-10-10 06:37:47,849][agent.finetune.train_ppo_diffusion_agent][INFO] - approx_kl: 0.0, update_epoch: 1, num_batch: 4
[2026-10-10 06:37:49,751][agent.finetune.train_ppo_diffusion_agent][INFO] - approx_kl: 0.0, update_epoch: 1, num_batch: 4
[2026-10-10 06:37:51,655][agent.finetune.train_ppo_diffusion_agent][INFO] - approx_kl: 0.0, update_epoch: 1, num_batch: 4
[2026-10-10 06:37:53,320][agent.finetune.train_ppo_diffusion_agent][INFO] - approx_kl: 0.0, update_epoch: 2, num_batch: 4
[2026-10-10 06:37:55,115][agent.finetune.train_ppo_diffusion_agent][INFO] - approx_kl: 0.0, update_epoch: 2, num_batch: 4
[2026-10-10 06:37:56,910][agent.finetune.train_ppo_diffusion_agent][INFO] - approx_kl: 0.0, update_epoch: 2, num_batch: 4
[2026-10-10 06:37:59,012][agent.finetune.train_ppo_diffusion_agent][INFO] - approx_kl: 0.0, update_epoch: 2, num_batch: 4
[2026-10-10 06:38:00,677][agent.finetune.train_ppo_diffusion_agent][INFO] - approx_kl: 0.0, update_epoch: 3, num_batch: 4
[2026-10-10 06:38:02,440][agent.finetune.train_ppo_diffusion_agent][INFO] - approx_kl: 0.0, update_epoch: 3, num_batch: 4
[2026-10-10 06:38:04,187][agent.finetune.train_ppo_diffusion_agent][INFO] - approx_kl: 0.0, update_epoch: 3, num_batch: 4
[2026-10-10 06:38:06,048][agent.finetune.train_ppo_diffusion_agent][INFO] - approx_kl: 0.0, update_epoch: 3, num_batch: 4
[2026-10-10 06:38:07,701][agent.finetune.train_ppo_diffusion_agent][INFO] - approx_kl: 0.0, update_epoch: 4, num_batch: 4
[2026-10-10 06:38:09,458][agent.finetune.train_ppo_diffusion_agent][INFO] - approx_kl: 0.0, update_epoch: 4, num_batch: 4
[2026-10-10 06:38:11,238][agent.finetune.train_ppo_diffusion_agent][INFO] - approx_kl: 0.0, update_epoch: 4, num_batch: 4
[2026-10-10 06:38:13,146][agent.finetune.train_ppo_diffusion_agent][INFO] - approx_kl: 0.0, update_epoch: 4, num_batch: 4
[2026-10-10 06:38:20,165][agent.finetune.train_ppo_diffusion_agent][INFO] - 31: step  2240000 | loss  -0.0189 | pg loss  -0.0721 | value loss   0.1064 | bc loss   0.0000 | reward 3941.9985 | eta   1.0000 | t: 56.5428 | kl_true_per_action=0.00029035233346293095 | logratio_p99=0.02472731709480284 | clamp_hit_frac=0.0008375 | actor_step_ratio=1.0 | actor_step_clipfrac=0.0
[2026-10-10 06:38:20,165][agent.finetune.stage3_support][INFO] - STAGE3_METRICS {"J_disc_train": 1430.2003159774165, "J_disc_train_se": 19.048993961080953, "action_oor_frac": 0.13751875, "adv_raw_mean": 2.4738255888223647e-14, "adv_raw_std": 263.2845210034196, "diagnostics_seconds": 0.11435411707498133, "episode_count": 80, "explained_var": 0.5384250581264496, "explained_var_reason": null, "grad_cos_prev": 0.0649652989865717, "grad_cos_prev_reason": null, "grad_norm": 19.902042792896737, "policy_action_oor_frac": 0.13754583333333334, "proj_active": false, "reward_clip_frac": 0.0, "rollout_seconds": 13.031245341990143, "split_diff_sq": 1791.6050359349983, "split_dot": -51.80994929143054, "theta_dist": 0.011908830725427194, "theta_dist_preproj": 0.011908830725427194, "update_norm": 0.0024095948318691497, "update_seconds": 43.39102086587809, "x0_sat_frac_last": 0.01882132515755408, "x0_sat_frac_mean": 0.0654805906356459}
Processed step 0 of 500
Processed step 10 of 500
Processed step 20 of 500
Processed step 30 of 500
Processed step 40 of 500
Processed step 50 of 500
Processed step 60 of 500
Processed step 70 of 500
Processed step 80 of 500
Processed step 90 of 500
Processed step 100 of 500
Processed step 110 of 500
Processed step 120 of 500
Processed step 130 of 500
Processed step 140 of 500
Processed step 150 of 500
Processed step 160 of 500
Processed step 170 of 500
Processed step 180 of 500
Processed step 190 of 500
Processed step 200 of 500
Processed step 210 of 500
Processed step 220 of 500
Processed step 230 of 500
Processed step 240 of 500
Processed step 250 of 500
Processed step 260 of 500
Processed step 270 of 500
Processed step 280 of 500
Processed step 290 of 500
Processed step 300 of 500
Processed step 310 of 500
Processed step 320 of 500
Processed step 330 of 500
Processed step 340 of 500
Processed step 350 of 500
Processed step 360 of 500
Processed step 370 of 500
Processed step 380 of 500
Processed step 390 of 500
Processed step 400 of 500
Processed step 410 of 500
Processed step 420 of 500
Processed step 430 of 500
Processed step 440 of 500
Processed step 450 of 500
Processed step 460 of 500
Processed step 470 of 500
Processed step 480 of 500
Processed step 490 of 500
[2026-10-10 06:38:34,930][agent.finetune.train_ppo_diffusion_agent][INFO] - approx_kl: 0.0, update_epoch: 0, num_batch: 4
[2026-10-10 06:38:36,691][agent.finetune.train_ppo_diffusion_agent][INFO] - approx_kl: 0.0, update_epoch: 0, num_batch: 4
[2026-10-10 06:38:38,542][agent.finetune.train_ppo_diffusion_agent][INFO] - approx_kl: 0.0, update_epoch: 0, num_batch: 4
[2026-10-10 06:38:40,216][agent.finetune.train_ppo_diffusion_agent][INFO] - approx_kl: 0.0, update_epoch: 0, num_batch: 4
[2026-10-10 06:38:41,956][agent.finetune.train_ppo_diffusion_agent][INFO] - approx_kl: 0.0, update_epoch: 1, num_batch: 4
[2026-10-10 06:38:43,691][agent.finetune.train_ppo_diffusion_agent][INFO] - approx_kl: 0.0, update_epoch: 1, num_batch: 4
[2026-10-10 06:38:45,581][agent.finetune.train_ppo_diffusion_agent][INFO] - approx_kl: 0.0, update_epoch: 1, num_batch: 4
[2026-10-10 06:38:47,216][agent.finetune.train_ppo_diffusion_agent][INFO] - approx_kl: 0.0, update_epoch: 1, num_batch: 4
[2026-10-10 06:38:48,950][agent.finetune.train_ppo_diffusion_agent][INFO] - approx_kl: 0.0, update_epoch: 2, num_batch: 4
[2026-10-10 06:38:50,659][agent.finetune.train_ppo_diffusion_agent][INFO] - approx_kl: 0.0, update_epoch: 2, num_batch: 4
[2026-10-10 06:38:52,518][agent.finetune.train_ppo_diffusion_agent][INFO] - approx_kl: 0.0, update_epoch: 2, num_batch: 4
[2026-10-10 06:38:54,176][agent.finetune.train_ppo_diffusion_agent][INFO] - approx_kl: 0.0, update_epoch: 2, num_batch: 4
[2026-10-10 06:38:55,945][agent.finetune.train_ppo_diffusion_agent][INFO] - approx_kl: 0.0, update_epoch: 3, num_batch: 4
[2026-10-10 06:38:57,710][agent.finetune.train_ppo_diffusion_agent][INFO] - approx_kl: 0.0, update_epoch: 3, num_batch: 4
[2026-10-10 06:38:59,548][agent.finetune.train_ppo_diffusion_agent][INFO] - approx_kl: 0.0, update_epoch: 3, num_batch: 4
[2026-10-10 06:39:01,207][agent.finetune.train_ppo_diffusion_agent][INFO] - approx_kl: 0.0, update_epoch: 3, num_batch: 4
[2026-10-10 06:39:02,945][agent.finetune.train_ppo_diffusion_agent][INFO] - approx_kl: 0.0, update_epoch: 4, num_batch: 4
[2026-10-10 06:39:04,701][agent.finetune.train_ppo_diffusion_agent][INFO] - approx_kl: 0.0, update_epoch: 4, num_batch: 4
[2026-10-10 06:39:06,537][agent.finetune.train_ppo_diffusion_agent][INFO] - approx_kl: 0.0, update_epoch: 4, num_batch: 4
[2026-10-10 06:39:08,210][agent.finetune.train_ppo_diffusion_agent][INFO] - approx_kl: 0.0, update_epoch: 4, num_batch: 4
[2026-10-10 06:39:15,263][agent.finetune.train_ppo_diffusion_agent][INFO] - 32: step  2320000 | loss  -0.0121 | pg loss  -0.0668 | value loss   0.1094 | bc loss   0.0000 | reward 3897.9130 | eta   1.0000 | t: 55.0981 | kl_true_per_action=0.0004517262234161006 | logratio_p99=0.031033335924148513 | clamp_hit_frac=0.00076875 | actor_step_ratio=1.0 | actor_step_clipfrac=0.0
[2026-10-10 06:39:15,263][agent.finetune.stage3_support][INFO] - STAGE3_METRICS {"J_disc_train": 1395.6180236839568, "J_disc_train_se": 20.52845509054932, "action_oor_frac": 0.13675, "adv_raw_mean": 1.709850039333105e-14, "adv_raw_std": 258.8387956313063, "diagnostics_seconds": 0.12371464585885406, "episode_count": 80, "explained_var": 0.561093807220459, "explained_var_reason": null, "grad_cos_prev": -0.015504322031208056, "grad_cos_prev_reason": null, "grad_norm": 20.678739699511453, "policy_action_oor_frac": 0.13678958333333333, "proj_active": false, "reward_clip_frac": 0.0, "rollout_seconds": 12.887907933909446, "split_diff_sq": 1827.5139904700786, "split_dot": -29.26820720837154, "theta_dist": 0.012043407195390363, "theta_dist_preproj": 0.012043407195390363, "update_norm": 0.0025036272431098574, "update_seconds": 42.0832488090964, "x0_sat_frac_last": 0.021305418719211825, "x0_sat_frac_mean": 0.06495532834067548}
Processed step 0 of 500
Processed step 10 of 500
Processed step 20 of 500
Processed step 30 of 500
Processed step 40 of 500
Processed step 50 of 500
Processed step 60 of 500
Processed step 70 of 500
Processed step 80 of 500
Processed step 90 of 500
Processed step 100 of 500
Processed step 110 of 500
Processed step 120 of 500
Processed step 130 of 500
Processed step 140 of 500
Processed step 150 of 500
Processed step 160 of 500
Processed step 170 of 500
Processed step 180 of 500
Processed step 190 of 500
Processed step 200 of 500
Processed step 210 of 500
Processed step 220 of 500
Processed step 230 of 500
Processed step 240 of 500
Processed step 250 of 500
Processed step 260 of 500
Processed step 270 of 500
Processed step 280 of 500
Processed step 290 of 500
Processed step 300 of 500
Processed step 310 of 500
Processed step 320 of 500
Processed step 330 of 500
Processed step 340 of 500
Processed step 350 of 500
Processed step 360 of 500
Processed step 370 of 500
Processed step 380 of 500
Processed step 390 of 500
Processed step 400 of 500
Processed step 410 of 500
Processed step 420 of 500
Processed step 430 of 500
Processed step 440 of 500
Processed step 450 of 500
Processed step 460 of 500
Processed step 470 of 500
Processed step 480 of 500
Processed step 490 of 500
[2026-10-10 06:39:30,188][agent.finetune.train_ppo_diffusion_agent][INFO] - approx_kl: 0.0, update_epoch: 0, num_batch: 4
[2026-10-10 06:39:31,945][agent.finetune.train_ppo_diffusion_agent][INFO] - approx_kl: 0.0, update_epoch: 0, num_batch: 4
[2026-10-10 06:39:33,808][agent.finetune.train_ppo_diffusion_agent][INFO] - approx_kl: 0.0, update_epoch: 0, num_batch: 4
[2026-10-10 06:39:35,467][agent.finetune.train_ppo_diffusion_agent][INFO] - approx_kl: 0.0, update_epoch: 0, num_batch: 4
[2026-10-10 06:39:37,220][agent.finetune.train_ppo_diffusion_agent][INFO] - approx_kl: 0.0, update_epoch: 1, num_batch: 4
[2026-10-10 06:39:39,008][agent.finetune.train_ppo_diffusion_agent][INFO] - approx_kl: 0.0, update_epoch: 1, num_batch: 4
[2026-10-10 06:39:40,922][agent.finetune.train_ppo_diffusion_agent][INFO] - approx_kl: 0.0, update_epoch: 1, num_batch: 4
[2026-10-10 06:39:42,590][agent.finetune.train_ppo_diffusion_agent][INFO] - approx_kl: 0.0, update_epoch: 1, num_batch: 4
[2026-10-10 06:39:44,351][agent.finetune.train_ppo_diffusion_agent][INFO] - approx_kl: 0.0, update_epoch: 2, num_batch: 4
[2026-10-10 06:39:46,108][agent.finetune.train_ppo_diffusion_agent][INFO] - approx_kl: 0.0, update_epoch: 2, num_batch: 4
[2026-10-10 06:39:47,952][agent.finetune.train_ppo_diffusion_agent][INFO] - approx_kl: 0.0, update_epoch: 2, num_batch: 4
[2026-10-10 06:39:49,599][agent.finetune.train_ppo_diffusion_agent][INFO] - approx_kl: 0.0, update_epoch: 2, num_batch: 4
[2026-10-10 06:39:51,382][agent.finetune.train_ppo_diffusion_agent][INFO] - approx_kl: 0.0, update_epoch: 3, num_batch: 4
[2026-10-10 06:39:53,146][agent.finetune.train_ppo_diffusion_agent][INFO] - approx_kl: 0.0, update_epoch: 3, num_batch: 4
[2026-10-10 06:39:54,996][agent.finetune.train_ppo_diffusion_agent][INFO] - approx_kl: 0.0, update_epoch: 3, num_batch: 4
[2026-10-10 06:39:56,659][agent.finetune.train_ppo_diffusion_agent][INFO] - approx_kl: 0.0, update_epoch: 3, num_batch: 4
[2026-10-10 06:39:58,409][agent.finetune.train_ppo_diffusion_agent][INFO] - approx_kl: 0.0, update_epoch: 4, num_batch: 4
[2026-10-10 06:40:00,157][agent.finetune.train_ppo_diffusion_agent][INFO] - approx_kl: 0.0, update_epoch: 4, num_batch: 4
[2026-10-10 06:40:02,002][agent.finetune.train_ppo_diffusion_agent][INFO] - approx_kl: 0.0, update_epoch: 4, num_batch: 4
[2026-10-10 06:40:03,669][agent.finetune.train_ppo_diffusion_agent][INFO] - approx_kl: 0.0, update_epoch: 4, num_batch: 4
[2026-10-10 06:40:10,765][agent.finetune.train_ppo_diffusion_agent][INFO] - 33: step  2400000 | loss  -0.4854 | pg loss  -0.5382 | value loss   0.1055 | bc loss   0.0000 | reward 3885.3229 | eta   1.0000 | t: 55.5021 | kl_true_per_action=0.00028762336219742335 | logratio_p99=0.02311498880386336 | clamp_hit_frac=0.0008125 | actor_step_ratio=1.0 | actor_step_clipfrac=0.0
[2026-10-10 06:40:10,765][agent.finetune.stage3_support][INFO] - STAGE3_METRICS {"J_disc_train": 1369.167720166189, "J_disc_train_se": 21.412981300279572, "action_oor_frac": 0.13582291666666665, "adv_raw_mean": -3.637978807091713e-16, "adv_raw_std": 236.98185330119216, "diagnostics_seconds": 0.11765537201426923, "episode_count": 80, "explained_var": 0.48527246713638306, "explained_var_reason": null, "grad_cos_prev": -0.02068188607131834, "grad_cos_prev_reason": null, "grad_norm": 20.575570782291894, "policy_action_oor_frac": 0.13583541666666665, "proj_active": false, "reward_clip_frac": 0.0, "rollout_seconds": 12.925271701999009, "split_diff_sq": 1829.747239360102, "split_dot": -34.08272081309666, "theta_dist": 0.012325442894773785, "theta_dist_preproj": 0.012325442894773785, "update_norm": 0.002491146367992484, "update_seconds": 42.455778818926774, "x0_sat_frac_last": 0.019943914280930855, "x0_sat_frac_mean": 0.06662432135840109}
Processed step 0 of 500
Processed step 10 of 500
Processed step 20 of 500
Processed step 30 of 500
Processed step 40 of 500
Processed step 50 of 500
Processed step 60 of 500
Processed step 70 of 500
Processed step 80 of 500
Processed step 90 of 500
Processed step 100 of 500
Processed step 110 of 500
Processed step 120 of 500
Processed step 130 of 500
Processed step 140 of 500
Processed step 150 of 500
Processed step 160 of 500
Processed step 170 of 500
Processed step 180 of 500
Processed step 190 of 500
Processed step 200 of 500
Processed step 210 of 500
Processed step 220 of 500
Processed step 230 of 500
Processed step 240 of 500
Processed step 250 of 500
Processed step 260 of 500
Processed step 270 of 500
Processed step 280 of 500
Processed step 290 of 500
Processed step 300 of 500
Processed step 310 of 500
Processed step 320 of 500
Processed step 330 of 500
Processed step 340 of 500
Processed step 350 of 500
Processed step 360 of 500
Processed step 370 of 500
Processed step 380 of 500
Processed step 390 of 500
Processed step 400 of 500
Processed step 410 of 500
Processed step 420 of 500
Processed step 430 of 500
Processed step 440 of 500
Processed step 450 of 500
Processed step 460 of 500
Processed step 470 of 500
Processed step 480 of 500
Processed step 490 of 500
[2026-10-10 06:40:26,086][agent.finetune.train_ppo_diffusion_agent][INFO] - approx_kl: 0.0, update_epoch: 0, num_batch: 4
[2026-10-10 06:40:27,964][agent.finetune.train_ppo_diffusion_agent][INFO] - approx_kl: 0.0, update_epoch: 0, num_batch: 4
[2026-10-10 06:40:30,143][agent.finetune.train_ppo_diffusion_agent][INFO] - approx_kl: 0.0, update_epoch: 0, num_batch: 4
[2026-10-10 06:40:31,884][agent.finetune.train_ppo_diffusion_agent][INFO] - approx_kl: 0.0, update_epoch: 0, num_batch: 4
[2026-10-10 06:40:33,788][agent.finetune.train_ppo_diffusion_agent][INFO] - approx_kl: 0.0, update_epoch: 1, num_batch: 4
[2026-10-10 06:40:35,732][agent.finetune.train_ppo_diffusion_agent][INFO] - approx_kl: 0.0, update_epoch: 1, num_batch: 4
[2026-10-10 06:40:37,461][agent.finetune.train_ppo_diffusion_agent][INFO] - approx_kl: 0.0, update_epoch: 1, num_batch: 4
[2026-10-10 06:40:39,287][agent.finetune.train_ppo_diffusion_agent][INFO] - approx_kl: 0.0, update_epoch: 1, num_batch: 4
[2026-10-10 06:40:41,114][agent.finetune.train_ppo_diffusion_agent][INFO] - approx_kl: 0.0, update_epoch: 2, num_batch: 4
[2026-10-10 06:40:43,048][agent.finetune.train_ppo_diffusion_agent][INFO] - approx_kl: 0.0, update_epoch: 2, num_batch: 4
[2026-10-10 06:40:44,755][agent.finetune.train_ppo_diffusion_agent][INFO] - approx_kl: 0.0, update_epoch: 2, num_batch: 4
[2026-10-10 06:40:46,622][agent.finetune.train_ppo_diffusion_agent][INFO] - approx_kl: 0.0, update_epoch: 2, num_batch: 4
[2026-10-10 06:40:48,449][agent.finetune.train_ppo_diffusion_agent][INFO] - approx_kl: 0.0, update_epoch: 3, num_batch: 4
[2026-10-10 06:40:50,374][agent.finetune.train_ppo_diffusion_agent][INFO] - approx_kl: 0.0, update_epoch: 3, num_batch: 4
[2026-10-10 06:40:52,105][agent.finetune.train_ppo_diffusion_agent][INFO] - approx_kl: 0.0, update_epoch: 3, num_batch: 4
[2026-10-10 06:40:53,947][agent.finetune.train_ppo_diffusion_agent][INFO] - approx_kl: 0.0, update_epoch: 3, num_batch: 4
[2026-10-10 06:40:55,776][agent.finetune.train_ppo_diffusion_agent][INFO] - approx_kl: 0.0, update_epoch: 4, num_batch: 4
[2026-10-10 06:40:57,672][agent.finetune.train_ppo_diffusion_agent][INFO] - approx_kl: 0.0, update_epoch: 4, num_batch: 4
[2026-10-10 06:40:59,385][agent.finetune.train_ppo_diffusion_agent][INFO] - approx_kl: 0.0, update_epoch: 4, num_batch: 4
[2026-10-10 06:41:01,181][agent.finetune.train_ppo_diffusion_agent][INFO] - approx_kl: 0.0, update_epoch: 4, num_batch: 4
[2026-10-10 06:41:08,531][agent.finetune.train_ppo_diffusion_agent][INFO] - 34: step  2480000 | loss  -0.2986 | pg loss  -0.3518 | value loss   0.1064 | bc loss   0.0000 | reward 3858.5683 | eta   1.0000 | t: 57.7664 | kl_true_per_action=0.00035809344166278575 | logratio_p99=0.025706294775009134 | clamp_hit_frac=0.00075 | actor_step_ratio=1.0 | actor_step_clipfrac=0.0
[2026-10-10 06:41:08,532][agent.finetune.stage3_support][INFO] - STAGE3_METRICS {"J_disc_train": 1368.1802835396297, "J_disc_train_se": 26.647358080775746, "action_oor_frac": 0.13522708333333333, "adv_raw_mean": 3.5652192309498786e-14, "adv_raw_std": 273.5701073143431, "diagnostics_seconds": 0.13069667306263, "episode_count": 80, "explained_var": 0.5279378890991211, "explained_var_reason": null, "grad_cos_prev": 0.07671757300202076, "grad_cos_prev_reason": null, "grad_norm": 24.118113538677694, "policy_action_oor_frac": 0.13525208333333333, "proj_active": false, "reward_clip_frac": 0.0, "rollout_seconds": 12.986883110017516, "split_diff_sq": 2627.491393210967, "split_dot": -75.18945653907863, "theta_dist": 0.01274259273583866, "theta_dist_preproj": 0.01274259273583866, "update_norm": 0.0029200385980137247, "update_seconds": 44.64497187291272, "x0_sat_frac_last": 0.01871308016877637, "x0_sat_frac_mean": 0.0650970640694908}
Processed step 0 of 500
Processed step 10 of 500
Processed step 20 of 500
Processed step 30 of 500
Processed step 40 of 500
Processed step 50 of 500
Processed step 60 of 500
Processed step 70 of 500
Processed step 80 of 500
Processed step 90 of 500
Processed step 100 of 500
Processed step 110 of 500
Processed step 120 of 500
Processed step 130 of 500
Processed step 140 of 500
Processed step 150 of 500
Processed step 160 of 500
Processed step 170 of 500
Processed step 180 of 500
Processed step 190 of 500
Processed step 200 of 500
Processed step 210 of 500
Processed step 220 of 500
Processed step 230 of 500
Processed step 240 of 500
Processed step 250 of 500
Processed step 260 of 500
Processed step 270 of 500
Processed step 280 of 500
Processed step 290 of 500
Processed step 300 of 500
Processed step 310 of 500
Processed step 320 of 500
Processed step 330 of 500
Processed step 340 of 500
Processed step 350 of 500
Processed step 360 of 500
Processed step 370 of 500
Processed step 380 of 500
Processed step 390 of 500
Processed step 400 of 500
Processed step 410 of 500
Processed step 420 of 500
Processed step 430 of 500
Processed step 440 of 500
Processed step 450 of 500
Processed step 460 of 500
Processed step 470 of 500
Processed step 480 of 500
Processed step 490 of 500
[2026-10-10 06:41:23,672][agent.finetune.train_ppo_diffusion_agent][INFO] - approx_kl: 0.0, update_epoch: 0, num_batch: 4
[2026-10-10 06:41:25,607][agent.finetune.train_ppo_diffusion_agent][INFO] - approx_kl: 0.0, update_epoch: 0, num_batch: 4
[2026-10-10 06:41:27,335][agent.finetune.train_ppo_diffusion_agent][INFO] - approx_kl: 0.0, update_epoch: 0, num_batch: 4
[2026-10-10 06:41:29,172][agent.finetune.train_ppo_diffusion_agent][INFO] - approx_kl: 0.0, update_epoch: 0, num_batch: 4
[2026-10-10 06:41:30,999][agent.finetune.train_ppo_diffusion_agent][INFO] - approx_kl: 0.0, update_epoch: 1, num_batch: 4
[2026-10-10 06:41:32,984][agent.finetune.train_ppo_diffusion_agent][INFO] - approx_kl: 0.0, update_epoch: 1, num_batch: 4
[2026-10-10 06:41:34,707][agent.finetune.train_ppo_diffusion_agent][INFO] - approx_kl: 0.0, update_epoch: 1, num_batch: 4
[2026-10-10 06:41:36,532][agent.finetune.train_ppo_diffusion_agent][INFO] - approx_kl: 0.0, update_epoch: 1, num_batch: 4
[2026-10-10 06:41:38,364][agent.finetune.train_ppo_diffusion_agent][INFO] - approx_kl: 0.0, update_epoch: 2, num_batch: 4
[2026-10-10 06:41:40,292][agent.finetune.train_ppo_diffusion_agent][INFO] - approx_kl: 0.0, update_epoch: 2, num_batch: 4
[2026-10-10 06:41:42,017][agent.finetune.train_ppo_diffusion_agent][INFO] - approx_kl: 0.0, update_epoch: 2, num_batch: 4
[2026-10-10 06:41:43,848][agent.finetune.train_ppo_diffusion_agent][INFO] - approx_kl: 0.0, update_epoch: 2, num_batch: 4
[2026-10-10 06:41:45,740][agent.finetune.train_ppo_diffusion_agent][INFO] - approx_kl: 0.0, update_epoch: 3, num_batch: 4
[2026-10-10 06:41:47,678][agent.finetune.train_ppo_diffusion_agent][INFO] - approx_kl: 0.0, update_epoch: 3, num_batch: 4
[2026-10-10 06:41:49,408][agent.finetune.train_ppo_diffusion_agent][INFO] - approx_kl: 0.0, update_epoch: 3, num_batch: 4
[2026-10-10 06:41:51,209][agent.finetune.train_ppo_diffusion_agent][INFO] - approx_kl: 0.0, update_epoch: 3, num_batch: 4
[2026-10-10 06:41:53,040][agent.finetune.train_ppo_diffusion_agent][INFO] - approx_kl: 0.0, update_epoch: 4, num_batch: 4
[2026-10-10 06:41:54,974][agent.finetune.train_ppo_diffusion_agent][INFO] - approx_kl: 0.0, update_epoch: 4, num_batch: 4
[2026-10-10 06:41:56,687][agent.finetune.train_ppo_diffusion_agent][INFO] - approx_kl: 0.0, update_epoch: 4, num_batch: 4
[2026-10-10 06:41:58,544][agent.finetune.train_ppo_diffusion_agent][INFO] - approx_kl: 0.0, update_epoch: 4, num_batch: 4
[2026-10-10 06:42:05,932][agent.finetune.train_agent][INFO] - Saved model to /soalnas/share/data/zbao7/diffusion_policy/results/stage3/SGD1_seed0/checkpoint/state_35.pt
[2026-10-10 06:42:05,933][agent.finetune.train_ppo_diffusion_agent][INFO] - 35: step  2560000 | loss   1.1368 | pg loss   1.0842 | value loss   0.1052 | bc loss   0.0000 | reward 3892.1160 | eta   1.0000 | t: 57.4015 | kl_true_per_action=0.0006886065009414134 | logratio_p99=0.0434607970714569 | clamp_hit_frac=0.0007916666666666666 | actor_step_ratio=1.0 | actor_step_clipfrac=0.0
[2026-10-10 06:42:05,933][agent.finetune.stage3_support][INFO] - STAGE3_METRICS {"J_disc_train": 1382.4128205058862, "J_disc_train_se": 23.39514127115074, "action_oor_frac": 0.13629375, "adv_raw_mean": -2.1100277081131934e-14, "adv_raw_std": 258.31619756282396, "diagnostics_seconds": 0.11852200189605355, "episode_count": 80, "explained_var": 0.5469357967376709, "explained_var_reason": null, "grad_cos_prev": 0.022093714521883728, "grad_cos_prev_reason": null, "grad_norm": 22.403984359195377, "policy_action_oor_frac": 0.13631875, "proj_active": false, "reward_clip_frac": 0.0, "rollout_seconds": 13.084391745971516, "split_diff_sq": 1850.4129507322755, "split_dot": 39.335262580290866, "theta_dist": 0.01311430406772756, "theta_dist_preproj": 0.01311430406772756, "update_norm": 0.002712503087997228, "update_seconds": 44.173645269009285, "x0_sat_frac_last": 0.018591641987495886, "x0_sat_frac_mean": 0.06646925799482885}
Processed step 0 of 500
Processed step 10 of 500
Processed step 20 of 500
Processed step 30 of 500
Processed step 40 of 500
Processed step 50 of 500
Processed step 60 of 500
Processed step 70 of 500
Processed step 80 of 500
Processed step 90 of 500
Processed step 100 of 500
Processed step 110 of 500
Processed step 120 of 500
Processed step 130 of 500
Processed step 140 of 500
Processed step 150 of 500
Processed step 160 of 500
Processed step 170 of 500
Processed step 180 of 500
Processed step 190 of 500
Processed step 200 of 500
Processed step 210 of 500
Processed step 220 of 500
Processed step 230 of 500
Processed step 240 of 500
Processed step 250 of 500
Processed step 260 of 500
Processed step 270 of 500
Processed step 280 of 500
Processed step 290 of 500
Processed step 300 of 500
Processed step 310 of 500
Processed step 320 of 500
Processed step 330 of 500
Processed step 340 of 500
Processed step 350 of 500
Processed step 360 of 500
Processed step 370 of 500
Processed step 380 of 500
Processed step 390 of 500
Processed step 400 of 500
Processed step 410 of 500
Processed step 420 of 500
Processed step 430 of 500
Processed step 440 of 500
Processed step 450 of 500
Processed step 460 of 500
Processed step 470 of 500
Processed step 480 of 500
Processed step 490 of 500
[2026-10-10 06:42:20,981][agent.finetune.train_ppo_diffusion_agent][INFO] - approx_kl: 0.0, update_epoch: 0, num_batch: 4
[2026-10-10 06:42:22,920][agent.finetune.train_ppo_diffusion_agent][INFO] - approx_kl: 0.0, update_epoch: 0, num_batch: 4
[2026-10-10 06:42:24,653][agent.finetune.train_ppo_diffusion_agent][INFO] - approx_kl: 0.0, update_epoch: 0, num_batch: 4
[2026-10-10 06:42:26,487][agent.finetune.train_ppo_diffusion_agent][INFO] - approx_kl: 0.0, update_epoch: 0, num_batch: 4
[2026-10-10 06:42:28,320][agent.finetune.train_ppo_diffusion_agent][INFO] - approx_kl: 0.0, update_epoch: 1, num_batch: 4
[2026-10-10 06:42:30,328][agent.finetune.train_ppo_diffusion_agent][INFO] - approx_kl: 0.0, update_epoch: 1, num_batch: 4
[2026-10-10 06:42:32,066][agent.finetune.train_ppo_diffusion_agent][INFO] - approx_kl: 0.0, update_epoch: 1, num_batch: 4
[2026-10-10 06:42:33,902][agent.finetune.train_ppo_diffusion_agent][INFO] - approx_kl: 0.0, update_epoch: 1, num_batch: 4
[2026-10-10 06:42:35,753][agent.finetune.train_ppo_diffusion_agent][INFO] - approx_kl: 0.0, update_epoch: 2, num_batch: 4
[2026-10-10 06:42:37,699][agent.finetune.train_ppo_diffusion_agent][INFO] - approx_kl: 0.0, update_epoch: 2, num_batch: 4
[2026-10-10 06:42:39,432][agent.finetune.train_ppo_diffusion_agent][INFO] - approx_kl: 0.0, update_epoch: 2, num_batch: 4
[2026-10-10 06:42:41,297][agent.finetune.train_ppo_diffusion_agent][INFO] - approx_kl: 0.0, update_epoch: 2, num_batch: 4
[2026-10-10 06:42:43,167][agent.finetune.train_ppo_diffusion_agent][INFO] - approx_kl: 0.0, update_epoch: 3, num_batch: 4
[2026-10-10 06:42:45,114][agent.finetune.train_ppo_diffusion_agent][INFO] - approx_kl: 0.0, update_epoch: 3, num_batch: 4
[2026-10-10 06:42:46,841][agent.finetune.train_ppo_diffusion_agent][INFO] - approx_kl: 0.0, update_epoch: 3, num_batch: 4
[2026-10-10 06:42:48,639][agent.finetune.train_ppo_diffusion_agent][INFO] - approx_kl: 0.0, update_epoch: 3, num_batch: 4
[2026-10-10 06:42:50,470][agent.finetune.train_ppo_diffusion_agent][INFO] - approx_kl: 0.0, update_epoch: 4, num_batch: 4
[2026-10-10 06:42:52,407][agent.finetune.train_ppo_diffusion_agent][INFO] - approx_kl: 0.0, update_epoch: 4, num_batch: 4
[2026-10-10 06:42:54,156][agent.finetune.train_ppo_diffusion_agent][INFO] - approx_kl: 0.0, update_epoch: 4, num_batch: 4
[2026-10-10 06:42:56,041][agent.finetune.train_ppo_diffusion_agent][INFO] - approx_kl: 0.0, update_epoch: 4, num_batch: 4
[2026-10-10 06:43:03,421][agent.finetune.train_ppo_diffusion_agent][INFO] - 36: step  2640000 | loss  -1.7406 | pg loss  -1.7943 | value loss   0.1073 | bc loss   0.0000 | reward 3851.7782 | eta   1.0000 | t: 57.4883 | kl_true_per_action=0.0007463720625006791 | logratio_p99=0.04233706831932062 | clamp_hit_frac=0.0008270833333333333 | actor_step_ratio=1.0 | actor_step_clipfrac=0.0
[2026-10-10 06:43:03,421][agent.finetune.stage3_support][INFO] - STAGE3_METRICS {"J_disc_train": 1388.9673269759976, "J_disc_train_se": 22.26153984099913, "action_oor_frac": 0.133775, "adv_raw_mean": -3.637978807091713e-15, "adv_raw_std": 279.87754586204744, "diagnostics_seconds": 0.11626778717618436, "episode_count": 80, "explained_var": 0.5388593673706055, "explained_var_reason": null, "grad_cos_prev": -0.02258228430652493, "grad_cos_prev_reason": null, "grad_norm": 23.69328836210605, "policy_action_oor_frac": 0.13379791666666666, "proj_active": false, "reward_clip_frac": 0.0, "rollout_seconds": 13.008076215046458, "split_diff_sq": 2310.8178169995185, "split_dot": -16.332522740019673, "theta_dist": 0.013325778426627577, "theta_dist_preproj": 0.013325778426627577, "update_norm": 0.002868610746587648, "update_seconds": 44.3612388598267, "x0_sat_frac_last": 0.01648785761809714, "x0_sat_frac_mean": 0.06500346716286791}
Processed step 0 of 500
Processed step 10 of 500
Processed step 20 of 500
Processed step 30 of 500
Processed step 40 of 500
Processed step 50 of 500
Processed step 60 of 500
Processed step 70 of 500
Processed step 80 of 500
Processed step 90 of 500
Processed step 100 of 500
Processed step 110 of 500
Processed step 120 of 500
Processed step 130 of 500
Processed step 140 of 500
Processed step 150 of 500
Processed step 160 of 500
Processed step 170 of 500
Processed step 180 of 500
Processed step 190 of 500
Processed step 200 of 500
Processed step 210 of 500
Processed step 220 of 500
Processed step 230 of 500
Processed step 240 of 500
Processed step 250 of 500
Processed step 260 of 500
Processed step 270 of 500
Processed step 280 of 500
Processed step 290 of 500
Processed step 300 of 500
Processed step 310 of 500
Processed step 320 of 500
Processed step 330 of 500
Processed step 340 of 500
Processed step 350 of 500
Processed step 360 of 500
Processed step 370 of 500
Processed step 380 of 500
Processed step 390 of 500
Processed step 400 of 500
Processed step 410 of 500
Processed step 420 of 500
Processed step 430 of 500
Processed step 440 of 500
Processed step 450 of 500
Processed step 460 of 500
Processed step 470 of 500
Processed step 480 of 500
Processed step 490 of 500
[2026-10-10 06:43:18,593][agent.finetune.train_ppo_diffusion_agent][INFO] - approx_kl: 0.0, update_epoch: 0, num_batch: 4
[2026-10-10 06:43:20,507][agent.finetune.train_ppo_diffusion_agent][INFO] - approx_kl: 0.0, update_epoch: 0, num_batch: 4
[2026-10-10 06:43:22,230][agent.finetune.train_ppo_diffusion_agent][INFO] - approx_kl: 0.0, update_epoch: 0, num_batch: 4
[2026-10-10 06:43:24,072][agent.finetune.train_ppo_diffusion_agent][INFO] - approx_kl: 0.0, update_epoch: 0, num_batch: 4
[2026-10-10 06:43:25,914][agent.finetune.train_ppo_diffusion_agent][INFO] - approx_kl: 0.0, update_epoch: 1, num_batch: 4
[2026-10-10 06:43:27,920][agent.finetune.train_ppo_diffusion_agent][INFO] - approx_kl: 0.0, update_epoch: 1, num_batch: 4
[2026-10-10 06:43:29,668][agent.finetune.train_ppo_diffusion_agent][INFO] - approx_kl: 0.0, update_epoch: 1, num_batch: 4
[2026-10-10 06:43:31,505][agent.finetune.train_ppo_diffusion_agent][INFO] - approx_kl: 0.0, update_epoch: 1, num_batch: 4
[2026-10-10 06:43:33,338][agent.finetune.train_ppo_diffusion_agent][INFO] - approx_kl: 0.0, update_epoch: 2, num_batch: 4
[2026-10-10 06:43:35,278][agent.finetune.train_ppo_diffusion_agent][INFO] - approx_kl: 0.0, update_epoch: 2, num_batch: 4
[2026-10-10 06:43:37,025][agent.finetune.train_ppo_diffusion_agent][INFO] - approx_kl: 0.0, update_epoch: 2, num_batch: 4
[2026-10-10 06:43:38,880][agent.finetune.train_ppo_diffusion_agent][INFO] - approx_kl: 0.0, update_epoch: 2, num_batch: 4
[2026-10-10 06:43:40,789][agent.finetune.train_ppo_diffusion_agent][INFO] - approx_kl: 0.0, update_epoch: 3, num_batch: 4
[2026-10-10 06:43:42,735][agent.finetune.train_ppo_diffusion_agent][INFO] - approx_kl: 0.0, update_epoch: 3, num_batch: 4
[2026-10-10 06:43:44,474][agent.finetune.train_ppo_diffusion_agent][INFO] - approx_kl: 0.0, update_epoch: 3, num_batch: 4
[2026-10-10 06:43:46,314][agent.finetune.train_ppo_diffusion_agent][INFO] - approx_kl: 0.0, update_epoch: 3, num_batch: 4
[2026-10-10 06:43:48,148][agent.finetune.train_ppo_diffusion_agent][INFO] - approx_kl: 0.0, update_epoch: 4, num_batch: 4
[2026-10-10 06:43:50,090][agent.finetune.train_ppo_diffusion_agent][INFO] - approx_kl: 0.0, update_epoch: 4, num_batch: 4
[2026-10-10 06:43:51,843][agent.finetune.train_ppo_diffusion_agent][INFO] - approx_kl: 0.0, update_epoch: 4, num_batch: 4
[2026-10-10 06:43:53,742][agent.finetune.train_ppo_diffusion_agent][INFO] - approx_kl: 0.0, update_epoch: 4, num_batch: 4
[2026-10-10 06:44:01,156][agent.finetune.train_ppo_diffusion_agent][INFO] - 37: step  2720000 | loss   0.6291 | pg loss   0.5758 | value loss   0.1065 | bc loss   0.0000 | reward 3978.5483 | eta   1.0000 | t: 57.7351 | kl_true_per_action=0.00044342658429965767 | logratio_p99=0.03285361230373363 | clamp_hit_frac=0.0007875 | actor_step_ratio=1.0 | actor_step_clipfrac=0.0
[2026-10-10 06:44:01,156][agent.finetune.stage3_support][INFO] - STAGE3_METRICS {"J_disc_train": 1417.9610958764786, "J_disc_train_se": 19.970386348921593, "action_oor_frac": 0.13604375, "adv_raw_mean": 1.6007106751203538e-14, "adv_raw_std": 237.04328100282424, "diagnostics_seconds": 0.11879432387650013, "episode_count": 80, "explained_var": 0.4726242423057556, "explained_var_reason": null, "grad_cos_prev": -0.022152180637653243, "grad_cos_prev_reason": null, "grad_norm": 20.50542306132276, "policy_action_oor_frac": 0.13607708333333332, "proj_active": false, "reward_clip_frac": 0.0, "rollout_seconds": 13.092728226911277, "split_diff_sq": 1552.4133067424639, "split_dot": 32.36905558988205, "theta_dist": 0.013754719647010914, "theta_dist_preproj": 0.013754719647010914, "update_norm": 0.0024826387755052443, "update_seconds": 44.51924184395466, "x0_sat_frac_last": 0.01711010709504685, "x0_sat_frac_mean": 0.06648678141519443}
Processed step 0 of 500
Processed step 10 of 500
Processed step 20 of 500
Processed step 30 of 500
Processed step 40 of 500
Processed step 50 of 500
Processed step 60 of 500
Processed step 70 of 500
Processed step 80 of 500
Processed step 90 of 500
Processed step 100 of 500
Processed step 110 of 500
Processed step 120 of 500
Processed step 130 of 500
Processed step 140 of 500
Processed step 150 of 500
Processed step 160 of 500
Processed step 170 of 500
Processed step 180 of 500
Processed step 190 of 500
Processed step 200 of 500
Processed step 210 of 500
Processed step 220 of 500
Processed step 230 of 500
Processed step 240 of 500
Processed step 250 of 500
Processed step 260 of 500
Processed step 270 of 500
Processed step 280 of 500
Processed step 290 of 500
Processed step 300 of 500
Processed step 310 of 500
Processed step 320 of 500
Processed step 330 of 500
Processed step 340 of 500
Processed step 350 of 500
Processed step 360 of 500
Processed step 370 of 500
Processed step 380 of 500
Processed step 390 of 500
Processed step 400 of 500
Processed step 410 of 500
Processed step 420 of 500
Processed step 430 of 500
Processed step 440 of 500
Processed step 450 of 500
Processed step 460 of 500
Processed step 470 of 500
Processed step 480 of 500
Processed step 490 of 500
[2026-10-10 06:44:16,388][agent.finetune.train_ppo_diffusion_agent][INFO] - approx_kl: 0.0, update_epoch: 0, num_batch: 4
[2026-10-10 06:44:18,119][agent.finetune.train_ppo_diffusion_agent][INFO] - approx_kl: 0.0, update_epoch: 0, num_batch: 4
[2026-10-10 06:44:19,928][agent.finetune.train_ppo_diffusion_agent][INFO] - approx_kl: 0.0, update_epoch: 0, num_batch: 4
[2026-10-10 06:44:21,750][agent.finetune.train_ppo_diffusion_agent][INFO] - approx_kl: 0.0, update_epoch: 0, num_batch: 4
[2026-10-10 06:44:23,754][agent.finetune.train_ppo_diffusion_agent][INFO] - approx_kl: 0.0, update_epoch: 1, num_batch: 4
[2026-10-10 06:44:25,633][agent.finetune.train_ppo_diffusion_agent][INFO] - approx_kl: 0.0, update_epoch: 1, num_batch: 4
[2026-10-10 06:44:27,556][agent.finetune.train_ppo_diffusion_agent][INFO] - approx_kl: 0.0, update_epoch: 1, num_batch: 4
[2026-10-10 06:44:29,442][agent.finetune.train_ppo_diffusion_agent][INFO] - approx_kl: 0.0, update_epoch: 1, num_batch: 4
[2026-10-10 06:44:31,459][agent.finetune.train_ppo_diffusion_agent][INFO] - approx_kl: 0.0, update_epoch: 2, num_batch: 4
[2026-10-10 06:44:33,276][agent.finetune.train_ppo_diffusion_agent][INFO] - approx_kl: 0.0, update_epoch: 2, num_batch: 4
[2026-10-10 06:44:35,192][agent.finetune.train_ppo_diffusion_agent][INFO] - approx_kl: 0.0, update_epoch: 2, num_batch: 4
[2026-10-10 06:44:37,202][agent.finetune.train_ppo_diffusion_agent][INFO] - approx_kl: 0.0, update_epoch: 2, num_batch: 4
[2026-10-10 06:44:39,224][agent.finetune.train_ppo_diffusion_agent][INFO] - approx_kl: 0.0, update_epoch: 3, num_batch: 4
[2026-10-10 06:44:41,074][agent.finetune.train_ppo_diffusion_agent][INFO] - approx_kl: 0.0, update_epoch: 3, num_batch: 4
[2026-10-10 06:44:42,926][agent.finetune.train_ppo_diffusion_agent][INFO] - approx_kl: 0.0, update_epoch: 3, num_batch: 4
[2026-10-10 06:44:44,761][agent.finetune.train_ppo_diffusion_agent][INFO] - approx_kl: 0.0, update_epoch: 3, num_batch: 4
[2026-10-10 06:44:46,712][agent.finetune.train_ppo_diffusion_agent][INFO] - approx_kl: 0.0, update_epoch: 4, num_batch: 4
[2026-10-10 06:44:48,483][agent.finetune.train_ppo_diffusion_agent][INFO] - approx_kl: 0.0, update_epoch: 4, num_batch: 4
[2026-10-10 06:44:50,364][agent.finetune.train_ppo_diffusion_agent][INFO] - approx_kl: 0.0, update_epoch: 4, num_batch: 4
[2026-10-10 06:44:52,126][agent.finetune.train_ppo_diffusion_agent][INFO] - approx_kl: 0.0, update_epoch: 4, num_batch: 4
[2026-10-10 06:44:59,471][agent.finetune.train_ppo_diffusion_agent][INFO] - 38: step  2800000 | loss  -0.9554 | pg loss  -1.0077 | value loss   0.1046 | bc loss   0.0000 | reward 3990.5925 | eta   1.0000 | t: 58.3147 | kl_true_per_action=0.0038378265523887614 | logratio_p99=0.05369535744190212 | clamp_hit_frac=0.0007645833333333334 | actor_step_ratio=1.0 | actor_step_clipfrac=0.0
[2026-10-10 06:44:59,471][agent.finetune.stage3_support][INFO] - STAGE3_METRICS {"J_disc_train": 1406.790494337616, "J_disc_train_se": 26.291152345623445, "action_oor_frac": 0.13871458333333334, "adv_raw_mean": -2.1827872842550276e-15, "adv_raw_std": 240.154900066164, "diagnostics_seconds": 0.12121807795483619, "episode_count": 80, "explained_var": 0.3792394995689392, "explained_var_reason": null, "grad_cos_prev": -0.026450635389208086, "grad_cos_prev_reason": null, "grad_norm": 35.719753413221774, "policy_action_oor_frac": 0.13873541666666667, "proj_active": false, "reward_clip_frac": 0.0, "rollout_seconds": 13.019225168973207, "split_diff_sq": 4828.287150938385, "split_dot": 68.8290036268325, "theta_dist": 0.014293129205923624, "theta_dist_preproj": 0.014293129205923624, "update_norm": 0.004324682727560547, "update_seconds": 45.17009166511707, "x0_sat_frac_last": 0.020916087388282028, "x0_sat_frac_mean": 0.06928010071778141}
Processed step 0 of 500
Processed step 10 of 500
Processed step 20 of 500
Processed step 30 of 500
Processed step 40 of 500
Processed step 50 of 500
Processed step 60 of 500
Processed step 70 of 500
Processed step 80 of 500
Processed step 90 of 500
Processed step 100 of 500
Processed step 110 of 500
Processed step 120 of 500
Processed step 130 of 500
Processed step 140 of 500
Processed step 150 of 500
Processed step 160 of 500
Processed step 170 of 500
Processed step 180 of 500
Processed step 190 of 500
Processed step 200 of 500
Processed step 210 of 500
Processed step 220 of 500
Processed step 230 of 500
Processed step 240 of 500
Processed step 250 of 500
Processed step 260 of 500
Processed step 270 of 500
Processed step 280 of 500
Processed step 290 of 500
Processed step 300 of 500
Processed step 310 of 500
Processed step 320 of 500
Processed step 330 of 500
Processed step 340 of 500
Processed step 350 of 500
Processed step 360 of 500
Processed step 370 of 500
Processed step 380 of 500
Processed step 390 of 500
Processed step 400 of 500
Processed step 410 of 500
Processed step 420 of 500
Processed step 430 of 500
Processed step 440 of 500
Processed step 450 of 500
Processed step 460 of 500
Processed step 470 of 500
Processed step 480 of 500
Processed step 490 of 500
[2026-10-10 06:45:14,730][agent.finetune.train_ppo_diffusion_agent][INFO] - approx_kl: 0.0, update_epoch: 0, num_batch: 4
[2026-10-10 06:45:16,416][agent.finetune.train_ppo_diffusion_agent][INFO] - approx_kl: 0.0, update_epoch: 0, num_batch: 4
[2026-10-10 06:45:18,196][agent.finetune.train_ppo_diffusion_agent][INFO] - approx_kl: 0.0, update_epoch: 0, num_batch: 4
[2026-10-10 06:45:20,015][agent.finetune.train_ppo_diffusion_agent][INFO] - approx_kl: 0.0, update_epoch: 0, num_batch: 4
[2026-10-10 06:45:21,972][agent.finetune.train_ppo_diffusion_agent][INFO] - approx_kl: 0.0, update_epoch: 1, num_batch: 4
[2026-10-10 06:45:23,776][agent.finetune.train_ppo_diffusion_agent][INFO] - approx_kl: 0.0, update_epoch: 1, num_batch: 4
[2026-10-10 06:45:25,595][agent.finetune.train_ppo_diffusion_agent][INFO] - approx_kl: 0.0, update_epoch: 1, num_batch: 4
[2026-10-10 06:45:27,393][agent.finetune.train_ppo_diffusion_agent][INFO] - approx_kl: 0.0, update_epoch: 1, num_batch: 4
[2026-10-10 06:45:29,288][agent.finetune.train_ppo_diffusion_agent][INFO] - approx_kl: 0.0, update_epoch: 2, num_batch: 4
[2026-10-10 06:45:30,957][agent.finetune.train_ppo_diffusion_agent][INFO] - approx_kl: 0.0, update_epoch: 2, num_batch: 4
[2026-10-10 06:45:32,722][agent.finetune.train_ppo_diffusion_agent][INFO] - approx_kl: 0.0, update_epoch: 2, num_batch: 4
[2026-10-10 06:45:34,510][agent.finetune.train_ppo_diffusion_agent][INFO] - approx_kl: 0.0, update_epoch: 2, num_batch: 4
[2026-10-10 06:45:36,571][agent.finetune.train_ppo_diffusion_agent][INFO] - approx_kl: 0.0, update_epoch: 3, num_batch: 4
[2026-10-10 06:45:38,222][agent.finetune.train_ppo_diffusion_agent][INFO] - approx_kl: 0.0, update_epoch: 3, num_batch: 4
[2026-10-10 06:45:39,962][agent.finetune.train_ppo_diffusion_agent][INFO] - approx_kl: 0.0, update_epoch: 3, num_batch: 4
[2026-10-10 06:45:41,708][agent.finetune.train_ppo_diffusion_agent][INFO] - approx_kl: 0.0, update_epoch: 3, num_batch: 4
[2026-10-10 06:45:43,558][agent.finetune.train_ppo_diffusion_agent][INFO] - approx_kl: 0.0, update_epoch: 4, num_batch: 4
[2026-10-10 06:45:45,205][agent.finetune.train_ppo_diffusion_agent][INFO] - approx_kl: 0.0, update_epoch: 4, num_batch: 4
[2026-10-10 06:45:46,931][agent.finetune.train_ppo_diffusion_agent][INFO] - approx_kl: 0.0, update_epoch: 4, num_batch: 4
[2026-10-10 06:45:48,689][agent.finetune.train_ppo_diffusion_agent][INFO] - approx_kl: 0.0, update_epoch: 4, num_batch: 4
[2026-10-10 06:45:55,703][agent.finetune.train_ppo_diffusion_agent][INFO] - 39: step  2880000 | loss  -0.4569 | pg loss  -0.5111 | value loss   0.1085 | bc loss   0.0000 | reward 3902.4221 | eta   1.0000 | t: 56.2320 | kl_true_per_action=0.00027122816599972724 | logratio_p99=0.022390099763870207 | clamp_hit_frac=0.0008125 | actor_step_ratio=1.0 | actor_step_clipfrac=0.0
[2026-10-10 06:45:55,703][agent.finetune.stage3_support][INFO] - STAGE3_METRICS {"J_disc_train": 1400.0333567809332, "J_disc_train_se": 23.172731351088892, "action_oor_frac": 0.13541458333333334, "adv_raw_mean": 2.9103830456733705e-15, "adv_raw_std": 272.2222945639004, "diagnostics_seconds": 0.1260423669591546, "episode_count": 80, "explained_var": 0.5347941219806671, "explained_var_reason": null, "grad_cos_prev": 0.05723091672964945, "grad_cos_prev_reason": null, "grad_norm": 22.12974046406262, "policy_action_oor_frac": 0.13543541666666667, "proj_active": false, "reward_clip_frac": 0.0, "rollout_seconds": 12.916382552008145, "split_diff_sq": 1932.7672945247755, "split_dot": 6.533593771945399, "theta_dist": 0.014595467614293263, "theta_dist_preproj": 0.014595467614293263, "update_norm": 0.002679311003187487, "update_seconds": 43.18296780111268, "x0_sat_frac_last": 0.01912115024672452, "x0_sat_frac_mean": 0.06567042600115384}
Processed step 0 of 500
Processed step 10 of 500
Processed step 20 of 500
Processed step 30 of 500
Processed step 40 of 500
Processed step 50 of 500
Processed step 60 of 500
Processed step 70 of 500
Processed step 80 of 500
Processed step 90 of 500
Processed step 100 of 500
Processed step 110 of 500
Processed step 120 of 500
Processed step 130 of 500
Processed step 140 of 500
Processed step 150 of 500
Processed step 160 of 500
Processed step 170 of 500
Processed step 180 of 500
Processed step 190 of 500
Processed step 200 of 500
Processed step 210 of 500
Processed step 220 of 500
Processed step 230 of 500
Processed step 240 of 500
Processed step 250 of 500
Processed step 260 of 500
Processed step 270 of 500
Processed step 280 of 500
Processed step 290 of 500
Processed step 300 of 500
Processed step 310 of 500
Processed step 320 of 500
Processed step 330 of 500
Processed step 340 of 500
Processed step 350 of 500
Processed step 360 of 500
Processed step 370 of 500
Processed step 380 of 500
Processed step 390 of 500
Processed step 400 of 500
Processed step 410 of 500
Processed step 420 of 500
Processed step 430 of 500
Processed step 440 of 500
Processed step 450 of 500
Processed step 460 of 500
Processed step 470 of 500
Processed step 480 of 500
Processed step 490 of 500
[2026-10-10 06:46:08,562][agent.finetune.train_ppo_diffusion_agent][INFO] - eval: success rate   1.0000 | avg episode reward 4312.3527 | avg best reward   6.4394
[2026-10-10 06:46:08,562][agent.finetune.stage3_support][INFO] - STAGE3_METRICS {"J_disc_eval": 1505.7664193308415, "J_disc_eval_se": 16.874169240623456, "action_oor_frac": 0.0, "diagnostics_seconds": 0.0067048369674012065, "episode_count": 80, "policy_action_oor_frac": 0.0, "rollout_seconds": 12.847816154942848, "update_seconds": 0.0}
Processed step 0 of 500
Processed step 10 of 500
Processed step 20 of 500
Processed step 30 of 500
Processed step 40 of 500
Processed step 50 of 500
Processed step 60 of 500
Processed step 70 of 500
Processed step 80 of 500
Processed step 90 of 500
Processed step 100 of 500
Processed step 110 of 500
Processed step 120 of 500
Processed step 130 of 500
Processed step 140 of 500
Processed step 150 of 500
Processed step 160 of 500
Processed step 170 of 500
Processed step 180 of 500
Processed step 190 of 500
Processed step 200 of 500
Processed step 210 of 500
Processed step 220 of 500
Processed step 230 of 500
Processed step 240 of 500
Processed step 250 of 500
Processed step 260 of 500
Processed step 270 of 500
Processed step 280 of 500
Processed step 290 of 500
Processed step 300 of 500
Processed step 310 of 500
Processed step 320 of 500
Processed step 330 of 500
Processed step 340 of 500
Processed step 350 of 500
Processed step 360 of 500
Processed step 370 of 500
Processed step 380 of 500
Processed step 390 of 500
Processed step 400 of 500
Processed step 410 of 500
Processed step 420 of 500
Processed step 430 of 500
Processed step 440 of 500
Processed step 450 of 500
Processed step 460 of 500
Processed step 470 of 500
Processed step 480 of 500
Processed step 490 of 500
[2026-10-10 06:46:23,642][agent.finetune.train_ppo_diffusion_agent][INFO] - approx_kl: 0.0, update_epoch: 0, num_batch: 4
[2026-10-10 06:46:25,311][agent.finetune.train_ppo_diffusion_agent][INFO] - approx_kl: 0.0, update_epoch: 0, num_batch: 4
[2026-10-10 06:46:27,073][agent.finetune.train_ppo_diffusion_agent][INFO] - approx_kl: 0.0, update_epoch: 0, num_batch: 4
[2026-10-10 06:46:28,932][agent.finetune.train_ppo_diffusion_agent][INFO] - approx_kl: 0.0, update_epoch: 0, num_batch: 4
[2026-10-10 06:46:30,593][agent.finetune.train_ppo_diffusion_agent][INFO] - approx_kl: 0.0, update_epoch: 1, num_batch: 4
[2026-10-10 06:46:32,355][agent.finetune.train_ppo_diffusion_agent][INFO] - approx_kl: 0.0, update_epoch: 1, num_batch: 4
[2026-10-10 06:46:34,126][agent.finetune.train_ppo_diffusion_agent][INFO] - approx_kl: 0.0, update_epoch: 1, num_batch: 4
[2026-10-10 06:46:36,064][agent.finetune.train_ppo_diffusion_agent][INFO] - approx_kl: 0.0, update_epoch: 1, num_batch: 4
[2026-10-10 06:46:37,709][agent.finetune.train_ppo_diffusion_agent][INFO] - approx_kl: 0.0, update_epoch: 2, num_batch: 4
[2026-10-10 06:46:39,451][agent.finetune.train_ppo_diffusion_agent][INFO] - approx_kl: 0.0, update_epoch: 2, num_batch: 4
[2026-10-10 06:46:41,204][agent.finetune.train_ppo_diffusion_agent][INFO] - approx_kl: 0.0, update_epoch: 2, num_batch: 4
[2026-10-10 06:46:43,042][agent.finetune.train_ppo_diffusion_agent][INFO] - approx_kl: 0.0, update_epoch: 2, num_batch: 4
[2026-10-10 06:46:44,691][agent.finetune.train_ppo_diffusion_agent][INFO] - approx_kl: 0.0, update_epoch: 3, num_batch: 4
[2026-10-10 06:46:46,443][agent.finetune.train_ppo_diffusion_agent][INFO] - approx_kl: 0.0, update_epoch: 3, num_batch: 4
[2026-10-10 06:46:48,227][agent.finetune.train_ppo_diffusion_agent][INFO] - approx_kl: 0.0, update_epoch: 3, num_batch: 4
[2026-10-10 06:46:50,092][agent.finetune.train_ppo_diffusion_agent][INFO] - approx_kl: 0.0, update_epoch: 3, num_batch: 4
[2026-10-10 06:46:51,736][agent.finetune.train_ppo_diffusion_agent][INFO] - approx_kl: 0.0, update_epoch: 4, num_batch: 4
[2026-10-10 06:46:53,478][agent.finetune.train_ppo_diffusion_agent][INFO] - approx_kl: 0.0, update_epoch: 4, num_batch: 4
[2026-10-10 06:46:55,194][agent.finetune.train_ppo_diffusion_agent][INFO] - approx_kl: 0.0, update_epoch: 4, num_batch: 4
[2026-10-10 06:46:56,985][agent.finetune.train_ppo_diffusion_agent][INFO] - approx_kl: 0.0, update_epoch: 4, num_batch: 4
[2026-10-10 06:47:03,941][agent.finetune.train_ppo_diffusion_agent][INFO] - 41: step  2960000 | loss   0.2156 | pg loss   0.1626 | value loss   0.1061 | bc loss   0.0000 | reward 4005.7720 | eta   1.0000 | t: 55.3794 | kl_true_per_action=0.00033880100923528215 | logratio_p99=0.028982554674148554 | clamp_hit_frac=0.0008104166666666666 | actor_step_ratio=1.0 | actor_step_clipfrac=0.0
[2026-10-10 06:47:03,942][agent.finetune.stage3_support][INFO] - STAGE3_METRICS {"J_disc_train": 1414.829329851782, "J_disc_train_se": 20.08582948803015, "action_oor_frac": 0.13821041666666667, "adv_raw_mean": 8.003553375601769e-15, "adv_raw_std": 193.90047510802503, "diagnostics_seconds": 0.12484694877639413, "episode_count": 80, "explained_var": 0.30277830362319946, "explained_var_reason": null, "grad_cos_prev": -0.012052629366858622, "grad_cos_prev_reason": null, "grad_norm": 17.48915434221743, "policy_action_oor_frac": 0.1382375, "proj_active": false, "reward_clip_frac": 0.0, "rollout_seconds": 12.899330321000889, "split_diff_sq": 1348.5702504093645, "split_dot": -31.272046211681694, "theta_dist": 0.014950233090488568, "theta_dist_preproj": 0.014950233090488568, "update_norm": 0.0021174636112865743, "update_seconds": 42.35130723321345, "x0_sat_frac_last": 0.017809807819748176, "x0_sat_frac_mean": 0.06685650834783392}
Processed step 0 of 500
Processed step 10 of 500
Processed step 20 of 500
Processed step 30 of 500
Processed step 40 of 500
Processed step 50 of 500
Processed step 60 of 500
Processed step 70 of 500
Processed step 80 of 500
Processed step 90 of 500
Processed step 100 of 500
Processed step 110 of 500
Processed step 120 of 500
Processed step 130 of 500
Processed step 140 of 500
Processed step 150 of 500
Processed step 160 of 500
Processed step 170 of 500
Processed step 180 of 500
Processed step 190 of 500
Processed step 200 of 500
Processed step 210 of 500
Processed step 220 of 500
Processed step 230 of 500
Processed step 240 of 500
Processed step 250 of 500
Processed step 260 of 500
Processed step 270 of 500
Processed step 280 of 500
Processed step 290 of 500
Processed step 300 of 500
Processed step 310 of 500
Processed step 320 of 500
Processed step 330 of 500
Processed step 340 of 500
Processed step 350 of 500
Processed step 360 of 500
Processed step 370 of 500
Processed step 380 of 500
Processed step 390 of 500
Processed step 400 of 500
Processed step 410 of 500
Processed step 420 of 500
Processed step 430 of 500
Processed step 440 of 500
Processed step 450 of 500
Processed step 460 of 500
Processed step 470 of 500
Processed step 480 of 500
Processed step 490 of 500
[2026-10-10 06:47:19,282][agent.finetune.train_ppo_diffusion_agent][INFO] - approx_kl: 0.0, update_epoch: 0, num_batch: 4
[2026-10-10 06:47:21,387][agent.finetune.train_ppo_diffusion_agent][INFO] - approx_kl: 0.0, update_epoch: 0, num_batch: 4
[2026-10-10 06:47:23,241][agent.finetune.train_ppo_diffusion_agent][INFO] - approx_kl: 0.0, update_epoch: 0, num_batch: 4
[2026-10-10 06:47:25,196][agent.finetune.train_ppo_diffusion_agent][INFO] - approx_kl: 0.0, update_epoch: 0, num_batch: 4
[2026-10-10 06:47:26,945][agent.finetune.train_ppo_diffusion_agent][INFO] - approx_kl: 0.0, update_epoch: 1, num_batch: 4
[2026-10-10 06:47:28,791][agent.finetune.train_ppo_diffusion_agent][INFO] - approx_kl: 0.0, update_epoch: 1, num_batch: 4
[2026-10-10 06:47:30,706][agent.finetune.train_ppo_diffusion_agent][INFO] - approx_kl: 0.0, update_epoch: 1, num_batch: 4
[2026-10-10 06:47:32,657][agent.finetune.train_ppo_diffusion_agent][INFO] - approx_kl: 0.0, update_epoch: 1, num_batch: 4
[2026-10-10 06:47:34,404][agent.finetune.train_ppo_diffusion_agent][INFO] - approx_kl: 0.0, update_epoch: 2, num_batch: 4
[2026-10-10 06:47:36,244][agent.finetune.train_ppo_diffusion_agent][INFO] - approx_kl: 0.0, update_epoch: 2, num_batch: 4
[2026-10-10 06:47:38,082][agent.finetune.train_ppo_diffusion_agent][INFO] - approx_kl: 0.0, update_epoch: 2, num_batch: 4
[2026-10-10 06:47:40,035][agent.finetune.train_ppo_diffusion_agent][INFO] - approx_kl: 0.0, update_epoch: 2, num_batch: 4
[2026-10-10 06:47:41,791][agent.finetune.train_ppo_diffusion_agent][INFO] - approx_kl: 0.0, update_epoch: 3, num_batch: 4
[2026-10-10 06:47:43,718][agent.finetune.train_ppo_diffusion_agent][INFO] - approx_kl: 0.0, update_epoch: 3, num_batch: 4
[2026-10-10 06:47:45,570][agent.finetune.train_ppo_diffusion_agent][INFO] - approx_kl: 0.0, update_epoch: 3, num_batch: 4
[2026-10-10 06:47:47,478][agent.finetune.train_ppo_diffusion_agent][INFO] - approx_kl: 0.0, update_epoch: 3, num_batch: 4
[2026-10-10 06:47:49,242][agent.finetune.train_ppo_diffusion_agent][INFO] - approx_kl: 0.0, update_epoch: 4, num_batch: 4
[2026-10-10 06:47:51,080][agent.finetune.train_ppo_diffusion_agent][INFO] - approx_kl: 0.0, update_epoch: 4, num_batch: 4
[2026-10-10 06:47:52,919][agent.finetune.train_ppo_diffusion_agent][INFO] - approx_kl: 0.0, update_epoch: 4, num_batch: 4
[2026-10-10 06:47:54,871][agent.finetune.train_ppo_diffusion_agent][INFO] - approx_kl: 0.0, update_epoch: 4, num_batch: 4
[2026-10-10 06:48:02,311][agent.finetune.train_ppo_diffusion_agent][INFO] - 42: step  3040000 | loss   1.4539 | pg loss   1.3994 | value loss   0.1090 | bc loss   0.0000 | reward 4016.0204 | eta   1.0000 | t: 58.3700 | kl_true_per_action=0.00017936354915880598 | logratio_p99=0.018284339308738677 | clamp_hit_frac=0.0007833333333333334 | actor_step_ratio=1.0 | actor_step_clipfrac=0.0
[2026-10-10 06:48:02,312][agent.finetune.stage3_support][INFO] - STAGE3_METRICS {"J_disc_train": 1405.2319667942465, "J_disc_train_se": 17.744633508965304, "action_oor_frac": 0.13746458333333333, "adv_raw_mean": 7.275957614183426e-16, "adv_raw_std": 188.8845525496986, "diagnostics_seconds": 0.1352467299439013, "episode_count": 80, "explained_var": 0.30938267707824707, "explained_var_reason": null, "grad_cos_prev": 0.0018136945093677709, "grad_cos_prev_reason": null, "grad_norm": 16.1672260135202, "policy_action_oor_frac": 0.13748125, "proj_active": false, "reward_clip_frac": 0.0, "rollout_seconds": 13.224675923003815, "split_diff_sq": 995.1722319484222, "split_dot": 12.586158038680411, "theta_dist": 0.014975360530966656, "theta_dist_preproj": 0.014975360530966656, "update_norm": 0.0019574148936037363, "update_seconds": 45.006014940096065, "x0_sat_frac_last": 0.016985405133366882, "x0_sat_frac_mean": 0.0662593399096973}
Processed step 0 of 500
Processed step 10 of 500
Processed step 20 of 500
Processed step 30 of 500
Processed step 40 of 500
Processed step 50 of 500
Processed step 60 of 500
Processed step 70 of 500
Processed step 80 of 500
Processed step 90 of 500
Processed step 100 of 500
Processed step 110 of 500
Processed step 120 of 500
Processed step 130 of 500
Processed step 140 of 500
Processed step 150 of 500
Processed step 160 of 500
Processed step 170 of 500
Processed step 180 of 500
Processed step 190 of 500
Processed step 200 of 500
Processed step 210 of 500
Processed step 220 of 500
Processed step 230 of 500
Processed step 240 of 500
Processed step 250 of 500
Processed step 260 of 500
Processed step 270 of 500
Processed step 280 of 500
Processed step 290 of 500
Processed step 300 of 500
Processed step 310 of 500
Processed step 320 of 500
Processed step 330 of 500
Processed step 340 of 500
Processed step 350 of 500
Processed step 360 of 500
Processed step 370 of 500
Processed step 380 of 500
Processed step 390 of 500
Processed step 400 of 500
Processed step 410 of 500
Processed step 420 of 500
Processed step 430 of 500
Processed step 440 of 500
Processed step 450 of 500
Processed step 460 of 500
Processed step 470 of 500
Processed step 480 of 500
Processed step 490 of 500
[2026-10-10 06:48:17,740][agent.finetune.train_ppo_diffusion_agent][INFO] - approx_kl: 0.0, update_epoch: 0, num_batch: 4
[2026-10-10 06:48:19,582][agent.finetune.train_ppo_diffusion_agent][INFO] - approx_kl: 0.0, update_epoch: 0, num_batch: 4
[2026-10-10 06:48:21,422][agent.finetune.train_ppo_diffusion_agent][INFO] - approx_kl: 0.0, update_epoch: 0, num_batch: 4
[2026-10-10 06:48:23,388][agent.finetune.train_ppo_diffusion_agent][INFO] - approx_kl: 0.0, update_epoch: 0, num_batch: 4
[2026-10-10 06:48:25,138][agent.finetune.train_ppo_diffusion_agent][INFO] - approx_kl: 0.0, update_epoch: 1, num_batch: 4
[2026-10-10 06:48:27,032][agent.finetune.train_ppo_diffusion_agent][INFO] - approx_kl: 0.0, update_epoch: 1, num_batch: 4
[2026-10-10 06:48:28,904][agent.finetune.train_ppo_diffusion_agent][INFO] - approx_kl: 0.0, update_epoch: 1, num_batch: 4
[2026-10-10 06:48:30,859][agent.finetune.train_ppo_diffusion_agent][INFO] - approx_kl: 0.0, update_epoch: 1, num_batch: 4
[2026-10-10 06:48:32,611][agent.finetune.train_ppo_diffusion_agent][INFO] - approx_kl: 0.0, update_epoch: 2, num_batch: 4
[2026-10-10 06:48:34,467][agent.finetune.train_ppo_diffusion_agent][INFO] - approx_kl: 0.0, update_epoch: 2, num_batch: 4
[2026-10-10 06:48:36,312][agent.finetune.train_ppo_diffusion_agent][INFO] - approx_kl: 0.0, update_epoch: 2, num_batch: 4
[2026-10-10 06:48:38,298][agent.finetune.train_ppo_diffusion_agent][INFO] - approx_kl: 0.0, update_epoch: 2, num_batch: 4
[2026-10-10 06:48:40,098][agent.finetune.train_ppo_diffusion_agent][INFO] - approx_kl: 0.0, update_epoch: 3, num_batch: 4
[2026-10-10 06:48:41,978][agent.finetune.train_ppo_diffusion_agent][INFO] - approx_kl: 0.0, update_epoch: 3, num_batch: 4
[2026-10-10 06:48:43,814][agent.finetune.train_ppo_diffusion_agent][INFO] - approx_kl: 0.0, update_epoch: 3, num_batch: 4
[2026-10-10 06:48:45,764][agent.finetune.train_ppo_diffusion_agent][INFO] - approx_kl: 0.0, update_epoch: 3, num_batch: 4
[2026-10-10 06:48:47,519][agent.finetune.train_ppo_diffusion_agent][INFO] - approx_kl: 0.0, update_epoch: 4, num_batch: 4
[2026-10-10 06:48:49,361][agent.finetune.train_ppo_diffusion_agent][INFO] - approx_kl: 0.0, update_epoch: 4, num_batch: 4
[2026-10-10 06:48:51,215][agent.finetune.train_ppo_diffusion_agent][INFO] - approx_kl: 0.0, update_epoch: 4, num_batch: 4
[2026-10-10 06:48:53,233][agent.finetune.train_ppo_diffusion_agent][INFO] - approx_kl: 0.0, update_epoch: 4, num_batch: 4
[2026-10-10 06:49:00,633][agent.finetune.train_ppo_diffusion_agent][INFO] - 43: step  3120000 | loss   0.0771 | pg loss   0.0240 | value loss   0.1062 | bc loss   0.0000 | reward 3934.4207 | eta   1.0000 | t: 58.3220 | kl_true_per_action=0.00020793138520353084 | logratio_p99=0.019337029457092272 | clamp_hit_frac=0.000775 | actor_step_ratio=1.0 | actor_step_clipfrac=0.0
[2026-10-10 06:49:00,634][agent.finetune.stage3_support][INFO] - STAGE3_METRICS {"J_disc_train": 1396.5417046714865, "J_disc_train_se": 19.72818700262083, "action_oor_frac": 0.13662916666666666, "adv_raw_mean": -1.6007106751203538e-14, "adv_raw_std": 216.5711616142265, "diagnostics_seconds": 0.12423865799792111, "episode_count": 80, "explained_var": 0.41415703296661377, "explained_var_reason": null, "grad_cos_prev": -0.02160318665455484, "grad_cos_prev_reason": null, "grad_norm": 18.63475667675415, "policy_action_oor_frac": 0.13664375, "proj_active": false, "reward_clip_frac": 0.0, "rollout_seconds": 13.451866912073456, "split_diff_sq": 1724.3838072456574, "split_dot": -83.84180010023346, "theta_dist": 0.015087080963551078, "theta_dist_preproj": 0.015087080963551078, "update_norm": 0.002256168619958567, "update_seconds": 44.74192078807391, "x0_sat_frac_last": 0.017496663329996665, "x0_sat_frac_mean": 0.06563532343015535}
Processed step 0 of 500
Processed step 10 of 500
Processed step 20 of 500
Processed step 30 of 500
Processed step 40 of 500
Processed step 50 of 500
Processed step 60 of 500
Processed step 70 of 500
Processed step 80 of 500
Processed step 90 of 500
Processed step 100 of 500
Processed step 110 of 500
Processed step 120 of 500
Processed step 130 of 500
Processed step 140 of 500
Processed step 150 of 500
Processed step 160 of 500
Processed step 170 of 500
Processed step 180 of 500
Processed step 190 of 500
Processed step 200 of 500
Processed step 210 of 500
Processed step 220 of 500
Processed step 230 of 500
Processed step 240 of 500
Processed step 250 of 500
Processed step 260 of 500
Processed step 270 of 500
Processed step 280 of 500
Processed step 290 of 500
Processed step 300 of 500
Processed step 310 of 500
Processed step 320 of 500
Processed step 330 of 500
Processed step 340 of 500
Processed step 350 of 500
Processed step 360 of 500
Processed step 370 of 500
Processed step 380 of 500
Processed step 390 of 500
Processed step 400 of 500
Processed step 410 of 500
Processed step 420 of 500
Processed step 430 of 500
Processed step 440 of 500
Processed step 450 of 500
Processed step 460 of 500
Processed step 470 of 500
Processed step 480 of 500
Processed step 490 of 500
[2026-10-10 06:49:15,884][agent.finetune.train_ppo_diffusion_agent][INFO] - approx_kl: 0.0, update_epoch: 0, num_batch: 4
[2026-10-10 06:49:17,892][agent.finetune.train_ppo_diffusion_agent][INFO] - approx_kl: 0.0, update_epoch: 0, num_batch: 4
[2026-10-10 06:49:19,629][agent.finetune.train_ppo_diffusion_agent][INFO] - approx_kl: 0.0, update_epoch: 0, num_batch: 4
[2026-10-10 06:49:21,415][agent.finetune.train_ppo_diffusion_agent][INFO] - approx_kl: 0.0, update_epoch: 0, num_batch: 4
[2026-10-10 06:49:23,068][agent.finetune.train_ppo_diffusion_agent][INFO] - approx_kl: 0.0, update_epoch: 1, num_batch: 4
[2026-10-10 06:49:24,794][agent.finetune.train_ppo_diffusion_agent][INFO] - approx_kl: 0.0, update_epoch: 1, num_batch: 4
[2026-10-10 06:49:26,524][agent.finetune.train_ppo_diffusion_agent][INFO] - approx_kl: 0.0, update_epoch: 1, num_batch: 4
[2026-10-10 06:49:28,451][agent.finetune.train_ppo_diffusion_agent][INFO] - approx_kl: 0.0, update_epoch: 1, num_batch: 4
[2026-10-10 06:49:30,091][agent.finetune.train_ppo_diffusion_agent][INFO] - approx_kl: 0.0, update_epoch: 2, num_batch: 4
[2026-10-10 06:49:31,832][agent.finetune.train_ppo_diffusion_agent][INFO] - approx_kl: 0.0, update_epoch: 2, num_batch: 4
[2026-10-10 06:49:33,556][agent.finetune.train_ppo_diffusion_agent][INFO] - approx_kl: 0.0, update_epoch: 2, num_batch: 4
[2026-10-10 06:49:35,368][agent.finetune.train_ppo_diffusion_agent][INFO] - approx_kl: 0.0, update_epoch: 2, num_batch: 4
[2026-10-10 06:49:37,006][agent.finetune.train_ppo_diffusion_agent][INFO] - approx_kl: 0.0, update_epoch: 3, num_batch: 4
[2026-10-10 06:49:38,735][agent.finetune.train_ppo_diffusion_agent][INFO] - approx_kl: 0.0, update_epoch: 3, num_batch: 4
[2026-10-10 06:49:40,482][agent.finetune.train_ppo_diffusion_agent][INFO] - approx_kl: 0.0, update_epoch: 3, num_batch: 4
[2026-10-10 06:49:42,324][agent.finetune.train_ppo_diffusion_agent][INFO] - approx_kl: 0.0, update_epoch: 3, num_batch: 4
[2026-10-10 06:49:43,956][agent.finetune.train_ppo_diffusion_agent][INFO] - approx_kl: 0.0, update_epoch: 4, num_batch: 4
[2026-10-10 06:49:45,696][agent.finetune.train_ppo_diffusion_agent][INFO] - approx_kl: 0.0, update_epoch: 4, num_batch: 4
[2026-10-10 06:49:47,418][agent.finetune.train_ppo_diffusion_agent][INFO] - approx_kl: 0.0, update_epoch: 4, num_batch: 4
[2026-10-10 06:49:49,211][agent.finetune.train_ppo_diffusion_agent][INFO] - approx_kl: 0.0, update_epoch: 4, num_batch: 4
[2026-10-10 06:49:56,201][agent.finetune.train_ppo_diffusion_agent][INFO] - 44: step  3200000 | loss  -0.1476 | pg loss  -0.2025 | value loss   0.1097 | bc loss   0.0000 | reward 3915.9031 | eta   1.0000 | t: 55.5672 | kl_true_per_action=0.0007714471284989425 | logratio_p99=0.04494287490844713 | clamp_hit_frac=0.0007666666666666667 | actor_step_ratio=1.0 | actor_step_clipfrac=0.0
[2026-10-10 06:49:56,201][agent.finetune.stage3_support][INFO] - STAGE3_METRICS {"J_disc_train": 1388.2551575209432, "J_disc_train_se": 26.205985604986324, "action_oor_frac": 0.13615208333333334, "adv_raw_mean": 1.0231815394945442e-14, "adv_raw_std": 275.2136667503486, "diagnostics_seconds": 0.12754478177521378, "episode_count": 80, "explained_var": 0.559411495923996, "explained_var_reason": null, "grad_cos_prev": -0.011791260234724557, "grad_cos_prev_reason": null, "grad_norm": 23.820407656845628, "policy_action_oor_frac": 0.13616875, "proj_active": false, "reward_clip_frac": 0.0, "rollout_seconds": 13.12747024896089, "split_diff_sq": 2330.803589434383, "split_dot": -15.289082730720708, "theta_dist": 0.015386337200273267, "theta_dist_preproj": 0.015386337200273267, "update_norm": 0.0028839984591681406, "update_seconds": 42.20663115323987, "x0_sat_frac_last": 0.019601954188691335, "x0_sat_frac_mean": 0.06548654672483847}
Processed step 0 of 500
Processed step 10 of 500
Processed step 20 of 500
Processed step 30 of 500
Processed step 40 of 500
Processed step 50 of 500
Processed step 60 of 500
Processed step 70 of 500
Processed step 80 of 500
Processed step 90 of 500
Processed step 100 of 500
Processed step 110 of 500
Processed step 120 of 500
Processed step 130 of 500
Processed step 140 of 500
Processed step 150 of 500
Processed step 160 of 500
Processed step 170 of 500
Processed step 180 of 500
Processed step 190 of 500
Processed step 200 of 500
Processed step 210 of 500
Processed step 220 of 500
Processed step 230 of 500
Processed step 240 of 500
Processed step 250 of 500
Processed step 260 of 500
Processed step 270 of 500
Processed step 280 of 500
Processed step 290 of 500
Processed step 300 of 500
Processed step 310 of 500
Processed step 320 of 500
Processed step 330 of 500
Processed step 340 of 500
Processed step 350 of 500
Processed step 360 of 500
Processed step 370 of 500
Processed step 380 of 500
Processed step 390 of 500
Processed step 400 of 500
Processed step 410 of 500
Processed step 420 of 500
Processed step 430 of 500
Processed step 440 of 500
Processed step 450 of 500
Processed step 460 of 500
Processed step 470 of 500
Processed step 480 of 500
Processed step 490 of 500
[2026-10-10 06:50:11,355][agent.finetune.train_ppo_diffusion_agent][INFO] - approx_kl: 0.0, update_epoch: 0, num_batch: 4
[2026-10-10 06:50:13,327][agent.finetune.train_ppo_diffusion_agent][INFO] - approx_kl: 0.0, update_epoch: 0, num_batch: 4
[2026-10-10 06:50:15,446][agent.finetune.train_ppo_diffusion_agent][INFO] - approx_kl: 0.0, update_epoch: 0, num_batch: 4
[2026-10-10 06:50:17,165][agent.finetune.train_ppo_diffusion_agent][INFO] - approx_kl: 0.0, update_epoch: 0, num_batch: 4
[2026-10-10 06:50:18,950][agent.finetune.train_ppo_diffusion_agent][INFO] - approx_kl: 0.0, update_epoch: 1, num_batch: 4
[2026-10-10 06:50:20,794][agent.finetune.train_ppo_diffusion_agent][INFO] - approx_kl: 0.0, update_epoch: 1, num_batch: 4
[2026-10-10 06:50:22,757][agent.finetune.train_ppo_diffusion_agent][INFO] - approx_kl: 0.0, update_epoch: 1, num_batch: 4
[2026-10-10 06:50:24,461][agent.finetune.train_ppo_diffusion_agent][INFO] - approx_kl: 0.0, update_epoch: 1, num_batch: 4
[2026-10-10 06:50:26,180][agent.finetune.train_ppo_diffusion_agent][INFO] - approx_kl: 0.0, update_epoch: 2, num_batch: 4
[2026-10-10 06:50:27,880][agent.finetune.train_ppo_diffusion_agent][INFO] - approx_kl: 0.0, update_epoch: 2, num_batch: 4
[2026-10-10 06:50:29,726][agent.finetune.train_ppo_diffusion_agent][INFO] - approx_kl: 0.0, update_epoch: 2, num_batch: 4
[2026-10-10 06:50:31,445][agent.finetune.train_ppo_diffusion_agent][INFO] - approx_kl: 0.0, update_epoch: 2, num_batch: 4
[2026-10-10 06:50:33,266][agent.finetune.train_ppo_diffusion_agent][INFO] - approx_kl: 0.0, update_epoch: 3, num_batch: 4
[2026-10-10 06:50:35,086][agent.finetune.train_ppo_diffusion_agent][INFO] - approx_kl: 0.0, update_epoch: 3, num_batch: 4
[2026-10-10 06:50:37,035][agent.finetune.train_ppo_diffusion_agent][INFO] - approx_kl: 0.0, update_epoch: 3, num_batch: 4
[2026-10-10 06:50:38,801][agent.finetune.train_ppo_diffusion_agent][INFO] - approx_kl: 0.0, update_epoch: 3, num_batch: 4
[2026-10-10 06:50:40,630][agent.finetune.train_ppo_diffusion_agent][INFO] - approx_kl: 0.0, update_epoch: 4, num_batch: 4
[2026-10-10 06:50:42,472][agent.finetune.train_ppo_diffusion_agent][INFO] - approx_kl: 0.0, update_epoch: 4, num_batch: 4
[2026-10-10 06:50:44,401][agent.finetune.train_ppo_diffusion_agent][INFO] - approx_kl: 0.0, update_epoch: 4, num_batch: 4
[2026-10-10 06:50:46,137][agent.finetune.train_ppo_diffusion_agent][INFO] - approx_kl: 0.0, update_epoch: 4, num_batch: 4
[2026-10-10 06:50:53,545][agent.finetune.train_ppo_diffusion_agent][INFO] - 45: step  3280000 | loss   1.3832 | pg loss   1.3298 | value loss   0.1068 | bc loss   0.0000 | reward 3937.8996 | eta   1.0000 | t: 57.3442 | kl_true_per_action=0.0003752307323381528 | logratio_p99=0.026824996471405023 | clamp_hit_frac=0.0008 | actor_step_ratio=1.0 | actor_step_clipfrac=0.0
[2026-10-10 06:50:53,545][agent.finetune.stage3_support][INFO] - STAGE3_METRICS {"J_disc_train": 1398.0436613008562, "J_disc_train_se": 22.490498690215265, "action_oor_frac": 0.13672083333333335, "adv_raw_mean": 4.365574568510055e-15, "adv_raw_std": 246.13081749477098, "diagnostics_seconds": 0.12984470708761364, "episode_count": 80, "explained_var": 0.5256233513355255, "explained_var_reason": null, "grad_cos_prev": 0.03729495899373455, "grad_cos_prev_reason": null, "grad_norm": 20.752421937849714, "policy_action_oor_frac": 0.13675625, "proj_active": false, "reward_clip_frac": 0.0, "rollout_seconds": 13.053968200925738, "split_diff_sq": 1620.4677728619863, "split_dot": 25.54609319131309, "theta_dist": 0.015518857943851406, "theta_dist_preproj": 0.015518857943851406, "update_norm": 0.002512543106849564, "update_seconds": 44.15416933293454, "x0_sat_frac_last": 0.019760101010101012, "x0_sat_frac_mean": 0.06602178630489544}
Processed step 0 of 500
Processed step 10 of 500
Processed step 20 of 500
Processed step 30 of 500
Processed step 40 of 500
Processed step 50 of 500
Processed step 60 of 500
Processed step 70 of 500
Processed step 80 of 500
Processed step 90 of 500
Processed step 100 of 500
Processed step 110 of 500
Processed step 120 of 500
Processed step 130 of 500
Processed step 140 of 500
Processed step 150 of 500
Processed step 160 of 500
Processed step 170 of 500
Processed step 180 of 500
Processed step 190 of 500
Processed step 200 of 500
Processed step 210 of 500
Processed step 220 of 500
Processed step 230 of 500
Processed step 240 of 500
Processed step 250 of 500
Processed step 260 of 500
Processed step 270 of 500
Processed step 280 of 500
Processed step 290 of 500
Processed step 300 of 500
Processed step 310 of 500
Processed step 320 of 500
Processed step 330 of 500
Processed step 340 of 500
Processed step 350 of 500
Processed step 360 of 500
Processed step 370 of 500
Processed step 380 of 500
Processed step 390 of 500
Processed step 400 of 500
Processed step 410 of 500
Processed step 420 of 500
Processed step 430 of 500
Processed step 440 of 500
Processed step 450 of 500
Processed step 460 of 500
Processed step 470 of 500
Processed step 480 of 500
Processed step 490 of 500
[2026-10-10 06:51:08,705][agent.finetune.train_ppo_diffusion_agent][INFO] - approx_kl: 0.0, update_epoch: 0, num_batch: 4
[2026-10-10 06:51:10,545][agent.finetune.train_ppo_diffusion_agent][INFO] - approx_kl: 0.0, update_epoch: 0, num_batch: 4
[2026-10-10 06:51:12,470][agent.finetune.train_ppo_diffusion_agent][INFO] - approx_kl: 0.0, update_epoch: 0, num_batch: 4
[2026-10-10 06:51:14,184][agent.finetune.train_ppo_diffusion_agent][INFO] - approx_kl: 0.0, update_epoch: 0, num_batch: 4
[2026-10-10 06:51:16,005][agent.finetune.train_ppo_diffusion_agent][INFO] - approx_kl: 0.0, update_epoch: 1, num_batch: 4
[2026-10-10 06:51:17,873][agent.finetune.train_ppo_diffusion_agent][INFO] - approx_kl: 0.0, update_epoch: 1, num_batch: 4
[2026-10-10 06:51:19,844][agent.finetune.train_ppo_diffusion_agent][INFO] - approx_kl: 0.0, update_epoch: 1, num_batch: 4
[2026-10-10 06:51:21,593][agent.finetune.train_ppo_diffusion_agent][INFO] - approx_kl: 0.0, update_epoch: 1, num_batch: 4
[2026-10-10 06:51:23,443][agent.finetune.train_ppo_diffusion_agent][INFO] - approx_kl: 0.0, update_epoch: 2, num_batch: 4
[2026-10-10 06:51:25,292][agent.finetune.train_ppo_diffusion_agent][INFO] - approx_kl: 0.0, update_epoch: 2, num_batch: 4
[2026-10-10 06:51:27,235][agent.finetune.train_ppo_diffusion_agent][INFO] - approx_kl: 0.0, update_epoch: 2, num_batch: 4
[2026-10-10 06:51:28,985][agent.finetune.train_ppo_diffusion_agent][INFO] - approx_kl: 0.0, update_epoch: 2, num_batch: 4
[2026-10-10 06:51:30,905][agent.finetune.train_ppo_diffusion_agent][INFO] - approx_kl: 0.0, update_epoch: 3, num_batch: 4
[2026-10-10 06:51:32,762][agent.finetune.train_ppo_diffusion_agent][INFO] - approx_kl: 0.0, update_epoch: 3, num_batch: 4
[2026-10-10 06:51:34,720][agent.finetune.train_ppo_diffusion_agent][INFO] - approx_kl: 0.0, update_epoch: 3, num_batch: 4
[2026-10-10 06:51:36,467][agent.finetune.train_ppo_diffusion_agent][INFO] - approx_kl: 0.0, update_epoch: 3, num_batch: 4
[2026-10-10 06:51:38,310][agent.finetune.train_ppo_diffusion_agent][INFO] - approx_kl: 0.0, update_epoch: 4, num_batch: 4
[2026-10-10 06:51:40,168][agent.finetune.train_ppo_diffusion_agent][INFO] - approx_kl: 0.0, update_epoch: 4, num_batch: 4
[2026-10-10 06:51:42,151][agent.finetune.train_ppo_diffusion_agent][INFO] - approx_kl: 0.0, update_epoch: 4, num_batch: 4
[2026-10-10 06:51:43,946][agent.finetune.train_ppo_diffusion_agent][INFO] - approx_kl: 0.0, update_epoch: 4, num_batch: 4
[2026-10-10 06:51:51,342][agent.finetune.train_ppo_diffusion_agent][INFO] - 46: step  3360000 | loss   0.5484 | pg loss   0.4962 | value loss   0.1043 | bc loss   0.0000 | reward 4040.9291 | eta   1.0000 | t: 57.7969 | kl_true_per_action=0.00021143714948372832 | logratio_p99=0.01981406092643737 | clamp_hit_frac=0.0008333333333333334 | actor_step_ratio=1.0 | actor_step_clipfrac=0.0
[2026-10-10 06:51:51,342][agent.finetune.stage3_support][INFO] - STAGE3_METRICS {"J_disc_train": 1426.014095037791, "J_disc_train_se": 17.67990596090305, "action_oor_frac": 0.14078125, "adv_raw_mean": 1.8189894035458565e-15, "adv_raw_std": 186.15987714312624, "diagnostics_seconds": 0.11252849083393812, "episode_count": 80, "explained_var": 0.3066619038581848, "explained_var_reason": null, "grad_cos_prev": 0.0021301143182451392, "grad_cos_prev_reason": null, "grad_norm": 17.603425532624957, "policy_action_oor_frac": 0.14080833333333334, "proj_active": false, "reward_clip_frac": 0.0, "rollout_seconds": 13.07534046494402, "split_diff_sq": 1256.86592239451, "split_dot": -4.335872277717133, "theta_dist": 0.01577668930512621, "theta_dist_preproj": 0.01577668930512621, "update_norm": 0.0021313033752449937, "update_seconds": 44.60386253113393, "x0_sat_frac_last": 0.020382031905961377, "x0_sat_frac_mean": 0.06591270881304756}
Processed step 0 of 500
Processed step 10 of 500
Processed step 20 of 500
Processed step 30 of 500
Processed step 40 of 500
Processed step 50 of 500
Processed step 60 of 500
Processed step 70 of 500
Processed step 80 of 500
Processed step 90 of 500
Processed step 100 of 500
Processed step 110 of 500
Processed step 120 of 500
Processed step 130 of 500
Processed step 140 of 500
Processed step 150 of 500
Processed step 160 of 500
Processed step 170 of 500
Processed step 180 of 500
Processed step 190 of 500
Processed step 200 of 500
Processed step 210 of 500
Processed step 220 of 500
Processed step 230 of 500
Processed step 240 of 500
Processed step 250 of 500
Processed step 260 of 500
Processed step 270 of 500
Processed step 280 of 500
Processed step 290 of 500
Processed step 300 of 500
Processed step 310 of 500
Processed step 320 of 500
Processed step 330 of 500
Processed step 340 of 500
Processed step 350 of 500
Processed step 360 of 500
Processed step 370 of 500
Processed step 380 of 500
Processed step 390 of 500
Processed step 400 of 500
Processed step 410 of 500
Processed step 420 of 500
Processed step 430 of 500
Processed step 440 of 500
Processed step 450 of 500
Processed step 460 of 500
Processed step 470 of 500
Processed step 480 of 500
Processed step 490 of 500
[2026-10-10 06:52:06,768][agent.finetune.train_ppo_diffusion_agent][INFO] - approx_kl: 0.0, update_epoch: 0, num_batch: 4
[2026-10-10 06:52:08,542][agent.finetune.train_ppo_diffusion_agent][INFO] - approx_kl: 0.0, update_epoch: 0, num_batch: 4
[2026-10-10 06:52:10,442][agent.finetune.train_ppo_diffusion_agent][INFO] - approx_kl: 0.0, update_epoch: 0, num_batch: 4
[2026-10-10 06:52:12,068][agent.finetune.train_ppo_diffusion_agent][INFO] - approx_kl: 0.0, update_epoch: 0, num_batch: 4
[2026-10-10 06:52:13,845][agent.finetune.train_ppo_diffusion_agent][INFO] - approx_kl: 0.0, update_epoch: 1, num_batch: 4
[2026-10-10 06:52:15,737][agent.finetune.train_ppo_diffusion_agent][INFO] - approx_kl: 0.0, update_epoch: 1, num_batch: 4
[2026-10-10 06:52:17,419][agent.finetune.train_ppo_diffusion_agent][INFO] - approx_kl: 0.0, update_epoch: 1, num_batch: 4
[2026-10-10 06:52:19,275][agent.finetune.train_ppo_diffusion_agent][INFO] - approx_kl: 0.0, update_epoch: 1, num_batch: 4
[2026-10-10 06:52:21,045][agent.finetune.train_ppo_diffusion_agent][INFO] - approx_kl: 0.0, update_epoch: 2, num_batch: 4
[2026-10-10 06:52:22,933][agent.finetune.train_ppo_diffusion_agent][INFO] - approx_kl: 0.0, update_epoch: 2, num_batch: 4
[2026-10-10 06:52:24,567][agent.finetune.train_ppo_diffusion_agent][INFO] - approx_kl: 0.0, update_epoch: 2, num_batch: 4
[2026-10-10 06:52:26,327][agent.finetune.train_ppo_diffusion_agent][INFO] - approx_kl: 0.0, update_epoch: 2, num_batch: 4
[2026-10-10 06:52:28,082][agent.finetune.train_ppo_diffusion_agent][INFO] - approx_kl: 0.0, update_epoch: 3, num_batch: 4
[2026-10-10 06:52:30,085][agent.finetune.train_ppo_diffusion_agent][INFO] - approx_kl: 0.0, update_epoch: 3, num_batch: 4
[2026-10-10 06:52:31,769][agent.finetune.train_ppo_diffusion_agent][INFO] - approx_kl: 0.0, update_epoch: 3, num_batch: 4
[2026-10-10 06:52:33,510][agent.finetune.train_ppo_diffusion_agent][INFO] - approx_kl: 0.0, update_epoch: 3, num_batch: 4
[2026-10-10 06:52:35,269][agent.finetune.train_ppo_diffusion_agent][INFO] - approx_kl: 0.0, update_epoch: 4, num_batch: 4
[2026-10-10 06:52:37,106][agent.finetune.train_ppo_diffusion_agent][INFO] - approx_kl: 0.0, update_epoch: 4, num_batch: 4
[2026-10-10 06:52:38,749][agent.finetune.train_ppo_diffusion_agent][INFO] - approx_kl: 0.0, update_epoch: 4, num_batch: 4
[2026-10-10 06:52:40,504][agent.finetune.train_ppo_diffusion_agent][INFO] - approx_kl: 0.0, update_epoch: 4, num_batch: 4
[2026-10-10 06:52:47,543][agent.finetune.train_ppo_diffusion_agent][INFO] - 47: step  3440000 | loss  -0.3667 | pg loss  -0.4190 | value loss   0.1045 | bc loss   0.0000 | reward 3869.1360 | eta   1.0000 | t: 56.2016 | kl_true_per_action=0.0004925132855312891 | logratio_p99=0.030850061178207377 | clamp_hit_frac=0.0007604166666666666 | actor_step_ratio=1.0 | actor_step_clipfrac=0.0
[2026-10-10 06:52:47,544][agent.finetune.stage3_support][INFO] - STAGE3_METRICS {"J_disc_train": 1372.3646155973368, "J_disc_train_se": 30.497271509654812, "action_oor_frac": 0.13552083333333334, "adv_raw_mean": -1.1459633242338896e-14, "adv_raw_std": 291.00283829385427, "diagnostics_seconds": 0.12826688191853464, "episode_count": 80, "explained_var": 0.5597124397754669, "explained_var_reason": null, "grad_cos_prev": -0.011695162045257407, "grad_cos_prev_reason": null, "grad_norm": 27.91840134730761, "policy_action_oor_frac": 0.13554375, "proj_active": false, "reward_clip_frac": 0.0, "rollout_seconds": 13.23727254604455, "split_diff_sq": 2899.93465287104, "split_dot": 54.453491220386454, "theta_dist": 0.01627548291376661, "theta_dist_preproj": 0.01627548291376661, "update_norm": 0.00338016197381281, "update_seconds": 42.83239144296385, "x0_sat_frac_last": 0.01910963568266939, "x0_sat_frac_mean": 0.06426885486156508}
Processed step 0 of 500
Processed step 10 of 500
Processed step 20 of 500
Processed step 30 of 500
Processed step 40 of 500
Processed step 50 of 500
Processed step 60 of 500
Processed step 70 of 500
Processed step 80 of 500
Processed step 90 of 500
Processed step 100 of 500
Processed step 110 of 500
Processed step 120 of 500
Processed step 130 of 500
Processed step 140 of 500
Processed step 150 of 500
Processed step 160 of 500
Processed step 170 of 500
Processed step 180 of 500
Processed step 190 of 500
Processed step 200 of 500
Processed step 210 of 500
Processed step 220 of 500
Processed step 230 of 500
Processed step 240 of 500
Processed step 250 of 500
Processed step 260 of 500
Processed step 270 of 500
Processed step 280 of 500
Processed step 290 of 500
Processed step 300 of 500
Processed step 310 of 500
Processed step 320 of 500
Processed step 330 of 500
Processed step 340 of 500
Processed step 350 of 500
Processed step 360 of 500
Processed step 370 of 500
Processed step 380 of 500
Processed step 390 of 500
Processed step 400 of 500
Processed step 410 of 500
Processed step 420 of 500
Processed step 430 of 500
Processed step 440 of 500
Processed step 450 of 500
Processed step 460 of 500
Processed step 470 of 500
Processed step 480 of 500
Processed step 490 of 500
[2026-10-10 06:53:02,740][agent.finetune.train_ppo_diffusion_agent][INFO] - approx_kl: 0.0, update_epoch: 0, num_batch: 4
[2026-10-10 06:53:04,715][agent.finetune.train_ppo_diffusion_agent][INFO] - approx_kl: 0.0, update_epoch: 0, num_batch: 4
[2026-10-10 06:53:06,450][agent.finetune.train_ppo_diffusion_agent][INFO] - approx_kl: 0.0, update_epoch: 0, num_batch: 4
[2026-10-10 06:53:08,322][agent.finetune.train_ppo_diffusion_agent][INFO] - approx_kl: 0.0, update_epoch: 0, num_batch: 4
[2026-10-10 06:53:10,195][agent.finetune.train_ppo_diffusion_agent][INFO] - approx_kl: 0.0, update_epoch: 1, num_batch: 4
[2026-10-10 06:53:12,189][agent.finetune.train_ppo_diffusion_agent][INFO] - approx_kl: 0.0, update_epoch: 1, num_batch: 4
[2026-10-10 06:53:13,899][agent.finetune.train_ppo_diffusion_agent][INFO] - approx_kl: 0.0, update_epoch: 1, num_batch: 4
[2026-10-10 06:53:15,740][agent.finetune.train_ppo_diffusion_agent][INFO] - approx_kl: 0.0, update_epoch: 1, num_batch: 4
[2026-10-10 06:53:17,583][agent.finetune.train_ppo_diffusion_agent][INFO] - approx_kl: 0.0, update_epoch: 2, num_batch: 4
[2026-10-10 06:53:19,584][agent.finetune.train_ppo_diffusion_agent][INFO] - approx_kl: 0.0, update_epoch: 2, num_batch: 4
[2026-10-10 06:53:21,315][agent.finetune.train_ppo_diffusion_agent][INFO] - approx_kl: 0.0, update_epoch: 2, num_batch: 4
[2026-10-10 06:53:23,178][agent.finetune.train_ppo_diffusion_agent][INFO] - approx_kl: 0.0, update_epoch: 2, num_batch: 4
[2026-10-10 06:53:25,040][agent.finetune.train_ppo_diffusion_agent][INFO] - approx_kl: 0.0, update_epoch: 3, num_batch: 4
[2026-10-10 06:53:27,316][agent.finetune.train_ppo_diffusion_agent][INFO] - approx_kl: 0.0, update_epoch: 3, num_batch: 4
[2026-10-10 06:53:29,048][agent.finetune.train_ppo_diffusion_agent][INFO] - approx_kl: 0.0, update_epoch: 3, num_batch: 4
[2026-10-10 06:53:30,879][agent.finetune.train_ppo_diffusion_agent][INFO] - approx_kl: 0.0, update_epoch: 3, num_batch: 4
[2026-10-10 06:53:32,708][agent.finetune.train_ppo_diffusion_agent][INFO] - approx_kl: 0.0, update_epoch: 4, num_batch: 4
[2026-10-10 06:53:34,646][agent.finetune.train_ppo_diffusion_agent][INFO] - approx_kl: 0.0, update_epoch: 4, num_batch: 4
[2026-10-10 06:53:36,378][agent.finetune.train_ppo_diffusion_agent][INFO] - approx_kl: 0.0, update_epoch: 4, num_batch: 4
[2026-10-10 06:53:38,241][agent.finetune.train_ppo_diffusion_agent][INFO] - approx_kl: 0.0, update_epoch: 4, num_batch: 4
[2026-10-10 06:53:45,695][agent.finetune.train_ppo_diffusion_agent][INFO] - 48: step  3520000 | loss   0.7171 | pg loss   0.6628 | value loss   0.1088 | bc loss   0.0000 | reward 3876.1210 | eta   1.0000 | t: 58.1511 | kl_true_per_action=0.0005933106549398733 | logratio_p99=0.03760762572288512 | clamp_hit_frac=0.0007770833333333333 | actor_step_ratio=1.0 | actor_step_clipfrac=0.0
[2026-10-10 06:53:45,695][agent.finetune.stage3_support][INFO] - STAGE3_METRICS {"J_disc_train": 1367.5881296586235, "J_disc_train_se": 27.938489509648655, "action_oor_frac": 0.13553333333333334, "adv_raw_mean": 6.111804395914077e-14, "adv_raw_std": 270.38570658158466, "diagnostics_seconds": 0.13082208996638656, "episode_count": 80, "explained_var": 0.559411883354187, "explained_var_reason": null, "grad_cos_prev": -0.0024641065935725594, "grad_cos_prev_reason": null, "grad_norm": 25.69140944015591, "policy_action_oor_frac": 0.13555625, "proj_active": false, "reward_clip_frac": 0.0, "rollout_seconds": 12.977079440024681, "split_diff_sq": 3046.925302398742, "split_dot": -101.68281171241617, "theta_dist": 0.016603451225065225, "theta_dist_preproj": 0.016603451225065225, "update_norm": 0.0031105198747842923, "update_seconds": 45.039052542997524, "x0_sat_frac_last": 0.019404406891981446, "x0_sat_frac_mean": 0.06344595463458617}
Processed step 0 of 500
Processed step 10 of 500
Processed step 20 of 500
Processed step 30 of 500
Processed step 40 of 500
Processed step 50 of 500
Processed step 60 of 500
Processed step 70 of 500
Processed step 80 of 500
Processed step 90 of 500
Processed step 100 of 500
Processed step 110 of 500
Processed step 120 of 500
Processed step 130 of 500
Processed step 140 of 500
Processed step 150 of 500
Processed step 160 of 500
Processed step 170 of 500
Processed step 180 of 500
Processed step 190 of 500
Processed step 200 of 500
Processed step 210 of 500
Processed step 220 of 500
Processed step 230 of 500
Processed step 240 of 500
Processed step 250 of 500
Processed step 260 of 500
Processed step 270 of 500
Processed step 280 of 500
Processed step 290 of 500
Processed step 300 of 500
Processed step 310 of 500
Processed step 320 of 500
Processed step 330 of 500
Processed step 340 of 500
Processed step 350 of 500
Processed step 360 of 500
Processed step 370 of 500
Processed step 380 of 500
Processed step 390 of 500
Processed step 400 of 500
Processed step 410 of 500
Processed step 420 of 500
Processed step 430 of 500
Processed step 440 of 500
Processed step 450 of 500
Processed step 460 of 500
Processed step 470 of 500
Processed step 480 of 500
Processed step 490 of 500
[2026-10-10 06:54:00,962][agent.finetune.train_ppo_diffusion_agent][INFO] - approx_kl: 0.0, update_epoch: 0, num_batch: 4
[2026-10-10 06:54:02,862][agent.finetune.train_ppo_diffusion_agent][INFO] - approx_kl: 0.0, update_epoch: 0, num_batch: 4
[2026-10-10 06:54:04,575][agent.finetune.train_ppo_diffusion_agent][INFO] - approx_kl: 0.0, update_epoch: 0, num_batch: 4
[2026-10-10 06:54:06,383][agent.finetune.train_ppo_diffusion_agent][INFO] - approx_kl: 0.0, update_epoch: 0, num_batch: 4
[2026-10-10 06:54:08,232][agent.finetune.train_ppo_diffusion_agent][INFO] - approx_kl: 0.0, update_epoch: 1, num_batch: 4
[2026-10-10 06:54:10,161][agent.finetune.train_ppo_diffusion_agent][INFO] - approx_kl: 0.0, update_epoch: 1, num_batch: 4
[2026-10-10 06:54:11,880][agent.finetune.train_ppo_diffusion_agent][INFO] - approx_kl: 0.0, update_epoch: 1, num_batch: 4
[2026-10-10 06:54:13,672][agent.finetune.train_ppo_diffusion_agent][INFO] - approx_kl: 0.0, update_epoch: 1, num_batch: 4
[2026-10-10 06:54:15,481][agent.finetune.train_ppo_diffusion_agent][INFO] - approx_kl: 0.0, update_epoch: 2, num_batch: 4
[2026-10-10 06:54:17,411][agent.finetune.train_ppo_diffusion_agent][INFO] - approx_kl: 0.0, update_epoch: 2, num_batch: 4
[2026-10-10 06:54:19,142][agent.finetune.train_ppo_diffusion_agent][INFO] - approx_kl: 0.0, update_epoch: 2, num_batch: 4
[2026-10-10 06:54:20,971][agent.finetune.train_ppo_diffusion_agent][INFO] - approx_kl: 0.0, update_epoch: 2, num_batch: 4
[2026-10-10 06:54:22,795][agent.finetune.train_ppo_diffusion_agent][INFO] - approx_kl: 0.0, update_epoch: 3, num_batch: 4
[2026-10-10 06:54:24,732][agent.finetune.train_ppo_diffusion_agent][INFO] - approx_kl: 0.0, update_epoch: 3, num_batch: 4
[2026-10-10 06:54:26,450][agent.finetune.train_ppo_diffusion_agent][INFO] - approx_kl: 0.0, update_epoch: 3, num_batch: 4
[2026-10-10 06:54:28,270][agent.finetune.train_ppo_diffusion_agent][INFO] - approx_kl: 0.0, update_epoch: 3, num_batch: 4
[2026-10-10 06:54:30,094][agent.finetune.train_ppo_diffusion_agent][INFO] - approx_kl: 0.0, update_epoch: 4, num_batch: 4
[2026-10-10 06:54:32,081][agent.finetune.train_ppo_diffusion_agent][INFO] - approx_kl: 0.0, update_epoch: 4, num_batch: 4
[2026-10-10 06:54:33,803][agent.finetune.train_ppo_diffusion_agent][INFO] - approx_kl: 0.0, update_epoch: 4, num_batch: 4
[2026-10-10 06:54:35,632][agent.finetune.train_ppo_diffusion_agent][INFO] - approx_kl: 0.0, update_epoch: 4, num_batch: 4
[2026-10-10 06:54:42,963][agent.finetune.train_ppo_diffusion_agent][INFO] - 49: step  3600000 | loss  -1.4765 | pg loss  -1.5285 | value loss   0.1040 | bc loss   0.0000 | reward 3901.9894 | eta   1.0000 | t: 57.2684 | kl_true_per_action=0.0005951757586155159 | logratio_p99=0.03704777836799619 | clamp_hit_frac=0.0007666666666666667 | actor_step_ratio=1.0 | actor_step_clipfrac=0.0
[2026-10-10 06:54:42,963][agent.finetune.stage3_support][INFO] - STAGE3_METRICS {"J_disc_train": 1385.4748459858615, "J_disc_train_se": 25.28475850642443, "action_oor_frac": 0.13880416666666667, "adv_raw_mean": 7.09405867382884e-15, "adv_raw_std": 269.4856435951397, "diagnostics_seconds": 0.1169555023079738, "episode_count": 80, "explained_var": 0.5477476716041565, "explained_var_reason": null, "grad_cos_prev": 0.017893781798036915, "grad_cos_prev_reason": null, "grad_norm": 23.743560682555845, "policy_action_oor_frac": 0.13882083333333334, "proj_active": false, "reward_clip_frac": 0.0, "rollout_seconds": 13.176445055985823, "split_diff_sq": 2347.509519102893, "split_dot": -23.1206969929037, "theta_dist": 0.016668339318655953, "theta_dist_preproj": 0.016668339318655953, "update_norm": 0.0028746958995813482, "update_seconds": 43.970932510797866, "x0_sat_frac_last": 0.02173016658419924, "x0_sat_frac_mean": 0.06410611509762414}
Processed step 0 of 500
Processed step 10 of 500
Processed step 20 of 500
Processed step 30 of 500
Processed step 40 of 500
Processed step 50 of 500
Processed step 60 of 500
Processed step 70 of 500
Processed step 80 of 500
Processed step 90 of 500
Processed step 100 of 500
Processed step 110 of 500
Processed step 120 of 500
Processed step 130 of 500
Processed step 140 of 500
Processed step 150 of 500
Processed step 160 of 500
Processed step 170 of 500
Processed step 180 of 500
Processed step 190 of 500
Processed step 200 of 500
Processed step 210 of 500
Processed step 220 of 500
Processed step 230 of 500
Processed step 240 of 500
Processed step 250 of 500
Processed step 260 of 500
Processed step 270 of 500
Processed step 280 of 500
Processed step 290 of 500
Processed step 300 of 500
Processed step 310 of 500
Processed step 320 of 500
Processed step 330 of 500
Processed step 340 of 500
Processed step 350 of 500
Processed step 360 of 500
Processed step 370 of 500
Processed step 380 of 500
Processed step 390 of 500
Processed step 400 of 500
Processed step 410 of 500
Processed step 420 of 500
Processed step 430 of 500
Processed step 440 of 500
Processed step 450 of 500
Processed step 460 of 500
Processed step 470 of 500
Processed step 480 of 500
Processed step 490 of 500
[2026-10-10 06:54:56,115][agent.finetune.train_ppo_diffusion_agent][INFO] - eval: success rate   1.0000 | avg episode reward 4322.8688 | avg best reward   6.4552
[2026-10-10 06:54:56,115][agent.finetune.stage3_support][INFO] - STAGE3_METRICS {"J_disc_eval": 1520.1644720099962, "J_disc_eval_se": 13.290750053365564, "action_oor_frac": 0.0, "diagnostics_seconds": 0.00799732597079128, "episode_count": 80, "policy_action_oor_frac": 0.0, "rollout_seconds": 13.13993221707642, "update_seconds": 0.0}
Processed step 0 of 500
Processed step 10 of 500
Processed step 20 of 500
Processed step 30 of 500
Processed step 40 of 500
Processed step 50 of 500
Processed step 60 of 500
Processed step 70 of 500
Processed step 80 of 500
Processed step 90 of 500
Processed step 100 of 500
Processed step 110 of 500
Processed step 120 of 500
Processed step 130 of 500
Processed step 140 of 500
Processed step 150 of 500
Processed step 160 of 500
Processed step 170 of 500
Processed step 180 of 500
Processed step 190 of 500
Processed step 200 of 500
Processed step 210 of 500
Processed step 220 of 500
Processed step 230 of 500
Processed step 240 of 500
Processed step 250 of 500
Processed step 260 of 500
Processed step 270 of 500
Processed step 280 of 500
Processed step 290 of 500
Processed step 300 of 500
Processed step 310 of 500
Processed step 320 of 500
Processed step 330 of 500
Processed step 340 of 500
Processed step 350 of 500
Processed step 360 of 500
Processed step 370 of 500
Processed step 380 of 500
Processed step 390 of 500
Processed step 400 of 500
Processed step 410 of 500
Processed step 420 of 500
Processed step 430 of 500
Processed step 440 of 500
Processed step 450 of 500
Processed step 460 of 500
Processed step 470 of 500
Processed step 480 of 500
Processed step 490 of 500
[2026-10-10 06:55:11,435][agent.finetune.train_ppo_diffusion_agent][INFO] - approx_kl: 0.0, update_epoch: 0, num_batch: 4
[2026-10-10 06:55:13,599][agent.finetune.train_ppo_diffusion_agent][INFO] - approx_kl: 0.0, update_epoch: 0, num_batch: 4
[2026-10-10 06:55:15,228][agent.finetune.train_ppo_diffusion_agent][INFO] - approx_kl: 0.0, update_epoch: 0, num_batch: 4
[2026-10-10 06:55:16,978][agent.finetune.train_ppo_diffusion_agent][INFO] - approx_kl: 0.0, update_epoch: 0, num_batch: 4
[2026-10-10 06:55:18,731][agent.finetune.train_ppo_diffusion_agent][INFO] - approx_kl: 0.0, update_epoch: 1, num_batch: 4
[2026-10-10 06:55:20,617][agent.finetune.train_ppo_diffusion_agent][INFO] - approx_kl: 0.0, update_epoch: 1, num_batch: 4
[2026-10-10 06:55:22,288][agent.finetune.train_ppo_diffusion_agent][INFO] - approx_kl: 0.0, update_epoch: 1, num_batch: 4
[2026-10-10 06:55:24,077][agent.finetune.train_ppo_diffusion_agent][INFO] - approx_kl: 0.0, update_epoch: 1, num_batch: 4
[2026-10-10 06:55:26,022][agent.finetune.train_ppo_diffusion_agent][INFO] - approx_kl: 0.0, update_epoch: 2, num_batch: 4
[2026-10-10 06:55:27,869][agent.finetune.train_ppo_diffusion_agent][INFO] - approx_kl: 0.0, update_epoch: 2, num_batch: 4
[2026-10-10 06:55:29,515][agent.finetune.train_ppo_diffusion_agent][INFO] - approx_kl: 0.0, update_epoch: 2, num_batch: 4
[2026-10-10 06:55:31,246][agent.finetune.train_ppo_diffusion_agent][INFO] - approx_kl: 0.0, update_epoch: 2, num_batch: 4
[2026-10-10 06:55:32,988][agent.finetune.train_ppo_diffusion_agent][INFO] - approx_kl: 0.0, update_epoch: 3, num_batch: 4
[2026-10-10 06:55:34,837][agent.finetune.train_ppo_diffusion_agent][INFO] - approx_kl: 0.0, update_epoch: 3, num_batch: 4
[2026-10-10 06:55:36,495][agent.finetune.train_ppo_diffusion_agent][INFO] - approx_kl: 0.0, update_epoch: 3, num_batch: 4
[2026-10-10 06:55:38,301][agent.finetune.train_ppo_diffusion_agent][INFO] - approx_kl: 0.0, update_epoch: 3, num_batch: 4
[2026-10-10 06:55:40,038][agent.finetune.train_ppo_diffusion_agent][INFO] - approx_kl: 0.0, update_epoch: 4, num_batch: 4
[2026-10-10 06:55:41,899][agent.finetune.train_ppo_diffusion_agent][INFO] - approx_kl: 0.0, update_epoch: 4, num_batch: 4
[2026-10-10 06:55:43,552][agent.finetune.train_ppo_diffusion_agent][INFO] - approx_kl: 0.0, update_epoch: 4, num_batch: 4
[2026-10-10 06:55:45,288][agent.finetune.train_ppo_diffusion_agent][INFO] - approx_kl: 0.0, update_epoch: 4, num_batch: 4
[2026-10-10 06:55:52,256][agent.finetune.train_ppo_diffusion_agent][INFO] - 51: step  3680000 | loss   0.9801 | pg loss   0.9267 | value loss   0.1067 | bc loss   0.0000 | reward 3887.3812 | eta   1.0000 | t: 56.1415 | kl_true_per_action=0.0007179766985326218 | logratio_p99=0.0456272888183591 | clamp_hit_frac=0.0008291666666666666 | actor_step_ratio=1.0 | actor_step_clipfrac=0.0
[2026-10-10 06:55:52,257][agent.finetune.stage3_support][INFO] - STAGE3_METRICS {"J_disc_train": 1369.2882591385082, "J_disc_train_se": 24.721879652855336, "action_oor_frac": 0.14004375, "adv_raw_mean": 1.3915268937125801e-14, "adv_raw_std": 235.07188907720916, "diagnostics_seconds": 0.1223689093021676, "episode_count": 80, "explained_var": 0.40661847591400146, "explained_var_reason": null, "grad_cos_prev": 0.06492397024628864, "grad_cos_prev_reason": null, "grad_norm": 21.863791966898713, "policy_action_oor_frac": 0.14008125, "proj_active": false, "reward_clip_frac": 0.0, "rollout_seconds": 13.200717711937614, "split_diff_sq": 2317.0717584032686, "split_dot": -101.24255779756714, "theta_dist": 0.016947303325528205, "theta_dist_preproj": 0.016947303325528205, "update_norm": 0.002647093110609926, "update_seconds": 42.81308211374562, "x0_sat_frac_last": 0.02402784853115979, "x0_sat_frac_mean": 0.06461297643289465}
Processed step 0 of 500
Processed step 10 of 500
Processed step 20 of 500
Processed step 30 of 500
Processed step 40 of 500
Processed step 50 of 500
Processed step 60 of 500
Processed step 70 of 500
Processed step 80 of 500
Processed step 90 of 500
Processed step 100 of 500
Processed step 110 of 500
Processed step 120 of 500
Processed step 130 of 500
Processed step 140 of 500
Processed step 150 of 500
Processed step 160 of 500
Processed step 170 of 500
Processed step 180 of 500
Processed step 190 of 500
Processed step 200 of 500
Processed step 210 of 500
Processed step 220 of 500
Processed step 230 of 500
Processed step 240 of 500
Processed step 250 of 500
Processed step 260 of 500
Processed step 270 of 500
Processed step 280 of 500
Processed step 290 of 500
Processed step 300 of 500
Processed step 310 of 500
Processed step 320 of 500
Processed step 330 of 500
Processed step 340 of 500
Processed step 350 of 500
Processed step 360 of 500
Processed step 370 of 500
Processed step 380 of 500
Processed step 390 of 500
Processed step 400 of 500
Processed step 410 of 500
Processed step 420 of 500
Processed step 430 of 500
Processed step 440 of 500
Processed step 450 of 500
Processed step 460 of 500
Processed step 470 of 500
Processed step 480 of 500
Processed step 490 of 500
[2026-10-10 06:56:07,348][agent.finetune.train_ppo_diffusion_agent][INFO] - approx_kl: 0.0, update_epoch: 0, num_batch: 4
[2026-10-10 06:56:08,987][agent.finetune.train_ppo_diffusion_agent][INFO] - approx_kl: 0.0, update_epoch: 0, num_batch: 4
[2026-10-10 06:56:10,716][agent.finetune.train_ppo_diffusion_agent][INFO] - approx_kl: 0.0, update_epoch: 0, num_batch: 4
[2026-10-10 06:56:12,443][agent.finetune.train_ppo_diffusion_agent][INFO] - approx_kl: 0.0, update_epoch: 0, num_batch: 4
[2026-10-10 06:56:14,250][agent.finetune.train_ppo_diffusion_agent][INFO] - approx_kl: 0.0, update_epoch: 1, num_batch: 4
[2026-10-10 06:56:15,868][agent.finetune.train_ppo_diffusion_agent][INFO] - approx_kl: 0.0, update_epoch: 1, num_batch: 4
[2026-10-10 06:56:17,564][agent.finetune.train_ppo_diffusion_agent][INFO] - approx_kl: 0.0, update_epoch: 1, num_batch: 4
[2026-10-10 06:56:19,301][agent.finetune.train_ppo_diffusion_agent][INFO] - approx_kl: 0.0, update_epoch: 1, num_batch: 4
[2026-10-10 06:56:21,148][agent.finetune.train_ppo_diffusion_agent][INFO] - approx_kl: 0.0, update_epoch: 2, num_batch: 4
[2026-10-10 06:56:22,778][agent.finetune.train_ppo_diffusion_agent][INFO] - approx_kl: 0.0, update_epoch: 2, num_batch: 4
[2026-10-10 06:56:24,508][agent.finetune.train_ppo_diffusion_agent][INFO] - approx_kl: 0.0, update_epoch: 2, num_batch: 4
[2026-10-10 06:56:26,232][agent.finetune.train_ppo_diffusion_agent][INFO] - approx_kl: 0.0, update_epoch: 2, num_batch: 4
[2026-10-10 06:56:28,059][agent.finetune.train_ppo_diffusion_agent][INFO] - approx_kl: 0.0, update_epoch: 3, num_batch: 4
[2026-10-10 06:56:29,706][agent.finetune.train_ppo_diffusion_agent][INFO] - approx_kl: 0.0, update_epoch: 3, num_batch: 4
[2026-10-10 06:56:31,512][agent.finetune.train_ppo_diffusion_agent][INFO] - approx_kl: 0.0, update_epoch: 3, num_batch: 4
[2026-10-10 06:56:33,287][agent.finetune.train_ppo_diffusion_agent][INFO] - approx_kl: 0.0, update_epoch: 3, num_batch: 4
[2026-10-10 06:56:35,120][agent.finetune.train_ppo_diffusion_agent][INFO] - approx_kl: 0.0, update_epoch: 4, num_batch: 4
[2026-10-10 06:56:36,750][agent.finetune.train_ppo_diffusion_agent][INFO] - approx_kl: 0.0, update_epoch: 4, num_batch: 4
[2026-10-10 06:56:38,474][agent.finetune.train_ppo_diffusion_agent][INFO] - approx_kl: 0.0, update_epoch: 4, num_batch: 4
[2026-10-10 06:56:40,189][agent.finetune.train_ppo_diffusion_agent][INFO] - approx_kl: 0.0, update_epoch: 4, num_batch: 4
[2026-10-10 06:56:47,206][agent.finetune.train_ppo_diffusion_agent][INFO] - 52: step  3760000 | loss  -0.3761 | pg loss  -0.4287 | value loss   0.1051 | bc loss   0.0000 | reward 3834.4292 | eta   1.0000 | t: 54.9494 | kl_true_per_action=0.0008077085684080888 | logratio_p99=0.04336139321327195 | clamp_hit_frac=0.0007895833333333333 | actor_step_ratio=1.0 | actor_step_clipfrac=0.0
[2026-10-10 06:56:47,206][agent.finetune.stage3_support][INFO] - STAGE3_METRICS {"J_disc_train": 1377.020465478828, "J_disc_train_se": 22.707548949802078, "action_oor_frac": 0.1380625, "adv_raw_mean": 1.3096723705530166e-14, "adv_raw_std": 268.93438869140533, "diagnostics_seconds": 0.11658708576578647, "episode_count": 80, "explained_var": 0.5586845874786377, "explained_var_reason": null, "grad_cos_prev": -0.03970173147118049, "grad_cos_prev_reason": null, "grad_norm": 23.410634856129715, "policy_action_oor_frac": 0.1380875, "proj_active": false, "reward_clip_frac": 0.0, "rollout_seconds": 13.008269920013845, "split_diff_sq": 2063.5328557505845, "split_dot": 32.17460006576344, "theta_dist": 0.017014880664170253, "theta_dist_preproj": 0.017014880664170253, "update_norm": 0.0028343904024222297, "update_seconds": 41.819889594218694, "x0_sat_frac_last": 0.023283705541770058, "x0_sat_frac_mean": 0.0636217278225416}
Processed step 0 of 500
Processed step 10 of 500
Processed step 20 of 500
Processed step 30 of 500
Processed step 40 of 500
Processed step 50 of 500
Processed step 60 of 500
Processed step 70 of 500
Processed step 80 of 500
Processed step 90 of 500
Processed step 100 of 500
Processed step 110 of 500
Processed step 120 of 500
Processed step 130 of 500
Processed step 140 of 500
Processed step 150 of 500
Processed step 160 of 500
Processed step 170 of 500
Processed step 180 of 500
Processed step 190 of 500
Processed step 200 of 500
Processed step 210 of 500
Processed step 220 of 500
Processed step 230 of 500
Processed step 240 of 500
Processed step 250 of 500
Processed step 260 of 500
Processed step 270 of 500
Processed step 280 of 500
Processed step 290 of 500
Processed step 300 of 500
Processed step 310 of 500
Processed step 320 of 500
Processed step 330 of 500
Processed step 340 of 500
Processed step 350 of 500
Processed step 360 of 500
Processed step 370 of 500
Processed step 380 of 500
Processed step 390 of 500
Processed step 400 of 500
Processed step 410 of 500
Processed step 420 of 500
Processed step 430 of 500
Processed step 440 of 500
Processed step 450 of 500
Processed step 460 of 500
Processed step 470 of 500
Processed step 480 of 500
Processed step 490 of 500
[2026-10-10 06:57:02,737][agent.finetune.train_ppo_diffusion_agent][INFO] - approx_kl: 0.0, update_epoch: 0, num_batch: 4
[2026-10-10 06:57:04,470][agent.finetune.train_ppo_diffusion_agent][INFO] - approx_kl: 0.0, update_epoch: 0, num_batch: 4
[2026-10-10 06:57:06,343][agent.finetune.train_ppo_diffusion_agent][INFO] - approx_kl: 0.0, update_epoch: 0, num_batch: 4
[2026-10-10 06:57:08,181][agent.finetune.train_ppo_diffusion_agent][INFO] - approx_kl: 0.0, update_epoch: 0, num_batch: 4
[2026-10-10 06:57:10,157][agent.finetune.train_ppo_diffusion_agent][INFO] - approx_kl: 0.0, update_epoch: 1, num_batch: 4
[2026-10-10 06:57:11,992][agent.finetune.train_ppo_diffusion_agent][INFO] - approx_kl: 0.0, update_epoch: 1, num_batch: 4
[2026-10-10 06:57:13,822][agent.finetune.train_ppo_diffusion_agent][INFO] - approx_kl: 0.0, update_epoch: 1, num_batch: 4
[2026-10-10 06:57:15,566][agent.finetune.train_ppo_diffusion_agent][INFO] - approx_kl: 0.0, update_epoch: 1, num_batch: 4
[2026-10-10 06:57:17,436][agent.finetune.train_ppo_diffusion_agent][INFO] - approx_kl: 0.0, update_epoch: 2, num_batch: 4
[2026-10-10 06:57:19,092][agent.finetune.train_ppo_diffusion_agent][INFO] - approx_kl: 0.0, update_epoch: 2, num_batch: 4
[2026-10-10 06:57:20,853][agent.finetune.train_ppo_diffusion_agent][INFO] - approx_kl: 0.0, update_epoch: 2, num_batch: 4
[2026-10-10 06:57:22,643][agent.finetune.train_ppo_diffusion_agent][INFO] - approx_kl: 0.0, update_epoch: 2, num_batch: 4
[2026-10-10 06:57:24,742][agent.finetune.train_ppo_diffusion_agent][INFO] - approx_kl: 0.0, update_epoch: 3, num_batch: 4
[2026-10-10 06:57:26,393][agent.finetune.train_ppo_diffusion_agent][INFO] - approx_kl: 0.0, update_epoch: 3, num_batch: 4
[2026-10-10 06:57:28,149][agent.finetune.train_ppo_diffusion_agent][INFO] - approx_kl: 0.0, update_epoch: 3, num_batch: 4
[2026-10-10 06:57:29,898][agent.finetune.train_ppo_diffusion_agent][INFO] - approx_kl: 0.0, update_epoch: 3, num_batch: 4
[2026-10-10 06:57:31,753][agent.finetune.train_ppo_diffusion_agent][INFO] - approx_kl: 0.0, update_epoch: 4, num_batch: 4
[2026-10-10 06:57:33,418][agent.finetune.train_ppo_diffusion_agent][INFO] - approx_kl: 0.0, update_epoch: 4, num_batch: 4
[2026-10-10 06:57:35,205][agent.finetune.train_ppo_diffusion_agent][INFO] - approx_kl: 0.0, update_epoch: 4, num_batch: 4
[2026-10-10 06:57:37,051][agent.finetune.train_ppo_diffusion_agent][INFO] - approx_kl: 0.0, update_epoch: 4, num_batch: 4
[2026-10-10 06:57:44,097][agent.finetune.train_ppo_diffusion_agent][INFO] - 53: step  3840000 | loss   0.7489 | pg loss   0.6972 | value loss   0.1035 | bc loss   0.0000 | reward 3966.8728 | eta   1.0000 | t: 56.8916 | kl_true_per_action=0.0002474533296822741 | logratio_p99=0.02132797718048092 | clamp_hit_frac=0.0008020833333333334 | actor_step_ratio=1.0 | actor_step_clipfrac=0.0
[2026-10-10 06:57:44,098][agent.finetune.stage3_support][INFO] - STAGE3_METRICS {"J_disc_train": 1409.3698764969974, "J_disc_train_se": 21.5571126536838, "action_oor_frac": 0.14043541666666667, "adv_raw_mean": -4.256435204297304e-14, "adv_raw_std": 257.1222847152758, "diagnostics_seconds": 0.12656127312220633, "episode_count": 80, "explained_var": 0.5312999188899994, "explained_var_reason": null, "grad_cos_prev": 0.011567586002325594, "grad_cos_prev_reason": null, "grad_norm": 21.379743432589272, "policy_action_oor_frac": 0.14045625, "proj_active": false, "reward_clip_frac": 0.0, "rollout_seconds": 13.0948475060286, "split_diff_sq": 1831.930225717964, "split_dot": -0.8891260921965172, "theta_dist": 0.01711863737984931, "theta_dist_preproj": 0.01711863737984931, "update_norm": 0.002588507018691162, "update_seconds": 43.66392939782236, "x0_sat_frac_last": 0.021590343454454954, "x0_sat_frac_mean": 0.06506627139683648}
Processed step 0 of 500
Processed step 10 of 500
Processed step 20 of 500
Processed step 30 of 500
Processed step 40 of 500
Processed step 50 of 500
Processed step 60 of 500
Processed step 70 of 500
Processed step 80 of 500
Processed step 90 of 500
Processed step 100 of 500
Processed step 110 of 500
Processed step 120 of 500
Processed step 130 of 500
Processed step 140 of 500
Processed step 150 of 500
Processed step 160 of 500
Processed step 170 of 500
Processed step 180 of 500
Processed step 190 of 500
Processed step 200 of 500
Processed step 210 of 500
Processed step 220 of 500
Processed step 230 of 500
Processed step 240 of 500
Processed step 250 of 500
Processed step 260 of 500
Processed step 270 of 500
Processed step 280 of 500
Processed step 290 of 500
Processed step 300 of 500
Processed step 310 of 500
Processed step 320 of 500
Processed step 330 of 500
Processed step 340 of 500
Processed step 350 of 500
Processed step 360 of 500
Processed step 370 of 500
Processed step 380 of 500
Processed step 390 of 500
Processed step 400 of 500
Processed step 410 of 500
Processed step 420 of 500
Processed step 430 of 500
Processed step 440 of 500
Processed step 450 of 500
Processed step 460 of 500
Processed step 470 of 500
Processed step 480 of 500
Processed step 490 of 500
[2026-10-10 06:57:58,994][agent.finetune.train_ppo_diffusion_agent][INFO] - approx_kl: 0.0, update_epoch: 0, num_batch: 4
[2026-10-10 06:58:00,639][agent.finetune.train_ppo_diffusion_agent][INFO] - approx_kl: 0.0, update_epoch: 0, num_batch: 4
[2026-10-10 06:58:02,379][agent.finetune.train_ppo_diffusion_agent][INFO] - approx_kl: 0.0, update_epoch: 0, num_batch: 4
[2026-10-10 06:58:04,222][agent.finetune.train_ppo_diffusion_agent][INFO] - approx_kl: 0.0, update_epoch: 0, num_batch: 4
[2026-10-10 06:58:05,838][agent.finetune.train_ppo_diffusion_agent][INFO] - approx_kl: 0.0, update_epoch: 1, num_batch: 4
[2026-10-10 06:58:07,626][agent.finetune.train_ppo_diffusion_agent][INFO] - approx_kl: 0.0, update_epoch: 1, num_batch: 4
[2026-10-10 06:58:09,396][agent.finetune.train_ppo_diffusion_agent][INFO] - approx_kl: 0.0, update_epoch: 1, num_batch: 4
[2026-10-10 06:58:11,238][agent.finetune.train_ppo_diffusion_agent][INFO] - approx_kl: 0.0, update_epoch: 1, num_batch: 4
[2026-10-10 06:58:12,883][agent.finetune.train_ppo_diffusion_agent][INFO] - approx_kl: 0.0, update_epoch: 2, num_batch: 4
[2026-10-10 06:58:14,610][agent.finetune.train_ppo_diffusion_agent][INFO] - approx_kl: 0.0, update_epoch: 2, num_batch: 4
[2026-10-10 06:58:16,351][agent.finetune.train_ppo_diffusion_agent][INFO] - approx_kl: 0.0, update_epoch: 2, num_batch: 4
[2026-10-10 06:58:18,179][agent.finetune.train_ppo_diffusion_agent][INFO] - approx_kl: 0.0, update_epoch: 2, num_batch: 4
[2026-10-10 06:58:19,846][agent.finetune.train_ppo_diffusion_agent][INFO] - approx_kl: 0.0, update_epoch: 3, num_batch: 4
[2026-10-10 06:58:21,570][agent.finetune.train_ppo_diffusion_agent][INFO] - approx_kl: 0.0, update_epoch: 3, num_batch: 4
[2026-10-10 06:58:23,326][agent.finetune.train_ppo_diffusion_agent][INFO] - approx_kl: 0.0, update_epoch: 3, num_batch: 4
[2026-10-10 06:58:25,158][agent.finetune.train_ppo_diffusion_agent][INFO] - approx_kl: 0.0, update_epoch: 3, num_batch: 4
[2026-10-10 06:58:26,804][agent.finetune.train_ppo_diffusion_agent][INFO] - approx_kl: 0.0, update_epoch: 4, num_batch: 4
[2026-10-10 06:58:28,514][agent.finetune.train_ppo_diffusion_agent][INFO] - approx_kl: 0.0, update_epoch: 4, num_batch: 4
[2026-10-10 06:58:30,244][agent.finetune.train_ppo_diffusion_agent][INFO] - approx_kl: 0.0, update_epoch: 4, num_batch: 4
[2026-10-10 06:58:32,097][agent.finetune.train_ppo_diffusion_agent][INFO] - approx_kl: 0.0, update_epoch: 4, num_batch: 4
[2026-10-10 06:58:39,144][agent.finetune.train_ppo_diffusion_agent][INFO] - 54: step  3920000 | loss   0.0081 | pg loss  -0.0449 | value loss   0.1060 | bc loss   0.0000 | reward 4008.5815 | eta   1.0000 | t: 55.0471 | kl_true_per_action=0.0001966411861873038 | logratio_p99=0.02051723361015314 | clamp_hit_frac=0.0008479166666666666 | actor_step_ratio=1.0 | actor_step_clipfrac=0.0
[2026-10-10 06:58:39,145][agent.finetune.stage3_support][INFO] - STAGE3_METRICS {"J_disc_train": 1416.4720672326962, "J_disc_train_se": 16.918204516147153, "action_oor_frac": 0.1408375, "adv_raw_mean": -1.9736035028472543e-14, "adv_raw_std": 201.34143778655005, "diagnostics_seconds": 0.13088391989003867, "episode_count": 80, "explained_var": 0.43311113119125366, "explained_var_reason": null, "grad_cos_prev": 0.005993866611209294, "grad_cos_prev_reason": null, "grad_norm": 15.425125080040656, "policy_action_oor_frac": 0.14085625, "proj_active": false, "reward_clip_frac": 0.0, "rollout_seconds": 12.813243452925235, "split_diff_sq": 990.2893258356789, "split_dot": -9.63785245701488, "theta_dist": 0.017318064993158026, "theta_dist_preproj": 0.017318064993158026, "update_norm": 0.0018675748645440263, "update_seconds": 42.09907717513852, "x0_sat_frac_last": 0.022798742138364782, "x0_sat_frac_mean": 0.06546359055055724}
Processed step 0 of 500
Processed step 10 of 500
Processed step 20 of 500
Processed step 30 of 500
Processed step 40 of 500
Processed step 50 of 500
Processed step 60 of 500
Processed step 70 of 500
Processed step 80 of 500
Processed step 90 of 500
Processed step 100 of 500
Processed step 110 of 500
Processed step 120 of 500
Processed step 130 of 500
Processed step 140 of 500
Processed step 150 of 500
Processed step 160 of 500
Processed step 170 of 500
Processed step 180 of 500
Processed step 190 of 500
Processed step 200 of 500
Processed step 210 of 500
Processed step 220 of 500
Processed step 230 of 500
Processed step 240 of 500
Processed step 250 of 500
Processed step 260 of 500
Processed step 270 of 500
Processed step 280 of 500
Processed step 290 of 500
Processed step 300 of 500
Processed step 310 of 500
Processed step 320 of 500
Processed step 330 of 500
Processed step 340 of 500
Processed step 350 of 500
Processed step 360 of 500
Processed step 370 of 500
Processed step 380 of 500
Processed step 390 of 500
Processed step 400 of 500
Processed step 410 of 500
Processed step 420 of 500
Processed step 430 of 500
Processed step 440 of 500
Processed step 450 of 500
Processed step 460 of 500
Processed step 470 of 500
Processed step 480 of 500
Processed step 490 of 500
[2026-10-10 06:58:54,249][agent.finetune.train_ppo_diffusion_agent][INFO] - approx_kl: 0.0, update_epoch: 0, num_batch: 4
[2026-10-10 06:58:56,150][agent.finetune.train_ppo_diffusion_agent][INFO] - approx_kl: 0.0, update_epoch: 0, num_batch: 4
[2026-10-10 06:58:58,049][agent.finetune.train_ppo_diffusion_agent][INFO] - approx_kl: 0.0, update_epoch: 0, num_batch: 4
[2026-10-10 06:59:00,084][agent.finetune.train_ppo_diffusion_agent][INFO] - approx_kl: 0.0, update_epoch: 0, num_batch: 4
[2026-10-10 06:59:01,852][agent.finetune.train_ppo_diffusion_agent][INFO] - approx_kl: 0.0, update_epoch: 1, num_batch: 4
[2026-10-10 06:59:03,727][agent.finetune.train_ppo_diffusion_agent][INFO] - approx_kl: 0.0, update_epoch: 1, num_batch: 4
[2026-10-10 06:59:05,725][agent.finetune.train_ppo_diffusion_agent][INFO] - approx_kl: 0.0, update_epoch: 1, num_batch: 4
[2026-10-10 06:59:07,860][agent.finetune.train_ppo_diffusion_agent][INFO] - approx_kl: 0.0, update_epoch: 1, num_batch: 4
[2026-10-10 06:59:09,605][agent.finetune.train_ppo_diffusion_agent][INFO] - approx_kl: 0.0, update_epoch: 2, num_batch: 4
[2026-10-10 06:59:11,482][agent.finetune.train_ppo_diffusion_agent][INFO] - approx_kl: 0.0, update_epoch: 2, num_batch: 4
[2026-10-10 06:59:13,303][agent.finetune.train_ppo_diffusion_agent][INFO] - approx_kl: 0.0, update_epoch: 2, num_batch: 4
[2026-10-10 06:59:15,269][agent.finetune.train_ppo_diffusion_agent][INFO] - approx_kl: 0.0, update_epoch: 2, num_batch: 4
[2026-10-10 06:59:17,032][agent.finetune.train_ppo_diffusion_agent][INFO] - approx_kl: 0.0, update_epoch: 3, num_batch: 4
[2026-10-10 06:59:18,983][agent.finetune.train_ppo_diffusion_agent][INFO] - approx_kl: 0.0, update_epoch: 3, num_batch: 4
[2026-10-10 06:59:20,821][agent.finetune.train_ppo_diffusion_agent][INFO] - approx_kl: 0.0, update_epoch: 3, num_batch: 4
[2026-10-10 06:59:22,797][agent.finetune.train_ppo_diffusion_agent][INFO] - approx_kl: 0.0, update_epoch: 3, num_batch: 4
[2026-10-10 06:59:24,544][agent.finetune.train_ppo_diffusion_agent][INFO] - approx_kl: 0.0, update_epoch: 4, num_batch: 4
[2026-10-10 06:59:26,380][agent.finetune.train_ppo_diffusion_agent][INFO] - approx_kl: 0.0, update_epoch: 4, num_batch: 4
[2026-10-10 06:59:28,225][agent.finetune.train_ppo_diffusion_agent][INFO] - approx_kl: 0.0, update_epoch: 4, num_batch: 4
[2026-10-10 06:59:30,237][agent.finetune.train_ppo_diffusion_agent][INFO] - approx_kl: 0.0, update_epoch: 4, num_batch: 4
[2026-10-10 06:59:37,665][agent.finetune.train_ppo_diffusion_agent][INFO] - 55: step  4000000 | loss   0.4905 | pg loss   0.4386 | value loss   0.1037 | bc loss   0.0000 | reward 3960.9613 | eta   1.0000 | t: 58.5210 | kl_true_per_action=0.0008887755958419479 | logratio_p99=0.051228617429733204 | clamp_hit_frac=0.00079375 | actor_step_ratio=1.0 | actor_step_clipfrac=0.0
[2026-10-10 06:59:37,666][agent.finetune.stage3_support][INFO] - STAGE3_METRICS {"J_disc_train": 1421.235563682816, "J_disc_train_se": 19.16596468633747, "action_oor_frac": 0.13984375, "adv_raw_mean": -9.64064383879304e-15, "adv_raw_std": 246.9037162111255, "diagnostics_seconds": 0.11857995192985982, "episode_count": 80, "explained_var": 0.4808039665222168, "explained_var_reason": null, "grad_cos_prev": 0.008509149480016846, "grad_cos_prev_reason": null, "grad_norm": 20.092058511890965, "policy_action_oor_frac": 0.13985416666666667, "proj_active": false, "reward_clip_frac": 0.0, "rollout_seconds": 13.12776935310103, "split_diff_sq": 1539.3535004814185, "split_dot": 18.852427288499776, "theta_dist": 0.017677252985645316, "theta_dist_preproj": 0.017677252985645316, "update_norm": 0.0024326000671257104, "update_seconds": 45.269871980068274, "x0_sat_frac_last": 0.02152428810720268, "x0_sat_frac_mean": 0.06524158734091667}
Processed step 0 of 500
Processed step 10 of 500
Processed step 20 of 500
Processed step 30 of 500
Processed step 40 of 500
Processed step 50 of 500
Processed step 60 of 500
Processed step 70 of 500
Processed step 80 of 500
Processed step 90 of 500
Processed step 100 of 500
Processed step 110 of 500
Processed step 120 of 500
Processed step 130 of 500
Processed step 140 of 500
Processed step 150 of 500
Processed step 160 of 500
Processed step 170 of 500
Processed step 180 of 500
Processed step 190 of 500
Processed step 200 of 500
Processed step 210 of 500
Processed step 220 of 500
Processed step 230 of 500
Processed step 240 of 500
Processed step 250 of 500
Processed step 260 of 500
Processed step 270 of 500
Processed step 280 of 500
Processed step 290 of 500
Processed step 300 of 500
Processed step 310 of 500
Processed step 320 of 500
Processed step 330 of 500
Processed step 340 of 500
Processed step 350 of 500
Processed step 360 of 500
Processed step 370 of 500
Processed step 380 of 500
Processed step 390 of 500
Processed step 400 of 500
Processed step 410 of 500
Processed step 420 of 500
Processed step 430 of 500
Processed step 440 of 500
Processed step 450 of 500
Processed step 460 of 500
Processed step 470 of 500
Processed step 480 of 500
Processed step 490 of 500
[2026-10-10 06:59:52,546][agent.finetune.train_ppo_diffusion_agent][INFO] - approx_kl: 0.0, update_epoch: 0, num_batch: 4
[2026-10-10 06:59:54,396][agent.finetune.train_ppo_diffusion_agent][INFO] - approx_kl: 0.0, update_epoch: 0, num_batch: 4
[2026-10-10 06:59:56,242][agent.finetune.train_ppo_diffusion_agent][INFO] - approx_kl: 0.0, update_epoch: 0, num_batch: 4
[2026-10-10 06:59:58,172][agent.finetune.train_ppo_diffusion_agent][INFO] - approx_kl: 0.0, update_epoch: 0, num_batch: 4
[2026-10-10 06:59:59,903][agent.finetune.train_ppo_diffusion_agent][INFO] - approx_kl: 0.0, update_epoch: 1, num_batch: 4
[2026-10-10 07:00:01,725][agent.finetune.train_ppo_diffusion_agent][INFO] - approx_kl: 0.0, update_epoch: 1, num_batch: 4
[2026-10-10 07:00:03,534][agent.finetune.train_ppo_diffusion_agent][INFO] - approx_kl: 0.0, update_epoch: 1, num_batch: 4
[2026-10-10 07:00:05,487][agent.finetune.train_ppo_diffusion_agent][INFO] - approx_kl: 0.0, update_epoch: 1, num_batch: 4
[2026-10-10 07:00:07,244][agent.finetune.train_ppo_diffusion_agent][INFO] - approx_kl: 0.0, update_epoch: 2, num_batch: 4
[2026-10-10 07:00:09,104][agent.finetune.train_ppo_diffusion_agent][INFO] - approx_kl: 0.0, update_epoch: 2, num_batch: 4
[2026-10-10 07:00:10,936][agent.finetune.train_ppo_diffusion_agent][INFO] - approx_kl: 0.0, update_epoch: 2, num_batch: 4
[2026-10-10 07:00:12,857][agent.finetune.train_ppo_diffusion_agent][INFO] - approx_kl: 0.0, update_epoch: 2, num_batch: 4
[2026-10-10 07:00:14,598][agent.finetune.train_ppo_diffusion_agent][INFO] - approx_kl: 0.0, update_epoch: 3, num_batch: 4
[2026-10-10 07:00:16,429][agent.finetune.train_ppo_diffusion_agent][INFO] - approx_kl: 0.0, update_epoch: 3, num_batch: 4
[2026-10-10 07:00:18,327][agent.finetune.train_ppo_diffusion_agent][INFO] - approx_kl: 0.0, update_epoch: 3, num_batch: 4
[2026-10-10 07:00:20,317][agent.finetune.train_ppo_diffusion_agent][INFO] - approx_kl: 0.0, update_epoch: 3, num_batch: 4
[2026-10-10 07:00:22,111][agent.finetune.train_ppo_diffusion_agent][INFO] - approx_kl: 0.0, update_epoch: 4, num_batch: 4
[2026-10-10 07:00:23,999][agent.finetune.train_ppo_diffusion_agent][INFO] - approx_kl: 0.0, update_epoch: 4, num_batch: 4
[2026-10-10 07:00:25,856][agent.finetune.train_ppo_diffusion_agent][INFO] - approx_kl: 0.0, update_epoch: 4, num_batch: 4
[2026-10-10 07:00:27,812][agent.finetune.train_ppo_diffusion_agent][INFO] - approx_kl: 0.0, update_epoch: 4, num_batch: 4
[2026-10-10 07:00:35,297][agent.finetune.train_ppo_diffusion_agent][INFO] - 56: step  4080000 | loss  -0.9850 | pg loss  -1.0385 | value loss   0.1071 | bc loss   0.0000 | reward 4018.6704 | eta   1.0000 | t: 57.6313 | kl_true_per_action=0.00020345143928692476 | logratio_p99=0.019998800754547116 | clamp_hit_frac=0.00076875 | actor_step_ratio=1.0 | actor_step_clipfrac=0.0
[2026-10-10 07:00:35,297][agent.finetune.stage3_support][INFO] - STAGE3_METRICS {"J_disc_train": 1416.6689306102066, "J_disc_train_se": 17.274641022703822, "action_oor_frac": 0.14192291666666668, "adv_raw_mean": 6.548361852765083e-15, "adv_raw_std": 192.15098941623128, "diagnostics_seconds": 0.10999633208848536, "episode_count": 80, "explained_var": 0.38496387004852295, "explained_var_reason": null, "grad_cos_prev": -0.004950546606149883, "grad_cos_prev_reason": null, "grad_norm": 16.717162209014266, "policy_action_oor_frac": 0.14195416666666666, "proj_active": false, "reward_clip_frac": 0.0, "rollout_seconds": 12.930034848977812, "split_diff_sq": 1161.3142355141404, "split_dot": -10.865041378687252, "theta_dist": 0.017751680229972772, "theta_dist_preproj": 0.017751680229972772, "update_norm": 0.0020239951302429304, "update_seconds": 44.58682935289107, "x0_sat_frac_last": 0.023667006282900322, "x0_sat_frac_mean": 0.06585938468389645}
Processed step 0 of 500
Processed step 10 of 500
Processed step 20 of 500
Processed step 30 of 500
Processed step 40 of 500
Processed step 50 of 500
Processed step 60 of 500
Processed step 70 of 500
Processed step 80 of 500
Processed step 90 of 500
Processed step 100 of 500
Processed step 110 of 500
Processed step 120 of 500
Processed step 130 of 500
Processed step 140 of 500
Processed step 150 of 500
Processed step 160 of 500
Processed step 170 of 500
Processed step 180 of 500
Processed step 190 of 500
Processed step 200 of 500
Processed step 210 of 500
Processed step 220 of 500
Processed step 230 of 500
Processed step 240 of 500
Processed step 250 of 500
Processed step 260 of 500
Processed step 270 of 500
Processed step 280 of 500
Processed step 290 of 500
Processed step 300 of 500
Processed step 310 of 500
Processed step 320 of 500
Processed step 330 of 500
Processed step 340 of 500
Processed step 350 of 500
Processed step 360 of 500
Processed step 370 of 500
Processed step 380 of 500
Processed step 390 of 500
Processed step 400 of 500
Processed step 410 of 500
Processed step 420 of 500
Processed step 430 of 500
Processed step 440 of 500
Processed step 450 of 500
Processed step 460 of 500
Processed step 470 of 500
Processed step 480 of 500
Processed step 490 of 500
[2026-10-10 07:00:50,473][agent.finetune.train_ppo_diffusion_agent][INFO] - approx_kl: 0.0, update_epoch: 0, num_batch: 4
[2026-10-10 07:00:52,280][agent.finetune.train_ppo_diffusion_agent][INFO] - approx_kl: 0.0, update_epoch: 0, num_batch: 4
[2026-10-10 07:00:54,062][agent.finetune.train_ppo_diffusion_agent][INFO] - approx_kl: 0.0, update_epoch: 0, num_batch: 4
[2026-10-10 07:00:55,975][agent.finetune.train_ppo_diffusion_agent][INFO] - approx_kl: 0.0, update_epoch: 0, num_batch: 4
[2026-10-10 07:00:57,632][agent.finetune.train_ppo_diffusion_agent][INFO] - approx_kl: 0.0, update_epoch: 1, num_batch: 4
[2026-10-10 07:00:59,421][agent.finetune.train_ppo_diffusion_agent][INFO] - approx_kl: 0.0, update_epoch: 1, num_batch: 4
[2026-10-10 07:01:01,219][agent.finetune.train_ppo_diffusion_agent][INFO] - approx_kl: 0.0, update_epoch: 1, num_batch: 4
[2026-10-10 07:01:03,111][agent.finetune.train_ppo_diffusion_agent][INFO] - approx_kl: 0.0, update_epoch: 1, num_batch: 4
[2026-10-10 07:01:04,760][agent.finetune.train_ppo_diffusion_agent][INFO] - approx_kl: 0.0, update_epoch: 2, num_batch: 4
[2026-10-10 07:01:06,518][agent.finetune.train_ppo_diffusion_agent][INFO] - approx_kl: 0.0, update_epoch: 2, num_batch: 4
[2026-10-10 07:01:08,329][agent.finetune.train_ppo_diffusion_agent][INFO] - approx_kl: 0.0, update_epoch: 2, num_batch: 4
[2026-10-10 07:01:10,239][agent.finetune.train_ppo_diffusion_agent][INFO] - approx_kl: 0.0, update_epoch: 2, num_batch: 4
[2026-10-10 07:01:11,889][agent.finetune.train_ppo_diffusion_agent][INFO] - approx_kl: 0.0, update_epoch: 3, num_batch: 4
[2026-10-10 07:01:13,652][agent.finetune.train_ppo_diffusion_agent][INFO] - approx_kl: 0.0, update_epoch: 3, num_batch: 4
[2026-10-10 07:01:15,443][agent.finetune.train_ppo_diffusion_agent][INFO] - approx_kl: 0.0, update_epoch: 3, num_batch: 4
[2026-10-10 07:01:17,534][agent.finetune.train_ppo_diffusion_agent][INFO] - approx_kl: 0.0, update_epoch: 3, num_batch: 4
[2026-10-10 07:01:19,157][agent.finetune.train_ppo_diffusion_agent][INFO] - approx_kl: 0.0, update_epoch: 4, num_batch: 4
[2026-10-10 07:01:20,877][agent.finetune.train_ppo_diffusion_agent][INFO] - approx_kl: 0.0, update_epoch: 4, num_batch: 4
[2026-10-10 07:01:22,641][agent.finetune.train_ppo_diffusion_agent][INFO] - approx_kl: 0.0, update_epoch: 4, num_batch: 4
[2026-10-10 07:01:24,483][agent.finetune.train_ppo_diffusion_agent][INFO] - approx_kl: 0.0, update_epoch: 4, num_batch: 4
[2026-10-10 07:01:31,595][agent.finetune.train_ppo_diffusion_agent][INFO] - 57: step  4160000 | loss  -1.0129 | pg loss  -1.0667 | value loss   0.1076 | bc loss   0.0000 | reward 3871.5130 | eta   1.0000 | t: 56.2986 | kl_true_per_action=0.0003361216018876405 | logratio_p99=0.024836346507072365 | clamp_hit_frac=0.0007958333333333333 | actor_step_ratio=1.0 | actor_step_clipfrac=0.0
[2026-10-10 07:01:31,596][agent.finetune.stage3_support][INFO] - STAGE3_METRICS {"J_disc_train": 1405.7227292358134, "J_disc_train_se": 23.87628609783238, "action_oor_frac": 0.13792708333333334, "adv_raw_mean": -2.8558133635669944e-14, "adv_raw_std": 288.2785329879367, "diagnostics_seconds": 0.12661707017105073, "episode_count": 80, "explained_var": 0.6166674494743347, "explained_var_reason": null, "grad_cos_prev": 0.008757830876932755, "grad_cos_prev_reason": null, "grad_norm": 24.506572298636982, "policy_action_oor_frac": 0.13795, "proj_active": false, "reward_clip_frac": 0.0, "rollout_seconds": 13.184257586952299, "split_diff_sq": 2332.2952225064932, "split_dot": 17.498266091673916, "theta_dist": 0.018037346101399357, "theta_dist_preproj": 0.018037346101399357, "update_norm": 0.0029670692443483073, "update_seconds": 42.9842599198455, "x0_sat_frac_last": 0.023265651438240272, "x0_sat_frac_mean": 0.06414870857470852}
Processed step 0 of 500
Processed step 10 of 500
Processed step 20 of 500
Processed step 30 of 500
Processed step 40 of 500
Processed step 50 of 500
Processed step 60 of 500
Processed step 70 of 500
Processed step 80 of 500
Processed step 90 of 500
Processed step 100 of 500
Processed step 110 of 500
Processed step 120 of 500
Processed step 130 of 500
Processed step 140 of 500
Processed step 150 of 500
Processed step 160 of 500
Processed step 170 of 500
Processed step 180 of 500
Processed step 190 of 500
Processed step 200 of 500
Processed step 210 of 500
Processed step 220 of 500
Processed step 230 of 500
Processed step 240 of 500
Processed step 250 of 500
Processed step 260 of 500
Processed step 270 of 500
Processed step 280 of 500
Processed step 290 of 500
Processed step 300 of 500
Processed step 310 of 500
Processed step 320 of 500
Processed step 330 of 500
Processed step 340 of 500
Processed step 350 of 500
Processed step 360 of 500
Processed step 370 of 500
Processed step 380 of 500
Processed step 390 of 500
Processed step 400 of 500
Processed step 410 of 500
Processed step 420 of 500
Processed step 430 of 500
Processed step 440 of 500
Processed step 450 of 500
Processed step 460 of 500
Processed step 470 of 500
Processed step 480 of 500
Processed step 490 of 500
[2026-10-10 07:01:46,416][agent.finetune.train_ppo_diffusion_agent][INFO] - approx_kl: 0.0, update_epoch: 0, num_batch: 4
[2026-10-10 07:01:48,126][agent.finetune.train_ppo_diffusion_agent][INFO] - approx_kl: 0.0, update_epoch: 0, num_batch: 4
[2026-10-10 07:01:49,944][agent.finetune.train_ppo_diffusion_agent][INFO] - approx_kl: 0.0, update_epoch: 0, num_batch: 4
[2026-10-10 07:01:51,586][agent.finetune.train_ppo_diffusion_agent][INFO] - approx_kl: 0.0, update_epoch: 0, num_batch: 4
[2026-10-10 07:01:53,318][agent.finetune.train_ppo_diffusion_agent][INFO] - approx_kl: 0.0, update_epoch: 1, num_batch: 4
[2026-10-10 07:01:55,052][agent.finetune.train_ppo_diffusion_agent][INFO] - approx_kl: 0.0, update_epoch: 1, num_batch: 4
[2026-10-10 07:01:56,893][agent.finetune.train_ppo_diffusion_agent][INFO] - approx_kl: 0.0, update_epoch: 1, num_batch: 4
[2026-10-10 07:01:58,529][agent.finetune.train_ppo_diffusion_agent][INFO] - approx_kl: 0.0, update_epoch: 1, num_batch: 4
[2026-10-10 07:02:00,241][agent.finetune.train_ppo_diffusion_agent][INFO] - approx_kl: 0.0, update_epoch: 2, num_batch: 4
[2026-10-10 07:02:01,950][agent.finetune.train_ppo_diffusion_agent][INFO] - approx_kl: 0.0, update_epoch: 2, num_batch: 4
[2026-10-10 07:02:03,790][agent.finetune.train_ppo_diffusion_agent][INFO] - approx_kl: 0.0, update_epoch: 2, num_batch: 4
[2026-10-10 07:02:05,435][agent.finetune.train_ppo_diffusion_agent][INFO] - approx_kl: 0.0, update_epoch: 2, num_batch: 4
[2026-10-10 07:02:07,171][agent.finetune.train_ppo_diffusion_agent][INFO] - approx_kl: 0.0, update_epoch: 3, num_batch: 4
[2026-10-10 07:02:08,908][agent.finetune.train_ppo_diffusion_agent][INFO] - approx_kl: 0.0, update_epoch: 3, num_batch: 4
[2026-10-10 07:02:10,762][agent.finetune.train_ppo_diffusion_agent][INFO] - approx_kl: 0.0, update_epoch: 3, num_batch: 4
[2026-10-10 07:02:12,406][agent.finetune.train_ppo_diffusion_agent][INFO] - approx_kl: 0.0, update_epoch: 3, num_batch: 4
[2026-10-10 07:02:14,135][agent.finetune.train_ppo_diffusion_agent][INFO] - approx_kl: 0.0, update_epoch: 4, num_batch: 4
[2026-10-10 07:02:15,835][agent.finetune.train_ppo_diffusion_agent][INFO] - approx_kl: 0.0, update_epoch: 4, num_batch: 4
[2026-10-10 07:02:17,654][agent.finetune.train_ppo_diffusion_agent][INFO] - approx_kl: 0.0, update_epoch: 4, num_batch: 4
[2026-10-10 07:02:19,340][agent.finetune.train_ppo_diffusion_agent][INFO] - approx_kl: 0.0, update_epoch: 4, num_batch: 4
[2026-10-10 07:02:26,320][agent.finetune.train_ppo_diffusion_agent][INFO] - 58: step  4240000 | loss   0.2130 | pg loss   0.1600 | value loss   0.1059 | bc loss   0.0000 | reward 3889.9935 | eta   1.0000 | t: 54.7252 | kl_true_per_action=0.0020867857805507545 | logratio_p99=0.08466672658920271 | clamp_hit_frac=0.00080625 | actor_step_ratio=1.0 | actor_step_clipfrac=0.0
[2026-10-10 07:02:26,321][agent.finetune.stage3_support][INFO] - STAGE3_METRICS {"J_disc_train": 1394.5140861810062, "J_disc_train_se": 23.661805153129325, "action_oor_frac": 0.13759791666666665, "adv_raw_mean": -7.275957614183426e-16, "adv_raw_std": 275.7907626022864, "diagnostics_seconds": 0.11621556512545794, "episode_count": 80, "explained_var": 0.5976472198963165, "explained_var_reason": null, "grad_cos_prev": 0.002608317051303745, "grad_cos_prev_reason": null, "grad_norm": 23.78101244101938, "policy_action_oor_frac": 0.137625, "proj_active": false, "reward_clip_frac": 0.0, "rollout_seconds": 12.976469484041445, "split_diff_sq": 2201.318031880169, "split_dot": 15.207067003718741, "theta_dist": 0.018336494095796407, "theta_dist_preproj": 0.018336494095796407, "update_norm": 0.0028792344647496633, "update_seconds": 41.62842874391936, "x0_sat_frac_last": 0.021004842615012106, "x0_sat_frac_mean": 0.06364156024315573}
Processed step 0 of 500
Processed step 10 of 500
Processed step 20 of 500
Processed step 30 of 500
Processed step 40 of 500
Processed step 50 of 500
Processed step 60 of 500
Processed step 70 of 500
Processed step 80 of 500
Processed step 90 of 500
Processed step 100 of 500
Processed step 110 of 500
Processed step 120 of 500
Processed step 130 of 500
Processed step 140 of 500
Processed step 150 of 500
Processed step 160 of 500
Processed step 170 of 500
Processed step 180 of 500
Processed step 190 of 500
Processed step 200 of 500
Processed step 210 of 500
Processed step 220 of 500
Processed step 230 of 500
Processed step 240 of 500
Processed step 250 of 500
Processed step 260 of 500
Processed step 270 of 500
Processed step 280 of 500
Processed step 290 of 500
Processed step 300 of 500
Processed step 310 of 500
Processed step 320 of 500
Processed step 330 of 500
Processed step 340 of 500
Processed step 350 of 500
Processed step 360 of 500
Processed step 370 of 500
Processed step 380 of 500
Processed step 390 of 500
Processed step 400 of 500
Processed step 410 of 500
Processed step 420 of 500
Processed step 430 of 500
Processed step 440 of 500
Processed step 450 of 500
Processed step 460 of 500
Processed step 470 of 500
Processed step 480 of 500
Processed step 490 of 500
[2026-10-10 07:02:41,195][agent.finetune.train_ppo_diffusion_agent][INFO] - approx_kl: 0.0, update_epoch: 0, num_batch: 4
[2026-10-10 07:02:42,921][agent.finetune.train_ppo_diffusion_agent][INFO] - approx_kl: 0.0, update_epoch: 0, num_batch: 4
[2026-10-10 07:02:44,755][agent.finetune.train_ppo_diffusion_agent][INFO] - approx_kl: 0.0, update_epoch: 0, num_batch: 4
[2026-10-10 07:02:46,394][agent.finetune.train_ppo_diffusion_agent][INFO] - approx_kl: 0.0, update_epoch: 0, num_batch: 4
[2026-10-10 07:02:48,126][agent.finetune.train_ppo_diffusion_agent][INFO] - approx_kl: 0.0, update_epoch: 1, num_batch: 4
[2026-10-10 07:02:49,841][agent.finetune.train_ppo_diffusion_agent][INFO] - approx_kl: 0.0, update_epoch: 1, num_batch: 4
[2026-10-10 07:02:51,728][agent.finetune.train_ppo_diffusion_agent][INFO] - approx_kl: 0.0, update_epoch: 1, num_batch: 4
[2026-10-10 07:02:53,390][agent.finetune.train_ppo_diffusion_agent][INFO] - approx_kl: 0.0, update_epoch: 1, num_batch: 4
[2026-10-10 07:02:55,113][agent.finetune.train_ppo_diffusion_agent][INFO] - approx_kl: 0.0, update_epoch: 2, num_batch: 4
[2026-10-10 07:02:56,834][agent.finetune.train_ppo_diffusion_agent][INFO] - approx_kl: 0.0, update_epoch: 2, num_batch: 4
[2026-10-10 07:02:58,615][agent.finetune.train_ppo_diffusion_agent][INFO] - approx_kl: 0.0, update_epoch: 2, num_batch: 4
[2026-10-10 07:03:00,223][agent.finetune.train_ppo_diffusion_agent][INFO] - approx_kl: 0.0, update_epoch: 2, num_batch: 4
[2026-10-10 07:03:01,971][agent.finetune.train_ppo_diffusion_agent][INFO] - approx_kl: 0.0, update_epoch: 3, num_batch: 4
[2026-10-10 07:03:03,714][agent.finetune.train_ppo_diffusion_agent][INFO] - approx_kl: 0.0, update_epoch: 3, num_batch: 4
[2026-10-10 07:03:05,541][agent.finetune.train_ppo_diffusion_agent][INFO] - approx_kl: 0.0, update_epoch: 3, num_batch: 4
[2026-10-10 07:03:07,187][agent.finetune.train_ppo_diffusion_agent][INFO] - approx_kl: 0.0, update_epoch: 3, num_batch: 4
[2026-10-10 07:03:08,925][agent.finetune.train_ppo_diffusion_agent][INFO] - approx_kl: 0.0, update_epoch: 4, num_batch: 4
[2026-10-10 07:03:10,665][agent.finetune.train_ppo_diffusion_agent][INFO] - approx_kl: 0.0, update_epoch: 4, num_batch: 4
[2026-10-10 07:03:12,465][agent.finetune.train_ppo_diffusion_agent][INFO] - approx_kl: 0.0, update_epoch: 4, num_batch: 4
[2026-10-10 07:03:14,099][agent.finetune.train_ppo_diffusion_agent][INFO] - approx_kl: 0.0, update_epoch: 4, num_batch: 4
[2026-10-10 07:03:21,086][agent.finetune.train_ppo_diffusion_agent][INFO] - 59: step  4320000 | loss   0.2152 | pg loss   0.1618 | value loss   0.1069 | bc loss   0.0000 | reward 3945.4481 | eta   1.0000 | t: 54.7655 | kl_true_per_action=0.0005863318862556959 | logratio_p99=0.035642375946044885 | clamp_hit_frac=0.0007854166666666667 | actor_step_ratio=1.0 | actor_step_clipfrac=0.0
[2026-10-10 07:03:21,086][agent.finetune.stage3_support][INFO] - STAGE3_METRICS {"J_disc_train": 1405.0099346348666, "J_disc_train_se": 21.942480804534174, "action_oor_frac": 0.14118333333333333, "adv_raw_mean": -1.2369127944111823e-14, "adv_raw_std": 261.1488391702044, "diagnostics_seconds": 0.11807063117157668, "episode_count": 80, "explained_var": 0.5239687561988831, "explained_var_reason": null, "grad_cos_prev": 0.023267542180932268, "grad_cos_prev_reason": null, "grad_norm": 22.759862326468053, "policy_action_oor_frac": 0.14120208333333334, "proj_active": false, "reward_clip_frac": 0.0, "rollout_seconds": 12.866789084975608, "split_diff_sq": 1911.76127968463, "split_dot": 40.071003602739665, "theta_dist": 0.018567891163961733, "theta_dist_preproj": 0.018567891163961733, "update_norm": 0.0027555930119500895, "update_seconds": 41.77644620393403, "x0_sat_frac_last": 0.026086956521739132, "x0_sat_frac_mean": 0.06459561750468339}
Processed step 0 of 500
Processed step 10 of 500
Processed step 20 of 500
Processed step 30 of 500
Processed step 40 of 500
Processed step 50 of 500
Processed step 60 of 500
Processed step 70 of 500
Processed step 80 of 500
Processed step 90 of 500
Processed step 100 of 500
Processed step 110 of 500
Processed step 120 of 500
Processed step 130 of 500
Processed step 140 of 500
Processed step 150 of 500
Processed step 160 of 500
Processed step 170 of 500
Processed step 180 of 500
Processed step 190 of 500
Processed step 200 of 500
Processed step 210 of 500
Processed step 220 of 500
Processed step 230 of 500
Processed step 240 of 500
Processed step 250 of 500
Processed step 260 of 500
Processed step 270 of 500
Processed step 280 of 500
Processed step 290 of 500
Processed step 300 of 500
Processed step 310 of 500
Processed step 320 of 500
Processed step 330 of 500
Processed step 340 of 500
Processed step 350 of 500
Processed step 360 of 500
Processed step 370 of 500
Processed step 380 of 500
Processed step 390 of 500
Processed step 400 of 500
Processed step 410 of 500
Processed step 420 of 500
Processed step 430 of 500
Processed step 440 of 500
Processed step 450 of 500
Processed step 460 of 500
Processed step 470 of 500
Processed step 480 of 500
Processed step 490 of 500
[2026-10-10 07:03:33,978][agent.finetune.train_ppo_diffusion_agent][INFO] - eval: success rate   1.0000 | avg episode reward 4341.6055 | avg best reward   6.4694
[2026-10-10 07:03:33,978][agent.finetune.stage3_support][INFO] - STAGE3_METRICS {"J_disc_eval": 1527.2745917896616, "J_disc_eval_se": 18.763559223019964, "action_oor_frac": 0.0, "diagnostics_seconds": 0.018730261945165694, "episode_count": 80, "policy_action_oor_frac": 0.0, "rollout_seconds": 12.869173916988075, "update_seconds": 0.0}
Processed step 0 of 500
Processed step 10 of 500
Processed step 20 of 500
Processed step 30 of 500
Processed step 40 of 500
Processed step 50 of 500
Processed step 60 of 500
Processed step 70 of 500
Processed step 80 of 500
Processed step 90 of 500
Processed step 100 of 500
Processed step 110 of 500
Processed step 120 of 500
Processed step 130 of 500
Processed step 140 of 500
Processed step 150 of 500
Processed step 160 of 500
Processed step 170 of 500
Processed step 180 of 500
Processed step 190 of 500
Processed step 200 of 500
Processed step 210 of 500
Processed step 220 of 500
Processed step 230 of 500
Processed step 240 of 500
Processed step 250 of 500
Processed step 260 of 500
Processed step 270 of 500
Processed step 280 of 500
Processed step 290 of 500
Processed step 300 of 500
Processed step 310 of 500
Processed step 320 of 500
Processed step 330 of 500
Processed step 340 of 500
Processed step 350 of 500
Processed step 360 of 500
Processed step 370 of 500
Processed step 380 of 500
Processed step 390 of 500
Processed step 400 of 500
Processed step 410 of 500
Processed step 420 of 500
Processed step 430 of 500
Processed step 440 of 500
Processed step 450 of 500
Processed step 460 of 500
Processed step 470 of 500
Processed step 480 of 500
Processed step 490 of 500
[2026-10-10 07:03:49,122][agent.finetune.train_ppo_diffusion_agent][INFO] - approx_kl: 0.0, update_epoch: 0, num_batch: 4
[2026-10-10 07:03:50,907][agent.finetune.train_ppo_diffusion_agent][INFO] - approx_kl: 0.0, update_epoch: 0, num_batch: 4
[2026-10-10 07:03:52,742][agent.finetune.train_ppo_diffusion_agent][INFO] - approx_kl: 0.0, update_epoch: 0, num_batch: 4
[2026-10-10 07:03:54,394][agent.finetune.train_ppo_diffusion_agent][INFO] - approx_kl: 0.0, update_epoch: 0, num_batch: 4
[2026-10-10 07:03:56,135][agent.finetune.train_ppo_diffusion_agent][INFO] - approx_kl: 0.0, update_epoch: 1, num_batch: 4
[2026-10-10 07:03:57,951][agent.finetune.train_ppo_diffusion_agent][INFO] - approx_kl: 0.0, update_epoch: 1, num_batch: 4
[2026-10-10 07:03:59,597][agent.finetune.train_ppo_diffusion_agent][INFO] - approx_kl: 0.0, update_epoch: 1, num_batch: 4
[2026-10-10 07:04:01,406][agent.finetune.train_ppo_diffusion_agent][INFO] - approx_kl: 0.0, update_epoch: 1, num_batch: 4
[2026-10-10 07:04:03,152][agent.finetune.train_ppo_diffusion_agent][INFO] - approx_kl: 0.0, update_epoch: 2, num_batch: 4
[2026-10-10 07:04:04,965][agent.finetune.train_ppo_diffusion_agent][INFO] - approx_kl: 0.0, update_epoch: 2, num_batch: 4
[2026-10-10 07:04:06,597][agent.finetune.train_ppo_diffusion_agent][INFO] - approx_kl: 0.0, update_epoch: 2, num_batch: 4
[2026-10-10 07:04:08,363][agent.finetune.train_ppo_diffusion_agent][INFO] - approx_kl: 0.0, update_epoch: 2, num_batch: 4
[2026-10-10 07:04:10,107][agent.finetune.train_ppo_diffusion_agent][INFO] - approx_kl: 0.0, update_epoch: 3, num_batch: 4
[2026-10-10 07:04:12,007][agent.finetune.train_ppo_diffusion_agent][INFO] - approx_kl: 0.0, update_epoch: 3, num_batch: 4
[2026-10-10 07:04:13,734][agent.finetune.train_ppo_diffusion_agent][INFO] - approx_kl: 0.0, update_epoch: 3, num_batch: 4
[2026-10-10 07:04:15,446][agent.finetune.train_ppo_diffusion_agent][INFO] - approx_kl: 0.0, update_epoch: 3, num_batch: 4
[2026-10-10 07:04:17,179][agent.finetune.train_ppo_diffusion_agent][INFO] - approx_kl: 0.0, update_epoch: 4, num_batch: 4
[2026-10-10 07:04:19,014][agent.finetune.train_ppo_diffusion_agent][INFO] - approx_kl: 0.0, update_epoch: 4, num_batch: 4
[2026-10-10 07:04:20,662][agent.finetune.train_ppo_diffusion_agent][INFO] - approx_kl: 0.0, update_epoch: 4, num_batch: 4
[2026-10-10 07:04:22,386][agent.finetune.train_ppo_diffusion_agent][INFO] - approx_kl: 0.0, update_epoch: 4, num_batch: 4
[2026-10-10 07:04:29,385][agent.finetune.train_ppo_diffusion_agent][INFO] - 61: step  4400000 | loss   0.7113 | pg loss   0.6584 | value loss   0.1057 | bc loss   0.0000 | reward 3963.8005 | eta   1.0000 | t: 55.4069 | kl_true_per_action=0.00013392148183140706 | logratio_p99=0.015188562273979179 | clamp_hit_frac=0.00078125 | actor_step_ratio=1.0 | actor_step_clipfrac=0.0
[2026-10-10 07:04:29,385][agent.finetune.stage3_support][INFO] - STAGE3_METRICS {"J_disc_train": 1406.871059687736, "J_disc_train_se": 16.980785892898787, "action_oor_frac": 0.14347291666666667, "adv_raw_mean": -2.1827872842550276e-15, "adv_raw_std": 193.66620589240617, "diagnostics_seconds": 0.1235014358535409, "episode_count": 80, "explained_var": 0.32189780473709106, "explained_var_reason": null, "grad_cos_prev": -0.013687085551602203, "grad_cos_prev_reason": null, "grad_norm": 16.17688078849183, "policy_action_oor_frac": 0.14350625, "proj_active": false, "reward_clip_frac": 0.0, "rollout_seconds": 12.872127627022564, "split_diff_sq": 1025.60488387025, "split_dot": 5.29024627529094, "theta_dist": 0.018721724113626673, "theta_dist_preproj": 0.018721724113626673, "update_norm": 0.0019585852262513606, "update_seconds": 42.40727342804894, "x0_sat_frac_last": 0.026979982593559618, "x0_sat_frac_mean": 0.06601429084714083}
Processed step 0 of 500
Processed step 10 of 500
Processed step 20 of 500
Processed step 30 of 500
Processed step 40 of 500
Processed step 50 of 500
Processed step 60 of 500
Processed step 70 of 500
Processed step 80 of 500
Processed step 90 of 500
Processed step 100 of 500
Processed step 110 of 500
Processed step 120 of 500
Processed step 130 of 500
Processed step 140 of 500
Processed step 150 of 500
Processed step 160 of 500
Processed step 170 of 500
Processed step 180 of 500
Processed step 190 of 500
Processed step 200 of 500
Processed step 210 of 500
Processed step 220 of 500
Processed step 230 of 500
Processed step 240 of 500
Processed step 250 of 500
Processed step 260 of 500
Processed step 270 of 500
Processed step 280 of 500
Processed step 290 of 500
Processed step 300 of 500
Processed step 310 of 500
Processed step 320 of 500
Processed step 330 of 500
Processed step 340 of 500
Processed step 350 of 500
Processed step 360 of 500
Processed step 370 of 500
Processed step 380 of 500
Processed step 390 of 500
Processed step 400 of 500
Processed step 410 of 500
Processed step 420 of 500
Processed step 430 of 500
Processed step 440 of 500
Processed step 450 of 500
Processed step 460 of 500
Processed step 470 of 500
Processed step 480 of 500
Processed step 490 of 500
[2026-10-10 07:04:44,424][agent.finetune.train_ppo_diffusion_agent][INFO] - approx_kl: 0.0, update_epoch: 0, num_batch: 4
[2026-10-10 07:04:46,253][agent.finetune.train_ppo_diffusion_agent][INFO] - approx_kl: 0.0, update_epoch: 0, num_batch: 4
[2026-10-10 07:04:47,884][agent.finetune.train_ppo_diffusion_agent][INFO] - approx_kl: 0.0, update_epoch: 0, num_batch: 4
[2026-10-10 07:04:49,617][agent.finetune.train_ppo_diffusion_agent][INFO] - approx_kl: 0.0, update_epoch: 0, num_batch: 4
[2026-10-10 07:04:51,347][agent.finetune.train_ppo_diffusion_agent][INFO] - approx_kl: 0.0, update_epoch: 1, num_batch: 4
[2026-10-10 07:04:53,182][agent.finetune.train_ppo_diffusion_agent][INFO] - approx_kl: 0.0, update_epoch: 1, num_batch: 4
[2026-10-10 07:04:54,806][agent.finetune.train_ppo_diffusion_agent][INFO] - approx_kl: 0.0, update_epoch: 1, num_batch: 4
[2026-10-10 07:04:56,522][agent.finetune.train_ppo_diffusion_agent][INFO] - approx_kl: 0.0, update_epoch: 1, num_batch: 4
[2026-10-10 07:04:58,236][agent.finetune.train_ppo_diffusion_agent][INFO] - approx_kl: 0.0, update_epoch: 2, num_batch: 4
[2026-10-10 07:05:00,026][agent.finetune.train_ppo_diffusion_agent][INFO] - approx_kl: 0.0, update_epoch: 2, num_batch: 4
[2026-10-10 07:05:01,648][agent.finetune.train_ppo_diffusion_agent][INFO] - approx_kl: 0.0, update_epoch: 2, num_batch: 4
[2026-10-10 07:05:03,351][agent.finetune.train_ppo_diffusion_agent][INFO] - approx_kl: 0.0, update_epoch: 2, num_batch: 4
[2026-10-10 07:05:05,083][agent.finetune.train_ppo_diffusion_agent][INFO] - approx_kl: 0.0, update_epoch: 3, num_batch: 4
[2026-10-10 07:05:06,913][agent.finetune.train_ppo_diffusion_agent][INFO] - approx_kl: 0.0, update_epoch: 3, num_batch: 4
[2026-10-10 07:05:08,586][agent.finetune.train_ppo_diffusion_agent][INFO] - approx_kl: 0.0, update_epoch: 3, num_batch: 4
[2026-10-10 07:05:10,335][agent.finetune.train_ppo_diffusion_agent][INFO] - approx_kl: 0.0, update_epoch: 3, num_batch: 4
[2026-10-10 07:05:12,083][agent.finetune.train_ppo_diffusion_agent][INFO] - approx_kl: 0.0, update_epoch: 4, num_batch: 4
[2026-10-10 07:05:13,883][agent.finetune.train_ppo_diffusion_agent][INFO] - approx_kl: 0.0, update_epoch: 4, num_batch: 4
[2026-10-10 07:05:15,504][agent.finetune.train_ppo_diffusion_agent][INFO] - approx_kl: 0.0, update_epoch: 4, num_batch: 4
[2026-10-10 07:05:17,217][agent.finetune.train_ppo_diffusion_agent][INFO] - approx_kl: 0.0, update_epoch: 4, num_batch: 4
[2026-10-10 07:05:24,255][agent.finetune.train_ppo_diffusion_agent][INFO] - 62: step  4480000 | loss  -2.2447 | pg loss  -2.2953 | value loss   0.1011 | bc loss   0.0000 | reward 3905.0108 | eta   1.0000 | t: 54.8700 | kl_true_per_action=0.00032192396194558536 | logratio_p99=0.02569355070590967 | clamp_hit_frac=0.000825 | actor_step_ratio=1.0 | actor_step_clipfrac=0.0
[2026-10-10 07:05:24,255][agent.finetune.stage3_support][INFO] - STAGE3_METRICS {"J_disc_train": 1413.0977756130146, "J_disc_train_se": 20.661838784354046, "action_oor_frac": 0.14176041666666667, "adv_raw_mean": 1.007265382213518e-14, "adv_raw_std": 280.6877534398686, "diagnostics_seconds": 0.12338967307005078, "episode_count": 80, "explained_var": 0.6138335764408112, "explained_var_reason": null, "grad_cos_prev": 0.04491856113922621, "grad_cos_prev_reason": null, "grad_norm": 21.783073410829697, "policy_action_oor_frac": 0.14179375, "proj_active": false, "reward_clip_frac": 0.0, "rollout_seconds": 13.089535333914682, "split_diff_sq": 1855.7507991340617, "split_dot": 10.564583636865752, "theta_dist": 0.019024847977838648, "theta_dist_preproj": 0.019024847977838648, "update_norm": 0.0026373434910129333, "update_seconds": 41.65313674986828, "x0_sat_frac_last": 0.027176586325627153, "x0_sat_frac_mean": 0.06428954537232705}
Processed step 0 of 500
Processed step 10 of 500
Processed step 20 of 500
Processed step 30 of 500
Processed step 40 of 500
Processed step 50 of 500
Processed step 60 of 500
Processed step 70 of 500
Processed step 80 of 500
Processed step 90 of 500
Processed step 100 of 500
Processed step 110 of 500
Processed step 120 of 500
Processed step 130 of 500
Processed step 140 of 500
Processed step 150 of 500
Processed step 160 of 500
Processed step 170 of 500
Processed step 180 of 500
Processed step 190 of 500
Processed step 200 of 500
Processed step 210 of 500
Processed step 220 of 500
Processed step 230 of 500
Processed step 240 of 500
Processed step 250 of 500
Processed step 260 of 500
Processed step 270 of 500
Processed step 280 of 500
Processed step 290 of 500
Processed step 300 of 500
Processed step 310 of 500
Processed step 320 of 500
Processed step 330 of 500
Processed step 340 of 500
Processed step 350 of 500
Processed step 360 of 500
Processed step 370 of 500
Processed step 380 of 500
Processed step 390 of 500
Processed step 400 of 500
Processed step 410 of 500
Processed step 420 of 500
Processed step 430 of 500
Processed step 440 of 500
Processed step 450 of 500
Processed step 460 of 500
Processed step 470 of 500
Processed step 480 of 500
Processed step 490 of 500
[2026-10-10 07:05:39,607][agent.finetune.train_ppo_diffusion_agent][INFO] - approx_kl: 0.0, update_epoch: 0, num_batch: 4
[2026-10-10 07:05:41,584][agent.finetune.train_ppo_diffusion_agent][INFO] - approx_kl: 0.0, update_epoch: 0, num_batch: 4
[2026-10-10 07:05:43,316][agent.finetune.train_ppo_diffusion_agent][INFO] - approx_kl: 0.0, update_epoch: 0, num_batch: 4
[2026-10-10 07:05:45,172][agent.finetune.train_ppo_diffusion_agent][INFO] - approx_kl: 0.0, update_epoch: 0, num_batch: 4
[2026-10-10 07:05:46,994][agent.finetune.train_ppo_diffusion_agent][INFO] - approx_kl: 0.0, update_epoch: 1, num_batch: 4
[2026-10-10 07:05:49,134][agent.finetune.train_ppo_diffusion_agent][INFO] - approx_kl: 0.0, update_epoch: 1, num_batch: 4
[2026-10-10 07:05:50,865][agent.finetune.train_ppo_diffusion_agent][INFO] - approx_kl: 0.0, update_epoch: 1, num_batch: 4
[2026-10-10 07:05:52,693][agent.finetune.train_ppo_diffusion_agent][INFO] - approx_kl: 0.0, update_epoch: 1, num_batch: 4
[2026-10-10 07:05:54,514][agent.finetune.train_ppo_diffusion_agent][INFO] - approx_kl: 0.0, update_epoch: 2, num_batch: 4
[2026-10-10 07:05:56,456][agent.finetune.train_ppo_diffusion_agent][INFO] - approx_kl: 0.0, update_epoch: 2, num_batch: 4
[2026-10-10 07:05:58,179][agent.finetune.train_ppo_diffusion_agent][INFO] - approx_kl: 0.0, update_epoch: 2, num_batch: 4
[2026-10-10 07:06:00,015][agent.finetune.train_ppo_diffusion_agent][INFO] - approx_kl: 0.0, update_epoch: 2, num_batch: 4
[2026-10-10 07:06:01,863][agent.finetune.train_ppo_diffusion_agent][INFO] - approx_kl: 0.0, update_epoch: 3, num_batch: 4
[2026-10-10 07:06:03,763][agent.finetune.train_ppo_diffusion_agent][INFO] - approx_kl: 0.0, update_epoch: 3, num_batch: 4
[2026-10-10 07:06:05,476][agent.finetune.train_ppo_diffusion_agent][INFO] - approx_kl: 0.0, update_epoch: 3, num_batch: 4
[2026-10-10 07:06:07,285][agent.finetune.train_ppo_diffusion_agent][INFO] - approx_kl: 0.0, update_epoch: 3, num_batch: 4
[2026-10-10 07:06:09,109][agent.finetune.train_ppo_diffusion_agent][INFO] - approx_kl: 0.0, update_epoch: 4, num_batch: 4
[2026-10-10 07:06:11,052][agent.finetune.train_ppo_diffusion_agent][INFO] - approx_kl: 0.0, update_epoch: 4, num_batch: 4
[2026-10-10 07:06:12,792][agent.finetune.train_ppo_diffusion_agent][INFO] - approx_kl: 0.0, update_epoch: 4, num_batch: 4
[2026-10-10 07:06:14,668][agent.finetune.train_ppo_diffusion_agent][INFO] - approx_kl: 0.0, update_epoch: 4, num_batch: 4
[2026-10-10 07:06:22,027][agent.finetune.train_ppo_diffusion_agent][INFO] - 63: step  4560000 | loss   1.1563 | pg loss   1.1030 | value loss   0.1065 | bc loss   0.0000 | reward 3869.8436 | eta   1.0000 | t: 57.7722 | kl_true_per_action=0.0005076556778221059 | logratio_p99=0.03139742136001586 | clamp_hit_frac=0.0008270833333333333 | actor_step_ratio=1.0 | actor_step_clipfrac=0.0
[2026-10-10 07:06:22,027][agent.finetune.stage3_support][INFO] - STAGE3_METRICS {"J_disc_train": 1387.7342667963355, "J_disc_train_se": 29.26116326042438, "action_oor_frac": 0.13972291666666667, "adv_raw_mean": 2.255546860396862e-14, "adv_raw_std": 316.66947838403263, "diagnostics_seconds": 0.135020453017205, "episode_count": 80, "explained_var": 0.6164734959602356, "explained_var_reason": null, "grad_cos_prev": -0.018512997076757916, "grad_cos_prev_reason": null, "grad_norm": 27.622075677086755, "policy_action_oor_frac": 0.13975625, "proj_active": false, "reward_clip_frac": 0.0, "rollout_seconds": 12.95148834597785, "split_diff_sq": 3325.8371789032335, "split_dot": -68.48023508855161, "theta_dist": 0.019286449226466926, "theta_dist_preproj": 0.019286449226466926, "update_norm": 0.0033442716922260033, "update_seconds": 44.67971991491504, "x0_sat_frac_last": 0.024457831325301205, "x0_sat_frac_mean": 0.0633446626546161}
Processed step 0 of 500
Processed step 10 of 500
Processed step 20 of 500
Processed step 30 of 500
Processed step 40 of 500
Processed step 50 of 500
Processed step 60 of 500
Processed step 70 of 500
Processed step 80 of 500
Processed step 90 of 500
Processed step 100 of 500
Processed step 110 of 500
Processed step 120 of 500
Processed step 130 of 500
Processed step 140 of 500
Processed step 150 of 500
Processed step 160 of 500
Processed step 170 of 500
Processed step 180 of 500
Processed step 190 of 500
Processed step 200 of 500
Processed step 210 of 500
Processed step 220 of 500
Processed step 230 of 500
Processed step 240 of 500
Processed step 250 of 500
Processed step 260 of 500
Processed step 270 of 500
Processed step 280 of 500
Processed step 290 of 500
Processed step 300 of 500
Processed step 310 of 500
Processed step 320 of 500
Processed step 330 of 500
Processed step 340 of 500
Processed step 350 of 500
Processed step 360 of 500
Processed step 370 of 500
Processed step 380 of 500
Processed step 390 of 500
Processed step 400 of 500
Processed step 410 of 500
Processed step 420 of 500
Processed step 430 of 500
Processed step 440 of 500
Processed step 450 of 500
Processed step 460 of 500
Processed step 470 of 500
Processed step 480 of 500
Processed step 490 of 500
[2026-10-10 07:06:37,061][agent.finetune.train_ppo_diffusion_agent][INFO] - approx_kl: 0.0, update_epoch: 0, num_batch: 4
[2026-10-10 07:06:39,024][agent.finetune.train_ppo_diffusion_agent][INFO] - approx_kl: 0.0, update_epoch: 0, num_batch: 4
[2026-10-10 07:06:40,714][agent.finetune.train_ppo_diffusion_agent][INFO] - approx_kl: 0.0, update_epoch: 0, num_batch: 4
[2026-10-10 07:06:42,542][agent.finetune.train_ppo_diffusion_agent][INFO] - approx_kl: 0.0, update_epoch: 0, num_batch: 4
[2026-10-10 07:06:44,354][agent.finetune.train_ppo_diffusion_agent][INFO] - approx_kl: 0.0, update_epoch: 1, num_batch: 4
[2026-10-10 07:06:46,543][agent.finetune.train_ppo_diffusion_agent][INFO] - approx_kl: 0.0, update_epoch: 1, num_batch: 4
[2026-10-10 07:06:48,173][agent.finetune.train_ppo_diffusion_agent][INFO] - approx_kl: 0.0, update_epoch: 1, num_batch: 4
[2026-10-10 07:06:49,964][agent.finetune.train_ppo_diffusion_agent][INFO] - approx_kl: 0.0, update_epoch: 1, num_batch: 4
[2026-10-10 07:06:51,731][agent.finetune.train_ppo_diffusion_agent][INFO] - approx_kl: 0.0, update_epoch: 2, num_batch: 4
[2026-10-10 07:06:53,620][agent.finetune.train_ppo_diffusion_agent][INFO] - approx_kl: 0.0, update_epoch: 2, num_batch: 4
[2026-10-10 07:06:55,258][agent.finetune.train_ppo_diffusion_agent][INFO] - approx_kl: 0.0, update_epoch: 2, num_batch: 4
[2026-10-10 07:06:57,048][agent.finetune.train_ppo_diffusion_agent][INFO] - approx_kl: 0.0, update_epoch: 2, num_batch: 4
[2026-10-10 07:06:59,005][agent.finetune.train_ppo_diffusion_agent][INFO] - approx_kl: 0.0, update_epoch: 3, num_batch: 4
[2026-10-10 07:07:00,851][agent.finetune.train_ppo_diffusion_agent][INFO] - approx_kl: 0.0, update_epoch: 3, num_batch: 4
[2026-10-10 07:07:02,499][agent.finetune.train_ppo_diffusion_agent][INFO] - approx_kl: 0.0, update_epoch: 3, num_batch: 4
[2026-10-10 07:07:04,234][agent.finetune.train_ppo_diffusion_agent][INFO] - approx_kl: 0.0, update_epoch: 3, num_batch: 4
[2026-10-10 07:07:05,980][agent.finetune.train_ppo_diffusion_agent][INFO] - approx_kl: 0.0, update_epoch: 4, num_batch: 4
[2026-10-10 07:07:07,817][agent.finetune.train_ppo_diffusion_agent][INFO] - approx_kl: 0.0, update_epoch: 4, num_batch: 4
[2026-10-10 07:07:09,467][agent.finetune.train_ppo_diffusion_agent][INFO] - approx_kl: 0.0, update_epoch: 4, num_batch: 4
[2026-10-10 07:07:11,281][agent.finetune.train_ppo_diffusion_agent][INFO] - approx_kl: 0.0, update_epoch: 4, num_batch: 4
[2026-10-10 07:07:18,219][agent.finetune.train_ppo_diffusion_agent][INFO] - 64: step  4640000 | loss  -1.5837 | pg loss  -1.6371 | value loss   0.1067 | bc loss   0.0000 | reward 3972.0183 | eta   1.0000 | t: 56.1919 | kl_true_per_action=0.000564021515705158 | logratio_p99=0.037439746856689445 | clamp_hit_frac=0.0007833333333333334 | actor_step_ratio=1.0 | actor_step_clipfrac=0.0
[2026-10-10 07:07:18,219][agent.finetune.stage3_support][INFO] - STAGE3_METRICS {"J_disc_train": 1397.4213465564578, "J_disc_train_se": 21.517217145194174, "action_oor_frac": 0.1448, "adv_raw_mean": -4.0745362639427185e-14, "adv_raw_std": 233.87685507042082, "diagnostics_seconds": 0.12837751675397158, "episode_count": 80, "explained_var": 0.44038915634155273, "explained_var_reason": null, "grad_cos_prev": -0.02009498180811407, "grad_cos_prev_reason": null, "grad_norm": 20.759361645099784, "policy_action_oor_frac": 0.14483333333333334, "proj_active": false, "reward_clip_frac": 0.0, "rollout_seconds": 12.97080091398675, "split_diff_sq": 1571.810916577192, "split_dot": 37.99836488346449, "theta_dist": 0.019695372312895552, "theta_dist_preproj": 0.019695372312895552, "update_norm": 0.00251338179422211, "update_seconds": 43.08783030428458, "x0_sat_frac_last": 0.028492806378921823, "x0_sat_frac_mean": 0.0659717714512611}
Processed step 0 of 500
Processed step 10 of 500
Processed step 20 of 500
Processed step 30 of 500
Processed step 40 of 500
Processed step 50 of 500
Processed step 60 of 500
Processed step 70 of 500
Processed step 80 of 500
Processed step 90 of 500
Processed step 100 of 500
Processed step 110 of 500
Processed step 120 of 500
Processed step 130 of 500
Processed step 140 of 500
Processed step 150 of 500
Processed step 160 of 500
Processed step 170 of 500
Processed step 180 of 500
Processed step 190 of 500
Processed step 200 of 500
Processed step 210 of 500
Processed step 220 of 500
Processed step 230 of 500
Processed step 240 of 500
Processed step 250 of 500
Processed step 260 of 500
Processed step 270 of 500
Processed step 280 of 500
Processed step 290 of 500
Processed step 300 of 500
Processed step 310 of 500
Processed step 320 of 500
Processed step 330 of 500
Processed step 340 of 500
Processed step 350 of 500
Processed step 360 of 500
Processed step 370 of 500
Processed step 380 of 500
Processed step 390 of 500
Processed step 400 of 500
Processed step 410 of 500
Processed step 420 of 500
Processed step 430 of 500
Processed step 440 of 500
Processed step 450 of 500
Processed step 460 of 500
Processed step 470 of 500
Processed step 480 of 500
Processed step 490 of 500
[2026-10-10 07:07:33,644][agent.finetune.train_ppo_diffusion_agent][INFO] - approx_kl: 0.0, update_epoch: 0, num_batch: 4
[2026-10-10 07:07:35,382][agent.finetune.train_ppo_diffusion_agent][INFO] - approx_kl: 0.0, update_epoch: 0, num_batch: 4
[2026-10-10 07:07:37,249][agent.finetune.train_ppo_diffusion_agent][INFO] - approx_kl: 0.0, update_epoch: 0, num_batch: 4
[2026-10-10 07:07:39,114][agent.finetune.train_ppo_diffusion_agent][INFO] - approx_kl: 0.0, update_epoch: 0, num_batch: 4
[2026-10-10 07:07:41,124][agent.finetune.train_ppo_diffusion_agent][INFO] - approx_kl: 0.0, update_epoch: 1, num_batch: 4
[2026-10-10 07:07:42,918][agent.finetune.train_ppo_diffusion_agent][INFO] - approx_kl: 0.0, update_epoch: 1, num_batch: 4
[2026-10-10 07:07:44,940][agent.finetune.train_ppo_diffusion_agent][INFO] - approx_kl: 0.0, update_epoch: 1, num_batch: 4
[2026-10-10 07:07:46,860][agent.finetune.train_ppo_diffusion_agent][INFO] - approx_kl: 0.0, update_epoch: 1, num_batch: 4
[2026-10-10 07:07:48,874][agent.finetune.train_ppo_diffusion_agent][INFO] - approx_kl: 0.0, update_epoch: 2, num_batch: 4
[2026-10-10 07:07:50,620][agent.finetune.train_ppo_diffusion_agent][INFO] - approx_kl: 0.0, update_epoch: 2, num_batch: 4
[2026-10-10 07:07:52,461][agent.finetune.train_ppo_diffusion_agent][INFO] - approx_kl: 0.0, update_epoch: 2, num_batch: 4
[2026-10-10 07:07:54,306][agent.finetune.train_ppo_diffusion_agent][INFO] - approx_kl: 0.0, update_epoch: 2, num_batch: 4
[2026-10-10 07:07:56,268][agent.finetune.train_ppo_diffusion_agent][INFO] - approx_kl: 0.0, update_epoch: 3, num_batch: 4
[2026-10-10 07:07:58,015][agent.finetune.train_ppo_diffusion_agent][INFO] - approx_kl: 0.0, update_epoch: 3, num_batch: 4
[2026-10-10 07:07:59,842][agent.finetune.train_ppo_diffusion_agent][INFO] - approx_kl: 0.0, update_epoch: 3, num_batch: 4
[2026-10-10 07:08:01,681][agent.finetune.train_ppo_diffusion_agent][INFO] - approx_kl: 0.0, update_epoch: 3, num_batch: 4
[2026-10-10 07:08:03,639][agent.finetune.train_ppo_diffusion_agent][INFO] - approx_kl: 0.0, update_epoch: 4, num_batch: 4
[2026-10-10 07:08:05,361][agent.finetune.train_ppo_diffusion_agent][INFO] - approx_kl: 0.0, update_epoch: 4, num_batch: 4
[2026-10-10 07:08:07,200][agent.finetune.train_ppo_diffusion_agent][INFO] - approx_kl: 0.0, update_epoch: 4, num_batch: 4
[2026-10-10 07:08:09,074][agent.finetune.train_ppo_diffusion_agent][INFO] - approx_kl: 0.0, update_epoch: 4, num_batch: 4
[2026-10-10 07:08:16,488][agent.finetune.train_ppo_diffusion_agent][INFO] - 65: step  4720000 | loss  -0.8911 | pg loss  -0.9444 | value loss   0.1065 | bc loss   0.0000 | reward 3860.8634 | eta   1.0000 | t: 58.2691 | kl_true_per_action=0.0014097067997245305 | logratio_p99=0.06554639339447013 | clamp_hit_frac=0.0008166666666666667 | actor_step_ratio=1.0 | actor_step_clipfrac=0.0
[2026-10-10 07:08:16,488][agent.finetune.stage3_support][INFO] - STAGE3_METRICS {"J_disc_train": 1387.1507696533308, "J_disc_train_se": 24.57527041387263, "action_oor_frac": 0.14134166666666667, "adv_raw_mean": 1.4551915228366853e-15, "adv_raw_std": 292.860741003585, "diagnostics_seconds": 0.13470355700701475, "episode_count": 80, "explained_var": 0.6089780330657959, "explained_var_reason": null, "grad_cos_prev": 0.05454340654694531, "grad_cos_prev_reason": null, "grad_norm": 25.2540738505787, "policy_action_oor_frac": 0.14136875, "proj_active": false, "reward_clip_frac": 0.0, "rollout_seconds": 12.926334148971364, "split_diff_sq": 2463.6540132551436, "split_dot": 21.85476351936025, "theta_dist": 0.020142975103898553, "theta_dist_preproj": 0.020142975103898553, "update_norm": 0.0030575730590687487, "update_seconds": 45.203780864947475, "x0_sat_frac_last": 0.028800575588285086, "x0_sat_frac_mean": 0.06377264221717167}
Processed step 0 of 500
Processed step 10 of 500
Processed step 20 of 500
Processed step 30 of 500
Processed step 40 of 500
Processed step 50 of 500
Processed step 60 of 500
Processed step 70 of 500
Processed step 80 of 500
Processed step 90 of 500
Processed step 100 of 500
Processed step 110 of 500
Processed step 120 of 500
Processed step 130 of 500
Processed step 140 of 500
Processed step 150 of 500
Processed step 160 of 500
Processed step 170 of 500
Processed step 180 of 500
Processed step 190 of 500
Processed step 200 of 500
Processed step 210 of 500
Processed step 220 of 500
Processed step 230 of 500
Processed step 240 of 500
Processed step 250 of 500
Processed step 260 of 500
Processed step 270 of 500
Processed step 280 of 500
Processed step 290 of 500
Processed step 300 of 500
Processed step 310 of 500
Processed step 320 of 500
Processed step 330 of 500
Processed step 340 of 500
Processed step 350 of 500
Processed step 360 of 500
Processed step 370 of 500
Processed step 380 of 500
Processed step 390 of 500
Processed step 400 of 500
Processed step 410 of 500
Processed step 420 of 500
Processed step 430 of 500
Processed step 440 of 500
Processed step 450 of 500
Processed step 460 of 500
Processed step 470 of 500
Processed step 480 of 500
Processed step 490 of 500
[2026-10-10 07:08:31,983][agent.finetune.train_ppo_diffusion_agent][INFO] - approx_kl: 0.0, update_epoch: 0, num_batch: 4
[2026-10-10 07:08:33,717][agent.finetune.train_ppo_diffusion_agent][INFO] - approx_kl: 0.0, update_epoch: 0, num_batch: 4
[2026-10-10 07:08:35,566][agent.finetune.train_ppo_diffusion_agent][INFO] - approx_kl: 0.0, update_epoch: 0, num_batch: 4
[2026-10-10 07:08:37,402][agent.finetune.train_ppo_diffusion_agent][INFO] - approx_kl: 0.0, update_epoch: 0, num_batch: 4
[2026-10-10 07:08:39,356][agent.finetune.train_ppo_diffusion_agent][INFO] - approx_kl: 0.0, update_epoch: 1, num_batch: 4
[2026-10-10 07:08:41,089][agent.finetune.train_ppo_diffusion_agent][INFO] - approx_kl: 0.0, update_epoch: 1, num_batch: 4
[2026-10-10 07:08:42,938][agent.finetune.train_ppo_diffusion_agent][INFO] - approx_kl: 0.0, update_epoch: 1, num_batch: 4
[2026-10-10 07:08:44,831][agent.finetune.train_ppo_diffusion_agent][INFO] - approx_kl: 0.0, update_epoch: 1, num_batch: 4
[2026-10-10 07:08:46,764][agent.finetune.train_ppo_diffusion_agent][INFO] - approx_kl: 0.0, update_epoch: 2, num_batch: 4
[2026-10-10 07:08:48,472][agent.finetune.train_ppo_diffusion_agent][INFO] - approx_kl: 0.0, update_epoch: 2, num_batch: 4
[2026-10-10 07:08:50,308][agent.finetune.train_ppo_diffusion_agent][INFO] - approx_kl: 0.0, update_epoch: 2, num_batch: 4
[2026-10-10 07:08:52,142][agent.finetune.train_ppo_diffusion_agent][INFO] - approx_kl: 0.0, update_epoch: 2, num_batch: 4
[2026-10-10 07:08:54,086][agent.finetune.train_ppo_diffusion_agent][INFO] - approx_kl: 0.0, update_epoch: 3, num_batch: 4
[2026-10-10 07:08:55,823][agent.finetune.train_ppo_diffusion_agent][INFO] - approx_kl: 0.0, update_epoch: 3, num_batch: 4
[2026-10-10 07:08:57,713][agent.finetune.train_ppo_diffusion_agent][INFO] - approx_kl: 0.0, update_epoch: 3, num_batch: 4
[2026-10-10 07:08:59,557][agent.finetune.train_ppo_diffusion_agent][INFO] - approx_kl: 0.0, update_epoch: 3, num_batch: 4
[2026-10-10 07:09:01,467][agent.finetune.train_ppo_diffusion_agent][INFO] - approx_kl: 0.0, update_epoch: 4, num_batch: 4
[2026-10-10 07:09:03,189][agent.finetune.train_ppo_diffusion_agent][INFO] - approx_kl: 0.0, update_epoch: 4, num_batch: 4
[2026-10-10 07:09:05,018][agent.finetune.train_ppo_diffusion_agent][INFO] - approx_kl: 0.0, update_epoch: 4, num_batch: 4
[2026-10-10 07:09:06,838][agent.finetune.train_ppo_diffusion_agent][INFO] - approx_kl: 0.0, update_epoch: 4, num_batch: 4
[2026-10-10 07:09:14,193][agent.finetune.train_ppo_diffusion_agent][INFO] - 66: step  4800000 | loss  -1.5362 | pg loss  -1.5898 | value loss   0.1074 | bc loss   0.0000 | reward 4001.0153 | eta   1.0000 | t: 57.7049 | kl_true_per_action=0.000254769540682257 | logratio_p99=0.021980502009391768 | clamp_hit_frac=0.0007333333333333333 | actor_step_ratio=1.0 | actor_step_clipfrac=0.0
[2026-10-10 07:09:14,193][agent.finetune.stage3_support][INFO] - STAGE3_METRICS {"J_disc_train": 1400.9717965974316, "J_disc_train_se": 23.74872924105666, "action_oor_frac": 0.14724583333333333, "adv_raw_mean": -4.365574568510055e-15, "adv_raw_std": 206.7653999199512, "diagnostics_seconds": 0.11674323212355375, "episode_count": 80, "explained_var": 0.35972416400909424, "explained_var_reason": null, "grad_cos_prev": 0.060418538554720104, "grad_cos_prev_reason": null, "grad_norm": 19.279326848638615, "policy_action_oor_frac": 0.1472625, "proj_active": false, "reward_clip_frac": 0.0, "rollout_seconds": 13.212088725995272, "split_diff_sq": 1477.4459617309367, "split_dot": 2.3309492323084324, "theta_dist": 0.020270223392633444, "theta_dist_preproj": 0.020270223392633444, "update_norm": 0.002334203144514075, "update_seconds": 44.371762982802466, "x0_sat_frac_last": 0.0311189397752055, "x0_sat_frac_mean": 0.06658649562462642}
Processed step 0 of 500
Processed step 10 of 500
Processed step 20 of 500
Processed step 30 of 500
Processed step 40 of 500
Processed step 50 of 500
Processed step 60 of 500
Processed step 70 of 500
Processed step 80 of 500
Processed step 90 of 500
Processed step 100 of 500
Processed step 110 of 500
Processed step 120 of 500
Processed step 130 of 500
Processed step 140 of 500
Processed step 150 of 500
Processed step 160 of 500
Processed step 170 of 500
Processed step 180 of 500
Processed step 190 of 500
Processed step 200 of 500
Processed step 210 of 500
Processed step 220 of 500
Processed step 230 of 500
Processed step 240 of 500
Processed step 250 of 500
Processed step 260 of 500
Processed step 270 of 500
Processed step 280 of 500
Processed step 290 of 500
Processed step 300 of 500
Processed step 310 of 500
Processed step 320 of 500
Processed step 330 of 500
Processed step 340 of 500
Processed step 350 of 500
Processed step 360 of 500
Processed step 370 of 500
Processed step 380 of 500
Processed step 390 of 500
Processed step 400 of 500
Processed step 410 of 500
Processed step 420 of 500
Processed step 430 of 500
Processed step 440 of 500
Processed step 450 of 500
Processed step 460 of 500
Processed step 470 of 500
Processed step 480 of 500
Processed step 490 of 500
[2026-10-10 07:09:29,498][agent.finetune.train_ppo_diffusion_agent][INFO] - approx_kl: 0.0, update_epoch: 0, num_batch: 4
[2026-10-10 07:09:31,226][agent.finetune.train_ppo_diffusion_agent][INFO] - approx_kl: 0.0, update_epoch: 0, num_batch: 4
[2026-10-10 07:09:33,047][agent.finetune.train_ppo_diffusion_agent][INFO] - approx_kl: 0.0, update_epoch: 0, num_batch: 4
[2026-10-10 07:09:34,972][agent.finetune.train_ppo_diffusion_agent][INFO] - approx_kl: 0.0, update_epoch: 0, num_batch: 4
[2026-10-10 07:09:36,701][agent.finetune.train_ppo_diffusion_agent][INFO] - approx_kl: 0.0, update_epoch: 1, num_batch: 4
[2026-10-10 07:09:38,560][agent.finetune.train_ppo_diffusion_agent][INFO] - approx_kl: 0.0, update_epoch: 1, num_batch: 4
[2026-10-10 07:09:40,393][agent.finetune.train_ppo_diffusion_agent][INFO] - approx_kl: 0.0, update_epoch: 1, num_batch: 4
[2026-10-10 07:09:42,307][agent.finetune.train_ppo_diffusion_agent][INFO] - approx_kl: 0.0, update_epoch: 1, num_batch: 4
[2026-10-10 07:09:44,030][agent.finetune.train_ppo_diffusion_agent][INFO] - approx_kl: 0.0, update_epoch: 2, num_batch: 4
[2026-10-10 07:09:45,848][agent.finetune.train_ppo_diffusion_agent][INFO] - approx_kl: 0.0, update_epoch: 2, num_batch: 4
[2026-10-10 07:09:47,661][agent.finetune.train_ppo_diffusion_agent][INFO] - approx_kl: 0.0, update_epoch: 2, num_batch: 4
[2026-10-10 07:09:49,584][agent.finetune.train_ppo_diffusion_agent][INFO] - approx_kl: 0.0, update_epoch: 2, num_batch: 4
[2026-10-10 07:09:51,336][agent.finetune.train_ppo_diffusion_agent][INFO] - approx_kl: 0.0, update_epoch: 3, num_batch: 4
[2026-10-10 07:09:53,172][agent.finetune.train_ppo_diffusion_agent][INFO] - approx_kl: 0.0, update_epoch: 3, num_batch: 4
[2026-10-10 07:09:54,986][agent.finetune.train_ppo_diffusion_agent][INFO] - approx_kl: 0.0, update_epoch: 3, num_batch: 4
[2026-10-10 07:09:56,864][agent.finetune.train_ppo_diffusion_agent][INFO] - approx_kl: 0.0, update_epoch: 3, num_batch: 4
[2026-10-10 07:09:58,571][agent.finetune.train_ppo_diffusion_agent][INFO] - approx_kl: 0.0, update_epoch: 4, num_batch: 4
[2026-10-10 07:10:00,375][agent.finetune.train_ppo_diffusion_agent][INFO] - approx_kl: 0.0, update_epoch: 4, num_batch: 4
[2026-10-10 07:10:02,205][agent.finetune.train_ppo_diffusion_agent][INFO] - approx_kl: 0.0, update_epoch: 4, num_batch: 4
[2026-10-10 07:10:04,179][agent.finetune.train_ppo_diffusion_agent][INFO] - approx_kl: 0.0, update_epoch: 4, num_batch: 4
[2026-10-10 07:10:11,508][agent.finetune.train_ppo_diffusion_agent][INFO] - 67: step  4880000 | loss   1.4666 | pg loss   1.4135 | value loss   0.1062 | bc loss   0.0000 | reward 3938.9135 | eta   1.0000 | t: 57.3147 | kl_true_per_action=0.00025629448192919247 | logratio_p99=0.021483942270278847 | clamp_hit_frac=0.00081875 | actor_step_ratio=1.0 | actor_step_clipfrac=0.0
[2026-10-10 07:10:11,508][agent.finetune.stage3_support][INFO] - STAGE3_METRICS {"J_disc_train": 1399.9160764406943, "J_disc_train_se": 23.382739674431477, "action_oor_frac": 0.14475625, "adv_raw_mean": 2.983142621815205e-14, "adv_raw_std": 268.50342805932894, "diagnostics_seconds": 0.11531530390493572, "episode_count": 80, "explained_var": 0.5568102598190308, "explained_var_reason": null, "grad_cos_prev": 0.005612163051171072, "grad_cos_prev_reason": null, "grad_norm": 21.885269860552626, "policy_action_oor_frac": 0.144775, "proj_active": false, "reward_clip_frac": 0.0, "rollout_seconds": 13.155018007964827, "split_diff_sq": 2128.92075383985, "split_dot": -53.265172174439435, "theta_dist": 0.020509084613876474, "theta_dist_preproj": 0.020509084613876474, "update_norm": 0.0026497184094646663, "update_seconds": 44.040383405052125, "x0_sat_frac_last": 0.0320186598812553, "x0_sat_frac_mean": 0.06517263590867466}
Processed step 0 of 500
Processed step 10 of 500
Processed step 20 of 500
Processed step 30 of 500
Processed step 40 of 500
Processed step 50 of 500
Processed step 60 of 500
Processed step 70 of 500
Processed step 80 of 500
Processed step 90 of 500
Processed step 100 of 500
Processed step 110 of 500
Processed step 120 of 500
Processed step 130 of 500
Processed step 140 of 500
Processed step 150 of 500
Processed step 160 of 500
Processed step 170 of 500
Processed step 180 of 500
Processed step 190 of 500
Processed step 200 of 500
Processed step 210 of 500
Processed step 220 of 500
Processed step 230 of 500
Processed step 240 of 500
Processed step 250 of 500
Processed step 260 of 500
Processed step 270 of 500
Processed step 280 of 500
Processed step 290 of 500
Processed step 300 of 500
Processed step 310 of 500
Processed step 320 of 500
Processed step 330 of 500
Processed step 340 of 500
Processed step 350 of 500
Processed step 360 of 500
Processed step 370 of 500
Processed step 380 of 500
Processed step 390 of 500
Processed step 400 of 500
Processed step 410 of 500
Processed step 420 of 500
Processed step 430 of 500
Processed step 440 of 500
Processed step 450 of 500
Processed step 460 of 500
Processed step 470 of 500
Processed step 480 of 500
Processed step 490 of 500
[2026-10-10 07:10:26,658][agent.finetune.train_ppo_diffusion_agent][INFO] - approx_kl: 0.0, update_epoch: 0, num_batch: 4
[2026-10-10 07:10:28,506][agent.finetune.train_ppo_diffusion_agent][INFO] - approx_kl: 0.0, update_epoch: 0, num_batch: 4
[2026-10-10 07:10:30,334][agent.finetune.train_ppo_diffusion_agent][INFO] - approx_kl: 0.0, update_epoch: 0, num_batch: 4
[2026-10-10 07:10:32,265][agent.finetune.train_ppo_diffusion_agent][INFO] - approx_kl: 0.0, update_epoch: 0, num_batch: 4
[2026-10-10 07:10:33,998][agent.finetune.train_ppo_diffusion_agent][INFO] - approx_kl: 0.0, update_epoch: 1, num_batch: 4
[2026-10-10 07:10:35,859][agent.finetune.train_ppo_diffusion_agent][INFO] - approx_kl: 0.0, update_epoch: 1, num_batch: 4
[2026-10-10 07:10:37,713][agent.finetune.train_ppo_diffusion_agent][INFO] - approx_kl: 0.0, update_epoch: 1, num_batch: 4
[2026-10-10 07:10:39,641][agent.finetune.train_ppo_diffusion_agent][INFO] - approx_kl: 0.0, update_epoch: 1, num_batch: 4
[2026-10-10 07:10:41,370][agent.finetune.train_ppo_diffusion_agent][INFO] - approx_kl: 0.0, update_epoch: 2, num_batch: 4
[2026-10-10 07:10:43,199][agent.finetune.train_ppo_diffusion_agent][INFO] - approx_kl: 0.0, update_epoch: 2, num_batch: 4
[2026-10-10 07:10:45,026][agent.finetune.train_ppo_diffusion_agent][INFO] - approx_kl: 0.0, update_epoch: 2, num_batch: 4
[2026-10-10 07:10:46,982][agent.finetune.train_ppo_diffusion_agent][INFO] - approx_kl: 0.0, update_epoch: 2, num_batch: 4
[2026-10-10 07:10:48,758][agent.finetune.train_ppo_diffusion_agent][INFO] - approx_kl: 0.0, update_epoch: 3, num_batch: 4
[2026-10-10 07:10:50,604][agent.finetune.train_ppo_diffusion_agent][INFO] - approx_kl: 0.0, update_epoch: 3, num_batch: 4
[2026-10-10 07:10:52,428][agent.finetune.train_ppo_diffusion_agent][INFO] - approx_kl: 0.0, update_epoch: 3, num_batch: 4
[2026-10-10 07:10:54,352][agent.finetune.train_ppo_diffusion_agent][INFO] - approx_kl: 0.0, update_epoch: 3, num_batch: 4
[2026-10-10 07:10:56,080][agent.finetune.train_ppo_diffusion_agent][INFO] - approx_kl: 0.0, update_epoch: 4, num_batch: 4
[2026-10-10 07:10:57,907][agent.finetune.train_ppo_diffusion_agent][INFO] - approx_kl: 0.0, update_epoch: 4, num_batch: 4
[2026-10-10 07:10:59,753][agent.finetune.train_ppo_diffusion_agent][INFO] - approx_kl: 0.0, update_epoch: 4, num_batch: 4
[2026-10-10 07:11:01,725][agent.finetune.train_ppo_diffusion_agent][INFO] - approx_kl: 0.0, update_epoch: 4, num_batch: 4
[2026-10-10 07:11:09,102][agent.finetune.train_ppo_diffusion_agent][INFO] - 68: step  4960000 | loss   0.3040 | pg loss   0.2507 | value loss   0.1067 | bc loss   0.0000 | reward 4092.9622 | eta   1.0000 | t: 57.5943 | kl_true_per_action=9.168024887355458e-05 | logratio_p99=0.013487299680709788 | clamp_hit_frac=0.000825 | actor_step_ratio=1.0 | actor_step_clipfrac=0.0
[2026-10-10 07:11:09,102][agent.finetune.stage3_support][INFO] - STAGE3_METRICS {"J_disc_train": 1444.116413005006, "J_disc_train_se": 13.48695347259113, "action_oor_frac": 0.14919791666666668, "adv_raw_mean": 1.3824319466948509e-14, "adv_raw_std": 140.98852863868686, "diagnostics_seconds": 0.11303979600779712, "episode_count": 80, "explained_var": 0.08872050046920776, "explained_var_reason": null, "grad_cos_prev": -0.025095431665743854, "grad_cos_prev_reason": null, "grad_norm": 11.577360540063856, "policy_action_oor_frac": 0.149225, "proj_active": false, "reward_clip_frac": 0.0, "rollout_seconds": 13.166468669078313, "split_diff_sq": 514.9174315800601, "split_dot": 5.305920631021733, "theta_dist": 0.02057638419512181, "theta_dist_preproj": 0.02057638419512181, "update_norm": 0.0014017100754592517, "update_seconds": 44.31049018492922, "x0_sat_frac_last": 0.033577533577533576, "x0_sat_frac_mean": 0.0672202724084551}
Processed step 0 of 500
Processed step 10 of 500
Processed step 20 of 500
Processed step 30 of 500
Processed step 40 of 500
Processed step 50 of 500
Processed step 60 of 500
Processed step 70 of 500
Processed step 80 of 500
Processed step 90 of 500
Processed step 100 of 500
Processed step 110 of 500
Processed step 120 of 500
Processed step 130 of 500
Processed step 140 of 500
Processed step 150 of 500
Processed step 160 of 500
Processed step 170 of 500
Processed step 180 of 500
Processed step 190 of 500
Processed step 200 of 500
Processed step 210 of 500
Processed step 220 of 500
Processed step 230 of 500
Processed step 240 of 500
Processed step 250 of 500
Processed step 260 of 500
Processed step 270 of 500
Processed step 280 of 500
Processed step 290 of 500
Processed step 300 of 500
Processed step 310 of 500
Processed step 320 of 500
Processed step 330 of 500
Processed step 340 of 500
Processed step 350 of 500
Processed step 360 of 500
Processed step 370 of 500
Processed step 380 of 500
Processed step 390 of 500
Processed step 400 of 500
Processed step 410 of 500
Processed step 420 of 500
Processed step 430 of 500
Processed step 440 of 500
Processed step 450 of 500
Processed step 460 of 500
Processed step 470 of 500
Processed step 480 of 500
Processed step 490 of 500
[2026-10-10 07:11:24,230][agent.finetune.train_ppo_diffusion_agent][INFO] - approx_kl: 0.0, update_epoch: 0, num_batch: 4
[2026-10-10 07:11:26,077][agent.finetune.train_ppo_diffusion_agent][INFO] - approx_kl: 0.0, update_epoch: 0, num_batch: 4
[2026-10-10 07:11:27,928][agent.finetune.train_ppo_diffusion_agent][INFO] - approx_kl: 0.0, update_epoch: 0, num_batch: 4
[2026-10-10 07:11:29,877][agent.finetune.train_ppo_diffusion_agent][INFO] - approx_kl: 0.0, update_epoch: 0, num_batch: 4
[2026-10-10 07:11:31,610][agent.finetune.train_ppo_diffusion_agent][INFO] - approx_kl: 0.0, update_epoch: 1, num_batch: 4
[2026-10-10 07:11:33,491][agent.finetune.train_ppo_diffusion_agent][INFO] - approx_kl: 0.0, update_epoch: 1, num_batch: 4
[2026-10-10 07:11:35,353][agent.finetune.train_ppo_diffusion_agent][INFO] - approx_kl: 0.0, update_epoch: 1, num_batch: 4
[2026-10-10 07:11:37,270][agent.finetune.train_ppo_diffusion_agent][INFO] - approx_kl: 0.0, update_epoch: 1, num_batch: 4
[2026-10-10 07:11:38,988][agent.finetune.train_ppo_diffusion_agent][INFO] - approx_kl: 0.0, update_epoch: 2, num_batch: 4
[2026-10-10 07:11:40,845][agent.finetune.train_ppo_diffusion_agent][INFO] - approx_kl: 0.0, update_epoch: 2, num_batch: 4
[2026-10-10 07:11:42,704][agent.finetune.train_ppo_diffusion_agent][INFO] - approx_kl: 0.0, update_epoch: 2, num_batch: 4
[2026-10-10 07:11:44,705][agent.finetune.train_ppo_diffusion_agent][INFO] - approx_kl: 0.0, update_epoch: 2, num_batch: 4
[2026-10-10 07:11:46,490][agent.finetune.train_ppo_diffusion_agent][INFO] - approx_kl: 0.0, update_epoch: 3, num_batch: 4
[2026-10-10 07:11:48,340][agent.finetune.train_ppo_diffusion_agent][INFO] - approx_kl: 0.0, update_epoch: 3, num_batch: 4
[2026-10-10 07:11:50,178][agent.finetune.train_ppo_diffusion_agent][INFO] - approx_kl: 0.0, update_epoch: 3, num_batch: 4
[2026-10-10 07:11:52,128][agent.finetune.train_ppo_diffusion_agent][INFO] - approx_kl: 0.0, update_epoch: 3, num_batch: 4
[2026-10-10 07:11:53,868][agent.finetune.train_ppo_diffusion_agent][INFO] - approx_kl: 0.0, update_epoch: 4, num_batch: 4
[2026-10-10 07:11:55,709][agent.finetune.train_ppo_diffusion_agent][INFO] - approx_kl: 0.0, update_epoch: 4, num_batch: 4
[2026-10-10 07:11:57,533][agent.finetune.train_ppo_diffusion_agent][INFO] - approx_kl: 0.0, update_epoch: 4, num_batch: 4
[2026-10-10 07:11:59,490][agent.finetune.train_ppo_diffusion_agent][INFO] - approx_kl: 0.0, update_epoch: 4, num_batch: 4
[2026-10-10 07:12:06,763][agent.finetune.train_ppo_diffusion_agent][INFO] - 69: step  5040000 | loss  -0.2338 | pg loss  -0.2860 | value loss   0.1044 | bc loss   0.0000 | reward 3871.9744 | eta   1.0000 | t: 57.6605 | kl_true_per_action=0.00046157518232249416 | logratio_p99=0.031472281217575004 | clamp_hit_frac=0.00079375 | actor_step_ratio=1.0 | actor_step_clipfrac=0.0
[2026-10-10 07:12:06,763][agent.finetune.stage3_support][INFO] - STAGE3_METRICS {"J_disc_train": 1385.6896154137498, "J_disc_train_se": 28.078853722479348, "action_oor_frac": 0.14407291666666666, "adv_raw_mean": -8.73114913702011e-15, "adv_raw_std": 285.4579832418361, "diagnostics_seconds": 0.12018172512762249, "episode_count": 80, "explained_var": 0.5573308765888214, "explained_var_reason": null, "grad_cos_prev": 0.017262552673116698, "grad_cos_prev_reason": null, "grad_norm": 27.575196608675284, "policy_action_oor_frac": 0.14410208333333333, "proj_active": false, "reward_clip_frac": 0.0, "rollout_seconds": 13.1552710410906, "split_diff_sq": 2977.8864292303724, "split_dot": 15.919857487240945, "theta_dist": 0.02076949558768447, "theta_dist_preproj": 0.02076949558768447, "update_norm": 0.0033385988244944258, "update_seconds": 44.377954509924166, "x0_sat_frac_last": 0.03354978354978355, "x0_sat_frac_mean": 0.065000125495969}
Processed step 0 of 500
Processed step 10 of 500
Processed step 20 of 500
Processed step 30 of 500
Processed step 40 of 500
Processed step 50 of 500
Processed step 60 of 500
Processed step 70 of 500
Processed step 80 of 500
Processed step 90 of 500
Processed step 100 of 500
Processed step 110 of 500
Processed step 120 of 500
Processed step 130 of 500
Processed step 140 of 500
Processed step 150 of 500
Processed step 160 of 500
Processed step 170 of 500
Processed step 180 of 500
Processed step 190 of 500
Processed step 200 of 500
Processed step 210 of 500
Processed step 220 of 500
Processed step 230 of 500
Processed step 240 of 500
Processed step 250 of 500
Processed step 260 of 500
Processed step 270 of 500
Processed step 280 of 500
Processed step 290 of 500
Processed step 300 of 500
Processed step 310 of 500
Processed step 320 of 500
Processed step 330 of 500
Processed step 340 of 500
Processed step 350 of 500
Processed step 360 of 500
Processed step 370 of 500
Processed step 380 of 500
Processed step 390 of 500
Processed step 400 of 500
Processed step 410 of 500
Processed step 420 of 500
Processed step 430 of 500
Processed step 440 of 500
Processed step 450 of 500
Processed step 460 of 500
Processed step 470 of 500
Processed step 480 of 500
Processed step 490 of 500
[2026-10-10 07:12:19,941][agent.finetune.train_agent][INFO] - Saved model to /soalnas/share/data/zbao7/diffusion_policy/results/stage3/SGD1_seed0/checkpoint/state_70.pt
[2026-10-10 07:12:19,942][agent.finetune.train_ppo_diffusion_agent][INFO] - eval: success rate   1.0000 | avg episode reward 4357.7663 | avg best reward   6.5369
[2026-10-10 07:12:19,942][agent.finetune.stage3_support][INFO] - STAGE3_METRICS {"J_disc_eval": 1547.950891718819, "J_disc_eval_se": 15.726536144648657, "action_oor_frac": 0.0, "diagnostics_seconds": 0.01838873408269137, "episode_count": 80, "policy_action_oor_frac": 0.0, "rollout_seconds": 13.130487083923072, "update_seconds": 0.0}
Processed step 0 of 500
Processed step 10 of 500
Processed step 20 of 500
Processed step 30 of 500
Processed step 40 of 500
Processed step 50 of 500
Processed step 60 of 500
Processed step 70 of 500
Processed step 80 of 500
Processed step 90 of 500
Processed step 100 of 500
Processed step 110 of 500
Processed step 120 of 500
Processed step 130 of 500
Processed step 140 of 500
Processed step 150 of 500
Processed step 160 of 500
Processed step 170 of 500
Processed step 180 of 500
Processed step 190 of 500
Processed step 200 of 500
Processed step 210 of 500
Processed step 220 of 500
Processed step 230 of 500
Processed step 240 of 500
Processed step 250 of 500
Processed step 260 of 500
Processed step 270 of 500
Processed step 280 of 500
Processed step 290 of 500
Processed step 300 of 500
Processed step 310 of 500
Processed step 320 of 500
Processed step 330 of 500
Processed step 340 of 500
Processed step 350 of 500
Processed step 360 of 500
Processed step 370 of 500
Processed step 380 of 500
Processed step 390 of 500
Processed step 400 of 500
Processed step 410 of 500
Processed step 420 of 500
Processed step 430 of 500
Processed step 440 of 500
Processed step 450 of 500
Processed step 460 of 500
Processed step 470 of 500
Processed step 480 of 500
Processed step 490 of 500
[2026-10-10 07:12:35,089][agent.finetune.train_ppo_diffusion_agent][INFO] - approx_kl: 0.0, update_epoch: 0, num_batch: 4
[2026-10-10 07:12:36,943][agent.finetune.train_ppo_diffusion_agent][INFO] - approx_kl: 0.0, update_epoch: 0, num_batch: 4
[2026-10-10 07:12:38,766][agent.finetune.train_ppo_diffusion_agent][INFO] - approx_kl: 0.0, update_epoch: 0, num_batch: 4
[2026-10-10 07:12:40,697][agent.finetune.train_ppo_diffusion_agent][INFO] - approx_kl: 0.0, update_epoch: 0, num_batch: 4
[2026-10-10 07:12:42,439][agent.finetune.train_ppo_diffusion_agent][INFO] - approx_kl: 0.0, update_epoch: 1, num_batch: 4
[2026-10-10 07:12:44,287][agent.finetune.train_ppo_diffusion_agent][INFO] - approx_kl: 0.0, update_epoch: 1, num_batch: 4
[2026-10-10 07:12:46,143][agent.finetune.train_ppo_diffusion_agent][INFO] - approx_kl: 0.0, update_epoch: 1, num_batch: 4
[2026-10-10 07:12:48,052][agent.finetune.train_ppo_diffusion_agent][INFO] - approx_kl: 0.0, update_epoch: 1, num_batch: 4
[2026-10-10 07:12:49,770][agent.finetune.train_ppo_diffusion_agent][INFO] - approx_kl: 0.0, update_epoch: 2, num_batch: 4
[2026-10-10 07:12:51,590][agent.finetune.train_ppo_diffusion_agent][INFO] - approx_kl: 0.0, update_epoch: 2, num_batch: 4
[2026-10-10 07:12:53,417][agent.finetune.train_ppo_diffusion_agent][INFO] - approx_kl: 0.0, update_epoch: 2, num_batch: 4
[2026-10-10 07:12:55,384][agent.finetune.train_ppo_diffusion_agent][INFO] - approx_kl: 0.0, update_epoch: 2, num_batch: 4
[2026-10-10 07:12:57,134][agent.finetune.train_ppo_diffusion_agent][INFO] - approx_kl: 0.0, update_epoch: 3, num_batch: 4
[2026-10-10 07:12:58,965][agent.finetune.train_ppo_diffusion_agent][INFO] - approx_kl: 0.0, update_epoch: 3, num_batch: 4
[2026-10-10 07:13:00,787][agent.finetune.train_ppo_diffusion_agent][INFO] - approx_kl: 0.0, update_epoch: 3, num_batch: 4
[2026-10-10 07:13:02,723][agent.finetune.train_ppo_diffusion_agent][INFO] - approx_kl: 0.0, update_epoch: 3, num_batch: 4
[2026-10-10 07:13:04,455][agent.finetune.train_ppo_diffusion_agent][INFO] - approx_kl: 0.0, update_epoch: 4, num_batch: 4
[2026-10-10 07:13:06,289][agent.finetune.train_ppo_diffusion_agent][INFO] - approx_kl: 0.0, update_epoch: 4, num_batch: 4
[2026-10-10 07:13:08,127][agent.finetune.train_ppo_diffusion_agent][INFO] - approx_kl: 0.0, update_epoch: 4, num_batch: 4
[2026-10-10 07:13:10,107][agent.finetune.train_ppo_diffusion_agent][INFO] - approx_kl: 0.0, update_epoch: 4, num_batch: 4
[2026-10-10 07:13:17,501][agent.finetune.train_ppo_diffusion_agent][INFO] - 71: step  5120000 | loss   0.4110 | pg loss   0.3587 | value loss   0.1045 | bc loss   0.0000 | reward 3994.1834 | eta   1.0000 | t: 57.5588 | kl_true_per_action=0.00036099001043436756 | logratio_p99=0.02869123339653012 | clamp_hit_frac=0.0007020833333333333 | actor_step_ratio=1.0 | actor_step_clipfrac=0.0
[2026-10-10 07:13:17,501][agent.finetune.stage3_support][INFO] - STAGE3_METRICS {"J_disc_train": 1396.853146200441, "J_disc_train_se": 19.48894304490051, "action_oor_frac": 0.14791875, "adv_raw_mean": -1.3824319466948509e-14, "adv_raw_std": 190.0961911797355, "diagnostics_seconds": 0.12692256504669785, "episode_count": 80, "explained_var": 0.32867729663848877, "explained_var_reason": null, "grad_cos_prev": -0.030093769597590192, "grad_cos_prev_reason": null, "grad_norm": 16.023284186570162, "policy_action_oor_frac": 0.14796041666666668, "proj_active": false, "reward_clip_frac": 0.0, "rollout_seconds": 13.159772161976434, "split_diff_sq": 1037.5708627224546, "split_dot": -2.6470861012879032, "theta_dist": 0.02075716488971617, "theta_dist_preproj": 0.02075716488971617, "update_norm": 0.0019399957673779966, "update_seconds": 44.26814968290273, "x0_sat_frac_last": 0.03344298245614035, "x0_sat_frac_mean": 0.06669276767572989}
Processed step 0 of 500
Processed step 10 of 500
Processed step 20 of 500
Processed step 30 of 500
Processed step 40 of 500
Processed step 50 of 500
Processed step 60 of 500
Processed step 70 of 500
Processed step 80 of 500
Processed step 90 of 500
Processed step 100 of 500
Processed step 110 of 500
Processed step 120 of 500
Processed step 130 of 500
Processed step 140 of 500
Processed step 150 of 500
Processed step 160 of 500
Processed step 170 of 500
Processed step 180 of 500
Processed step 190 of 500
Processed step 200 of 500
Processed step 210 of 500
Processed step 220 of 500
Processed step 230 of 500
Processed step 240 of 500
Processed step 250 of 500
Processed step 260 of 500
Processed step 270 of 500
Processed step 280 of 500
Processed step 290 of 500
Processed step 300 of 500
Processed step 310 of 500
Processed step 320 of 500
Processed step 330 of 500
Processed step 340 of 500
Processed step 350 of 500
Processed step 360 of 500
Processed step 370 of 500
Processed step 380 of 500
Processed step 390 of 500
Processed step 400 of 500
Processed step 410 of 500
Processed step 420 of 500
Processed step 430 of 500
Processed step 440 of 500
Processed step 450 of 500
Processed step 460 of 500
Processed step 470 of 500
Processed step 480 of 500
Processed step 490 of 500
[2026-10-10 07:13:32,539][agent.finetune.train_ppo_diffusion_agent][INFO] - approx_kl: 0.0, update_epoch: 0, num_batch: 4
[2026-10-10 07:13:34,366][agent.finetune.train_ppo_diffusion_agent][INFO] - approx_kl: 0.0, update_epoch: 0, num_batch: 4
[2026-10-10 07:13:36,308][agent.finetune.train_ppo_diffusion_agent][INFO] - approx_kl: 0.0, update_epoch: 0, num_batch: 4
[2026-10-10 07:13:37,970][agent.finetune.train_ppo_diffusion_agent][INFO] - approx_kl: 0.0, update_epoch: 0, num_batch: 4
[2026-10-10 07:13:39,763][agent.finetune.train_ppo_diffusion_agent][INFO] - approx_kl: 0.0, update_epoch: 1, num_batch: 4
[2026-10-10 07:13:41,558][agent.finetune.train_ppo_diffusion_agent][INFO] - approx_kl: 0.0, update_epoch: 1, num_batch: 4
[2026-10-10 07:13:43,585][agent.finetune.train_ppo_diffusion_agent][INFO] - approx_kl: 0.0, update_epoch: 1, num_batch: 4
[2026-10-10 07:13:45,263][agent.finetune.train_ppo_diffusion_agent][INFO] - approx_kl: 0.0, update_epoch: 1, num_batch: 4
[2026-10-10 07:13:47,300][agent.finetune.train_ppo_diffusion_agent][INFO] - approx_kl: 0.0, update_epoch: 2, num_batch: 4
[2026-10-10 07:13:49,075][agent.finetune.train_ppo_diffusion_agent][INFO] - approx_kl: 0.0, update_epoch: 2, num_batch: 4
[2026-10-10 07:13:50,941][agent.finetune.train_ppo_diffusion_agent][INFO] - approx_kl: 0.0, update_epoch: 2, num_batch: 4
[2026-10-10 07:13:52,606][agent.finetune.train_ppo_diffusion_agent][INFO] - approx_kl: 0.0, update_epoch: 2, num_batch: 4
[2026-10-10 07:13:54,360][agent.finetune.train_ppo_diffusion_agent][INFO] - approx_kl: 0.0, update_epoch: 3, num_batch: 4
[2026-10-10 07:13:56,135][agent.finetune.train_ppo_diffusion_agent][INFO] - approx_kl: 0.0, update_epoch: 3, num_batch: 4
[2026-10-10 07:13:58,023][agent.finetune.train_ppo_diffusion_agent][INFO] - approx_kl: 0.0, update_epoch: 3, num_batch: 4
[2026-10-10 07:13:59,651][agent.finetune.train_ppo_diffusion_agent][INFO] - approx_kl: 0.0, update_epoch: 3, num_batch: 4
[2026-10-10 07:14:01,391][agent.finetune.train_ppo_diffusion_agent][INFO] - approx_kl: 0.0, update_epoch: 4, num_batch: 4
[2026-10-10 07:14:03,129][agent.finetune.train_ppo_diffusion_agent][INFO] - approx_kl: 0.0, update_epoch: 4, num_batch: 4
[2026-10-10 07:14:04,976][agent.finetune.train_ppo_diffusion_agent][INFO] - approx_kl: 0.0, update_epoch: 4, num_batch: 4
[2026-10-10 07:14:06,619][agent.finetune.train_ppo_diffusion_agent][INFO] - approx_kl: 0.0, update_epoch: 4, num_batch: 4
[2026-10-10 07:14:13,793][agent.finetune.train_ppo_diffusion_agent][INFO] - 72: step  5200000 | loss   0.0338 | pg loss  -0.0176 | value loss   0.1029 | bc loss   0.0000 | reward 3965.1630 | eta   1.0000 | t: 56.2924 | kl_true_per_action=0.00014948794287016783 | logratio_p99=0.01618141770362851 | clamp_hit_frac=0.00078125 | actor_step_ratio=1.0 | actor_step_clipfrac=0.0
[2026-10-10 07:14:13,794][agent.finetune.stage3_support][INFO] - STAGE3_METRICS {"J_disc_train": 1391.3973377478862, "J_disc_train_se": 17.63723685320215, "action_oor_frac": 0.14559583333333334, "adv_raw_mean": -3.110471880063415e-14, "adv_raw_std": 212.55498650022017, "diagnostics_seconds": 0.12512767489533871, "episode_count": 80, "explained_var": 0.40384960174560547, "explained_var_reason": null, "grad_cos_prev": 0.026986099900092753, "grad_cos_prev_reason": null, "grad_norm": 16.70060991583445, "policy_action_oor_frac": 0.1456125, "proj_active": false, "reward_clip_frac": 0.0, "rollout_seconds": 13.035656235995702, "split_diff_sq": 1101.010051599349, "split_dot": 3.6578511644420506, "theta_dist": 0.020894616454292, "theta_dist_preproj": 0.020894616454292, "update_norm": 0.0020219990036200635, "update_seconds": 43.12710820499342, "x0_sat_frac_last": 0.03271668379582049, "x0_sat_frac_mean": 0.06585416526339043}
Processed step 0 of 500
Processed step 10 of 500
Processed step 20 of 500
Processed step 30 of 500
Processed step 40 of 500
Processed step 50 of 500
Processed step 60 of 500
Processed step 70 of 500
Processed step 80 of 500
Processed step 90 of 500
Processed step 100 of 500
Processed step 110 of 500
Processed step 120 of 500
Processed step 130 of 500
Processed step 140 of 500
Processed step 150 of 500
Processed step 160 of 500
Processed step 170 of 500
Processed step 180 of 500
Processed step 190 of 500
Processed step 200 of 500
Processed step 210 of 500
Processed step 220 of 500
Processed step 230 of 500
Processed step 240 of 500
Processed step 250 of 500
Processed step 260 of 500
Processed step 270 of 500
Processed step 280 of 500
Processed step 290 of 500
Processed step 300 of 500
Processed step 310 of 500
Processed step 320 of 500
Processed step 330 of 500
Processed step 340 of 500
Processed step 350 of 500
Processed step 360 of 500
Processed step 370 of 500
Processed step 380 of 500
Processed step 390 of 500
Processed step 400 of 500
Processed step 410 of 500
Processed step 420 of 500
Processed step 430 of 500
Processed step 440 of 500
Processed step 450 of 500
Processed step 460 of 500
Processed step 470 of 500
Processed step 480 of 500
Processed step 490 of 500
[2026-10-10 07:14:28,705][agent.finetune.train_ppo_diffusion_agent][INFO] - approx_kl: 0.0, update_epoch: 0, num_batch: 4
[2026-10-10 07:14:30,480][agent.finetune.train_ppo_diffusion_agent][INFO] - approx_kl: 0.0, update_epoch: 0, num_batch: 4
[2026-10-10 07:14:32,357][agent.finetune.train_ppo_diffusion_agent][INFO] - approx_kl: 0.0, update_epoch: 0, num_batch: 4
[2026-10-10 07:14:34,043][agent.finetune.train_ppo_diffusion_agent][INFO] - approx_kl: 0.0, update_epoch: 0, num_batch: 4
[2026-10-10 07:14:35,813][agent.finetune.train_ppo_diffusion_agent][INFO] - approx_kl: 0.0, update_epoch: 1, num_batch: 4
[2026-10-10 07:14:37,566][agent.finetune.train_ppo_diffusion_agent][INFO] - approx_kl: 0.0, update_epoch: 1, num_batch: 4
[2026-10-10 07:14:39,530][agent.finetune.train_ppo_diffusion_agent][INFO] - approx_kl: 0.0, update_epoch: 1, num_batch: 4
[2026-10-10 07:14:41,202][agent.finetune.train_ppo_diffusion_agent][INFO] - approx_kl: 0.0, update_epoch: 1, num_batch: 4
[2026-10-10 07:14:42,971][agent.finetune.train_ppo_diffusion_agent][INFO] - approx_kl: 0.0, update_epoch: 2, num_batch: 4
[2026-10-10 07:14:44,718][agent.finetune.train_ppo_diffusion_agent][INFO] - approx_kl: 0.0, update_epoch: 2, num_batch: 4
[2026-10-10 07:14:46,576][agent.finetune.train_ppo_diffusion_agent][INFO] - approx_kl: 0.0, update_epoch: 2, num_batch: 4
[2026-10-10 07:14:48,249][agent.finetune.train_ppo_diffusion_agent][INFO] - approx_kl: 0.0, update_epoch: 2, num_batch: 4
[2026-10-10 07:14:50,027][agent.finetune.train_ppo_diffusion_agent][INFO] - approx_kl: 0.0, update_epoch: 3, num_batch: 4
[2026-10-10 07:14:51,796][agent.finetune.train_ppo_diffusion_agent][INFO] - approx_kl: 0.0, update_epoch: 3, num_batch: 4
[2026-10-10 07:14:53,694][agent.finetune.train_ppo_diffusion_agent][INFO] - approx_kl: 0.0, update_epoch: 3, num_batch: 4
[2026-10-10 07:14:55,375][agent.finetune.train_ppo_diffusion_agent][INFO] - approx_kl: 0.0, update_epoch: 3, num_batch: 4
[2026-10-10 07:14:57,157][agent.finetune.train_ppo_diffusion_agent][INFO] - approx_kl: 0.0, update_epoch: 4, num_batch: 4
[2026-10-10 07:14:58,895][agent.finetune.train_ppo_diffusion_agent][INFO] - approx_kl: 0.0, update_epoch: 4, num_batch: 4
[2026-10-10 07:15:00,753][agent.finetune.train_ppo_diffusion_agent][INFO] - approx_kl: 0.0, update_epoch: 4, num_batch: 4
[2026-10-10 07:15:02,422][agent.finetune.train_ppo_diffusion_agent][INFO] - approx_kl: 0.0, update_epoch: 4, num_batch: 4
[2026-10-10 07:15:09,572][agent.finetune.train_ppo_diffusion_agent][INFO] - 73: step  5280000 | loss  -1.5674 | pg loss  -1.6226 | value loss   0.1105 | bc loss   0.0000 | reward 4030.6989 | eta   1.0000 | t: 55.7788 | kl_true_per_action=0.00021271629043847996 | logratio_p99=0.019328563213348374 | clamp_hit_frac=0.0007375 | actor_step_ratio=1.0 | actor_step_clipfrac=0.0
[2026-10-10 07:15:09,572][agent.finetune.stage3_support][INFO] - STAGE3_METRICS {"J_disc_train": 1429.7325219169893, "J_disc_train_se": 21.609587042441976, "action_oor_frac": 0.14619583333333333, "adv_raw_mean": 5.820766091346741e-15, "adv_raw_std": 217.0134798116106, "diagnostics_seconds": 0.12175258726347238, "episode_count": 80, "explained_var": 0.3717457056045532, "explained_var_reason": null, "grad_cos_prev": 0.0014545874219711243, "grad_cos_prev_reason": null, "grad_norm": 18.087630268574433, "policy_action_oor_frac": 0.14623125, "proj_active": false, "reward_clip_frac": 0.0, "rollout_seconds": 12.913989730062895, "split_diff_sq": 1281.8689990139296, "split_dot": 6.695126232903591, "theta_dist": 0.021123833221962752, "theta_dist_preproj": 0.021123833221962752, "update_norm": 0.0021899219098982054, "update_seconds": 42.738917651819065, "x0_sat_frac_last": 0.03144891122278057, "x0_sat_frac_mean": 0.06651240861375032}
Processed step 0 of 500
Processed step 10 of 500
Processed step 20 of 500
Processed step 30 of 500
Processed step 40 of 500
Processed step 50 of 500
Processed step 60 of 500
Processed step 70 of 500
Processed step 80 of 500
Processed step 90 of 500
Processed step 100 of 500
Processed step 110 of 500
Processed step 120 of 500
Processed step 130 of 500
Processed step 140 of 500
Processed step 150 of 500
Processed step 160 of 500
Processed step 170 of 500
Processed step 180 of 500
Processed step 190 of 500
Processed step 200 of 500
Processed step 210 of 500
Processed step 220 of 500
Processed step 230 of 500
Processed step 240 of 500
Processed step 250 of 500
Processed step 260 of 500
Processed step 270 of 500
Processed step 280 of 500
Processed step 290 of 500
Processed step 300 of 500
Processed step 310 of 500
Processed step 320 of 500
Processed step 330 of 500
Processed step 340 of 500
Processed step 350 of 500
Processed step 360 of 500
Processed step 370 of 500
Processed step 380 of 500
Processed step 390 of 500
Processed step 400 of 500
Processed step 410 of 500
Processed step 420 of 500
Processed step 430 of 500
Processed step 440 of 500
Processed step 450 of 500
Processed step 460 of 500
Processed step 470 of 500
Processed step 480 of 500
Processed step 490 of 500
[2026-10-10 07:15:24,924][agent.finetune.train_ppo_diffusion_agent][INFO] - approx_kl: 0.0, update_epoch: 0, num_batch: 4
[2026-10-10 07:15:26,868][agent.finetune.train_ppo_diffusion_agent][INFO] - approx_kl: 0.0, update_epoch: 0, num_batch: 4
[2026-10-10 07:15:28,825][agent.finetune.train_ppo_diffusion_agent][INFO] - approx_kl: 0.0, update_epoch: 0, num_batch: 4
[2026-10-10 07:15:30,578][agent.finetune.train_ppo_diffusion_agent][INFO] - approx_kl: 0.0, update_epoch: 0, num_batch: 4
[2026-10-10 07:15:32,429][agent.finetune.train_ppo_diffusion_agent][INFO] - approx_kl: 0.0, update_epoch: 1, num_batch: 4
[2026-10-10 07:15:34,386][agent.finetune.train_ppo_diffusion_agent][INFO] - approx_kl: 0.0, update_epoch: 1, num_batch: 4
[2026-10-10 07:15:36,183][agent.finetune.train_ppo_diffusion_agent][INFO] - approx_kl: 0.0, update_epoch: 1, num_batch: 4
[2026-10-10 07:15:38,081][agent.finetune.train_ppo_diffusion_agent][INFO] - approx_kl: 0.0, update_epoch: 1, num_batch: 4
[2026-10-10 07:15:39,937][agent.finetune.train_ppo_diffusion_agent][INFO] - approx_kl: 0.0, update_epoch: 2, num_batch: 4
[2026-10-10 07:15:41,885][agent.finetune.train_ppo_diffusion_agent][INFO] - approx_kl: 0.0, update_epoch: 2, num_batch: 4
[2026-10-10 07:15:43,640][agent.finetune.train_ppo_diffusion_agent][INFO] - approx_kl: 0.0, update_epoch: 2, num_batch: 4
[2026-10-10 07:15:45,490][agent.finetune.train_ppo_diffusion_agent][INFO] - approx_kl: 0.0, update_epoch: 2, num_batch: 4
[2026-10-10 07:15:47,320][agent.finetune.train_ppo_diffusion_agent][INFO] - approx_kl: 0.0, update_epoch: 3, num_batch: 4
[2026-10-10 07:15:49,281][agent.finetune.train_ppo_diffusion_agent][INFO] - approx_kl: 0.0, update_epoch: 3, num_batch: 4
[2026-10-10 07:15:51,011][agent.finetune.train_ppo_diffusion_agent][INFO] - approx_kl: 0.0, update_epoch: 3, num_batch: 4
[2026-10-10 07:15:52,922][agent.finetune.train_ppo_diffusion_agent][INFO] - approx_kl: 0.0, update_epoch: 3, num_batch: 4
[2026-10-10 07:15:54,772][agent.finetune.train_ppo_diffusion_agent][INFO] - approx_kl: 0.0, update_epoch: 4, num_batch: 4
[2026-10-10 07:15:56,723][agent.finetune.train_ppo_diffusion_agent][INFO] - approx_kl: 0.0, update_epoch: 4, num_batch: 4
[2026-10-10 07:15:58,476][agent.finetune.train_ppo_diffusion_agent][INFO] - approx_kl: 0.0, update_epoch: 4, num_batch: 4
[2026-10-10 07:16:00,322][agent.finetune.train_ppo_diffusion_agent][INFO] - approx_kl: 0.0, update_epoch: 4, num_batch: 4
[2026-10-10 07:16:07,695][agent.finetune.train_ppo_diffusion_agent][INFO] - 74: step  5360000 | loss  -0.7414 | pg loss  -0.7947 | value loss   0.1066 | bc loss   0.0000 | reward 4041.1414 | eta   1.0000 | t: 58.1234 | kl_true_per_action=0.0002584614263780488 | logratio_p99=0.023507128953933695 | clamp_hit_frac=0.0008125 | actor_step_ratio=1.0 | actor_step_clipfrac=0.0
[2026-10-10 07:16:07,696][agent.finetune.stage3_support][INFO] - STAGE3_METRICS {"J_disc_train": 1448.2576369172657, "J_disc_train_se": 18.27404940047197, "action_oor_frac": 0.14664791666666666, "adv_raw_mean": 2.546585164964199e-15, "adv_raw_std": 224.9007852886178, "diagnostics_seconds": 0.13489260897040367, "episode_count": 80, "explained_var": 0.5092326998710632, "explained_var_reason": null, "grad_cos_prev": 0.021220980921755738, "grad_cos_prev_reason": null, "grad_norm": 17.07375434810639, "policy_action_oor_frac": 0.14667083333333333, "proj_active": false, "reward_clip_frac": 0.0, "rollout_seconds": 12.841690707020462, "split_diff_sq": 1116.4322336009664, "split_dot": 12.405043732203698, "theta_dist": 0.021195511191315956, "theta_dist_preproj": 0.021195511191315956, "update_norm": 0.002067164447319445, "update_seconds": 45.14303439797368, "x0_sat_frac_last": 0.03186274509803922, "x0_sat_frac_mean": 0.06637534188898181}
Processed step 0 of 500
Processed step 10 of 500
Processed step 20 of 500
Processed step 30 of 500
Processed step 40 of 500
Processed step 50 of 500
Processed step 60 of 500
Processed step 70 of 500
Processed step 80 of 500
Processed step 90 of 500
Processed step 100 of 500
Processed step 110 of 500
Processed step 120 of 500
Processed step 130 of 500
Processed step 140 of 500
Processed step 150 of 500
Processed step 160 of 500
Processed step 170 of 500
Processed step 180 of 500
Processed step 190 of 500
Processed step 200 of 500
Processed step 210 of 500
Processed step 220 of 500
Processed step 230 of 500
Processed step 240 of 500
Processed step 250 of 500
Processed step 260 of 500
Processed step 270 of 500
Processed step 280 of 500
Processed step 290 of 500
Processed step 300 of 500
Processed step 310 of 500
Processed step 320 of 500
Processed step 330 of 500
Processed step 340 of 500
Processed step 350 of 500
Processed step 360 of 500
Processed step 370 of 500
Processed step 380 of 500
Processed step 390 of 500
Processed step 400 of 500
Processed step 410 of 500
Processed step 420 of 500
Processed step 430 of 500
Processed step 440 of 500
Processed step 450 of 500
Processed step 460 of 500
Processed step 470 of 500
Processed step 480 of 500
Processed step 490 of 500
[2026-10-10 07:16:22,875][agent.finetune.train_ppo_diffusion_agent][INFO] - approx_kl: 0.0, update_epoch: 0, num_batch: 4
[2026-10-10 07:16:24,816][agent.finetune.train_ppo_diffusion_agent][INFO] - approx_kl: 0.0, update_epoch: 0, num_batch: 4
[2026-10-10 07:16:26,559][agent.finetune.train_ppo_diffusion_agent][INFO] - approx_kl: 0.0, update_epoch: 0, num_batch: 4
[2026-10-10 07:16:28,440][agent.finetune.train_ppo_diffusion_agent][INFO] - approx_kl: 0.0, update_epoch: 0, num_batch: 4
[2026-10-10 07:16:30,316][agent.finetune.train_ppo_diffusion_agent][INFO] - approx_kl: 0.0, update_epoch: 1, num_batch: 4
[2026-10-10 07:16:32,271][agent.finetune.train_ppo_diffusion_agent][INFO] - approx_kl: 0.0, update_epoch: 1, num_batch: 4
[2026-10-10 07:16:34,023][agent.finetune.train_ppo_diffusion_agent][INFO] - approx_kl: 0.0, update_epoch: 1, num_batch: 4
[2026-10-10 07:16:35,878][agent.finetune.train_ppo_diffusion_agent][INFO] - approx_kl: 0.0, update_epoch: 1, num_batch: 4
[2026-10-10 07:16:37,726][agent.finetune.train_ppo_diffusion_agent][INFO] - approx_kl: 0.0, update_epoch: 2, num_batch: 4
[2026-10-10 07:16:39,714][agent.finetune.train_ppo_diffusion_agent][INFO] - approx_kl: 0.0, update_epoch: 2, num_batch: 4
[2026-10-10 07:16:41,523][agent.finetune.train_ppo_diffusion_agent][INFO] - approx_kl: 0.0, update_epoch: 2, num_batch: 4
[2026-10-10 07:16:43,413][agent.finetune.train_ppo_diffusion_agent][INFO] - approx_kl: 0.0, update_epoch: 2, num_batch: 4
[2026-10-10 07:16:45,273][agent.finetune.train_ppo_diffusion_agent][INFO] - approx_kl: 0.0, update_epoch: 3, num_batch: 4
[2026-10-10 07:16:47,210][agent.finetune.train_ppo_diffusion_agent][INFO] - approx_kl: 0.0, update_epoch: 3, num_batch: 4
[2026-10-10 07:16:48,958][agent.finetune.train_ppo_diffusion_agent][INFO] - approx_kl: 0.0, update_epoch: 3, num_batch: 4
[2026-10-10 07:16:50,815][agent.finetune.train_ppo_diffusion_agent][INFO] - approx_kl: 0.0, update_epoch: 3, num_batch: 4
[2026-10-10 07:16:52,674][agent.finetune.train_ppo_diffusion_agent][INFO] - approx_kl: 0.0, update_epoch: 4, num_batch: 4
[2026-10-10 07:16:54,670][agent.finetune.train_ppo_diffusion_agent][INFO] - approx_kl: 0.0, update_epoch: 4, num_batch: 4
[2026-10-10 07:16:56,459][agent.finetune.train_ppo_diffusion_agent][INFO] - approx_kl: 0.0, update_epoch: 4, num_batch: 4
[2026-10-10 07:16:58,322][agent.finetune.train_ppo_diffusion_agent][INFO] - approx_kl: 0.0, update_epoch: 4, num_batch: 4
[2026-10-10 07:17:05,766][agent.finetune.train_ppo_diffusion_agent][INFO] - 75: step  5440000 | loss  -0.3199 | pg loss  -0.3734 | value loss   0.1069 | bc loss   0.0000 | reward 3975.5302 | eta   1.0000 | t: 58.0710 | kl_true_per_action=0.00026727973730761355 | logratio_p99=0.02205279469490051 | clamp_hit_frac=0.0007020833333333333 | actor_step_ratio=1.0 | actor_step_clipfrac=0.0
[2026-10-10 07:17:05,767][agent.finetune.stage3_support][INFO] - STAGE3_METRICS {"J_disc_train": 1417.004738000146, "J_disc_train_se": 22.484347640058687, "action_oor_frac": 0.14406041666666666, "adv_raw_mean": -5.820766091346741e-15, "adv_raw_std": 242.4432524628075, "diagnostics_seconds": 0.12325351021718234, "episode_count": 80, "explained_var": 0.5243300497531891, "explained_var_reason": null, "grad_cos_prev": -0.07988891679274567, "grad_cos_prev_reason": null, "grad_norm": 21.570871870072956, "policy_action_oor_frac": 0.14408125, "proj_active": false, "reward_clip_frac": 0.0, "rollout_seconds": 13.090666887932457, "split_diff_sq": 1876.5348855118118, "split_dot": -3.831199224614048, "theta_dist": 0.021210299204702427, "theta_dist_preproj": 0.021210299204702427, "update_norm": 0.002611645694133773, "update_seconds": 44.85289266589098, "x0_sat_frac_last": 0.030555555555555555, "x0_sat_frac_mean": 0.06559212728900508}
Processed step 0 of 500
Processed step 10 of 500
Processed step 20 of 500
Processed step 30 of 500
Processed step 40 of 500
Processed step 50 of 500
Processed step 60 of 500
Processed step 70 of 500
Processed step 80 of 500
Processed step 90 of 500
Processed step 100 of 500
Processed step 110 of 500
Processed step 120 of 500
Processed step 130 of 500
Processed step 140 of 500
Processed step 150 of 500
Processed step 160 of 500
Processed step 170 of 500
Processed step 180 of 500
Processed step 190 of 500
Processed step 200 of 500
Processed step 210 of 500
Processed step 220 of 500
Processed step 230 of 500
Processed step 240 of 500
Processed step 250 of 500
Processed step 260 of 500
Processed step 270 of 500
Processed step 280 of 500
Processed step 290 of 500
Processed step 300 of 500
Processed step 310 of 500
Processed step 320 of 500
Processed step 330 of 500
Processed step 340 of 500
Processed step 350 of 500
Processed step 360 of 500
Processed step 370 of 500
Processed step 380 of 500
Processed step 390 of 500
Processed step 400 of 500
Processed step 410 of 500
Processed step 420 of 500
Processed step 430 of 500
Processed step 440 of 500
Processed step 450 of 500
Processed step 460 of 500
Processed step 470 of 500
Processed step 480 of 500
Processed step 490 of 500
[2026-10-10 07:17:20,945][agent.finetune.train_ppo_diffusion_agent][INFO] - approx_kl: 0.0, update_epoch: 0, num_batch: 4
[2026-10-10 07:17:22,957][agent.finetune.train_ppo_diffusion_agent][INFO] - approx_kl: 0.0, update_epoch: 0, num_batch: 4
[2026-10-10 07:17:24,715][agent.finetune.train_ppo_diffusion_agent][INFO] - approx_kl: 0.0, update_epoch: 0, num_batch: 4
[2026-10-10 07:17:26,577][agent.finetune.train_ppo_diffusion_agent][INFO] - approx_kl: 0.0, update_epoch: 0, num_batch: 4
[2026-10-10 07:17:28,434][agent.finetune.train_ppo_diffusion_agent][INFO] - approx_kl: 0.0, update_epoch: 1, num_batch: 4
[2026-10-10 07:17:30,400][agent.finetune.train_ppo_diffusion_agent][INFO] - approx_kl: 0.0, update_epoch: 1, num_batch: 4
[2026-10-10 07:17:32,168][agent.finetune.train_ppo_diffusion_agent][INFO] - approx_kl: 0.0, update_epoch: 1, num_batch: 4
[2026-10-10 07:17:34,071][agent.finetune.train_ppo_diffusion_agent][INFO] - approx_kl: 0.0, update_epoch: 1, num_batch: 4
[2026-10-10 07:17:35,956][agent.finetune.train_ppo_diffusion_agent][INFO] - approx_kl: 0.0, update_epoch: 2, num_batch: 4
[2026-10-10 07:17:37,924][agent.finetune.train_ppo_diffusion_agent][INFO] - approx_kl: 0.0, update_epoch: 2, num_batch: 4
[2026-10-10 07:17:39,683][agent.finetune.train_ppo_diffusion_agent][INFO] - approx_kl: 0.0, update_epoch: 2, num_batch: 4
[2026-10-10 07:17:41,545][agent.finetune.train_ppo_diffusion_agent][INFO] - approx_kl: 0.0, update_epoch: 2, num_batch: 4
[2026-10-10 07:17:43,408][agent.finetune.train_ppo_diffusion_agent][INFO] - approx_kl: 0.0, update_epoch: 3, num_batch: 4
[2026-10-10 07:17:45,386][agent.finetune.train_ppo_diffusion_agent][INFO] - approx_kl: 0.0, update_epoch: 3, num_batch: 4
[2026-10-10 07:17:47,160][agent.finetune.train_ppo_diffusion_agent][INFO] - approx_kl: 0.0, update_epoch: 3, num_batch: 4
[2026-10-10 07:17:49,050][agent.finetune.train_ppo_diffusion_agent][INFO] - approx_kl: 0.0, update_epoch: 3, num_batch: 4
[2026-10-10 07:17:50,888][agent.finetune.train_ppo_diffusion_agent][INFO] - approx_kl: 0.0, update_epoch: 4, num_batch: 4
[2026-10-10 07:17:52,881][agent.finetune.train_ppo_diffusion_agent][INFO] - approx_kl: 0.0, update_epoch: 4, num_batch: 4
[2026-10-10 07:17:54,636][agent.finetune.train_ppo_diffusion_agent][INFO] - approx_kl: 0.0, update_epoch: 4, num_batch: 4
[2026-10-10 07:17:56,495][agent.finetune.train_ppo_diffusion_agent][INFO] - approx_kl: 0.0, update_epoch: 4, num_batch: 4
[2026-10-10 07:18:03,981][agent.finetune.train_ppo_diffusion_agent][INFO] - 76: step  5520000 | loss   0.0525 | pg loss  -0.0026 | value loss   0.1103 | bc loss   0.0000 | reward 4009.1945 | eta   1.0000 | t: 58.2147 | kl_true_per_action=9.455644920427453e-05 | logratio_p99=0.012823641300201406 | clamp_hit_frac=0.0006916666666666667 | actor_step_ratio=1.0 | actor_step_clipfrac=0.0
[2026-10-10 07:18:03,981][agent.finetune.stage3_support][INFO] - STAGE3_METRICS {"J_disc_train": 1410.5914500890474, "J_disc_train_se": 15.62740609927182, "action_oor_frac": 0.14670208333333334, "adv_raw_mean": -6.9121597334742546e-15, "adv_raw_std": 180.51846873035626, "diagnostics_seconds": 0.11301793088205159, "episode_count": 80, "explained_var": 0.33098065853118896, "explained_var_reason": null, "grad_cos_prev": 0.038794584033475445, "grad_cos_prev_reason": null, "grad_norm": 13.310028226497515, "policy_action_oor_frac": 0.14670833333333333, "proj_active": false, "reward_clip_frac": 0.0, "rollout_seconds": 13.048573096981272, "split_diff_sq": 701.5481984749067, "split_dot": 1.7697973839794345, "theta_dist": 0.021315445053485926, "theta_dist_preproj": 0.021315445053485926, "update_norm": 0.0016114892126985597, "update_seconds": 45.04822469397914, "x0_sat_frac_last": 0.030231204258150367, "x0_sat_frac_mean": 0.06490861618022484}
Processed step 0 of 500
Processed step 10 of 500
Processed step 20 of 500
Processed step 30 of 500
Processed step 40 of 500
Processed step 50 of 500
Processed step 60 of 500
Processed step 70 of 500
Processed step 80 of 500
Processed step 90 of 500
Processed step 100 of 500
Processed step 110 of 500
Processed step 120 of 500
Processed step 130 of 500
Processed step 140 of 500
Processed step 150 of 500
Processed step 160 of 500
Processed step 170 of 500
Processed step 180 of 500
Processed step 190 of 500
Processed step 200 of 500
Processed step 210 of 500
Processed step 220 of 500
Processed step 230 of 500
Processed step 240 of 500
Processed step 250 of 500
Processed step 260 of 500
Processed step 270 of 500
Processed step 280 of 500
Processed step 290 of 500
Processed step 300 of 500
Processed step 310 of 500
Processed step 320 of 500
Processed step 330 of 500
Processed step 340 of 500
Processed step 350 of 500
Processed step 360 of 500
Processed step 370 of 500
Processed step 380 of 500
Processed step 390 of 500
Processed step 400 of 500
Processed step 410 of 500
Processed step 420 of 500
Processed step 430 of 500
Processed step 440 of 500
Processed step 450 of 500
Processed step 460 of 500
Processed step 470 of 500
Processed step 480 of 500
Processed step 490 of 500
[2026-10-10 07:18:19,228][agent.finetune.train_ppo_diffusion_agent][INFO] - approx_kl: 0.0, update_epoch: 0, num_batch: 4
[2026-10-10 07:18:21,094][agent.finetune.train_ppo_diffusion_agent][INFO] - approx_kl: 0.0, update_epoch: 0, num_batch: 4
[2026-10-10 07:18:22,783][agent.finetune.train_ppo_diffusion_agent][INFO] - approx_kl: 0.0, update_epoch: 0, num_batch: 4
[2026-10-10 07:18:24,575][agent.finetune.train_ppo_diffusion_agent][INFO] - approx_kl: 0.0, update_epoch: 0, num_batch: 4
[2026-10-10 07:18:26,367][agent.finetune.train_ppo_diffusion_agent][INFO] - approx_kl: 0.0, update_epoch: 1, num_batch: 4
[2026-10-10 07:18:28,307][agent.finetune.train_ppo_diffusion_agent][INFO] - approx_kl: 0.0, update_epoch: 1, num_batch: 4
[2026-10-10 07:18:30,009][agent.finetune.train_ppo_diffusion_agent][INFO] - approx_kl: 0.0, update_epoch: 1, num_batch: 4
[2026-10-10 07:18:31,859][agent.finetune.train_ppo_diffusion_agent][INFO] - approx_kl: 0.0, update_epoch: 1, num_batch: 4
[2026-10-10 07:18:33,626][agent.finetune.train_ppo_diffusion_agent][INFO] - approx_kl: 0.0, update_epoch: 2, num_batch: 4
[2026-10-10 07:18:35,472][agent.finetune.train_ppo_diffusion_agent][INFO] - approx_kl: 0.0, update_epoch: 2, num_batch: 4
[2026-10-10 07:18:37,129][agent.finetune.train_ppo_diffusion_agent][INFO] - approx_kl: 0.0, update_epoch: 2, num_batch: 4
[2026-10-10 07:18:38,884][agent.finetune.train_ppo_diffusion_agent][INFO] - approx_kl: 0.0, update_epoch: 2, num_batch: 4
[2026-10-10 07:18:40,650][agent.finetune.train_ppo_diffusion_agent][INFO] - approx_kl: 0.0, update_epoch: 3, num_batch: 4
[2026-10-10 07:18:42,530][agent.finetune.train_ppo_diffusion_agent][INFO] - approx_kl: 0.0, update_epoch: 3, num_batch: 4
[2026-10-10 07:18:44,201][agent.finetune.train_ppo_diffusion_agent][INFO] - approx_kl: 0.0, update_epoch: 3, num_batch: 4
[2026-10-10 07:18:45,999][agent.finetune.train_ppo_diffusion_agent][INFO] - approx_kl: 0.0, update_epoch: 3, num_batch: 4
[2026-10-10 07:18:47,757][agent.finetune.train_ppo_diffusion_agent][INFO] - approx_kl: 0.0, update_epoch: 4, num_batch: 4
[2026-10-10 07:18:49,619][agent.finetune.train_ppo_diffusion_agent][INFO] - approx_kl: 0.0, update_epoch: 4, num_batch: 4
[2026-10-10 07:18:51,292][agent.finetune.train_ppo_diffusion_agent][INFO] - approx_kl: 0.0, update_epoch: 4, num_batch: 4
[2026-10-10 07:18:53,050][agent.finetune.train_ppo_diffusion_agent][INFO] - approx_kl: 0.0, update_epoch: 4, num_batch: 4
[2026-10-10 07:19:00,141][agent.finetune.train_ppo_diffusion_agent][INFO] - 77: step  5600000 | loss   0.2699 | pg loss   0.2179 | value loss   0.1040 | bc loss   0.0000 | reward 3868.3408 | eta   1.0000 | t: 56.1595 | kl_true_per_action=0.0004534367656376909 | logratio_p99=0.02859790325164788 | clamp_hit_frac=0.0007666666666666667 | actor_step_ratio=1.0 | actor_step_clipfrac=0.0
[2026-10-10 07:19:00,141][agent.finetune.stage3_support][INFO] - STAGE3_METRICS {"J_disc_train": 1376.4896357030718, "J_disc_train_se": 24.302185936029186, "action_oor_frac": 0.14260833333333334, "adv_raw_mean": 2.1827872842550278e-14, "adv_raw_std": 269.1963899085841, "diagnostics_seconds": 0.12583743187133223, "episode_count": 80, "explained_var": 0.5608912408351898, "explained_var_reason": null, "grad_cos_prev": 0.06991754595359434, "grad_cos_prev_reason": null, "grad_norm": 23.817844712386517, "policy_action_oor_frac": 0.14263125, "proj_active": false, "reward_clip_frac": 0.0, "rollout_seconds": 13.013740395894274, "split_diff_sq": 2037.6334048836727, "split_dot": 57.88134341236703, "theta_dist": 0.021671303579374235, "theta_dist_preproj": 0.021671303579374235, "update_norm": 0.0028836887420438124, "update_seconds": 43.01591820514295, "x0_sat_frac_last": 0.029915590863952336, "x0_sat_frac_mean": 0.06444995951457248}
Processed step 0 of 500
Processed step 10 of 500
Processed step 20 of 500
Processed step 30 of 500
Processed step 40 of 500
Processed step 50 of 500
Processed step 60 of 500
Processed step 70 of 500
Processed step 80 of 500
Processed step 90 of 500
Processed step 100 of 500
Processed step 110 of 500
Processed step 120 of 500
Processed step 130 of 500
Processed step 140 of 500
Processed step 150 of 500
Processed step 160 of 500
Processed step 170 of 500
Processed step 180 of 500
Processed step 190 of 500
Processed step 200 of 500
Processed step 210 of 500
Processed step 220 of 500
Processed step 230 of 500
Processed step 240 of 500
Processed step 250 of 500
Processed step 260 of 500
Processed step 270 of 500
Processed step 280 of 500
Processed step 290 of 500
Processed step 300 of 500
Processed step 310 of 500
Processed step 320 of 500
Processed step 330 of 500
Processed step 340 of 500
Processed step 350 of 500
Processed step 360 of 500
Processed step 370 of 500
Processed step 380 of 500
Processed step 390 of 500
Processed step 400 of 500
Processed step 410 of 500
Processed step 420 of 500
Processed step 430 of 500
Processed step 440 of 500
Processed step 450 of 500
Processed step 460 of 500
Processed step 470 of 500
Processed step 480 of 500
Processed step 490 of 500
[2026-10-10 07:19:16,014][agent.finetune.train_ppo_diffusion_agent][INFO] - approx_kl: 0.0, update_epoch: 0, num_batch: 4
[2026-10-10 07:19:17,761][agent.finetune.train_ppo_diffusion_agent][INFO] - approx_kl: 0.0, update_epoch: 0, num_batch: 4
[2026-10-10 07:19:19,624][agent.finetune.train_ppo_diffusion_agent][INFO] - approx_kl: 0.0, update_epoch: 0, num_batch: 4
[2026-10-10 07:19:21,608][agent.finetune.train_ppo_diffusion_agent][INFO] - approx_kl: 0.0, update_epoch: 0, num_batch: 4
[2026-10-10 07:19:23,673][agent.finetune.train_ppo_diffusion_agent][INFO] - approx_kl: 0.0, update_epoch: 1, num_batch: 4
[2026-10-10 07:19:25,410][agent.finetune.train_ppo_diffusion_agent][INFO] - approx_kl: 0.0, update_epoch: 1, num_batch: 4
[2026-10-10 07:19:27,255][agent.finetune.train_ppo_diffusion_agent][INFO] - approx_kl: 0.0, update_epoch: 1, num_batch: 4
[2026-10-10 07:19:29,094][agent.finetune.train_ppo_diffusion_agent][INFO] - approx_kl: 0.0, update_epoch: 1, num_batch: 4
[2026-10-10 07:19:31,032][agent.finetune.train_ppo_diffusion_agent][INFO] - approx_kl: 0.0, update_epoch: 2, num_batch: 4
[2026-10-10 07:19:32,806][agent.finetune.train_ppo_diffusion_agent][INFO] - approx_kl: 0.0, update_epoch: 2, num_batch: 4
[2026-10-10 07:19:34,662][agent.finetune.train_ppo_diffusion_agent][INFO] - approx_kl: 0.0, update_epoch: 2, num_batch: 4
[2026-10-10 07:19:36,515][agent.finetune.train_ppo_diffusion_agent][INFO] - approx_kl: 0.0, update_epoch: 2, num_batch: 4
[2026-10-10 07:19:38,454][agent.finetune.train_ppo_diffusion_agent][INFO] - approx_kl: 0.0, update_epoch: 3, num_batch: 4
[2026-10-10 07:19:40,190][agent.finetune.train_ppo_diffusion_agent][INFO] - approx_kl: 0.0, update_epoch: 3, num_batch: 4
[2026-10-10 07:19:42,031][agent.finetune.train_ppo_diffusion_agent][INFO] - approx_kl: 0.0, update_epoch: 3, num_batch: 4
[2026-10-10 07:19:43,862][agent.finetune.train_ppo_diffusion_agent][INFO] - approx_kl: 0.0, update_epoch: 3, num_batch: 4
[2026-10-10 07:19:45,842][agent.finetune.train_ppo_diffusion_agent][INFO] - approx_kl: 0.0, update_epoch: 4, num_batch: 4
[2026-10-10 07:19:47,583][agent.finetune.train_ppo_diffusion_agent][INFO] - approx_kl: 0.0, update_epoch: 4, num_batch: 4
[2026-10-10 07:19:49,422][agent.finetune.train_ppo_diffusion_agent][INFO] - approx_kl: 0.0, update_epoch: 4, num_batch: 4
[2026-10-10 07:19:51,244][agent.finetune.train_ppo_diffusion_agent][INFO] - approx_kl: 0.0, update_epoch: 4, num_batch: 4
[2026-10-10 07:19:58,618][agent.finetune.train_ppo_diffusion_agent][INFO] - 78: step  5680000 | loss  -0.1664 | pg loss  -0.2190 | value loss   0.1051 | bc loss   0.0000 | reward 3978.5176 | eta   1.0000 | t: 58.4779 | kl_true_per_action=0.0002782176584237375 | logratio_p99=0.02310513257980341 | clamp_hit_frac=0.0008291666666666666 | actor_step_ratio=1.0 | actor_step_clipfrac=0.0
[2026-10-10 07:19:58,619][agent.finetune.stage3_support][INFO] - STAGE3_METRICS {"J_disc_train": 1412.8316645278933, "J_disc_train_se": 20.972491893796217, "action_oor_frac": 0.14476458333333334, "adv_raw_mean": 0.0, "adv_raw_std": 223.72681565851025, "diagnostics_seconds": 0.126099249930121, "episode_count": 80, "explained_var": 0.4338703155517578, "explained_var_reason": null, "grad_cos_prev": 0.05453302745745686, "grad_cos_prev_reason": null, "grad_norm": 19.820847937816403, "policy_action_oor_frac": 0.14477916666666665, "proj_active": false, "reward_clip_frac": 0.0, "rollout_seconds": 13.316200866014697, "split_diff_sq": 1611.3037545201591, "split_dot": -9.959926524297737, "theta_dist": 0.022073841218863553, "theta_dist_preproj": 0.022073841218863553, "update_norm": 0.0023997654392536164, "update_seconds": 44.923985372064635, "x0_sat_frac_last": 0.0307194486468314, "x0_sat_frac_mean": 0.06532741474114268}
Processed step 0 of 500
Processed step 10 of 500
Processed step 20 of 500
Processed step 30 of 500
Processed step 40 of 500
Processed step 50 of 500
Processed step 60 of 500
Processed step 70 of 500
Processed step 80 of 500
Processed step 90 of 500
Processed step 100 of 500
Processed step 110 of 500
Processed step 120 of 500
Processed step 130 of 500
Processed step 140 of 500
Processed step 150 of 500
Processed step 160 of 500
Processed step 170 of 500
Processed step 180 of 500
Processed step 190 of 500
Processed step 200 of 500
Processed step 210 of 500
Processed step 220 of 500
Processed step 230 of 500
Processed step 240 of 500
Processed step 250 of 500
Processed step 260 of 500
Processed step 270 of 500
Processed step 280 of 500
Processed step 290 of 500
Processed step 300 of 500
Processed step 310 of 500
Processed step 320 of 500
Processed step 330 of 500
Processed step 340 of 500
Processed step 350 of 500
Processed step 360 of 500
Processed step 370 of 500
Processed step 380 of 500
Processed step 390 of 500
Processed step 400 of 500
Processed step 410 of 500
Processed step 420 of 500
Processed step 430 of 500
Processed step 440 of 500
Processed step 450 of 500
Processed step 460 of 500
Processed step 470 of 500
Processed step 480 of 500
Processed step 490 of 500
[2026-10-10 07:20:13,622][agent.finetune.train_ppo_diffusion_agent][INFO] - approx_kl: 0.0, update_epoch: 0, num_batch: 4
[2026-10-10 07:20:15,331][agent.finetune.train_ppo_diffusion_agent][INFO] - approx_kl: 0.0, update_epoch: 0, num_batch: 4
[2026-10-10 07:20:17,146][agent.finetune.train_ppo_diffusion_agent][INFO] - approx_kl: 0.0, update_epoch: 0, num_batch: 4
[2026-10-10 07:20:18,995][agent.finetune.train_ppo_diffusion_agent][INFO] - approx_kl: 0.0, update_epoch: 0, num_batch: 4
[2026-10-10 07:20:20,966][agent.finetune.train_ppo_diffusion_agent][INFO] - approx_kl: 0.0, update_epoch: 1, num_batch: 4
[2026-10-10 07:20:22,755][agent.finetune.train_ppo_diffusion_agent][INFO] - approx_kl: 0.0, update_epoch: 1, num_batch: 4
[2026-10-10 07:20:24,633][agent.finetune.train_ppo_diffusion_agent][INFO] - approx_kl: 0.0, update_epoch: 1, num_batch: 4
[2026-10-10 07:20:26,481][agent.finetune.train_ppo_diffusion_agent][INFO] - approx_kl: 0.0, update_epoch: 1, num_batch: 4
[2026-10-10 07:20:28,442][agent.finetune.train_ppo_diffusion_agent][INFO] - approx_kl: 0.0, update_epoch: 2, num_batch: 4
[2026-10-10 07:20:30,184][agent.finetune.train_ppo_diffusion_agent][INFO] - approx_kl: 0.0, update_epoch: 2, num_batch: 4
[2026-10-10 07:20:32,027][agent.finetune.train_ppo_diffusion_agent][INFO] - approx_kl: 0.0, update_epoch: 2, num_batch: 4
[2026-10-10 07:20:33,891][agent.finetune.train_ppo_diffusion_agent][INFO] - approx_kl: 0.0, update_epoch: 2, num_batch: 4
[2026-10-10 07:20:35,887][agent.finetune.train_ppo_diffusion_agent][INFO] - approx_kl: 0.0, update_epoch: 3, num_batch: 4
[2026-10-10 07:20:37,629][agent.finetune.train_ppo_diffusion_agent][INFO] - approx_kl: 0.0, update_epoch: 3, num_batch: 4
[2026-10-10 07:20:39,462][agent.finetune.train_ppo_diffusion_agent][INFO] - approx_kl: 0.0, update_epoch: 3, num_batch: 4
[2026-10-10 07:20:41,325][agent.finetune.train_ppo_diffusion_agent][INFO] - approx_kl: 0.0, update_epoch: 3, num_batch: 4
[2026-10-10 07:20:43,266][agent.finetune.train_ppo_diffusion_agent][INFO] - approx_kl: 0.0, update_epoch: 4, num_batch: 4
[2026-10-10 07:20:45,000][agent.finetune.train_ppo_diffusion_agent][INFO] - approx_kl: 0.0, update_epoch: 4, num_batch: 4
[2026-10-10 07:20:46,837][agent.finetune.train_ppo_diffusion_agent][INFO] - approx_kl: 0.0, update_epoch: 4, num_batch: 4
[2026-10-10 07:20:48,664][agent.finetune.train_ppo_diffusion_agent][INFO] - approx_kl: 0.0, update_epoch: 4, num_batch: 4
[2026-10-10 07:20:56,065][agent.finetune.train_ppo_diffusion_agent][INFO] - 79: step  5760000 | loss  -0.0750 | pg loss  -0.1279 | value loss   0.1058 | bc loss   0.0000 | reward 4080.3094 | eta   1.0000 | t: 57.4470 | kl_true_per_action=0.00015298614225691412 | logratio_p99=0.016008336544036834 | clamp_hit_frac=0.00075 | actor_step_ratio=1.0 | actor_step_clipfrac=0.0
[2026-10-10 07:20:56,066][agent.finetune.stage3_support][INFO] - STAGE3_METRICS {"J_disc_train": 1437.3811209654334, "J_disc_train_se": 17.848355759618446, "action_oor_frac": 0.14730416666666668, "adv_raw_mean": 1.2732925824820996e-14, "adv_raw_std": 188.3747899211605, "diagnostics_seconds": 0.11475397797767073, "episode_count": 80, "explained_var": 0.30326205492019653, "explained_var_reason": null, "grad_cos_prev": 0.0572409456682675, "grad_cos_prev_reason": null, "grad_norm": 16.254718589899767, "policy_action_oor_frac": 0.14732708333333333, "proj_active": false, "reward_clip_frac": 0.0, "rollout_seconds": 12.827073185006157, "split_diff_sq": 1082.587533836007, "split_dot": -6.431021309477185, "theta_dist": 0.02223136625953422, "theta_dist_preproj": 0.02223136625953422, "update_norm": 0.001968009382610694, "update_seconds": 44.50142497802153, "x0_sat_frac_last": 0.03133486082824168, "x0_sat_frac_mean": 0.06598117203052946}
Processed step 0 of 500
Processed step 10 of 500
Processed step 20 of 500
Processed step 30 of 500
Processed step 40 of 500
Processed step 50 of 500
Processed step 60 of 500
Processed step 70 of 500
Processed step 80 of 500
Processed step 90 of 500
Processed step 100 of 500
Processed step 110 of 500
Processed step 120 of 500
Processed step 130 of 500
Processed step 140 of 500
Processed step 150 of 500
Processed step 160 of 500
Processed step 170 of 500
Processed step 180 of 500
Processed step 190 of 500
Processed step 200 of 500
Processed step 210 of 500
Processed step 220 of 500
Processed step 230 of 500
Processed step 240 of 500
Processed step 250 of 500
Processed step 260 of 500
Processed step 270 of 500
Processed step 280 of 500
Processed step 290 of 500
Processed step 300 of 500
Processed step 310 of 500
Processed step 320 of 500
Processed step 330 of 500
Processed step 340 of 500
Processed step 350 of 500
Processed step 360 of 500
Processed step 370 of 500
Processed step 380 of 500
Processed step 390 of 500
Processed step 400 of 500
Processed step 410 of 500
Processed step 420 of 500
Processed step 430 of 500
Processed step 440 of 500
Processed step 450 of 500
Processed step 460 of 500
Processed step 470 of 500
Processed step 480 of 500
Processed step 490 of 500
[2026-10-10 07:21:08,804][agent.finetune.train_ppo_diffusion_agent][INFO] - eval: success rate   1.0000 | avg episode reward 4324.4960 | avg best reward   6.4753
[2026-10-10 07:21:08,804][agent.finetune.stage3_support][INFO] - STAGE3_METRICS {"J_disc_eval": 1527.2013769612217, "J_disc_eval_se": 17.041527325932428, "action_oor_frac": 0.0, "diagnostics_seconds": 0.00784631003625691, "episode_count": 80, "policy_action_oor_frac": 0.0, "rollout_seconds": 12.726670822012238, "update_seconds": 0.0}
Processed step 0 of 500
Processed step 10 of 500
Processed step 20 of 500
Processed step 30 of 500
Processed step 40 of 500
Processed step 50 of 500
Processed step 60 of 500
Processed step 70 of 500
Processed step 80 of 500
Processed step 90 of 500
Processed step 100 of 500
Processed step 110 of 500
Processed step 120 of 500
Processed step 130 of 500
Processed step 140 of 500
Processed step 150 of 500
Processed step 160 of 500
Processed step 170 of 500
Processed step 180 of 500
Processed step 190 of 500
Processed step 200 of 500
Processed step 210 of 500
Processed step 220 of 500
Processed step 230 of 500
Processed step 240 of 500
Processed step 250 of 500
Processed step 260 of 500
Processed step 270 of 500
Processed step 280 of 500
Processed step 290 of 500
Processed step 300 of 500
Processed step 310 of 500
Processed step 320 of 500
Processed step 330 of 500
Processed step 340 of 500
Processed step 350 of 500
Processed step 360 of 500
Processed step 370 of 500
Processed step 380 of 500
Processed step 390 of 500
Processed step 400 of 500
Processed step 410 of 500
Processed step 420 of 500
Processed step 430 of 500
Processed step 440 of 500
Processed step 450 of 500
Processed step 460 of 500
Processed step 470 of 500
Processed step 480 of 500
Processed step 490 of 500
[2026-10-10 07:21:23,847][agent.finetune.train_ppo_diffusion_agent][INFO] - approx_kl: 0.0, update_epoch: 0, num_batch: 4
[2026-10-10 07:21:25,492][agent.finetune.train_ppo_diffusion_agent][INFO] - approx_kl: 0.0, update_epoch: 0, num_batch: 4
[2026-10-10 07:21:27,278][agent.finetune.train_ppo_diffusion_agent][INFO] - approx_kl: 0.0, update_epoch: 0, num_batch: 4
[2026-10-10 07:21:29,210][agent.finetune.train_ppo_diffusion_agent][INFO] - approx_kl: 0.0, update_epoch: 0, num_batch: 4
[2026-10-10 07:21:30,863][agent.finetune.train_ppo_diffusion_agent][INFO] - approx_kl: 0.0, update_epoch: 1, num_batch: 4
[2026-10-10 07:21:32,838][agent.finetune.train_ppo_diffusion_agent][INFO] - approx_kl: 0.0, update_epoch: 1, num_batch: 4
[2026-10-10 07:21:34,736][agent.finetune.train_ppo_diffusion_agent][INFO] - approx_kl: 0.0, update_epoch: 1, num_batch: 4
[2026-10-10 07:21:36,693][agent.finetune.train_ppo_diffusion_agent][INFO] - approx_kl: 0.0, update_epoch: 1, num_batch: 4
[2026-10-10 07:21:38,422][agent.finetune.train_ppo_diffusion_agent][INFO] - approx_kl: 0.0, update_epoch: 2, num_batch: 4
[2026-10-10 07:21:40,249][agent.finetune.train_ppo_diffusion_agent][INFO] - approx_kl: 0.0, update_epoch: 2, num_batch: 4
[2026-10-10 07:21:42,097][agent.finetune.train_ppo_diffusion_agent][INFO] - approx_kl: 0.0, update_epoch: 2, num_batch: 4
[2026-10-10 07:21:44,133][agent.finetune.train_ppo_diffusion_agent][INFO] - approx_kl: 0.0, update_epoch: 2, num_batch: 4
[2026-10-10 07:21:45,876][agent.finetune.train_ppo_diffusion_agent][INFO] - approx_kl: 0.0, update_epoch: 3, num_batch: 4
[2026-10-10 07:21:47,727][agent.finetune.train_ppo_diffusion_agent][INFO] - approx_kl: 0.0, update_epoch: 3, num_batch: 4
[2026-10-10 07:21:49,542][agent.finetune.train_ppo_diffusion_agent][INFO] - approx_kl: 0.0, update_epoch: 3, num_batch: 4
[2026-10-10 07:21:51,440][agent.finetune.train_ppo_diffusion_agent][INFO] - approx_kl: 0.0, update_epoch: 3, num_batch: 4
[2026-10-10 07:21:53,186][agent.finetune.train_ppo_diffusion_agent][INFO] - approx_kl: 0.0, update_epoch: 4, num_batch: 4
[2026-10-10 07:21:55,006][agent.finetune.train_ppo_diffusion_agent][INFO] - approx_kl: 0.0, update_epoch: 4, num_batch: 4
[2026-10-10 07:21:56,825][agent.finetune.train_ppo_diffusion_agent][INFO] - approx_kl: 0.0, update_epoch: 4, num_batch: 4
[2026-10-10 07:21:58,768][agent.finetune.train_ppo_diffusion_agent][INFO] - approx_kl: 0.0, update_epoch: 4, num_batch: 4
[2026-10-10 07:22:05,898][agent.finetune.train_ppo_diffusion_agent][INFO] - 81: step  5840000 | loss  -0.0079 | pg loss  -0.0608 | value loss   0.1058 | bc loss   0.0000 | reward 4078.9344 | eta   1.0000 | t: 57.0941 | kl_true_per_action=0.0001418299367268019 | logratio_p99=0.017641242742538425 | clamp_hit_frac=0.0007479166666666667 | actor_step_ratio=1.0 | actor_step_clipfrac=0.0
[2026-10-10 07:22:05,898][agent.finetune.stage3_support][INFO] - STAGE3_METRICS {"J_disc_train": 1429.8751337176157, "J_disc_train_se": 17.321239298026615, "action_oor_frac": 0.14695625, "adv_raw_mean": 2.6921043172478677e-14, "adv_raw_std": 187.1602257744935, "diagnostics_seconds": 0.11367203784175217, "episode_count": 80, "explained_var": 0.3492390513420105, "explained_var_reason": null, "grad_cos_prev": -0.04876095606207554, "grad_cos_prev_reason": null, "grad_norm": 14.15304608902783, "policy_action_oor_frac": 0.146975, "proj_active": false, "reward_clip_frac": 0.0, "rollout_seconds": 12.869549278984778, "split_diff_sq": 911.3840160261923, "split_dot": -27.537293030513105, "theta_dist": 0.022297184047642263, "theta_dist_preproj": 0.022297184047642263, "update_norm": 0.001713540956060289, "update_seconds": 44.105389073025435, "x0_sat_frac_last": 0.03296816018381749, "x0_sat_frac_mean": 0.06573624187576918}
Processed step 0 of 500
Processed step 10 of 500
Processed step 20 of 500
Processed step 30 of 500
Processed step 40 of 500
Processed step 50 of 500
Processed step 60 of 500
Processed step 70 of 500
Processed step 80 of 500
Processed step 90 of 500
Processed step 100 of 500
Processed step 110 of 500
Processed step 120 of 500
Processed step 130 of 500
Processed step 140 of 500
Processed step 150 of 500
Processed step 160 of 500
Processed step 170 of 500
Processed step 180 of 500
Processed step 190 of 500
Processed step 200 of 500
Processed step 210 of 500
Processed step 220 of 500
Processed step 230 of 500
Processed step 240 of 500
Processed step 250 of 500
Processed step 260 of 500
Processed step 270 of 500
Processed step 280 of 500
Processed step 290 of 500
Processed step 300 of 500
Processed step 310 of 500
Processed step 320 of 500
Processed step 330 of 500
Processed step 340 of 500
Processed step 350 of 500
Processed step 360 of 500
Processed step 370 of 500
Processed step 380 of 500
Processed step 390 of 500
Processed step 400 of 500
Processed step 410 of 500
Processed step 420 of 500
Processed step 430 of 500
Processed step 440 of 500
Processed step 450 of 500
Processed step 460 of 500
Processed step 470 of 500
Processed step 480 of 500
Processed step 490 of 500
[2026-10-10 07:22:21,067][agent.finetune.train_ppo_diffusion_agent][INFO] - approx_kl: 0.0, update_epoch: 0, num_batch: 4
[2026-10-10 07:22:22,891][agent.finetune.train_ppo_diffusion_agent][INFO] - approx_kl: 0.0, update_epoch: 0, num_batch: 4
[2026-10-10 07:22:24,718][agent.finetune.train_ppo_diffusion_agent][INFO] - approx_kl: 0.0, update_epoch: 0, num_batch: 4
[2026-10-10 07:22:26,692][agent.finetune.train_ppo_diffusion_agent][INFO] - approx_kl: 0.0, update_epoch: 0, num_batch: 4
[2026-10-10 07:22:28,421][agent.finetune.train_ppo_diffusion_agent][INFO] - approx_kl: 0.0, update_epoch: 1, num_batch: 4
[2026-10-10 07:22:30,273][agent.finetune.train_ppo_diffusion_agent][INFO] - approx_kl: 0.0, update_epoch: 1, num_batch: 4
[2026-10-10 07:22:32,096][agent.finetune.train_ppo_diffusion_agent][INFO] - approx_kl: 0.0, update_epoch: 1, num_batch: 4
[2026-10-10 07:22:34,032][agent.finetune.train_ppo_diffusion_agent][INFO] - approx_kl: 0.0, update_epoch: 1, num_batch: 4
[2026-10-10 07:22:35,762][agent.finetune.train_ppo_diffusion_agent][INFO] - approx_kl: 0.0, update_epoch: 2, num_batch: 4
[2026-10-10 07:22:37,628][agent.finetune.train_ppo_diffusion_agent][INFO] - approx_kl: 0.0, update_epoch: 2, num_batch: 4
[2026-10-10 07:22:39,478][agent.finetune.train_ppo_diffusion_agent][INFO] - approx_kl: 0.0, update_epoch: 2, num_batch: 4
[2026-10-10 07:22:41,444][agent.finetune.train_ppo_diffusion_agent][INFO] - approx_kl: 0.0, update_epoch: 2, num_batch: 4
[2026-10-10 07:22:43,175][agent.finetune.train_ppo_diffusion_agent][INFO] - approx_kl: 0.0, update_epoch: 3, num_batch: 4
[2026-10-10 07:22:45,001][agent.finetune.train_ppo_diffusion_agent][INFO] - approx_kl: 0.0, update_epoch: 3, num_batch: 4
[2026-10-10 07:22:46,795][agent.finetune.train_ppo_diffusion_agent][INFO] - approx_kl: 0.0, update_epoch: 3, num_batch: 4
[2026-10-10 07:22:48,717][agent.finetune.train_ppo_diffusion_agent][INFO] - approx_kl: 0.0, update_epoch: 3, num_batch: 4
[2026-10-10 07:22:50,471][agent.finetune.train_ppo_diffusion_agent][INFO] - approx_kl: 0.0, update_epoch: 4, num_batch: 4
[2026-10-10 07:22:52,302][agent.finetune.train_ppo_diffusion_agent][INFO] - approx_kl: 0.0, update_epoch: 4, num_batch: 4
[2026-10-10 07:22:54,161][agent.finetune.train_ppo_diffusion_agent][INFO] - approx_kl: 0.0, update_epoch: 4, num_batch: 4
[2026-10-10 07:22:56,100][agent.finetune.train_ppo_diffusion_agent][INFO] - approx_kl: 0.0, update_epoch: 4, num_batch: 4
[2026-10-10 07:23:03,433][agent.finetune.train_ppo_diffusion_agent][INFO] - 82: step  5920000 | loss   0.2283 | pg loss   0.1734 | value loss   0.1098 | bc loss   0.0000 | reward 4074.4049 | eta   1.0000 | t: 57.5349 | kl_true_per_action=0.0001913508437347055 | logratio_p99=0.021044989824295042 | clamp_hit_frac=0.0008104166666666666 | actor_step_ratio=1.0 | actor_step_clipfrac=0.0
[2026-10-10 07:23:03,433][agent.finetune.stage3_support][INFO] - STAGE3_METRICS {"J_disc_train": 1410.1377190933113, "J_disc_train_se": 15.810294120343181, "action_oor_frac": 0.14940625, "adv_raw_mean": 1.3278622645884752e-14, "adv_raw_std": 140.85670484424637, "diagnostics_seconds": 0.11059305898379534, "episode_count": 80, "explained_var": 0.1061285138130188, "explained_var_reason": null, "grad_cos_prev": -0.01722271404976189, "grad_cos_prev_reason": null, "grad_norm": 13.230887099209312, "policy_action_oor_frac": 0.1494375, "proj_active": false, "reward_clip_frac": 0.0, "rollout_seconds": 13.247013355023228, "split_diff_sq": 713.1310484142324, "split_dot": -3.2263897043342595, "theta_dist": 0.02235482511516571, "theta_dist_preproj": 0.02235482511516571, "update_norm": 0.0016019182645558654, "update_seconds": 44.173397552920505, "x0_sat_frac_last": 0.031203195207189217, "x0_sat_frac_mean": 0.06639380387057729}
Processed step 0 of 500
Processed step 10 of 500
Processed step 20 of 500
Processed step 30 of 500
Processed step 40 of 500
Processed step 50 of 500
Processed step 60 of 500
Processed step 70 of 500
Processed step 80 of 500
Processed step 90 of 500
Processed step 100 of 500
Processed step 110 of 500
Processed step 120 of 500
Processed step 130 of 500
Processed step 140 of 500
Processed step 150 of 500
Processed step 160 of 500
Processed step 170 of 500
Processed step 180 of 500
Processed step 190 of 500
Processed step 200 of 500
Processed step 210 of 500
Processed step 220 of 500
Processed step 230 of 500
Processed step 240 of 500
Processed step 250 of 500
Processed step 260 of 500
Processed step 270 of 500
Processed step 280 of 500
Processed step 290 of 500
Processed step 300 of 500
Processed step 310 of 500
Processed step 320 of 500
Processed step 330 of 500
Processed step 340 of 500
Processed step 350 of 500
Processed step 360 of 500
Processed step 370 of 500
Processed step 380 of 500
Processed step 390 of 500
Processed step 400 of 500
Processed step 410 of 500
Processed step 420 of 500
Processed step 430 of 500
Processed step 440 of 500
Processed step 450 of 500
Processed step 460 of 500
Processed step 470 of 500
Processed step 480 of 500
Processed step 490 of 500
[2026-10-10 07:23:18,600][agent.finetune.train_ppo_diffusion_agent][INFO] - approx_kl: 0.0, update_epoch: 0, num_batch: 4
[2026-10-10 07:23:20,576][agent.finetune.train_ppo_diffusion_agent][INFO] - approx_kl: 0.0, update_epoch: 0, num_batch: 4
[2026-10-10 07:23:22,299][agent.finetune.train_ppo_diffusion_agent][INFO] - approx_kl: 0.0, update_epoch: 0, num_batch: 4
[2026-10-10 07:23:24,111][agent.finetune.train_ppo_diffusion_agent][INFO] - approx_kl: 0.0, update_epoch: 0, num_batch: 4
[2026-10-10 07:23:25,744][agent.finetune.train_ppo_diffusion_agent][INFO] - approx_kl: 0.0, update_epoch: 1, num_batch: 4
[2026-10-10 07:23:27,503][agent.finetune.train_ppo_diffusion_agent][INFO] - approx_kl: 0.0, update_epoch: 1, num_batch: 4
[2026-10-10 07:23:29,204][agent.finetune.train_ppo_diffusion_agent][INFO] - approx_kl: 0.0, update_epoch: 1, num_batch: 4
[2026-10-10 07:23:31,063][agent.finetune.train_ppo_diffusion_agent][INFO] - approx_kl: 0.0, update_epoch: 1, num_batch: 4
[2026-10-10 07:23:32,681][agent.finetune.train_ppo_diffusion_agent][INFO] - approx_kl: 0.0, update_epoch: 2, num_batch: 4
[2026-10-10 07:23:34,368][agent.finetune.train_ppo_diffusion_agent][INFO] - approx_kl: 0.0, update_epoch: 2, num_batch: 4
[2026-10-10 07:23:36,044][agent.finetune.train_ppo_diffusion_agent][INFO] - approx_kl: 0.0, update_epoch: 2, num_batch: 4
[2026-10-10 07:23:37,853][agent.finetune.train_ppo_diffusion_agent][INFO] - approx_kl: 0.0, update_epoch: 2, num_batch: 4
[2026-10-10 07:23:39,542][agent.finetune.train_ppo_diffusion_agent][INFO] - approx_kl: 0.0, update_epoch: 3, num_batch: 4
[2026-10-10 07:23:41,329][agent.finetune.train_ppo_diffusion_agent][INFO] - approx_kl: 0.0, update_epoch: 3, num_batch: 4
[2026-10-10 07:23:43,062][agent.finetune.train_ppo_diffusion_agent][INFO] - approx_kl: 0.0, update_epoch: 3, num_batch: 4
[2026-10-10 07:23:44,882][agent.finetune.train_ppo_diffusion_agent][INFO] - approx_kl: 0.0, update_epoch: 3, num_batch: 4
[2026-10-10 07:23:46,517][agent.finetune.train_ppo_diffusion_agent][INFO] - approx_kl: 0.0, update_epoch: 4, num_batch: 4
[2026-10-10 07:23:48,233][agent.finetune.train_ppo_diffusion_agent][INFO] - approx_kl: 0.0, update_epoch: 4, num_batch: 4
[2026-10-10 07:23:49,959][agent.finetune.train_ppo_diffusion_agent][INFO] - approx_kl: 0.0, update_epoch: 4, num_batch: 4
[2026-10-10 07:23:51,793][agent.finetune.train_ppo_diffusion_agent][INFO] - approx_kl: 0.0, update_epoch: 4, num_batch: 4
[2026-10-10 07:23:58,705][agent.finetune.train_ppo_diffusion_agent][INFO] - 83: step  6000000 | loss  -0.4761 | pg loss  -0.5293 | value loss   0.1064 | bc loss   0.0000 | reward 3942.4382 | eta   1.0000 | t: 55.2717 | kl_true_per_action=0.00030393836645889764 | logratio_p99=0.023312479853629945 | clamp_hit_frac=0.0008 | actor_step_ratio=1.0 | actor_step_clipfrac=0.0
[2026-10-10 07:23:58,705][agent.finetune.stage3_support][INFO] - STAGE3_METRICS {"J_disc_train": 1400.4596440187674, "J_disc_train_se": 25.79167714096266, "action_oor_frac": 0.14385625, "adv_raw_mean": -5.820766091346741e-15, "adv_raw_std": 257.2937472407276, "diagnostics_seconds": 0.13333929900545627, "episode_count": 80, "explained_var": 0.5085049271583557, "explained_var_reason": null, "grad_cos_prev": 0.019532719353447473, "grad_cos_prev_reason": null, "grad_norm": 23.991172543946693, "policy_action_oor_frac": 0.143875, "proj_active": false, "reward_clip_frac": 0.0, "rollout_seconds": 13.173830857966095, "split_diff_sq": 2161.9256044289655, "split_dot": 35.0949410998426, "theta_dist": 0.02263919543742064, "theta_dist_preproj": 0.02263919543742064, "update_norm": 0.0029046779335505585, "update_seconds": 41.96054347092286, "x0_sat_frac_last": 0.029699684751949562, "x0_sat_frac_mean": 0.06474434807268274}
Processed step 0 of 500
Processed step 10 of 500
Processed step 20 of 500
Processed step 30 of 500
Processed step 40 of 500
Processed step 50 of 500
Processed step 60 of 500
Processed step 70 of 500
Processed step 80 of 500
Processed step 90 of 500
Processed step 100 of 500
Processed step 110 of 500
Processed step 120 of 500
Processed step 130 of 500
Processed step 140 of 500
Processed step 150 of 500
Processed step 160 of 500
Processed step 170 of 500
Processed step 180 of 500
Processed step 190 of 500
Processed step 200 of 500
Processed step 210 of 500
Processed step 220 of 500
Processed step 230 of 500
Processed step 240 of 500
Processed step 250 of 500
Processed step 260 of 500
Processed step 270 of 500
Processed step 280 of 500
Processed step 290 of 500
Processed step 300 of 500
Processed step 310 of 500
Processed step 320 of 500
Processed step 330 of 500
Processed step 340 of 500
Processed step 350 of 500
Processed step 360 of 500
Processed step 370 of 500
Processed step 380 of 500
Processed step 390 of 500
Processed step 400 of 500
Processed step 410 of 500
Processed step 420 of 500
Processed step 430 of 500
Processed step 440 of 500
Processed step 450 of 500
Processed step 460 of 500
Processed step 470 of 500
Processed step 480 of 500
Processed step 490 of 500
[2026-10-10 07:24:14,020][agent.finetune.train_ppo_diffusion_agent][INFO] - approx_kl: 0.0, update_epoch: 0, num_batch: 4
[2026-10-10 07:24:16,098][agent.finetune.train_ppo_diffusion_agent][INFO] - approx_kl: 0.0, update_epoch: 0, num_batch: 4
[2026-10-10 07:24:17,975][agent.finetune.train_ppo_diffusion_agent][INFO] - approx_kl: 0.0, update_epoch: 0, num_batch: 4
[2026-10-10 07:24:19,942][agent.finetune.train_ppo_diffusion_agent][INFO] - approx_kl: 0.0, update_epoch: 0, num_batch: 4
[2026-10-10 07:24:21,692][agent.finetune.train_ppo_diffusion_agent][INFO] - approx_kl: 0.0, update_epoch: 1, num_batch: 4
[2026-10-10 07:24:23,610][agent.finetune.train_ppo_diffusion_agent][INFO] - approx_kl: 0.0, update_epoch: 1, num_batch: 4
[2026-10-10 07:24:25,548][agent.finetune.train_ppo_diffusion_agent][INFO] - approx_kl: 0.0, update_epoch: 1, num_batch: 4
[2026-10-10 07:24:27,488][agent.finetune.train_ppo_diffusion_agent][INFO] - approx_kl: 0.0, update_epoch: 1, num_batch: 4
[2026-10-10 07:24:29,234][agent.finetune.train_ppo_diffusion_agent][INFO] - approx_kl: 0.0, update_epoch: 2, num_batch: 4
[2026-10-10 07:24:31,070][agent.finetune.train_ppo_diffusion_agent][INFO] - approx_kl: 0.0, update_epoch: 2, num_batch: 4
[2026-10-10 07:24:32,926][agent.finetune.train_ppo_diffusion_agent][INFO] - approx_kl: 0.0, update_epoch: 2, num_batch: 4
[2026-10-10 07:24:34,907][agent.finetune.train_ppo_diffusion_agent][INFO] - approx_kl: 0.0, update_epoch: 2, num_batch: 4
[2026-10-10 07:24:36,663][agent.finetune.train_ppo_diffusion_agent][INFO] - approx_kl: 0.0, update_epoch: 3, num_batch: 4
[2026-10-10 07:24:38,534][agent.finetune.train_ppo_diffusion_agent][INFO] - approx_kl: 0.0, update_epoch: 3, num_batch: 4
[2026-10-10 07:24:40,376][agent.finetune.train_ppo_diffusion_agent][INFO] - approx_kl: 0.0, update_epoch: 3, num_batch: 4
[2026-10-10 07:24:42,337][agent.finetune.train_ppo_diffusion_agent][INFO] - approx_kl: 0.0, update_epoch: 3, num_batch: 4
[2026-10-10 07:24:44,077][agent.finetune.train_ppo_diffusion_agent][INFO] - approx_kl: 0.0, update_epoch: 4, num_batch: 4
[2026-10-10 07:24:45,922][agent.finetune.train_ppo_diffusion_agent][INFO] - approx_kl: 0.0, update_epoch: 4, num_batch: 4
[2026-10-10 07:24:47,789][agent.finetune.train_ppo_diffusion_agent][INFO] - approx_kl: 0.0, update_epoch: 4, num_batch: 4
[2026-10-10 07:24:49,760][agent.finetune.train_ppo_diffusion_agent][INFO] - approx_kl: 0.0, update_epoch: 4, num_batch: 4
[2026-10-10 07:24:57,192][agent.finetune.train_ppo_diffusion_agent][INFO] - 84: step  6080000 | loss  -0.0303 | pg loss  -0.0885 | value loss   0.1162 | bc loss   0.0000 | reward 4004.4373 | eta   1.0000 | t: 58.4875 | kl_true_per_action=0.00033732752602252383 | logratio_p99=0.026197303533553963 | clamp_hit_frac=0.0007520833333333333 | actor_step_ratio=1.0 | actor_step_clipfrac=0.0
[2026-10-10 07:24:57,192][agent.finetune.stage3_support][INFO] - STAGE3_METRICS {"J_disc_train": 1426.4438786594587, "J_disc_train_se": 23.797715262550742, "action_oor_frac": 0.14630416666666668, "adv_raw_mean": 3.41970007866621e-14, "adv_raw_std": 246.65320278729695, "diagnostics_seconds": 0.13772202120162547, "episode_count": 80, "explained_var": 0.5869756042957306, "explained_var_reason": null, "grad_cos_prev": 0.1336409156887874, "grad_cos_prev_reason": null, "grad_norm": 23.457590733729436, "policy_action_oor_frac": 0.14633333333333334, "proj_active": false, "reward_clip_frac": 0.0, "rollout_seconds": 13.167198908980936, "split_diff_sq": 2031.7749773233927, "split_dot": 42.31478773513636, "theta_dist": 0.02278126157866751, "theta_dist_preproj": 0.02278126157866751, "update_norm": 0.0028400762282991803, "update_seconds": 45.17912455287296, "x0_sat_frac_last": 0.03247430956968529, "x0_sat_frac_mean": 0.0661285684104382}
Processed step 0 of 500
Processed step 10 of 500
Processed step 20 of 500
Processed step 30 of 500
Processed step 40 of 500
Processed step 50 of 500
Processed step 60 of 500
Processed step 70 of 500
Processed step 80 of 500
Processed step 90 of 500
Processed step 100 of 500
Processed step 110 of 500
Processed step 120 of 500
Processed step 130 of 500
Processed step 140 of 500
Processed step 150 of 500
Processed step 160 of 500
Processed step 170 of 500
Processed step 180 of 500
Processed step 190 of 500
Processed step 200 of 500
Processed step 210 of 500
Processed step 220 of 500
Processed step 230 of 500
Processed step 240 of 500
Processed step 250 of 500
Processed step 260 of 500
Processed step 270 of 500
Processed step 280 of 500
Processed step 290 of 500
Processed step 300 of 500
Processed step 310 of 500
Processed step 320 of 500
Processed step 330 of 500
Processed step 340 of 500
Processed step 350 of 500
Processed step 360 of 500
Processed step 370 of 500
Processed step 380 of 500
Processed step 390 of 500
Processed step 400 of 500
Processed step 410 of 500
Processed step 420 of 500
Processed step 430 of 500
Processed step 440 of 500
Processed step 450 of 500
Processed step 460 of 500
Processed step 470 of 500
Processed step 480 of 500
Processed step 490 of 500
[2026-10-10 07:25:12,128][agent.finetune.train_ppo_diffusion_agent][INFO] - approx_kl: 0.0, update_epoch: 0, num_batch: 4
[2026-10-10 07:25:13,984][agent.finetune.train_ppo_diffusion_agent][INFO] - approx_kl: 0.0, update_epoch: 0, num_batch: 4
[2026-10-10 07:25:15,832][agent.finetune.train_ppo_diffusion_agent][INFO] - approx_kl: 0.0, update_epoch: 0, num_batch: 4
[2026-10-10 07:25:17,554][agent.finetune.train_ppo_diffusion_agent][INFO] - approx_kl: 0.0, update_epoch: 0, num_batch: 4
[2026-10-10 07:25:19,376][agent.finetune.train_ppo_diffusion_agent][INFO] - approx_kl: 0.0, update_epoch: 1, num_batch: 4
[2026-10-10 07:25:21,214][agent.finetune.train_ppo_diffusion_agent][INFO] - approx_kl: 0.0, update_epoch: 1, num_batch: 4
[2026-10-10 07:25:23,217][agent.finetune.train_ppo_diffusion_agent][INFO] - approx_kl: 0.0, update_epoch: 1, num_batch: 4
[2026-10-10 07:25:24,981][agent.finetune.train_ppo_diffusion_agent][INFO] - approx_kl: 0.0, update_epoch: 1, num_batch: 4
[2026-10-10 07:25:26,814][agent.finetune.train_ppo_diffusion_agent][INFO] - approx_kl: 0.0, update_epoch: 2, num_batch: 4
[2026-10-10 07:25:28,644][agent.finetune.train_ppo_diffusion_agent][INFO] - approx_kl: 0.0, update_epoch: 2, num_batch: 4
[2026-10-10 07:25:30,600][agent.finetune.train_ppo_diffusion_agent][INFO] - approx_kl: 0.0, update_epoch: 2, num_batch: 4
[2026-10-10 07:25:32,337][agent.finetune.train_ppo_diffusion_agent][INFO] - approx_kl: 0.0, update_epoch: 2, num_batch: 4
[2026-10-10 07:25:34,177][agent.finetune.train_ppo_diffusion_agent][INFO] - approx_kl: 0.0, update_epoch: 3, num_batch: 4
[2026-10-10 07:25:36,041][agent.finetune.train_ppo_diffusion_agent][INFO] - approx_kl: 0.0, update_epoch: 3, num_batch: 4
[2026-10-10 07:25:37,994][agent.finetune.train_ppo_diffusion_agent][INFO] - approx_kl: 0.0, update_epoch: 3, num_batch: 4
[2026-10-10 07:25:39,744][agent.finetune.train_ppo_diffusion_agent][INFO] - approx_kl: 0.0, update_epoch: 3, num_batch: 4
[2026-10-10 07:25:41,615][agent.finetune.train_ppo_diffusion_agent][INFO] - approx_kl: 0.0, update_epoch: 4, num_batch: 4
[2026-10-10 07:25:43,464][agent.finetune.train_ppo_diffusion_agent][INFO] - approx_kl: 0.0, update_epoch: 4, num_batch: 4
[2026-10-10 07:25:45,405][agent.finetune.train_ppo_diffusion_agent][INFO] - approx_kl: 0.0, update_epoch: 4, num_batch: 4
[2026-10-10 07:25:47,145][agent.finetune.train_ppo_diffusion_agent][INFO] - approx_kl: 0.0, update_epoch: 4, num_batch: 4
[2026-10-10 07:25:54,541][agent.finetune.train_ppo_diffusion_agent][INFO] - 85: step  6160000 | loss  -0.0226 | pg loss  -0.0768 | value loss   0.1084 | bc loss   0.0000 | reward 3828.9829 | eta   1.0000 | t: 57.3488 | kl_true_per_action=0.00036981907383346426 | logratio_p99=0.025816838741302445 | clamp_hit_frac=0.0007895833333333333 | actor_step_ratio=1.0 | actor_step_clipfrac=0.0
[2026-10-10 07:25:54,541][agent.finetune.stage3_support][INFO] - STAGE3_METRICS {"J_disc_train": 1354.0177078627476, "J_disc_train_se": 26.61958298264302, "action_oor_frac": 0.14194791666666667, "adv_raw_mean": 3.637978807091713e-14, "adv_raw_std": 305.3027906848466, "diagnostics_seconds": 0.11426070204470307, "episode_count": 80, "explained_var": 0.6010674238204956, "explained_var_reason": null, "grad_cos_prev": 0.07612846798619102, "grad_cos_prev_reason": null, "grad_norm": 24.99874945700494, "policy_action_oor_frac": 0.14197291666666667, "proj_active": false, "reward_clip_frac": 0.0, "rollout_seconds": 12.968355851015076, "split_diff_sq": 2904.0184209413374, "split_dot": -101.0670993486588, "theta_dist": 0.023051214645379264, "theta_dist_preproj": 0.023051214645379264, "update_norm": 0.003026672831603081, "update_seconds": 44.26157486892771, "x0_sat_frac_last": 0.03131139489194499, "x0_sat_frac_mean": 0.06426742289240434}
Processed step 0 of 500
Processed step 10 of 500
Processed step 20 of 500
Processed step 30 of 500
Processed step 40 of 500
Processed step 50 of 500
Processed step 60 of 500
Processed step 70 of 500
Processed step 80 of 500
Processed step 90 of 500
Processed step 100 of 500
Processed step 110 of 500
Processed step 120 of 500
Processed step 130 of 500
Processed step 140 of 500
Processed step 150 of 500
Processed step 160 of 500
Processed step 170 of 500
Processed step 180 of 500
Processed step 190 of 500
Processed step 200 of 500
Processed step 210 of 500
Processed step 220 of 500
Processed step 230 of 500
Processed step 240 of 500
Processed step 250 of 500
Processed step 260 of 500
Processed step 270 of 500
Processed step 280 of 500
Processed step 290 of 500
Processed step 300 of 500
Processed step 310 of 500
Processed step 320 of 500
Processed step 330 of 500
Processed step 340 of 500
Processed step 350 of 500
Processed step 360 of 500
Processed step 370 of 500
Processed step 380 of 500
Processed step 390 of 500
Processed step 400 of 500
Processed step 410 of 500
Processed step 420 of 500
Processed step 430 of 500
Processed step 440 of 500
Processed step 450 of 500
Processed step 460 of 500
Processed step 470 of 500
Processed step 480 of 500
Processed step 490 of 500
[2026-10-10 07:26:09,546][agent.finetune.train_ppo_diffusion_agent][INFO] - approx_kl: 0.0, update_epoch: 0, num_batch: 4
[2026-10-10 07:26:11,389][agent.finetune.train_ppo_diffusion_agent][INFO] - approx_kl: 0.0, update_epoch: 0, num_batch: 4
[2026-10-10 07:26:13,305][agent.finetune.train_ppo_diffusion_agent][INFO] - approx_kl: 0.0, update_epoch: 0, num_batch: 4
[2026-10-10 07:26:15,048][agent.finetune.train_ppo_diffusion_agent][INFO] - approx_kl: 0.0, update_epoch: 0, num_batch: 4
[2026-10-10 07:26:16,882][agent.finetune.train_ppo_diffusion_agent][INFO] - approx_kl: 0.0, update_epoch: 1, num_batch: 4
[2026-10-10 07:26:18,763][agent.finetune.train_ppo_diffusion_agent][INFO] - approx_kl: 0.0, update_epoch: 1, num_batch: 4
[2026-10-10 07:26:20,707][agent.finetune.train_ppo_diffusion_agent][INFO] - approx_kl: 0.0, update_epoch: 1, num_batch: 4
[2026-10-10 07:26:22,474][agent.finetune.train_ppo_diffusion_agent][INFO] - approx_kl: 0.0, update_epoch: 1, num_batch: 4
[2026-10-10 07:26:24,312][agent.finetune.train_ppo_diffusion_agent][INFO] - approx_kl: 0.0, update_epoch: 2, num_batch: 4
[2026-10-10 07:26:26,156][agent.finetune.train_ppo_diffusion_agent][INFO] - approx_kl: 0.0, update_epoch: 2, num_batch: 4
[2026-10-10 07:26:28,109][agent.finetune.train_ppo_diffusion_agent][INFO] - approx_kl: 0.0, update_epoch: 2, num_batch: 4
[2026-10-10 07:26:29,871][agent.finetune.train_ppo_diffusion_agent][INFO] - approx_kl: 0.0, update_epoch: 2, num_batch: 4
[2026-10-10 07:26:31,720][agent.finetune.train_ppo_diffusion_agent][INFO] - approx_kl: 0.0, update_epoch: 3, num_batch: 4
[2026-10-10 07:26:33,570][agent.finetune.train_ppo_diffusion_agent][INFO] - approx_kl: 0.0, update_epoch: 3, num_batch: 4
[2026-10-10 07:26:35,520][agent.finetune.train_ppo_diffusion_agent][INFO] - approx_kl: 0.0, update_epoch: 3, num_batch: 4
[2026-10-10 07:26:37,260][agent.finetune.train_ppo_diffusion_agent][INFO] - approx_kl: 0.0, update_epoch: 3, num_batch: 4
[2026-10-10 07:26:39,063][agent.finetune.train_ppo_diffusion_agent][INFO] - approx_kl: 0.0, update_epoch: 4, num_batch: 4
[2026-10-10 07:26:40,915][agent.finetune.train_ppo_diffusion_agent][INFO] - approx_kl: 0.0, update_epoch: 4, num_batch: 4
[2026-10-10 07:26:42,891][agent.finetune.train_ppo_diffusion_agent][INFO] - approx_kl: 0.0, update_epoch: 4, num_batch: 4
[2026-10-10 07:26:44,668][agent.finetune.train_ppo_diffusion_agent][INFO] - approx_kl: 0.0, update_epoch: 4, num_batch: 4
[2026-10-10 07:26:52,075][agent.finetune.train_ppo_diffusion_agent][INFO] - 86: step  6240000 | loss  -0.4706 | pg loss  -0.5222 | value loss   0.1031 | bc loss   0.0000 | reward 3923.6419 | eta   1.0000 | t: 57.5339 | kl_true_per_action=0.00023968278991706358 | logratio_p99=0.021308223009109492 | clamp_hit_frac=0.0007791666666666666 | actor_step_ratio=1.0 | actor_step_clipfrac=0.0
[2026-10-10 07:26:52,075][agent.finetune.stage3_support][INFO] - STAGE3_METRICS {"J_disc_train": 1412.20003724916, "J_disc_train_se": 18.52681919897818, "action_oor_frac": 0.14415833333333333, "adv_raw_mean": -6.9121597334742546e-15, "adv_raw_std": 256.20082168647275, "diagnostics_seconds": 0.11245064192917198, "episode_count": 80, "explained_var": 0.5590800940990448, "explained_var_reason": null, "grad_cos_prev": 0.02548323002072443, "grad_cos_prev_reason": null, "grad_norm": 18.840585213214272, "policy_action_oor_frac": 0.14417708333333334, "proj_active": false, "reward_clip_frac": 0.0, "rollout_seconds": 12.94037389906589, "split_diff_sq": 1411.3455701090938, "split_dot": 2.1312434378980063, "theta_dist": 0.02309595266627439, "theta_dist_preproj": 0.02309595266627439, "update_norm": 0.0022810806080640115, "update_seconds": 44.47692967997864, "x0_sat_frac_last": 0.031914893617021274, "x0_sat_frac_mean": 0.06378033447802949}
Processed step 0 of 500
Processed step 10 of 500
Processed step 20 of 500
Processed step 30 of 500
Processed step 40 of 500
Processed step 50 of 500
Processed step 60 of 500
Processed step 70 of 500
Processed step 80 of 500
Processed step 90 of 500
Processed step 100 of 500
Processed step 110 of 500
Processed step 120 of 500
Processed step 130 of 500
Processed step 140 of 500
Processed step 150 of 500
Processed step 160 of 500
Processed step 170 of 500
Processed step 180 of 500
Processed step 190 of 500
Processed step 200 of 500
Processed step 210 of 500
Processed step 220 of 500
Processed step 230 of 500
Processed step 240 of 500
Processed step 250 of 500
Processed step 260 of 500
Processed step 270 of 500
Processed step 280 of 500
Processed step 290 of 500
Processed step 300 of 500
Processed step 310 of 500
Processed step 320 of 500
Processed step 330 of 500
Processed step 340 of 500
Processed step 350 of 500
Processed step 360 of 500
Processed step 370 of 500
Processed step 380 of 500
Processed step 390 of 500
Processed step 400 of 500
Processed step 410 of 500
Processed step 420 of 500
Processed step 430 of 500
Processed step 440 of 500
Processed step 450 of 500
Processed step 460 of 500
Processed step 470 of 500
Processed step 480 of 500
Processed step 490 of 500
[2026-10-10 07:27:07,014][agent.finetune.train_ppo_diffusion_agent][INFO] - approx_kl: 0.0, update_epoch: 0, num_batch: 4
[2026-10-10 07:27:08,848][agent.finetune.train_ppo_diffusion_agent][INFO] - approx_kl: 0.0, update_epoch: 0, num_batch: 4
[2026-10-10 07:27:10,784][agent.finetune.train_ppo_diffusion_agent][INFO] - approx_kl: 0.0, update_epoch: 0, num_batch: 4
[2026-10-10 07:27:12,534][agent.finetune.train_ppo_diffusion_agent][INFO] - approx_kl: 0.0, update_epoch: 0, num_batch: 4
[2026-10-10 07:27:14,383][agent.finetune.train_ppo_diffusion_agent][INFO] - approx_kl: 0.0, update_epoch: 1, num_batch: 4
[2026-10-10 07:27:16,344][agent.finetune.train_ppo_diffusion_agent][INFO] - approx_kl: 0.0, update_epoch: 1, num_batch: 4
[2026-10-10 07:27:18,077][agent.finetune.train_ppo_diffusion_agent][INFO] - approx_kl: 0.0, update_epoch: 1, num_batch: 4
[2026-10-10 07:27:19,883][agent.finetune.train_ppo_diffusion_agent][INFO] - approx_kl: 0.0, update_epoch: 1, num_batch: 4
[2026-10-10 07:27:21,690][agent.finetune.train_ppo_diffusion_agent][INFO] - approx_kl: 0.0, update_epoch: 2, num_batch: 4
[2026-10-10 07:27:23,635][agent.finetune.train_ppo_diffusion_agent][INFO] - approx_kl: 0.0, update_epoch: 2, num_batch: 4
[2026-10-10 07:27:25,373][agent.finetune.train_ppo_diffusion_agent][INFO] - approx_kl: 0.0, update_epoch: 2, num_batch: 4
[2026-10-10 07:27:27,211][agent.finetune.train_ppo_diffusion_agent][INFO] - approx_kl: 0.0, update_epoch: 2, num_batch: 4
[2026-10-10 07:27:29,048][agent.finetune.train_ppo_diffusion_agent][INFO] - approx_kl: 0.0, update_epoch: 3, num_batch: 4
[2026-10-10 07:27:31,013][agent.finetune.train_ppo_diffusion_agent][INFO] - approx_kl: 0.0, update_epoch: 3, num_batch: 4
[2026-10-10 07:27:32,745][agent.finetune.train_ppo_diffusion_agent][INFO] - approx_kl: 0.0, update_epoch: 3, num_batch: 4
[2026-10-10 07:27:34,580][agent.finetune.train_ppo_diffusion_agent][INFO] - approx_kl: 0.0, update_epoch: 3, num_batch: 4
[2026-10-10 07:27:36,421][agent.finetune.train_ppo_diffusion_agent][INFO] - approx_kl: 0.0, update_epoch: 4, num_batch: 4
[2026-10-10 07:27:38,360][agent.finetune.train_ppo_diffusion_agent][INFO] - approx_kl: 0.0, update_epoch: 4, num_batch: 4
[2026-10-10 07:27:40,103][agent.finetune.train_ppo_diffusion_agent][INFO] - approx_kl: 0.0, update_epoch: 4, num_batch: 4
[2026-10-10 07:27:41,941][agent.finetune.train_ppo_diffusion_agent][INFO] - approx_kl: 0.0, update_epoch: 4, num_batch: 4
[2026-10-10 07:27:49,360][agent.finetune.train_ppo_diffusion_agent][INFO] - 87: step  6320000 | loss  -0.3080 | pg loss  -0.3604 | value loss   0.1048 | bc loss   0.0000 | reward 3899.7870 | eta   1.0000 | t: 57.2849 | kl_true_per_action=0.0003359005605296035 | logratio_p99=0.027655073404312124 | clamp_hit_frac=0.0007895833333333333 | actor_step_ratio=1.0 | actor_step_clipfrac=0.0
[2026-10-10 07:27:49,360][agent.finetune.stage3_support][INFO] - STAGE3_METRICS {"J_disc_train": 1393.7938394562675, "J_disc_train_se": 22.018633015632417, "action_oor_frac": 0.1434, "adv_raw_mean": -3.055902197957039e-14, "adv_raw_std": 260.1208726920472, "diagnostics_seconds": 0.10840296396054327, "episode_count": 80, "explained_var": 0.5401743352413177, "explained_var_reason": null, "grad_cos_prev": 0.0021241727959001727, "grad_cos_prev_reason": null, "grad_norm": 20.48201508744293, "policy_action_oor_frac": 0.143425, "proj_active": false, "reward_clip_frac": 0.0, "rollout_seconds": 12.888565812958404, "split_diff_sq": 1717.2760939284854, "split_dot": -9.806090547225269, "theta_dist": 0.023450134498496387, "theta_dist_preproj": 0.023450134498496387, "update_norm": 0.0024798205534514724, "update_seconds": 44.283139494014904, "x0_sat_frac_last": 0.03062624750499002, "x0_sat_frac_mean": 0.06422916012129269}
Processed step 0 of 500
Processed step 10 of 500
Processed step 20 of 500
Processed step 30 of 500
Processed step 40 of 500
Processed step 50 of 500
Processed step 60 of 500
Processed step 70 of 500
Processed step 80 of 500
Processed step 90 of 500
Processed step 100 of 500
Processed step 110 of 500
Processed step 120 of 500
Processed step 130 of 500
Processed step 140 of 500
Processed step 150 of 500
Processed step 160 of 500
Processed step 170 of 500
Processed step 180 of 500
Processed step 190 of 500
Processed step 200 of 500
Processed step 210 of 500
Processed step 220 of 500
Processed step 230 of 500
Processed step 240 of 500
Processed step 250 of 500
Processed step 260 of 500
Processed step 270 of 500
Processed step 280 of 500
Processed step 290 of 500
Processed step 300 of 500
Processed step 310 of 500
Processed step 320 of 500
Processed step 330 of 500
Processed step 340 of 500
Processed step 350 of 500
Processed step 360 of 500
Processed step 370 of 500
Processed step 380 of 500
Processed step 390 of 500
Processed step 400 of 500
Processed step 410 of 500
Processed step 420 of 500
Processed step 430 of 500
Processed step 440 of 500
Processed step 450 of 500
Processed step 460 of 500
Processed step 470 of 500
Processed step 480 of 500
Processed step 490 of 500
[2026-10-10 07:28:04,534][agent.finetune.train_ppo_diffusion_agent][INFO] - approx_kl: 0.0, update_epoch: 0, num_batch: 4
[2026-10-10 07:28:06,446][agent.finetune.train_ppo_diffusion_agent][INFO] - approx_kl: 0.0, update_epoch: 0, num_batch: 4
[2026-10-10 07:28:08,201][agent.finetune.train_ppo_diffusion_agent][INFO] - approx_kl: 0.0, update_epoch: 0, num_batch: 4
[2026-10-10 07:28:10,038][agent.finetune.train_ppo_diffusion_agent][INFO] - approx_kl: 0.0, update_epoch: 0, num_batch: 4
[2026-10-10 07:28:11,842][agent.finetune.train_ppo_diffusion_agent][INFO] - approx_kl: 0.0, update_epoch: 1, num_batch: 4
[2026-10-10 07:28:13,781][agent.finetune.train_ppo_diffusion_agent][INFO] - approx_kl: 0.0, update_epoch: 1, num_batch: 4
[2026-10-10 07:28:15,529][agent.finetune.train_ppo_diffusion_agent][INFO] - approx_kl: 0.0, update_epoch: 1, num_batch: 4
[2026-10-10 07:28:17,391][agent.finetune.train_ppo_diffusion_agent][INFO] - approx_kl: 0.0, update_epoch: 1, num_batch: 4
[2026-10-10 07:28:19,221][agent.finetune.train_ppo_diffusion_agent][INFO] - approx_kl: 0.0, update_epoch: 2, num_batch: 4
[2026-10-10 07:28:21,151][agent.finetune.train_ppo_diffusion_agent][INFO] - approx_kl: 0.0, update_epoch: 2, num_batch: 4
[2026-10-10 07:28:22,883][agent.finetune.train_ppo_diffusion_agent][INFO] - approx_kl: 0.0, update_epoch: 2, num_batch: 4
[2026-10-10 07:28:24,710][agent.finetune.train_ppo_diffusion_agent][INFO] - approx_kl: 0.0, update_epoch: 2, num_batch: 4
[2026-10-10 07:28:26,559][agent.finetune.train_ppo_diffusion_agent][INFO] - approx_kl: 0.0, update_epoch: 3, num_batch: 4
[2026-10-10 07:28:28,521][agent.finetune.train_ppo_diffusion_agent][INFO] - approx_kl: 0.0, update_epoch: 3, num_batch: 4
[2026-10-10 07:28:30,263][agent.finetune.train_ppo_diffusion_agent][INFO] - approx_kl: 0.0, update_epoch: 3, num_batch: 4
[2026-10-10 07:28:32,112][agent.finetune.train_ppo_diffusion_agent][INFO] - approx_kl: 0.0, update_epoch: 3, num_batch: 4
[2026-10-10 07:28:33,948][agent.finetune.train_ppo_diffusion_agent][INFO] - approx_kl: 0.0, update_epoch: 4, num_batch: 4
[2026-10-10 07:28:35,879][agent.finetune.train_ppo_diffusion_agent][INFO] - approx_kl: 0.0, update_epoch: 4, num_batch: 4
[2026-10-10 07:28:37,617][agent.finetune.train_ppo_diffusion_agent][INFO] - approx_kl: 0.0, update_epoch: 4, num_batch: 4
[2026-10-10 07:28:39,452][agent.finetune.train_ppo_diffusion_agent][INFO] - approx_kl: 0.0, update_epoch: 4, num_batch: 4
[2026-10-10 07:28:46,899][agent.finetune.train_ppo_diffusion_agent][INFO] - 88: step  6400000 | loss   1.0952 | pg loss   1.0410 | value loss   0.1085 | bc loss   0.0000 | reward 3965.4588 | eta   1.0000 | t: 57.5389 | kl_true_per_action=0.00023057859632791614 | logratio_p99=0.020158780217170685 | clamp_hit_frac=0.0007416666666666666 | actor_step_ratio=1.0 | actor_step_clipfrac=0.0
[2026-10-10 07:28:46,899][agent.finetune.stage3_support][INFO] - STAGE3_METRICS {"J_disc_train": 1412.744902156172, "J_disc_train_se": 20.751766152851246, "action_oor_frac": 0.14582916666666668, "adv_raw_mean": 0.0, "adv_raw_std": 232.84127834665603, "diagnostics_seconds": 0.12155195290688425, "episode_count": 80, "explained_var": 0.4747036099433899, "explained_var_reason": null, "grad_cos_prev": -0.018827323354622602, "grad_cos_prev_reason": null, "grad_norm": 19.532139492581965, "policy_action_oor_frac": 0.14584583333333334, "proj_active": false, "reward_clip_frac": 0.0, "rollout_seconds": 13.086827832041308, "split_diff_sq": 1501.4685508392595, "split_dot": 6.1373285473724435, "theta_dist": 0.023607673075879486, "theta_dist_preproj": 0.023607673075879486, "update_norm": 0.0023648147200260056, "update_seconds": 44.32580384402536, "x0_sat_frac_last": 0.03185175962815405, "x0_sat_frac_mean": 0.06496617801593667}
Processed step 0 of 500
Processed step 10 of 500
Processed step 20 of 500
Processed step 30 of 500
Processed step 40 of 500
Processed step 50 of 500
Processed step 60 of 500
Processed step 70 of 500
Processed step 80 of 500
Processed step 90 of 500
Processed step 100 of 500
Processed step 110 of 500
Processed step 120 of 500
Processed step 130 of 500
Processed step 140 of 500
Processed step 150 of 500
Processed step 160 of 500
Processed step 170 of 500
Processed step 180 of 500
Processed step 190 of 500
Processed step 200 of 500
Processed step 210 of 500
Processed step 220 of 500
Processed step 230 of 500
Processed step 240 of 500
Processed step 250 of 500
Processed step 260 of 500
Processed step 270 of 500
Processed step 280 of 500
Processed step 290 of 500
Processed step 300 of 500
Processed step 310 of 500
Processed step 320 of 500
Processed step 330 of 500
Processed step 340 of 500
Processed step 350 of 500
Processed step 360 of 500
Processed step 370 of 500
Processed step 380 of 500
Processed step 390 of 500
Processed step 400 of 500
Processed step 410 of 500
Processed step 420 of 500
Processed step 430 of 500
Processed step 440 of 500
Processed step 450 of 500
Processed step 460 of 500
Processed step 470 of 500
Processed step 480 of 500
Processed step 490 of 500
[2026-10-10 07:29:02,014][agent.finetune.train_ppo_diffusion_agent][INFO] - approx_kl: 0.0, update_epoch: 0, num_batch: 4
[2026-10-10 07:29:03,950][agent.finetune.train_ppo_diffusion_agent][INFO] - approx_kl: 0.0, update_epoch: 0, num_batch: 4
[2026-10-10 07:29:05,674][agent.finetune.train_ppo_diffusion_agent][INFO] - approx_kl: 0.0, update_epoch: 0, num_batch: 4
[2026-10-10 07:29:07,511][agent.finetune.train_ppo_diffusion_agent][INFO] - approx_kl: 0.0, update_epoch: 0, num_batch: 4
[2026-10-10 07:29:09,351][agent.finetune.train_ppo_diffusion_agent][INFO] - approx_kl: 0.0, update_epoch: 1, num_batch: 4
[2026-10-10 07:29:11,356][agent.finetune.train_ppo_diffusion_agent][INFO] - approx_kl: 0.0, update_epoch: 1, num_batch: 4
[2026-10-10 07:29:13,106][agent.finetune.train_ppo_diffusion_agent][INFO] - approx_kl: 0.0, update_epoch: 1, num_batch: 4
[2026-10-10 07:29:14,942][agent.finetune.train_ppo_diffusion_agent][INFO] - approx_kl: 0.0, update_epoch: 1, num_batch: 4
[2026-10-10 07:29:16,770][agent.finetune.train_ppo_diffusion_agent][INFO] - approx_kl: 0.0, update_epoch: 2, num_batch: 4
[2026-10-10 07:29:18,726][agent.finetune.train_ppo_diffusion_agent][INFO] - approx_kl: 0.0, update_epoch: 2, num_batch: 4
[2026-10-10 07:29:20,463][agent.finetune.train_ppo_diffusion_agent][INFO] - approx_kl: 0.0, update_epoch: 2, num_batch: 4
[2026-10-10 07:29:22,330][agent.finetune.train_ppo_diffusion_agent][INFO] - approx_kl: 0.0, update_epoch: 2, num_batch: 4
[2026-10-10 07:29:24,178][agent.finetune.train_ppo_diffusion_agent][INFO] - approx_kl: 0.0, update_epoch: 3, num_batch: 4
[2026-10-10 07:29:26,147][agent.finetune.train_ppo_diffusion_agent][INFO] - approx_kl: 0.0, update_epoch: 3, num_batch: 4
[2026-10-10 07:29:27,912][agent.finetune.train_ppo_diffusion_agent][INFO] - approx_kl: 0.0, update_epoch: 3, num_batch: 4
[2026-10-10 07:29:29,769][agent.finetune.train_ppo_diffusion_agent][INFO] - approx_kl: 0.0, update_epoch: 3, num_batch: 4
[2026-10-10 07:29:31,592][agent.finetune.train_ppo_diffusion_agent][INFO] - approx_kl: 0.0, update_epoch: 4, num_batch: 4
[2026-10-10 07:29:33,524][agent.finetune.train_ppo_diffusion_agent][INFO] - approx_kl: 0.0, update_epoch: 4, num_batch: 4
[2026-10-10 07:29:35,296][agent.finetune.train_ppo_diffusion_agent][INFO] - approx_kl: 0.0, update_epoch: 4, num_batch: 4
[2026-10-10 07:29:37,132][agent.finetune.train_ppo_diffusion_agent][INFO] - approx_kl: 0.0, update_epoch: 4, num_batch: 4
[2026-10-10 07:29:44,573][agent.finetune.train_ppo_diffusion_agent][INFO] - 89: step  6480000 | loss  -0.1264 | pg loss  -0.1800 | value loss   0.1072 | bc loss   0.0000 | reward 3953.1613 | eta   1.0000 | t: 57.6742 | kl_true_per_action=0.00023471063181202783 | logratio_p99=0.019976342916488633 | clamp_hit_frac=0.0008 | actor_step_ratio=1.0 | actor_step_clipfrac=0.0
[2026-10-10 07:29:44,573][agent.finetune.stage3_support][INFO] - STAGE3_METRICS {"J_disc_train": 1419.0937470148078, "J_disc_train_se": 17.691527549486924, "action_oor_frac": 0.14556666666666668, "adv_raw_mean": 4.365574568510055e-15, "adv_raw_std": 222.06768586283638, "diagnostics_seconds": 0.11395734502002597, "episode_count": 80, "explained_var": 0.4194600582122803, "explained_var_reason": null, "grad_cos_prev": -0.04259095087505777, "grad_cos_prev_reason": null, "grad_norm": 18.63595448721008, "policy_action_oor_frac": 0.14558958333333333, "proj_active": false, "reward_clip_frac": 0.0, "rollout_seconds": 13.056166311027482, "split_diff_sq": 1423.432874249785, "split_dot": -8.55941758297462, "theta_dist": 0.02363514887661844, "theta_dist_preproj": 0.02363514887661844, "update_norm": 0.0022563001149840437, "update_seconds": 44.498898940044455, "x0_sat_frac_last": 0.03217141429285358, "x0_sat_frac_mean": 0.06550858965672507}
Processed step 0 of 500
Processed step 10 of 500
Processed step 20 of 500
Processed step 30 of 500
Processed step 40 of 500
Processed step 50 of 500
Processed step 60 of 500
Processed step 70 of 500
Processed step 80 of 500
Processed step 90 of 500
Processed step 100 of 500
Processed step 110 of 500
Processed step 120 of 500
Processed step 130 of 500
Processed step 140 of 500
Processed step 150 of 500
Processed step 160 of 500
Processed step 170 of 500
Processed step 180 of 500
Processed step 190 of 500
Processed step 200 of 500
Processed step 210 of 500
Processed step 220 of 500
Processed step 230 of 500
Processed step 240 of 500
Processed step 250 of 500
Processed step 260 of 500
Processed step 270 of 500
Processed step 280 of 500
Processed step 290 of 500
Processed step 300 of 500
Processed step 310 of 500
Processed step 320 of 500
Processed step 330 of 500
Processed step 340 of 500
Processed step 350 of 500
Processed step 360 of 500
Processed step 370 of 500
Processed step 380 of 500
Processed step 390 of 500
Processed step 400 of 500
Processed step 410 of 500
Processed step 420 of 500
Processed step 430 of 500
Processed step 440 of 500
Processed step 450 of 500
Processed step 460 of 500
Processed step 470 of 500
Processed step 480 of 500
Processed step 490 of 500
[2026-10-10 07:29:57,627][agent.finetune.train_ppo_diffusion_agent][INFO] - eval: success rate   1.0000 | avg episode reward 4200.4915 | avg best reward   6.4343
[2026-10-10 07:29:57,628][agent.finetune.stage3_support][INFO] - STAGE3_METRICS {"J_disc_eval": 1500.910038036724, "J_disc_eval_se": 19.850386717590755, "action_oor_frac": 0.0, "diagnostics_seconds": 0.008006280986592174, "episode_count": 80, "policy_action_oor_frac": 0.0, "rollout_seconds": 13.042221792042255, "update_seconds": 0.0}
Processed step 0 of 500
Processed step 10 of 500
Processed step 20 of 500
Processed step 30 of 500
Processed step 40 of 500
Processed step 50 of 500
Processed step 60 of 500
Processed step 70 of 500
Processed step 80 of 500
Processed step 90 of 500
Processed step 100 of 500
Processed step 110 of 500
Processed step 120 of 500
Processed step 130 of 500
Processed step 140 of 500
Processed step 150 of 500
Processed step 160 of 500
Processed step 170 of 500
Processed step 180 of 500
Processed step 190 of 500
Processed step 200 of 500
Processed step 210 of 500
Processed step 220 of 500
Processed step 230 of 500
Processed step 240 of 500
Processed step 250 of 500
Processed step 260 of 500
Processed step 270 of 500
Processed step 280 of 500
Processed step 290 of 500
Processed step 300 of 500
Processed step 310 of 500
Processed step 320 of 500
Processed step 330 of 500
Processed step 340 of 500
Processed step 350 of 500
Processed step 360 of 500
Processed step 370 of 500
Processed step 380 of 500
Processed step 390 of 500
Processed step 400 of 500
Processed step 410 of 500
Processed step 420 of 500
Processed step 430 of 500
Processed step 440 of 500
Processed step 450 of 500
Processed step 460 of 500
Processed step 470 of 500
Processed step 480 of 500
Processed step 490 of 500
[2026-10-10 07:30:12,690][agent.finetune.train_ppo_diffusion_agent][INFO] - approx_kl: 0.0, update_epoch: 0, num_batch: 4
[2026-10-10 07:30:14,606][agent.finetune.train_ppo_diffusion_agent][INFO] - approx_kl: 0.0, update_epoch: 0, num_batch: 4
[2026-10-10 07:30:16,329][agent.finetune.train_ppo_diffusion_agent][INFO] - approx_kl: 0.0, update_epoch: 0, num_batch: 4
[2026-10-10 07:30:18,151][agent.finetune.train_ppo_diffusion_agent][INFO] - approx_kl: 0.0, update_epoch: 0, num_batch: 4
[2026-10-10 07:30:19,974][agent.finetune.train_ppo_diffusion_agent][INFO] - approx_kl: 0.0, update_epoch: 1, num_batch: 4
[2026-10-10 07:30:21,939][agent.finetune.train_ppo_diffusion_agent][INFO] - approx_kl: 0.0, update_epoch: 1, num_batch: 4
[2026-10-10 07:30:23,668][agent.finetune.train_ppo_diffusion_agent][INFO] - approx_kl: 0.0, update_epoch: 1, num_batch: 4
[2026-10-10 07:30:25,520][agent.finetune.train_ppo_diffusion_agent][INFO] - approx_kl: 0.0, update_epoch: 1, num_batch: 4
[2026-10-10 07:30:27,335][agent.finetune.train_ppo_diffusion_agent][INFO] - approx_kl: 0.0, update_epoch: 2, num_batch: 4
[2026-10-10 07:30:29,262][agent.finetune.train_ppo_diffusion_agent][INFO] - approx_kl: 0.0, update_epoch: 2, num_batch: 4
[2026-10-10 07:30:30,988][agent.finetune.train_ppo_diffusion_agent][INFO] - approx_kl: 0.0, update_epoch: 2, num_batch: 4
[2026-10-10 07:30:32,833][agent.finetune.train_ppo_diffusion_agent][INFO] - approx_kl: 0.0, update_epoch: 2, num_batch: 4
[2026-10-10 07:30:34,665][agent.finetune.train_ppo_diffusion_agent][INFO] - approx_kl: 0.0, update_epoch: 3, num_batch: 4
[2026-10-10 07:30:36,619][agent.finetune.train_ppo_diffusion_agent][INFO] - approx_kl: 0.0, update_epoch: 3, num_batch: 4
[2026-10-10 07:30:38,344][agent.finetune.train_ppo_diffusion_agent][INFO] - approx_kl: 0.0, update_epoch: 3, num_batch: 4
[2026-10-10 07:30:40,167][agent.finetune.train_ppo_diffusion_agent][INFO] - approx_kl: 0.0, update_epoch: 3, num_batch: 4
[2026-10-10 07:30:42,000][agent.finetune.train_ppo_diffusion_agent][INFO] - approx_kl: 0.0, update_epoch: 4, num_batch: 4
[2026-10-10 07:30:43,931][agent.finetune.train_ppo_diffusion_agent][INFO] - approx_kl: 0.0, update_epoch: 4, num_batch: 4
[2026-10-10 07:30:45,681][agent.finetune.train_ppo_diffusion_agent][INFO] - approx_kl: 0.0, update_epoch: 4, num_batch: 4
[2026-10-10 07:30:47,513][agent.finetune.train_ppo_diffusion_agent][INFO] - approx_kl: 0.0, update_epoch: 4, num_batch: 4
[2026-10-10 07:30:54,881][agent.finetune.train_ppo_diffusion_agent][INFO] - 91: step  6560000 | loss  -1.7793 | pg loss  -1.8323 | value loss   0.1060 | bc loss   0.0000 | reward 3979.7442 | eta   1.0000 | t: 57.2539 | kl_true_per_action=0.00026236063860002155 | logratio_p99=0.022156186103820752 | clamp_hit_frac=0.0008354166666666667 | actor_step_ratio=1.0 | actor_step_clipfrac=0.0
[2026-10-10 07:30:54,881][agent.finetune.stage3_support][INFO] - STAGE3_METRICS {"J_disc_train": 1425.249644356225, "J_disc_train_se": 22.900478790773835, "action_oor_frac": 0.14574166666666666, "adv_raw_mean": -1.0913936421275139e-14, "adv_raw_std": 237.69029694709903, "diagnostics_seconds": 0.12251601787284017, "episode_count": 80, "explained_var": 0.4531497359275818, "explained_var_reason": null, "grad_cos_prev": -0.05846310601206247, "grad_cos_prev_reason": null, "grad_norm": 20.844089680435566, "policy_action_oor_frac": 0.14577291666666667, "proj_active": false, "reward_clip_frac": 0.0, "rollout_seconds": 13.013108749059029, "split_diff_sq": 1834.9738702387376, "split_dot": -24.267424187537426, "theta_dist": 0.023712439999951207, "theta_dist_preproj": 0.023712439999951207, "update_norm": 0.0025236547533245006, "update_seconds": 44.11379513819702, "x0_sat_frac_last": 0.03342400263765249, "x0_sat_frac_mean": 0.065321244551548}
Processed step 0 of 500
Processed step 10 of 500
Processed step 20 of 500
Processed step 30 of 500
Processed step 40 of 500
Processed step 50 of 500
Processed step 60 of 500
Processed step 70 of 500
Processed step 80 of 500
Processed step 90 of 500
Processed step 100 of 500
Processed step 110 of 500
Processed step 120 of 500
Processed step 130 of 500
Processed step 140 of 500
Processed step 150 of 500
Processed step 160 of 500
Processed step 170 of 500
Processed step 180 of 500
Processed step 190 of 500
Processed step 200 of 500
Processed step 210 of 500
Processed step 220 of 500
Processed step 230 of 500
Processed step 240 of 500
Processed step 250 of 500
Processed step 260 of 500
Processed step 270 of 500
Processed step 280 of 500
Processed step 290 of 500
Processed step 300 of 500
Processed step 310 of 500
Processed step 320 of 500
Processed step 330 of 500
Processed step 340 of 500
Processed step 350 of 500
Processed step 360 of 500
Processed step 370 of 500
Processed step 380 of 500
Processed step 390 of 500
Processed step 400 of 500
Processed step 410 of 500
Processed step 420 of 500
Processed step 430 of 500
Processed step 440 of 500
Processed step 450 of 500
Processed step 460 of 500
Processed step 470 of 500
Processed step 480 of 500
Processed step 490 of 500
[2026-10-10 07:31:10,291][agent.finetune.train_ppo_diffusion_agent][INFO] - approx_kl: 0.0, update_epoch: 0, num_batch: 4
[2026-10-10 07:31:11,998][agent.finetune.train_ppo_diffusion_agent][INFO] - approx_kl: 0.0, update_epoch: 0, num_batch: 4
[2026-10-10 07:31:13,772][agent.finetune.train_ppo_diffusion_agent][INFO] - approx_kl: 0.0, update_epoch: 0, num_batch: 4
[2026-10-10 07:31:15,479][agent.finetune.train_ppo_diffusion_agent][INFO] - approx_kl: 0.0, update_epoch: 0, num_batch: 4
[2026-10-10 07:31:17,284][agent.finetune.train_ppo_diffusion_agent][INFO] - approx_kl: 0.0, update_epoch: 1, num_batch: 4
[2026-10-10 07:31:18,946][agent.finetune.train_ppo_diffusion_agent][INFO] - approx_kl: 0.0, update_epoch: 1, num_batch: 4
[2026-10-10 07:31:20,667][agent.finetune.train_ppo_diffusion_agent][INFO] - approx_kl: 0.0, update_epoch: 1, num_batch: 4
[2026-10-10 07:31:22,411][agent.finetune.train_ppo_diffusion_agent][INFO] - approx_kl: 0.0, update_epoch: 1, num_batch: 4
[2026-10-10 07:31:24,280][agent.finetune.train_ppo_diffusion_agent][INFO] - approx_kl: 0.0, update_epoch: 2, num_batch: 4
[2026-10-10 07:31:25,924][agent.finetune.train_ppo_diffusion_agent][INFO] - approx_kl: 0.0, update_epoch: 2, num_batch: 4
[2026-10-10 07:31:27,680][agent.finetune.train_ppo_diffusion_agent][INFO] - approx_kl: 0.0, update_epoch: 2, num_batch: 4
[2026-10-10 07:31:29,415][agent.finetune.train_ppo_diffusion_agent][INFO] - approx_kl: 0.0, update_epoch: 2, num_batch: 4
[2026-10-10 07:31:31,251][agent.finetune.train_ppo_diffusion_agent][INFO] - approx_kl: 0.0, update_epoch: 3, num_batch: 4
[2026-10-10 07:31:32,899][agent.finetune.train_ppo_diffusion_agent][INFO] - approx_kl: 0.0, update_epoch: 3, num_batch: 4
[2026-10-10 07:31:34,629][agent.finetune.train_ppo_diffusion_agent][INFO] - approx_kl: 0.0, update_epoch: 3, num_batch: 4
[2026-10-10 07:31:36,390][agent.finetune.train_ppo_diffusion_agent][INFO] - approx_kl: 0.0, update_epoch: 3, num_batch: 4
[2026-10-10 07:31:38,284][agent.finetune.train_ppo_diffusion_agent][INFO] - approx_kl: 0.0, update_epoch: 4, num_batch: 4
[2026-10-10 07:31:39,934][agent.finetune.train_ppo_diffusion_agent][INFO] - approx_kl: 0.0, update_epoch: 4, num_batch: 4
[2026-10-10 07:31:41,673][agent.finetune.train_ppo_diffusion_agent][INFO] - approx_kl: 0.0, update_epoch: 4, num_batch: 4
[2026-10-10 07:31:43,406][agent.finetune.train_ppo_diffusion_agent][INFO] - approx_kl: 0.0, update_epoch: 4, num_batch: 4
[2026-10-10 07:31:50,372][agent.finetune.train_ppo_diffusion_agent][INFO] - 92: step  6640000 | loss  -1.3792 | pg loss  -1.4306 | value loss   0.1027 | bc loss   0.0000 | reward 3997.9969 | eta   1.0000 | t: 55.4910 | kl_true_per_action=0.0002180958778385071 | logratio_p99=0.020217679142951923 | clamp_hit_frac=0.0008 | actor_step_ratio=1.0 | actor_step_clipfrac=0.0
[2026-10-10 07:31:50,372][agent.finetune.stage3_support][INFO] - STAGE3_METRICS {"J_disc_train": 1438.0420064165726, "J_disc_train_se": 23.478540300625088, "action_oor_frac": 0.14557708333333333, "adv_raw_mean": 5.4569682106375695e-15, "adv_raw_std": 249.6702806574228, "diagnostics_seconds": 0.13794149400200695, "episode_count": 80, "explained_var": 0.5267970860004425, "explained_var_reason": null, "grad_cos_prev": -0.08067869636943464, "grad_cos_prev_reason": null, "grad_norm": 20.013103081256258, "policy_action_oor_frac": 0.1456, "proj_active": false, "reward_clip_frac": 0.0, "rollout_seconds": 12.989018570980988, "split_diff_sq": 1856.4515387483968, "split_dot": -63.58858418472022, "theta_dist": 0.024011802970187016, "theta_dist_preproj": 0.024011802970187016, "update_norm": 0.0024230376962634573, "update_seconds": 42.35964881500695, "x0_sat_frac_last": 0.032375, "x0_sat_frac_mean": 0.06606131025365769}
Processed step 0 of 500
Processed step 10 of 500
Processed step 20 of 500
Processed step 30 of 500
Processed step 40 of 500
Processed step 50 of 500
Processed step 60 of 500
Processed step 70 of 500
Processed step 80 of 500
Processed step 90 of 500
Processed step 100 of 500
Processed step 110 of 500
Processed step 120 of 500
Processed step 130 of 500
Processed step 140 of 500
Processed step 150 of 500
Processed step 160 of 500
Processed step 170 of 500
Processed step 180 of 500
Processed step 190 of 500
Processed step 200 of 500
Processed step 210 of 500
Processed step 220 of 500
Processed step 230 of 500
Processed step 240 of 500
Processed step 250 of 500
Processed step 260 of 500
Processed step 270 of 500
Processed step 280 of 500
Processed step 290 of 500
Processed step 300 of 500
Processed step 310 of 500
Processed step 320 of 500
Processed step 330 of 500
Processed step 340 of 500
Processed step 350 of 500
Processed step 360 of 500
Processed step 370 of 500
Processed step 380 of 500
Processed step 390 of 500
Processed step 400 of 500
Processed step 410 of 500
Processed step 420 of 500
Processed step 430 of 500
Processed step 440 of 500
Processed step 450 of 500
Processed step 460 of 500
Processed step 470 of 500
Processed step 480 of 500
Processed step 490 of 500
[2026-10-10 07:32:05,941][agent.finetune.train_ppo_diffusion_agent][INFO] - approx_kl: 0.0, update_epoch: 0, num_batch: 4
[2026-10-10 07:32:07,675][agent.finetune.train_ppo_diffusion_agent][INFO] - approx_kl: 0.0, update_epoch: 0, num_batch: 4
[2026-10-10 07:32:09,520][agent.finetune.train_ppo_diffusion_agent][INFO] - approx_kl: 0.0, update_epoch: 0, num_batch: 4
[2026-10-10 07:32:11,349][agent.finetune.train_ppo_diffusion_agent][INFO] - approx_kl: 0.0, update_epoch: 0, num_batch: 4
[2026-10-10 07:32:13,303][agent.finetune.train_ppo_diffusion_agent][INFO] - approx_kl: 0.0, update_epoch: 1, num_batch: 4
[2026-10-10 07:32:15,114][agent.finetune.train_ppo_diffusion_agent][INFO] - approx_kl: 0.0, update_epoch: 1, num_batch: 4
[2026-10-10 07:32:16,968][agent.finetune.train_ppo_diffusion_agent][INFO] - approx_kl: 0.0, update_epoch: 1, num_batch: 4
[2026-10-10 07:32:18,773][agent.finetune.train_ppo_diffusion_agent][INFO] - approx_kl: 0.0, update_epoch: 1, num_batch: 4
[2026-10-10 07:32:20,721][agent.finetune.train_ppo_diffusion_agent][INFO] - approx_kl: 0.0, update_epoch: 2, num_batch: 4
[2026-10-10 07:32:22,461][agent.finetune.train_ppo_diffusion_agent][INFO] - approx_kl: 0.0, update_epoch: 2, num_batch: 4
[2026-10-10 07:32:24,297][agent.finetune.train_ppo_diffusion_agent][INFO] - approx_kl: 0.0, update_epoch: 2, num_batch: 4
[2026-10-10 07:32:26,178][agent.finetune.train_ppo_diffusion_agent][INFO] - approx_kl: 0.0, update_epoch: 2, num_batch: 4
[2026-10-10 07:32:28,231][agent.finetune.train_ppo_diffusion_agent][INFO] - approx_kl: 0.0, update_epoch: 3, num_batch: 4
[2026-10-10 07:32:29,968][agent.finetune.train_ppo_diffusion_agent][INFO] - approx_kl: 0.0, update_epoch: 3, num_batch: 4
[2026-10-10 07:32:31,817][agent.finetune.train_ppo_diffusion_agent][INFO] - approx_kl: 0.0, update_epoch: 3, num_batch: 4
[2026-10-10 07:32:33,665][agent.finetune.train_ppo_diffusion_agent][INFO] - approx_kl: 0.0, update_epoch: 3, num_batch: 4
[2026-10-10 07:32:35,606][agent.finetune.train_ppo_diffusion_agent][INFO] - approx_kl: 0.0, update_epoch: 4, num_batch: 4
[2026-10-10 07:32:37,356][agent.finetune.train_ppo_diffusion_agent][INFO] - approx_kl: 0.0, update_epoch: 4, num_batch: 4
[2026-10-10 07:32:39,224][agent.finetune.train_ppo_diffusion_agent][INFO] - approx_kl: 0.0, update_epoch: 4, num_batch: 4
[2026-10-10 07:32:41,091][agent.finetune.train_ppo_diffusion_agent][INFO] - approx_kl: 0.0, update_epoch: 4, num_batch: 4
[2026-10-10 07:32:48,504][agent.finetune.train_ppo_diffusion_agent][INFO] - 93: step  6720000 | loss  -0.6314 | pg loss  -0.6861 | value loss   0.1095 | bc loss   0.0000 | reward 3952.7736 | eta   1.0000 | t: 58.1325 | kl_true_per_action=0.00075682249874545 | logratio_p99=0.04599259376525877 | clamp_hit_frac=0.0008375 | actor_step_ratio=1.0 | actor_step_clipfrac=0.0
[2026-10-10 07:32:48,505][agent.finetune.stage3_support][INFO] - STAGE3_METRICS {"J_disc_train": 1414.687484154223, "J_disc_train_se": 23.264879742544167, "action_oor_frac": 0.14465833333333333, "adv_raw_mean": 1.7553247744217516e-14, "adv_raw_std": 249.6736684705846, "diagnostics_seconds": 0.1387955719837919, "episode_count": 80, "explained_var": 0.5003126859664917, "explained_var_reason": null, "grad_cos_prev": -0.050244210223857506, "grad_cos_prev_reason": null, "grad_norm": 21.537780265478414, "policy_action_oor_frac": 0.14469375, "proj_active": false, "reward_clip_frac": 0.0, "rollout_seconds": 13.05924370198045, "split_diff_sq": 1647.7745777077112, "split_dot": 51.93232879083467, "theta_dist": 0.024433105423408038, "theta_dist_preproj": 0.024433105423408038, "update_norm": 0.0026076436051002093, "update_seconds": 44.92924070509616, "x0_sat_frac_last": 0.03401228161217782, "x0_sat_frac_mean": 0.06495774608680584}
Processed step 0 of 500
Processed step 10 of 500
Processed step 20 of 500
Processed step 30 of 500
Processed step 40 of 500
Processed step 50 of 500
Processed step 60 of 500
Processed step 70 of 500
Processed step 80 of 500
Processed step 90 of 500
Processed step 100 of 500
Processed step 110 of 500
Processed step 120 of 500
Processed step 130 of 500
Processed step 140 of 500
Processed step 150 of 500
Processed step 160 of 500
Processed step 170 of 500
Processed step 180 of 500
Processed step 190 of 500
Processed step 200 of 500
Processed step 210 of 500
Processed step 220 of 500
Processed step 230 of 500
Processed step 240 of 500
Processed step 250 of 500
Processed step 260 of 500
Processed step 270 of 500
Processed step 280 of 500
Processed step 290 of 500
Processed step 300 of 500
Processed step 310 of 500
Processed step 320 of 500
Processed step 330 of 500
Processed step 340 of 500
Processed step 350 of 500
Processed step 360 of 500
Processed step 370 of 500
Processed step 380 of 500
Processed step 390 of 500
Processed step 400 of 500
Processed step 410 of 500
Processed step 420 of 500
Processed step 430 of 500
Processed step 440 of 500
Processed step 450 of 500
Processed step 460 of 500
Processed step 470 of 500
Processed step 480 of 500
Processed step 490 of 500
[2026-10-10 07:33:03,635][agent.finetune.train_ppo_diffusion_agent][INFO] - approx_kl: 0.0, update_epoch: 0, num_batch: 4
[2026-10-10 07:33:05,345][agent.finetune.train_ppo_diffusion_agent][INFO] - approx_kl: 0.0, update_epoch: 0, num_batch: 4
[2026-10-10 07:33:07,178][agent.finetune.train_ppo_diffusion_agent][INFO] - approx_kl: 0.0, update_epoch: 0, num_batch: 4
[2026-10-10 07:33:09,114][agent.finetune.train_ppo_diffusion_agent][INFO] - approx_kl: 0.0, update_epoch: 0, num_batch: 4
[2026-10-10 07:33:10,854][agent.finetune.train_ppo_diffusion_agent][INFO] - approx_kl: 0.0, update_epoch: 1, num_batch: 4
[2026-10-10 07:33:12,701][agent.finetune.train_ppo_diffusion_agent][INFO] - approx_kl: 0.0, update_epoch: 1, num_batch: 4
[2026-10-10 07:33:14,557][agent.finetune.train_ppo_diffusion_agent][INFO] - approx_kl: 0.0, update_epoch: 1, num_batch: 4
[2026-10-10 07:33:16,485][agent.finetune.train_ppo_diffusion_agent][INFO] - approx_kl: 0.0, update_epoch: 1, num_batch: 4
[2026-10-10 07:33:18,199][agent.finetune.train_ppo_diffusion_agent][INFO] - approx_kl: 0.0, update_epoch: 2, num_batch: 4
[2026-10-10 07:33:20,042][agent.finetune.train_ppo_diffusion_agent][INFO] - approx_kl: 0.0, update_epoch: 2, num_batch: 4
[2026-10-10 07:33:21,898][agent.finetune.train_ppo_diffusion_agent][INFO] - approx_kl: 0.0, update_epoch: 2, num_batch: 4
[2026-10-10 07:33:23,867][agent.finetune.train_ppo_diffusion_agent][INFO] - approx_kl: 0.0, update_epoch: 2, num_batch: 4
[2026-10-10 07:33:25,646][agent.finetune.train_ppo_diffusion_agent][INFO] - approx_kl: 0.0, update_epoch: 3, num_batch: 4
[2026-10-10 07:33:27,501][agent.finetune.train_ppo_diffusion_agent][INFO] - approx_kl: 0.0, update_epoch: 3, num_batch: 4
[2026-10-10 07:33:29,330][agent.finetune.train_ppo_diffusion_agent][INFO] - approx_kl: 0.0, update_epoch: 3, num_batch: 4
[2026-10-10 07:33:31,268][agent.finetune.train_ppo_diffusion_agent][INFO] - approx_kl: 0.0, update_epoch: 3, num_batch: 4
[2026-10-10 07:33:33,002][agent.finetune.train_ppo_diffusion_agent][INFO] - approx_kl: 0.0, update_epoch: 4, num_batch: 4
[2026-10-10 07:33:34,838][agent.finetune.train_ppo_diffusion_agent][INFO] - approx_kl: 0.0, update_epoch: 4, num_batch: 4
[2026-10-10 07:33:36,691][agent.finetune.train_ppo_diffusion_agent][INFO] - approx_kl: 0.0, update_epoch: 4, num_batch: 4
[2026-10-10 07:33:38,667][agent.finetune.train_ppo_diffusion_agent][INFO] - approx_kl: 0.0, update_epoch: 4, num_batch: 4
[2026-10-10 07:33:46,039][agent.finetune.train_ppo_diffusion_agent][INFO] - 94: step  6800000 | loss  -0.5279 | pg loss  -0.5811 | value loss   0.1064 | bc loss   0.0000 | reward 3934.0226 | eta   1.0000 | t: 57.5348 | kl_true_per_action=0.0005445340080510346 | logratio_p99=0.0377469968795776 | clamp_hit_frac=0.000825 | actor_step_ratio=1.0 | actor_step_clipfrac=0.0
[2026-10-10 07:33:46,039][agent.finetune.stage3_support][INFO] - STAGE3_METRICS {"J_disc_train": 1404.5075759126437, "J_disc_train_se": 17.963908035607204, "action_oor_frac": 0.1456875, "adv_raw_mean": 4.888534022029489e-15, "adv_raw_std": 235.79466324765778, "diagnostics_seconds": 0.1230739711318165, "episode_count": 80, "explained_var": 0.480854332447052, "explained_var_reason": null, "grad_cos_prev": 0.11727105905787778, "grad_cos_prev_reason": null, "grad_norm": 19.755117481304477, "policy_action_oor_frac": 0.1457125, "proj_active": false, "reward_clip_frac": 0.0, "rollout_seconds": 12.958060457953252, "split_diff_sq": 1428.6107606348892, "split_dot": 33.11197474102126, "theta_dist": 0.02457865689480159, "theta_dist_preproj": 0.02457865689480159, "update_norm": 0.002391805964398244, "update_seconds": 44.44969137490261, "x0_sat_frac_last": 0.03566436441374774, "x0_sat_frac_mean": 0.06558933320014274}
Processed step 0 of 500
Processed step 10 of 500
Processed step 20 of 500
Processed step 30 of 500
Processed step 40 of 500
Processed step 50 of 500
Processed step 60 of 500
Processed step 70 of 500
Processed step 80 of 500
Processed step 90 of 500
Processed step 100 of 500
Processed step 110 of 500
Processed step 120 of 500
Processed step 130 of 500
Processed step 140 of 500
Processed step 150 of 500
Processed step 160 of 500
Processed step 170 of 500
Processed step 180 of 500
Processed step 190 of 500
Processed step 200 of 500
Processed step 210 of 500
Processed step 220 of 500
Processed step 230 of 500
Processed step 240 of 500
Processed step 250 of 500
Processed step 260 of 500
Processed step 270 of 500
Processed step 280 of 500
Processed step 290 of 500
Processed step 300 of 500
Processed step 310 of 500
Processed step 320 of 500
Processed step 330 of 500
Processed step 340 of 500
Processed step 350 of 500
Processed step 360 of 500
Processed step 370 of 500
Processed step 380 of 500
Processed step 390 of 500
Processed step 400 of 500
Processed step 410 of 500
Processed step 420 of 500
Processed step 430 of 500
Processed step 440 of 500
Processed step 450 of 500
Processed step 460 of 500
Processed step 470 of 500
Processed step 480 of 500
Processed step 490 of 500
[2026-10-10 07:34:01,009][agent.finetune.train_ppo_diffusion_agent][INFO] - approx_kl: 0.0, update_epoch: 0, num_batch: 4
[2026-10-10 07:34:02,847][agent.finetune.train_ppo_diffusion_agent][INFO] - approx_kl: 0.0, update_epoch: 0, num_batch: 4
[2026-10-10 07:34:04,688][agent.finetune.train_ppo_diffusion_agent][INFO] - approx_kl: 0.0, update_epoch: 0, num_batch: 4
[2026-10-10 07:34:06,641][agent.finetune.train_ppo_diffusion_agent][INFO] - approx_kl: 0.0, update_epoch: 0, num_batch: 4
[2026-10-10 07:34:08,383][agent.finetune.train_ppo_diffusion_agent][INFO] - approx_kl: 0.0, update_epoch: 1, num_batch: 4
[2026-10-10 07:34:10,244][agent.finetune.train_ppo_diffusion_agent][INFO] - approx_kl: 0.0, update_epoch: 1, num_batch: 4
[2026-10-10 07:34:12,078][agent.finetune.train_ppo_diffusion_agent][INFO] - approx_kl: 0.0, update_epoch: 1, num_batch: 4
[2026-10-10 07:34:14,012][agent.finetune.train_ppo_diffusion_agent][INFO] - approx_kl: 0.0, update_epoch: 1, num_batch: 4
[2026-10-10 07:34:15,747][agent.finetune.train_ppo_diffusion_agent][INFO] - approx_kl: 0.0, update_epoch: 2, num_batch: 4
[2026-10-10 07:34:17,587][agent.finetune.train_ppo_diffusion_agent][INFO] - approx_kl: 0.0, update_epoch: 2, num_batch: 4
[2026-10-10 07:34:19,416][agent.finetune.train_ppo_diffusion_agent][INFO] - approx_kl: 0.0, update_epoch: 2, num_batch: 4
[2026-10-10 07:34:21,374][agent.finetune.train_ppo_diffusion_agent][INFO] - approx_kl: 0.0, update_epoch: 2, num_batch: 4
[2026-10-10 07:34:23,154][agent.finetune.train_ppo_diffusion_agent][INFO] - approx_kl: 0.0, update_epoch: 3, num_batch: 4
[2026-10-10 07:34:24,998][agent.finetune.train_ppo_diffusion_agent][INFO] - approx_kl: 0.0, update_epoch: 3, num_batch: 4
[2026-10-10 07:34:26,825][agent.finetune.train_ppo_diffusion_agent][INFO] - approx_kl: 0.0, update_epoch: 3, num_batch: 4
[2026-10-10 07:34:28,759][agent.finetune.train_ppo_diffusion_agent][INFO] - approx_kl: 0.0, update_epoch: 3, num_batch: 4
[2026-10-10 07:34:30,500][agent.finetune.train_ppo_diffusion_agent][INFO] - approx_kl: 0.0, update_epoch: 4, num_batch: 4
[2026-10-10 07:34:32,336][agent.finetune.train_ppo_diffusion_agent][INFO] - approx_kl: 0.0, update_epoch: 4, num_batch: 4
[2026-10-10 07:34:34,178][agent.finetune.train_ppo_diffusion_agent][INFO] - approx_kl: 0.0, update_epoch: 4, num_batch: 4
[2026-10-10 07:34:36,154][agent.finetune.train_ppo_diffusion_agent][INFO] - approx_kl: 0.0, update_epoch: 4, num_batch: 4
[2026-10-10 07:34:43,551][agent.finetune.train_ppo_diffusion_agent][INFO] - 95: step  6880000 | loss  -0.7617 | pg loss  -0.8152 | value loss   0.1071 | bc loss   0.0000 | reward 4024.9599 | eta   1.0000 | t: 57.5121 | kl_true_per_action=0.00014606114815578274 | logratio_p99=0.015671669244766227 | clamp_hit_frac=0.0007145833333333333 | actor_step_ratio=1.0 | actor_step_clipfrac=0.0
[2026-10-10 07:34:43,552][agent.finetune.stage3_support][INFO] - STAGE3_METRICS {"J_disc_train": 1417.2017572994196, "J_disc_train_se": 20.19050224285397, "action_oor_frac": 0.14964375, "adv_raw_mean": 1.4551915228366852e-14, "adv_raw_std": 193.82200315036025, "diagnostics_seconds": 0.11336042592301965, "episode_count": 80, "explained_var": 0.3272361159324646, "explained_var_reason": null, "grad_cos_prev": -0.048084028887025565, "grad_cos_prev_reason": null, "grad_norm": 17.209048844330567, "policy_action_oor_frac": 0.1496625, "proj_active": false, "reward_clip_frac": 0.0, "rollout_seconds": 13.035212222021073, "split_diff_sq": 1260.560825606517, "split_dot": -18.988854041521428, "theta_dist": 0.024794337718710768, "theta_dist_preproj": 0.024794337718710768, "update_norm": 0.0020835451582341424, "update_seconds": 44.359742334112525, "x0_sat_frac_last": 0.03653910288477572, "x0_sat_frac_mean": 0.0663006672790709}
Processed step 0 of 500
Processed step 10 of 500
Processed step 20 of 500
Processed step 30 of 500
Processed step 40 of 500
Processed step 50 of 500
Processed step 60 of 500
Processed step 70 of 500
Processed step 80 of 500
Processed step 90 of 500
Processed step 100 of 500
Processed step 110 of 500
Processed step 120 of 500
Processed step 130 of 500
Processed step 140 of 500
Processed step 150 of 500
Processed step 160 of 500
Processed step 170 of 500
Processed step 180 of 500
Processed step 190 of 500
Processed step 200 of 500
Processed step 210 of 500
Processed step 220 of 500
Processed step 230 of 500
Processed step 240 of 500
Processed step 250 of 500
Processed step 260 of 500
Processed step 270 of 500
Processed step 280 of 500
Processed step 290 of 500
Processed step 300 of 500
Processed step 310 of 500
Processed step 320 of 500
Processed step 330 of 500
Processed step 340 of 500
Processed step 350 of 500
Processed step 360 of 500
Processed step 370 of 500
Processed step 380 of 500
Processed step 390 of 500
Processed step 400 of 500
Processed step 410 of 500
Processed step 420 of 500
Processed step 430 of 500
Processed step 440 of 500
Processed step 450 of 500
Processed step 460 of 500
Processed step 470 of 500
Processed step 480 of 500
Processed step 490 of 500
[2026-10-10 07:34:58,324][agent.finetune.train_ppo_diffusion_agent][INFO] - approx_kl: 0.0, update_epoch: 0, num_batch: 4
[2026-10-10 07:35:00,165][agent.finetune.train_ppo_diffusion_agent][INFO] - approx_kl: 0.0, update_epoch: 0, num_batch: 4
[2026-10-10 07:35:01,990][agent.finetune.train_ppo_diffusion_agent][INFO] - approx_kl: 0.0, update_epoch: 0, num_batch: 4
[2026-10-10 07:35:03,930][agent.finetune.train_ppo_diffusion_agent][INFO] - approx_kl: 0.0, update_epoch: 0, num_batch: 4
[2026-10-10 07:35:05,675][agent.finetune.train_ppo_diffusion_agent][INFO] - approx_kl: 0.0, update_epoch: 1, num_batch: 4
[2026-10-10 07:35:07,553][agent.finetune.train_ppo_diffusion_agent][INFO] - approx_kl: 0.0, update_epoch: 1, num_batch: 4
[2026-10-10 07:35:09,427][agent.finetune.train_ppo_diffusion_agent][INFO] - approx_kl: 0.0, update_epoch: 1, num_batch: 4
[2026-10-10 07:35:11,375][agent.finetune.train_ppo_diffusion_agent][INFO] - approx_kl: 0.0, update_epoch: 1, num_batch: 4
[2026-10-10 07:35:13,083][agent.finetune.train_ppo_diffusion_agent][INFO] - approx_kl: 0.0, update_epoch: 2, num_batch: 4
[2026-10-10 07:35:14,906][agent.finetune.train_ppo_diffusion_agent][INFO] - approx_kl: 0.0, update_epoch: 2, num_batch: 4
[2026-10-10 07:35:16,746][agent.finetune.train_ppo_diffusion_agent][INFO] - approx_kl: 0.0, update_epoch: 2, num_batch: 4
[2026-10-10 07:35:18,701][agent.finetune.train_ppo_diffusion_agent][INFO] - approx_kl: 0.0, update_epoch: 2, num_batch: 4
[2026-10-10 07:35:20,492][agent.finetune.train_ppo_diffusion_agent][INFO] - approx_kl: 0.0, update_epoch: 3, num_batch: 4
[2026-10-10 07:35:22,368][agent.finetune.train_ppo_diffusion_agent][INFO] - approx_kl: 0.0, update_epoch: 3, num_batch: 4
[2026-10-10 07:35:24,212][agent.finetune.train_ppo_diffusion_agent][INFO] - approx_kl: 0.0, update_epoch: 3, num_batch: 4
[2026-10-10 07:35:26,157][agent.finetune.train_ppo_diffusion_agent][INFO] - approx_kl: 0.0, update_epoch: 3, num_batch: 4
[2026-10-10 07:35:27,904][agent.finetune.train_ppo_diffusion_agent][INFO] - approx_kl: 0.0, update_epoch: 4, num_batch: 4
[2026-10-10 07:35:29,751][agent.finetune.train_ppo_diffusion_agent][INFO] - approx_kl: 0.0, update_epoch: 4, num_batch: 4
[2026-10-10 07:35:31,589][agent.finetune.train_ppo_diffusion_agent][INFO] - approx_kl: 0.0, update_epoch: 4, num_batch: 4
[2026-10-10 07:35:33,549][agent.finetune.train_ppo_diffusion_agent][INFO] - approx_kl: 0.0, update_epoch: 4, num_batch: 4
[2026-10-10 07:35:40,986][agent.finetune.train_ppo_diffusion_agent][INFO] - 96: step  6960000 | loss  -2.4006 | pg loss  -2.4533 | value loss   0.1053 | bc loss   0.0000 | reward 3890.8761 | eta   1.0000 | t: 57.4343 | kl_true_per_action=0.0004974902565331649 | logratio_p99=0.0323947668075561 | clamp_hit_frac=0.0007479166666666667 | actor_step_ratio=1.0 | actor_step_clipfrac=0.0
[2026-10-10 07:35:40,986][agent.finetune.stage3_support][INFO] - STAGE3_METRICS {"J_disc_train": 1393.301584362796, "J_disc_train_se": 23.676070640430737, "action_oor_frac": 0.14656041666666667, "adv_raw_mean": -1.8553691916167737e-14, "adv_raw_std": 261.4527963616377, "diagnostics_seconds": 0.11824710108339787, "episode_count": 80, "explained_var": 0.5594471991062164, "explained_var_reason": null, "grad_cos_prev": -0.006638710582508578, "grad_cos_prev_reason": null, "grad_norm": 22.699496004263754, "policy_action_oor_frac": 0.14657708333333333, "proj_active": false, "reward_clip_frac": 0.0, "rollout_seconds": 12.772401725989766, "split_diff_sq": 2080.7739174496573, "split_dot": -4.9263696674411595, "theta_dist": 0.024744174599930783, "theta_dist_preproj": 0.024744174599930783, "update_norm": 0.00274828847836212, "update_seconds": 44.5396739608841, "x0_sat_frac_last": 0.0384375, "x0_sat_frac_mean": 0.06467528201153985}
Processed step 0 of 500
Processed step 10 of 500
Processed step 20 of 500
Processed step 30 of 500
Processed step 40 of 500
Processed step 50 of 500
Processed step 60 of 500
Processed step 70 of 500
Processed step 80 of 500
Processed step 90 of 500
Processed step 100 of 500
Processed step 110 of 500
Processed step 120 of 500
Processed step 130 of 500
Processed step 140 of 500
Processed step 150 of 500
Processed step 160 of 500
Processed step 170 of 500
Processed step 180 of 500
Processed step 190 of 500
Processed step 200 of 500
Processed step 210 of 500
Processed step 220 of 500
Processed step 230 of 500
Processed step 240 of 500
Processed step 250 of 500
Processed step 260 of 500
Processed step 270 of 500
Processed step 280 of 500
Processed step 290 of 500
Processed step 300 of 500
Processed step 310 of 500
Processed step 320 of 500
Processed step 330 of 500
Processed step 340 of 500
Processed step 350 of 500
Processed step 360 of 500
Processed step 370 of 500
Processed step 380 of 500
Processed step 390 of 500
Processed step 400 of 500
Processed step 410 of 500
Processed step 420 of 500
Processed step 430 of 500
Processed step 440 of 500
Processed step 450 of 500
Processed step 460 of 500
Processed step 470 of 500
Processed step 480 of 500
Processed step 490 of 500
[2026-10-10 07:35:55,881][agent.finetune.train_ppo_diffusion_agent][INFO] - approx_kl: 0.0, update_epoch: 0, num_batch: 4
[2026-10-10 07:35:57,582][agent.finetune.train_ppo_diffusion_agent][INFO] - approx_kl: 0.0, update_epoch: 0, num_batch: 4
[2026-10-10 07:35:59,224][agent.finetune.train_ppo_diffusion_agent][INFO] - approx_kl: 0.0, update_epoch: 0, num_batch: 4
[2026-10-10 07:36:01,078][agent.finetune.train_ppo_diffusion_agent][INFO] - approx_kl: 0.0, update_epoch: 0, num_batch: 4
[2026-10-10 07:36:02,817][agent.finetune.train_ppo_diffusion_agent][INFO] - approx_kl: 0.0, update_epoch: 1, num_batch: 4
[2026-10-10 07:36:04,621][agent.finetune.train_ppo_diffusion_agent][INFO] - approx_kl: 0.0, update_epoch: 1, num_batch: 4
[2026-10-10 07:36:06,529][agent.finetune.train_ppo_diffusion_agent][INFO] - approx_kl: 0.0, update_epoch: 1, num_batch: 4
[2026-10-10 07:36:08,498][agent.finetune.train_ppo_diffusion_agent][INFO] - approx_kl: 0.0, update_epoch: 1, num_batch: 4
[2026-10-10 07:36:10,251][agent.finetune.train_ppo_diffusion_agent][INFO] - approx_kl: 0.0, update_epoch: 2, num_batch: 4
[2026-10-10 07:36:12,099][agent.finetune.train_ppo_diffusion_agent][INFO] - approx_kl: 0.0, update_epoch: 2, num_batch: 4
[2026-10-10 07:36:13,923][agent.finetune.train_ppo_diffusion_agent][INFO] - approx_kl: 0.0, update_epoch: 2, num_batch: 4
[2026-10-10 07:36:15,854][agent.finetune.train_ppo_diffusion_agent][INFO] - approx_kl: 0.0, update_epoch: 2, num_batch: 4
[2026-10-10 07:36:17,624][agent.finetune.train_ppo_diffusion_agent][INFO] - approx_kl: 0.0, update_epoch: 3, num_batch: 4
[2026-10-10 07:36:19,478][agent.finetune.train_ppo_diffusion_agent][INFO] - approx_kl: 0.0, update_epoch: 3, num_batch: 4
[2026-10-10 07:36:21,304][agent.finetune.train_ppo_diffusion_agent][INFO] - approx_kl: 0.0, update_epoch: 3, num_batch: 4
[2026-10-10 07:36:23,246][agent.finetune.train_ppo_diffusion_agent][INFO] - approx_kl: 0.0, update_epoch: 3, num_batch: 4
[2026-10-10 07:36:24,987][agent.finetune.train_ppo_diffusion_agent][INFO] - approx_kl: 0.0, update_epoch: 4, num_batch: 4
[2026-10-10 07:36:26,825][agent.finetune.train_ppo_diffusion_agent][INFO] - approx_kl: 0.0, update_epoch: 4, num_batch: 4
[2026-10-10 07:36:28,666][agent.finetune.train_ppo_diffusion_agent][INFO] - approx_kl: 0.0, update_epoch: 4, num_batch: 4
[2026-10-10 07:36:30,644][agent.finetune.train_ppo_diffusion_agent][INFO] - approx_kl: 0.0, update_epoch: 4, num_batch: 4
[2026-10-10 07:36:38,077][agent.finetune.train_ppo_diffusion_agent][INFO] - 97: step  7040000 | loss   0.1890 | pg loss   0.1342 | value loss   0.1096 | bc loss   0.0000 | reward 4029.0369 | eta   1.0000 | t: 57.0913 | kl_true_per_action=9.32581903160857e-05 | logratio_p99=0.012835038900375345 | clamp_hit_frac=0.0008645833333333333 | actor_step_ratio=1.0 | actor_step_clipfrac=0.0
[2026-10-10 07:36:38,077][agent.finetune.stage3_support][INFO] - STAGE3_METRICS {"J_disc_train": 1414.9446019753123, "J_disc_train_se": 18.080820825975156, "action_oor_frac": 0.15070416666666667, "adv_raw_mean": -1.864464138634503e-14, "adv_raw_std": 143.09258091516017, "diagnostics_seconds": 0.11510987917426974, "episode_count": 80, "explained_var": 0.0638587474822998, "explained_var_reason": null, "grad_cos_prev": -0.0033138409719156814, "grad_cos_prev_reason": null, "grad_norm": 12.882229299138386, "policy_action_oor_frac": 0.15074166666666666, "proj_active": false, "reward_clip_frac": 0.0, "rollout_seconds": 12.97193934302777, "split_diff_sq": 756.2073684979841, "split_dot": -23.100018064074384, "theta_dist": 0.024814584003006263, "theta_dist_preproj": 0.024814584003006263, "update_norm": 0.0015596975615340266, "update_seconds": 44.00036848988384, "x0_sat_frac_last": 0.037389417459522616, "x0_sat_frac_mean": 0.06685139419340931}
Processed step 0 of 500
Processed step 10 of 500
Processed step 20 of 500
Processed step 30 of 500
Processed step 40 of 500
Processed step 50 of 500
Processed step 60 of 500
Processed step 70 of 500
Processed step 80 of 500
Processed step 90 of 500
Processed step 100 of 500
Processed step 110 of 500
Processed step 120 of 500
Processed step 130 of 500
Processed step 140 of 500
Processed step 150 of 500
Processed step 160 of 500
Processed step 170 of 500
Processed step 180 of 500
Processed step 190 of 500
Processed step 200 of 500
Processed step 210 of 500
Processed step 220 of 500
Processed step 230 of 500
Processed step 240 of 500
Processed step 250 of 500
Processed step 260 of 500
Processed step 270 of 500
Processed step 280 of 500
Processed step 290 of 500
Processed step 300 of 500
Processed step 310 of 500
Processed step 320 of 500
Processed step 330 of 500
Processed step 340 of 500
Processed step 350 of 500
Processed step 360 of 500
Processed step 370 of 500
Processed step 380 of 500
Processed step 390 of 500
Processed step 400 of 500
Processed step 410 of 500
Processed step 420 of 500
Processed step 430 of 500
Processed step 440 of 500
Processed step 450 of 500
Processed step 460 of 500
Processed step 470 of 500
Processed step 480 of 500
Processed step 490 of 500
[2026-10-10 07:36:52,988][agent.finetune.train_ppo_diffusion_agent][INFO] - approx_kl: 0.0, update_epoch: 0, num_batch: 4
[2026-10-10 07:36:54,877][agent.finetune.train_ppo_diffusion_agent][INFO] - approx_kl: 0.0, update_epoch: 0, num_batch: 4
[2026-10-10 07:36:56,798][agent.finetune.train_ppo_diffusion_agent][INFO] - approx_kl: 0.0, update_epoch: 0, num_batch: 4
[2026-10-10 07:36:58,416][agent.finetune.train_ppo_diffusion_agent][INFO] - approx_kl: 0.0, update_epoch: 0, num_batch: 4
[2026-10-10 07:37:00,176][agent.finetune.train_ppo_diffusion_agent][INFO] - approx_kl: 0.0, update_epoch: 1, num_batch: 4
[2026-10-10 07:37:02,001][agent.finetune.train_ppo_diffusion_agent][INFO] - approx_kl: 0.0, update_epoch: 1, num_batch: 4
[2026-10-10 07:37:03,958][agent.finetune.train_ppo_diffusion_agent][INFO] - approx_kl: 0.0, update_epoch: 1, num_batch: 4
[2026-10-10 07:37:05,596][agent.finetune.train_ppo_diffusion_agent][INFO] - approx_kl: 0.0, update_epoch: 1, num_batch: 4
[2026-10-10 07:37:07,334][agent.finetune.train_ppo_diffusion_agent][INFO] - approx_kl: 0.0, update_epoch: 2, num_batch: 4
[2026-10-10 07:37:09,087][agent.finetune.train_ppo_diffusion_agent][INFO] - approx_kl: 0.0, update_epoch: 2, num_batch: 4
[2026-10-10 07:37:10,988][agent.finetune.train_ppo_diffusion_agent][INFO] - approx_kl: 0.0, update_epoch: 2, num_batch: 4
[2026-10-10 07:37:12,655][agent.finetune.train_ppo_diffusion_agent][INFO] - approx_kl: 0.0, update_epoch: 2, num_batch: 4
[2026-10-10 07:37:14,550][agent.finetune.train_ppo_diffusion_agent][INFO] - approx_kl: 0.0, update_epoch: 3, num_batch: 4
[2026-10-10 07:37:16,318][agent.finetune.train_ppo_diffusion_agent][INFO] - approx_kl: 0.0, update_epoch: 3, num_batch: 4
[2026-10-10 07:37:18,218][agent.finetune.train_ppo_diffusion_agent][INFO] - approx_kl: 0.0, update_epoch: 3, num_batch: 4
[2026-10-10 07:37:19,892][agent.finetune.train_ppo_diffusion_agent][INFO] - approx_kl: 0.0, update_epoch: 3, num_batch: 4
[2026-10-10 07:37:21,668][agent.finetune.train_ppo_diffusion_agent][INFO] - approx_kl: 0.0, update_epoch: 4, num_batch: 4
[2026-10-10 07:37:23,420][agent.finetune.train_ppo_diffusion_agent][INFO] - approx_kl: 0.0, update_epoch: 4, num_batch: 4
[2026-10-10 07:37:25,267][agent.finetune.train_ppo_diffusion_agent][INFO] - approx_kl: 0.0, update_epoch: 4, num_batch: 4
[2026-10-10 07:37:26,928][agent.finetune.train_ppo_diffusion_agent][INFO] - approx_kl: 0.0, update_epoch: 4, num_batch: 4
[2026-10-10 07:37:34,067][agent.finetune.train_ppo_diffusion_agent][INFO] - 98: step  7120000 | loss  -0.5514 | pg loss  -0.6032 | value loss   0.1036 | bc loss   0.0000 | reward 3912.0558 | eta   1.0000 | t: 55.9897 | kl_true_per_action=0.0009413461497064597 | logratio_p99=0.055152292251586875 | clamp_hit_frac=0.00085 | actor_step_ratio=1.0 | actor_step_clipfrac=0.0
[2026-10-10 07:37:34,067][agent.finetune.stage3_support][INFO] - STAGE3_METRICS {"J_disc_train": 1387.7274740959442, "J_disc_train_se": 19.092751594865945, "action_oor_frac": 0.145375, "adv_raw_mean": -1.1641532182693482e-14, "adv_raw_std": 244.01443942178486, "diagnostics_seconds": 0.12904080608859658, "episode_count": 80, "explained_var": 0.43564558029174805, "explained_var_reason": null, "grad_cos_prev": -0.059144100345552716, "grad_cos_prev_reason": null, "grad_norm": 20.84107675772028, "policy_action_oor_frac": 0.14539375, "proj_active": false, "reward_clip_frac": 0.0, "rollout_seconds": 12.893128394032829, "split_diff_sq": 1655.2526665984105, "split_dot": 20.537300961962327, "theta_dist": 0.02495767149333956, "theta_dist_preproj": 0.02495767149333956, "update_norm": 0.0025232741357076984, "update_seconds": 42.963997059036046, "x0_sat_frac_last": 0.034811694747274524, "x0_sat_frac_mean": 0.0652191795282802}
Processed step 0 of 500
Processed step 10 of 500
Processed step 20 of 500
Processed step 30 of 500
Processed step 40 of 500
Processed step 50 of 500
Processed step 60 of 500
Processed step 70 of 500
Processed step 80 of 500
Processed step 90 of 500
Processed step 100 of 500
Processed step 110 of 500
Processed step 120 of 500
Processed step 130 of 500
Processed step 140 of 500
Processed step 150 of 500
Processed step 160 of 500
Processed step 170 of 500
Processed step 180 of 500
Processed step 190 of 500
Processed step 200 of 500
Processed step 210 of 500
Processed step 220 of 500
Processed step 230 of 500
Processed step 240 of 500
Processed step 250 of 500
Processed step 260 of 500
Processed step 270 of 500
Processed step 280 of 500
Processed step 290 of 500
Processed step 300 of 500
Processed step 310 of 500
Processed step 320 of 500
Processed step 330 of 500
Processed step 340 of 500
Processed step 350 of 500
Processed step 360 of 500
Processed step 370 of 500
Processed step 380 of 500
Processed step 390 of 500
Processed step 400 of 500
Processed step 410 of 500
Processed step 420 of 500
Processed step 430 of 500
Processed step 440 of 500
Processed step 450 of 500
Processed step 460 of 500
Processed step 470 of 500
Processed step 480 of 500
Processed step 490 of 500
[2026-10-10 07:37:49,383][agent.finetune.train_ppo_diffusion_agent][INFO] - approx_kl: 0.0, update_epoch: 0, num_batch: 4
[2026-10-10 07:37:51,272][agent.finetune.train_ppo_diffusion_agent][INFO] - approx_kl: 0.0, update_epoch: 0, num_batch: 4
[2026-10-10 07:37:53,307][agent.finetune.train_ppo_diffusion_agent][INFO] - approx_kl: 0.0, update_epoch: 0, num_batch: 4
[2026-10-10 07:37:55,072][agent.finetune.train_ppo_diffusion_agent][INFO] - approx_kl: 0.0, update_epoch: 0, num_batch: 4
[2026-10-10 07:37:56,942][agent.finetune.train_ppo_diffusion_agent][INFO] - approx_kl: 0.0, update_epoch: 1, num_batch: 4
[2026-10-10 07:37:58,935][agent.finetune.train_ppo_diffusion_agent][INFO] - approx_kl: 0.0, update_epoch: 1, num_batch: 4
[2026-10-10 07:38:01,099][agent.finetune.train_ppo_diffusion_agent][INFO] - approx_kl: 0.0, update_epoch: 1, num_batch: 4
[2026-10-10 07:38:02,804][agent.finetune.train_ppo_diffusion_agent][INFO] - approx_kl: 0.0, update_epoch: 1, num_batch: 4
[2026-10-10 07:38:04,601][agent.finetune.train_ppo_diffusion_agent][INFO] - approx_kl: 0.0, update_epoch: 2, num_batch: 4
[2026-10-10 07:38:06,423][agent.finetune.train_ppo_diffusion_agent][INFO] - approx_kl: 0.0, update_epoch: 2, num_batch: 4
[2026-10-10 07:38:08,357][agent.finetune.train_ppo_diffusion_agent][INFO] - approx_kl: 0.0, update_epoch: 2, num_batch: 4
[2026-10-10 07:38:10,119][agent.finetune.train_ppo_diffusion_agent][INFO] - approx_kl: 0.0, update_epoch: 2, num_batch: 4
[2026-10-10 07:38:12,024][agent.finetune.train_ppo_diffusion_agent][INFO] - approx_kl: 0.0, update_epoch: 3, num_batch: 4
[2026-10-10 07:38:13,834][agent.finetune.train_ppo_diffusion_agent][INFO] - approx_kl: 0.0, update_epoch: 3, num_batch: 4
[2026-10-10 07:38:15,738][agent.finetune.train_ppo_diffusion_agent][INFO] - approx_kl: 0.0, update_epoch: 3, num_batch: 4
[2026-10-10 07:38:17,462][agent.finetune.train_ppo_diffusion_agent][INFO] - approx_kl: 0.0, update_epoch: 3, num_batch: 4
[2026-10-10 07:38:19,260][agent.finetune.train_ppo_diffusion_agent][INFO] - approx_kl: 0.0, update_epoch: 4, num_batch: 4
[2026-10-10 07:38:21,056][agent.finetune.train_ppo_diffusion_agent][INFO] - approx_kl: 0.0, update_epoch: 4, num_batch: 4
[2026-10-10 07:38:23,018][agent.finetune.train_ppo_diffusion_agent][INFO] - approx_kl: 0.0, update_epoch: 4, num_batch: 4
[2026-10-10 07:38:24,744][agent.finetune.train_ppo_diffusion_agent][INFO] - approx_kl: 0.0, update_epoch: 4, num_batch: 4
[2026-10-10 07:38:32,096][agent.finetune.train_ppo_diffusion_agent][INFO] - 99: step  7200000 | loss   0.0808 | pg loss   0.0282 | value loss   0.1053 | bc loss   0.0000 | reward 3967.3695 | eta   1.0000 | t: 58.0294 | kl_true_per_action=0.00028413426790090227 | logratio_p99=0.022782571911811808 | clamp_hit_frac=0.0007395833333333333 | actor_step_ratio=1.0 | actor_step_clipfrac=0.0
[2026-10-10 07:38:32,096][agent.finetune.stage3_support][INFO] - STAGE3_METRICS {"J_disc_train": 1409.2903632773596, "J_disc_train_se": 23.71749773563853, "action_oor_frac": 0.14794583333333333, "adv_raw_mean": -1.4779288903810084e-14, "adv_raw_std": 277.0534873044021, "diagnostics_seconds": 0.13143789512105286, "episode_count": 80, "explained_var": 0.5200456380844116, "explained_var_reason": null, "grad_cos_prev": 0.0300176827372191, "grad_cos_prev_reason": null, "grad_norm": 23.43298901672222, "policy_action_oor_frac": 0.14797083333333333, "proj_active": false, "reward_clip_frac": 0.0, "rollout_seconds": 13.182189862011, "split_diff_sq": 2353.8406588692214, "split_dot": -39.35517866196541, "theta_dist": 0.02525751537079156, "theta_dist_preproj": 0.02525751537079156, "update_norm": 0.0028370939854235606, "update_seconds": 44.711036911816336, "x0_sat_frac_last": 0.03744698897370653, "x0_sat_frac_mean": 0.06561272159508147}
Processed step 0 of 500
Processed step 10 of 500
Processed step 20 of 500
Processed step 30 of 500
Processed step 40 of 500
Processed step 50 of 500
Processed step 60 of 500
Processed step 70 of 500
Processed step 80 of 500
Processed step 90 of 500
Processed step 100 of 500
Processed step 110 of 500
Processed step 120 of 500
Processed step 130 of 500
Processed step 140 of 500
Processed step 150 of 500
Processed step 160 of 500
Processed step 170 of 500
Processed step 180 of 500
Processed step 190 of 500
Processed step 200 of 500
Processed step 210 of 500
Processed step 220 of 500
Processed step 230 of 500
Processed step 240 of 500
Processed step 250 of 500
Processed step 260 of 500
Processed step 270 of 500
Processed step 280 of 500
Processed step 290 of 500
Processed step 300 of 500
Processed step 310 of 500
Processed step 320 of 500
Processed step 330 of 500
Processed step 340 of 500
Processed step 350 of 500
Processed step 360 of 500
Processed step 370 of 500
Processed step 380 of 500
Processed step 390 of 500
Processed step 400 of 500
Processed step 410 of 500
Processed step 420 of 500
Processed step 430 of 500
Processed step 440 of 500
Processed step 450 of 500
Processed step 460 of 500
Processed step 470 of 500
Processed step 480 of 500
Processed step 490 of 500
[2026-10-10 07:38:45,112][agent.finetune.train_ppo_diffusion_agent][INFO] - eval: success rate   1.0000 | avg episode reward 4393.9997 | avg best reward   6.4887
[2026-10-10 07:38:45,113][agent.finetune.stage3_support][INFO] - STAGE3_METRICS {"J_disc_eval": 1547.4131948939996, "J_disc_eval_se": 12.715639768489941, "action_oor_frac": 0.0, "diagnostics_seconds": 0.007645893027074635, "episode_count": 80, "policy_action_oor_frac": 0.0, "rollout_seconds": 13.004113895003684, "update_seconds": 0.0}
Processed step 0 of 500
Processed step 10 of 500
Processed step 20 of 500
Processed step 30 of 500
Processed step 40 of 500
Processed step 50 of 500
Processed step 60 of 500
Processed step 70 of 500
Processed step 80 of 500
Processed step 90 of 500
Processed step 100 of 500
Processed step 110 of 500
Processed step 120 of 500
Processed step 130 of 500
Processed step 140 of 500
Processed step 150 of 500
Processed step 160 of 500
Processed step 170 of 500
Processed step 180 of 500
Processed step 190 of 500
Processed step 200 of 500
Processed step 210 of 500
Processed step 220 of 500
Processed step 230 of 500
Processed step 240 of 500
Processed step 250 of 500
Processed step 260 of 500
Processed step 270 of 500
Processed step 280 of 500
Processed step 290 of 500
Processed step 300 of 500
Processed step 310 of 500
Processed step 320 of 500
Processed step 330 of 500
Processed step 340 of 500
Processed step 350 of 500
Processed step 360 of 500
Processed step 370 of 500
Processed step 380 of 500
Processed step 390 of 500
Processed step 400 of 500
Processed step 410 of 500
Processed step 420 of 500
Processed step 430 of 500
Processed step 440 of 500
Processed step 450 of 500
Processed step 460 of 500
Processed step 470 of 500
Processed step 480 of 500
Processed step 490 of 500
[2026-10-10 07:39:00,192][agent.finetune.train_ppo_diffusion_agent][INFO] - approx_kl: 0.0, update_epoch: 0, num_batch: 4
[2026-10-10 07:39:02,021][agent.finetune.train_ppo_diffusion_agent][INFO] - approx_kl: 0.0, update_epoch: 0, num_batch: 4
[2026-10-10 07:39:03,934][agent.finetune.train_ppo_diffusion_agent][INFO] - approx_kl: 0.0, update_epoch: 0, num_batch: 4
[2026-10-10 07:39:05,652][agent.finetune.train_ppo_diffusion_agent][INFO] - approx_kl: 0.0, update_epoch: 0, num_batch: 4
[2026-10-10 07:39:07,478][agent.finetune.train_ppo_diffusion_agent][INFO] - approx_kl: 0.0, update_epoch: 1, num_batch: 4
[2026-10-10 07:39:09,422][agent.finetune.train_ppo_diffusion_agent][INFO] - approx_kl: 0.0, update_epoch: 1, num_batch: 4
[2026-10-10 07:39:11,161][agent.finetune.train_ppo_diffusion_agent][INFO] - approx_kl: 0.0, update_epoch: 1, num_batch: 4
[2026-10-10 07:39:12,968][agent.finetune.train_ppo_diffusion_agent][INFO] - approx_kl: 0.0, update_epoch: 1, num_batch: 4
[2026-10-10 07:39:14,778][agent.finetune.train_ppo_diffusion_agent][INFO] - approx_kl: 0.0, update_epoch: 2, num_batch: 4
[2026-10-10 07:39:16,671][agent.finetune.train_ppo_diffusion_agent][INFO] - approx_kl: 0.0, update_epoch: 2, num_batch: 4
[2026-10-10 07:39:18,396][agent.finetune.train_ppo_diffusion_agent][INFO] - approx_kl: 0.0, update_epoch: 2, num_batch: 4
[2026-10-10 07:39:20,221][agent.finetune.train_ppo_diffusion_agent][INFO] - approx_kl: 0.0, update_epoch: 2, num_batch: 4
[2026-10-10 07:39:22,044][agent.finetune.train_ppo_diffusion_agent][INFO] - approx_kl: 0.0, update_epoch: 3, num_batch: 4
[2026-10-10 07:39:24,000][agent.finetune.train_ppo_diffusion_agent][INFO] - approx_kl: 0.0, update_epoch: 3, num_batch: 4
[2026-10-10 07:39:25,754][agent.finetune.train_ppo_diffusion_agent][INFO] - approx_kl: 0.0, update_epoch: 3, num_batch: 4
[2026-10-10 07:39:27,589][agent.finetune.train_ppo_diffusion_agent][INFO] - approx_kl: 0.0, update_epoch: 3, num_batch: 4
[2026-10-10 07:39:29,436][agent.finetune.train_ppo_diffusion_agent][INFO] - approx_kl: 0.0, update_epoch: 4, num_batch: 4
[2026-10-10 07:39:31,365][agent.finetune.train_ppo_diffusion_agent][INFO] - approx_kl: 0.0, update_epoch: 4, num_batch: 4
[2026-10-10 07:39:33,088][agent.finetune.train_ppo_diffusion_agent][INFO] - approx_kl: 0.0, update_epoch: 4, num_batch: 4
[2026-10-10 07:39:34,910][agent.finetune.train_ppo_diffusion_agent][INFO] - approx_kl: 0.0, update_epoch: 4, num_batch: 4
[2026-10-10 07:39:42,272][agent.finetune.train_ppo_diffusion_agent][INFO] - 101: step  7280000 | loss  -0.6256 | pg loss  -0.6777 | value loss   0.1042 | bc loss   0.0000 | reward 3976.4688 | eta   1.0000 | t: 57.1600 | kl_true_per_action=0.000448356448628568 | logratio_p99=0.037791899442672666 | clamp_hit_frac=0.000825 | actor_step_ratio=1.0 | actor_step_clipfrac=0.0
[2026-10-10 07:39:42,272][agent.finetune.stage3_support][INFO] - STAGE3_METRICS {"J_disc_train": 1408.3376700006995, "J_disc_train_se": 18.567841971494193, "action_oor_frac": 0.14853333333333332, "adv_raw_mean": -1.2369127944111823e-14, "adv_raw_std": 218.56746655749447, "diagnostics_seconds": 0.11487474490422755, "episode_count": 80, "explained_var": 0.4132428765296936, "explained_var_reason": null, "grad_cos_prev": 0.05548685628989804, "grad_cos_prev_reason": null, "grad_norm": 18.327506875413782, "policy_action_oor_frac": 0.14855833333333332, "proj_active": false, "reward_clip_frac": 0.0, "rollout_seconds": 12.985233783023432, "split_diff_sq": 1279.02424396329, "split_dot": 16.14144787318285, "theta_dist": 0.02557406092563086, "theta_dist_preproj": 0.02557406092563086, "update_norm": 0.002218971542090461, "update_seconds": 44.05351444997359, "x0_sat_frac_last": 0.039012470508931585, "x0_sat_frac_mean": 0.06515681782804837}
Processed step 0 of 500
Processed step 10 of 500
Processed step 20 of 500
Processed step 30 of 500
Processed step 40 of 500
Processed step 50 of 500
Processed step 60 of 500
Processed step 70 of 500
Processed step 80 of 500
Processed step 90 of 500
Processed step 100 of 500
Processed step 110 of 500
Processed step 120 of 500
Processed step 130 of 500
Processed step 140 of 500
Processed step 150 of 500
Processed step 160 of 500
Processed step 170 of 500
Processed step 180 of 500
Processed step 190 of 500
Processed step 200 of 500
Processed step 210 of 500
Processed step 220 of 500
Processed step 230 of 500
Processed step 240 of 500
Processed step 250 of 500
Processed step 260 of 500
Processed step 270 of 500
Processed step 280 of 500
Processed step 290 of 500
Processed step 300 of 500
Processed step 310 of 500
Processed step 320 of 500
Processed step 330 of 500
Processed step 340 of 500
Processed step 350 of 500
Processed step 360 of 500
Processed step 370 of 500
Processed step 380 of 500
Processed step 390 of 500
Processed step 400 of 500
Processed step 410 of 500
Processed step 420 of 500
Processed step 430 of 500
Processed step 440 of 500
Processed step 450 of 500
Processed step 460 of 500
Processed step 470 of 500
Processed step 480 of 500
Processed step 490 of 500
[2026-10-10 07:39:57,410][agent.finetune.train_ppo_diffusion_agent][INFO] - approx_kl: 0.0, update_epoch: 0, num_batch: 4
[2026-10-10 07:39:59,332][agent.finetune.train_ppo_diffusion_agent][INFO] - approx_kl: 0.0, update_epoch: 0, num_batch: 4
[2026-10-10 07:40:01,061][agent.finetune.train_ppo_diffusion_agent][INFO] - approx_kl: 0.0, update_epoch: 0, num_batch: 4
[2026-10-10 07:40:02,915][agent.finetune.train_ppo_diffusion_agent][INFO] - approx_kl: 0.0, update_epoch: 0, num_batch: 4
[2026-10-10 07:40:04,732][agent.finetune.train_ppo_diffusion_agent][INFO] - approx_kl: 0.0, update_epoch: 1, num_batch: 4
[2026-10-10 07:40:06,647][agent.finetune.train_ppo_diffusion_agent][INFO] - approx_kl: 0.0, update_epoch: 1, num_batch: 4
[2026-10-10 07:40:08,375][agent.finetune.train_ppo_diffusion_agent][INFO] - approx_kl: 0.0, update_epoch: 1, num_batch: 4
[2026-10-10 07:40:10,204][agent.finetune.train_ppo_diffusion_agent][INFO] - approx_kl: 0.0, update_epoch: 1, num_batch: 4
[2026-10-10 07:40:12,032][agent.finetune.train_ppo_diffusion_agent][INFO] - approx_kl: 0.0, update_epoch: 2, num_batch: 4
[2026-10-10 07:40:13,994][agent.finetune.train_ppo_diffusion_agent][INFO] - approx_kl: 0.0, update_epoch: 2, num_batch: 4
[2026-10-10 07:40:15,764][agent.finetune.train_ppo_diffusion_agent][INFO] - approx_kl: 0.0, update_epoch: 2, num_batch: 4
[2026-10-10 07:40:17,603][agent.finetune.train_ppo_diffusion_agent][INFO] - approx_kl: 0.0, update_epoch: 2, num_batch: 4
[2026-10-10 07:40:19,400][agent.finetune.train_ppo_diffusion_agent][INFO] - approx_kl: 0.0, update_epoch: 3, num_batch: 4
[2026-10-10 07:40:21,351][agent.finetune.train_ppo_diffusion_agent][INFO] - approx_kl: 0.0, update_epoch: 3, num_batch: 4
[2026-10-10 07:40:23,091][agent.finetune.train_ppo_diffusion_agent][INFO] - approx_kl: 0.0, update_epoch: 3, num_batch: 4
[2026-10-10 07:40:24,916][agent.finetune.train_ppo_diffusion_agent][INFO] - approx_kl: 0.0, update_epoch: 3, num_batch: 4
[2026-10-10 07:40:26,780][agent.finetune.train_ppo_diffusion_agent][INFO] - approx_kl: 0.0, update_epoch: 4, num_batch: 4
[2026-10-10 07:40:28,752][agent.finetune.train_ppo_diffusion_agent][INFO] - approx_kl: 0.0, update_epoch: 4, num_batch: 4
[2026-10-10 07:40:30,486][agent.finetune.train_ppo_diffusion_agent][INFO] - approx_kl: 0.0, update_epoch: 4, num_batch: 4
[2026-10-10 07:40:32,336][agent.finetune.train_ppo_diffusion_agent][INFO] - approx_kl: 0.0, update_epoch: 4, num_batch: 4
[2026-10-10 07:40:39,745][agent.finetune.train_ppo_diffusion_agent][INFO] - 102: step  7360000 | loss   0.7060 | pg loss   0.6539 | value loss   0.1043 | bc loss   0.0000 | reward 3923.2951 | eta   1.0000 | t: 57.4733 | kl_true_per_action=0.00022929757524821397 | logratio_p99=0.0214383101463317 | clamp_hit_frac=0.0008166666666666667 | actor_step_ratio=1.0 | actor_step_clipfrac=0.0
[2026-10-10 07:40:39,746][agent.finetune.stage3_support][INFO] - STAGE3_METRICS {"J_disc_train": 1394.6112869385381, "J_disc_train_se": 19.854557230283383, "action_oor_frac": 0.1487125, "adv_raw_mean": 1.746229827404022e-14, "adv_raw_std": 223.46302305602052, "diagnostics_seconds": 0.1162214819341898, "episode_count": 80, "explained_var": 0.44280755519866943, "explained_var_reason": null, "grad_cos_prev": 0.018192345700053604, "grad_cos_prev_reason": null, "grad_norm": 17.692913276530952, "policy_action_oor_frac": 0.14873333333333333, "proj_active": false, "reward_clip_frac": 0.0, "rollout_seconds": 13.123321702936664, "split_diff_sq": 1323.9128122103584, "split_dot": -17.938992072840975, "theta_dist": 0.025593688732649316, "theta_dist_preproj": 0.025593688732649316, "update_norm": 0.002142133674092215, "update_seconds": 44.22956237196922, "x0_sat_frac_last": 0.04100985221674877, "x0_sat_frac_mean": 0.0664115268737953}
Processed step 0 of 500
Processed step 10 of 500
Processed step 20 of 500
Processed step 30 of 500
Processed step 40 of 500
Processed step 50 of 500
Processed step 60 of 500
Processed step 70 of 500
Processed step 80 of 500
Processed step 90 of 500
Processed step 100 of 500
Processed step 110 of 500
Processed step 120 of 500
Processed step 130 of 500
Processed step 140 of 500
Processed step 150 of 500
Processed step 160 of 500
Processed step 170 of 500
Processed step 180 of 500
Processed step 190 of 500
Processed step 200 of 500
Processed step 210 of 500
Processed step 220 of 500
Processed step 230 of 500
Processed step 240 of 500
Processed step 250 of 500
Processed step 260 of 500
Processed step 270 of 500
Processed step 280 of 500
Processed step 290 of 500
Processed step 300 of 500
Processed step 310 of 500
Processed step 320 of 500
Processed step 330 of 500
Processed step 340 of 500
Processed step 350 of 500
Processed step 360 of 500
Processed step 370 of 500
Processed step 380 of 500
Processed step 390 of 500
Processed step 400 of 500
Processed step 410 of 500
Processed step 420 of 500
Processed step 430 of 500
Processed step 440 of 500
Processed step 450 of 500
Processed step 460 of 500
Processed step 470 of 500
Processed step 480 of 500
Processed step 490 of 500
[2026-10-10 07:40:54,893][agent.finetune.train_ppo_diffusion_agent][INFO] - approx_kl: 0.0, update_epoch: 0, num_batch: 4
[2026-10-10 07:40:56,820][agent.finetune.train_ppo_diffusion_agent][INFO] - approx_kl: 0.0, update_epoch: 0, num_batch: 4
[2026-10-10 07:40:58,524][agent.finetune.train_ppo_diffusion_agent][INFO] - approx_kl: 0.0, update_epoch: 0, num_batch: 4
[2026-10-10 07:41:00,350][agent.finetune.train_ppo_diffusion_agent][INFO] - approx_kl: 0.0, update_epoch: 0, num_batch: 4
[2026-10-10 07:41:02,167][agent.finetune.train_ppo_diffusion_agent][INFO] - approx_kl: 0.0, update_epoch: 1, num_batch: 4
[2026-10-10 07:41:04,065][agent.finetune.train_ppo_diffusion_agent][INFO] - approx_kl: 0.0, update_epoch: 1, num_batch: 4
[2026-10-10 07:41:05,793][agent.finetune.train_ppo_diffusion_agent][INFO] - approx_kl: 0.0, update_epoch: 1, num_batch: 4
[2026-10-10 07:41:07,685][agent.finetune.train_ppo_diffusion_agent][INFO] - approx_kl: 0.0, update_epoch: 1, num_batch: 4
[2026-10-10 07:41:09,518][agent.finetune.train_ppo_diffusion_agent][INFO] - approx_kl: 0.0, update_epoch: 2, num_batch: 4
[2026-10-10 07:41:11,447][agent.finetune.train_ppo_diffusion_agent][INFO] - approx_kl: 0.0, update_epoch: 2, num_batch: 4
[2026-10-10 07:41:13,166][agent.finetune.train_ppo_diffusion_agent][INFO] - approx_kl: 0.0, update_epoch: 2, num_batch: 4
[2026-10-10 07:41:14,963][agent.finetune.train_ppo_diffusion_agent][INFO] - approx_kl: 0.0, update_epoch: 2, num_batch: 4
[2026-10-10 07:41:16,756][agent.finetune.train_ppo_diffusion_agent][INFO] - approx_kl: 0.0, update_epoch: 3, num_batch: 4
[2026-10-10 07:41:18,702][agent.finetune.train_ppo_diffusion_agent][INFO] - approx_kl: 0.0, update_epoch: 3, num_batch: 4
[2026-10-10 07:41:20,459][agent.finetune.train_ppo_diffusion_agent][INFO] - approx_kl: 0.0, update_epoch: 3, num_batch: 4
[2026-10-10 07:41:22,298][agent.finetune.train_ppo_diffusion_agent][INFO] - approx_kl: 0.0, update_epoch: 3, num_batch: 4
[2026-10-10 07:41:24,117][agent.finetune.train_ppo_diffusion_agent][INFO] - approx_kl: 0.0, update_epoch: 4, num_batch: 4
[2026-10-10 07:41:26,032][agent.finetune.train_ppo_diffusion_agent][INFO] - approx_kl: 0.0, update_epoch: 4, num_batch: 4
[2026-10-10 07:41:27,756][agent.finetune.train_ppo_diffusion_agent][INFO] - approx_kl: 0.0, update_epoch: 4, num_batch: 4
[2026-10-10 07:41:29,578][agent.finetune.train_ppo_diffusion_agent][INFO] - approx_kl: 0.0, update_epoch: 4, num_batch: 4
[2026-10-10 07:41:36,928][agent.finetune.train_ppo_diffusion_agent][INFO] - 103: step  7440000 | loss   1.5856 | pg loss   1.5324 | value loss   0.1063 | bc loss   0.0000 | reward 3972.3763 | eta   1.0000 | t: 57.1827 | kl_true_per_action=0.0001026976049116646 | logratio_p99=0.013583319187164305 | clamp_hit_frac=0.00075625 | actor_step_ratio=1.0 | actor_step_clipfrac=0.0
[2026-10-10 07:41:36,928][agent.finetune.stage3_support][INFO] - STAGE3_METRICS {"J_disc_train": 1411.6573278169262, "J_disc_train_se": 15.123744615710345, "action_oor_frac": 0.14992083333333334, "adv_raw_mean": 9.094947017729283e-17, "adv_raw_std": 189.7630497814052, "diagnostics_seconds": 0.12039297597948462, "episode_count": 80, "explained_var": 0.39246875047683716, "explained_var_reason": null, "grad_cos_prev": -0.02825386097852379, "grad_cos_prev_reason": null, "grad_norm": 13.451394698550851, "policy_action_oor_frac": 0.14994375, "proj_active": false, "reward_clip_frac": 0.0, "rollout_seconds": 13.025561167974956, "split_diff_sq": 756.3723711915052, "split_dot": -8.153074346660443, "theta_dist": 0.025740275064590604, "theta_dist_preproj": 0.025740275064590604, "update_norm": 0.0016285929361126328, "update_seconds": 44.032685041078366, "x0_sat_frac_last": 0.0406125992063492, "x0_sat_frac_mean": 0.06647439499055459}
Processed step 0 of 500
Processed step 10 of 500
Processed step 20 of 500
Processed step 30 of 500
Processed step 40 of 500
Processed step 50 of 500
Processed step 60 of 500
Processed step 70 of 500
Processed step 80 of 500
Processed step 90 of 500
Processed step 100 of 500
Processed step 110 of 500
Processed step 120 of 500
Processed step 130 of 500
Processed step 140 of 500
Processed step 150 of 500
Processed step 160 of 500
Processed step 170 of 500
Processed step 180 of 500
Processed step 190 of 500
Processed step 200 of 500
Processed step 210 of 500
Processed step 220 of 500
Processed step 230 of 500
Processed step 240 of 500
Processed step 250 of 500
Processed step 260 of 500
Processed step 270 of 500
Processed step 280 of 500
Processed step 290 of 500
Processed step 300 of 500
Processed step 310 of 500
Processed step 320 of 500
Processed step 330 of 500
Processed step 340 of 500
Processed step 350 of 500
Processed step 360 of 500
Processed step 370 of 500
Processed step 380 of 500
Processed step 390 of 500
Processed step 400 of 500
Processed step 410 of 500
Processed step 420 of 500
Processed step 430 of 500
Processed step 440 of 500
Processed step 450 of 500
Processed step 460 of 500
Processed step 470 of 500
Processed step 480 of 500
Processed step 490 of 500
[2026-10-10 07:41:51,971][agent.finetune.train_ppo_diffusion_agent][INFO] - approx_kl: 0.0, update_epoch: 0, num_batch: 4
[2026-10-10 07:41:53,923][agent.finetune.train_ppo_diffusion_agent][INFO] - approx_kl: 0.0, update_epoch: 0, num_batch: 4
[2026-10-10 07:41:55,659][agent.finetune.train_ppo_diffusion_agent][INFO] - approx_kl: 0.0, update_epoch: 0, num_batch: 4
[2026-10-10 07:41:57,485][agent.finetune.train_ppo_diffusion_agent][INFO] - approx_kl: 0.0, update_epoch: 0, num_batch: 4
[2026-10-10 07:41:59,278][agent.finetune.train_ppo_diffusion_agent][INFO] - approx_kl: 0.0, update_epoch: 1, num_batch: 4
[2026-10-10 07:42:01,169][agent.finetune.train_ppo_diffusion_agent][INFO] - approx_kl: 0.0, update_epoch: 1, num_batch: 4
[2026-10-10 07:42:02,876][agent.finetune.train_ppo_diffusion_agent][INFO] - approx_kl: 0.0, update_epoch: 1, num_batch: 4
[2026-10-10 07:42:04,711][agent.finetune.train_ppo_diffusion_agent][INFO] - approx_kl: 0.0, update_epoch: 1, num_batch: 4
[2026-10-10 07:42:06,539][agent.finetune.train_ppo_diffusion_agent][INFO] - approx_kl: 0.0, update_epoch: 2, num_batch: 4
[2026-10-10 07:42:08,473][agent.finetune.train_ppo_diffusion_agent][INFO] - approx_kl: 0.0, update_epoch: 2, num_batch: 4
[2026-10-10 07:42:10,211][agent.finetune.train_ppo_diffusion_agent][INFO] - approx_kl: 0.0, update_epoch: 2, num_batch: 4
[2026-10-10 07:42:12,029][agent.finetune.train_ppo_diffusion_agent][INFO] - approx_kl: 0.0, update_epoch: 2, num_batch: 4
[2026-10-10 07:42:13,828][agent.finetune.train_ppo_diffusion_agent][INFO] - approx_kl: 0.0, update_epoch: 3, num_batch: 4
[2026-10-10 07:42:15,746][agent.finetune.train_ppo_diffusion_agent][INFO] - approx_kl: 0.0, update_epoch: 3, num_batch: 4
[2026-10-10 07:42:17,479][agent.finetune.train_ppo_diffusion_agent][INFO] - approx_kl: 0.0, update_epoch: 3, num_batch: 4
[2026-10-10 07:42:19,309][agent.finetune.train_ppo_diffusion_agent][INFO] - approx_kl: 0.0, update_epoch: 3, num_batch: 4
[2026-10-10 07:42:21,134][agent.finetune.train_ppo_diffusion_agent][INFO] - approx_kl: 0.0, update_epoch: 4, num_batch: 4
[2026-10-10 07:42:23,061][agent.finetune.train_ppo_diffusion_agent][INFO] - approx_kl: 0.0, update_epoch: 4, num_batch: 4
[2026-10-10 07:42:24,786][agent.finetune.train_ppo_diffusion_agent][INFO] - approx_kl: 0.0, update_epoch: 4, num_batch: 4
[2026-10-10 07:42:26,614][agent.finetune.train_ppo_diffusion_agent][INFO] - approx_kl: 0.0, update_epoch: 4, num_batch: 4
[2026-10-10 07:42:34,015][agent.finetune.train_ppo_diffusion_agent][INFO] - 104: step  7520000 | loss  -0.6882 | pg loss  -0.7400 | value loss   0.1037 | bc loss   0.0000 | reward 3891.6427 | eta   1.0000 | t: 57.0870 | kl_true_per_action=0.00048333387979630576 | logratio_p99=0.03326331496238699 | clamp_hit_frac=0.0007833333333333334 | actor_step_ratio=1.0 | actor_step_clipfrac=0.0
[2026-10-10 07:42:34,015][agent.finetune.stage3_support][INFO] - STAGE3_METRICS {"J_disc_train": 1397.5401754832594, "J_disc_train_se": 19.958645013997305, "action_oor_frac": 0.146025, "adv_raw_mean": 5.820766091346741e-15, "adv_raw_std": 282.1068086447957, "diagnostics_seconds": 0.11148921702988446, "episode_count": 80, "explained_var": 0.610092431306839, "explained_var_reason": null, "grad_cos_prev": -0.04609991912725623, "grad_cos_prev_reason": null, "grad_norm": 21.38899312055568, "policy_action_oor_frac": 0.14604791666666667, "proj_active": false, "reward_clip_frac": 0.0, "rollout_seconds": 13.017069951049052, "split_diff_sq": 1836.516174107092, "split_dot": -1.6400129911700585, "theta_dist": 0.02595639878720952, "theta_dist_preproj": 0.02595639878720952, "update_norm": 0.002589625826547788, "update_seconds": 43.95346350094769, "x0_sat_frac_last": 0.0405982905982906, "x0_sat_frac_mean": 0.06498056437583855}
Processed step 0 of 500
Processed step 10 of 500
Processed step 20 of 500
Processed step 30 of 500
Processed step 40 of 500
Processed step 50 of 500
Processed step 60 of 500
Processed step 70 of 500
Processed step 80 of 500
Processed step 90 of 500
Processed step 100 of 500
Processed step 110 of 500
Processed step 120 of 500
Processed step 130 of 500
Processed step 140 of 500
Processed step 150 of 500
Processed step 160 of 500
Processed step 170 of 500
Processed step 180 of 500
Processed step 190 of 500
Processed step 200 of 500
Processed step 210 of 500
Processed step 220 of 500
Processed step 230 of 500
Processed step 240 of 500
Processed step 250 of 500
Processed step 260 of 500
Processed step 270 of 500
Processed step 280 of 500
Processed step 290 of 500
Processed step 300 of 500
Processed step 310 of 500
Processed step 320 of 500
Processed step 330 of 500
Processed step 340 of 500
Processed step 350 of 500
Processed step 360 of 500
Processed step 370 of 500
Processed step 380 of 500
Processed step 390 of 500
Processed step 400 of 500
Processed step 410 of 500
Processed step 420 of 500
Processed step 430 of 500
Processed step 440 of 500
Processed step 450 of 500
Processed step 460 of 500
Processed step 470 of 500
Processed step 480 of 500
Processed step 490 of 500
[2026-10-10 07:42:49,249][agent.finetune.train_ppo_diffusion_agent][INFO] - approx_kl: 0.0, update_epoch: 0, num_batch: 4
[2026-10-10 07:42:50,965][agent.finetune.train_ppo_diffusion_agent][INFO] - approx_kl: 0.0, update_epoch: 0, num_batch: 4
[2026-10-10 07:42:52,825][agent.finetune.train_ppo_diffusion_agent][INFO] - approx_kl: 0.0, update_epoch: 0, num_batch: 4
[2026-10-10 07:42:54,651][agent.finetune.train_ppo_diffusion_agent][INFO] - approx_kl: 0.0, update_epoch: 0, num_batch: 4
[2026-10-10 07:42:56,581][agent.finetune.train_ppo_diffusion_agent][INFO] - approx_kl: 0.0, update_epoch: 1, num_batch: 4
[2026-10-10 07:42:58,328][agent.finetune.train_ppo_diffusion_agent][INFO] - approx_kl: 0.0, update_epoch: 1, num_batch: 4
[2026-10-10 07:43:00,169][agent.finetune.train_ppo_diffusion_agent][INFO] - approx_kl: 0.0, update_epoch: 1, num_batch: 4
[2026-10-10 07:43:02,013][agent.finetune.train_ppo_diffusion_agent][INFO] - approx_kl: 0.0, update_epoch: 1, num_batch: 4
[2026-10-10 07:43:03,945][agent.finetune.train_ppo_diffusion_agent][INFO] - approx_kl: 0.0, update_epoch: 2, num_batch: 4
[2026-10-10 07:43:05,670][agent.finetune.train_ppo_diffusion_agent][INFO] - approx_kl: 0.0, update_epoch: 2, num_batch: 4
[2026-10-10 07:43:07,508][agent.finetune.train_ppo_diffusion_agent][INFO] - approx_kl: 0.0, update_epoch: 2, num_batch: 4
[2026-10-10 07:43:09,371][agent.finetune.train_ppo_diffusion_agent][INFO] - approx_kl: 0.0, update_epoch: 2, num_batch: 4
[2026-10-10 07:43:11,349][agent.finetune.train_ppo_diffusion_agent][INFO] - approx_kl: 0.0, update_epoch: 3, num_batch: 4
[2026-10-10 07:43:13,086][agent.finetune.train_ppo_diffusion_agent][INFO] - approx_kl: 0.0, update_epoch: 3, num_batch: 4
[2026-10-10 07:43:14,927][agent.finetune.train_ppo_diffusion_agent][INFO] - approx_kl: 0.0, update_epoch: 3, num_batch: 4
[2026-10-10 07:43:16,778][agent.finetune.train_ppo_diffusion_agent][INFO] - approx_kl: 0.0, update_epoch: 3, num_batch: 4
[2026-10-10 07:43:18,726][agent.finetune.train_ppo_diffusion_agent][INFO] - approx_kl: 0.0, update_epoch: 4, num_batch: 4
[2026-10-10 07:43:20,459][agent.finetune.train_ppo_diffusion_agent][INFO] - approx_kl: 0.0, update_epoch: 4, num_batch: 4
[2026-10-10 07:43:22,293][agent.finetune.train_ppo_diffusion_agent][INFO] - approx_kl: 0.0, update_epoch: 4, num_batch: 4
[2026-10-10 07:43:24,123][agent.finetune.train_ppo_diffusion_agent][INFO] - approx_kl: 0.0, update_epoch: 4, num_batch: 4
[2026-10-10 07:43:31,608][agent.finetune.train_agent][INFO] - Saved model to /soalnas/share/data/zbao7/diffusion_policy/results/stage3/SGD1_seed0/checkpoint/state_105.pt
[2026-10-10 07:43:31,609][agent.finetune.train_ppo_diffusion_agent][INFO] - 105: step  7600000 | loss   0.2689 | pg loss   0.2162 | value loss   0.1053 | bc loss   0.0000 | reward 3881.7148 | eta   1.0000 | t: 57.5936 | kl_true_per_action=0.00036366390012214004 | logratio_p99=0.02750907182693476 | clamp_hit_frac=0.0008270833333333333 | actor_step_ratio=1.0 | actor_step_clipfrac=0.0
[2026-10-10 07:43:31,609][agent.finetune.stage3_support][INFO] - STAGE3_METRICS {"J_disc_train": 1397.2417008966377, "J_disc_train_se": 21.945043914965005, "action_oor_frac": 0.14800625, "adv_raw_mean": 1.8917489796876906e-14, "adv_raw_std": 257.6897771397346, "diagnostics_seconds": 0.11180591781158, "episode_count": 80, "explained_var": 0.5301404595375061, "explained_var_reason": null, "grad_cos_prev": 0.0009396781373159159, "grad_cos_prev_reason": null, "grad_norm": 23.483508915563256, "policy_action_oor_frac": 0.14803541666666667, "proj_active": false, "reward_clip_frac": 0.0, "rollout_seconds": 13.07504574698396, "split_diff_sq": 2296.3996605471384, "split_dot": -22.624723916794135, "theta_dist": 0.026039047356848245, "theta_dist_preproj": 0.026039047356848245, "update_norm": 0.002843210404596242, "update_seconds": 44.38086389412638, "x0_sat_frac_last": 0.039738430583501, "x0_sat_frac_mean": 0.06557751338774558}
Processed step 0 of 500
Processed step 10 of 500
Processed step 20 of 500
Processed step 30 of 500
Processed step 40 of 500
Processed step 50 of 500
Processed step 60 of 500
Processed step 70 of 500
Processed step 80 of 500
Processed step 90 of 500
Processed step 100 of 500
Processed step 110 of 500
Processed step 120 of 500
Processed step 130 of 500
Processed step 140 of 500
Processed step 150 of 500
Processed step 160 of 500
Processed step 170 of 500
Processed step 180 of 500
Processed step 190 of 500
Processed step 200 of 500
Processed step 210 of 500
Processed step 220 of 500
Processed step 230 of 500
Processed step 240 of 500
Processed step 250 of 500
Processed step 260 of 500
Processed step 270 of 500
Processed step 280 of 500
Processed step 290 of 500
Processed step 300 of 500
Processed step 310 of 500
Processed step 320 of 500
Processed step 330 of 500
Processed step 340 of 500
Processed step 350 of 500
Processed step 360 of 500
Processed step 370 of 500
Processed step 380 of 500
Processed step 390 of 500
Processed step 400 of 500
Processed step 410 of 500
Processed step 420 of 500
Processed step 430 of 500
Processed step 440 of 500
Processed step 450 of 500
Processed step 460 of 500
Processed step 470 of 500
Processed step 480 of 500
Processed step 490 of 500
[2026-10-10 07:43:46,766][agent.finetune.train_ppo_diffusion_agent][INFO] - approx_kl: 0.0, update_epoch: 0, num_batch: 4
[2026-10-10 07:43:48,427][agent.finetune.train_ppo_diffusion_agent][INFO] - approx_kl: 0.0, update_epoch: 0, num_batch: 4
[2026-10-10 07:43:50,266][agent.finetune.train_ppo_diffusion_agent][INFO] - approx_kl: 0.0, update_epoch: 0, num_batch: 4
[2026-10-10 07:43:52,076][agent.finetune.train_ppo_diffusion_agent][INFO] - approx_kl: 0.0, update_epoch: 0, num_batch: 4
[2026-10-10 07:43:54,007][agent.finetune.train_ppo_diffusion_agent][INFO] - approx_kl: 0.0, update_epoch: 1, num_batch: 4
[2026-10-10 07:43:55,783][agent.finetune.train_ppo_diffusion_agent][INFO] - approx_kl: 0.0, update_epoch: 1, num_batch: 4
[2026-10-10 07:43:57,631][agent.finetune.train_ppo_diffusion_agent][INFO] - approx_kl: 0.0, update_epoch: 1, num_batch: 4
[2026-10-10 07:43:59,497][agent.finetune.train_ppo_diffusion_agent][INFO] - approx_kl: 0.0, update_epoch: 1, num_batch: 4
[2026-10-10 07:44:01,376][agent.finetune.train_ppo_diffusion_agent][INFO] - approx_kl: 0.0, update_epoch: 2, num_batch: 4
[2026-10-10 07:44:03,007][agent.finetune.train_ppo_diffusion_agent][INFO] - approx_kl: 0.0, update_epoch: 2, num_batch: 4
[2026-10-10 07:44:04,762][agent.finetune.train_ppo_diffusion_agent][INFO] - approx_kl: 0.0, update_epoch: 2, num_batch: 4
[2026-10-10 07:44:06,521][agent.finetune.train_ppo_diffusion_agent][INFO] - approx_kl: 0.0, update_epoch: 2, num_batch: 4
[2026-10-10 07:44:08,418][agent.finetune.train_ppo_diffusion_agent][INFO] - approx_kl: 0.0, update_epoch: 3, num_batch: 4
[2026-10-10 07:44:10,075][agent.finetune.train_ppo_diffusion_agent][INFO] - approx_kl: 0.0, update_epoch: 3, num_batch: 4
[2026-10-10 07:44:11,856][agent.finetune.train_ppo_diffusion_agent][INFO] - approx_kl: 0.0, update_epoch: 3, num_batch: 4
[2026-10-10 07:44:13,604][agent.finetune.train_ppo_diffusion_agent][INFO] - approx_kl: 0.0, update_epoch: 3, num_batch: 4
[2026-10-10 07:44:15,467][agent.finetune.train_ppo_diffusion_agent][INFO] - approx_kl: 0.0, update_epoch: 4, num_batch: 4
[2026-10-10 07:44:17,098][agent.finetune.train_ppo_diffusion_agent][INFO] - approx_kl: 0.0, update_epoch: 4, num_batch: 4
[2026-10-10 07:44:18,852][agent.finetune.train_ppo_diffusion_agent][INFO] - approx_kl: 0.0, update_epoch: 4, num_batch: 4
[2026-10-10 07:44:20,585][agent.finetune.train_ppo_diffusion_agent][INFO] - approx_kl: 0.0, update_epoch: 4, num_batch: 4
[2026-10-10 07:44:27,692][agent.finetune.train_ppo_diffusion_agent][INFO] - 106: step  7680000 | loss  -0.5664 | pg loss  -0.6203 | value loss   0.1078 | bc loss   0.0000 | reward 4029.1728 | eta   1.0000 | t: 56.0829 | kl_true_per_action=0.00012811084842944193 | logratio_p99=0.014553721547126752 | clamp_hit_frac=0.0007145833333333333 | actor_step_ratio=1.0 | actor_step_clipfrac=0.0
[2026-10-10 07:44:27,692][agent.finetune.stage3_support][INFO] - STAGE3_METRICS {"J_disc_train": 1427.8644042153985, "J_disc_train_se": 18.155716264445, "action_oor_frac": 0.15123333333333333, "adv_raw_mean": -2.346496330574155e-14, "adv_raw_std": 200.57833298504184, "diagnostics_seconds": 0.12146663398016244, "episode_count": 80, "explained_var": 0.2688835859298706, "explained_var_reason": null, "grad_cos_prev": -0.01642309263449436, "grad_cos_prev_reason": null, "grad_norm": 16.161122096762487, "policy_action_oor_frac": 0.15125833333333333, "proj_active": false, "reward_clip_frac": 0.0, "rollout_seconds": 13.016024125972763, "split_diff_sq": 1034.6328761762104, "split_dot": 2.523645753954711, "theta_dist": 0.026248529420353345, "theta_dist_preproj": 0.026248529420353345, "update_norm": 0.001956686314957856, "update_seconds": 42.94195453601424, "x0_sat_frac_last": 0.04218932931928416, "x0_sat_frac_mean": 0.06672909215263266}
Processed step 0 of 500
Processed step 10 of 500
Processed step 20 of 500
Processed step 30 of 500
Processed step 40 of 500
Processed step 50 of 500
Processed step 60 of 500
Processed step 70 of 500
Processed step 80 of 500
Processed step 90 of 500
Processed step 100 of 500
Processed step 110 of 500
Processed step 120 of 500
Processed step 130 of 500
Processed step 140 of 500
Processed step 150 of 500
Processed step 160 of 500
Processed step 170 of 500
Processed step 180 of 500
Processed step 190 of 500
Processed step 200 of 500
Processed step 210 of 500
Processed step 220 of 500
Processed step 230 of 500
Processed step 240 of 500
Processed step 250 of 500
Processed step 260 of 500
Processed step 270 of 500
Processed step 280 of 500
Processed step 290 of 500
Processed step 300 of 500
Processed step 310 of 500
Processed step 320 of 500
Processed step 330 of 500
Processed step 340 of 500
Processed step 350 of 500
Processed step 360 of 500
Processed step 370 of 500
Processed step 380 of 500
Processed step 390 of 500
Processed step 400 of 500
Processed step 410 of 500
Processed step 420 of 500
Processed step 430 of 500
Processed step 440 of 500
Processed step 450 of 500
Processed step 460 of 500
Processed step 470 of 500
Processed step 480 of 500
Processed step 490 of 500
[2026-10-10 07:44:42,688][agent.finetune.train_ppo_diffusion_agent][INFO] - approx_kl: 0.0, update_epoch: 0, num_batch: 4
[2026-10-10 07:44:44,328][agent.finetune.train_ppo_diffusion_agent][INFO] - approx_kl: 0.0, update_epoch: 0, num_batch: 4
[2026-10-10 07:44:46,085][agent.finetune.train_ppo_diffusion_agent][INFO] - approx_kl: 0.0, update_epoch: 0, num_batch: 4
[2026-10-10 07:44:47,954][agent.finetune.train_ppo_diffusion_agent][INFO] - approx_kl: 0.0, update_epoch: 0, num_batch: 4
[2026-10-10 07:44:49,568][agent.finetune.train_ppo_diffusion_agent][INFO] - approx_kl: 0.0, update_epoch: 1, num_batch: 4
[2026-10-10 07:44:51,331][agent.finetune.train_ppo_diffusion_agent][INFO] - approx_kl: 0.0, update_epoch: 1, num_batch: 4
[2026-10-10 07:44:53,141][agent.finetune.train_ppo_diffusion_agent][INFO] - approx_kl: 0.0, update_epoch: 1, num_batch: 4
[2026-10-10 07:44:55,040][agent.finetune.train_ppo_diffusion_agent][INFO] - approx_kl: 0.0, update_epoch: 1, num_batch: 4
[2026-10-10 07:44:56,659][agent.finetune.train_ppo_diffusion_agent][INFO] - approx_kl: 0.0, update_epoch: 2, num_batch: 4
[2026-10-10 07:44:58,417][agent.finetune.train_ppo_diffusion_agent][INFO] - approx_kl: 0.0, update_epoch: 2, num_batch: 4
[2026-10-10 07:45:00,145][agent.finetune.train_ppo_diffusion_agent][INFO] - approx_kl: 0.0, update_epoch: 2, num_batch: 4
[2026-10-10 07:45:02,020][agent.finetune.train_ppo_diffusion_agent][INFO] - approx_kl: 0.0, update_epoch: 2, num_batch: 4
[2026-10-10 07:45:03,631][agent.finetune.train_ppo_diffusion_agent][INFO] - approx_kl: 0.0, update_epoch: 3, num_batch: 4
[2026-10-10 07:45:05,402][agent.finetune.train_ppo_diffusion_agent][INFO] - approx_kl: 0.0, update_epoch: 3, num_batch: 4
[2026-10-10 07:45:07,172][agent.finetune.train_ppo_diffusion_agent][INFO] - approx_kl: 0.0, update_epoch: 3, num_batch: 4
[2026-10-10 07:45:09,073][agent.finetune.train_ppo_diffusion_agent][INFO] - approx_kl: 0.0, update_epoch: 3, num_batch: 4
[2026-10-10 07:45:10,709][agent.finetune.train_ppo_diffusion_agent][INFO] - approx_kl: 0.0, update_epoch: 4, num_batch: 4
[2026-10-10 07:45:12,485][agent.finetune.train_ppo_diffusion_agent][INFO] - approx_kl: 0.0, update_epoch: 4, num_batch: 4
[2026-10-10 07:45:14,238][agent.finetune.train_ppo_diffusion_agent][INFO] - approx_kl: 0.0, update_epoch: 4, num_batch: 4
[2026-10-10 07:45:16,131][agent.finetune.train_ppo_diffusion_agent][INFO] - approx_kl: 0.0, update_epoch: 4, num_batch: 4
[2026-10-10 07:45:23,233][agent.finetune.train_ppo_diffusion_agent][INFO] - 107: step  7760000 | loss   1.2864 | pg loss   1.2335 | value loss   0.1059 | bc loss   0.0000 | reward 3941.5835 | eta   1.0000 | t: 55.5418 | kl_true_per_action=0.0006803543974676708 | logratio_p99=0.04167878508567795 | clamp_hit_frac=0.0007854166666666667 | actor_step_ratio=1.0 | actor_step_clipfrac=0.0
[2026-10-10 07:45:23,234][agent.finetune.stage3_support][INFO] - STAGE3_METRICS {"J_disc_train": 1411.5757806013632, "J_disc_train_se": 24.381737551490076, "action_oor_frac": 0.1486625, "adv_raw_mean": -2.1555024432018398e-14, "adv_raw_std": 271.74133685115305, "diagnostics_seconds": 0.13065778696909547, "episode_count": 80, "explained_var": 0.5545867681503296, "explained_var_reason": null, "grad_cos_prev": 0.017132770851829474, "grad_cos_prev_reason": null, "grad_norm": 23.785635544541933, "policy_action_oor_frac": 0.14869583333333333, "proj_active": false, "reward_clip_frac": 0.0, "rollout_seconds": 12.878405375988223, "split_diff_sq": 2309.0608623560465, "split_dot": -11.508762781861076, "theta_dist": 0.026217906200149292, "theta_dist_preproj": 0.026217906200149292, "update_norm": 0.0028797916923788106, "update_seconds": 42.528198384912685, "x0_sat_frac_last": 0.03822669418644651, "x0_sat_frac_mean": 0.06525847924643156}
Processed step 0 of 500
Processed step 10 of 500
Processed step 20 of 500
Processed step 30 of 500
Processed step 40 of 500
Processed step 50 of 500
Processed step 60 of 500
Processed step 70 of 500
Processed step 80 of 500
Processed step 90 of 500
Processed step 100 of 500
Processed step 110 of 500
Processed step 120 of 500
Processed step 130 of 500
Processed step 140 of 500
Processed step 150 of 500
Processed step 160 of 500
Processed step 170 of 500
Processed step 180 of 500
Processed step 190 of 500
Processed step 200 of 500
Processed step 210 of 500
Processed step 220 of 500
Processed step 230 of 500
Processed step 240 of 500
Processed step 250 of 500
Processed step 260 of 500
Processed step 270 of 500
Processed step 280 of 500
Processed step 290 of 500
Processed step 300 of 500
Processed step 310 of 500
Processed step 320 of 500
Processed step 330 of 500
Processed step 340 of 500
Processed step 350 of 500
Processed step 360 of 500
Processed step 370 of 500
Processed step 380 of 500
Processed step 390 of 500
Processed step 400 of 500
Processed step 410 of 500
Processed step 420 of 500
Processed step 430 of 500
Processed step 440 of 500
Processed step 450 of 500
Processed step 460 of 500
Processed step 470 of 500
Processed step 480 of 500
Processed step 490 of 500
[2026-10-10 07:45:38,173][agent.finetune.train_ppo_diffusion_agent][INFO] - approx_kl: 0.0, update_epoch: 0, num_batch: 4
[2026-10-10 07:45:39,957][agent.finetune.train_ppo_diffusion_agent][INFO] - approx_kl: 0.0, update_epoch: 0, num_batch: 4
[2026-10-10 07:45:41,731][agent.finetune.train_ppo_diffusion_agent][INFO] - approx_kl: 0.0, update_epoch: 0, num_batch: 4
[2026-10-10 07:45:43,633][agent.finetune.train_ppo_diffusion_agent][INFO] - approx_kl: 0.0, update_epoch: 0, num_batch: 4
[2026-10-10 07:45:45,276][agent.finetune.train_ppo_diffusion_agent][INFO] - approx_kl: 0.0, update_epoch: 1, num_batch: 4
[2026-10-10 07:45:47,074][agent.finetune.train_ppo_diffusion_agent][INFO] - approx_kl: 0.0, update_epoch: 1, num_batch: 4
[2026-10-10 07:45:48,868][agent.finetune.train_ppo_diffusion_agent][INFO] - approx_kl: 0.0, update_epoch: 1, num_batch: 4
[2026-10-10 07:45:50,781][agent.finetune.train_ppo_diffusion_agent][INFO] - approx_kl: 0.0, update_epoch: 1, num_batch: 4
[2026-10-10 07:45:52,437][agent.finetune.train_ppo_diffusion_agent][INFO] - approx_kl: 0.0, update_epoch: 2, num_batch: 4
[2026-10-10 07:45:54,215][agent.finetune.train_ppo_diffusion_agent][INFO] - approx_kl: 0.0, update_epoch: 2, num_batch: 4
[2026-10-10 07:45:55,966][agent.finetune.train_ppo_diffusion_agent][INFO] - approx_kl: 0.0, update_epoch: 2, num_batch: 4
[2026-10-10 07:45:57,874][agent.finetune.train_ppo_diffusion_agent][INFO] - approx_kl: 0.0, update_epoch: 2, num_batch: 4
[2026-10-10 07:45:59,503][agent.finetune.train_ppo_diffusion_agent][INFO] - approx_kl: 0.0, update_epoch: 3, num_batch: 4
[2026-10-10 07:46:01,271][agent.finetune.train_ppo_diffusion_agent][INFO] - approx_kl: 0.0, update_epoch: 3, num_batch: 4
[2026-10-10 07:46:03,022][agent.finetune.train_ppo_diffusion_agent][INFO] - approx_kl: 0.0, update_epoch: 3, num_batch: 4
[2026-10-10 07:46:04,918][agent.finetune.train_ppo_diffusion_agent][INFO] - approx_kl: 0.0, update_epoch: 3, num_batch: 4
[2026-10-10 07:46:06,566][agent.finetune.train_ppo_diffusion_agent][INFO] - approx_kl: 0.0, update_epoch: 4, num_batch: 4
[2026-10-10 07:46:08,343][agent.finetune.train_ppo_diffusion_agent][INFO] - approx_kl: 0.0, update_epoch: 4, num_batch: 4
[2026-10-10 07:46:10,117][agent.finetune.train_ppo_diffusion_agent][INFO] - approx_kl: 0.0, update_epoch: 4, num_batch: 4
[2026-10-10 07:46:12,020][agent.finetune.train_ppo_diffusion_agent][INFO] - approx_kl: 0.0, update_epoch: 4, num_batch: 4
[2026-10-10 07:46:19,050][agent.finetune.train_ppo_diffusion_agent][INFO] - 108: step  7840000 | loss   0.0378 | pg loss  -0.0151 | value loss   0.1059 | bc loss   0.0000 | reward 4003.1543 | eta   1.0000 | t: 55.8166 | kl_true_per_action=0.0001884463555531594 | logratio_p99=0.017669730186462396 | clamp_hit_frac=0.0007916666666666666 | actor_step_ratio=1.0 | actor_step_clipfrac=0.0
[2026-10-10 07:46:19,050][agent.finetune.stage3_support][INFO] - STAGE3_METRICS {"J_disc_train": 1418.6161830853816, "J_disc_train_se": 20.775144707778317, "action_oor_frac": 0.14890625, "adv_raw_mean": -3.092281986027956e-15, "adv_raw_std": 231.3731808641644, "diagnostics_seconds": 0.12352875201031566, "episode_count": 80, "explained_var": 0.4465970993041992, "explained_var_reason": null, "grad_cos_prev": -0.04413860680602819, "grad_cos_prev_reason": null, "grad_norm": 19.092489647524342, "policy_action_oor_frac": 0.148925, "proj_active": false, "reward_clip_frac": 0.0, "rollout_seconds": 13.103523519006558, "split_diff_sq": 1451.7808837653213, "split_dot": 1.5779558259952946, "theta_dist": 0.026336452775714777, "theta_dist_preproj": 0.026336452775714777, "update_norm": 0.002311581806470601, "update_seconds": 42.5843967969995, "x0_sat_frac_last": 0.03924343798250128, "x0_sat_frac_mean": 0.06665866920881984}
Processed step 0 of 500
Processed step 10 of 500
Processed step 20 of 500
Processed step 30 of 500
Processed step 40 of 500
Processed step 50 of 500
Processed step 60 of 500
Processed step 70 of 500
Processed step 80 of 500
Processed step 90 of 500
Processed step 100 of 500
Processed step 110 of 500
Processed step 120 of 500
Processed step 130 of 500
Processed step 140 of 500
Processed step 150 of 500
Processed step 160 of 500
Processed step 170 of 500
Processed step 180 of 500
Processed step 190 of 500
Processed step 200 of 500
Processed step 210 of 500
Processed step 220 of 500
Processed step 230 of 500
Processed step 240 of 500
Processed step 250 of 500
Processed step 260 of 500
Processed step 270 of 500
Processed step 280 of 500
Processed step 290 of 500
Processed step 300 of 500
Processed step 310 of 500
Processed step 320 of 500
Processed step 330 of 500
Processed step 340 of 500
Processed step 350 of 500
Processed step 360 of 500
Processed step 370 of 500
Processed step 380 of 500
Processed step 390 of 500
Processed step 400 of 500
Processed step 410 of 500
Processed step 420 of 500
Processed step 430 of 500
Processed step 440 of 500
Processed step 450 of 500
Processed step 460 of 500
Processed step 470 of 500
Processed step 480 of 500
Processed step 490 of 500
[2026-10-10 07:46:34,181][agent.finetune.train_ppo_diffusion_agent][INFO] - approx_kl: 0.0, update_epoch: 0, num_batch: 4
[2026-10-10 07:46:36,097][agent.finetune.train_ppo_diffusion_agent][INFO] - approx_kl: 0.0, update_epoch: 0, num_batch: 4
[2026-10-10 07:46:37,932][agent.finetune.train_ppo_diffusion_agent][INFO] - approx_kl: 0.0, update_epoch: 0, num_batch: 4
[2026-10-10 07:46:39,868][agent.finetune.train_ppo_diffusion_agent][INFO] - approx_kl: 0.0, update_epoch: 0, num_batch: 4
[2026-10-10 07:46:41,602][agent.finetune.train_ppo_diffusion_agent][INFO] - approx_kl: 0.0, update_epoch: 1, num_batch: 4
[2026-10-10 07:46:43,479][agent.finetune.train_ppo_diffusion_agent][INFO] - approx_kl: 0.0, update_epoch: 1, num_batch: 4
[2026-10-10 07:46:45,377][agent.finetune.train_ppo_diffusion_agent][INFO] - approx_kl: 0.0, update_epoch: 1, num_batch: 4
[2026-10-10 07:46:47,309][agent.finetune.train_ppo_diffusion_agent][INFO] - approx_kl: 0.0, update_epoch: 1, num_batch: 4
[2026-10-10 07:46:49,015][agent.finetune.train_ppo_diffusion_agent][INFO] - approx_kl: 0.0, update_epoch: 2, num_batch: 4
[2026-10-10 07:46:50,830][agent.finetune.train_ppo_diffusion_agent][INFO] - approx_kl: 0.0, update_epoch: 2, num_batch: 4
[2026-10-10 07:46:52,666][agent.finetune.train_ppo_diffusion_agent][INFO] - approx_kl: 0.0, update_epoch: 2, num_batch: 4
[2026-10-10 07:46:54,629][agent.finetune.train_ppo_diffusion_agent][INFO] - approx_kl: 0.0, update_epoch: 2, num_batch: 4
[2026-10-10 07:46:56,389][agent.finetune.train_ppo_diffusion_agent][INFO] - approx_kl: 0.0, update_epoch: 3, num_batch: 4
[2026-10-10 07:46:58,223][agent.finetune.train_ppo_diffusion_agent][INFO] - approx_kl: 0.0, update_epoch: 3, num_batch: 4
[2026-10-10 07:47:00,048][agent.finetune.train_ppo_diffusion_agent][INFO] - approx_kl: 0.0, update_epoch: 3, num_batch: 4
[2026-10-10 07:47:01,927][agent.finetune.train_ppo_diffusion_agent][INFO] - approx_kl: 0.0, update_epoch: 3, num_batch: 4
[2026-10-10 07:47:03,628][agent.finetune.train_ppo_diffusion_agent][INFO] - approx_kl: 0.0, update_epoch: 4, num_batch: 4
[2026-10-10 07:47:05,423][agent.finetune.train_ppo_diffusion_agent][INFO] - approx_kl: 0.0, update_epoch: 4, num_batch: 4
[2026-10-10 07:47:07,250][agent.finetune.train_ppo_diffusion_agent][INFO] - approx_kl: 0.0, update_epoch: 4, num_batch: 4
[2026-10-10 07:47:09,208][agent.finetune.train_ppo_diffusion_agent][INFO] - approx_kl: 0.0, update_epoch: 4, num_batch: 4
[2026-10-10 07:47:16,566][agent.finetune.train_ppo_diffusion_agent][INFO] - 109: step  7920000 | loss   0.0873 | pg loss   0.0330 | value loss   0.1085 | bc loss   0.0000 | reward 4032.7271 | eta   1.0000 | t: 57.5156 | kl_true_per_action=0.0002125804616946551 | logratio_p99=0.019393080472946092 | clamp_hit_frac=0.000775 | actor_step_ratio=1.0 | actor_step_clipfrac=0.0
[2026-10-10 07:47:16,566][agent.finetune.stage3_support][INFO] - STAGE3_METRICS {"J_disc_train": 1427.305531416939, "J_disc_train_se": 21.504110857198185, "action_oor_frac": 0.14944166666666667, "adv_raw_mean": -6.548361852765083e-15, "adv_raw_std": 204.326203135189, "diagnostics_seconds": 0.12455831200350076, "episode_count": 80, "explained_var": 0.35045379400253296, "explained_var_reason": null, "grad_cos_prev": 0.02213309311625747, "grad_cos_prev_reason": null, "grad_norm": 19.01530406112508, "policy_action_oor_frac": 0.14945833333333333, "proj_active": false, "reward_clip_frac": 0.0, "rollout_seconds": 13.043495713965967, "split_diff_sq": 1304.9268972450664, "split_dot": 35.35005280514506, "theta_dist": 0.02640054453169145, "theta_dist_preproj": 0.02640054453169145, "update_norm": 0.0023022324267076935, "update_seconds": 44.34274942695629, "x0_sat_frac_last": 0.03900445765230312, "x0_sat_frac_mean": 0.06690154461380392}
Processed step 0 of 500
Processed step 10 of 500
Processed step 20 of 500
Processed step 30 of 500
Processed step 40 of 500
Processed step 50 of 500
Processed step 60 of 500
Processed step 70 of 500
Processed step 80 of 500
Processed step 90 of 500
Processed step 100 of 500
Processed step 110 of 500
Processed step 120 of 500
Processed step 130 of 500
Processed step 140 of 500
Processed step 150 of 500
Processed step 160 of 500
Processed step 170 of 500
Processed step 180 of 500
Processed step 190 of 500
Processed step 200 of 500
Processed step 210 of 500
Processed step 220 of 500
Processed step 230 of 500
Processed step 240 of 500
Processed step 250 of 500
Processed step 260 of 500
Processed step 270 of 500
Processed step 280 of 500
Processed step 290 of 500
Processed step 300 of 500
Processed step 310 of 500
Processed step 320 of 500
Processed step 330 of 500
Processed step 340 of 500
Processed step 350 of 500
Processed step 360 of 500
Processed step 370 of 500
Processed step 380 of 500
Processed step 390 of 500
Processed step 400 of 500
Processed step 410 of 500
Processed step 420 of 500
Processed step 430 of 500
Processed step 440 of 500
Processed step 450 of 500
Processed step 460 of 500
Processed step 470 of 500
Processed step 480 of 500
Processed step 490 of 500
[2026-10-10 07:47:29,563][agent.finetune.train_ppo_diffusion_agent][INFO] - eval: success rate   0.9875 | avg episode reward 4356.0634 | avg best reward   6.4547
[2026-10-10 07:47:29,564][agent.finetune.stage3_support][INFO] - STAGE3_METRICS {"J_disc_eval": 1530.705255608681, "J_disc_eval_se": 24.48874974361817, "action_oor_frac": 0.0, "diagnostics_seconds": 0.008676560944877565, "episode_count": 80, "policy_action_oor_frac": 0.0, "rollout_seconds": 12.984253749949858, "update_seconds": 0.0}
Processed step 0 of 500
Processed step 10 of 500
Processed step 20 of 500
Processed step 30 of 500
Processed step 40 of 500
Processed step 50 of 500
Processed step 60 of 500
Processed step 70 of 500
Processed step 80 of 500
Processed step 90 of 500
Processed step 100 of 500
Processed step 110 of 500
Processed step 120 of 500
Processed step 130 of 500
Processed step 140 of 500
Processed step 150 of 500
Processed step 160 of 500
Processed step 170 of 500
Processed step 180 of 500
Processed step 190 of 500
Processed step 200 of 500
Processed step 210 of 500
Processed step 220 of 500
Processed step 230 of 500
Processed step 240 of 500
Processed step 250 of 500
Processed step 260 of 500
Processed step 270 of 500
Processed step 280 of 500
Processed step 290 of 500
Processed step 300 of 500
Processed step 310 of 500
Processed step 320 of 500
Processed step 330 of 500
Processed step 340 of 500
Processed step 350 of 500
Processed step 360 of 500
Processed step 370 of 500
Processed step 380 of 500
Processed step 390 of 500
Processed step 400 of 500
Processed step 410 of 500
Processed step 420 of 500
Processed step 430 of 500
Processed step 440 of 500
Processed step 450 of 500
Processed step 460 of 500
Processed step 470 of 500
Processed step 480 of 500
Processed step 490 of 500
[2026-10-10 07:47:44,690][agent.finetune.train_ppo_diffusion_agent][INFO] - approx_kl: 0.0, update_epoch: 0, num_batch: 4
[2026-10-10 07:47:46,559][agent.finetune.train_ppo_diffusion_agent][INFO] - approx_kl: 0.0, update_epoch: 0, num_batch: 4
[2026-10-10 07:47:48,404][agent.finetune.train_ppo_diffusion_agent][INFO] - approx_kl: 0.0, update_epoch: 0, num_batch: 4
[2026-10-10 07:47:50,334][agent.finetune.train_ppo_diffusion_agent][INFO] - approx_kl: 0.0, update_epoch: 0, num_batch: 4
[2026-10-10 07:47:52,085][agent.finetune.train_ppo_diffusion_agent][INFO] - approx_kl: 0.0, update_epoch: 1, num_batch: 4
[2026-10-10 07:47:53,955][agent.finetune.train_ppo_diffusion_agent][INFO] - approx_kl: 0.0, update_epoch: 1, num_batch: 4
[2026-10-10 07:47:55,807][agent.finetune.train_ppo_diffusion_agent][INFO] - approx_kl: 0.0, update_epoch: 1, num_batch: 4
[2026-10-10 07:47:57,737][agent.finetune.train_ppo_diffusion_agent][INFO] - approx_kl: 0.0, update_epoch: 1, num_batch: 4
[2026-10-10 07:47:59,450][agent.finetune.train_ppo_diffusion_agent][INFO] - approx_kl: 0.0, update_epoch: 2, num_batch: 4
[2026-10-10 07:48:01,247][agent.finetune.train_ppo_diffusion_agent][INFO] - approx_kl: 0.0, update_epoch: 2, num_batch: 4
[2026-10-10 07:48:03,048][agent.finetune.train_ppo_diffusion_agent][INFO] - approx_kl: 0.0, update_epoch: 2, num_batch: 4
[2026-10-10 07:48:05,012][agent.finetune.train_ppo_diffusion_agent][INFO] - approx_kl: 0.0, update_epoch: 2, num_batch: 4
[2026-10-10 07:48:06,787][agent.finetune.train_ppo_diffusion_agent][INFO] - approx_kl: 0.0, update_epoch: 3, num_batch: 4
[2026-10-10 07:48:08,623][agent.finetune.train_ppo_diffusion_agent][INFO] - approx_kl: 0.0, update_epoch: 3, num_batch: 4
[2026-10-10 07:48:10,461][agent.finetune.train_ppo_diffusion_agent][INFO] - approx_kl: 0.0, update_epoch: 3, num_batch: 4
[2026-10-10 07:48:12,420][agent.finetune.train_ppo_diffusion_agent][INFO] - approx_kl: 0.0, update_epoch: 3, num_batch: 4
[2026-10-10 07:48:14,156][agent.finetune.train_ppo_diffusion_agent][INFO] - approx_kl: 0.0, update_epoch: 4, num_batch: 4
[2026-10-10 07:48:15,995][agent.finetune.train_ppo_diffusion_agent][INFO] - approx_kl: 0.0, update_epoch: 4, num_batch: 4
[2026-10-10 07:48:17,807][agent.finetune.train_ppo_diffusion_agent][INFO] - approx_kl: 0.0, update_epoch: 4, num_batch: 4
[2026-10-10 07:48:19,770][agent.finetune.train_ppo_diffusion_agent][INFO] - approx_kl: 0.0, update_epoch: 4, num_batch: 4
[2026-10-10 07:48:27,183][agent.finetune.train_ppo_diffusion_agent][INFO] - 111: step  8000000 | loss   1.1497 | pg loss   1.0955 | value loss   0.1085 | bc loss   0.0000 | reward 3865.7819 | eta   1.0000 | t: 57.6199 | kl_true_per_action=0.00047997301371252956 | logratio_p99=0.03180276989936827 | clamp_hit_frac=0.0007333333333333333 | actor_step_ratio=1.0 | actor_step_clipfrac=0.0
[2026-10-10 07:48:27,183][agent.finetune.stage3_support][INFO] - STAGE3_METRICS {"J_disc_train": 1391.4414690101914, "J_disc_train_se": 26.294098812722986, "action_oor_frac": 0.14629791666666667, "adv_raw_mean": -2.7648638933897018e-14, "adv_raw_std": 285.20833281823343, "diagnostics_seconds": 0.12330729397945106, "episode_count": 80, "explained_var": 0.5821566879749298, "explained_var_reason": null, "grad_cos_prev": 0.07212396808425009, "grad_cos_prev_reason": null, "grad_norm": 25.216035298932805, "policy_action_oor_frac": 0.14632083333333334, "proj_active": false, "reward_clip_frac": 0.0, "rollout_seconds": 13.160249703098089, "split_diff_sq": 2906.7382367914897, "split_dot": -90.8361093362703, "theta_dist": 0.02683226848035227, "theta_dist_preproj": 0.02683226848035227, "update_norm": 0.0030529694777392366, "update_seconds": 44.3313657148974, "x0_sat_frac_last": 0.03879022844755711, "x0_sat_frac_mean": 0.06474841430285519}
Processed step 0 of 500
Processed step 10 of 500
Processed step 20 of 500
Processed step 30 of 500
Processed step 40 of 500
Processed step 50 of 500
Processed step 60 of 500
Processed step 70 of 500
Processed step 80 of 500
Processed step 90 of 500
Processed step 100 of 500
Processed step 110 of 500
Processed step 120 of 500
Processed step 130 of 500
Processed step 140 of 500
Processed step 150 of 500
Processed step 160 of 500
Processed step 170 of 500
Processed step 180 of 500
Processed step 190 of 500
Processed step 200 of 500
Processed step 210 of 500
Processed step 220 of 500
Processed step 230 of 500
Processed step 240 of 500
Processed step 250 of 500
Processed step 260 of 500
Processed step 270 of 500
Processed step 280 of 500
Processed step 290 of 500
Processed step 300 of 500
Processed step 310 of 500
Processed step 320 of 500
Processed step 330 of 500
Processed step 340 of 500
Processed step 350 of 500
Processed step 360 of 500
Processed step 370 of 500
Processed step 380 of 500
Processed step 390 of 500
Processed step 400 of 500
Processed step 410 of 500
Processed step 420 of 500
Processed step 430 of 500
Processed step 440 of 500
Processed step 450 of 500
Processed step 460 of 500
Processed step 470 of 500
Processed step 480 of 500
Processed step 490 of 500
[2026-10-10 07:48:42,128][agent.finetune.train_ppo_diffusion_agent][INFO] - approx_kl: 0.0, update_epoch: 0, num_batch: 4
[2026-10-10 07:48:43,974][agent.finetune.train_ppo_diffusion_agent][INFO] - approx_kl: 0.0, update_epoch: 0, num_batch: 4
[2026-10-10 07:48:45,876][agent.finetune.train_ppo_diffusion_agent][INFO] - approx_kl: 0.0, update_epoch: 0, num_batch: 4
[2026-10-10 07:48:47,494][agent.finetune.train_ppo_diffusion_agent][INFO] - approx_kl: 0.0, update_epoch: 0, num_batch: 4
[2026-10-10 07:48:49,255][agent.finetune.train_ppo_diffusion_agent][INFO] - approx_kl: 0.0, update_epoch: 1, num_batch: 4
[2026-10-10 07:48:51,049][agent.finetune.train_ppo_diffusion_agent][INFO] - approx_kl: 0.0, update_epoch: 1, num_batch: 4
[2026-10-10 07:48:53,003][agent.finetune.train_ppo_diffusion_agent][INFO] - approx_kl: 0.0, update_epoch: 1, num_batch: 4
[2026-10-10 07:48:54,638][agent.finetune.train_ppo_diffusion_agent][INFO] - approx_kl: 0.0, update_epoch: 1, num_batch: 4
[2026-10-10 07:48:56,382][agent.finetune.train_ppo_diffusion_agent][INFO] - approx_kl: 0.0, update_epoch: 2, num_batch: 4
[2026-10-10 07:48:58,146][agent.finetune.train_ppo_diffusion_agent][INFO] - approx_kl: 0.0, update_epoch: 2, num_batch: 4
[2026-10-10 07:49:00,032][agent.finetune.train_ppo_diffusion_agent][INFO] - approx_kl: 0.0, update_epoch: 2, num_batch: 4
[2026-10-10 07:49:01,694][agent.finetune.train_ppo_diffusion_agent][INFO] - approx_kl: 0.0, update_epoch: 2, num_batch: 4
[2026-10-10 07:49:03,531][agent.finetune.train_ppo_diffusion_agent][INFO] - approx_kl: 0.0, update_epoch: 3, num_batch: 4
[2026-10-10 07:49:05,290][agent.finetune.train_ppo_diffusion_agent][INFO] - approx_kl: 0.0, update_epoch: 3, num_batch: 4
[2026-10-10 07:49:07,198][agent.finetune.train_ppo_diffusion_agent][INFO] - approx_kl: 0.0, update_epoch: 3, num_batch: 4
[2026-10-10 07:49:08,832][agent.finetune.train_ppo_diffusion_agent][INFO] - approx_kl: 0.0, update_epoch: 3, num_batch: 4
[2026-10-10 07:49:10,603][agent.finetune.train_ppo_diffusion_agent][INFO] - approx_kl: 0.0, update_epoch: 4, num_batch: 4
[2026-10-10 07:49:12,363][agent.finetune.train_ppo_diffusion_agent][INFO] - approx_kl: 0.0, update_epoch: 4, num_batch: 4
[2026-10-10 07:49:14,280][agent.finetune.train_ppo_diffusion_agent][INFO] - approx_kl: 0.0, update_epoch: 4, num_batch: 4
[2026-10-10 07:49:15,920][agent.finetune.train_ppo_diffusion_agent][INFO] - approx_kl: 0.0, update_epoch: 4, num_batch: 4
[2026-10-10 07:49:23,050][agent.finetune.train_ppo_diffusion_agent][INFO] - 112: step  8080000 | loss   1.5021 | pg loss   1.4491 | value loss   0.1061 | bc loss   0.0000 | reward 3981.8712 | eta   1.0000 | t: 55.8669 | kl_true_per_action=0.0003693468316134178 | logratio_p99=0.027193695902824302 | clamp_hit_frac=0.000825 | actor_step_ratio=1.0 | actor_step_clipfrac=0.0
[2026-10-10 07:49:23,050][agent.finetune.stage3_support][INFO] - STAGE3_METRICS {"J_disc_train": 1407.1608923641838, "J_disc_train_se": 23.99010308094212, "action_oor_frac": 0.14887708333333333, "adv_raw_mean": 3.055902197957039e-14, "adv_raw_std": 264.98092813228624, "diagnostics_seconds": 0.12577153788879514, "episode_count": 80, "explained_var": 0.5060684978961945, "explained_var_reason": null, "grad_cos_prev": 0.02790160836627108, "grad_cos_prev_reason": null, "grad_norm": 22.323871735444513, "policy_action_oor_frac": 0.14890208333333332, "proj_active": false, "reward_clip_frac": 0.0, "rollout_seconds": 12.97783296497073, "split_diff_sq": 1993.717068433948, "split_dot": -0.07399333790903029, "theta_dist": 0.027069395579932928, "theta_dist_preproj": 0.027069395579932928, "update_norm": 0.0027028111658159632, "update_seconds": 42.758892636047676, "x0_sat_frac_last": 0.040863006923837784, "x0_sat_frac_mean": 0.06574118291638534}
Processed step 0 of 500
Processed step 10 of 500
Processed step 20 of 500
Processed step 30 of 500
Processed step 40 of 500
Processed step 50 of 500
Processed step 60 of 500
Processed step 70 of 500
Processed step 80 of 500
Processed step 90 of 500
Processed step 100 of 500
Processed step 110 of 500
Processed step 120 of 500
Processed step 130 of 500
Processed step 140 of 500
Processed step 150 of 500
Processed step 160 of 500
Processed step 170 of 500
Processed step 180 of 500
Processed step 190 of 500
Processed step 200 of 500
Processed step 210 of 500
Processed step 220 of 500
Processed step 230 of 500
Processed step 240 of 500
Processed step 250 of 500
Processed step 260 of 500
Processed step 270 of 500
Processed step 280 of 500
Processed step 290 of 500
Processed step 300 of 500
Processed step 310 of 500
Processed step 320 of 500
Processed step 330 of 500
Processed step 340 of 500
Processed step 350 of 500
Processed step 360 of 500
Processed step 370 of 500
Processed step 380 of 500
Processed step 390 of 500
Processed step 400 of 500
Processed step 410 of 500
Processed step 420 of 500
Processed step 430 of 500
Processed step 440 of 500
Processed step 450 of 500
Processed step 460 of 500
Processed step 470 of 500
Processed step 480 of 500
Processed step 490 of 500
[2026-10-10 07:49:38,255][agent.finetune.train_ppo_diffusion_agent][INFO] - approx_kl: 0.0, update_epoch: 0, num_batch: 4
[2026-10-10 07:49:40,025][agent.finetune.train_ppo_diffusion_agent][INFO] - approx_kl: 0.0, update_epoch: 0, num_batch: 4
[2026-10-10 07:49:41,955][agent.finetune.train_ppo_diffusion_agent][INFO] - approx_kl: 0.0, update_epoch: 0, num_batch: 4
[2026-10-10 07:49:43,593][agent.finetune.train_ppo_diffusion_agent][INFO] - approx_kl: 0.0, update_epoch: 0, num_batch: 4
[2026-10-10 07:49:45,359][agent.finetune.train_ppo_diffusion_agent][INFO] - approx_kl: 0.0, update_epoch: 1, num_batch: 4
[2026-10-10 07:49:47,139][agent.finetune.train_ppo_diffusion_agent][INFO] - approx_kl: 0.0, update_epoch: 1, num_batch: 4
[2026-10-10 07:49:49,068][agent.finetune.train_ppo_diffusion_agent][INFO] - approx_kl: 0.0, update_epoch: 1, num_batch: 4
[2026-10-10 07:49:50,700][agent.finetune.train_ppo_diffusion_agent][INFO] - approx_kl: 0.0, update_epoch: 1, num_batch: 4
[2026-10-10 07:49:52,461][agent.finetune.train_ppo_diffusion_agent][INFO] - approx_kl: 0.0, update_epoch: 2, num_batch: 4
[2026-10-10 07:49:54,225][agent.finetune.train_ppo_diffusion_agent][INFO] - approx_kl: 0.0, update_epoch: 2, num_batch: 4
[2026-10-10 07:49:56,154][agent.finetune.train_ppo_diffusion_agent][INFO] - approx_kl: 0.0, update_epoch: 2, num_batch: 4
[2026-10-10 07:49:57,802][agent.finetune.train_ppo_diffusion_agent][INFO] - approx_kl: 0.0, update_epoch: 2, num_batch: 4
[2026-10-10 07:49:59,620][agent.finetune.train_ppo_diffusion_agent][INFO] - approx_kl: 0.0, update_epoch: 3, num_batch: 4
[2026-10-10 07:50:01,392][agent.finetune.train_ppo_diffusion_agent][INFO] - approx_kl: 0.0, update_epoch: 3, num_batch: 4
[2026-10-10 07:50:03,295][agent.finetune.train_ppo_diffusion_agent][INFO] - approx_kl: 0.0, update_epoch: 3, num_batch: 4
[2026-10-10 07:50:04,930][agent.finetune.train_ppo_diffusion_agent][INFO] - approx_kl: 0.0, update_epoch: 3, num_batch: 4
[2026-10-10 07:50:06,691][agent.finetune.train_ppo_diffusion_agent][INFO] - approx_kl: 0.0, update_epoch: 4, num_batch: 4
[2026-10-10 07:50:08,459][agent.finetune.train_ppo_diffusion_agent][INFO] - approx_kl: 0.0, update_epoch: 4, num_batch: 4
[2026-10-10 07:50:10,378][agent.finetune.train_ppo_diffusion_agent][INFO] - approx_kl: 0.0, update_epoch: 4, num_batch: 4
[2026-10-10 07:50:12,025][agent.finetune.train_ppo_diffusion_agent][INFO] - approx_kl: 0.0, update_epoch: 4, num_batch: 4
[2026-10-10 07:50:19,155][agent.finetune.train_ppo_diffusion_agent][INFO] - 113: step  8160000 | loss  -0.0035 | pg loss  -0.0580 | value loss   0.1091 | bc loss   0.0000 | reward 4014.2204 | eta   1.0000 | t: 56.1047 | kl_true_per_action=0.00017417583918352456 | logratio_p99=0.017353672385215756 | clamp_hit_frac=0.0007541666666666667 | actor_step_ratio=1.0 | actor_step_clipfrac=0.0
[2026-10-10 07:50:19,155][agent.finetune.stage3_support][INFO] - STAGE3_METRICS {"J_disc_train": 1418.8437748702468, "J_disc_train_se": 19.004814677479242, "action_oor_frac": 0.15065625, "adv_raw_mean": 3.551576810423285e-14, "adv_raw_std": 199.23767813489914, "diagnostics_seconds": 0.11989756382536143, "episode_count": 80, "explained_var": 0.3300320506095886, "explained_var_reason": null, "grad_cos_prev": -0.0675627651624318, "grad_cos_prev_reason": null, "grad_norm": 17.480245387011497, "policy_action_oor_frac": 0.15069583333333333, "proj_active": false, "reward_clip_frac": 0.0, "rollout_seconds": 13.078727775951847, "split_diff_sq": 1158.4647070601459, "split_dot": 15.942821745109415, "theta_dist": 0.027125054966744753, "theta_dist_preproj": 0.027125054966744753, "update_norm": 0.002116382009522026, "update_seconds": 42.800761257181875, "x0_sat_frac_last": 0.04172885572139304, "x0_sat_frac_mean": 0.0681032240888028}
Processed step 0 of 500
Processed step 10 of 500
Processed step 20 of 500
Processed step 30 of 500
Processed step 40 of 500
Processed step 50 of 500
Processed step 60 of 500
Processed step 70 of 500
Processed step 80 of 500
Processed step 90 of 500
Processed step 100 of 500
Processed step 110 of 500
Processed step 120 of 500
Processed step 130 of 500
Processed step 140 of 500
Processed step 150 of 500
Processed step 160 of 500
Processed step 170 of 500
Processed step 180 of 500
Processed step 190 of 500
Processed step 200 of 500
Processed step 210 of 500
Processed step 220 of 500
Processed step 230 of 500
Processed step 240 of 500
Processed step 250 of 500
Processed step 260 of 500
Processed step 270 of 500
Processed step 280 of 500
Processed step 290 of 500
Processed step 300 of 500
Processed step 310 of 500
Processed step 320 of 500
Processed step 330 of 500
Processed step 340 of 500
Processed step 350 of 500
Processed step 360 of 500
Processed step 370 of 500
Processed step 380 of 500
Processed step 390 of 500
Processed step 400 of 500
Processed step 410 of 500
Processed step 420 of 500
Processed step 430 of 500
Processed step 440 of 500
Processed step 450 of 500
Processed step 460 of 500
Processed step 470 of 500
Processed step 480 of 500
Processed step 490 of 500
[2026-10-10 07:50:34,014][agent.finetune.train_ppo_diffusion_agent][INFO] - approx_kl: 0.0, update_epoch: 0, num_batch: 4
[2026-10-10 07:50:35,762][agent.finetune.train_ppo_diffusion_agent][INFO] - approx_kl: 0.0, update_epoch: 0, num_batch: 4
[2026-10-10 07:50:37,651][agent.finetune.train_ppo_diffusion_agent][INFO] - approx_kl: 0.0, update_epoch: 0, num_batch: 4
[2026-10-10 07:50:39,277][agent.finetune.train_ppo_diffusion_agent][INFO] - approx_kl: 0.0, update_epoch: 0, num_batch: 4
[2026-10-10 07:50:41,036][agent.finetune.train_ppo_diffusion_agent][INFO] - approx_kl: 0.0, update_epoch: 1, num_batch: 4
[2026-10-10 07:50:42,952][agent.finetune.train_ppo_diffusion_agent][INFO] - approx_kl: 0.0, update_epoch: 1, num_batch: 4
[2026-10-10 07:50:44,591][agent.finetune.train_ppo_diffusion_agent][INFO] - approx_kl: 0.0, update_epoch: 1, num_batch: 4
[2026-10-10 07:50:46,342][agent.finetune.train_ppo_diffusion_agent][INFO] - approx_kl: 0.0, update_epoch: 1, num_batch: 4
[2026-10-10 07:50:48,064][agent.finetune.train_ppo_diffusion_agent][INFO] - approx_kl: 0.0, update_epoch: 2, num_batch: 4
[2026-10-10 07:50:49,921][agent.finetune.train_ppo_diffusion_agent][INFO] - approx_kl: 0.0, update_epoch: 2, num_batch: 4
[2026-10-10 07:50:51,550][agent.finetune.train_ppo_diffusion_agent][INFO] - approx_kl: 0.0, update_epoch: 2, num_batch: 4
[2026-10-10 07:50:53,303][agent.finetune.train_ppo_diffusion_agent][INFO] - approx_kl: 0.0, update_epoch: 2, num_batch: 4
[2026-10-10 07:50:55,101][agent.finetune.train_ppo_diffusion_agent][INFO] - approx_kl: 0.0, update_epoch: 3, num_batch: 4
[2026-10-10 07:50:56,978][agent.finetune.train_ppo_diffusion_agent][INFO] - approx_kl: 0.0, update_epoch: 3, num_batch: 4
[2026-10-10 07:50:58,568][agent.finetune.train_ppo_diffusion_agent][INFO] - approx_kl: 0.0, update_epoch: 3, num_batch: 4
[2026-10-10 07:51:00,315][agent.finetune.train_ppo_diffusion_agent][INFO] - approx_kl: 0.0, update_epoch: 3, num_batch: 4
[2026-10-10 07:51:02,073][agent.finetune.train_ppo_diffusion_agent][INFO] - approx_kl: 0.0, update_epoch: 4, num_batch: 4
[2026-10-10 07:51:03,967][agent.finetune.train_ppo_diffusion_agent][INFO] - approx_kl: 0.0, update_epoch: 4, num_batch: 4
[2026-10-10 07:51:05,594][agent.finetune.train_ppo_diffusion_agent][INFO] - approx_kl: 0.0, update_epoch: 4, num_batch: 4
[2026-10-10 07:51:07,373][agent.finetune.train_ppo_diffusion_agent][INFO] - approx_kl: 0.0, update_epoch: 4, num_batch: 4
[2026-10-10 07:51:14,469][agent.finetune.train_ppo_diffusion_agent][INFO] - 114: step  8240000 | loss   0.0311 | pg loss  -0.0219 | value loss   0.1061 | bc loss   0.0000 | reward 4036.9909 | eta   1.0000 | t: 55.3144 | kl_true_per_action=9.974564985107009e-05 | logratio_p99=0.01292926073074338 | clamp_hit_frac=0.0008041666666666667 | actor_step_ratio=1.0 | actor_step_clipfrac=0.0
[2026-10-10 07:51:14,470][agent.finetune.stage3_support][INFO] - STAGE3_METRICS {"J_disc_train": 1424.352418159492, "J_disc_train_se": 15.088036685121214, "action_oor_frac": 0.15123125, "adv_raw_mean": -1.746229827404022e-14, "adv_raw_std": 183.78778455215885, "diagnostics_seconds": 0.12384813698008657, "episode_count": 80, "explained_var": 0.3844534158706665, "explained_var_reason": null, "grad_cos_prev": -0.027841695596162144, "grad_cos_prev_reason": null, "grad_norm": 13.512367980377531, "policy_action_oor_frac": 0.1512625, "proj_active": false, "reward_clip_frac": 0.0, "rollout_seconds": 12.889322676928714, "split_diff_sq": 735.7209756000777, "split_dot": -1.3461679660569477, "theta_dist": 0.027107826367831336, "theta_dist_preproj": 0.027107826367831336, "update_norm": 0.0016359985628319647, "update_seconds": 42.29689850797877, "x0_sat_frac_last": 0.04307731177362305, "x0_sat_frac_mean": 0.06909355503416688}
Processed step 0 of 500
Processed step 10 of 500
Processed step 20 of 500
Processed step 30 of 500
Processed step 40 of 500
Processed step 50 of 500
Processed step 60 of 500
Processed step 70 of 500
Processed step 80 of 500
Processed step 90 of 500
Processed step 100 of 500
Processed step 110 of 500
Processed step 120 of 500
Processed step 130 of 500
Processed step 140 of 500
Processed step 150 of 500
Processed step 160 of 500
Processed step 170 of 500
Processed step 180 of 500
Processed step 190 of 500
Processed step 200 of 500
Processed step 210 of 500
Processed step 220 of 500
Processed step 230 of 500
Processed step 240 of 500
Processed step 250 of 500
Processed step 260 of 500
Processed step 270 of 500
Processed step 280 of 500
Processed step 290 of 500
Processed step 300 of 500
Processed step 310 of 500
Processed step 320 of 500
Processed step 330 of 500
Processed step 340 of 500
Processed step 350 of 500
Processed step 360 of 500
Processed step 370 of 500
Processed step 380 of 500
Processed step 390 of 500
Processed step 400 of 500
Processed step 410 of 500
Processed step 420 of 500
Processed step 430 of 500
Processed step 440 of 500
Processed step 450 of 500
Processed step 460 of 500
Processed step 470 of 500
Processed step 480 of 500
Processed step 490 of 500
[2026-10-10 07:51:29,196][agent.finetune.train_ppo_diffusion_agent][INFO] - approx_kl: 0.0, update_epoch: 0, num_batch: 4
[2026-10-10 07:51:31,093][agent.finetune.train_ppo_diffusion_agent][INFO] - approx_kl: 0.0, update_epoch: 0, num_batch: 4
[2026-10-10 07:51:32,725][agent.finetune.train_ppo_diffusion_agent][INFO] - approx_kl: 0.0, update_epoch: 0, num_batch: 4
[2026-10-10 07:51:34,504][agent.finetune.train_ppo_diffusion_agent][INFO] - approx_kl: 0.0, update_epoch: 0, num_batch: 4
[2026-10-10 07:51:36,258][agent.finetune.train_ppo_diffusion_agent][INFO] - approx_kl: 0.0, update_epoch: 1, num_batch: 4
[2026-10-10 07:51:38,181][agent.finetune.train_ppo_diffusion_agent][INFO] - approx_kl: 0.0, update_epoch: 1, num_batch: 4
[2026-10-10 07:51:39,824][agent.finetune.train_ppo_diffusion_agent][INFO] - approx_kl: 0.0, update_epoch: 1, num_batch: 4
[2026-10-10 07:51:41,589][agent.finetune.train_ppo_diffusion_agent][INFO] - approx_kl: 0.0, update_epoch: 1, num_batch: 4
[2026-10-10 07:51:43,347][agent.finetune.train_ppo_diffusion_agent][INFO] - approx_kl: 0.0, update_epoch: 2, num_batch: 4
[2026-10-10 07:51:45,231][agent.finetune.train_ppo_diffusion_agent][INFO] - approx_kl: 0.0, update_epoch: 2, num_batch: 4
[2026-10-10 07:51:46,837][agent.finetune.train_ppo_diffusion_agent][INFO] - approx_kl: 0.0, update_epoch: 2, num_batch: 4
[2026-10-10 07:51:48,573][agent.finetune.train_ppo_diffusion_agent][INFO] - approx_kl: 0.0, update_epoch: 2, num_batch: 4
[2026-10-10 07:51:50,350][agent.finetune.train_ppo_diffusion_agent][INFO] - approx_kl: 0.0, update_epoch: 3, num_batch: 4
[2026-10-10 07:51:52,259][agent.finetune.train_ppo_diffusion_agent][INFO] - approx_kl: 0.0, update_epoch: 3, num_batch: 4
[2026-10-10 07:51:53,927][agent.finetune.train_ppo_diffusion_agent][INFO] - approx_kl: 0.0, update_epoch: 3, num_batch: 4
[2026-10-10 07:51:55,703][agent.finetune.train_ppo_diffusion_agent][INFO] - approx_kl: 0.0, update_epoch: 3, num_batch: 4
[2026-10-10 07:51:57,473][agent.finetune.train_ppo_diffusion_agent][INFO] - approx_kl: 0.0, update_epoch: 4, num_batch: 4
[2026-10-10 07:51:59,364][agent.finetune.train_ppo_diffusion_agent][INFO] - approx_kl: 0.0, update_epoch: 4, num_batch: 4
[2026-10-10 07:52:00,990][agent.finetune.train_ppo_diffusion_agent][INFO] - approx_kl: 0.0, update_epoch: 4, num_batch: 4
[2026-10-10 07:52:02,745][agent.finetune.train_ppo_diffusion_agent][INFO] - approx_kl: 0.0, update_epoch: 4, num_batch: 4
[2026-10-10 07:52:09,826][agent.finetune.train_ppo_diffusion_agent][INFO] - 115: step  8320000 | loss  -0.4144 | pg loss  -0.4685 | value loss   0.1083 | bc loss   0.0000 | reward 3981.7073 | eta   1.0000 | t: 55.3570 | kl_true_per_action=0.0001807425719174985 | logratio_p99=0.018298195600509597 | clamp_hit_frac=0.0008625 | actor_step_ratio=1.0 | actor_step_clipfrac=0.0
[2026-10-10 07:52:09,827][agent.finetune.stage3_support][INFO] - STAGE3_METRICS {"J_disc_train": 1431.0352124712936, "J_disc_train_se": 17.74718633145075, "action_oor_frac": 0.15076041666666667, "adv_raw_mean": -9.458744898438453e-15, "adv_raw_std": 225.46936379350603, "diagnostics_seconds": 0.12325847707688808, "episode_count": 80, "explained_var": 0.40716248750686646, "explained_var_reason": null, "grad_cos_prev": -0.023921986229563055, "grad_cos_prev_reason": null, "grad_norm": 17.434678859062437, "policy_action_oor_frac": 0.15078333333333332, "proj_active": false, "reward_clip_frac": 0.0, "rollout_seconds": 12.719310798100196, "split_diff_sq": 1256.7483189573923, "split_dot": -10.219047198922345, "theta_dist": 0.02724026074217916, "theta_dist_preproj": 0.02724026074217916, "update_norm": 0.0021108726939603655, "update_seconds": 42.50981316482648, "x0_sat_frac_last": 0.043862889983579643, "x0_sat_frac_mean": 0.06773402218142559}
Processed step 0 of 500
Processed step 10 of 500
Processed step 20 of 500
Processed step 30 of 500
Processed step 40 of 500
Processed step 50 of 500
Processed step 60 of 500
Processed step 70 of 500
Processed step 80 of 500
Processed step 90 of 500
Processed step 100 of 500
Processed step 110 of 500
Processed step 120 of 500
Processed step 130 of 500
Processed step 140 of 500
Processed step 150 of 500
Processed step 160 of 500
Processed step 170 of 500
Processed step 180 of 500
Processed step 190 of 500
Processed step 200 of 500
Processed step 210 of 500
Processed step 220 of 500
Processed step 230 of 500
Processed step 240 of 500
Processed step 250 of 500
Processed step 260 of 500
Processed step 270 of 500
Processed step 280 of 500
Processed step 290 of 500
Processed step 300 of 500
Processed step 310 of 500
Processed step 320 of 500
Processed step 330 of 500
Processed step 340 of 500
Processed step 350 of 500
Processed step 360 of 500
Processed step 370 of 500
Processed step 380 of 500
Processed step 390 of 500
Processed step 400 of 500
Processed step 410 of 500
Processed step 420 of 500
Processed step 430 of 500
Processed step 440 of 500
Processed step 450 of 500
Processed step 460 of 500
Processed step 470 of 500
Processed step 480 of 500
Processed step 490 of 500
[2026-10-10 07:52:24,850][agent.finetune.train_ppo_diffusion_agent][INFO] - approx_kl: 0.0, update_epoch: 0, num_batch: 4
[2026-10-10 07:52:26,738][agent.finetune.train_ppo_diffusion_agent][INFO] - approx_kl: 0.0, update_epoch: 0, num_batch: 4
[2026-10-10 07:52:28,359][agent.finetune.train_ppo_diffusion_agent][INFO] - approx_kl: 0.0, update_epoch: 0, num_batch: 4
[2026-10-10 07:52:30,113][agent.finetune.train_ppo_diffusion_agent][INFO] - approx_kl: 0.0, update_epoch: 0, num_batch: 4
[2026-10-10 07:52:31,859][agent.finetune.train_ppo_diffusion_agent][INFO] - approx_kl: 0.0, update_epoch: 1, num_batch: 4
[2026-10-10 07:52:33,769][agent.finetune.train_ppo_diffusion_agent][INFO] - approx_kl: 0.0, update_epoch: 1, num_batch: 4
[2026-10-10 07:52:35,410][agent.finetune.train_ppo_diffusion_agent][INFO] - approx_kl: 0.0, update_epoch: 1, num_batch: 4
[2026-10-10 07:52:37,170][agent.finetune.train_ppo_diffusion_agent][INFO] - approx_kl: 0.0, update_epoch: 1, num_batch: 4
[2026-10-10 07:52:38,902][agent.finetune.train_ppo_diffusion_agent][INFO] - approx_kl: 0.0, update_epoch: 2, num_batch: 4
[2026-10-10 07:52:40,788][agent.finetune.train_ppo_diffusion_agent][INFO] - approx_kl: 0.0, update_epoch: 2, num_batch: 4
[2026-10-10 07:52:42,443][agent.finetune.train_ppo_diffusion_agent][INFO] - approx_kl: 0.0, update_epoch: 2, num_batch: 4
[2026-10-10 07:52:44,198][agent.finetune.train_ppo_diffusion_agent][INFO] - approx_kl: 0.0, update_epoch: 2, num_batch: 4
[2026-10-10 07:52:45,998][agent.finetune.train_ppo_diffusion_agent][INFO] - approx_kl: 0.0, update_epoch: 3, num_batch: 4
[2026-10-10 07:52:47,884][agent.finetune.train_ppo_diffusion_agent][INFO] - approx_kl: 0.0, update_epoch: 3, num_batch: 4
[2026-10-10 07:52:49,491][agent.finetune.train_ppo_diffusion_agent][INFO] - approx_kl: 0.0, update_epoch: 3, num_batch: 4
[2026-10-10 07:52:51,219][agent.finetune.train_ppo_diffusion_agent][INFO] - approx_kl: 0.0, update_epoch: 3, num_batch: 4
[2026-10-10 07:52:52,993][agent.finetune.train_ppo_diffusion_agent][INFO] - approx_kl: 0.0, update_epoch: 4, num_batch: 4
[2026-10-10 07:52:54,877][agent.finetune.train_ppo_diffusion_agent][INFO] - approx_kl: 0.0, update_epoch: 4, num_batch: 4
[2026-10-10 07:52:56,511][agent.finetune.train_ppo_diffusion_agent][INFO] - approx_kl: 0.0, update_epoch: 4, num_batch: 4
[2026-10-10 07:52:58,296][agent.finetune.train_ppo_diffusion_agent][INFO] - approx_kl: 0.0, update_epoch: 4, num_batch: 4
[2026-10-10 07:53:05,372][agent.finetune.train_ppo_diffusion_agent][INFO] - 116: step  8400000 | loss  -0.6287 | pg loss  -0.6825 | value loss   0.1075 | bc loss   0.0000 | reward 4041.6434 | eta   1.0000 | t: 55.5459 | kl_true_per_action=0.00018831536189636632 | logratio_p99=0.018057962656021095 | clamp_hit_frac=0.0008208333333333334 | actor_step_ratio=1.0 | actor_step_clipfrac=0.0
[2026-10-10 07:53:05,372][agent.finetune.stage3_support][INFO] - STAGE3_METRICS {"J_disc_train": 1437.5939321583742, "J_disc_train_se": 18.260370654158333, "action_oor_frac": 0.15285625, "adv_raw_mean": 2.837623469531536e-14, "adv_raw_std": 206.77071480021957, "diagnostics_seconds": 0.12848139111883938, "episode_count": 80, "explained_var": 0.3960415720939636, "explained_var_reason": null, "grad_cos_prev": 0.002773385585478862, "grad_cos_prev_reason": null, "grad_norm": 17.77417382997699, "policy_action_oor_frac": 0.15288333333333334, "proj_active": false, "reward_clip_frac": 0.0, "rollout_seconds": 13.051251083030365, "split_diff_sq": 1238.5748840199544, "split_dot": 6.27754024759515, "theta_dist": 0.027394652260657543, "theta_dist_preproj": 0.027394652260657543, "update_norm": 0.0021519675458054706, "update_seconds": 42.36114535294473, "x0_sat_frac_last": 0.0418773171553758, "x0_sat_frac_mean": 0.067755456296579}
Processed step 0 of 500
Processed step 10 of 500
Processed step 20 of 500
Processed step 30 of 500
Processed step 40 of 500
Processed step 50 of 500
Processed step 60 of 500
Processed step 70 of 500
Processed step 80 of 500
Processed step 90 of 500
Processed step 100 of 500
Processed step 110 of 500
Processed step 120 of 500
Processed step 130 of 500
Processed step 140 of 500
Processed step 150 of 500
Processed step 160 of 500
Processed step 170 of 500
Processed step 180 of 500
Processed step 190 of 500
Processed step 200 of 500
Processed step 210 of 500
Processed step 220 of 500
Processed step 230 of 500
Processed step 240 of 500
Processed step 250 of 500
Processed step 260 of 500
Processed step 270 of 500
Processed step 280 of 500
Processed step 290 of 500
Processed step 300 of 500
Processed step 310 of 500
Processed step 320 of 500
Processed step 330 of 500
Processed step 340 of 500
Processed step 350 of 500
Processed step 360 of 500
Processed step 370 of 500
Processed step 380 of 500
Processed step 390 of 500
Processed step 400 of 500
Processed step 410 of 500
Processed step 420 of 500
Processed step 430 of 500
Processed step 440 of 500
Processed step 450 of 500
Processed step 460 of 500
Processed step 470 of 500
Processed step 480 of 500
Processed step 490 of 500
[2026-10-10 07:53:20,596][agent.finetune.train_ppo_diffusion_agent][INFO] - approx_kl: 0.0, update_epoch: 0, num_batch: 4
[2026-10-10 07:53:22,550][agent.finetune.train_ppo_diffusion_agent][INFO] - approx_kl: 0.0, update_epoch: 0, num_batch: 4
[2026-10-10 07:53:24,292][agent.finetune.train_ppo_diffusion_agent][INFO] - approx_kl: 0.0, update_epoch: 0, num_batch: 4
[2026-10-10 07:53:26,136][agent.finetune.train_ppo_diffusion_agent][INFO] - approx_kl: 0.0, update_epoch: 0, num_batch: 4
[2026-10-10 07:53:27,981][agent.finetune.train_ppo_diffusion_agent][INFO] - approx_kl: 0.0, update_epoch: 1, num_batch: 4
[2026-10-10 07:53:30,017][agent.finetune.train_ppo_diffusion_agent][INFO] - approx_kl: 0.0, update_epoch: 1, num_batch: 4
[2026-10-10 07:53:31,761][agent.finetune.train_ppo_diffusion_agent][INFO] - approx_kl: 0.0, update_epoch: 1, num_batch: 4
[2026-10-10 07:53:33,611][agent.finetune.train_ppo_diffusion_agent][INFO] - approx_kl: 0.0, update_epoch: 1, num_batch: 4
[2026-10-10 07:53:35,443][agent.finetune.train_ppo_diffusion_agent][INFO] - approx_kl: 0.0, update_epoch: 2, num_batch: 4
[2026-10-10 07:53:37,390][agent.finetune.train_ppo_diffusion_agent][INFO] - approx_kl: 0.0, update_epoch: 2, num_batch: 4
[2026-10-10 07:53:39,134][agent.finetune.train_ppo_diffusion_agent][INFO] - approx_kl: 0.0, update_epoch: 2, num_batch: 4
[2026-10-10 07:53:40,976][agent.finetune.train_ppo_diffusion_agent][INFO] - approx_kl: 0.0, update_epoch: 2, num_batch: 4
[2026-10-10 07:53:42,838][agent.finetune.train_ppo_diffusion_agent][INFO] - approx_kl: 0.0, update_epoch: 3, num_batch: 4
[2026-10-10 07:53:44,807][agent.finetune.train_ppo_diffusion_agent][INFO] - approx_kl: 0.0, update_epoch: 3, num_batch: 4
[2026-10-10 07:53:46,548][agent.finetune.train_ppo_diffusion_agent][INFO] - approx_kl: 0.0, update_epoch: 3, num_batch: 4
[2026-10-10 07:53:48,393][agent.finetune.train_ppo_diffusion_agent][INFO] - approx_kl: 0.0, update_epoch: 3, num_batch: 4
[2026-10-10 07:53:50,227][agent.finetune.train_ppo_diffusion_agent][INFO] - approx_kl: 0.0, update_epoch: 4, num_batch: 4
[2026-10-10 07:53:52,164][agent.finetune.train_ppo_diffusion_agent][INFO] - approx_kl: 0.0, update_epoch: 4, num_batch: 4
[2026-10-10 07:53:53,906][agent.finetune.train_ppo_diffusion_agent][INFO] - approx_kl: 0.0, update_epoch: 4, num_batch: 4
[2026-10-10 07:53:55,746][agent.finetune.train_ppo_diffusion_agent][INFO] - approx_kl: 0.0, update_epoch: 4, num_batch: 4
[2026-10-10 07:54:03,142][agent.finetune.train_ppo_diffusion_agent][INFO] - 117: step  8480000 | loss   0.9607 | pg loss   0.9071 | value loss   0.1072 | bc loss   0.0000 | reward 3920.0492 | eta   1.0000 | t: 57.7703 | kl_true_per_action=0.00030216925399658394 | logratio_p99=0.023380356431007374 | clamp_hit_frac=0.0007583333333333333 | actor_step_ratio=1.0 | actor_step_clipfrac=0.0
[2026-10-10 07:54:03,143][agent.finetune.stage3_support][INFO] - STAGE3_METRICS {"J_disc_train": 1412.71161009317, "J_disc_train_se": 20.63975359000348, "action_oor_frac": 0.14888541666666666, "adv_raw_mean": 1.746229827404022e-14, "adv_raw_std": 262.34633934773785, "diagnostics_seconds": 0.13896949694026262, "episode_count": 80, "explained_var": 0.5526184141635895, "explained_var_reason": null, "grad_cos_prev": -0.026588145267988493, "grad_cos_prev_reason": null, "grad_norm": 20.5880579735381, "policy_action_oor_frac": 0.14891041666666666, "proj_active": false, "reward_clip_frac": 0.0, "rollout_seconds": 12.917787470039912, "split_diff_sq": 1654.2893485340446, "split_dot": 10.295790531468207, "theta_dist": 0.027350272423055697, "theta_dist_preproj": 0.027350272423055697, "update_norm": 0.002492652696983193, "update_seconds": 44.70959451398812, "x0_sat_frac_last": 0.04078947368421052, "x0_sat_frac_mean": 0.06604456480316939}
Processed step 0 of 500
Processed step 10 of 500
Processed step 20 of 500
Processed step 30 of 500
Processed step 40 of 500
Processed step 50 of 500
Processed step 60 of 500
Processed step 70 of 500
Processed step 80 of 500
Processed step 90 of 500
Processed step 100 of 500
Processed step 110 of 500
Processed step 120 of 500
Processed step 130 of 500
Processed step 140 of 500
Processed step 150 of 500
Processed step 160 of 500
Processed step 170 of 500
Processed step 180 of 500
Processed step 190 of 500
Processed step 200 of 500
Processed step 210 of 500
Processed step 220 of 500
Processed step 230 of 500
Processed step 240 of 500
Processed step 250 of 500
Processed step 260 of 500
Processed step 270 of 500
Processed step 280 of 500
Processed step 290 of 500
Processed step 300 of 500
Processed step 310 of 500
Processed step 320 of 500
Processed step 330 of 500
Processed step 340 of 500
Processed step 350 of 500
Processed step 360 of 500
Processed step 370 of 500
Processed step 380 of 500
Processed step 390 of 500
Processed step 400 of 500
Processed step 410 of 500
Processed step 420 of 500
Processed step 430 of 500
Processed step 440 of 500
Processed step 450 of 500
Processed step 460 of 500
Processed step 470 of 500
Processed step 480 of 500
Processed step 490 of 500
[2026-10-10 07:54:18,386][agent.finetune.train_ppo_diffusion_agent][INFO] - approx_kl: 0.0, update_epoch: 0, num_batch: 4
[2026-10-10 07:54:20,117][agent.finetune.train_ppo_diffusion_agent][INFO] - approx_kl: 0.0, update_epoch: 0, num_batch: 4
[2026-10-10 07:54:21,941][agent.finetune.train_ppo_diffusion_agent][INFO] - approx_kl: 0.0, update_epoch: 0, num_batch: 4
[2026-10-10 07:54:23,775][agent.finetune.train_ppo_diffusion_agent][INFO] - approx_kl: 0.0, update_epoch: 0, num_batch: 4
[2026-10-10 07:54:25,711][agent.finetune.train_ppo_diffusion_agent][INFO] - approx_kl: 0.0, update_epoch: 1, num_batch: 4
[2026-10-10 07:54:27,485][agent.finetune.train_ppo_diffusion_agent][INFO] - approx_kl: 0.0, update_epoch: 1, num_batch: 4
[2026-10-10 07:54:29,329][agent.finetune.train_ppo_diffusion_agent][INFO] - approx_kl: 0.0, update_epoch: 1, num_batch: 4
[2026-10-10 07:54:31,165][agent.finetune.train_ppo_diffusion_agent][INFO] - approx_kl: 0.0, update_epoch: 1, num_batch: 4
[2026-10-10 07:54:33,119][agent.finetune.train_ppo_diffusion_agent][INFO] - approx_kl: 0.0, update_epoch: 2, num_batch: 4
[2026-10-10 07:54:34,860][agent.finetune.train_ppo_diffusion_agent][INFO] - approx_kl: 0.0, update_epoch: 2, num_batch: 4
[2026-10-10 07:54:36,698][agent.finetune.train_ppo_diffusion_agent][INFO] - approx_kl: 0.0, update_epoch: 2, num_batch: 4
[2026-10-10 07:54:38,556][agent.finetune.train_ppo_diffusion_agent][INFO] - approx_kl: 0.0, update_epoch: 2, num_batch: 4
[2026-10-10 07:54:40,529][agent.finetune.train_ppo_diffusion_agent][INFO] - approx_kl: 0.0, update_epoch: 3, num_batch: 4
[2026-10-10 07:54:42,265][agent.finetune.train_ppo_diffusion_agent][INFO] - approx_kl: 0.0, update_epoch: 3, num_batch: 4
[2026-10-10 07:54:44,093][agent.finetune.train_ppo_diffusion_agent][INFO] - approx_kl: 0.0, update_epoch: 3, num_batch: 4
[2026-10-10 07:54:45,930][agent.finetune.train_ppo_diffusion_agent][INFO] - approx_kl: 0.0, update_epoch: 3, num_batch: 4
[2026-10-10 07:54:47,861][agent.finetune.train_ppo_diffusion_agent][INFO] - approx_kl: 0.0, update_epoch: 4, num_batch: 4
[2026-10-10 07:54:49,604][agent.finetune.train_ppo_diffusion_agent][INFO] - approx_kl: 0.0, update_epoch: 4, num_batch: 4
[2026-10-10 07:54:51,481][agent.finetune.train_ppo_diffusion_agent][INFO] - approx_kl: 0.0, update_epoch: 4, num_batch: 4
[2026-10-10 07:54:53,316][agent.finetune.train_ppo_diffusion_agent][INFO] - approx_kl: 0.0, update_epoch: 4, num_batch: 4
[2026-10-10 07:55:00,637][agent.finetune.train_ppo_diffusion_agent][INFO] - 118: step  8560000 | loss   0.0796 | pg loss   0.0235 | value loss   0.1121 | bc loss   0.0000 | reward 4052.1337 | eta   1.0000 | t: 57.4950 | kl_true_per_action=9.623421306608797e-05 | logratio_p99=0.01331468105316159 | clamp_hit_frac=0.00073125 | actor_step_ratio=1.0 | actor_step_clipfrac=0.0
[2026-10-10 07:55:00,638][agent.finetune.stage3_support][INFO] - STAGE3_METRICS {"J_disc_train": 1416.1617803496647, "J_disc_train_se": 17.64224208882754, "action_oor_frac": 0.152275, "adv_raw_mean": 8.822098607197404e-15, "adv_raw_std": 151.30700012009623, "diagnostics_seconds": 0.11689375713467598, "episode_count": 80, "explained_var": 0.17320740222930908, "explained_var_reason": null, "grad_cos_prev": 0.008866704148056577, "grad_cos_prev_reason": null, "grad_norm": 12.92132760590394, "policy_action_oor_frac": 0.1522875, "proj_active": false, "reward_clip_frac": 0.0, "rollout_seconds": 13.060376605950296, "split_diff_sq": 687.4710157032561, "split_dot": -4.907052805168873, "theta_dist": 0.027471568348447422, "theta_dist_preproj": 0.027471568348447422, "update_norm": 0.001564423639339772, "update_seconds": 44.31251686089672, "x0_sat_frac_last": 0.041003933641183515, "x0_sat_frac_mean": 0.0677352570480863}
Processed step 0 of 500
Processed step 10 of 500
Processed step 20 of 500
Processed step 30 of 500
Processed step 40 of 500
Processed step 50 of 500
Processed step 60 of 500
Processed step 70 of 500
Processed step 80 of 500
Processed step 90 of 500
Processed step 100 of 500
Processed step 110 of 500
Processed step 120 of 500
Processed step 130 of 500
Processed step 140 of 500
Processed step 150 of 500
Processed step 160 of 500
Processed step 170 of 500
Processed step 180 of 500
Processed step 190 of 500
Processed step 200 of 500
Processed step 210 of 500
Processed step 220 of 500
Processed step 230 of 500
Processed step 240 of 500
Processed step 250 of 500
Processed step 260 of 500
Processed step 270 of 500
Processed step 280 of 500
Processed step 290 of 500
Processed step 300 of 500
Processed step 310 of 500
Processed step 320 of 500
Processed step 330 of 500
Processed step 340 of 500
Processed step 350 of 500
Processed step 360 of 500
Processed step 370 of 500
Processed step 380 of 500
Processed step 390 of 500
Processed step 400 of 500
Processed step 410 of 500
Processed step 420 of 500
Processed step 430 of 500
Processed step 440 of 500
Processed step 450 of 500
Processed step 460 of 500
Processed step 470 of 500
Processed step 480 of 500
Processed step 490 of 500
[2026-10-10 07:55:16,216][agent.finetune.train_ppo_diffusion_agent][INFO] - approx_kl: 0.0, update_epoch: 0, num_batch: 4
[2026-10-10 07:55:17,939][agent.finetune.train_ppo_diffusion_agent][INFO] - approx_kl: 0.0, update_epoch: 0, num_batch: 4
[2026-10-10 07:55:19,758][agent.finetune.train_ppo_diffusion_agent][INFO] - approx_kl: 0.0, update_epoch: 0, num_batch: 4
[2026-10-10 07:55:21,597][agent.finetune.train_ppo_diffusion_agent][INFO] - approx_kl: 0.0, update_epoch: 0, num_batch: 4
[2026-10-10 07:55:23,566][agent.finetune.train_ppo_diffusion_agent][INFO] - approx_kl: 0.0, update_epoch: 1, num_batch: 4
[2026-10-10 07:55:25,314][agent.finetune.train_ppo_diffusion_agent][INFO] - approx_kl: 0.0, update_epoch: 1, num_batch: 4
[2026-10-10 07:55:27,273][agent.finetune.train_ppo_diffusion_agent][INFO] - approx_kl: 0.0, update_epoch: 1, num_batch: 4
[2026-10-10 07:55:29,148][agent.finetune.train_ppo_diffusion_agent][INFO] - approx_kl: 0.0, update_epoch: 1, num_batch: 4
[2026-10-10 07:55:31,103][agent.finetune.train_ppo_diffusion_agent][INFO] - approx_kl: 0.0, update_epoch: 2, num_batch: 4
[2026-10-10 07:55:32,851][agent.finetune.train_ppo_diffusion_agent][INFO] - approx_kl: 0.0, update_epoch: 2, num_batch: 4
[2026-10-10 07:55:34,695][agent.finetune.train_ppo_diffusion_agent][INFO] - approx_kl: 0.0, update_epoch: 2, num_batch: 4
[2026-10-10 07:55:36,540][agent.finetune.train_ppo_diffusion_agent][INFO] - approx_kl: 0.0, update_epoch: 2, num_batch: 4
[2026-10-10 07:55:38,518][agent.finetune.train_ppo_diffusion_agent][INFO] - approx_kl: 0.0, update_epoch: 3, num_batch: 4
[2026-10-10 07:55:40,282][agent.finetune.train_ppo_diffusion_agent][INFO] - approx_kl: 0.0, update_epoch: 3, num_batch: 4
[2026-10-10 07:55:42,153][agent.finetune.train_ppo_diffusion_agent][INFO] - approx_kl: 0.0, update_epoch: 3, num_batch: 4
[2026-10-10 07:55:43,993][agent.finetune.train_ppo_diffusion_agent][INFO] - approx_kl: 0.0, update_epoch: 3, num_batch: 4
[2026-10-10 07:55:45,948][agent.finetune.train_ppo_diffusion_agent][INFO] - approx_kl: 0.0, update_epoch: 4, num_batch: 4
[2026-10-10 07:55:47,689][agent.finetune.train_ppo_diffusion_agent][INFO] - approx_kl: 0.0, update_epoch: 4, num_batch: 4
[2026-10-10 07:55:49,495][agent.finetune.train_ppo_diffusion_agent][INFO] - approx_kl: 0.0, update_epoch: 4, num_batch: 4
[2026-10-10 07:55:51,338][agent.finetune.train_ppo_diffusion_agent][INFO] - approx_kl: 0.0, update_epoch: 4, num_batch: 4
[2026-10-10 07:55:58,763][agent.finetune.train_ppo_diffusion_agent][INFO] - 119: step  8640000 | loss   0.3388 | pg loss   0.2860 | value loss   0.1056 | bc loss   0.0000 | reward 3900.4291 | eta   1.0000 | t: 58.1251 | kl_true_per_action=0.0011416177569437821 | logratio_p99=0.05547160744667052 | clamp_hit_frac=0.0007604166666666666 | actor_step_ratio=1.0 | actor_step_clipfrac=0.0
[2026-10-10 07:55:58,763][agent.finetune.stage3_support][INFO] - STAGE3_METRICS {"J_disc_train": 1391.9196323209635, "J_disc_train_se": 29.21891545686255, "action_oor_frac": 0.14777083333333332, "adv_raw_mean": -1.509761204943061e-14, "adv_raw_std": 300.2395115707371, "diagnostics_seconds": 0.1266972079174593, "episode_count": 80, "explained_var": 0.6131512820720673, "explained_var_reason": null, "grad_cos_prev": -0.05540572201749604, "grad_cos_prev_reason": null, "grad_norm": 26.83620591351054, "policy_action_oor_frac": 0.14780833333333335, "proj_active": false, "reward_clip_frac": 0.0, "rollout_seconds": 13.097169994027354, "split_diff_sq": 2953.80741174957, "split_dot": -18.26989361646883, "theta_dist": 0.027631482106236303, "theta_dist_preproj": 0.027631482106236303, "update_norm": 0.003249132169626968, "update_seconds": 44.8956391280517, "x0_sat_frac_last": 0.043416835357624826, "x0_sat_frac_mean": 0.06595207456400907}
Processed step 0 of 500
Processed step 10 of 500
Processed step 20 of 500
Processed step 30 of 500
Processed step 40 of 500
Processed step 50 of 500
Processed step 60 of 500
Processed step 70 of 500
Processed step 80 of 500
Processed step 90 of 500
Processed step 100 of 500
Processed step 110 of 500
Processed step 120 of 500
Processed step 130 of 500
Processed step 140 of 500
Processed step 150 of 500
Processed step 160 of 500
Processed step 170 of 500
Processed step 180 of 500
Processed step 190 of 500
Processed step 200 of 500
Processed step 210 of 500
Processed step 220 of 500
Processed step 230 of 500
Processed step 240 of 500
Processed step 250 of 500
Processed step 260 of 500
Processed step 270 of 500
Processed step 280 of 500
Processed step 290 of 500
Processed step 300 of 500
Processed step 310 of 500
Processed step 320 of 500
Processed step 330 of 500
Processed step 340 of 500
Processed step 350 of 500
Processed step 360 of 500
Processed step 370 of 500
Processed step 380 of 500
Processed step 390 of 500
Processed step 400 of 500
Processed step 410 of 500
Processed step 420 of 500
Processed step 430 of 500
Processed step 440 of 500
Processed step 450 of 500
Processed step 460 of 500
Processed step 470 of 500
Processed step 480 of 500
Processed step 490 of 500
[2026-10-10 07:56:11,710][agent.finetune.train_ppo_diffusion_agent][INFO] - eval: success rate   1.0000 | avg episode reward 4312.3732 | avg best reward   6.4987
[2026-10-10 07:56:11,711][agent.finetune.stage3_support][INFO] - STAGE3_METRICS {"J_disc_eval": 1519.392631890186, "J_disc_eval_se": 18.295191212984406, "action_oor_frac": 0.0, "diagnostics_seconds": 0.01888340897858143, "episode_count": 80, "policy_action_oor_frac": 0.0, "rollout_seconds": 12.922762311063707, "update_seconds": 0.0}
Processed step 0 of 500
Processed step 10 of 500
Processed step 20 of 500
Processed step 30 of 500
Processed step 40 of 500
Processed step 50 of 500
Processed step 60 of 500
Processed step 70 of 500
Processed step 80 of 500
Processed step 90 of 500
Processed step 100 of 500
Processed step 110 of 500
Processed step 120 of 500
Processed step 130 of 500
Processed step 140 of 500
Processed step 150 of 500
Processed step 160 of 500
Processed step 170 of 500
Processed step 180 of 500
Processed step 190 of 500
Processed step 200 of 500
Processed step 210 of 500
Processed step 220 of 500
Processed step 230 of 500
Processed step 240 of 500
Processed step 250 of 500
Processed step 260 of 500
Processed step 270 of 500
Processed step 280 of 500
Processed step 290 of 500
Processed step 300 of 500
Processed step 310 of 500
Processed step 320 of 500
Processed step 330 of 500
Processed step 340 of 500
Processed step 350 of 500
Processed step 360 of 500
Processed step 370 of 500
Processed step 380 of 500
Processed step 390 of 500
Processed step 400 of 500
Processed step 410 of 500
Processed step 420 of 500
Processed step 430 of 500
Processed step 440 of 500
Processed step 450 of 500
Processed step 460 of 500
Processed step 470 of 500
Processed step 480 of 500
Processed step 490 of 500
[2026-10-10 07:56:26,954][agent.finetune.train_ppo_diffusion_agent][INFO] - approx_kl: 0.0, update_epoch: 0, num_batch: 4
[2026-10-10 07:56:28,638][agent.finetune.train_ppo_diffusion_agent][INFO] - approx_kl: 0.0, update_epoch: 0, num_batch: 4
[2026-10-10 07:56:30,452][agent.finetune.train_ppo_diffusion_agent][INFO] - approx_kl: 0.0, update_epoch: 0, num_batch: 4
[2026-10-10 07:56:32,418][agent.finetune.train_ppo_diffusion_agent][INFO] - approx_kl: 0.0, update_epoch: 0, num_batch: 4
[2026-10-10 07:56:34,104][agent.finetune.train_ppo_diffusion_agent][INFO] - approx_kl: 0.0, update_epoch: 1, num_batch: 4
[2026-10-10 07:56:36,056][agent.finetune.train_ppo_diffusion_agent][INFO] - approx_kl: 0.0, update_epoch: 1, num_batch: 4
[2026-10-10 07:56:37,880][agent.finetune.train_ppo_diffusion_agent][INFO] - approx_kl: 0.0, update_epoch: 1, num_batch: 4
[2026-10-10 07:56:39,774][agent.finetune.train_ppo_diffusion_agent][INFO] - approx_kl: 0.0, update_epoch: 1, num_batch: 4
[2026-10-10 07:56:41,436][agent.finetune.train_ppo_diffusion_agent][INFO] - approx_kl: 0.0, update_epoch: 2, num_batch: 4
[2026-10-10 07:56:43,211][agent.finetune.train_ppo_diffusion_agent][INFO] - approx_kl: 0.0, update_epoch: 2, num_batch: 4
[2026-10-10 07:56:44,990][agent.finetune.train_ppo_diffusion_agent][INFO] - approx_kl: 0.0, update_epoch: 2, num_batch: 4
[2026-10-10 07:56:46,952][agent.finetune.train_ppo_diffusion_agent][INFO] - approx_kl: 0.0, update_epoch: 2, num_batch: 4
[2026-10-10 07:56:48,588][agent.finetune.train_ppo_diffusion_agent][INFO] - approx_kl: 0.0, update_epoch: 3, num_batch: 4
[2026-10-10 07:56:50,343][agent.finetune.train_ppo_diffusion_agent][INFO] - approx_kl: 0.0, update_epoch: 3, num_batch: 4
[2026-10-10 07:56:52,099][agent.finetune.train_ppo_diffusion_agent][INFO] - approx_kl: 0.0, update_epoch: 3, num_batch: 4
[2026-10-10 07:56:54,002][agent.finetune.train_ppo_diffusion_agent][INFO] - approx_kl: 0.0, update_epoch: 3, num_batch: 4
[2026-10-10 07:56:55,657][agent.finetune.train_ppo_diffusion_agent][INFO] - approx_kl: 0.0, update_epoch: 4, num_batch: 4
[2026-10-10 07:56:57,399][agent.finetune.train_ppo_diffusion_agent][INFO] - approx_kl: 0.0, update_epoch: 4, num_batch: 4
[2026-10-10 07:56:59,167][agent.finetune.train_ppo_diffusion_agent][INFO] - approx_kl: 0.0, update_epoch: 4, num_batch: 4
[2026-10-10 07:57:01,073][agent.finetune.train_ppo_diffusion_agent][INFO] - approx_kl: 0.0, update_epoch: 4, num_batch: 4
[2026-10-10 07:57:08,226][agent.finetune.train_ppo_diffusion_agent][INFO] - 121: step  8720000 | loss   1.8413 | pg loss   1.7877 | value loss   0.1072 | bc loss   0.0000 | reward 3920.3057 | eta   1.0000 | t: 56.5153 | kl_true_per_action=0.0007540321759984465 | logratio_p99=0.04308366537094099 | clamp_hit_frac=0.00075625 | actor_step_ratio=1.0 | actor_step_clipfrac=0.0
[2026-10-10 07:57:08,226][agent.finetune.stage3_support][INFO] - STAGE3_METRICS {"J_disc_train": 1392.5497276363506, "J_disc_train_se": 27.4121302836193, "action_oor_frac": 0.14586041666666666, "adv_raw_mean": -5.093170329928398e-15, "adv_raw_std": 293.31314390905465, "diagnostics_seconds": 0.11780476709827781, "episode_count": 80, "explained_var": 0.6116773784160614, "explained_var_reason": null, "grad_cos_prev": -0.00817875826559212, "grad_cos_prev_reason": null, "grad_norm": 25.062683349862343, "policy_action_oor_frac": 0.1458875, "proj_active": false, "reward_clip_frac": 0.0, "rollout_seconds": 12.97025284706615, "split_diff_sq": 2504.7275349960196, "split_dot": 1.956211012028195, "theta_dist": 0.028043458162360015, "theta_dist_preproj": 0.028043458162360015, "update_norm": 0.0030343943877524627, "update_seconds": 43.42258883710019, "x0_sat_frac_last": 0.03914078156312625, "x0_sat_frac_mean": 0.06604478437484063}
Processed step 0 of 500
Processed step 10 of 500
Processed step 20 of 500
Processed step 30 of 500
Processed step 40 of 500
Processed step 50 of 500
Processed step 60 of 500
Processed step 70 of 500
Processed step 80 of 500
Processed step 90 of 500
Processed step 100 of 500
Processed step 110 of 500
Processed step 120 of 500
Processed step 130 of 500
Processed step 140 of 500
Processed step 150 of 500
Processed step 160 of 500
Processed step 170 of 500
Processed step 180 of 500
Processed step 190 of 500
Processed step 200 of 500
Processed step 210 of 500
Processed step 220 of 500
Processed step 230 of 500
Processed step 240 of 500
Processed step 250 of 500
Processed step 260 of 500
Processed step 270 of 500
Processed step 280 of 500
Processed step 290 of 500
Processed step 300 of 500
Processed step 310 of 500
Processed step 320 of 500
Processed step 330 of 500
Processed step 340 of 500
Processed step 350 of 500
Processed step 360 of 500
Processed step 370 of 500
Processed step 380 of 500
Processed step 390 of 500
Processed step 400 of 500
Processed step 410 of 500
Processed step 420 of 500
Processed step 430 of 500
Processed step 440 of 500
Processed step 450 of 500
Processed step 460 of 500
Processed step 470 of 500
Processed step 480 of 500
Processed step 490 of 500
[2026-10-10 07:57:23,557][agent.finetune.train_ppo_diffusion_agent][INFO] - approx_kl: 0.0, update_epoch: 0, num_batch: 4
[2026-10-10 07:57:25,493][agent.finetune.train_ppo_diffusion_agent][INFO] - approx_kl: 0.0, update_epoch: 0, num_batch: 4
[2026-10-10 07:57:27,335][agent.finetune.train_ppo_diffusion_agent][INFO] - approx_kl: 0.0, update_epoch: 0, num_batch: 4
[2026-10-10 07:57:29,286][agent.finetune.train_ppo_diffusion_agent][INFO] - approx_kl: 0.0, update_epoch: 0, num_batch: 4
[2026-10-10 07:57:31,032][agent.finetune.train_ppo_diffusion_agent][INFO] - approx_kl: 0.0, update_epoch: 1, num_batch: 4
[2026-10-10 07:57:32,908][agent.finetune.train_ppo_diffusion_agent][INFO] - approx_kl: 0.0, update_epoch: 1, num_batch: 4
[2026-10-10 07:57:34,812][agent.finetune.train_ppo_diffusion_agent][INFO] - approx_kl: 0.0, update_epoch: 1, num_batch: 4
[2026-10-10 07:57:36,778][agent.finetune.train_ppo_diffusion_agent][INFO] - approx_kl: 0.0, update_epoch: 1, num_batch: 4
[2026-10-10 07:57:38,523][agent.finetune.train_ppo_diffusion_agent][INFO] - approx_kl: 0.0, update_epoch: 2, num_batch: 4
[2026-10-10 07:57:40,360][agent.finetune.train_ppo_diffusion_agent][INFO] - approx_kl: 0.0, update_epoch: 2, num_batch: 4
[2026-10-10 07:57:42,205][agent.finetune.train_ppo_diffusion_agent][INFO] - approx_kl: 0.0, update_epoch: 2, num_batch: 4
[2026-10-10 07:57:44,163][agent.finetune.train_ppo_diffusion_agent][INFO] - approx_kl: 0.0, update_epoch: 2, num_batch: 4
[2026-10-10 07:57:45,914][agent.finetune.train_ppo_diffusion_agent][INFO] - approx_kl: 0.0, update_epoch: 3, num_batch: 4
[2026-10-10 07:57:47,793][agent.finetune.train_ppo_diffusion_agent][INFO] - approx_kl: 0.0, update_epoch: 3, num_batch: 4
[2026-10-10 07:57:49,642][agent.finetune.train_ppo_diffusion_agent][INFO] - approx_kl: 0.0, update_epoch: 3, num_batch: 4
[2026-10-10 07:57:51,560][agent.finetune.train_ppo_diffusion_agent][INFO] - approx_kl: 0.0, update_epoch: 3, num_batch: 4
[2026-10-10 07:57:53,333][agent.finetune.train_ppo_diffusion_agent][INFO] - approx_kl: 0.0, update_epoch: 4, num_batch: 4
[2026-10-10 07:57:55,173][agent.finetune.train_ppo_diffusion_agent][INFO] - approx_kl: 0.0, update_epoch: 4, num_batch: 4
[2026-10-10 07:57:56,996][agent.finetune.train_ppo_diffusion_agent][INFO] - approx_kl: 0.0, update_epoch: 4, num_batch: 4
[2026-10-10 07:57:58,943][agent.finetune.train_ppo_diffusion_agent][INFO] - approx_kl: 0.0, update_epoch: 4, num_batch: 4
[2026-10-10 07:58:06,335][agent.finetune.train_ppo_diffusion_agent][INFO] - 122: step  8800000 | loss  -0.3729 | pg loss  -0.4255 | value loss   0.1051 | bc loss   0.0000 | reward 4034.6238 | eta   1.0000 | t: 58.1093 | kl_true_per_action=0.0002081067972004666 | logratio_p99=0.02063765406608579 | clamp_hit_frac=0.0008020833333333334 | actor_step_ratio=1.0 | actor_step_clipfrac=0.0
[2026-10-10 07:58:06,335][agent.finetune.stage3_support][INFO] - STAGE3_METRICS {"J_disc_train": 1416.8466595276773, "J_disc_train_se": 18.19604184928484, "action_oor_frac": 0.15176041666666668, "adv_raw_mean": -4.0017766878008845e-15, "adv_raw_std": 196.8737346347215, "diagnostics_seconds": 0.12944132299162447, "episode_count": 80, "explained_var": 0.3275407552719116, "explained_var_reason": null, "grad_cos_prev": -0.04315664591089735, "grad_cos_prev_reason": null, "grad_norm": 16.699661924292073, "policy_action_oor_frac": 0.15179583333333332, "proj_active": false, "reward_clip_frac": 0.0, "rollout_seconds": 13.238064007018693, "split_diff_sq": 1100.246436207753, "split_dot": 3.8170849268229254, "theta_dist": 0.028087206658130973, "theta_dist_preproj": 0.028087206658130973, "update_norm": 0.0020218765050639426, "update_seconds": 44.73759423592128, "x0_sat_frac_last": 0.04108681245858184, "x0_sat_frac_mean": 0.06834854369912145}
Processed step 0 of 500
Processed step 10 of 500
Processed step 20 of 500
Processed step 30 of 500
Processed step 40 of 500
Processed step 50 of 500
Processed step 60 of 500
Processed step 70 of 500
Processed step 80 of 500
Processed step 90 of 500
Processed step 100 of 500
Processed step 110 of 500
Processed step 120 of 500
Processed step 130 of 500
Processed step 140 of 500
Processed step 150 of 500
Processed step 160 of 500
Processed step 170 of 500
Processed step 180 of 500
Processed step 190 of 500
Processed step 200 of 500
Processed step 210 of 500
Processed step 220 of 500
Processed step 230 of 500
Processed step 240 of 500
Processed step 250 of 500
Processed step 260 of 500
Processed step 270 of 500
Processed step 280 of 500
Processed step 290 of 500
Processed step 300 of 500
Processed step 310 of 500
Processed step 320 of 500
Processed step 330 of 500
Processed step 340 of 500
Processed step 350 of 500
Processed step 360 of 500
Processed step 370 of 500
Processed step 380 of 500
Processed step 390 of 500
Processed step 400 of 500
Processed step 410 of 500
Processed step 420 of 500
Processed step 430 of 500
Processed step 440 of 500
Processed step 450 of 500
Processed step 460 of 500
Processed step 470 of 500
Processed step 480 of 500
Processed step 490 of 500
[2026-10-10 07:58:21,532][agent.finetune.train_ppo_diffusion_agent][INFO] - approx_kl: 0.0, update_epoch: 0, num_batch: 4
[2026-10-10 07:58:23,415][agent.finetune.train_ppo_diffusion_agent][INFO] - approx_kl: 0.0, update_epoch: 0, num_batch: 4
[2026-10-10 07:58:25,268][agent.finetune.train_ppo_diffusion_agent][INFO] - approx_kl: 0.0, update_epoch: 0, num_batch: 4
[2026-10-10 07:58:27,229][agent.finetune.train_ppo_diffusion_agent][INFO] - approx_kl: 0.0, update_epoch: 0, num_batch: 4
[2026-10-10 07:58:28,977][agent.finetune.train_ppo_diffusion_agent][INFO] - approx_kl: 0.0, update_epoch: 1, num_batch: 4
[2026-10-10 07:58:30,869][agent.finetune.train_ppo_diffusion_agent][INFO] - approx_kl: 0.0, update_epoch: 1, num_batch: 4
[2026-10-10 07:58:32,735][agent.finetune.train_ppo_diffusion_agent][INFO] - approx_kl: 0.0, update_epoch: 1, num_batch: 4
[2026-10-10 07:58:34,712][agent.finetune.train_ppo_diffusion_agent][INFO] - approx_kl: 0.0, update_epoch: 1, num_batch: 4
[2026-10-10 07:58:36,469][agent.finetune.train_ppo_diffusion_agent][INFO] - approx_kl: 0.0, update_epoch: 2, num_batch: 4
[2026-10-10 07:58:38,327][agent.finetune.train_ppo_diffusion_agent][INFO] - approx_kl: 0.0, update_epoch: 2, num_batch: 4
[2026-10-10 07:58:40,175][agent.finetune.train_ppo_diffusion_agent][INFO] - approx_kl: 0.0, update_epoch: 2, num_batch: 4
[2026-10-10 07:58:42,170][agent.finetune.train_ppo_diffusion_agent][INFO] - approx_kl: 0.0, update_epoch: 2, num_batch: 4
[2026-10-10 07:58:43,922][agent.finetune.train_ppo_diffusion_agent][INFO] - approx_kl: 0.0, update_epoch: 3, num_batch: 4
[2026-10-10 07:58:45,774][agent.finetune.train_ppo_diffusion_agent][INFO] - approx_kl: 0.0, update_epoch: 3, num_batch: 4
[2026-10-10 07:58:47,621][agent.finetune.train_ppo_diffusion_agent][INFO] - approx_kl: 0.0, update_epoch: 3, num_batch: 4
[2026-10-10 07:58:49,582][agent.finetune.train_ppo_diffusion_agent][INFO] - approx_kl: 0.0, update_epoch: 3, num_batch: 4
[2026-10-10 07:58:51,336][agent.finetune.train_ppo_diffusion_agent][INFO] - approx_kl: 0.0, update_epoch: 4, num_batch: 4
[2026-10-10 07:58:53,164][agent.finetune.train_ppo_diffusion_agent][INFO] - approx_kl: 0.0, update_epoch: 4, num_batch: 4
[2026-10-10 07:58:55,065][agent.finetune.train_ppo_diffusion_agent][INFO] - approx_kl: 0.0, update_epoch: 4, num_batch: 4
[2026-10-10 07:58:57,027][agent.finetune.train_ppo_diffusion_agent][INFO] - approx_kl: 0.0, update_epoch: 4, num_batch: 4
[2026-10-10 07:59:04,470][agent.finetune.train_ppo_diffusion_agent][INFO] - 123: step  8880000 | loss  -0.2075 | pg loss  -0.2600 | value loss   0.1051 | bc loss   0.0000 | reward 3976.0859 | eta   1.0000 | t: 58.1348 | kl_true_per_action=0.0001614985190631746 | logratio_p99=0.01815416872501372 | clamp_hit_frac=0.00083125 | actor_step_ratio=1.0 | actor_step_clipfrac=0.0
[2026-10-10 07:59:04,470][agent.finetune.stage3_support][INFO] - STAGE3_METRICS {"J_disc_train": 1416.376798888812, "J_disc_train_se": 16.162249620850957, "action_oor_frac": 0.14985416666666668, "adv_raw_mean": -1.8553691916167737e-14, "adv_raw_std": 206.01652874024373, "diagnostics_seconds": 0.1157636329298839, "episode_count": 80, "explained_var": 0.39860981702804565, "explained_var_reason": null, "grad_cos_prev": -0.04738522089569071, "grad_cos_prev_reason": null, "grad_norm": 14.953010682246955, "policy_action_oor_frac": 0.14987708333333333, "proj_active": false, "reward_clip_frac": 0.0, "rollout_seconds": 13.22978971293196, "split_diff_sq": 1018.3074943393719, "split_dot": -30.984330120030343, "theta_dist": 0.028225995607140782, "theta_dist_preproj": 0.028225995607140782, "update_norm": 0.0018104090435105546, "update_seconds": 44.78340147412382, "x0_sat_frac_last": 0.039174536551241694, "x0_sat_frac_mean": 0.06745663455509378}
Processed step 0 of 500
Processed step 10 of 500
Processed step 20 of 500
Processed step 30 of 500
Processed step 40 of 500
Processed step 50 of 500
Processed step 60 of 500
Processed step 70 of 500
Processed step 80 of 500
Processed step 90 of 500
Processed step 100 of 500
Processed step 110 of 500
Processed step 120 of 500
Processed step 130 of 500
Processed step 140 of 500
Processed step 150 of 500
Processed step 160 of 500
Processed step 170 of 500
Processed step 180 of 500
Processed step 190 of 500
Processed step 200 of 500
Processed step 210 of 500
Processed step 220 of 500
Processed step 230 of 500
Processed step 240 of 500
Processed step 250 of 500
Processed step 260 of 500
Processed step 270 of 500
Processed step 280 of 500
Processed step 290 of 500
Processed step 300 of 500
Processed step 310 of 500
Processed step 320 of 500
Processed step 330 of 500
Processed step 340 of 500
Processed step 350 of 500
Processed step 360 of 500
Processed step 370 of 500
Processed step 380 of 500
Processed step 390 of 500
Processed step 400 of 500
Processed step 410 of 500
Processed step 420 of 500
Processed step 430 of 500
Processed step 440 of 500
Processed step 450 of 500
Processed step 460 of 500
Processed step 470 of 500
Processed step 480 of 500
Processed step 490 of 500
[2026-10-10 07:59:19,548][agent.finetune.train_ppo_diffusion_agent][INFO] - approx_kl: 0.0, update_epoch: 0, num_batch: 4
[2026-10-10 07:59:21,382][agent.finetune.train_ppo_diffusion_agent][INFO] - approx_kl: 0.0, update_epoch: 0, num_batch: 4
[2026-10-10 07:59:23,256][agent.finetune.train_ppo_diffusion_agent][INFO] - approx_kl: 0.0, update_epoch: 0, num_batch: 4
[2026-10-10 07:59:25,216][agent.finetune.train_ppo_diffusion_agent][INFO] - approx_kl: 0.0, update_epoch: 0, num_batch: 4
[2026-10-10 07:59:26,972][agent.finetune.train_ppo_diffusion_agent][INFO] - approx_kl: 0.0, update_epoch: 1, num_batch: 4
[2026-10-10 07:59:28,832][agent.finetune.train_ppo_diffusion_agent][INFO] - approx_kl: 0.0, update_epoch: 1, num_batch: 4
[2026-10-10 07:59:30,695][agent.finetune.train_ppo_diffusion_agent][INFO] - approx_kl: 0.0, update_epoch: 1, num_batch: 4
[2026-10-10 07:59:32,687][agent.finetune.train_ppo_diffusion_agent][INFO] - approx_kl: 0.0, update_epoch: 1, num_batch: 4
[2026-10-10 07:59:34,457][agent.finetune.train_ppo_diffusion_agent][INFO] - approx_kl: 0.0, update_epoch: 2, num_batch: 4
[2026-10-10 07:59:36,321][agent.finetune.train_ppo_diffusion_agent][INFO] - approx_kl: 0.0, update_epoch: 2, num_batch: 4
[2026-10-10 07:59:38,174][agent.finetune.train_ppo_diffusion_agent][INFO] - approx_kl: 0.0, update_epoch: 2, num_batch: 4
[2026-10-10 07:59:40,149][agent.finetune.train_ppo_diffusion_agent][INFO] - approx_kl: 0.0, update_epoch: 2, num_batch: 4
[2026-10-10 07:59:41,893][agent.finetune.train_ppo_diffusion_agent][INFO] - approx_kl: 0.0, update_epoch: 3, num_batch: 4
[2026-10-10 07:59:43,740][agent.finetune.train_ppo_diffusion_agent][INFO] - approx_kl: 0.0, update_epoch: 3, num_batch: 4
[2026-10-10 07:59:45,594][agent.finetune.train_ppo_diffusion_agent][INFO] - approx_kl: 0.0, update_epoch: 3, num_batch: 4
[2026-10-10 07:59:47,555][agent.finetune.train_ppo_diffusion_agent][INFO] - approx_kl: 0.0, update_epoch: 3, num_batch: 4
[2026-10-10 07:59:49,280][agent.finetune.train_ppo_diffusion_agent][INFO] - approx_kl: 0.0, update_epoch: 4, num_batch: 4
[2026-10-10 07:59:51,127][agent.finetune.train_ppo_diffusion_agent][INFO] - approx_kl: 0.0, update_epoch: 4, num_batch: 4
[2026-10-10 07:59:53,005][agent.finetune.train_ppo_diffusion_agent][INFO] - approx_kl: 0.0, update_epoch: 4, num_batch: 4
[2026-10-10 07:59:54,972][agent.finetune.train_ppo_diffusion_agent][INFO] - approx_kl: 0.0, update_epoch: 4, num_batch: 4
[2026-10-10 08:00:02,414][agent.finetune.train_ppo_diffusion_agent][INFO] - 124: step  8960000 | loss   0.0493 | pg loss  -0.0043 | value loss   0.1072 | bc loss   0.0000 | reward 4054.8019 | eta   1.0000 | t: 57.9438 | kl_true_per_action=0.0003947022235931167 | logratio_p99=0.03401738166809041 | clamp_hit_frac=0.0007708333333333333 | actor_step_ratio=1.0 | actor_step_clipfrac=0.0
[2026-10-10 08:00:02,414][agent.finetune.stage3_support][INFO] - STAGE3_METRICS {"J_disc_train": 1439.7685139235805, "J_disc_train_se": 14.383682502277374, "action_oor_frac": 0.1522375, "adv_raw_mean": -9.458744898438453e-15, "adv_raw_std": 163.75081649994533, "diagnostics_seconds": 0.11268458410631865, "episode_count": 80, "explained_var": 0.2752950191497803, "explained_var_reason": null, "grad_cos_prev": -0.016592882873433315, "grad_cos_prev_reason": null, "grad_norm": 12.551299619372244, "policy_action_oor_frac": 0.15225833333333333, "proj_active": false, "reward_clip_frac": 0.0, "rollout_seconds": 13.072274564998224, "split_diff_sq": 609.413560813988, "split_dot": 5.181721258581991, "theta_dist": 0.028153953728234187, "theta_dist_preproj": 0.028153953728234187, "update_norm": 0.0015196275226513015, "update_seconds": 44.75355656782631, "x0_sat_frac_last": 0.04239316239316239, "x0_sat_frac_mean": 0.06799223652049051}
Processed step 0 of 500
Processed step 10 of 500
Processed step 20 of 500
Processed step 30 of 500
Processed step 40 of 500
Processed step 50 of 500
Processed step 60 of 500
Processed step 70 of 500
Processed step 80 of 500
Processed step 90 of 500
Processed step 100 of 500
Processed step 110 of 500
Processed step 120 of 500
Processed step 130 of 500
Processed step 140 of 500
Processed step 150 of 500
Processed step 160 of 500
Processed step 170 of 500
Processed step 180 of 500
Processed step 190 of 500
Processed step 200 of 500
Processed step 210 of 500
Processed step 220 of 500
Processed step 230 of 500
Processed step 240 of 500
Processed step 250 of 500
Processed step 260 of 500
Processed step 270 of 500
Processed step 280 of 500
Processed step 290 of 500
Processed step 300 of 500
Processed step 310 of 500
Processed step 320 of 500
Processed step 330 of 500
Processed step 340 of 500
Processed step 350 of 500
Processed step 360 of 500
Processed step 370 of 500
Processed step 380 of 500
Processed step 390 of 500
Processed step 400 of 500
Processed step 410 of 500
Processed step 420 of 500
Processed step 430 of 500
Processed step 440 of 500
Processed step 450 of 500
Processed step 460 of 500
Processed step 470 of 500
Processed step 480 of 500
Processed step 490 of 500
[2026-10-10 08:00:17,542][agent.finetune.train_ppo_diffusion_agent][INFO] - approx_kl: 0.0, update_epoch: 0, num_batch: 4
[2026-10-10 08:00:19,369][agent.finetune.train_ppo_diffusion_agent][INFO] - approx_kl: 0.0, update_epoch: 0, num_batch: 4
[2026-10-10 08:00:21,325][agent.finetune.train_ppo_diffusion_agent][INFO] - approx_kl: 0.0, update_epoch: 0, num_batch: 4
[2026-10-10 08:00:23,071][agent.finetune.train_ppo_diffusion_agent][INFO] - approx_kl: 0.0, update_epoch: 0, num_batch: 4
[2026-10-10 08:00:24,908][agent.finetune.train_ppo_diffusion_agent][INFO] - approx_kl: 0.0, update_epoch: 1, num_batch: 4
[2026-10-10 08:00:26,787][agent.finetune.train_ppo_diffusion_agent][INFO] - approx_kl: 0.0, update_epoch: 1, num_batch: 4
[2026-10-10 08:00:28,757][agent.finetune.train_ppo_diffusion_agent][INFO] - approx_kl: 0.0, update_epoch: 1, num_batch: 4
[2026-10-10 08:00:30,505][agent.finetune.train_ppo_diffusion_agent][INFO] - approx_kl: 0.0, update_epoch: 1, num_batch: 4
[2026-10-10 08:00:32,347][agent.finetune.train_ppo_diffusion_agent][INFO] - approx_kl: 0.0, update_epoch: 2, num_batch: 4
[2026-10-10 08:00:34,194][agent.finetune.train_ppo_diffusion_agent][INFO] - approx_kl: 0.0, update_epoch: 2, num_batch: 4
[2026-10-10 08:00:36,144][agent.finetune.train_ppo_diffusion_agent][INFO] - approx_kl: 0.0, update_epoch: 2, num_batch: 4
[2026-10-10 08:00:37,894][agent.finetune.train_ppo_diffusion_agent][INFO] - approx_kl: 0.0, update_epoch: 2, num_batch: 4
[2026-10-10 08:00:39,791][agent.finetune.train_ppo_diffusion_agent][INFO] - approx_kl: 0.0, update_epoch: 3, num_batch: 4
[2026-10-10 08:00:41,652][agent.finetune.train_ppo_diffusion_agent][INFO] - approx_kl: 0.0, update_epoch: 3, num_batch: 4
[2026-10-10 08:00:43,601][agent.finetune.train_ppo_diffusion_agent][INFO] - approx_kl: 0.0, update_epoch: 3, num_batch: 4
[2026-10-10 08:00:45,346][agent.finetune.train_ppo_diffusion_agent][INFO] - approx_kl: 0.0, update_epoch: 3, num_batch: 4
[2026-10-10 08:00:47,165][agent.finetune.train_ppo_diffusion_agent][INFO] - approx_kl: 0.0, update_epoch: 4, num_batch: 4
[2026-10-10 08:00:48,989][agent.finetune.train_ppo_diffusion_agent][INFO] - approx_kl: 0.0, update_epoch: 4, num_batch: 4
[2026-10-10 08:00:50,934][agent.finetune.train_ppo_diffusion_agent][INFO] - approx_kl: 0.0, update_epoch: 4, num_batch: 4
[2026-10-10 08:00:52,718][agent.finetune.train_ppo_diffusion_agent][INFO] - approx_kl: 0.0, update_epoch: 4, num_batch: 4
[2026-10-10 08:01:00,155][agent.finetune.train_ppo_diffusion_agent][INFO] - 125: step  9040000 | loss   0.1104 | pg loss   0.0561 | value loss   0.1086 | bc loss   0.0000 | reward 3963.3013 | eta   1.0000 | t: 57.7410 | kl_true_per_action=0.0005696362773540499 | logratio_p99=0.03838075041770921 | clamp_hit_frac=0.0008041666666666667 | actor_step_ratio=1.0 | actor_step_clipfrac=0.0
[2026-10-10 08:01:00,155][agent.finetune.stage3_support][INFO] - STAGE3_METRICS {"J_disc_train": 1407.7858864453501, "J_disc_train_se": 20.252820024419968, "action_oor_frac": 0.14922291666666668, "adv_raw_mean": -3.2741809263825416e-15, "adv_raw_std": 227.21689151978924, "diagnostics_seconds": 0.11824928491842002, "episode_count": 80, "explained_var": 0.4384022355079651, "explained_var_reason": null, "grad_cos_prev": -0.12521458824622012, "grad_cos_prev_reason": null, "grad_norm": 18.489472925349563, "policy_action_oor_frac": 0.14923958333333334, "proj_active": false, "reward_clip_frac": 0.0, "rollout_seconds": 13.148330750060268, "split_diff_sq": 1258.3396806662865, "split_dot": 27.275686365419666, "theta_dist": 0.028374665479128043, "theta_dist_preproj": 0.028374665479128043, "update_norm": 0.00223857571218028, "update_seconds": 44.470261847018264, "x0_sat_frac_last": 0.039099626612355734, "x0_sat_frac_mean": 0.06773543644003811}
Processed step 0 of 500
Processed step 10 of 500
Processed step 20 of 500
Processed step 30 of 500
Processed step 40 of 500
Processed step 50 of 500
Processed step 60 of 500
Processed step 70 of 500
Processed step 80 of 500
Processed step 90 of 500
Processed step 100 of 500
Processed step 110 of 500
Processed step 120 of 500
Processed step 130 of 500
Processed step 140 of 500
Processed step 150 of 500
Processed step 160 of 500
Processed step 170 of 500
Processed step 180 of 500
Processed step 190 of 500
Processed step 200 of 500
Processed step 210 of 500
Processed step 220 of 500
Processed step 230 of 500
Processed step 240 of 500
Processed step 250 of 500
Processed step 260 of 500
Processed step 270 of 500
Processed step 280 of 500
Processed step 290 of 500
Processed step 300 of 500
Processed step 310 of 500
Processed step 320 of 500
Processed step 330 of 500
Processed step 340 of 500
Processed step 350 of 500
Processed step 360 of 500
Processed step 370 of 500
Processed step 380 of 500
Processed step 390 of 500
Processed step 400 of 500
Processed step 410 of 500
Processed step 420 of 500
Processed step 430 of 500
Processed step 440 of 500
Processed step 450 of 500
Processed step 460 of 500
Processed step 470 of 500
Processed step 480 of 500
Processed step 490 of 500
[2026-10-10 08:01:16,019][agent.finetune.train_ppo_diffusion_agent][INFO] - approx_kl: 0.0, update_epoch: 0, num_batch: 4
[2026-10-10 08:01:17,842][agent.finetune.train_ppo_diffusion_agent][INFO] - approx_kl: 0.0, update_epoch: 0, num_batch: 4
[2026-10-10 08:01:19,758][agent.finetune.train_ppo_diffusion_agent][INFO] - approx_kl: 0.0, update_epoch: 0, num_batch: 4
[2026-10-10 08:01:21,490][agent.finetune.train_ppo_diffusion_agent][INFO] - approx_kl: 0.0, update_epoch: 0, num_batch: 4
[2026-10-10 08:01:23,325][agent.finetune.train_ppo_diffusion_agent][INFO] - approx_kl: 0.0, update_epoch: 1, num_batch: 4
[2026-10-10 08:01:25,202][agent.finetune.train_ppo_diffusion_agent][INFO] - approx_kl: 0.0, update_epoch: 1, num_batch: 4
[2026-10-10 08:01:27,165][agent.finetune.train_ppo_diffusion_agent][INFO] - approx_kl: 0.0, update_epoch: 1, num_batch: 4
[2026-10-10 08:01:28,904][agent.finetune.train_ppo_diffusion_agent][INFO] - approx_kl: 0.0, update_epoch: 1, num_batch: 4
[2026-10-10 08:01:30,743][agent.finetune.train_ppo_diffusion_agent][INFO] - approx_kl: 0.0, update_epoch: 2, num_batch: 4
[2026-10-10 08:01:32,574][agent.finetune.train_ppo_diffusion_agent][INFO] - approx_kl: 0.0, update_epoch: 2, num_batch: 4
[2026-10-10 08:01:34,523][agent.finetune.train_ppo_diffusion_agent][INFO] - approx_kl: 0.0, update_epoch: 2, num_batch: 4
[2026-10-10 08:01:36,287][agent.finetune.train_ppo_diffusion_agent][INFO] - approx_kl: 0.0, update_epoch: 2, num_batch: 4
[2026-10-10 08:01:38,157][agent.finetune.train_ppo_diffusion_agent][INFO] - approx_kl: 0.0, update_epoch: 3, num_batch: 4
[2026-10-10 08:01:40,010][agent.finetune.train_ppo_diffusion_agent][INFO] - approx_kl: 0.0, update_epoch: 3, num_batch: 4
[2026-10-10 08:01:41,971][agent.finetune.train_ppo_diffusion_agent][INFO] - approx_kl: 0.0, update_epoch: 3, num_batch: 4
[2026-10-10 08:01:43,739][agent.finetune.train_ppo_diffusion_agent][INFO] - approx_kl: 0.0, update_epoch: 3, num_batch: 4
[2026-10-10 08:01:45,579][agent.finetune.train_ppo_diffusion_agent][INFO] - approx_kl: 0.0, update_epoch: 4, num_batch: 4
[2026-10-10 08:01:47,397][agent.finetune.train_ppo_diffusion_agent][INFO] - approx_kl: 0.0, update_epoch: 4, num_batch: 4
[2026-10-10 08:01:49,378][agent.finetune.train_ppo_diffusion_agent][INFO] - approx_kl: 0.0, update_epoch: 4, num_batch: 4
[2026-10-10 08:01:51,124][agent.finetune.train_ppo_diffusion_agent][INFO] - approx_kl: 0.0, update_epoch: 4, num_batch: 4
[2026-10-10 08:01:58,501][agent.finetune.train_ppo_diffusion_agent][INFO] - 126: step  9120000 | loss  -0.4327 | pg loss  -0.4874 | value loss   0.1093 | bc loss   0.0000 | reward 4021.9107 | eta   1.0000 | t: 58.3466 | kl_true_per_action=0.0005833735281783437 | logratio_p99=0.039806419610977146 | clamp_hit_frac=0.0007854166666666667 | actor_step_ratio=1.0 | actor_step_clipfrac=0.0
[2026-10-10 08:01:58,501][agent.finetune.stage3_support][INFO] - STAGE3_METRICS {"J_disc_train": 1424.4501909097166, "J_disc_train_se": 18.943323763834016, "action_oor_frac": 0.15143541666666666, "adv_raw_mean": 1.4551915228366853e-15, "adv_raw_std": 189.9698495845626, "diagnostics_seconds": 0.11423896695487201, "episode_count": 80, "explained_var": 0.2986917495727539, "explained_var_reason": null, "grad_cos_prev": 0.06813446565195015, "grad_cos_prev_reason": null, "grad_norm": 18.531558065428634, "policy_action_oor_frac": 0.15145833333333333, "proj_active": false, "reward_clip_frac": 0.0, "rollout_seconds": 13.79241847700905, "split_diff_sq": 1327.592258482909, "split_dot": 11.520566408441312, "theta_dist": 0.028573387658874898, "theta_dist_preproj": 0.028573387658874898, "update_norm": 0.00224367311967415, "update_seconds": 44.4349517429946, "x0_sat_frac_last": 0.04281147399343356, "x0_sat_frac_mean": 0.06887493441984653}
Processed step 0 of 500
Processed step 10 of 500
Processed step 20 of 500
Processed step 30 of 500
Processed step 40 of 500
Processed step 50 of 500
Processed step 60 of 500
Processed step 70 of 500
Processed step 80 of 500
Processed step 90 of 500
Processed step 100 of 500
Processed step 110 of 500
Processed step 120 of 500
Processed step 130 of 500
Processed step 140 of 500
Processed step 150 of 500
Processed step 160 of 500
Processed step 170 of 500
Processed step 180 of 500
Processed step 190 of 500
Processed step 200 of 500
Processed step 210 of 500
Processed step 220 of 500
Processed step 230 of 500
Processed step 240 of 500
Processed step 250 of 500
Processed step 260 of 500
Processed step 270 of 500
Processed step 280 of 500
Processed step 290 of 500
Processed step 300 of 500
Processed step 310 of 500
Processed step 320 of 500
Processed step 330 of 500
Processed step 340 of 500
Processed step 350 of 500
Processed step 360 of 500
Processed step 370 of 500
Processed step 380 of 500
Processed step 390 of 500
Processed step 400 of 500
Processed step 410 of 500
Processed step 420 of 500
Processed step 430 of 500
Processed step 440 of 500
Processed step 450 of 500
Processed step 460 of 500
Processed step 470 of 500
Processed step 480 of 500
Processed step 490 of 500
[2026-10-10 08:02:14,487][agent.finetune.train_ppo_diffusion_agent][INFO] - approx_kl: 0.0, update_epoch: 0, num_batch: 4
[2026-10-10 08:02:16,462][agent.finetune.train_ppo_diffusion_agent][INFO] - approx_kl: 0.0, update_epoch: 0, num_batch: 4
[2026-10-10 08:02:18,414][agent.finetune.train_ppo_diffusion_agent][INFO] - approx_kl: 0.0, update_epoch: 0, num_batch: 4
[2026-10-10 08:02:20,164][agent.finetune.train_ppo_diffusion_agent][INFO] - approx_kl: 0.0, update_epoch: 0, num_batch: 4
[2026-10-10 08:02:22,023][agent.finetune.train_ppo_diffusion_agent][INFO] - approx_kl: 0.0, update_epoch: 1, num_batch: 4
[2026-10-10 08:02:23,990][agent.finetune.train_ppo_diffusion_agent][INFO] - approx_kl: 0.0, update_epoch: 1, num_batch: 4
[2026-10-10 08:02:25,818][agent.finetune.train_ppo_diffusion_agent][INFO] - approx_kl: 0.0, update_epoch: 1, num_batch: 4
[2026-10-10 08:02:27,696][agent.finetune.train_ppo_diffusion_agent][INFO] - approx_kl: 0.0, update_epoch: 1, num_batch: 4
[2026-10-10 08:02:29,533][agent.finetune.train_ppo_diffusion_agent][INFO] - approx_kl: 0.0, update_epoch: 2, num_batch: 4
[2026-10-10 08:02:31,488][agent.finetune.train_ppo_diffusion_agent][INFO] - approx_kl: 0.0, update_epoch: 2, num_batch: 4
[2026-10-10 08:02:33,220][agent.finetune.train_ppo_diffusion_agent][INFO] - approx_kl: 0.0, update_epoch: 2, num_batch: 4
[2026-10-10 08:02:35,057][agent.finetune.train_ppo_diffusion_agent][INFO] - approx_kl: 0.0, update_epoch: 2, num_batch: 4
[2026-10-10 08:02:36,889][agent.finetune.train_ppo_diffusion_agent][INFO] - approx_kl: 0.0, update_epoch: 3, num_batch: 4
[2026-10-10 08:02:38,868][agent.finetune.train_ppo_diffusion_agent][INFO] - approx_kl: 0.0, update_epoch: 3, num_batch: 4
[2026-10-10 08:02:40,617][agent.finetune.train_ppo_diffusion_agent][INFO] - approx_kl: 0.0, update_epoch: 3, num_batch: 4
[2026-10-10 08:02:42,498][agent.finetune.train_ppo_diffusion_agent][INFO] - approx_kl: 0.0, update_epoch: 3, num_batch: 4
[2026-10-10 08:02:44,361][agent.finetune.train_ppo_diffusion_agent][INFO] - approx_kl: 0.0, update_epoch: 4, num_batch: 4
[2026-10-10 08:02:46,331][agent.finetune.train_ppo_diffusion_agent][INFO] - approx_kl: 0.0, update_epoch: 4, num_batch: 4
[2026-10-10 08:02:48,073][agent.finetune.train_ppo_diffusion_agent][INFO] - approx_kl: 0.0, update_epoch: 4, num_batch: 4
[2026-10-10 08:02:49,885][agent.finetune.train_ppo_diffusion_agent][INFO] - approx_kl: 0.0, update_epoch: 4, num_batch: 4
[2026-10-10 08:02:57,266][agent.finetune.train_ppo_diffusion_agent][INFO] - 127: step  9200000 | loss   0.4458 | pg loss   0.3917 | value loss   0.1082 | bc loss   0.0000 | reward 4002.7223 | eta   1.0000 | t: 58.7648 | kl_true_per_action=0.0003238464993751576 | logratio_p99=0.029876306056976287 | clamp_hit_frac=0.0007583333333333333 | actor_step_ratio=1.0 | actor_step_clipfrac=0.0
[2026-10-10 08:02:57,266][agent.finetune.stage3_support][INFO] - STAGE3_METRICS {"J_disc_train": 1412.8313857540954, "J_disc_train_se": 15.435448493894544, "action_oor_frac": 0.15272291666666668, "adv_raw_mean": -3.392415237613022e-14, "adv_raw_std": 176.60854446652655, "diagnostics_seconds": 0.14156723313499242, "episode_count": 80, "explained_var": 0.2726393938064575, "explained_var_reason": null, "grad_cos_prev": -0.12513785775852776, "grad_cos_prev_reason": null, "grad_norm": 13.897274247523502, "policy_action_oor_frac": 0.15273958333333335, "proj_active": false, "reward_clip_frac": 0.0, "rollout_seconds": 13.633891522069462, "split_diff_sq": 758.261300523239, "split_dot": 3.5689158904843943, "theta_dist": 0.028446956766854065, "theta_dist_preproj": 0.028446956766854065, "update_norm": 0.0016825897743554625, "update_seconds": 44.98472812981345, "x0_sat_frac_last": 0.044566313666162385, "x0_sat_frac_mean": 0.06798233592313387}
Processed step 0 of 500
Processed step 10 of 500
Processed step 20 of 500
Processed step 30 of 500
Processed step 40 of 500
Processed step 50 of 500
Processed step 60 of 500
Processed step 70 of 500
Processed step 80 of 500
Processed step 90 of 500
Processed step 100 of 500
Processed step 110 of 500
Processed step 120 of 500
Processed step 130 of 500
Processed step 140 of 500
Processed step 150 of 500
Processed step 160 of 500
Processed step 170 of 500
Processed step 180 of 500
Processed step 190 of 500
Processed step 200 of 500
Processed step 210 of 500
Processed step 220 of 500
Processed step 230 of 500
Processed step 240 of 500
Processed step 250 of 500
Processed step 260 of 500
Processed step 270 of 500
Processed step 280 of 500
Processed step 290 of 500
Processed step 300 of 500
Processed step 310 of 500
Processed step 320 of 500
Processed step 330 of 500
Processed step 340 of 500
Processed step 350 of 500
Processed step 360 of 500
Processed step 370 of 500
Processed step 380 of 500
Processed step 390 of 500
Processed step 400 of 500
Processed step 410 of 500
Processed step 420 of 500
Processed step 430 of 500
Processed step 440 of 500
Processed step 450 of 500
Processed step 460 of 500
Processed step 470 of 500
Processed step 480 of 500
Processed step 490 of 500
[2026-10-10 08:03:12,393][agent.finetune.train_ppo_diffusion_agent][INFO] - approx_kl: 0.0, update_epoch: 0, num_batch: 4
[2026-10-10 08:03:14,401][agent.finetune.train_ppo_diffusion_agent][INFO] - approx_kl: 0.0, update_epoch: 0, num_batch: 4
[2026-10-10 08:03:16,161][agent.finetune.train_ppo_diffusion_agent][INFO] - approx_kl: 0.0, update_epoch: 0, num_batch: 4
[2026-10-10 08:03:17,992][agent.finetune.train_ppo_diffusion_agent][INFO] - approx_kl: 0.0, update_epoch: 0, num_batch: 4
[2026-10-10 08:03:19,807][agent.finetune.train_ppo_diffusion_agent][INFO] - approx_kl: 0.0, update_epoch: 1, num_batch: 4
[2026-10-10 08:03:21,732][agent.finetune.train_ppo_diffusion_agent][INFO] - approx_kl: 0.0, update_epoch: 1, num_batch: 4
[2026-10-10 08:03:23,505][agent.finetune.train_ppo_diffusion_agent][INFO] - approx_kl: 0.0, update_epoch: 1, num_batch: 4
[2026-10-10 08:03:25,374][agent.finetune.train_ppo_diffusion_agent][INFO] - approx_kl: 0.0, update_epoch: 1, num_batch: 4
[2026-10-10 08:03:27,237][agent.finetune.train_ppo_diffusion_agent][INFO] - approx_kl: 0.0, update_epoch: 2, num_batch: 4
[2026-10-10 08:03:29,194][agent.finetune.train_ppo_diffusion_agent][INFO] - approx_kl: 0.0, update_epoch: 2, num_batch: 4
[2026-10-10 08:03:30,933][agent.finetune.train_ppo_diffusion_agent][INFO] - approx_kl: 0.0, update_epoch: 2, num_batch: 4
[2026-10-10 08:03:32,778][agent.finetune.train_ppo_diffusion_agent][INFO] - approx_kl: 0.0, update_epoch: 2, num_batch: 4
[2026-10-10 08:03:34,627][agent.finetune.train_ppo_diffusion_agent][INFO] - approx_kl: 0.0, update_epoch: 3, num_batch: 4
[2026-10-10 08:03:36,603][agent.finetune.train_ppo_diffusion_agent][INFO] - approx_kl: 0.0, update_epoch: 3, num_batch: 4
[2026-10-10 08:03:38,369][agent.finetune.train_ppo_diffusion_agent][INFO] - approx_kl: 0.0, update_epoch: 3, num_batch: 4
[2026-10-10 08:03:40,222][agent.finetune.train_ppo_diffusion_agent][INFO] - approx_kl: 0.0, update_epoch: 3, num_batch: 4
[2026-10-10 08:03:42,074][agent.finetune.train_ppo_diffusion_agent][INFO] - approx_kl: 0.0, update_epoch: 4, num_batch: 4
[2026-10-10 08:03:44,038][agent.finetune.train_ppo_diffusion_agent][INFO] - approx_kl: 0.0, update_epoch: 4, num_batch: 4
[2026-10-10 08:03:45,775][agent.finetune.train_ppo_diffusion_agent][INFO] - approx_kl: 0.0, update_epoch: 4, num_batch: 4
[2026-10-10 08:03:47,608][agent.finetune.train_ppo_diffusion_agent][INFO] - approx_kl: 0.0, update_epoch: 4, num_batch: 4
[2026-10-10 08:03:55,070][agent.finetune.train_ppo_diffusion_agent][INFO] - 128: step  9280000 | loss  -0.0350 | pg loss  -0.0900 | value loss   0.1101 | bc loss   0.0000 | reward 3951.6367 | eta   1.0000 | t: 57.8045 | kl_true_per_action=0.0005741891742264676 | logratio_p99=0.03851806282997128 | clamp_hit_frac=0.0007854166666666667 | actor_step_ratio=1.0 | actor_step_clipfrac=0.0
[2026-10-10 08:03:55,071][agent.finetune.stage3_support][INFO] - STAGE3_METRICS {"J_disc_train": 1396.9576501782972, "J_disc_train_se": 18.3722899731771, "action_oor_frac": 0.149025, "adv_raw_mean": 4.365574568510055e-15, "adv_raw_std": 209.25100281012305, "diagnostics_seconds": 0.12692506099119782, "episode_count": 80, "explained_var": 0.40387701988220215, "explained_var_reason": null, "grad_cos_prev": 0.040459340892950904, "grad_cos_prev_reason": null, "grad_norm": 17.446925444538735, "policy_action_oor_frac": 0.14905625, "proj_active": false, "reward_clip_frac": 0.0, "rollout_seconds": 12.99030150892213, "split_diff_sq": 1026.829341980896, "split_dot": 47.68786660433677, "theta_dist": 0.028390942892258412, "theta_dist_preproj": 0.028390942892258412, "update_norm": 0.002112342099913507, "update_seconds": 44.68287231097929, "x0_sat_frac_last": 0.04254666011787819, "x0_sat_frac_mean": 0.06783293514095132}
Processed step 0 of 500
Processed step 10 of 500
Processed step 20 of 500
Processed step 30 of 500
Processed step 40 of 500
Processed step 50 of 500
Processed step 60 of 500
Processed step 70 of 500
Processed step 80 of 500
Processed step 90 of 500
Processed step 100 of 500
Processed step 110 of 500
Processed step 120 of 500
Processed step 130 of 500
Processed step 140 of 500
Processed step 150 of 500
Processed step 160 of 500
Processed step 170 of 500
Processed step 180 of 500
Processed step 190 of 500
Processed step 200 of 500
Processed step 210 of 500
Processed step 220 of 500
Processed step 230 of 500
Processed step 240 of 500
Processed step 250 of 500
Processed step 260 of 500
Processed step 270 of 500
Processed step 280 of 500
Processed step 290 of 500
Processed step 300 of 500
Processed step 310 of 500
Processed step 320 of 500
Processed step 330 of 500
Processed step 340 of 500
Processed step 350 of 500
Processed step 360 of 500
Processed step 370 of 500
Processed step 380 of 500
Processed step 390 of 500
Processed step 400 of 500
Processed step 410 of 500
Processed step 420 of 500
Processed step 430 of 500
Processed step 440 of 500
Processed step 450 of 500
Processed step 460 of 500
Processed step 470 of 500
Processed step 480 of 500
Processed step 490 of 500
[2026-10-10 08:04:10,100][agent.finetune.train_ppo_diffusion_agent][INFO] - approx_kl: 0.0, update_epoch: 0, num_batch: 4
[2026-10-10 08:04:12,045][agent.finetune.train_ppo_diffusion_agent][INFO] - approx_kl: 0.0, update_epoch: 0, num_batch: 4
[2026-10-10 08:04:13,793][agent.finetune.train_ppo_diffusion_agent][INFO] - approx_kl: 0.0, update_epoch: 0, num_batch: 4
[2026-10-10 08:04:15,636][agent.finetune.train_ppo_diffusion_agent][INFO] - approx_kl: 0.0, update_epoch: 0, num_batch: 4
[2026-10-10 08:04:17,487][agent.finetune.train_ppo_diffusion_agent][INFO] - approx_kl: 0.0, update_epoch: 1, num_batch: 4
[2026-10-10 08:04:19,501][agent.finetune.train_ppo_diffusion_agent][INFO] - approx_kl: 0.0, update_epoch: 1, num_batch: 4
[2026-10-10 08:04:21,231][agent.finetune.train_ppo_diffusion_agent][INFO] - approx_kl: 0.0, update_epoch: 1, num_batch: 4
[2026-10-10 08:04:23,104][agent.finetune.train_ppo_diffusion_agent][INFO] - approx_kl: 0.0, update_epoch: 1, num_batch: 4
[2026-10-10 08:04:24,961][agent.finetune.train_ppo_diffusion_agent][INFO] - approx_kl: 0.0, update_epoch: 2, num_batch: 4
[2026-10-10 08:04:26,916][agent.finetune.train_ppo_diffusion_agent][INFO] - approx_kl: 0.0, update_epoch: 2, num_batch: 4
[2026-10-10 08:04:28,668][agent.finetune.train_ppo_diffusion_agent][INFO] - approx_kl: 0.0, update_epoch: 2, num_batch: 4
[2026-10-10 08:04:30,530][agent.finetune.train_ppo_diffusion_agent][INFO] - approx_kl: 0.0, update_epoch: 2, num_batch: 4
[2026-10-10 08:04:32,441][agent.finetune.train_ppo_diffusion_agent][INFO] - approx_kl: 0.0, update_epoch: 3, num_batch: 4
[2026-10-10 08:04:34,411][agent.finetune.train_ppo_diffusion_agent][INFO] - approx_kl: 0.0, update_epoch: 3, num_batch: 4
[2026-10-10 08:04:36,159][agent.finetune.train_ppo_diffusion_agent][INFO] - approx_kl: 0.0, update_epoch: 3, num_batch: 4
[2026-10-10 08:04:38,005][agent.finetune.train_ppo_diffusion_agent][INFO] - approx_kl: 0.0, update_epoch: 3, num_batch: 4
[2026-10-10 08:04:39,861][agent.finetune.train_ppo_diffusion_agent][INFO] - approx_kl: 0.0, update_epoch: 4, num_batch: 4
[2026-10-10 08:04:41,830][agent.finetune.train_ppo_diffusion_agent][INFO] - approx_kl: 0.0, update_epoch: 4, num_batch: 4
[2026-10-10 08:04:43,597][agent.finetune.train_ppo_diffusion_agent][INFO] - approx_kl: 0.0, update_epoch: 4, num_batch: 4
[2026-10-10 08:04:45,498][agent.finetune.train_ppo_diffusion_agent][INFO] - approx_kl: 0.0, update_epoch: 4, num_batch: 4
[2026-10-10 08:04:52,911][agent.finetune.train_ppo_diffusion_agent][INFO] - 129: step  9360000 | loss  -0.6355 | pg loss  -0.6900 | value loss   0.1089 | bc loss   0.0000 | reward 4070.3377 | eta   1.0000 | t: 57.8405 | kl_true_per_action=0.00021629218636323862 | logratio_p99=0.02306618452072143 | clamp_hit_frac=0.0007625 | actor_step_ratio=1.0 | actor_step_clipfrac=0.0
[2026-10-10 08:04:52,911][agent.finetune.stage3_support][INFO] - STAGE3_METRICS {"J_disc_train": 1431.021463964355, "J_disc_train_se": 13.57184195868623, "action_oor_frac": 0.15316458333333333, "adv_raw_mean": -2.4738255888223647e-14, "adv_raw_std": 144.86243635344408, "diagnostics_seconds": 0.11734799889381975, "episode_count": 80, "explained_var": 0.15473335981369019, "explained_var_reason": null, "grad_cos_prev": 0.043776274598699025, "grad_cos_prev_reason": null, "grad_norm": 12.233080486286587, "policy_action_oor_frac": 0.15318333333333334, "proj_active": false, "reward_clip_frac": 0.0, "rollout_seconds": 12.941505546914414, "split_diff_sq": 530.2910680723878, "split_dot": 17.075500984735406, "theta_dist": 0.02831112715456209, "theta_dist_preproj": 0.02831112715456209, "update_norm": 0.0014811002942499401, "update_seconds": 44.77667808311526, "x0_sat_frac_last": 0.04028960106826907, "x0_sat_frac_mean": 0.06831251791173763}
Processed step 0 of 500
Processed step 10 of 500
Processed step 20 of 500
Processed step 30 of 500
Processed step 40 of 500
Processed step 50 of 500
Processed step 60 of 500
Processed step 70 of 500
Processed step 80 of 500
Processed step 90 of 500
Processed step 100 of 500
Processed step 110 of 500
Processed step 120 of 500
Processed step 130 of 500
Processed step 140 of 500
Processed step 150 of 500
Processed step 160 of 500
Processed step 170 of 500
Processed step 180 of 500
Processed step 190 of 500
Processed step 200 of 500
Processed step 210 of 500
Processed step 220 of 500
Processed step 230 of 500
Processed step 240 of 500
Processed step 250 of 500
Processed step 260 of 500
Processed step 270 of 500
Processed step 280 of 500
Processed step 290 of 500
Processed step 300 of 500
Processed step 310 of 500
Processed step 320 of 500
Processed step 330 of 500
Processed step 340 of 500
Processed step 350 of 500
Processed step 360 of 500
Processed step 370 of 500
Processed step 380 of 500
Processed step 390 of 500
Processed step 400 of 500
Processed step 410 of 500
Processed step 420 of 500
Processed step 430 of 500
Processed step 440 of 500
Processed step 450 of 500
Processed step 460 of 500
Processed step 470 of 500
Processed step 480 of 500
Processed step 490 of 500
[2026-10-10 08:05:05,775][agent.finetune.train_ppo_diffusion_agent][INFO] - eval: success rate   1.0000 | avg episode reward 4347.8596 | avg best reward   6.4744
[2026-10-10 08:05:05,776][agent.finetune.stage3_support][INFO] - STAGE3_METRICS {"J_disc_eval": 1513.7706450830062, "J_disc_eval_se": 17.33796271922732, "action_oor_frac": 0.0, "diagnostics_seconds": 0.015287223039194942, "episode_count": 80, "policy_action_oor_frac": 0.0, "rollout_seconds": 12.843245125026442, "update_seconds": 0.0}
Processed step 0 of 500
Processed step 10 of 500
Processed step 20 of 500
Processed step 30 of 500
Processed step 40 of 500
Processed step 50 of 500
Processed step 60 of 500
Processed step 70 of 500
Processed step 80 of 500
Processed step 90 of 500
Processed step 100 of 500
Processed step 110 of 500
Processed step 120 of 500
Processed step 130 of 500
Processed step 140 of 500
Processed step 150 of 500
Processed step 160 of 500
Processed step 170 of 500
Processed step 180 of 500
Processed step 190 of 500
Processed step 200 of 500
Processed step 210 of 500
Processed step 220 of 500
Processed step 230 of 500
Processed step 240 of 500
Processed step 250 of 500
Processed step 260 of 500
Processed step 270 of 500
Processed step 280 of 500
Processed step 290 of 500
Processed step 300 of 500
Processed step 310 of 500
Processed step 320 of 500
Processed step 330 of 500
Processed step 340 of 500
Processed step 350 of 500
Processed step 360 of 500
Processed step 370 of 500
Processed step 380 of 500
Processed step 390 of 500
Processed step 400 of 500
Processed step 410 of 500
Processed step 420 of 500
Processed step 430 of 500
Processed step 440 of 500
Processed step 450 of 500
Processed step 460 of 500
Processed step 470 of 500
Processed step 480 of 500
Processed step 490 of 500
[2026-10-10 08:05:20,927][agent.finetune.train_ppo_diffusion_agent][INFO] - approx_kl: 0.0, update_epoch: 0, num_batch: 4
[2026-10-10 08:05:22,895][agent.finetune.train_ppo_diffusion_agent][INFO] - approx_kl: 0.0, update_epoch: 0, num_batch: 4
[2026-10-10 08:05:24,582][agent.finetune.train_ppo_diffusion_agent][INFO] - approx_kl: 0.0, update_epoch: 0, num_batch: 4
[2026-10-10 08:05:26,398][agent.finetune.train_ppo_diffusion_agent][INFO] - approx_kl: 0.0, update_epoch: 0, num_batch: 4
[2026-10-10 08:05:28,211][agent.finetune.train_ppo_diffusion_agent][INFO] - approx_kl: 0.0, update_epoch: 1, num_batch: 4
[2026-10-10 08:05:30,336][agent.finetune.train_ppo_diffusion_agent][INFO] - approx_kl: 0.0, update_epoch: 1, num_batch: 4
[2026-10-10 08:05:31,976][agent.finetune.train_ppo_diffusion_agent][INFO] - approx_kl: 0.0, update_epoch: 1, num_batch: 4
[2026-10-10 08:05:33,764][agent.finetune.train_ppo_diffusion_agent][INFO] - approx_kl: 0.0, update_epoch: 1, num_batch: 4
[2026-10-10 08:05:35,538][agent.finetune.train_ppo_diffusion_agent][INFO] - approx_kl: 0.0, update_epoch: 2, num_batch: 4
[2026-10-10 08:05:37,456][agent.finetune.train_ppo_diffusion_agent][INFO] - approx_kl: 0.0, update_epoch: 2, num_batch: 4
[2026-10-10 08:05:39,112][agent.finetune.train_ppo_diffusion_agent][INFO] - approx_kl: 0.0, update_epoch: 2, num_batch: 4
[2026-10-10 08:05:40,929][agent.finetune.train_ppo_diffusion_agent][INFO] - approx_kl: 0.0, update_epoch: 2, num_batch: 4
[2026-10-10 08:05:42,881][agent.finetune.train_ppo_diffusion_agent][INFO] - approx_kl: 0.0, update_epoch: 3, num_batch: 4
[2026-10-10 08:05:44,734][agent.finetune.train_ppo_diffusion_agent][INFO] - approx_kl: 0.0, update_epoch: 3, num_batch: 4
[2026-10-10 08:05:46,386][agent.finetune.train_ppo_diffusion_agent][INFO] - approx_kl: 0.0, update_epoch: 3, num_batch: 4
[2026-10-10 08:05:48,085][agent.finetune.train_ppo_diffusion_agent][INFO] - approx_kl: 0.0, update_epoch: 3, num_batch: 4
[2026-10-10 08:05:49,805][agent.finetune.train_ppo_diffusion_agent][INFO] - approx_kl: 0.0, update_epoch: 4, num_batch: 4
[2026-10-10 08:05:51,649][agent.finetune.train_ppo_diffusion_agent][INFO] - approx_kl: 0.0, update_epoch: 4, num_batch: 4
[2026-10-10 08:05:53,288][agent.finetune.train_ppo_diffusion_agent][INFO] - approx_kl: 0.0, update_epoch: 4, num_batch: 4
[2026-10-10 08:05:55,066][agent.finetune.train_ppo_diffusion_agent][INFO] - approx_kl: 0.0, update_epoch: 4, num_batch: 4
[2026-10-10 08:06:02,072][agent.finetune.train_ppo_diffusion_agent][INFO] - 131: step  9440000 | loss  -0.4789 | pg loss  -0.5316 | value loss   0.1054 | bc loss   0.0000 | reward 3884.3137 | eta   1.0000 | t: 56.2971 | kl_true_per_action=0.00033863510852171353 | logratio_p99=0.02568244278430931 | clamp_hit_frac=0.0007791666666666666 | actor_step_ratio=1.0 | actor_step_clipfrac=0.0
[2026-10-10 08:06:02,073][agent.finetune.stage3_support][INFO] - STAGE3_METRICS {"J_disc_train": 1397.0952878736327, "J_disc_train_se": 22.160729847203122, "action_oor_frac": 0.14623958333333334, "adv_raw_mean": 8.73114913702011e-15, "adv_raw_std": 269.40854991390125, "diagnostics_seconds": 0.11763160314876586, "episode_count": 80, "explained_var": 0.5548873841762543, "explained_var_reason": null, "grad_cos_prev": -0.037613947731025235, "grad_cos_prev_reason": null, "grad_norm": 21.97176161153328, "policy_action_oor_frac": 0.14626666666666666, "proj_active": false, "reward_clip_frac": 0.0, "rollout_seconds": 13.02809353696648, "split_diff_sq": 2070.6563683204913, "split_dot": -34.90580624540319, "theta_dist": 0.02844843263781059, "theta_dist_preproj": 0.02844843263781059, "update_norm": 0.002660180569608699, "update_seconds": 43.14713973691687, "x0_sat_frac_last": 0.03781827259111333, "x0_sat_frac_mean": 0.06710975007512006}
Processed step 0 of 500
Processed step 10 of 500
Processed step 20 of 500
Processed step 30 of 500
Processed step 40 of 500
Processed step 50 of 500
Processed step 60 of 500
Processed step 70 of 500
Processed step 80 of 500
Processed step 90 of 500
Processed step 100 of 500
Processed step 110 of 500
Processed step 120 of 500
Processed step 130 of 500
Processed step 140 of 500
Processed step 150 of 500
Processed step 160 of 500
Processed step 170 of 500
Processed step 180 of 500
Processed step 190 of 500
Processed step 200 of 500
Processed step 210 of 500
Processed step 220 of 500
Processed step 230 of 500
Processed step 240 of 500
Processed step 250 of 500
Processed step 260 of 500
Processed step 270 of 500
Processed step 280 of 500
Processed step 290 of 500
Processed step 300 of 500
Processed step 310 of 500
Processed step 320 of 500
Processed step 330 of 500
Processed step 340 of 500
Processed step 350 of 500
Processed step 360 of 500
Processed step 370 of 500
Processed step 380 of 500
Processed step 390 of 500
Processed step 400 of 500
Processed step 410 of 500
Processed step 420 of 500
Processed step 430 of 500
Processed step 440 of 500
Processed step 450 of 500
Processed step 460 of 500
Processed step 470 of 500
Processed step 480 of 500
Processed step 490 of 500
[2026-10-10 08:06:17,304][agent.finetune.train_ppo_diffusion_agent][INFO] - approx_kl: 0.0, update_epoch: 0, num_batch: 4
[2026-10-10 08:06:18,956][agent.finetune.train_ppo_diffusion_agent][INFO] - approx_kl: 0.0, update_epoch: 0, num_batch: 4
[2026-10-10 08:06:20,702][agent.finetune.train_ppo_diffusion_agent][INFO] - approx_kl: 0.0, update_epoch: 0, num_batch: 4
[2026-10-10 08:06:22,448][agent.finetune.train_ppo_diffusion_agent][INFO] - approx_kl: 0.0, update_epoch: 0, num_batch: 4
[2026-10-10 08:06:24,292][agent.finetune.train_ppo_diffusion_agent][INFO] - approx_kl: 0.0, update_epoch: 1, num_batch: 4
[2026-10-10 08:06:25,950][agent.finetune.train_ppo_diffusion_agent][INFO] - approx_kl: 0.0, update_epoch: 1, num_batch: 4
[2026-10-10 08:06:27,748][agent.finetune.train_ppo_diffusion_agent][INFO] - approx_kl: 0.0, update_epoch: 1, num_batch: 4
[2026-10-10 08:06:29,495][agent.finetune.train_ppo_diffusion_agent][INFO] - approx_kl: 0.0, update_epoch: 1, num_batch: 4
[2026-10-10 08:06:31,323][agent.finetune.train_ppo_diffusion_agent][INFO] - approx_kl: 0.0, update_epoch: 2, num_batch: 4
[2026-10-10 08:06:32,962][agent.finetune.train_ppo_diffusion_agent][INFO] - approx_kl: 0.0, update_epoch: 2, num_batch: 4
[2026-10-10 08:06:34,701][agent.finetune.train_ppo_diffusion_agent][INFO] - approx_kl: 0.0, update_epoch: 2, num_batch: 4
[2026-10-10 08:06:36,445][agent.finetune.train_ppo_diffusion_agent][INFO] - approx_kl: 0.0, update_epoch: 2, num_batch: 4
[2026-10-10 08:06:38,299][agent.finetune.train_ppo_diffusion_agent][INFO] - approx_kl: 0.0, update_epoch: 3, num_batch: 4
[2026-10-10 08:06:39,945][agent.finetune.train_ppo_diffusion_agent][INFO] - approx_kl: 0.0, update_epoch: 3, num_batch: 4
[2026-10-10 08:06:41,755][agent.finetune.train_ppo_diffusion_agent][INFO] - approx_kl: 0.0, update_epoch: 3, num_batch: 4
[2026-10-10 08:06:43,527][agent.finetune.train_ppo_diffusion_agent][INFO] - approx_kl: 0.0, update_epoch: 3, num_batch: 4
[2026-10-10 08:06:45,408][agent.finetune.train_ppo_diffusion_agent][INFO] - approx_kl: 0.0, update_epoch: 4, num_batch: 4
[2026-10-10 08:06:47,068][agent.finetune.train_ppo_diffusion_agent][INFO] - approx_kl: 0.0, update_epoch: 4, num_batch: 4
[2026-10-10 08:06:48,821][agent.finetune.train_ppo_diffusion_agent][INFO] - approx_kl: 0.0, update_epoch: 4, num_batch: 4
[2026-10-10 08:06:50,581][agent.finetune.train_ppo_diffusion_agent][INFO] - approx_kl: 0.0, update_epoch: 4, num_batch: 4
[2026-10-10 08:06:57,594][agent.finetune.train_ppo_diffusion_agent][INFO] - 132: step  9520000 | loss   0.2403 | pg loss   0.1866 | value loss   0.1074 | bc loss   0.0000 | reward 4024.3524 | eta   1.0000 | t: 55.5211 | kl_true_per_action=0.00046026828918931004 | logratio_p99=0.03389854073524474 | clamp_hit_frac=0.0007708333333333333 | actor_step_ratio=1.0 | actor_step_clipfrac=0.0
[2026-10-10 08:06:57,594][agent.finetune.stage3_support][INFO] - STAGE3_METRICS {"J_disc_train": 1426.9776654035502, "J_disc_train_se": 17.180529658750928, "action_oor_frac": 0.1507625, "adv_raw_mean": 2.7284841053187848e-15, "adv_raw_std": 212.63023779521637, "diagnostics_seconds": 0.12024406401906163, "episode_count": 80, "explained_var": 0.38795214891433716, "explained_var_reason": null, "grad_cos_prev": 0.021797645107864298, "grad_cos_prev_reason": null, "grad_norm": 17.6450221122716, "policy_action_oor_frac": 0.15079791666666667, "proj_active": false, "reward_clip_frac": 0.0, "rollout_seconds": 13.115338688949123, "split_diff_sq": 1156.8917331441971, "split_dot": 22.12385676941092, "theta_dist": 0.02866705277023031, "theta_dist_preproj": 0.02866705277023031, "update_norm": 0.0021363274915203677, "update_seconds": 42.280512511963025, "x0_sat_frac_last": 0.039524529569892476, "x0_sat_frac_mean": 0.06838647713157055}
Processed step 0 of 500
Processed step 10 of 500
Processed step 20 of 500
Processed step 30 of 500
Processed step 40 of 500
Processed step 50 of 500
Processed step 60 of 500
Processed step 70 of 500
Processed step 80 of 500
Processed step 90 of 500
Processed step 100 of 500
Processed step 110 of 500
Processed step 120 of 500
Processed step 130 of 500
Processed step 140 of 500
Processed step 150 of 500
Processed step 160 of 500
Processed step 170 of 500
Processed step 180 of 500
Processed step 190 of 500
Processed step 200 of 500
Processed step 210 of 500
Processed step 220 of 500
Processed step 230 of 500
Processed step 240 of 500
Processed step 250 of 500
Processed step 260 of 500
Processed step 270 of 500
Processed step 280 of 500
Processed step 290 of 500
Processed step 300 of 500
Processed step 310 of 500
Processed step 320 of 500
Processed step 330 of 500
Processed step 340 of 500
Processed step 350 of 500
Processed step 360 of 500
Processed step 370 of 500
Processed step 380 of 500
Processed step 390 of 500
Processed step 400 of 500
Processed step 410 of 500
Processed step 420 of 500
Processed step 430 of 500
Processed step 440 of 500
Processed step 450 of 500
Processed step 460 of 500
Processed step 470 of 500
Processed step 480 of 500
Processed step 490 of 500
[2026-10-10 08:07:13,267][agent.finetune.train_ppo_diffusion_agent][INFO] - approx_kl: 0.0, update_epoch: 0, num_batch: 4
[2026-10-10 08:07:14,979][agent.finetune.train_ppo_diffusion_agent][INFO] - approx_kl: 0.0, update_epoch: 0, num_batch: 4
[2026-10-10 08:07:16,777][agent.finetune.train_ppo_diffusion_agent][INFO] - approx_kl: 0.0, update_epoch: 0, num_batch: 4
[2026-10-10 08:07:18,591][agent.finetune.train_ppo_diffusion_agent][INFO] - approx_kl: 0.0, update_epoch: 0, num_batch: 4
[2026-10-10 08:07:20,501][agent.finetune.train_ppo_diffusion_agent][INFO] - approx_kl: 0.0, update_epoch: 1, num_batch: 4
[2026-10-10 08:07:22,280][agent.finetune.train_ppo_diffusion_agent][INFO] - approx_kl: 0.0, update_epoch: 1, num_batch: 4
[2026-10-10 08:07:24,192][agent.finetune.train_ppo_diffusion_agent][INFO] - approx_kl: 0.0, update_epoch: 1, num_batch: 4
[2026-10-10 08:07:26,027][agent.finetune.train_ppo_diffusion_agent][INFO] - approx_kl: 0.0, update_epoch: 1, num_batch: 4
[2026-10-10 08:07:27,971][agent.finetune.train_ppo_diffusion_agent][INFO] - approx_kl: 0.0, update_epoch: 2, num_batch: 4
[2026-10-10 08:07:29,698][agent.finetune.train_ppo_diffusion_agent][INFO] - approx_kl: 0.0, update_epoch: 2, num_batch: 4
[2026-10-10 08:07:31,527][agent.finetune.train_ppo_diffusion_agent][INFO] - approx_kl: 0.0, update_epoch: 2, num_batch: 4
[2026-10-10 08:07:33,390][agent.finetune.train_ppo_diffusion_agent][INFO] - approx_kl: 0.0, update_epoch: 2, num_batch: 4
[2026-10-10 08:07:35,387][agent.finetune.train_ppo_diffusion_agent][INFO] - approx_kl: 0.0, update_epoch: 3, num_batch: 4
[2026-10-10 08:07:37,119][agent.finetune.train_ppo_diffusion_agent][INFO] - approx_kl: 0.0, update_epoch: 3, num_batch: 4
[2026-10-10 08:07:38,953][agent.finetune.train_ppo_diffusion_agent][INFO] - approx_kl: 0.0, update_epoch: 3, num_batch: 4
[2026-10-10 08:07:40,790][agent.finetune.train_ppo_diffusion_agent][INFO] - approx_kl: 0.0, update_epoch: 3, num_batch: 4
[2026-10-10 08:07:42,733][agent.finetune.train_ppo_diffusion_agent][INFO] - approx_kl: 0.0, update_epoch: 4, num_batch: 4
[2026-10-10 08:07:44,463][agent.finetune.train_ppo_diffusion_agent][INFO] - approx_kl: 0.0, update_epoch: 4, num_batch: 4
[2026-10-10 08:07:46,302][agent.finetune.train_ppo_diffusion_agent][INFO] - approx_kl: 0.0, update_epoch: 4, num_batch: 4
[2026-10-10 08:07:48,184][agent.finetune.train_ppo_diffusion_agent][INFO] - approx_kl: 0.0, update_epoch: 4, num_batch: 4
[2026-10-10 08:07:55,626][agent.finetune.train_ppo_diffusion_agent][INFO] - 133: step  9600000 | loss  -0.6181 | pg loss  -0.6720 | value loss   0.1078 | bc loss   0.0000 | reward 4001.4368 | eta   1.0000 | t: 58.0329 | kl_true_per_action=0.0004734590246953724 | logratio_p99=0.03165289402008046 | clamp_hit_frac=0.0007875 | actor_step_ratio=1.0 | actor_step_clipfrac=0.0
[2026-10-10 08:07:55,627][agent.finetune.stage3_support][INFO] - STAGE3_METRICS {"J_disc_train": 1442.0395152442718, "J_disc_train_se": 18.833569273468456, "action_oor_frac": 0.149975, "adv_raw_mean": -6.548361852765083e-15, "adv_raw_std": 239.23377803105785, "diagnostics_seconds": 0.14374338509514928, "episode_count": 80, "explained_var": 0.49686938524246216, "explained_var_reason": null, "grad_cos_prev": -0.054251851243677825, "grad_cos_prev_reason": null, "grad_norm": 19.07639770438631, "policy_action_oor_frac": 0.15001458333333334, "proj_active": false, "reward_clip_frac": 0.0, "rollout_seconds": 13.125865003908984, "split_diff_sq": 1468.5915192235466, "split_dot": -3.238932164124466, "theta_dist": 0.02868918919739387, "theta_dist_preproj": 0.02868918919739387, "update_norm": 0.002309644506693577, "update_seconds": 44.757953949971125, "x0_sat_frac_last": 0.041357260726072605, "x0_sat_frac_mean": 0.06816655085638178}
Processed step 0 of 500
Processed step 10 of 500
Processed step 20 of 500
Processed step 30 of 500
Processed step 40 of 500
Processed step 50 of 500
Processed step 60 of 500
Processed step 70 of 500
Processed step 80 of 500
Processed step 90 of 500
Processed step 100 of 500
Processed step 110 of 500
Processed step 120 of 500
Processed step 130 of 500
Processed step 140 of 500
Processed step 150 of 500
Processed step 160 of 500
Processed step 170 of 500
Processed step 180 of 500
Processed step 190 of 500
Processed step 200 of 500
Processed step 210 of 500
Processed step 220 of 500
Processed step 230 of 500
Processed step 240 of 500
Processed step 250 of 500
Processed step 260 of 500
Processed step 270 of 500
Processed step 280 of 500
Processed step 290 of 500
Processed step 300 of 500
Processed step 310 of 500
Processed step 320 of 500
Processed step 330 of 500
Processed step 340 of 500
Processed step 350 of 500
Processed step 360 of 500
Processed step 370 of 500
Processed step 380 of 500
Processed step 390 of 500
Processed step 400 of 500
Processed step 410 of 500
Processed step 420 of 500
Processed step 430 of 500
Processed step 440 of 500
Processed step 450 of 500
Processed step 460 of 500
Processed step 470 of 500
Processed step 480 of 500
Processed step 490 of 500
[2026-10-10 08:08:10,699][agent.finetune.train_ppo_diffusion_agent][INFO] - approx_kl: 0.0, update_epoch: 0, num_batch: 4
[2026-10-10 08:08:12,426][agent.finetune.train_ppo_diffusion_agent][INFO] - approx_kl: 0.0, update_epoch: 0, num_batch: 4
[2026-10-10 08:08:14,252][agent.finetune.train_ppo_diffusion_agent][INFO] - approx_kl: 0.0, update_epoch: 0, num_batch: 4
[2026-10-10 08:08:16,154][agent.finetune.train_ppo_diffusion_agent][INFO] - approx_kl: 0.0, update_epoch: 0, num_batch: 4
[2026-10-10 08:08:17,874][agent.finetune.train_ppo_diffusion_agent][INFO] - approx_kl: 0.0, update_epoch: 1, num_batch: 4
[2026-10-10 08:08:19,732][agent.finetune.train_ppo_diffusion_agent][INFO] - approx_kl: 0.0, update_epoch: 1, num_batch: 4
[2026-10-10 08:08:21,557][agent.finetune.train_ppo_diffusion_agent][INFO] - approx_kl: 0.0, update_epoch: 1, num_batch: 4
[2026-10-10 08:08:23,513][agent.finetune.train_ppo_diffusion_agent][INFO] - approx_kl: 0.0, update_epoch: 1, num_batch: 4
[2026-10-10 08:08:25,247][agent.finetune.train_ppo_diffusion_agent][INFO] - approx_kl: 0.0, update_epoch: 2, num_batch: 4
[2026-10-10 08:08:27,065][agent.finetune.train_ppo_diffusion_agent][INFO] - approx_kl: 0.0, update_epoch: 2, num_batch: 4
[2026-10-10 08:08:28,886][agent.finetune.train_ppo_diffusion_agent][INFO] - approx_kl: 0.0, update_epoch: 2, num_batch: 4
[2026-10-10 08:08:30,842][agent.finetune.train_ppo_diffusion_agent][INFO] - approx_kl: 0.0, update_epoch: 2, num_batch: 4
[2026-10-10 08:08:32,612][agent.finetune.train_ppo_diffusion_agent][INFO] - approx_kl: 0.0, update_epoch: 3, num_batch: 4
[2026-10-10 08:08:34,446][agent.finetune.train_ppo_diffusion_agent][INFO] - approx_kl: 0.0, update_epoch: 3, num_batch: 4
[2026-10-10 08:08:36,268][agent.finetune.train_ppo_diffusion_agent][INFO] - approx_kl: 0.0, update_epoch: 3, num_batch: 4
[2026-10-10 08:08:38,200][agent.finetune.train_ppo_diffusion_agent][INFO] - approx_kl: 0.0, update_epoch: 3, num_batch: 4
[2026-10-10 08:08:39,937][agent.finetune.train_ppo_diffusion_agent][INFO] - approx_kl: 0.0, update_epoch: 4, num_batch: 4
[2026-10-10 08:08:41,762][agent.finetune.train_ppo_diffusion_agent][INFO] - approx_kl: 0.0, update_epoch: 4, num_batch: 4
[2026-10-10 08:08:43,589][agent.finetune.train_ppo_diffusion_agent][INFO] - approx_kl: 0.0, update_epoch: 4, num_batch: 4
[2026-10-10 08:08:45,565][agent.finetune.train_ppo_diffusion_agent][INFO] - approx_kl: 0.0, update_epoch: 4, num_batch: 4
[2026-10-10 08:08:52,909][agent.finetune.train_ppo_diffusion_agent][INFO] - 134: step  9680000 | loss   1.3331 | pg loss   1.2790 | value loss   0.1083 | bc loss   0.0000 | reward 3949.6652 | eta   1.0000 | t: 57.2821 | kl_true_per_action=0.00032440766301251146 | logratio_p99=0.025606119632720838 | clamp_hit_frac=0.00075625 | actor_step_ratio=1.0 | actor_step_clipfrac=0.0
[2026-10-10 08:08:52,909][agent.finetune.stage3_support][INFO] - STAGE3_METRICS {"J_disc_train": 1390.1490350168604, "J_disc_train_se": 23.8456823922268, "action_oor_frac": 0.14951458333333334, "adv_raw_mean": -1.8189894035458565e-14, "adv_raw_std": 250.5212053784392, "diagnostics_seconds": 0.12237100291531533, "episode_count": 80, "explained_var": 0.5200285911560059, "explained_var_reason": null, "grad_cos_prev": -0.031377725037777415, "grad_cos_prev_reason": null, "grad_norm": 21.86529252852622, "policy_action_oor_frac": 0.14954791666666667, "proj_active": false, "reward_clip_frac": 0.0, "rollout_seconds": 12.900977175915614, "split_diff_sq": 1992.6569690964366, "split_dot": -20.073217726531873, "theta_dist": 0.028989060529763765, "theta_dist_preproj": 0.028989060529763765, "update_norm": 0.0026472857226962744, "update_seconds": 44.25377376214601, "x0_sat_frac_last": 0.04030021210637951, "x0_sat_frac_mean": 0.06802258500959003}
Processed step 0 of 500
Processed step 10 of 500
Processed step 20 of 500
Processed step 30 of 500
Processed step 40 of 500
Processed step 50 of 500
Processed step 60 of 500
Processed step 70 of 500
Processed step 80 of 500
Processed step 90 of 500
Processed step 100 of 500
Processed step 110 of 500
Processed step 120 of 500
Processed step 130 of 500
Processed step 140 of 500
Processed step 150 of 500
Processed step 160 of 500
Processed step 170 of 500
Processed step 180 of 500
Processed step 190 of 500
Processed step 200 of 500
Processed step 210 of 500
Processed step 220 of 500
Processed step 230 of 500
Processed step 240 of 500
Processed step 250 of 500
Processed step 260 of 500
Processed step 270 of 500
Processed step 280 of 500
Processed step 290 of 500
Processed step 300 of 500
Processed step 310 of 500
Processed step 320 of 500
Processed step 330 of 500
Processed step 340 of 500
Processed step 350 of 500
Processed step 360 of 500
Processed step 370 of 500
Processed step 380 of 500
Processed step 390 of 500
Processed step 400 of 500
Processed step 410 of 500
Processed step 420 of 500
Processed step 430 of 500
Processed step 440 of 500
Processed step 450 of 500
Processed step 460 of 500
Processed step 470 of 500
Processed step 480 of 500
Processed step 490 of 500
[2026-10-10 08:09:07,789][agent.finetune.train_ppo_diffusion_agent][INFO] - approx_kl: 0.0, update_epoch: 0, num_batch: 4
[2026-10-10 08:09:09,647][agent.finetune.train_ppo_diffusion_agent][INFO] - approx_kl: 0.0, update_epoch: 0, num_batch: 4
[2026-10-10 08:09:11,480][agent.finetune.train_ppo_diffusion_agent][INFO] - approx_kl: 0.0, update_epoch: 0, num_batch: 4
[2026-10-10 08:09:13,422][agent.finetune.train_ppo_diffusion_agent][INFO] - approx_kl: 0.0, update_epoch: 0, num_batch: 4
[2026-10-10 08:09:15,130][agent.finetune.train_ppo_diffusion_agent][INFO] - approx_kl: 0.0, update_epoch: 1, num_batch: 4
[2026-10-10 08:09:16,963][agent.finetune.train_ppo_diffusion_agent][INFO] - approx_kl: 0.0, update_epoch: 1, num_batch: 4
[2026-10-10 08:09:18,830][agent.finetune.train_ppo_diffusion_agent][INFO] - approx_kl: 0.0, update_epoch: 1, num_batch: 4
[2026-10-10 08:09:20,794][agent.finetune.train_ppo_diffusion_agent][INFO] - approx_kl: 0.0, update_epoch: 1, num_batch: 4
[2026-10-10 08:09:22,526][agent.finetune.train_ppo_diffusion_agent][INFO] - approx_kl: 0.0, update_epoch: 2, num_batch: 4
[2026-10-10 08:09:24,359][agent.finetune.train_ppo_diffusion_agent][INFO] - approx_kl: 0.0, update_epoch: 2, num_batch: 4
[2026-10-10 08:09:26,193][agent.finetune.train_ppo_diffusion_agent][INFO] - approx_kl: 0.0, update_epoch: 2, num_batch: 4
[2026-10-10 08:09:28,126][agent.finetune.train_ppo_diffusion_agent][INFO] - approx_kl: 0.0, update_epoch: 2, num_batch: 4
[2026-10-10 08:09:29,862][agent.finetune.train_ppo_diffusion_agent][INFO] - approx_kl: 0.0, update_epoch: 3, num_batch: 4
[2026-10-10 08:09:31,711][agent.finetune.train_ppo_diffusion_agent][INFO] - approx_kl: 0.0, update_epoch: 3, num_batch: 4
[2026-10-10 08:09:33,577][agent.finetune.train_ppo_diffusion_agent][INFO] - approx_kl: 0.0, update_epoch: 3, num_batch: 4
[2026-10-10 08:09:35,538][agent.finetune.train_ppo_diffusion_agent][INFO] - approx_kl: 0.0, update_epoch: 3, num_batch: 4
[2026-10-10 08:09:37,276][agent.finetune.train_ppo_diffusion_agent][INFO] - approx_kl: 0.0, update_epoch: 4, num_batch: 4
[2026-10-10 08:09:39,104][agent.finetune.train_ppo_diffusion_agent][INFO] - approx_kl: 0.0, update_epoch: 4, num_batch: 4
[2026-10-10 08:09:40,937][agent.finetune.train_ppo_diffusion_agent][INFO] - approx_kl: 0.0, update_epoch: 4, num_batch: 4
[2026-10-10 08:09:42,872][agent.finetune.train_ppo_diffusion_agent][INFO] - approx_kl: 0.0, update_epoch: 4, num_batch: 4
[2026-10-10 08:09:50,249][agent.finetune.train_ppo_diffusion_agent][INFO] - 135: step  9760000 | loss   0.7874 | pg loss   0.7319 | value loss   0.1110 | bc loss   0.0000 | reward 3904.0922 | eta   1.0000 | t: 57.3406 | kl_true_per_action=0.0008258020304934349 | logratio_p99=0.04533266305923451 | clamp_hit_frac=0.0007979166666666667 | actor_step_ratio=1.0 | actor_step_clipfrac=0.0
[2026-10-10 08:09:50,249][agent.finetune.stage3_support][INFO] - STAGE3_METRICS {"J_disc_train": 1389.1910894995535, "J_disc_train_se": 23.738248081321, "action_oor_frac": 0.14879166666666666, "adv_raw_mean": -7.639755494892597e-15, "adv_raw_std": 267.5342160134636, "diagnostics_seconds": 0.11516233393922448, "episode_count": 80, "explained_var": 0.5668857991695404, "explained_var_reason": null, "grad_cos_prev": 0.03726126779970299, "grad_cos_prev_reason": null, "grad_norm": 23.388366190420573, "policy_action_oor_frac": 0.148825, "proj_active": false, "reward_clip_frac": 0.0, "rollout_seconds": 12.894048894988373, "split_diff_sq": 2164.872158383411, "split_dot": 5.797619138292683, "theta_dist": 0.029450642591470705, "theta_dist_preproj": 0.029450642591470705, "update_norm": 0.0028316918715445803, "update_seconds": 44.3260610710131, "x0_sat_frac_last": 0.04276315789473684, "x0_sat_frac_mean": 0.06818021967770058}
Processed step 0 of 500
Processed step 10 of 500
Processed step 20 of 500
Processed step 30 of 500
Processed step 40 of 500
Processed step 50 of 500
Processed step 60 of 500
Processed step 70 of 500
Processed step 80 of 500
Processed step 90 of 500
Processed step 100 of 500
Processed step 110 of 500
Processed step 120 of 500
Processed step 130 of 500
Processed step 140 of 500
Processed step 150 of 500
Processed step 160 of 500
Processed step 170 of 500
Processed step 180 of 500
Processed step 190 of 500
Processed step 200 of 500
Processed step 210 of 500
Processed step 220 of 500
Processed step 230 of 500
Processed step 240 of 500
Processed step 250 of 500
Processed step 260 of 500
Processed step 270 of 500
Processed step 280 of 500
Processed step 290 of 500
Processed step 300 of 500
Processed step 310 of 500
Processed step 320 of 500
Processed step 330 of 500
Processed step 340 of 500
Processed step 350 of 500
Processed step 360 of 500
Processed step 370 of 500
Processed step 380 of 500
Processed step 390 of 500
Processed step 400 of 500
Processed step 410 of 500
Processed step 420 of 500
Processed step 430 of 500
Processed step 440 of 500
Processed step 450 of 500
Processed step 460 of 500
Processed step 470 of 500
Processed step 480 of 500
Processed step 490 of 500
[2026-10-10 08:10:05,215][agent.finetune.train_ppo_diffusion_agent][INFO] - approx_kl: 0.0, update_epoch: 0, num_batch: 4
[2026-10-10 08:10:07,014][agent.finetune.train_ppo_diffusion_agent][INFO] - approx_kl: 0.0, update_epoch: 0, num_batch: 4
[2026-10-10 08:10:08,830][agent.finetune.train_ppo_diffusion_agent][INFO] - approx_kl: 0.0, update_epoch: 0, num_batch: 4
[2026-10-10 08:10:10,764][agent.finetune.train_ppo_diffusion_agent][INFO] - approx_kl: 0.0, update_epoch: 0, num_batch: 4
[2026-10-10 08:10:12,472][agent.finetune.train_ppo_diffusion_agent][INFO] - approx_kl: 0.0, update_epoch: 1, num_batch: 4
[2026-10-10 08:10:14,305][agent.finetune.train_ppo_diffusion_agent][INFO] - approx_kl: 0.0, update_epoch: 1, num_batch: 4
[2026-10-10 08:10:16,122][agent.finetune.train_ppo_diffusion_agent][INFO] - approx_kl: 0.0, update_epoch: 1, num_batch: 4
[2026-10-10 08:10:18,042][agent.finetune.train_ppo_diffusion_agent][INFO] - approx_kl: 0.0, update_epoch: 1, num_batch: 4
[2026-10-10 08:10:19,740][agent.finetune.train_ppo_diffusion_agent][INFO] - approx_kl: 0.0, update_epoch: 2, num_batch: 4
[2026-10-10 08:10:21,539][agent.finetune.train_ppo_diffusion_agent][INFO] - approx_kl: 0.0, update_epoch: 2, num_batch: 4
[2026-10-10 08:10:23,361][agent.finetune.train_ppo_diffusion_agent][INFO] - approx_kl: 0.0, update_epoch: 2, num_batch: 4
[2026-10-10 08:10:25,328][agent.finetune.train_ppo_diffusion_agent][INFO] - approx_kl: 0.0, update_epoch: 2, num_batch: 4
[2026-10-10 08:10:27,101][agent.finetune.train_ppo_diffusion_agent][INFO] - approx_kl: 0.0, update_epoch: 3, num_batch: 4
[2026-10-10 08:10:28,965][agent.finetune.train_ppo_diffusion_agent][INFO] - approx_kl: 0.0, update_epoch: 3, num_batch: 4
[2026-10-10 08:10:30,832][agent.finetune.train_ppo_diffusion_agent][INFO] - approx_kl: 0.0, update_epoch: 3, num_batch: 4
[2026-10-10 08:10:32,787][agent.finetune.train_ppo_diffusion_agent][INFO] - approx_kl: 0.0, update_epoch: 3, num_batch: 4
[2026-10-10 08:10:34,522][agent.finetune.train_ppo_diffusion_agent][INFO] - approx_kl: 0.0, update_epoch: 4, num_batch: 4
[2026-10-10 08:10:36,342][agent.finetune.train_ppo_diffusion_agent][INFO] - approx_kl: 0.0, update_epoch: 4, num_batch: 4
[2026-10-10 08:10:38,171][agent.finetune.train_ppo_diffusion_agent][INFO] - approx_kl: 0.0, update_epoch: 4, num_batch: 4
[2026-10-10 08:10:40,118][agent.finetune.train_ppo_diffusion_agent][INFO] - approx_kl: 0.0, update_epoch: 4, num_batch: 4
[2026-10-10 08:10:47,492][agent.finetune.train_ppo_diffusion_agent][INFO] - 136: step  9840000 | loss  -1.0732 | pg loss  -1.1273 | value loss   0.1082 | bc loss   0.0000 | reward 4038.1262 | eta   1.0000 | t: 57.2428 | kl_true_per_action=0.0002540170011992891 | logratio_p99=0.02136890292167657 | clamp_hit_frac=0.0007895833333333333 | actor_step_ratio=1.0 | actor_step_clipfrac=0.0
[2026-10-10 08:10:47,492][agent.finetune.stage3_support][INFO] - STAGE3_METRICS {"J_disc_train": 1434.4861681035613, "J_disc_train_se": 21.826635958799486, "action_oor_frac": 0.15233541666666667, "adv_raw_mean": 0.0, "adv_raw_std": 233.40532172646525, "diagnostics_seconds": 0.1115948740625754, "episode_count": 80, "explained_var": 0.454526424407959, "explained_var_reason": null, "grad_cos_prev": 0.050018808261937775, "grad_cos_prev_reason": null, "grad_norm": 20.630958933050938, "policy_action_oor_frac": 0.15236041666666666, "proj_active": false, "reward_clip_frac": 0.0, "rollout_seconds": 13.063376200036146, "split_diff_sq": 1625.0951733531106, "split_dot": 19.362668941353338, "theta_dist": 0.02952749241953126, "theta_dist_preproj": 0.02952749241953126, "update_norm": 0.0024978556345060807, "update_seconds": 44.06319317989983, "x0_sat_frac_last": 0.04428889990089197, "x0_sat_frac_mean": 0.06883783483382884}
Processed step 0 of 500
Processed step 10 of 500
Processed step 20 of 500
Processed step 30 of 500
Processed step 40 of 500
Processed step 50 of 500
Processed step 60 of 500
Processed step 70 of 500
Processed step 80 of 500
Processed step 90 of 500
Processed step 100 of 500
Processed step 110 of 500
Processed step 120 of 500
Processed step 130 of 500
Processed step 140 of 500
Processed step 150 of 500
Processed step 160 of 500
Processed step 170 of 500
Processed step 180 of 500
Processed step 190 of 500
Processed step 200 of 500
Processed step 210 of 500
Processed step 220 of 500
Processed step 230 of 500
Processed step 240 of 500
Processed step 250 of 500
Processed step 260 of 500
Processed step 270 of 500
Processed step 280 of 500
Processed step 290 of 500
Processed step 300 of 500
Processed step 310 of 500
Processed step 320 of 500
Processed step 330 of 500
Processed step 340 of 500
Processed step 350 of 500
Processed step 360 of 500
Processed step 370 of 500
Processed step 380 of 500
Processed step 390 of 500
Processed step 400 of 500
Processed step 410 of 500
Processed step 420 of 500
Processed step 430 of 500
Processed step 440 of 500
Processed step 450 of 500
Processed step 460 of 500
Processed step 470 of 500
Processed step 480 of 500
Processed step 490 of 500
[2026-10-10 08:11:02,584][agent.finetune.train_ppo_diffusion_agent][INFO] - approx_kl: 0.0, update_epoch: 0, num_batch: 4
[2026-10-10 08:11:04,508][agent.finetune.train_ppo_diffusion_agent][INFO] - approx_kl: 0.0, update_epoch: 0, num_batch: 4
[2026-10-10 08:11:06,219][agent.finetune.train_ppo_diffusion_agent][INFO] - approx_kl: 0.0, update_epoch: 0, num_batch: 4
[2026-10-10 08:11:08,090][agent.finetune.train_ppo_diffusion_agent][INFO] - approx_kl: 0.0, update_epoch: 0, num_batch: 4
[2026-10-10 08:11:09,746][agent.finetune.train_ppo_diffusion_agent][INFO] - approx_kl: 0.0, update_epoch: 1, num_batch: 4
[2026-10-10 08:11:11,542][agent.finetune.train_ppo_diffusion_agent][INFO] - approx_kl: 0.0, update_epoch: 1, num_batch: 4
[2026-10-10 08:11:13,293][agent.finetune.train_ppo_diffusion_agent][INFO] - approx_kl: 0.0, update_epoch: 1, num_batch: 4
[2026-10-10 08:11:15,119][agent.finetune.train_ppo_diffusion_agent][INFO] - approx_kl: 0.0, update_epoch: 1, num_batch: 4
[2026-10-10 08:11:16,749][agent.finetune.train_ppo_diffusion_agent][INFO] - approx_kl: 0.0, update_epoch: 2, num_batch: 4
[2026-10-10 08:11:18,474][agent.finetune.train_ppo_diffusion_agent][INFO] - approx_kl: 0.0, update_epoch: 2, num_batch: 4
[2026-10-10 08:11:20,194][agent.finetune.train_ppo_diffusion_agent][INFO] - approx_kl: 0.0, update_epoch: 2, num_batch: 4
[2026-10-10 08:11:22,036][agent.finetune.train_ppo_diffusion_agent][INFO] - approx_kl: 0.0, update_epoch: 2, num_batch: 4
[2026-10-10 08:11:23,719][agent.finetune.train_ppo_diffusion_agent][INFO] - approx_kl: 0.0, update_epoch: 3, num_batch: 4
[2026-10-10 08:11:25,494][agent.finetune.train_ppo_diffusion_agent][INFO] - approx_kl: 0.0, update_epoch: 3, num_batch: 4
[2026-10-10 08:11:27,216][agent.finetune.train_ppo_diffusion_agent][INFO] - approx_kl: 0.0, update_epoch: 3, num_batch: 4
[2026-10-10 08:11:29,039][agent.finetune.train_ppo_diffusion_agent][INFO] - approx_kl: 0.0, update_epoch: 3, num_batch: 4
[2026-10-10 08:11:30,672][agent.finetune.train_ppo_diffusion_agent][INFO] - approx_kl: 0.0, update_epoch: 4, num_batch: 4
[2026-10-10 08:11:32,390][agent.finetune.train_ppo_diffusion_agent][INFO] - approx_kl: 0.0, update_epoch: 4, num_batch: 4
[2026-10-10 08:11:34,109][agent.finetune.train_ppo_diffusion_agent][INFO] - approx_kl: 0.0, update_epoch: 4, num_batch: 4
[2026-10-10 08:11:35,953][agent.finetune.train_ppo_diffusion_agent][INFO] - approx_kl: 0.0, update_epoch: 4, num_batch: 4
[2026-10-10 08:11:42,967][agent.finetune.train_ppo_diffusion_agent][INFO] - 137: step  9920000 | loss  -0.8523 | pg loss  -0.9072 | value loss   0.1099 | bc loss   0.0000 | reward 4035.9776 | eta   1.0000 | t: 55.4750 | kl_true_per_action=0.0003122924636956993 | logratio_p99=0.0272544431686401 | clamp_hit_frac=0.0008020833333333334 | actor_step_ratio=1.0 | actor_step_clipfrac=0.0
[2026-10-10 08:11:42,967][agent.finetune.stage3_support][INFO] - STAGE3_METRICS {"J_disc_train": 1439.4762480547856, "J_disc_train_se": 14.745211978374865, "action_oor_frac": 0.15232916666666665, "adv_raw_mean": 1.746229827404022e-14, "adv_raw_std": 196.9647350085541, "diagnostics_seconds": 0.13690153183415532, "episode_count": 80, "explained_var": 0.41003185510635376, "explained_var_reason": null, "grad_cos_prev": -0.040158917319880964, "grad_cos_prev_reason": null, "grad_norm": 14.896185027433555, "policy_action_oor_frac": 0.15235833333333335, "proj_active": false, "reward_clip_frac": 0.0, "rollout_seconds": 13.093673742958345, "split_diff_sq": 996.7174284496645, "split_dot": -27.28304451070648, "theta_dist": 0.029712951432515997, "theta_dist_preproj": 0.029712951432515997, "update_norm": 0.001803517348791537, "update_seconds": 42.23989833518863, "x0_sat_frac_last": 0.04404089664613278, "x0_sat_frac_mean": 0.0695399469078911}
Processed step 0 of 500
Processed step 10 of 500
Processed step 20 of 500
Processed step 30 of 500
Processed step 40 of 500
Processed step 50 of 500
Processed step 60 of 500
Processed step 70 of 500
Processed step 80 of 500
Processed step 90 of 500
Processed step 100 of 500
Processed step 110 of 500
Processed step 120 of 500
Processed step 130 of 500
Processed step 140 of 500
Processed step 150 of 500
Processed step 160 of 500
Processed step 170 of 500
Processed step 180 of 500
Processed step 190 of 500
Processed step 200 of 500
Processed step 210 of 500
Processed step 220 of 500
Processed step 230 of 500
Processed step 240 of 500
Processed step 250 of 500
Processed step 260 of 500
Processed step 270 of 500
Processed step 280 of 500
Processed step 290 of 500
Processed step 300 of 500
Processed step 310 of 500
Processed step 320 of 500
Processed step 330 of 500
Processed step 340 of 500
Processed step 350 of 500
Processed step 360 of 500
Processed step 370 of 500
Processed step 380 of 500
Processed step 390 of 500
Processed step 400 of 500
Processed step 410 of 500
Processed step 420 of 500
Processed step 430 of 500
Processed step 440 of 500
Processed step 450 of 500
Processed step 460 of 500
Processed step 470 of 500
Processed step 480 of 500
Processed step 490 of 500
[2026-10-10 08:11:58,057][agent.finetune.train_ppo_diffusion_agent][INFO] - approx_kl: 0.0, update_epoch: 0, num_batch: 4
[2026-10-10 08:12:00,016][agent.finetune.train_ppo_diffusion_agent][INFO] - approx_kl: 0.0, update_epoch: 0, num_batch: 4
[2026-10-10 08:12:02,009][agent.finetune.train_ppo_diffusion_agent][INFO] - approx_kl: 0.0, update_epoch: 0, num_batch: 4
[2026-10-10 08:12:03,711][agent.finetune.train_ppo_diffusion_agent][INFO] - approx_kl: 0.0, update_epoch: 0, num_batch: 4
[2026-10-10 08:12:05,586][agent.finetune.train_ppo_diffusion_agent][INFO] - approx_kl: 0.0, update_epoch: 1, num_batch: 4
[2026-10-10 08:12:07,489][agent.finetune.train_ppo_diffusion_agent][INFO] - approx_kl: 0.0, update_epoch: 1, num_batch: 4
[2026-10-10 08:12:09,562][agent.finetune.train_ppo_diffusion_agent][INFO] - approx_kl: 0.0, update_epoch: 1, num_batch: 4
[2026-10-10 08:12:11,350][agent.finetune.train_ppo_diffusion_agent][INFO] - approx_kl: 0.0, update_epoch: 1, num_batch: 4
[2026-10-10 08:12:13,147][agent.finetune.train_ppo_diffusion_agent][INFO] - approx_kl: 0.0, update_epoch: 2, num_batch: 4
[2026-10-10 08:12:14,927][agent.finetune.train_ppo_diffusion_agent][INFO] - approx_kl: 0.0, update_epoch: 2, num_batch: 4
[2026-10-10 08:12:16,878][agent.finetune.train_ppo_diffusion_agent][INFO] - approx_kl: 0.0, update_epoch: 2, num_batch: 4
[2026-10-10 08:12:18,597][agent.finetune.train_ppo_diffusion_agent][INFO] - approx_kl: 0.0, update_epoch: 2, num_batch: 4
[2026-10-10 08:12:20,421][agent.finetune.train_ppo_diffusion_agent][INFO] - approx_kl: 0.0, update_epoch: 3, num_batch: 4
[2026-10-10 08:12:22,227][agent.finetune.train_ppo_diffusion_agent][INFO] - approx_kl: 0.0, update_epoch: 3, num_batch: 4
[2026-10-10 08:12:24,188][agent.finetune.train_ppo_diffusion_agent][INFO] - approx_kl: 0.0, update_epoch: 3, num_batch: 4
[2026-10-10 08:12:25,849][agent.finetune.train_ppo_diffusion_agent][INFO] - approx_kl: 0.0, update_epoch: 3, num_batch: 4
[2026-10-10 08:12:27,668][agent.finetune.train_ppo_diffusion_agent][INFO] - approx_kl: 0.0, update_epoch: 4, num_batch: 4
[2026-10-10 08:12:29,492][agent.finetune.train_ppo_diffusion_agent][INFO] - approx_kl: 0.0, update_epoch: 4, num_batch: 4
[2026-10-10 08:12:31,681][agent.finetune.train_ppo_diffusion_agent][INFO] - approx_kl: 0.0, update_epoch: 4, num_batch: 4
[2026-10-10 08:12:33,310][agent.finetune.train_ppo_diffusion_agent][INFO] - approx_kl: 0.0, update_epoch: 4, num_batch: 4
[2026-10-10 08:12:40,327][agent.finetune.train_ppo_diffusion_agent][INFO] - 138: step 10000000 | loss   0.0956 | pg loss   0.0419 | value loss   0.1073 | bc loss   0.0000 | reward 4132.5456 | eta   1.0000 | t: 57.3603 | kl_true_per_action=8.350645350484984e-05 | logratio_p99=0.012344114780426008 | clamp_hit_frac=0.0007520833333333333 | actor_step_ratio=1.0 | actor_step_clipfrac=0.0
[2026-10-10 08:12:40,327][agent.finetune.stage3_support][INFO] - STAGE3_METRICS {"J_disc_train": 1452.6776441844245, "J_disc_train_se": 14.686850437222086, "action_oor_frac": 0.15452291666666668, "adv_raw_mean": -2.4738255888223647e-14, "adv_raw_std": 150.3426160956214, "diagnostics_seconds": 0.12830793508328497, "episode_count": 80, "explained_var": 0.16755348443984985, "explained_var_reason": null, "grad_cos_prev": 0.020051684755840488, "grad_cos_prev_reason": null, "grad_norm": 12.076555807321157, "policy_action_oor_frac": 0.15454166666666666, "proj_active": false, "reward_clip_frac": 0.0, "rollout_seconds": 13.037712747929618, "split_diff_sq": 578.7004855657714, "split_dot": 1.168078316895253, "theta_dist": 0.029826065667123793, "theta_dist_preproj": 0.029826065667123793, "update_norm": 0.0014621470826961726, "update_seconds": 44.1899139538873, "x0_sat_frac_last": 0.04733766233766234, "x0_sat_frac_mean": 0.06973986965120356}
Processed step 0 of 500
Processed step 10 of 500
Processed step 20 of 500
Processed step 30 of 500
Processed step 40 of 500
Processed step 50 of 500
Processed step 60 of 500
Processed step 70 of 500
Processed step 80 of 500
Processed step 90 of 500
Processed step 100 of 500
Processed step 110 of 500
Processed step 120 of 500
Processed step 130 of 500
Processed step 140 of 500
Processed step 150 of 500
Processed step 160 of 500
Processed step 170 of 500
Processed step 180 of 500
Processed step 190 of 500
Processed step 200 of 500
Processed step 210 of 500
Processed step 220 of 500
Processed step 230 of 500
Processed step 240 of 500
Processed step 250 of 500
Processed step 260 of 500
Processed step 270 of 500
Processed step 280 of 500
Processed step 290 of 500
Processed step 300 of 500
Processed step 310 of 500
Processed step 320 of 500
Processed step 330 of 500
Processed step 340 of 500
Processed step 350 of 500
Processed step 360 of 500
Processed step 370 of 500
Processed step 380 of 500
Processed step 390 of 500
Processed step 400 of 500
Processed step 410 of 500
Processed step 420 of 500
Processed step 430 of 500
Processed step 440 of 500
Processed step 450 of 500
Processed step 460 of 500
Processed step 470 of 500
Processed step 480 of 500
Processed step 490 of 500
[2026-10-10 08:12:55,626][agent.finetune.train_ppo_diffusion_agent][INFO] - approx_kl: 0.0, update_epoch: 0, num_batch: 4
[2026-10-10 08:12:57,474][agent.finetune.train_ppo_diffusion_agent][INFO] - approx_kl: 0.0, update_epoch: 0, num_batch: 4
[2026-10-10 08:12:59,491][agent.finetune.train_ppo_diffusion_agent][INFO] - approx_kl: 0.0, update_epoch: 0, num_batch: 4
[2026-10-10 08:13:01,226][agent.finetune.train_ppo_diffusion_agent][INFO] - approx_kl: 0.0, update_epoch: 0, num_batch: 4
[2026-10-10 08:13:03,097][agent.finetune.train_ppo_diffusion_agent][INFO] - approx_kl: 0.0, update_epoch: 1, num_batch: 4
[2026-10-10 08:13:05,025][agent.finetune.train_ppo_diffusion_agent][INFO] - approx_kl: 0.0, update_epoch: 1, num_batch: 4
[2026-10-10 08:13:07,094][agent.finetune.train_ppo_diffusion_agent][INFO] - approx_kl: 0.0, update_epoch: 1, num_batch: 4
[2026-10-10 08:13:08,825][agent.finetune.train_ppo_diffusion_agent][INFO] - approx_kl: 0.0, update_epoch: 1, num_batch: 4
[2026-10-10 08:13:10,684][agent.finetune.train_ppo_diffusion_agent][INFO] - approx_kl: 0.0, update_epoch: 2, num_batch: 4
[2026-10-10 08:13:12,544][agent.finetune.train_ppo_diffusion_agent][INFO] - approx_kl: 0.0, update_epoch: 2, num_batch: 4
[2026-10-10 08:13:14,532][agent.finetune.train_ppo_diffusion_agent][INFO] - approx_kl: 0.0, update_epoch: 2, num_batch: 4
[2026-10-10 08:13:16,296][agent.finetune.train_ppo_diffusion_agent][INFO] - approx_kl: 0.0, update_epoch: 2, num_batch: 4
[2026-10-10 08:13:18,246][agent.finetune.train_ppo_diffusion_agent][INFO] - approx_kl: 0.0, update_epoch: 3, num_batch: 4
[2026-10-10 08:13:20,082][agent.finetune.train_ppo_diffusion_agent][INFO] - approx_kl: 0.0, update_epoch: 3, num_batch: 4
[2026-10-10 08:13:22,027][agent.finetune.train_ppo_diffusion_agent][INFO] - approx_kl: 0.0, update_epoch: 3, num_batch: 4
[2026-10-10 08:13:23,763][agent.finetune.train_ppo_diffusion_agent][INFO] - approx_kl: 0.0, update_epoch: 3, num_batch: 4
[2026-10-10 08:13:25,600][agent.finetune.train_ppo_diffusion_agent][INFO] - approx_kl: 0.0, update_epoch: 4, num_batch: 4
[2026-10-10 08:13:27,433][agent.finetune.train_ppo_diffusion_agent][INFO] - approx_kl: 0.0, update_epoch: 4, num_batch: 4
[2026-10-10 08:13:29,416][agent.finetune.train_ppo_diffusion_agent][INFO] - approx_kl: 0.0, update_epoch: 4, num_batch: 4
[2026-10-10 08:13:31,172][agent.finetune.train_ppo_diffusion_agent][INFO] - approx_kl: 0.0, update_epoch: 4, num_batch: 4
[2026-10-10 08:13:38,609][agent.finetune.train_agent][INFO] - Saved model to /soalnas/share/data/zbao7/diffusion_policy/results/stage3/SGD1_seed0/checkpoint/state_139.pt
[2026-10-10 08:13:38,609][agent.finetune.train_ppo_diffusion_agent][INFO] - 139: step 10080000 | loss   1.1117 | pg loss   1.0575 | value loss   0.1083 | bc loss   0.0000 | reward 3884.4366 | eta   1.0000 | t: 58.2819 | kl_true_per_action=0.0007717331361699969 | logratio_p99=0.042748042345046984 | clamp_hit_frac=0.0007895833333333333 | actor_step_ratio=1.0 | actor_step_clipfrac=0.0
[2026-10-10 08:13:38,609][agent.finetune.stage3_support][INFO] - STAGE3_METRICS {"J_disc_train": 1368.140099688751, "J_disc_train_se": 29.368659411148148, "action_oor_frac": 0.14948958333333334, "adv_raw_mean": 7.275957614183426e-15, "adv_raw_std": 269.5353420192036, "diagnostics_seconds": 0.1289077049586922, "episode_count": 80, "explained_var": 0.5331082940101624, "explained_var_reason": null, "grad_cos_prev": -0.031979889199277814, "grad_cos_prev_reason": null, "grad_norm": 26.170388229238466, "policy_action_oor_frac": 0.14951458333333334, "proj_active": false, "reward_clip_frac": 0.0, "rollout_seconds": 13.001988334930502, "split_diff_sq": 2696.5797114371, "split_dot": 10.744283081534144, "theta_dist": 0.029837007744353338, "theta_dist_preproj": 0.029837007744353338, "update_norm": 0.0031685212510125962, "update_seconds": 45.12509355216753, "x0_sat_frac_last": 0.04467819652383411, "x0_sat_frac_mean": 0.0674264844010329}
