Gym has been unmaintained since 2022 and does not support NumPy 2.0 amongst other critical functionality.
Please upgrade to Gymnasium, the maintained drop-in replacement of Gym, or contact the authors of your software and request that they upgrade.
See the migration guide at https://gymnasium.farama.org/introduction/migration_guide/ for additional information.
[2026-10-10 08:02:48,655][absl][INFO] - MUJOCO_GL is not set, so an OpenGL backend will be chosen automatically.
/soalnas/share/data/zbao7/diffusion_policy/results/repro_halfcheetah/env/lib/python3.8/site-packages/glfw/__init__.py:917: GLFWError: (65550) b'X11: The DISPLAY environment variable is missing'
  warnings.warn(message, GLFWError)
[2026-10-10 08:02:48,666][absl][INFO] - Successfully imported OpenGL backend: glfw
[2026-10-10 08:02:48,731][absl][INFO] - MuJoCo library version is: 3.2.3
pybullet build time: Jan 29 2025 23:19:57
/soalnas/share/data/zbao7/diffusion_policy/results/repro_halfcheetah/env/lib/python3.8/site-packages/gym/spaces/box.py:78: UserWarning: [33mWARN: Box bound precision lowered by casting to float32[0m
  logger.warn(f"Box bound precision lowered by casting to {self.dtype}")
[2026-10-10 08:02:51,277][root][INFO] - Loaded SL-trained policy from /soalnas/share/data/zbao7/diffusion_policy/results/repro_halfcheetah/dppo/log/gym-pretrain/halfcheetah-medium-v2_pre_diffusion_mlp_ta4_td20/2024-06-12_23-04-42/checkpoint/state_3000.pt
[2026-10-10 08:02:51,278][root][INFO] - Number of network parameters: 568392
[2026-10-10 08:02:51,418][root][INFO] - Cloned model for fine-tuning
[2026-10-10 08:02:51,418][root][INFO] - Turned off gradients of the pretrained network
[2026-10-10 08:02:51,418][root][INFO] - Number of finetuned parameters: 568392
[2026-10-10 08:02:51,433][agent.finetune.train_ppo_diffusion_agent][INFO] - stage2_flags clamp_logprob=False logprob_reduce=sum actor_single_step=True
[2026-10-10 08:02:51,436][agent.finetune.stage3_support][INFO] - STAGE3_SETTINGS {"actor_beta1": 0.9, "actor_loss": "score", "actor_optimizer": "sgd", "actor_single_step": true, "adv_estimator": "mc_loo", "betas": null, "calib_kl_target": null, "ckpt_eval_repeats": 1, "clamp_logprob": false, "decision_discount": true, "denoised_clip_value": 1.0, "gamma_denoising": 1.0, "logprob_reduce": "sum", "lr": 0.0003632170702457701, "max_grad_norm": null, "min_logprob_denoising_std": 0.1, "min_sampling_denoising_std": 0.1, "mode": "train", "momentum": 0, "norm_adv": false, "ns_batches": 25, "ns_warmup_batches": 20, "optimizer_class": "SGD", "proj_radius": null, "randn_clip_value": 100, "scheduler_max_lr": 0.0003632170702457701, "scheduler_min_lr": 0.0003632170702457701, "stage3_diag": true}
Processed step 0 of 500
Processed step 10 of 500
Processed step 20 of 500
Processed step 30 of 500
Processed step 40 of 500
Processed step 50 of 500
Processed step 60 of 500
Processed step 70 of 500
Processed step 80 of 500
Processed step 90 of 500
Processed step 100 of 500
Processed step 110 of 500
Processed step 120 of 500
Processed step 130 of 500
Processed step 140 of 500
Processed step 150 of 500
Processed step 160 of 500
Processed step 170 of 500
Processed step 180 of 500
Processed step 190 of 500
Processed step 200 of 500
Processed step 210 of 500
Processed step 220 of 500
Processed step 230 of 500
Processed step 240 of 500
Processed step 250 of 500
Processed step 260 of 500
Processed step 270 of 500
Processed step 280 of 500
Processed step 290 of 500
Processed step 300 of 500
Processed step 310 of 500
Processed step 320 of 500
Processed step 330 of 500
Processed step 340 of 500
Processed step 350 of 500
Processed step 360 of 500
Processed step 370 of 500
Processed step 380 of 500
Processed step 390 of 500
Processed step 400 of 500
Processed step 410 of 500
Processed step 420 of 500
Processed step 430 of 500
Processed step 440 of 500
Processed step 450 of 500
Processed step 460 of 500
Processed step 470 of 500
Processed step 480 of 500
Processed step 490 of 500
[2026-10-10 08:03:04,711][agent.finetune.train_agent][INFO] - Saved model to /soalnas/share/data/zbao7/diffusion_policy/results/stage3/SGD3_seed0/checkpoint/state_0.pt
[2026-10-10 08:03:04,714][agent.finetune.train_ppo_diffusion_agent][INFO] - eval: success rate   1.0000 | avg episode reward 4383.2460 | avg best reward   6.4642
[2026-10-10 08:03:04,715][agent.finetune.stage3_support][INFO] - STAGE3_METRICS {"J_disc_eval": 1528.7064816108154, "J_disc_eval_se": 14.700466991607762, "action_oor_frac": 0.0, "diagnostics_seconds": 0.02111783530563116, "episode_count": 80, "policy_action_oor_frac": 0.0, "rollout_seconds": 13.218610648997128, "update_seconds": 0.0}
Processed step 0 of 500
Processed step 10 of 500
Processed step 20 of 500
Processed step 30 of 500
Processed step 40 of 500
Processed step 50 of 500
Processed step 60 of 500
Processed step 70 of 500
Processed step 80 of 500
Processed step 90 of 500
Processed step 100 of 500
Processed step 110 of 500
Processed step 120 of 500
Processed step 130 of 500
Processed step 140 of 500
Processed step 150 of 500
Processed step 160 of 500
Processed step 170 of 500
Processed step 180 of 500
Processed step 190 of 500
Processed step 200 of 500
Processed step 210 of 500
Processed step 220 of 500
Processed step 230 of 500
Processed step 240 of 500
Processed step 250 of 500
Processed step 260 of 500
Processed step 270 of 500
Processed step 280 of 500
Processed step 290 of 500
Processed step 300 of 500
Processed step 310 of 500
Processed step 320 of 500
Processed step 330 of 500
Processed step 340 of 500
Processed step 350 of 500
Processed step 360 of 500
Processed step 370 of 500
Processed step 380 of 500
Processed step 390 of 500
Processed step 400 of 500
Processed step 410 of 500
Processed step 420 of 500
Processed step 430 of 500
Processed step 440 of 500
Processed step 450 of 500
Processed step 460 of 500
Processed step 470 of 500
Processed step 480 of 500
Processed step 490 of 500
[2026-10-10 08:03:20,258][agent.finetune.train_ppo_diffusion_agent][INFO] - approx_kl: 0.0, update_epoch: 0, num_batch: 4
[2026-10-10 08:03:21,918][agent.finetune.train_ppo_diffusion_agent][INFO] - approx_kl: 0.0, update_epoch: 0, num_batch: 4
[2026-10-10 08:03:23,598][agent.finetune.train_ppo_diffusion_agent][INFO] - approx_kl: 0.0, update_epoch: 0, num_batch: 4
[2026-10-10 08:03:25,317][agent.finetune.train_ppo_diffusion_agent][INFO] - approx_kl: 0.0, update_epoch: 0, num_batch: 4
[2026-10-10 08:03:26,943][agent.finetune.train_ppo_diffusion_agent][INFO] - approx_kl: 0.0, update_epoch: 1, num_batch: 4
[2026-10-10 08:03:28,512][agent.finetune.train_ppo_diffusion_agent][INFO] - approx_kl: 0.0, update_epoch: 1, num_batch: 4
[2026-10-10 08:03:30,242][agent.finetune.train_ppo_diffusion_agent][INFO] - approx_kl: 0.0, update_epoch: 1, num_batch: 4
[2026-10-10 08:03:31,937][agent.finetune.train_ppo_diffusion_agent][INFO] - approx_kl: 0.0, update_epoch: 1, num_batch: 4
[2026-10-10 08:03:33,478][agent.finetune.train_ppo_diffusion_agent][INFO] - approx_kl: 0.0, update_epoch: 2, num_batch: 4
[2026-10-10 08:03:35,271][agent.finetune.train_ppo_diffusion_agent][INFO] - approx_kl: 0.0, update_epoch: 2, num_batch: 4
[2026-10-10 08:03:36,866][agent.finetune.train_ppo_diffusion_agent][INFO] - approx_kl: 0.0, update_epoch: 2, num_batch: 4
[2026-10-10 08:03:38,667][agent.finetune.train_ppo_diffusion_agent][INFO] - approx_kl: 0.0, update_epoch: 2, num_batch: 4
[2026-10-10 08:03:40,155][agent.finetune.train_ppo_diffusion_agent][INFO] - approx_kl: 0.0, update_epoch: 3, num_batch: 4
[2026-10-10 08:03:41,794][agent.finetune.train_ppo_diffusion_agent][INFO] - approx_kl: 0.0, update_epoch: 3, num_batch: 4
[2026-10-10 08:03:43,461][agent.finetune.train_ppo_diffusion_agent][INFO] - approx_kl: 0.0, update_epoch: 3, num_batch: 4
[2026-10-10 08:03:45,121][agent.finetune.train_ppo_diffusion_agent][INFO] - approx_kl: 0.0, update_epoch: 3, num_batch: 4
[2026-10-10 08:03:46,766][agent.finetune.train_ppo_diffusion_agent][INFO] - approx_kl: 0.0, update_epoch: 4, num_batch: 4
[2026-10-10 08:03:48,324][agent.finetune.train_ppo_diffusion_agent][INFO] - approx_kl: 0.0, update_epoch: 4, num_batch: 4
[2026-10-10 08:03:49,972][agent.finetune.train_ppo_diffusion_agent][INFO] - approx_kl: 0.0, update_epoch: 4, num_batch: 4
[2026-10-10 08:03:51,735][agent.finetune.train_ppo_diffusion_agent][INFO] - approx_kl: 0.0, update_epoch: 4, num_batch: 4
[2026-10-10 08:03:58,288][agent.finetune.train_ppo_diffusion_agent][INFO] - 1: step    80000 | loss   1.9128 | pg loss   1.9061 | value loss   0.0135 | bc loss   0.0000 | reward 4035.5810 | eta   1.0000 | t: 53.5743 | kl_true_per_action=0.0013197720075940067 | logratio_p99=0.04779947161674499 | clamp_hit_frac=0.0008125 | actor_step_ratio=1.0 | actor_step_clipfrac=0.0
[2026-10-10 08:03:58,289][agent.finetune.stage3_support][INFO] - STAGE3_METRICS {"J_disc_train": 1426.8625976300143, "J_disc_train_se": 18.078996352592785, "action_oor_frac": 0.14237708333333332, "adv_raw_mean": -1.5279510989785193e-14, "adv_raw_std": 223.65611688321783, "diagnostics_seconds": 0.23112001828849316, "episode_count": 80, "explained_var": -0.18846595287322998, "explained_var_reason": null, "grad_cos_prev": null, "grad_cos_prev_reason": "first_training_iteration", "grad_norm": 17.34689834662519, "policy_action_oor_frac": 0.14240625, "proj_active": false, "reward_clip_frac": 0.0, "rollout_seconds": 13.122535719536245, "split_diff_sq": 1269.69494979224, "split_dot": -16.508867899048383, "theta_dist": 0.006300694648091256, "theta_dist_preproj": 0.006300694648091256, "update_norm": 0.006300694648091256, "update_seconds": 40.217229071073234, "x0_sat_frac_last": 0.022668288726682886, "x0_sat_frac_mean": 0.06620948443079791}
Processed step 0 of 500
Processed step 10 of 500
Processed step 20 of 500
Processed step 30 of 500
Processed step 40 of 500
Processed step 50 of 500
Processed step 60 of 500
Processed step 70 of 500
Processed step 80 of 500
Processed step 90 of 500
Processed step 100 of 500
Processed step 110 of 500
Processed step 120 of 500
Processed step 130 of 500
Processed step 140 of 500
Processed step 150 of 500
Processed step 160 of 500
Processed step 170 of 500
Processed step 180 of 500
Processed step 190 of 500
Processed step 200 of 500
Processed step 210 of 500
Processed step 220 of 500
Processed step 230 of 500
Processed step 240 of 500
Processed step 250 of 500
Processed step 260 of 500
Processed step 270 of 500
Processed step 280 of 500
Processed step 290 of 500
Processed step 300 of 500
Processed step 310 of 500
Processed step 320 of 500
Processed step 330 of 500
Processed step 340 of 500
Processed step 350 of 500
Processed step 360 of 500
Processed step 370 of 500
Processed step 380 of 500
Processed step 390 of 500
Processed step 400 of 500
Processed step 410 of 500
Processed step 420 of 500
Processed step 430 of 500
Processed step 440 of 500
Processed step 450 of 500
Processed step 460 of 500
Processed step 470 of 500
Processed step 480 of 500
Processed step 490 of 500
[2026-10-10 08:04:12,590][agent.finetune.train_ppo_diffusion_agent][INFO] - approx_kl: 0.0, update_epoch: 0, num_batch: 4
[2026-10-10 08:04:14,268][agent.finetune.train_ppo_diffusion_agent][INFO] - approx_kl: 0.0, update_epoch: 0, num_batch: 4
[2026-10-10 08:04:15,978][agent.finetune.train_ppo_diffusion_agent][INFO] - approx_kl: 0.0, update_epoch: 0, num_batch: 4
[2026-10-10 08:04:17,653][agent.finetune.train_ppo_diffusion_agent][INFO] - approx_kl: 0.0, update_epoch: 0, num_batch: 4
[2026-10-10 08:04:19,258][agent.finetune.train_ppo_diffusion_agent][INFO] - approx_kl: 0.0, update_epoch: 1, num_batch: 4
[2026-10-10 08:04:20,916][agent.finetune.train_ppo_diffusion_agent][INFO] - approx_kl: 0.0, update_epoch: 1, num_batch: 4
[2026-10-10 08:04:22,480][agent.finetune.train_ppo_diffusion_agent][INFO] - approx_kl: 0.0, update_epoch: 1, num_batch: 4
[2026-10-10 08:04:24,326][agent.finetune.train_ppo_diffusion_agent][INFO] - approx_kl: 0.0, update_epoch: 1, num_batch: 4
[2026-10-10 08:04:25,798][agent.finetune.train_ppo_diffusion_agent][INFO] - approx_kl: 0.0, update_epoch: 2, num_batch: 4
[2026-10-10 08:04:27,418][agent.finetune.train_ppo_diffusion_agent][INFO] - approx_kl: 0.0, update_epoch: 2, num_batch: 4
[2026-10-10 08:04:29,095][agent.finetune.train_ppo_diffusion_agent][INFO] - approx_kl: 0.0, update_epoch: 2, num_batch: 4
[2026-10-10 08:04:30,750][agent.finetune.train_ppo_diffusion_agent][INFO] - approx_kl: 0.0, update_epoch: 2, num_batch: 4
[2026-10-10 08:04:32,363][agent.finetune.train_ppo_diffusion_agent][INFO] - approx_kl: 0.0, update_epoch: 3, num_batch: 4
[2026-10-10 08:04:33,975][agent.finetune.train_ppo_diffusion_agent][INFO] - approx_kl: 0.0, update_epoch: 3, num_batch: 4
[2026-10-10 08:04:35,562][agent.finetune.train_ppo_diffusion_agent][INFO] - approx_kl: 0.0, update_epoch: 3, num_batch: 4
[2026-10-10 08:04:37,373][agent.finetune.train_ppo_diffusion_agent][INFO] - approx_kl: 0.0, update_epoch: 3, num_batch: 4
[2026-10-10 08:04:38,857][agent.finetune.train_ppo_diffusion_agent][INFO] - approx_kl: 0.0, update_epoch: 4, num_batch: 4
[2026-10-10 08:04:40,506][agent.finetune.train_ppo_diffusion_agent][INFO] - approx_kl: 0.0, update_epoch: 4, num_batch: 4
[2026-10-10 08:04:42,183][agent.finetune.train_ppo_diffusion_agent][INFO] - approx_kl: 0.0, update_epoch: 4, num_batch: 4
[2026-10-10 08:04:44,019][agent.finetune.train_ppo_diffusion_agent][INFO] - approx_kl: 0.0, update_epoch: 4, num_batch: 4
[2026-10-10 08:04:50,931][agent.finetune.train_ppo_diffusion_agent][INFO] - 2: step   160000 | loss   0.8534 | pg loss   0.8387 | value loss   0.0294 | bc loss   0.0000 | reward 4001.8589 | eta   1.0000 | t: 52.6426 | kl_true_per_action=0.009193813199033226 | logratio_p99=0.17250504255294705 | clamp_hit_frac=0.0007291666666666667 | actor_step_ratio=1.0 | actor_step_clipfrac=0.0
[2026-10-10 08:04:50,931][agent.finetune.stage3_support][INFO] - STAGE3_METRICS {"J_disc_train": 1412.7783785633023, "J_disc_train_se": 18.833400464434074, "action_oor_frac": 0.14166666666666666, "adv_raw_mean": 7.003109203651548e-15, "adv_raw_std": 206.19861882085462, "diagnostics_seconds": 0.12147303484380245, "episode_count": 80, "explained_var": 0.28523898124694824, "explained_var_reason": null, "grad_cos_prev": -0.016561085014282856, "grad_cos_prev_reason": null, "grad_norm": 18.81362269018908, "policy_action_oor_frac": 0.14168541666666667, "proj_active": false, "reward_clip_frac": 0.0, "rollout_seconds": 12.538034801371396, "split_diff_sq": 1248.376306668811, "split_dot": 41.85832781632348, "theta_dist": 0.009217824246572028, "theta_dist_preproj": 0.009217824246572028, "update_norm": 0.006833427889264562, "update_seconds": 39.9793943753466, "x0_sat_frac_last": 0.022694766952717483, "x0_sat_frac_mean": 0.06620753030099646}
Processed step 0 of 500
Processed step 10 of 500
Processed step 20 of 500
Processed step 30 of 500
Processed step 40 of 500
Processed step 50 of 500
Processed step 60 of 500
Processed step 70 of 500
Processed step 80 of 500
Processed step 90 of 500
Processed step 100 of 500
Processed step 110 of 500
Processed step 120 of 500
Processed step 130 of 500
Processed step 140 of 500
Processed step 150 of 500
Processed step 160 of 500
Processed step 170 of 500
Processed step 180 of 500
Processed step 190 of 500
Processed step 200 of 500
Processed step 210 of 500
Processed step 220 of 500
Processed step 230 of 500
Processed step 240 of 500
Processed step 250 of 500
Processed step 260 of 500
Processed step 270 of 500
Processed step 280 of 500
Processed step 290 of 500
Processed step 300 of 500
Processed step 310 of 500
Processed step 320 of 500
Processed step 330 of 500
Processed step 340 of 500
Processed step 350 of 500
Processed step 360 of 500
Processed step 370 of 500
Processed step 380 of 500
Processed step 390 of 500
Processed step 400 of 500
Processed step 410 of 500
Processed step 420 of 500
Processed step 430 of 500
Processed step 440 of 500
Processed step 450 of 500
Processed step 460 of 500
Processed step 470 of 500
Processed step 480 of 500
Processed step 490 of 500
[2026-10-10 08:05:05,405][agent.finetune.train_ppo_diffusion_agent][INFO] - approx_kl: 0.0, update_epoch: 0, num_batch: 4
[2026-10-10 08:05:07,168][agent.finetune.train_ppo_diffusion_agent][INFO] - approx_kl: 0.0, update_epoch: 0, num_batch: 4
[2026-10-10 08:05:08,898][agent.finetune.train_ppo_diffusion_agent][INFO] - approx_kl: 0.0, update_epoch: 0, num_batch: 4
[2026-10-10 08:05:10,743][agent.finetune.train_ppo_diffusion_agent][INFO] - approx_kl: 0.0, update_epoch: 0, num_batch: 4
[2026-10-10 08:05:12,396][agent.finetune.train_ppo_diffusion_agent][INFO] - approx_kl: 0.0, update_epoch: 1, num_batch: 4
[2026-10-10 08:05:14,162][agent.finetune.train_ppo_diffusion_agent][INFO] - approx_kl: 0.0, update_epoch: 1, num_batch: 4
[2026-10-10 08:05:15,946][agent.finetune.train_ppo_diffusion_agent][INFO] - approx_kl: 0.0, update_epoch: 1, num_batch: 4
[2026-10-10 08:05:17,851][agent.finetune.train_ppo_diffusion_agent][INFO] - approx_kl: 0.0, update_epoch: 1, num_batch: 4
[2026-10-10 08:05:19,478][agent.finetune.train_ppo_diffusion_agent][INFO] - approx_kl: 0.0, update_epoch: 2, num_batch: 4
[2026-10-10 08:05:21,094][agent.finetune.train_ppo_diffusion_agent][INFO] - approx_kl: 0.0, update_epoch: 2, num_batch: 4
[2026-10-10 08:05:22,663][agent.finetune.train_ppo_diffusion_agent][INFO] - approx_kl: 0.0, update_epoch: 2, num_batch: 4
[2026-10-10 08:05:24,348][agent.finetune.train_ppo_diffusion_agent][INFO] - approx_kl: 0.0, update_epoch: 2, num_batch: 4
[2026-10-10 08:05:25,865][agent.finetune.train_ppo_diffusion_agent][INFO] - approx_kl: 0.0, update_epoch: 3, num_batch: 4
[2026-10-10 08:05:27,452][agent.finetune.train_ppo_diffusion_agent][INFO] - approx_kl: 0.0, update_epoch: 3, num_batch: 4
[2026-10-10 08:05:29,021][agent.finetune.train_ppo_diffusion_agent][INFO] - approx_kl: 0.0, update_epoch: 3, num_batch: 4
[2026-10-10 08:05:30,701][agent.finetune.train_ppo_diffusion_agent][INFO] - approx_kl: 0.0, update_epoch: 3, num_batch: 4
[2026-10-10 08:05:32,180][agent.finetune.train_ppo_diffusion_agent][INFO] - approx_kl: 0.0, update_epoch: 4, num_batch: 4
[2026-10-10 08:05:33,758][agent.finetune.train_ppo_diffusion_agent][INFO] - approx_kl: 0.0, update_epoch: 4, num_batch: 4
[2026-10-10 08:05:35,329][agent.finetune.train_ppo_diffusion_agent][INFO] - approx_kl: 0.0, update_epoch: 4, num_batch: 4
[2026-10-10 08:05:36,998][agent.finetune.train_ppo_diffusion_agent][INFO] - approx_kl: 0.0, update_epoch: 4, num_batch: 4
[2026-10-10 08:05:43,710][agent.finetune.train_ppo_diffusion_agent][INFO] - 3: step   240000 | loss   0.5030 | pg loss   0.4818 | value loss   0.0424 | bc loss   0.0000 | reward 4006.8025 | eta   1.0000 | t: 52.7788 | kl_true_per_action=0.0026807578027792153 | logratio_p99=0.07754978537559502 | clamp_hit_frac=0.0008166666666666667 | actor_step_ratio=1.0 | actor_step_clipfrac=0.0
[2026-10-10 08:05:43,710][agent.finetune.stage3_support][INFO] - STAGE3_METRICS {"J_disc_train": 1422.4712122314636, "J_disc_train_se": 17.873437213859916, "action_oor_frac": 0.14582916666666668, "adv_raw_mean": -2.3283064365386964e-14, "adv_raw_std": 233.47198629081294, "diagnostics_seconds": 0.11838652472943068, "episode_count": 80, "explained_var": 0.30397623777389526, "explained_var_reason": null, "grad_cos_prev": 0.06243612788506564, "grad_cos_prev_reason": null, "grad_norm": 18.513764585789325, "policy_action_oor_frac": 0.14585625, "proj_active": false, "reward_clip_frac": 0.0, "rollout_seconds": 12.599923978559673, "split_diff_sq": 1419.0005969570336, "split_dot": -11.990689817300417, "theta_dist": 0.011603998506030107, "theta_dist_preproj": 0.011603998506030107, "update_norm": 0.006724521405958192, "update_seconds": 40.057364251464605, "x0_sat_frac_last": 0.029666666666666664, "x0_sat_frac_mean": 0.06720318286458031}
Processed step 0 of 500
Processed step 10 of 500
Processed step 20 of 500
Processed step 30 of 500
Processed step 40 of 500
Processed step 50 of 500
Processed step 60 of 500
Processed step 70 of 500
Processed step 80 of 500
Processed step 90 of 500
Processed step 100 of 500
Processed step 110 of 500
Processed step 120 of 500
Processed step 130 of 500
Processed step 140 of 500
Processed step 150 of 500
Processed step 160 of 500
Processed step 170 of 500
Processed step 180 of 500
Processed step 190 of 500
Processed step 200 of 500
Processed step 210 of 500
Processed step 220 of 500
Processed step 230 of 500
Processed step 240 of 500
Processed step 250 of 500
Processed step 260 of 500
Processed step 270 of 500
Processed step 280 of 500
Processed step 290 of 500
Processed step 300 of 500
Processed step 310 of 500
Processed step 320 of 500
Processed step 330 of 500
Processed step 340 of 500
Processed step 350 of 500
Processed step 360 of 500
Processed step 370 of 500
Processed step 380 of 500
Processed step 390 of 500
Processed step 400 of 500
Processed step 410 of 500
Processed step 420 of 500
Processed step 430 of 500
Processed step 440 of 500
Processed step 450 of 500
Processed step 460 of 500
Processed step 470 of 500
Processed step 480 of 500
Processed step 490 of 500
[2026-10-10 08:05:58,102][agent.finetune.train_ppo_diffusion_agent][INFO] - approx_kl: 0.0, update_epoch: 0, num_batch: 4
[2026-10-10 08:05:59,853][agent.finetune.train_ppo_diffusion_agent][INFO] - approx_kl: 0.0, update_epoch: 0, num_batch: 4
[2026-10-10 08:06:01,447][agent.finetune.train_ppo_diffusion_agent][INFO] - approx_kl: 0.0, update_epoch: 0, num_batch: 4
[2026-10-10 08:06:03,169][agent.finetune.train_ppo_diffusion_agent][INFO] - approx_kl: 0.0, update_epoch: 0, num_batch: 4
[2026-10-10 08:06:04,810][agent.finetune.train_ppo_diffusion_agent][INFO] - approx_kl: 0.0, update_epoch: 1, num_batch: 4
[2026-10-10 08:06:06,535][agent.finetune.train_ppo_diffusion_agent][INFO] - approx_kl: 0.0, update_epoch: 1, num_batch: 4
[2026-10-10 08:06:08,309][agent.finetune.train_ppo_diffusion_agent][INFO] - approx_kl: 0.0, update_epoch: 1, num_batch: 4
[2026-10-10 08:06:10,181][agent.finetune.train_ppo_diffusion_agent][INFO] - approx_kl: 0.0, update_epoch: 1, num_batch: 4
[2026-10-10 08:06:11,712][agent.finetune.train_ppo_diffusion_agent][INFO] - approx_kl: 0.0, update_epoch: 2, num_batch: 4
[2026-10-10 08:06:13,428][agent.finetune.train_ppo_diffusion_agent][INFO] - approx_kl: 0.0, update_epoch: 2, num_batch: 4
[2026-10-10 08:06:15,114][agent.finetune.train_ppo_diffusion_agent][INFO] - approx_kl: 0.0, update_epoch: 2, num_batch: 4
[2026-10-10 08:06:16,775][agent.finetune.train_ppo_diffusion_agent][INFO] - approx_kl: 0.0, update_epoch: 2, num_batch: 4
[2026-10-10 08:06:18,363][agent.finetune.train_ppo_diffusion_agent][INFO] - approx_kl: 0.0, update_epoch: 3, num_batch: 4
[2026-10-10 08:06:20,022][agent.finetune.train_ppo_diffusion_agent][INFO] - approx_kl: 0.0, update_epoch: 3, num_batch: 4
[2026-10-10 08:06:21,582][agent.finetune.train_ppo_diffusion_agent][INFO] - approx_kl: 0.0, update_epoch: 3, num_batch: 4
[2026-10-10 08:06:23,382][agent.finetune.train_ppo_diffusion_agent][INFO] - approx_kl: 0.0, update_epoch: 3, num_batch: 4
[2026-10-10 08:06:24,915][agent.finetune.train_ppo_diffusion_agent][INFO] - approx_kl: 0.0, update_epoch: 4, num_batch: 4
[2026-10-10 08:06:26,471][agent.finetune.train_ppo_diffusion_agent][INFO] - approx_kl: 0.0, update_epoch: 4, num_batch: 4
[2026-10-10 08:06:28,197][agent.finetune.train_ppo_diffusion_agent][INFO] - approx_kl: 0.0, update_epoch: 4, num_batch: 4
[2026-10-10 08:06:29,871][agent.finetune.train_ppo_diffusion_agent][INFO] - approx_kl: 0.0, update_epoch: 4, num_batch: 4
[2026-10-10 08:06:36,615][agent.finetune.train_ppo_diffusion_agent][INFO] - 4: step   320000 | loss  -0.9326 | pg loss  -0.9611 | value loss   0.0571 | bc loss   0.0000 | reward 3752.3914 | eta   1.0000 | t: 52.9051 | kl_true_per_action=0.007158180134720317 | logratio_p99=0.12447218418121297 | clamp_hit_frac=0.0007729166666666667 | actor_step_ratio=1.0 | actor_step_clipfrac=0.0
[2026-10-10 08:06:36,615][agent.finetune.stage3_support][INFO] - STAGE3_METRICS {"J_disc_train": 1346.2594727021997, "J_disc_train_se": 30.88393733622724, "action_oor_frac": 0.14204375, "adv_raw_mean": -3.492459654808044e-14, "adv_raw_std": 326.4606672435592, "diagnostics_seconds": 0.1281343763694167, "episode_count": 80, "explained_var": 0.5060931444168091, "explained_var_reason": null, "grad_cos_prev": -0.009733555511243403, "grad_cos_prev_reason": null, "grad_norm": 30.087380284840158, "policy_action_oor_frac": 0.14207708333333333, "proj_active": false, "reward_clip_frac": 0.0, "rollout_seconds": 12.626258011907339, "split_diff_sq": 3828.530631289701, "split_dot": -51.88219367503021, "theta_dist": 0.015904413221670303, "theta_dist_preproj": 0.015904413221670303, "update_norm": 0.010928249519644143, "update_seconds": 40.146976112388074, "x0_sat_frac_last": 0.0320578231292517, "x0_sat_frac_mean": 0.06691180056700986}
Processed step 0 of 500
Processed step 10 of 500
Processed step 20 of 500
Processed step 30 of 500
Processed step 40 of 500
Processed step 50 of 500
Processed step 60 of 500
Processed step 70 of 500
Processed step 80 of 500
Processed step 90 of 500
Processed step 100 of 500
Processed step 110 of 500
Processed step 120 of 500
Processed step 130 of 500
Processed step 140 of 500
Processed step 150 of 500
Processed step 160 of 500
Processed step 170 of 500
Processed step 180 of 500
Processed step 190 of 500
Processed step 200 of 500
Processed step 210 of 500
Processed step 220 of 500
Processed step 230 of 500
Processed step 240 of 500
Processed step 250 of 500
Processed step 260 of 500
Processed step 270 of 500
Processed step 280 of 500
Processed step 290 of 500
Processed step 300 of 500
Processed step 310 of 500
Processed step 320 of 500
Processed step 330 of 500
Processed step 340 of 500
Processed step 350 of 500
Processed step 360 of 500
Processed step 370 of 500
Processed step 380 of 500
Processed step 390 of 500
Processed step 400 of 500
Processed step 410 of 500
Processed step 420 of 500
Processed step 430 of 500
Processed step 440 of 500
Processed step 450 of 500
Processed step 460 of 500
Processed step 470 of 500
Processed step 480 of 500
Processed step 490 of 500
[2026-10-10 08:06:51,767][agent.finetune.train_ppo_diffusion_agent][INFO] - approx_kl: 0.0, update_epoch: 0, num_batch: 4
[2026-10-10 08:06:53,526][agent.finetune.train_ppo_diffusion_agent][INFO] - approx_kl: 0.0, update_epoch: 0, num_batch: 4
[2026-10-10 08:06:55,275][agent.finetune.train_ppo_diffusion_agent][INFO] - approx_kl: 0.0, update_epoch: 0, num_batch: 4
[2026-10-10 08:06:56,913][agent.finetune.train_ppo_diffusion_agent][INFO] - approx_kl: 0.0, update_epoch: 0, num_batch: 4
[2026-10-10 08:06:58,588][agent.finetune.train_ppo_diffusion_agent][INFO] - approx_kl: 0.0, update_epoch: 1, num_batch: 4
[2026-10-10 08:07:00,321][agent.finetune.train_ppo_diffusion_agent][INFO] - approx_kl: 0.0, update_epoch: 1, num_batch: 4
[2026-10-10 08:07:02,118][agent.finetune.train_ppo_diffusion_agent][INFO] - approx_kl: 0.0, update_epoch: 1, num_batch: 4
[2026-10-10 08:07:03,768][agent.finetune.train_ppo_diffusion_agent][INFO] - approx_kl: 0.0, update_epoch: 1, num_batch: 4
[2026-10-10 08:07:05,402][agent.finetune.train_ppo_diffusion_agent][INFO] - approx_kl: 0.0, update_epoch: 2, num_batch: 4
[2026-10-10 08:07:07,139][agent.finetune.train_ppo_diffusion_agent][INFO] - approx_kl: 0.0, update_epoch: 2, num_batch: 4
[2026-10-10 08:07:08,901][agent.finetune.train_ppo_diffusion_agent][INFO] - approx_kl: 0.0, update_epoch: 2, num_batch: 4
[2026-10-10 08:07:10,555][agent.finetune.train_ppo_diffusion_agent][INFO] - approx_kl: 0.0, update_epoch: 2, num_batch: 4
[2026-10-10 08:07:12,225][agent.finetune.train_ppo_diffusion_agent][INFO] - approx_kl: 0.0, update_epoch: 3, num_batch: 4
[2026-10-10 08:07:13,956][agent.finetune.train_ppo_diffusion_agent][INFO] - approx_kl: 0.0, update_epoch: 3, num_batch: 4
[2026-10-10 08:07:15,773][agent.finetune.train_ppo_diffusion_agent][INFO] - approx_kl: 0.0, update_epoch: 3, num_batch: 4
[2026-10-10 08:07:17,422][agent.finetune.train_ppo_diffusion_agent][INFO] - approx_kl: 0.0, update_epoch: 3, num_batch: 4
[2026-10-10 08:07:19,136][agent.finetune.train_ppo_diffusion_agent][INFO] - approx_kl: 0.0, update_epoch: 4, num_batch: 4
[2026-10-10 08:07:20,881][agent.finetune.train_ppo_diffusion_agent][INFO] - approx_kl: 0.0, update_epoch: 4, num_batch: 4
[2026-10-10 08:07:22,587][agent.finetune.train_ppo_diffusion_agent][INFO] - approx_kl: 0.0, update_epoch: 4, num_batch: 4
[2026-10-10 08:07:24,260][agent.finetune.train_ppo_diffusion_agent][INFO] - approx_kl: 0.0, update_epoch: 4, num_batch: 4
[2026-10-10 08:07:31,274][agent.finetune.train_ppo_diffusion_agent][INFO] - 5: step   400000 | loss  -1.5759 | pg loss  -1.6096 | value loss   0.0674 | bc loss   0.0000 | reward 3806.7067 | eta   1.0000 | t: 54.6589 | kl_true_per_action=0.00426622876964162 | logratio_p99=0.09267365336418144 | clamp_hit_frac=0.0007645833333333334 | actor_step_ratio=1.0 | actor_step_clipfrac=0.0
[2026-10-10 08:07:31,274][agent.finetune.stage3_support][INFO] - STAGE3_METRICS {"J_disc_train": 1373.3757478255193, "J_disc_train_se": 29.043916345678774, "action_oor_frac": 0.145875, "adv_raw_mean": 2.7648638933897018e-14, "adv_raw_std": 308.725791315761, "diagnostics_seconds": 0.11836524121463299, "episode_count": 80, "explained_var": 0.5224770903587341, "explained_var_reason": null, "grad_cos_prev": -0.0600804454566533, "grad_cos_prev_reason": null, "grad_norm": 27.42671816259653, "policy_action_oor_frac": 0.14589375, "proj_active": false, "reward_clip_frac": 0.0, "rollout_seconds": 13.34940764401108, "split_diff_sq": 3363.620862590148, "split_dot": -88.68034190422998, "theta_dist": 0.018326346313758252, "theta_dist_preproj": 0.018326346313758252, "update_norm": 0.009961857480827166, "update_seconds": 41.187405770644546, "x0_sat_frac_last": 0.03676592224979322, "x0_sat_frac_mean": 0.06729021341045952}
Processed step 0 of 500
Processed step 10 of 500
Processed step 20 of 500
Processed step 30 of 500
Processed step 40 of 500
Processed step 50 of 500
Processed step 60 of 500
Processed step 70 of 500
Processed step 80 of 500
Processed step 90 of 500
Processed step 100 of 500
Processed step 110 of 500
Processed step 120 of 500
Processed step 130 of 500
Processed step 140 of 500
Processed step 150 of 500
Processed step 160 of 500
Processed step 170 of 500
Processed step 180 of 500
Processed step 190 of 500
Processed step 200 of 500
Processed step 210 of 500
Processed step 220 of 500
Processed step 230 of 500
Processed step 240 of 500
Processed step 250 of 500
Processed step 260 of 500
Processed step 270 of 500
Processed step 280 of 500
Processed step 290 of 500
Processed step 300 of 500
Processed step 310 of 500
Processed step 320 of 500
Processed step 330 of 500
Processed step 340 of 500
Processed step 350 of 500
Processed step 360 of 500
Processed step 370 of 500
Processed step 380 of 500
Processed step 390 of 500
Processed step 400 of 500
Processed step 410 of 500
Processed step 420 of 500
Processed step 430 of 500
Processed step 440 of 500
Processed step 450 of 500
Processed step 460 of 500
Processed step 470 of 500
Processed step 480 of 500
Processed step 490 of 500
[2026-10-10 08:07:45,711][agent.finetune.train_ppo_diffusion_agent][INFO] - approx_kl: 0.0, update_epoch: 0, num_batch: 4
[2026-10-10 08:07:47,456][agent.finetune.train_ppo_diffusion_agent][INFO] - approx_kl: 0.0, update_epoch: 0, num_batch: 4
[2026-10-10 08:07:49,294][agent.finetune.train_ppo_diffusion_agent][INFO] - approx_kl: 0.0, update_epoch: 0, num_batch: 4
[2026-10-10 08:07:50,863][agent.finetune.train_ppo_diffusion_agent][INFO] - approx_kl: 0.0, update_epoch: 0, num_batch: 4
[2026-10-10 08:07:52,445][agent.finetune.train_ppo_diffusion_agent][INFO] - approx_kl: 0.0, update_epoch: 1, num_batch: 4
[2026-10-10 08:07:54,082][agent.finetune.train_ppo_diffusion_agent][INFO] - approx_kl: 0.0, update_epoch: 1, num_batch: 4
[2026-10-10 08:07:55,903][agent.finetune.train_ppo_diffusion_agent][INFO] - approx_kl: 0.0, update_epoch: 1, num_batch: 4
[2026-10-10 08:07:57,579][agent.finetune.train_ppo_diffusion_agent][INFO] - approx_kl: 0.0, update_epoch: 1, num_batch: 4
[2026-10-10 08:07:59,327][agent.finetune.train_ppo_diffusion_agent][INFO] - approx_kl: 0.0, update_epoch: 2, num_batch: 4
[2026-10-10 08:08:01,040][agent.finetune.train_ppo_diffusion_agent][INFO] - approx_kl: 0.0, update_epoch: 2, num_batch: 4
[2026-10-10 08:08:02,845][agent.finetune.train_ppo_diffusion_agent][INFO] - approx_kl: 0.0, update_epoch: 2, num_batch: 4
[2026-10-10 08:08:04,461][agent.finetune.train_ppo_diffusion_agent][INFO] - approx_kl: 0.0, update_epoch: 2, num_batch: 4
[2026-10-10 08:08:06,167][agent.finetune.train_ppo_diffusion_agent][INFO] - approx_kl: 0.0, update_epoch: 3, num_batch: 4
[2026-10-10 08:08:07,864][agent.finetune.train_ppo_diffusion_agent][INFO] - approx_kl: 0.0, update_epoch: 3, num_batch: 4
[2026-10-10 08:08:09,627][agent.finetune.train_ppo_diffusion_agent][INFO] - approx_kl: 0.0, update_epoch: 3, num_batch: 4
[2026-10-10 08:08:11,246][agent.finetune.train_ppo_diffusion_agent][INFO] - approx_kl: 0.0, update_epoch: 3, num_batch: 4
[2026-10-10 08:08:12,964][agent.finetune.train_ppo_diffusion_agent][INFO] - approx_kl: 0.0, update_epoch: 4, num_batch: 4
[2026-10-10 08:08:14,708][agent.finetune.train_ppo_diffusion_agent][INFO] - approx_kl: 0.0, update_epoch: 4, num_batch: 4
[2026-10-10 08:08:16,531][agent.finetune.train_ppo_diffusion_agent][INFO] - approx_kl: 0.0, update_epoch: 4, num_batch: 4
[2026-10-10 08:08:18,171][agent.finetune.train_ppo_diffusion_agent][INFO] - approx_kl: 0.0, update_epoch: 4, num_batch: 4
[2026-10-10 08:08:25,163][agent.finetune.train_ppo_diffusion_agent][INFO] - 6: step   480000 | loss  -0.4187 | pg loss  -0.4567 | value loss   0.0760 | bc loss   0.0000 | reward 3987.4099 | eta   1.0000 | t: 53.8895 | kl_true_per_action=0.0017455827590259015 | logratio_p99=0.05632250487804404 | clamp_hit_frac=0.0007520833333333333 | actor_step_ratio=1.0 | actor_step_clipfrac=0.0
[2026-10-10 08:08:25,164][agent.finetune.stage3_support][INFO] - STAGE3_METRICS {"J_disc_train": 1418.6249684886827, "J_disc_train_se": 18.33351712620235, "action_oor_frac": 0.1496375, "adv_raw_mean": -2.5829649530351163e-14, "adv_raw_std": 230.2544749176351, "diagnostics_seconds": 0.11997650936245918, "episode_count": 80, "explained_var": 0.3731310963630676, "explained_var_reason": null, "grad_cos_prev": -0.029548671011196494, "grad_cos_prev_reason": null, "grad_norm": 18.449823713383964, "policy_action_oor_frac": 0.14966666666666667, "proj_active": false, "reward_clip_frac": 0.0, "rollout_seconds": 12.445131831802428, "split_diff_sq": 1391.6518565297617, "split_dot": -7.516945033911632, "theta_dist": 0.01940059555253085, "theta_dist_preproj": 0.01940059555253085, "update_norm": 0.006701298612277988, "update_seconds": 41.32026334479451, "x0_sat_frac_last": 0.03571428571428571, "x0_sat_frac_mean": 0.07024245683563718}
Processed step 0 of 500
Processed step 10 of 500
Processed step 20 of 500
Processed step 30 of 500
Processed step 40 of 500
Processed step 50 of 500
Processed step 60 of 500
Processed step 70 of 500
Processed step 80 of 500
Processed step 90 of 500
Processed step 100 of 500
Processed step 110 of 500
Processed step 120 of 500
Processed step 130 of 500
Processed step 140 of 500
Processed step 150 of 500
Processed step 160 of 500
Processed step 170 of 500
Processed step 180 of 500
Processed step 190 of 500
Processed step 200 of 500
Processed step 210 of 500
Processed step 220 of 500
Processed step 230 of 500
Processed step 240 of 500
Processed step 250 of 500
Processed step 260 of 500
Processed step 270 of 500
Processed step 280 of 500
Processed step 290 of 500
Processed step 300 of 500
Processed step 310 of 500
Processed step 320 of 500
Processed step 330 of 500
Processed step 340 of 500
Processed step 350 of 500
Processed step 360 of 500
Processed step 370 of 500
Processed step 380 of 500
Processed step 390 of 500
Processed step 400 of 500
Processed step 410 of 500
Processed step 420 of 500
Processed step 430 of 500
Processed step 440 of 500
Processed step 450 of 500
Processed step 460 of 500
Processed step 470 of 500
Processed step 480 of 500
Processed step 490 of 500
[2026-10-10 08:08:40,405][agent.finetune.train_ppo_diffusion_agent][INFO] - approx_kl: 0.0, update_epoch: 0, num_batch: 4
[2026-10-10 08:08:42,344][agent.finetune.train_ppo_diffusion_agent][INFO] - approx_kl: 0.0, update_epoch: 0, num_batch: 4
[2026-10-10 08:08:44,404][agent.finetune.train_ppo_diffusion_agent][INFO] - approx_kl: 0.0, update_epoch: 0, num_batch: 4
[2026-10-10 08:08:46,196][agent.finetune.train_ppo_diffusion_agent][INFO] - approx_kl: 0.0, update_epoch: 0, num_batch: 4
[2026-10-10 08:08:48,223][agent.finetune.train_ppo_diffusion_agent][INFO] - approx_kl: 0.0, update_epoch: 1, num_batch: 4
[2026-10-10 08:08:50,424][agent.finetune.train_ppo_diffusion_agent][INFO] - approx_kl: 0.0, update_epoch: 1, num_batch: 4
[2026-10-10 08:08:52,224][agent.finetune.train_ppo_diffusion_agent][INFO] - approx_kl: 0.0, update_epoch: 1, num_batch: 4
[2026-10-10 08:08:54,109][agent.finetune.train_ppo_diffusion_agent][INFO] - approx_kl: 0.0, update_epoch: 1, num_batch: 4
[2026-10-10 08:08:55,998][agent.finetune.train_ppo_diffusion_agent][INFO] - approx_kl: 0.0, update_epoch: 2, num_batch: 4
[2026-10-10 08:08:58,042][agent.finetune.train_ppo_diffusion_agent][INFO] - approx_kl: 0.0, update_epoch: 2, num_batch: 4
[2026-10-10 08:08:59,802][agent.finetune.train_ppo_diffusion_agent][INFO] - approx_kl: 0.0, update_epoch: 2, num_batch: 4
[2026-10-10 08:09:01,705][agent.finetune.train_ppo_diffusion_agent][INFO] - approx_kl: 0.0, update_epoch: 2, num_batch: 4
[2026-10-10 08:09:03,583][agent.finetune.train_ppo_diffusion_agent][INFO] - approx_kl: 0.0, update_epoch: 3, num_batch: 4
[2026-10-10 08:09:05,595][agent.finetune.train_ppo_diffusion_agent][INFO] - approx_kl: 0.0, update_epoch: 3, num_batch: 4
[2026-10-10 08:09:07,372][agent.finetune.train_ppo_diffusion_agent][INFO] - approx_kl: 0.0, update_epoch: 3, num_batch: 4
[2026-10-10 08:09:09,270][agent.finetune.train_ppo_diffusion_agent][INFO] - approx_kl: 0.0, update_epoch: 3, num_batch: 4
[2026-10-10 08:09:11,172][agent.finetune.train_ppo_diffusion_agent][INFO] - approx_kl: 0.0, update_epoch: 4, num_batch: 4
[2026-10-10 08:09:13,169][agent.finetune.train_ppo_diffusion_agent][INFO] - approx_kl: 0.0, update_epoch: 4, num_batch: 4
[2026-10-10 08:09:14,955][agent.finetune.train_ppo_diffusion_agent][INFO] - approx_kl: 0.0, update_epoch: 4, num_batch: 4
[2026-10-10 08:09:16,841][agent.finetune.train_ppo_diffusion_agent][INFO] - approx_kl: 0.0, update_epoch: 4, num_batch: 4
[2026-10-10 08:09:24,427][agent.finetune.train_ppo_diffusion_agent][INFO] - 7: step   560000 | loss  -1.8226 | pg loss  -1.8618 | value loss   0.0784 | bc loss   0.0000 | reward 3803.5620 | eta   1.0000 | t: 59.2637 | kl_true_per_action=0.012071705992473074 | logratio_p99=0.1854111754894252 | clamp_hit_frac=0.0007729166666666667 | actor_step_ratio=1.0 | actor_step_clipfrac=0.0
[2026-10-10 08:09:24,427][agent.finetune.stage3_support][INFO] - STAGE3_METRICS {"J_disc_train": 1380.027173017493, "J_disc_train_se": 30.041469179228983, "action_oor_frac": 0.1428875, "adv_raw_mean": -1.127773430198431e-14, "adv_raw_std": 335.89015252591804, "diagnostics_seconds": 0.11963529326021671, "episode_count": 80, "explained_var": 0.6216126382350922, "explained_var_reason": null, "grad_cos_prev": 0.04597957984443072, "grad_cos_prev_reason": null, "grad_norm": 28.88793507426606, "policy_action_oor_frac": 0.14290625, "proj_active": false, "reward_clip_frac": 0.0, "rollout_seconds": 13.041679847054183, "split_diff_sq": 3433.0109191245906, "split_dot": -23.739937503912827, "theta_dist": 0.02283249690096293, "theta_dist_preproj": 0.02283249690096293, "update_norm": 0.010492598136273134, "update_seconds": 46.09554133377969, "x0_sat_frac_last": 0.03306546124225682, "x0_sat_frac_mean": 0.06681192765128545}
Processed step 0 of 500
Processed step 10 of 500
Processed step 20 of 500
Processed step 30 of 500
Processed step 40 of 500
Processed step 50 of 500
Processed step 60 of 500
Processed step 70 of 500
Processed step 80 of 500
Processed step 90 of 500
Processed step 100 of 500
Processed step 110 of 500
Processed step 120 of 500
Processed step 130 of 500
Processed step 140 of 500
Processed step 150 of 500
Processed step 160 of 500
Processed step 170 of 500
Processed step 180 of 500
Processed step 190 of 500
Processed step 200 of 500
Processed step 210 of 500
Processed step 220 of 500
Processed step 230 of 500
Processed step 240 of 500
Processed step 250 of 500
Processed step 260 of 500
Processed step 270 of 500
Processed step 280 of 500
Processed step 290 of 500
Processed step 300 of 500
Processed step 310 of 500
Processed step 320 of 500
Processed step 330 of 500
Processed step 340 of 500
Processed step 350 of 500
Processed step 360 of 500
Processed step 370 of 500
Processed step 380 of 500
Processed step 390 of 500
Processed step 400 of 500
Processed step 410 of 500
Processed step 420 of 500
Processed step 430 of 500
Processed step 440 of 500
Processed step 450 of 500
Processed step 460 of 500
Processed step 470 of 500
Processed step 480 of 500
Processed step 490 of 500
[2026-10-10 08:09:39,877][agent.finetune.train_ppo_diffusion_agent][INFO] - approx_kl: 0.0, update_epoch: 0, num_batch: 4
[2026-10-10 08:09:41,767][agent.finetune.train_ppo_diffusion_agent][INFO] - approx_kl: 0.0, update_epoch: 0, num_batch: 4
[2026-10-10 08:09:43,454][agent.finetune.train_ppo_diffusion_agent][INFO] - approx_kl: 0.0, update_epoch: 0, num_batch: 4
[2026-10-10 08:09:45,237][agent.finetune.train_ppo_diffusion_agent][INFO] - approx_kl: 0.0, update_epoch: 0, num_batch: 4
[2026-10-10 08:09:47,102][agent.finetune.train_ppo_diffusion_agent][INFO] - approx_kl: 0.0, update_epoch: 1, num_batch: 4
[2026-10-10 08:09:49,164][agent.finetune.train_ppo_diffusion_agent][INFO] - approx_kl: 0.0, update_epoch: 1, num_batch: 4
[2026-10-10 08:09:50,838][agent.finetune.train_ppo_diffusion_agent][INFO] - approx_kl: 0.0, update_epoch: 1, num_batch: 4
[2026-10-10 08:09:52,635][agent.finetune.train_ppo_diffusion_agent][INFO] - approx_kl: 0.0, update_epoch: 1, num_batch: 4
[2026-10-10 08:09:54,397][agent.finetune.train_ppo_diffusion_agent][INFO] - approx_kl: 0.0, update_epoch: 2, num_batch: 4
[2026-10-10 08:09:56,276][agent.finetune.train_ppo_diffusion_agent][INFO] - approx_kl: 0.0, update_epoch: 2, num_batch: 4
[2026-10-10 08:09:57,935][agent.finetune.train_ppo_diffusion_agent][INFO] - approx_kl: 0.0, update_epoch: 2, num_batch: 4
[2026-10-10 08:09:59,696][agent.finetune.train_ppo_diffusion_agent][INFO] - approx_kl: 0.0, update_epoch: 2, num_batch: 4
[2026-10-10 08:10:01,435][agent.finetune.train_ppo_diffusion_agent][INFO] - approx_kl: 0.0, update_epoch: 3, num_batch: 4
[2026-10-10 08:10:03,277][agent.finetune.train_ppo_diffusion_agent][INFO] - approx_kl: 0.0, update_epoch: 3, num_batch: 4
[2026-10-10 08:10:04,937][agent.finetune.train_ppo_diffusion_agent][INFO] - approx_kl: 0.0, update_epoch: 3, num_batch: 4
[2026-10-10 08:10:06,682][agent.finetune.train_ppo_diffusion_agent][INFO] - approx_kl: 0.0, update_epoch: 3, num_batch: 4
[2026-10-10 08:10:08,418][agent.finetune.train_ppo_diffusion_agent][INFO] - approx_kl: 0.0, update_epoch: 4, num_batch: 4
[2026-10-10 08:10:10,274][agent.finetune.train_ppo_diffusion_agent][INFO] - approx_kl: 0.0, update_epoch: 4, num_batch: 4
[2026-10-10 08:10:11,921][agent.finetune.train_ppo_diffusion_agent][INFO] - approx_kl: 0.0, update_epoch: 4, num_batch: 4
[2026-10-10 08:10:13,671][agent.finetune.train_ppo_diffusion_agent][INFO] - approx_kl: 0.0, update_epoch: 4, num_batch: 4
[2026-10-10 08:10:20,668][agent.finetune.train_ppo_diffusion_agent][INFO] - 8: step   640000 | loss  -1.4089 | pg loss  -1.4515 | value loss   0.0851 | bc loss   0.0000 | reward 3830.3580 | eta   1.0000 | t: 56.2410 | kl_true_per_action=0.005487492634337135 | logratio_p99=0.10834391474723813 | clamp_hit_frac=0.00076875 | actor_step_ratio=1.0 | actor_step_clipfrac=0.0
[2026-10-10 08:10:20,668][agent.finetune.stage3_support][INFO] - STAGE3_METRICS {"J_disc_train": 1368.5860392496857, "J_disc_train_se": 26.579923938915034, "action_oor_frac": 0.14975833333333333, "adv_raw_mean": -3.3878677641041575e-14, "adv_raw_std": 279.1681046412751, "diagnostics_seconds": 0.13617192953824997, "episode_count": 80, "explained_var": 0.5633330047130585, "explained_var_reason": null, "grad_cos_prev": 0.051781394396211995, "grad_cos_prev_reason": null, "grad_norm": 25.0124693686474, "policy_action_oor_frac": 0.14978541666666667, "proj_active": false, "reward_clip_frac": 0.0, "rollout_seconds": 13.418117287568748, "split_diff_sq": 2478.97263298696, "split_dot": 5.880475592018431, "theta_dist": 0.025160867999606547, "theta_dist_preproj": 0.025160867999606547, "update_norm": 0.009084954206857811, "update_seconds": 42.68292524944991, "x0_sat_frac_last": 0.04436225342694751, "x0_sat_frac_mean": 0.0688927466836777}
Processed step 0 of 500
Processed step 10 of 500
Processed step 20 of 500
Processed step 30 of 500
Processed step 40 of 500
Processed step 50 of 500
Processed step 60 of 500
Processed step 70 of 500
Processed step 80 of 500
Processed step 90 of 500
Processed step 100 of 500
Processed step 110 of 500
Processed step 120 of 500
Processed step 130 of 500
Processed step 140 of 500
Processed step 150 of 500
Processed step 160 of 500
Processed step 170 of 500
Processed step 180 of 500
Processed step 190 of 500
Processed step 200 of 500
Processed step 210 of 500
Processed step 220 of 500
Processed step 230 of 500
Processed step 240 of 500
Processed step 250 of 500
Processed step 260 of 500
Processed step 270 of 500
Processed step 280 of 500
Processed step 290 of 500
Processed step 300 of 500
Processed step 310 of 500
Processed step 320 of 500
Processed step 330 of 500
Processed step 340 of 500
Processed step 350 of 500
Processed step 360 of 500
Processed step 370 of 500
Processed step 380 of 500
Processed step 390 of 500
Processed step 400 of 500
Processed step 410 of 500
Processed step 420 of 500
Processed step 430 of 500
Processed step 440 of 500
Processed step 450 of 500
Processed step 460 of 500
Processed step 470 of 500
Processed step 480 of 500
Processed step 490 of 500
[2026-10-10 08:10:36,865][agent.finetune.train_ppo_diffusion_agent][INFO] - approx_kl: 0.0, update_epoch: 0, num_batch: 4
[2026-10-10 08:10:38,702][agent.finetune.train_ppo_diffusion_agent][INFO] - approx_kl: 0.0, update_epoch: 0, num_batch: 4
[2026-10-10 08:10:40,361][agent.finetune.train_ppo_diffusion_agent][INFO] - approx_kl: 0.0, update_epoch: 0, num_batch: 4
[2026-10-10 08:10:42,098][agent.finetune.train_ppo_diffusion_agent][INFO] - approx_kl: 0.0, update_epoch: 0, num_batch: 4
[2026-10-10 08:10:43,851][agent.finetune.train_ppo_diffusion_agent][INFO] - approx_kl: 0.0, update_epoch: 1, num_batch: 4
[2026-10-10 08:10:45,718][agent.finetune.train_ppo_diffusion_agent][INFO] - approx_kl: 0.0, update_epoch: 1, num_batch: 4
[2026-10-10 08:10:47,368][agent.finetune.train_ppo_diffusion_agent][INFO] - approx_kl: 0.0, update_epoch: 1, num_batch: 4
[2026-10-10 08:10:49,144][agent.finetune.train_ppo_diffusion_agent][INFO] - approx_kl: 0.0, update_epoch: 1, num_batch: 4
[2026-10-10 08:10:50,904][agent.finetune.train_ppo_diffusion_agent][INFO] - approx_kl: 0.0, update_epoch: 2, num_batch: 4
[2026-10-10 08:10:52,729][agent.finetune.train_ppo_diffusion_agent][INFO] - approx_kl: 0.0, update_epoch: 2, num_batch: 4
[2026-10-10 08:10:54,379][agent.finetune.train_ppo_diffusion_agent][INFO] - approx_kl: 0.0, update_epoch: 2, num_batch: 4
[2026-10-10 08:10:56,070][agent.finetune.train_ppo_diffusion_agent][INFO] - approx_kl: 0.0, update_epoch: 2, num_batch: 4
[2026-10-10 08:10:57,784][agent.finetune.train_ppo_diffusion_agent][INFO] - approx_kl: 0.0, update_epoch: 3, num_batch: 4
[2026-10-10 08:10:59,602][agent.finetune.train_ppo_diffusion_agent][INFO] - approx_kl: 0.0, update_epoch: 3, num_batch: 4
[2026-10-10 08:11:01,261][agent.finetune.train_ppo_diffusion_agent][INFO] - approx_kl: 0.0, update_epoch: 3, num_batch: 4
[2026-10-10 08:11:03,036][agent.finetune.train_ppo_diffusion_agent][INFO] - approx_kl: 0.0, update_epoch: 3, num_batch: 4
[2026-10-10 08:11:04,771][agent.finetune.train_ppo_diffusion_agent][INFO] - approx_kl: 0.0, update_epoch: 4, num_batch: 4
[2026-10-10 08:11:06,606][agent.finetune.train_ppo_diffusion_agent][INFO] - approx_kl: 0.0, update_epoch: 4, num_batch: 4
[2026-10-10 08:11:08,252][agent.finetune.train_ppo_diffusion_agent][INFO] - approx_kl: 0.0, update_epoch: 4, num_batch: 4
[2026-10-10 08:11:10,018][agent.finetune.train_ppo_diffusion_agent][INFO] - approx_kl: 0.0, update_epoch: 4, num_batch: 4
[2026-10-10 08:11:16,970][agent.finetune.train_ppo_diffusion_agent][INFO] - 9: step   720000 | loss  -1.6065 | pg loss  -1.6484 | value loss   0.0839 | bc loss   0.0000 | reward 3826.9868 | eta   1.0000 | t: 56.3024 | kl_true_per_action=0.0031698753891650343 | logratio_p99=0.07704960584640501 | clamp_hit_frac=0.0007604166666666666 | actor_step_ratio=1.0 | actor_step_clipfrac=0.0
[2026-10-10 08:11:16,971][agent.finetune.stage3_support][INFO] - STAGE3_METRICS {"J_disc_train": 1375.4638903455289, "J_disc_train_se": 26.78959514450075, "action_oor_frac": 0.15292708333333332, "adv_raw_mean": 2.9103830456733705e-15, "adv_raw_std": 294.767845678156, "diagnostics_seconds": 0.12547193001955748, "episode_count": 80, "explained_var": 0.5985270440578461, "explained_var_reason": null, "grad_cos_prev": 0.01017201715651811, "grad_cos_prev_reason": null, "grad_norm": 24.560595132133855, "policy_action_oor_frac": 0.15295208333333332, "proj_active": false, "reward_clip_frac": 0.0, "rollout_seconds": 14.22380945738405, "split_diff_sq": 2645.4581124226656, "split_dot": -58.14169238156896, "theta_dist": 0.026529310078855086, "theta_dist_preproj": 0.026529310078855086, "update_norm": 0.008920824248925041, "update_seconds": 41.94952902011573, "x0_sat_frac_last": 0.0521407110665999, "x0_sat_frac_mean": 0.06982487670609983}
Processed step 0 of 500
Processed step 10 of 500
Processed step 20 of 500
Processed step 30 of 500
Processed step 40 of 500
Processed step 50 of 500
Processed step 60 of 500
Processed step 70 of 500
Processed step 80 of 500
Processed step 90 of 500
Processed step 100 of 500
Processed step 110 of 500
Processed step 120 of 500
Processed step 130 of 500
Processed step 140 of 500
Processed step 150 of 500
Processed step 160 of 500
Processed step 170 of 500
Processed step 180 of 500
Processed step 190 of 500
Processed step 200 of 500
Processed step 210 of 500
Processed step 220 of 500
Processed step 230 of 500
Processed step 240 of 500
Processed step 250 of 500
Processed step 260 of 500
Processed step 270 of 500
Processed step 280 of 500
Processed step 290 of 500
Processed step 300 of 500
Processed step 310 of 500
Processed step 320 of 500
Processed step 330 of 500
Processed step 340 of 500
Processed step 350 of 500
Processed step 360 of 500
Processed step 370 of 500
Processed step 380 of 500
Processed step 390 of 500
Processed step 400 of 500
Processed step 410 of 500
Processed step 420 of 500
Processed step 430 of 500
Processed step 440 of 500
Processed step 450 of 500
Processed step 460 of 500
Processed step 470 of 500
Processed step 480 of 500
Processed step 490 of 500
[2026-10-10 08:11:29,335][agent.finetune.train_ppo_diffusion_agent][INFO] - eval: success rate   1.0000 | avg episode reward 4292.0002 | avg best reward   6.5282
[2026-10-10 08:11:29,335][agent.finetune.stage3_support][INFO] - STAGE3_METRICS {"J_disc_eval": 1519.009205857089, "J_disc_eval_se": 19.091100997978966, "action_oor_frac": 0.0, "diagnostics_seconds": 0.006039546802639961, "episode_count": 80, "policy_action_oor_frac": 0.0, "rollout_seconds": 12.354958009906113, "update_seconds": 0.0}
Processed step 0 of 500
Processed step 10 of 500
Processed step 20 of 500
Processed step 30 of 500
Processed step 40 of 500
Processed step 50 of 500
Processed step 60 of 500
Processed step 70 of 500
Processed step 80 of 500
Processed step 90 of 500
Processed step 100 of 500
Processed step 110 of 500
Processed step 120 of 500
Processed step 130 of 500
Processed step 140 of 500
Processed step 150 of 500
Processed step 160 of 500
Processed step 170 of 500
Processed step 180 of 500
Processed step 190 of 500
Processed step 200 of 500
Processed step 210 of 500
Processed step 220 of 500
Processed step 230 of 500
Processed step 240 of 500
Processed step 250 of 500
Processed step 260 of 500
Processed step 270 of 500
Processed step 280 of 500
Processed step 290 of 500
Processed step 300 of 500
Processed step 310 of 500
Processed step 320 of 500
Processed step 330 of 500
Processed step 340 of 500
Processed step 350 of 500
Processed step 360 of 500
Processed step 370 of 500
Processed step 380 of 500
Processed step 390 of 500
Processed step 400 of 500
Processed step 410 of 500
Processed step 420 of 500
Processed step 430 of 500
Processed step 440 of 500
Processed step 450 of 500
Processed step 460 of 500
Processed step 470 of 500
Processed step 480 of 500
Processed step 490 of 500
[2026-10-10 08:11:43,689][agent.finetune.train_ppo_diffusion_agent][INFO] - approx_kl: 0.0, update_epoch: 0, num_batch: 4
[2026-10-10 08:11:45,506][agent.finetune.train_ppo_diffusion_agent][INFO] - approx_kl: 0.0, update_epoch: 0, num_batch: 4
[2026-10-10 08:11:47,144][agent.finetune.train_ppo_diffusion_agent][INFO] - approx_kl: 0.0, update_epoch: 0, num_batch: 4
[2026-10-10 08:11:48,870][agent.finetune.train_ppo_diffusion_agent][INFO] - approx_kl: 0.0, update_epoch: 0, num_batch: 4
[2026-10-10 08:11:50,624][agent.finetune.train_ppo_diffusion_agent][INFO] - approx_kl: 0.0, update_epoch: 1, num_batch: 4
[2026-10-10 08:11:52,503][agent.finetune.train_ppo_diffusion_agent][INFO] - approx_kl: 0.0, update_epoch: 1, num_batch: 4
[2026-10-10 08:11:54,149][agent.finetune.train_ppo_diffusion_agent][INFO] - approx_kl: 0.0, update_epoch: 1, num_batch: 4
[2026-10-10 08:11:55,923][agent.finetune.train_ppo_diffusion_agent][INFO] - approx_kl: 0.0, update_epoch: 1, num_batch: 4
[2026-10-10 08:11:57,657][agent.finetune.train_ppo_diffusion_agent][INFO] - approx_kl: 0.0, update_epoch: 2, num_batch: 4
[2026-10-10 08:11:59,504][agent.finetune.train_ppo_diffusion_agent][INFO] - approx_kl: 0.0, update_epoch: 2, num_batch: 4
[2026-10-10 08:12:01,159][agent.finetune.train_ppo_diffusion_agent][INFO] - approx_kl: 0.0, update_epoch: 2, num_batch: 4
[2026-10-10 08:12:02,896][agent.finetune.train_ppo_diffusion_agent][INFO] - approx_kl: 0.0, update_epoch: 2, num_batch: 4
[2026-10-10 08:12:04,626][agent.finetune.train_ppo_diffusion_agent][INFO] - approx_kl: 0.0, update_epoch: 3, num_batch: 4
[2026-10-10 08:12:06,430][agent.finetune.train_ppo_diffusion_agent][INFO] - approx_kl: 0.0, update_epoch: 3, num_batch: 4
[2026-10-10 08:12:08,070][agent.finetune.train_ppo_diffusion_agent][INFO] - approx_kl: 0.0, update_epoch: 3, num_batch: 4
[2026-10-10 08:12:09,801][agent.finetune.train_ppo_diffusion_agent][INFO] - approx_kl: 0.0, update_epoch: 3, num_batch: 4
[2026-10-10 08:12:11,539][agent.finetune.train_ppo_diffusion_agent][INFO] - approx_kl: 0.0, update_epoch: 4, num_batch: 4
[2026-10-10 08:12:13,384][agent.finetune.train_ppo_diffusion_agent][INFO] - approx_kl: 0.0, update_epoch: 4, num_batch: 4
[2026-10-10 08:12:15,024][agent.finetune.train_ppo_diffusion_agent][INFO] - approx_kl: 0.0, update_epoch: 4, num_batch: 4
[2026-10-10 08:12:16,747][agent.finetune.train_ppo_diffusion_agent][INFO] - approx_kl: 0.0, update_epoch: 4, num_batch: 4
[2026-10-10 08:12:23,588][agent.finetune.train_ppo_diffusion_agent][INFO] - 11: step   800000 | loss   0.4969 | pg loss   0.4511 | value loss   0.0916 | bc loss   0.0000 | reward 3937.9873 | eta   1.0000 | t: 54.2528 | kl_true_per_action=0.003667271621923464 | logratio_p99=0.08722275733947753 | clamp_hit_frac=0.0006979166666666667 | actor_step_ratio=1.0 | actor_step_clipfrac=0.0
[2026-10-10 08:12:23,588][agent.finetune.stage3_support][INFO] - STAGE3_METRICS {"J_disc_train": 1411.481152476728, "J_disc_train_se": 23.88620255724288, "action_oor_frac": 0.15471041666666666, "adv_raw_mean": 6.548361852765083e-15, "adv_raw_std": 278.22007875707567, "diagnostics_seconds": 0.1211339607834816, "episode_count": 80, "explained_var": 0.5444692373275757, "explained_var_reason": null, "grad_cos_prev": -0.024549315193397453, "grad_cos_prev_reason": null, "grad_norm": 22.78361404907843, "policy_action_oor_frac": 0.1547375, "proj_active": false, "reward_clip_frac": 0.0, "rollout_seconds": 12.378400135785341, "split_diff_sq": 2125.3058707832233, "split_dot": -12.23338584511302, "theta_dist": 0.0276201906380238, "theta_dist_preproj": 0.0276201906380238, "update_norm": 0.00827539930253466, "update_seconds": 41.749943451955914, "x0_sat_frac_last": 0.053319382898408006, "x0_sat_frac_mean": 0.07096784801066976}
Processed step 0 of 500
Processed step 10 of 500
Processed step 20 of 500
Processed step 30 of 500
Processed step 40 of 500
Processed step 50 of 500
Processed step 60 of 500
Processed step 70 of 500
Processed step 80 of 500
Processed step 90 of 500
Processed step 100 of 500
Processed step 110 of 500
Processed step 120 of 500
Processed step 130 of 500
Processed step 140 of 500
Processed step 150 of 500
Processed step 160 of 500
Processed step 170 of 500
Processed step 180 of 500
Processed step 190 of 500
Processed step 200 of 500
Processed step 210 of 500
Processed step 220 of 500
Processed step 230 of 500
Processed step 240 of 500
Processed step 250 of 500
Processed step 260 of 500
Processed step 270 of 500
Processed step 280 of 500
Processed step 290 of 500
Processed step 300 of 500
Processed step 310 of 500
Processed step 320 of 500
Processed step 330 of 500
Processed step 340 of 500
Processed step 350 of 500
Processed step 360 of 500
Processed step 370 of 500
Processed step 380 of 500
Processed step 390 of 500
Processed step 400 of 500
Processed step 410 of 500
Processed step 420 of 500
Processed step 430 of 500
Processed step 440 of 500
Processed step 450 of 500
Processed step 460 of 500
Processed step 470 of 500
Processed step 480 of 500
Processed step 490 of 500
[2026-10-10 08:12:38,140][agent.finetune.train_ppo_diffusion_agent][INFO] - approx_kl: 0.0, update_epoch: 0, num_batch: 4
[2026-10-10 08:12:39,802][agent.finetune.train_ppo_diffusion_agent][INFO] - approx_kl: 0.0, update_epoch: 0, num_batch: 4
[2026-10-10 08:12:41,570][agent.finetune.train_ppo_diffusion_agent][INFO] - approx_kl: 0.0, update_epoch: 0, num_batch: 4
[2026-10-10 08:12:43,361][agent.finetune.train_ppo_diffusion_agent][INFO] - approx_kl: 0.0, update_epoch: 0, num_batch: 4
[2026-10-10 08:12:45,210][agent.finetune.train_ppo_diffusion_agent][INFO] - approx_kl: 0.0, update_epoch: 1, num_batch: 4
[2026-10-10 08:12:46,875][agent.finetune.train_ppo_diffusion_agent][INFO] - approx_kl: 0.0, update_epoch: 1, num_batch: 4
[2026-10-10 08:12:48,623][agent.finetune.train_ppo_diffusion_agent][INFO] - approx_kl: 0.0, update_epoch: 1, num_batch: 4
[2026-10-10 08:12:50,381][agent.finetune.train_ppo_diffusion_agent][INFO] - approx_kl: 0.0, update_epoch: 1, num_batch: 4
[2026-10-10 08:12:52,243][agent.finetune.train_ppo_diffusion_agent][INFO] - approx_kl: 0.0, update_epoch: 2, num_batch: 4
[2026-10-10 08:12:53,894][agent.finetune.train_ppo_diffusion_agent][INFO] - approx_kl: 0.0, update_epoch: 2, num_batch: 4
[2026-10-10 08:12:55,665][agent.finetune.train_ppo_diffusion_agent][INFO] - approx_kl: 0.0, update_epoch: 2, num_batch: 4
[2026-10-10 08:12:57,403][agent.finetune.train_ppo_diffusion_agent][INFO] - approx_kl: 0.0, update_epoch: 2, num_batch: 4
[2026-10-10 08:12:59,221][agent.finetune.train_ppo_diffusion_agent][INFO] - approx_kl: 0.0, update_epoch: 3, num_batch: 4
[2026-10-10 08:13:00,709][agent.finetune.train_ppo_diffusion_agent][INFO] - approx_kl: 0.0, update_epoch: 3, num_batch: 4
[2026-10-10 08:13:02,298][agent.finetune.train_ppo_diffusion_agent][INFO] - approx_kl: 0.0, update_epoch: 3, num_batch: 4
[2026-10-10 08:13:03,941][agent.finetune.train_ppo_diffusion_agent][INFO] - approx_kl: 0.0, update_epoch: 3, num_batch: 4
[2026-10-10 08:13:05,619][agent.finetune.train_ppo_diffusion_agent][INFO] - approx_kl: 0.0, update_epoch: 4, num_batch: 4
[2026-10-10 08:13:07,228][agent.finetune.train_ppo_diffusion_agent][INFO] - approx_kl: 0.0, update_epoch: 4, num_batch: 4
[2026-10-10 08:13:08,893][agent.finetune.train_ppo_diffusion_agent][INFO] - approx_kl: 0.0, update_epoch: 4, num_batch: 4
[2026-10-10 08:13:10,650][agent.finetune.train_ppo_diffusion_agent][INFO] - approx_kl: 0.0, update_epoch: 4, num_batch: 4
[2026-10-10 08:13:17,291][agent.finetune.train_ppo_diffusion_agent][INFO] - 12: step   880000 | loss   0.3625 | pg loss   0.3157 | value loss   0.0938 | bc loss   0.0000 | reward 3788.5189 | eta   1.0000 | t: 53.7026 | kl_true_per_action=0.0076010439774608415 | logratio_p99=0.13159738302230806 | clamp_hit_frac=0.00080625 | actor_step_ratio=1.0 | actor_step_clipfrac=0.0
[2026-10-10 08:13:17,291][agent.finetune.stage3_support][INFO] - STAGE3_METRICS {"J_disc_train": 1350.4423405716, "J_disc_train_se": 34.366441783412554, "action_oor_frac": 0.15044166666666667, "adv_raw_mean": -1.0686562745831907e-14, "adv_raw_std": 332.83919052904355, "diagnostics_seconds": 0.12008359842002392, "episode_count": 80, "explained_var": 0.6359235048294067, "explained_var_reason": null, "grad_cos_prev": 0.03937878169448416, "grad_cos_prev_reason": null, "grad_norm": 30.638260146557364, "policy_action_oor_frac": 0.15046666666666667, "proj_active": false, "reward_clip_frac": 0.0, "rollout_seconds": 12.475972026586533, "split_diff_sq": 4917.370684290986, "split_dot": -290.63966847983636, "theta_dist": 0.02939405672255695, "theta_dist_preproj": 0.02939405672255695, "update_norm": 0.011128348610775447, "update_seconds": 41.10014908295125, "x0_sat_frac_last": 0.049516908212560384, "x0_sat_frac_mean": 0.06942588131240691}
Processed step 0 of 500
Processed step 10 of 500
Processed step 20 of 500
Processed step 30 of 500
Processed step 40 of 500
Processed step 50 of 500
Processed step 60 of 500
Processed step 70 of 500
Processed step 80 of 500
Processed step 90 of 500
Processed step 100 of 500
Processed step 110 of 500
Processed step 120 of 500
Processed step 130 of 500
Processed step 140 of 500
Processed step 150 of 500
Processed step 160 of 500
Processed step 170 of 500
Processed step 180 of 500
Processed step 190 of 500
Processed step 200 of 500
Processed step 210 of 500
Processed step 220 of 500
Processed step 230 of 500
Processed step 240 of 500
Processed step 250 of 500
Processed step 260 of 500
Processed step 270 of 500
Processed step 280 of 500
Processed step 290 of 500
Processed step 300 of 500
Processed step 310 of 500
Processed step 320 of 500
Processed step 330 of 500
Processed step 340 of 500
Processed step 350 of 500
Processed step 360 of 500
Processed step 370 of 500
Processed step 380 of 500
Processed step 390 of 500
Processed step 400 of 500
Processed step 410 of 500
Processed step 420 of 500
Processed step 430 of 500
Processed step 440 of 500
Processed step 450 of 500
Processed step 460 of 500
Processed step 470 of 500
Processed step 480 of 500
Processed step 490 of 500
[2026-10-10 08:13:32,934][agent.finetune.train_ppo_diffusion_agent][INFO] - approx_kl: 0.0, update_epoch: 0, num_batch: 4
[2026-10-10 08:13:34,558][agent.finetune.train_ppo_diffusion_agent][INFO] - approx_kl: 0.0, update_epoch: 0, num_batch: 4
[2026-10-10 08:13:36,281][agent.finetune.train_ppo_diffusion_agent][INFO] - approx_kl: 0.0, update_epoch: 0, num_batch: 4
[2026-10-10 08:13:37,992][agent.finetune.train_ppo_diffusion_agent][INFO] - approx_kl: 0.0, update_epoch: 0, num_batch: 4
[2026-10-10 08:13:39,815][agent.finetune.train_ppo_diffusion_agent][INFO] - approx_kl: 0.0, update_epoch: 1, num_batch: 4
[2026-10-10 08:13:41,455][agent.finetune.train_ppo_diffusion_agent][INFO] - approx_kl: 0.0, update_epoch: 1, num_batch: 4
[2026-10-10 08:13:43,189][agent.finetune.train_ppo_diffusion_agent][INFO] - approx_kl: 0.0, update_epoch: 1, num_batch: 4
[2026-10-10 08:13:44,921][agent.finetune.train_ppo_diffusion_agent][INFO] - approx_kl: 0.0, update_epoch: 1, num_batch: 4
[2026-10-10 08:13:46,785][agent.finetune.train_ppo_diffusion_agent][INFO] - approx_kl: 0.0, update_epoch: 2, num_batch: 4
[2026-10-10 08:13:48,408][agent.finetune.train_ppo_diffusion_agent][INFO] - approx_kl: 0.0, update_epoch: 2, num_batch: 4
[2026-10-10 08:13:50,151][agent.finetune.train_ppo_diffusion_agent][INFO] - approx_kl: 0.0, update_epoch: 2, num_batch: 4
[2026-10-10 08:13:51,876][agent.finetune.train_ppo_diffusion_agent][INFO] - approx_kl: 0.0, update_epoch: 2, num_batch: 4
[2026-10-10 08:13:53,704][agent.finetune.train_ppo_diffusion_agent][INFO] - approx_kl: 0.0, update_epoch: 3, num_batch: 4
[2026-10-10 08:13:55,327][agent.finetune.train_ppo_diffusion_agent][INFO] - approx_kl: 0.0, update_epoch: 3, num_batch: 4
[2026-10-10 08:13:57,072][agent.finetune.train_ppo_diffusion_agent][INFO] - approx_kl: 0.0, update_epoch: 3, num_batch: 4
[2026-10-10 08:13:58,797][agent.finetune.train_ppo_diffusion_agent][INFO] - approx_kl: 0.0, update_epoch: 3, num_batch: 4
[2026-10-10 08:14:00,630][agent.finetune.train_ppo_diffusion_agent][INFO] - approx_kl: 0.0, update_epoch: 4, num_batch: 4
[2026-10-10 08:14:02,265][agent.finetune.train_ppo_diffusion_agent][INFO] - approx_kl: 0.0, update_epoch: 4, num_batch: 4
[2026-10-10 08:14:04,010][agent.finetune.train_ppo_diffusion_agent][INFO] - approx_kl: 0.0, update_epoch: 4, num_batch: 4
[2026-10-10 08:14:05,728][agent.finetune.train_ppo_diffusion_agent][INFO] - approx_kl: 0.0, update_epoch: 4, num_batch: 4
[2026-10-10 08:14:12,611][agent.finetune.train_ppo_diffusion_agent][INFO] - 13: step   960000 | loss  -0.3386 | pg loss  -0.3877 | value loss   0.0982 | bc loss   0.0000 | reward 3855.3840 | eta   1.0000 | t: 55.3202 | kl_true_per_action=0.0036659065199871276 | logratio_p99=0.08253710508346516 | clamp_hit_frac=0.000775 | actor_step_ratio=1.0 | actor_step_clipfrac=0.0
[2026-10-10 08:14:12,611][agent.finetune.stage3_support][INFO] - STAGE3_METRICS {"J_disc_train": 1377.698132630634, "J_disc_train_se": 27.55289812275149, "action_oor_frac": 0.14991041666666666, "adv_raw_mean": -3.2014213502407076e-14, "adv_raw_std": 300.28322170025007, "diagnostics_seconds": 0.12688698153942823, "episode_count": 80, "explained_var": 0.593896895647049, "explained_var_reason": null, "grad_cos_prev": -0.031033651690147206, "grad_cos_prev_reason": null, "grad_norm": 25.959556071677778, "policy_action_oor_frac": 0.14992916666666667, "proj_active": false, "reward_clip_frac": 0.0, "rollout_seconds": 13.588816520757973, "split_diff_sq": 2509.4492385427857, "split_dot": 46.53623922093339, "theta_dist": 0.030210513008653083, "theta_dist_preproj": 0.030210513008653083, "update_norm": 0.00942896412179913, "update_seconds": 41.60077671799809, "x0_sat_frac_last": 0.042704626334519574, "x0_sat_frac_mean": 0.06927163482401126}
Processed step 0 of 500
Processed step 10 of 500
Processed step 20 of 500
Processed step 30 of 500
Processed step 40 of 500
Processed step 50 of 500
Processed step 60 of 500
Processed step 70 of 500
Processed step 80 of 500
Processed step 90 of 500
Processed step 100 of 500
Processed step 110 of 500
Processed step 120 of 500
Processed step 130 of 500
Processed step 140 of 500
Processed step 150 of 500
Processed step 160 of 500
Processed step 170 of 500
Processed step 180 of 500
Processed step 190 of 500
Processed step 200 of 500
Processed step 210 of 500
Processed step 220 of 500
Processed step 230 of 500
Processed step 240 of 500
Processed step 250 of 500
Processed step 260 of 500
Processed step 270 of 500
Processed step 280 of 500
Processed step 290 of 500
Processed step 300 of 500
Processed step 310 of 500
Processed step 320 of 500
Processed step 330 of 500
Processed step 340 of 500
Processed step 350 of 500
Processed step 360 of 500
Processed step 370 of 500
Processed step 380 of 500
Processed step 390 of 500
Processed step 400 of 500
Processed step 410 of 500
Processed step 420 of 500
Processed step 430 of 500
Processed step 440 of 500
Processed step 450 of 500
Processed step 460 of 500
Processed step 470 of 500
Processed step 480 of 500
Processed step 490 of 500
[2026-10-10 08:14:26,871][agent.finetune.train_ppo_diffusion_agent][INFO] - approx_kl: 0.0, update_epoch: 0, num_batch: 4
[2026-10-10 08:14:28,488][agent.finetune.train_ppo_diffusion_agent][INFO] - approx_kl: 0.0, update_epoch: 0, num_batch: 4
[2026-10-10 08:14:30,178][agent.finetune.train_ppo_diffusion_agent][INFO] - approx_kl: 0.0, update_epoch: 0, num_batch: 4
[2026-10-10 08:14:32,017][agent.finetune.train_ppo_diffusion_agent][INFO] - approx_kl: 0.0, update_epoch: 0, num_batch: 4
[2026-10-10 08:14:33,645][agent.finetune.train_ppo_diffusion_agent][INFO] - approx_kl: 0.0, update_epoch: 1, num_batch: 4
[2026-10-10 08:14:35,349][agent.finetune.train_ppo_diffusion_agent][INFO] - approx_kl: 0.0, update_epoch: 1, num_batch: 4
[2026-10-10 08:14:37,061][agent.finetune.train_ppo_diffusion_agent][INFO] - approx_kl: 0.0, update_epoch: 1, num_batch: 4
[2026-10-10 08:14:38,849][agent.finetune.train_ppo_diffusion_agent][INFO] - approx_kl: 0.0, update_epoch: 1, num_batch: 4
[2026-10-10 08:14:40,483][agent.finetune.train_ppo_diffusion_agent][INFO] - approx_kl: 0.0, update_epoch: 2, num_batch: 4
[2026-10-10 08:14:42,237][agent.finetune.train_ppo_diffusion_agent][INFO] - approx_kl: 0.0, update_epoch: 2, num_batch: 4
[2026-10-10 08:14:43,989][agent.finetune.train_ppo_diffusion_agent][INFO] - approx_kl: 0.0, update_epoch: 2, num_batch: 4
[2026-10-10 08:14:45,835][agent.finetune.train_ppo_diffusion_agent][INFO] - approx_kl: 0.0, update_epoch: 2, num_batch: 4
[2026-10-10 08:14:47,449][agent.finetune.train_ppo_diffusion_agent][INFO] - approx_kl: 0.0, update_epoch: 3, num_batch: 4
[2026-10-10 08:14:49,184][agent.finetune.train_ppo_diffusion_agent][INFO] - approx_kl: 0.0, update_epoch: 3, num_batch: 4
[2026-10-10 08:14:50,901][agent.finetune.train_ppo_diffusion_agent][INFO] - approx_kl: 0.0, update_epoch: 3, num_batch: 4
[2026-10-10 08:14:52,712][agent.finetune.train_ppo_diffusion_agent][INFO] - approx_kl: 0.0, update_epoch: 3, num_batch: 4
[2026-10-10 08:14:54,321][agent.finetune.train_ppo_diffusion_agent][INFO] - approx_kl: 0.0, update_epoch: 4, num_batch: 4
[2026-10-10 08:14:56,019][agent.finetune.train_ppo_diffusion_agent][INFO] - approx_kl: 0.0, update_epoch: 4, num_batch: 4
[2026-10-10 08:14:57,748][agent.finetune.train_ppo_diffusion_agent][INFO] - approx_kl: 0.0, update_epoch: 4, num_batch: 4
[2026-10-10 08:14:59,554][agent.finetune.train_ppo_diffusion_agent][INFO] - approx_kl: 0.0, update_epoch: 4, num_batch: 4
[2026-10-10 08:15:06,625][agent.finetune.train_ppo_diffusion_agent][INFO] - 14: step  1040000 | loss  -0.4212 | pg loss  -0.4728 | value loss   0.1032 | bc loss   0.0000 | reward 4016.0324 | eta   1.0000 | t: 54.0140 | kl_true_per_action=0.0018127354879429747 | logratio_p99=0.05656145334243769 | clamp_hit_frac=0.00076875 | actor_step_ratio=1.0 | actor_step_clipfrac=0.0
[2026-10-10 08:15:06,625][agent.finetune.stage3_support][INFO] - STAGE3_METRICS {"J_disc_train": 1408.881071127471, "J_disc_train_se": 22.151930925304757, "action_oor_frac": 0.15357291666666667, "adv_raw_mean": 3.637978807091713e-15, "adv_raw_std": 211.49402449914047, "diagnostics_seconds": 0.11470306478440762, "episode_count": 80, "explained_var": 0.3336424231529236, "explained_var_reason": null, "grad_cos_prev": -0.11288158342552432, "grad_cos_prev_reason": null, "grad_norm": 19.4473025965403, "policy_action_oor_frac": 0.15359583333333332, "proj_active": false, "reward_clip_frac": 0.0, "rollout_seconds": 12.22682275250554, "split_diff_sq": 1628.6254138318072, "split_dot": -28.958779145849256, "theta_dist": 0.030337944202424454, "theta_dist_preproj": 0.030337944202424454, "update_norm": 0.007063594443875341, "update_seconds": 41.66932902671397, "x0_sat_frac_last": 0.042486876640419946, "x0_sat_frac_mean": 0.06925031643761557}
Processed step 0 of 500
Processed step 10 of 500
Processed step 20 of 500
Processed step 30 of 500
Processed step 40 of 500
Processed step 50 of 500
Processed step 60 of 500
Processed step 70 of 500
Processed step 80 of 500
Processed step 90 of 500
Processed step 100 of 500
Processed step 110 of 500
Processed step 120 of 500
Processed step 130 of 500
Processed step 140 of 500
Processed step 150 of 500
Processed step 160 of 500
Processed step 170 of 500
Processed step 180 of 500
Processed step 190 of 500
Processed step 200 of 500
Processed step 210 of 500
Processed step 220 of 500
Processed step 230 of 500
Processed step 240 of 500
Processed step 250 of 500
Processed step 260 of 500
Processed step 270 of 500
Processed step 280 of 500
Processed step 290 of 500
Processed step 300 of 500
Processed step 310 of 500
Processed step 320 of 500
Processed step 330 of 500
Processed step 340 of 500
Processed step 350 of 500
Processed step 360 of 500
Processed step 370 of 500
Processed step 380 of 500
Processed step 390 of 500
Processed step 400 of 500
Processed step 410 of 500
Processed step 420 of 500
Processed step 430 of 500
Processed step 440 of 500
Processed step 450 of 500
Processed step 460 of 500
Processed step 470 of 500
Processed step 480 of 500
Processed step 490 of 500
[2026-10-10 08:15:20,835][agent.finetune.train_ppo_diffusion_agent][INFO] - approx_kl: 0.0, update_epoch: 0, num_batch: 4
[2026-10-10 08:15:22,585][agent.finetune.train_ppo_diffusion_agent][INFO] - approx_kl: 0.0, update_epoch: 0, num_batch: 4
[2026-10-10 08:15:24,304][agent.finetune.train_ppo_diffusion_agent][INFO] - approx_kl: 0.0, update_epoch: 0, num_batch: 4
[2026-10-10 08:15:26,119][agent.finetune.train_ppo_diffusion_agent][INFO] - approx_kl: 0.0, update_epoch: 0, num_batch: 4
[2026-10-10 08:15:27,750][agent.finetune.train_ppo_diffusion_agent][INFO] - approx_kl: 0.0, update_epoch: 1, num_batch: 4
[2026-10-10 08:15:29,470][agent.finetune.train_ppo_diffusion_agent][INFO] - approx_kl: 0.0, update_epoch: 1, num_batch: 4
[2026-10-10 08:15:31,219][agent.finetune.train_ppo_diffusion_agent][INFO] - approx_kl: 0.0, update_epoch: 1, num_batch: 4
[2026-10-10 08:15:33,065][agent.finetune.train_ppo_diffusion_agent][INFO] - approx_kl: 0.0, update_epoch: 1, num_batch: 4
[2026-10-10 08:15:34,698][agent.finetune.train_ppo_diffusion_agent][INFO] - approx_kl: 0.0, update_epoch: 2, num_batch: 4
[2026-10-10 08:15:36,428][agent.finetune.train_ppo_diffusion_agent][INFO] - approx_kl: 0.0, update_epoch: 2, num_batch: 4
[2026-10-10 08:15:38,163][agent.finetune.train_ppo_diffusion_agent][INFO] - approx_kl: 0.0, update_epoch: 2, num_batch: 4
[2026-10-10 08:15:39,995][agent.finetune.train_ppo_diffusion_agent][INFO] - approx_kl: 0.0, update_epoch: 2, num_batch: 4
[2026-10-10 08:15:41,617][agent.finetune.train_ppo_diffusion_agent][INFO] - approx_kl: 0.0, update_epoch: 3, num_batch: 4
[2026-10-10 08:15:43,347][agent.finetune.train_ppo_diffusion_agent][INFO] - approx_kl: 0.0, update_epoch: 3, num_batch: 4
[2026-10-10 08:15:45,093][agent.finetune.train_ppo_diffusion_agent][INFO] - approx_kl: 0.0, update_epoch: 3, num_batch: 4
[2026-10-10 08:15:46,918][agent.finetune.train_ppo_diffusion_agent][INFO] - approx_kl: 0.0, update_epoch: 3, num_batch: 4
[2026-10-10 08:15:48,554][agent.finetune.train_ppo_diffusion_agent][INFO] - approx_kl: 0.0, update_epoch: 4, num_batch: 4
[2026-10-10 08:15:50,275][agent.finetune.train_ppo_diffusion_agent][INFO] - approx_kl: 0.0, update_epoch: 4, num_batch: 4
[2026-10-10 08:15:51,997][agent.finetune.train_ppo_diffusion_agent][INFO] - approx_kl: 0.0, update_epoch: 4, num_batch: 4
[2026-10-10 08:15:53,826][agent.finetune.train_ppo_diffusion_agent][INFO] - approx_kl: 0.0, update_epoch: 4, num_batch: 4
[2026-10-10 08:16:00,694][agent.finetune.train_ppo_diffusion_agent][INFO] - 15: step  1120000 | loss  -2.0891 | pg loss  -2.1390 | value loss   0.0997 | bc loss   0.0000 | reward 3975.5787 | eta   1.0000 | t: 54.0692 | kl_true_per_action=0.0046751594888662165 | logratio_p99=0.11032965421676615 | clamp_hit_frac=0.0007583333333333333 | actor_step_ratio=1.0 | actor_step_clipfrac=0.0
[2026-10-10 08:16:00,694][agent.finetune.stage3_support][INFO] - STAGE3_METRICS {"J_disc_train": 1412.332802666187, "J_disc_train_se": 22.92491504853425, "action_oor_frac": 0.15319375, "adv_raw_mean": 7.639755494892597e-15, "adv_raw_std": 251.85799714046175, "diagnostics_seconds": 0.12223697267472744, "episode_count": 80, "explained_var": 0.47827011346817017, "explained_var_reason": null, "grad_cos_prev": -0.024898939662845117, "grad_cos_prev_reason": null, "grad_norm": 21.925624984548566, "policy_action_oor_frac": 0.15322083333333333, "proj_active": false, "reward_clip_frac": 0.0, "rollout_seconds": 12.351126960478723, "split_diff_sq": 1871.726374079266, "split_dot": 12.801443368558646, "theta_dist": 0.03130173973476869, "theta_dist_preproj": 0.03130173973476869, "update_norm": 0.007963760332220113, "update_seconds": 41.58932299911976, "x0_sat_frac_last": 0.042813267813267816, "x0_sat_frac_mean": 0.06918675892839084}
Processed step 0 of 500
Processed step 10 of 500
Processed step 20 of 500
Processed step 30 of 500
Processed step 40 of 500
Processed step 50 of 500
Processed step 60 of 500
Processed step 70 of 500
Processed step 80 of 500
Processed step 90 of 500
Processed step 100 of 500
Processed step 110 of 500
Processed step 120 of 500
Processed step 130 of 500
Processed step 140 of 500
Processed step 150 of 500
Processed step 160 of 500
Processed step 170 of 500
Processed step 180 of 500
Processed step 190 of 500
Processed step 200 of 500
Processed step 210 of 500
Processed step 220 of 500
Processed step 230 of 500
Processed step 240 of 500
Processed step 250 of 500
Processed step 260 of 500
Processed step 270 of 500
Processed step 280 of 500
Processed step 290 of 500
Processed step 300 of 500
Processed step 310 of 500
Processed step 320 of 500
Processed step 330 of 500
Processed step 340 of 500
Processed step 350 of 500
Processed step 360 of 500
Processed step 370 of 500
Processed step 380 of 500
Processed step 390 of 500
Processed step 400 of 500
Processed step 410 of 500
Processed step 420 of 500
Processed step 430 of 500
Processed step 440 of 500
Processed step 450 of 500
Processed step 460 of 500
Processed step 470 of 500
Processed step 480 of 500
Processed step 490 of 500
[2026-10-10 08:16:15,502][agent.finetune.train_ppo_diffusion_agent][INFO] - approx_kl: 0.0, update_epoch: 0, num_batch: 4
[2026-10-10 08:16:17,558][agent.finetune.train_ppo_diffusion_agent][INFO] - approx_kl: 0.0, update_epoch: 0, num_batch: 4
[2026-10-10 08:16:19,463][agent.finetune.train_ppo_diffusion_agent][INFO] - approx_kl: 0.0, update_epoch: 0, num_batch: 4
[2026-10-10 08:16:21,514][agent.finetune.train_ppo_diffusion_agent][INFO] - approx_kl: 0.0, update_epoch: 0, num_batch: 4
[2026-10-10 08:16:23,298][agent.finetune.train_ppo_diffusion_agent][INFO] - approx_kl: 0.0, update_epoch: 1, num_batch: 4
[2026-10-10 08:16:25,268][agent.finetune.train_ppo_diffusion_agent][INFO] - approx_kl: 0.0, update_epoch: 1, num_batch: 4
[2026-10-10 08:16:27,368][agent.finetune.train_ppo_diffusion_agent][INFO] - approx_kl: 0.0, update_epoch: 1, num_batch: 4
[2026-10-10 08:16:29,379][agent.finetune.train_ppo_diffusion_agent][INFO] - approx_kl: 0.0, update_epoch: 1, num_batch: 4
[2026-10-10 08:16:31,178][agent.finetune.train_ppo_diffusion_agent][INFO] - approx_kl: 0.0, update_epoch: 2, num_batch: 4
[2026-10-10 08:16:33,057][agent.finetune.train_ppo_diffusion_agent][INFO] - approx_kl: 0.0, update_epoch: 2, num_batch: 4
[2026-10-10 08:16:34,931][agent.finetune.train_ppo_diffusion_agent][INFO] - approx_kl: 0.0, update_epoch: 2, num_batch: 4
[2026-10-10 08:16:36,938][agent.finetune.train_ppo_diffusion_agent][INFO] - approx_kl: 0.0, update_epoch: 2, num_batch: 4
[2026-10-10 08:16:38,705][agent.finetune.train_ppo_diffusion_agent][INFO] - approx_kl: 0.0, update_epoch: 3, num_batch: 4
[2026-10-10 08:16:40,562][agent.finetune.train_ppo_diffusion_agent][INFO] - approx_kl: 0.0, update_epoch: 3, num_batch: 4
[2026-10-10 08:16:42,423][agent.finetune.train_ppo_diffusion_agent][INFO] - approx_kl: 0.0, update_epoch: 3, num_batch: 4
[2026-10-10 08:16:44,414][agent.finetune.train_ppo_diffusion_agent][INFO] - approx_kl: 0.0, update_epoch: 3, num_batch: 4
[2026-10-10 08:16:46,167][agent.finetune.train_ppo_diffusion_agent][INFO] - approx_kl: 0.0, update_epoch: 4, num_batch: 4
[2026-10-10 08:16:48,061][agent.finetune.train_ppo_diffusion_agent][INFO] - approx_kl: 0.0, update_epoch: 4, num_batch: 4
[2026-10-10 08:16:49,919][agent.finetune.train_ppo_diffusion_agent][INFO] - approx_kl: 0.0, update_epoch: 4, num_batch: 4
[2026-10-10 08:16:51,898][agent.finetune.train_ppo_diffusion_agent][INFO] - approx_kl: 0.0, update_epoch: 4, num_batch: 4
[2026-10-10 08:16:59,454][agent.finetune.train_ppo_diffusion_agent][INFO] - 16: step  1200000 | loss  -0.2951 | pg loss  -0.3454 | value loss   0.1005 | bc loss   0.0000 | reward 3958.9454 | eta   1.0000 | t: 58.7600 | kl_true_per_action=0.0014481877004537398 | logratio_p99=0.05182237386703465 | clamp_hit_frac=0.0007958333333333333 | actor_step_ratio=1.0 | actor_step_clipfrac=0.0
[2026-10-10 08:16:59,454][agent.finetune.stage3_support][INFO] - STAGE3_METRICS {"J_disc_train": 1406.400456331272, "J_disc_train_se": 16.647393758922313, "action_oor_frac": 0.15030416666666666, "adv_raw_mean": -1.8189894035458565e-15, "adv_raw_std": 212.78744440988982, "diagnostics_seconds": 0.1311996914446354, "episode_count": 80, "explained_var": 0.42393070459365845, "explained_var_reason": null, "grad_cos_prev": 0.002357175948936191, "grad_cos_prev_reason": null, "grad_norm": 15.973098693680326, "policy_action_oor_frac": 0.15033958333333333, "proj_active": false, "reward_clip_frac": 0.0, "rollout_seconds": 12.695283231325448, "split_diff_sq": 934.1360853688154, "split_dot": 21.605859971148803, "theta_dist": 0.03182242127757937, "theta_dist_preproj": 0.03182242127757937, "update_norm": 0.005801710021700442, "update_seconds": 45.93006436433643, "x0_sat_frac_last": 0.03642702070808283, "x0_sat_frac_mean": 0.06865662602733862}
Processed step 0 of 500
Processed step 10 of 500
Processed step 20 of 500
Processed step 30 of 500
Processed step 40 of 500
Processed step 50 of 500
Processed step 60 of 500
Processed step 70 of 500
Processed step 80 of 500
Processed step 90 of 500
Processed step 100 of 500
Processed step 110 of 500
Processed step 120 of 500
Processed step 130 of 500
Processed step 140 of 500
Processed step 150 of 500
Processed step 160 of 500
Processed step 170 of 500
Processed step 180 of 500
Processed step 190 of 500
Processed step 200 of 500
Processed step 210 of 500
Processed step 220 of 500
Processed step 230 of 500
Processed step 240 of 500
Processed step 250 of 500
Processed step 260 of 500
Processed step 270 of 500
Processed step 280 of 500
Processed step 290 of 500
Processed step 300 of 500
Processed step 310 of 500
Processed step 320 of 500
Processed step 330 of 500
Processed step 340 of 500
Processed step 350 of 500
Processed step 360 of 500
Processed step 370 of 500
Processed step 380 of 500
Processed step 390 of 500
Processed step 400 of 500
Processed step 410 of 500
Processed step 420 of 500
Processed step 430 of 500
Processed step 440 of 500
Processed step 450 of 500
Processed step 460 of 500
Processed step 470 of 500
Processed step 480 of 500
Processed step 490 of 500
[2026-10-10 08:17:13,813][agent.finetune.train_ppo_diffusion_agent][INFO] - approx_kl: 0.0, update_epoch: 0, num_batch: 4
[2026-10-10 08:17:15,751][agent.finetune.train_ppo_diffusion_agent][INFO] - approx_kl: 0.0, update_epoch: 0, num_batch: 4
[2026-10-10 08:17:17,468][agent.finetune.train_ppo_diffusion_agent][INFO] - approx_kl: 0.0, update_epoch: 0, num_batch: 4
[2026-10-10 08:17:19,280][agent.finetune.train_ppo_diffusion_agent][INFO] - approx_kl: 0.0, update_epoch: 0, num_batch: 4
[2026-10-10 08:17:20,924][agent.finetune.train_ppo_diffusion_agent][INFO] - approx_kl: 0.0, update_epoch: 1, num_batch: 4
[2026-10-10 08:17:22,666][agent.finetune.train_ppo_diffusion_agent][INFO] - approx_kl: 0.0, update_epoch: 1, num_batch: 4
[2026-10-10 08:17:24,395][agent.finetune.train_ppo_diffusion_agent][INFO] - approx_kl: 0.0, update_epoch: 1, num_batch: 4
[2026-10-10 08:17:26,202][agent.finetune.train_ppo_diffusion_agent][INFO] - approx_kl: 0.0, update_epoch: 1, num_batch: 4
[2026-10-10 08:17:27,693][agent.finetune.train_ppo_diffusion_agent][INFO] - approx_kl: 0.0, update_epoch: 2, num_batch: 4
[2026-10-10 08:17:29,310][agent.finetune.train_ppo_diffusion_agent][INFO] - approx_kl: 0.0, update_epoch: 2, num_batch: 4
[2026-10-10 08:17:31,041][agent.finetune.train_ppo_diffusion_agent][INFO] - approx_kl: 0.0, update_epoch: 2, num_batch: 4
[2026-10-10 08:17:32,867][agent.finetune.train_ppo_diffusion_agent][INFO] - approx_kl: 0.0, update_epoch: 2, num_batch: 4
[2026-10-10 08:17:34,544][agent.finetune.train_ppo_diffusion_agent][INFO] - approx_kl: 0.0, update_epoch: 3, num_batch: 4
[2026-10-10 08:17:36,266][agent.finetune.train_ppo_diffusion_agent][INFO] - approx_kl: 0.0, update_epoch: 3, num_batch: 4
[2026-10-10 08:17:38,009][agent.finetune.train_ppo_diffusion_agent][INFO] - approx_kl: 0.0, update_epoch: 3, num_batch: 4
[2026-10-10 08:17:39,812][agent.finetune.train_ppo_diffusion_agent][INFO] - approx_kl: 0.0, update_epoch: 3, num_batch: 4
[2026-10-10 08:17:41,416][agent.finetune.train_ppo_diffusion_agent][INFO] - approx_kl: 0.0, update_epoch: 4, num_batch: 4
[2026-10-10 08:17:43,174][agent.finetune.train_ppo_diffusion_agent][INFO] - approx_kl: 0.0, update_epoch: 4, num_batch: 4
[2026-10-10 08:17:44,914][agent.finetune.train_ppo_diffusion_agent][INFO] - approx_kl: 0.0, update_epoch: 4, num_batch: 4
[2026-10-10 08:17:46,755][agent.finetune.train_ppo_diffusion_agent][INFO] - approx_kl: 0.0, update_epoch: 4, num_batch: 4
[2026-10-10 08:17:53,627][agent.finetune.train_ppo_diffusion_agent][INFO] - 17: step  1280000 | loss  -0.1291 | pg loss  -0.1801 | value loss   0.1019 | bc loss   0.0000 | reward 4085.3890 | eta   1.0000 | t: 54.1729 | kl_true_per_action=0.0007621295635496543 | logratio_p99=0.035041708350181576 | clamp_hit_frac=0.00076875 | actor_step_ratio=1.0 | actor_step_clipfrac=0.0
[2026-10-10 08:17:53,627][agent.finetune.stage3_support][INFO] - STAGE3_METRICS {"J_disc_train": 1447.759513121221, "J_disc_train_se": 14.304215805718373, "action_oor_frac": 0.15089375, "adv_raw_mean": -8.73114913702011e-15, "adv_raw_std": 172.63483422960917, "diagnostics_seconds": 0.14212068263441324, "episode_count": 80, "explained_var": 0.28267109394073486, "explained_var_reason": null, "grad_cos_prev": 0.025230343626956808, "grad_cos_prev_reason": null, "grad_norm": 13.063358763635982, "policy_action_oor_frac": 0.15092291666666666, "proj_active": false, "reward_clip_frac": 0.0, "rollout_seconds": 12.372125877067447, "split_diff_sq": 801.1232936509923, "split_dot": -29.629483807661728, "theta_dist": 0.03227553939002716, "theta_dist_preproj": 0.03227553939002716, "update_norm": 0.004744836134107975, "update_seconds": 41.65510309115052, "x0_sat_frac_last": 0.035806639973306645, "x0_sat_frac_mean": 0.06881635212849087}
Processed step 0 of 500
Processed step 10 of 500
Processed step 20 of 500
Processed step 30 of 500
Processed step 40 of 500
Processed step 50 of 500
Processed step 60 of 500
Processed step 70 of 500
Processed step 80 of 500
Processed step 90 of 500
Processed step 100 of 500
Processed step 110 of 500
Processed step 120 of 500
Processed step 130 of 500
Processed step 140 of 500
Processed step 150 of 500
Processed step 160 of 500
Processed step 170 of 500
Processed step 180 of 500
Processed step 190 of 500
Processed step 200 of 500
Processed step 210 of 500
Processed step 220 of 500
Processed step 230 of 500
Processed step 240 of 500
Processed step 250 of 500
Processed step 260 of 500
Processed step 270 of 500
Processed step 280 of 500
Processed step 290 of 500
Processed step 300 of 500
Processed step 310 of 500
Processed step 320 of 500
Processed step 330 of 500
Processed step 340 of 500
Processed step 350 of 500
Processed step 360 of 500
Processed step 370 of 500
Processed step 380 of 500
Processed step 390 of 500
Processed step 400 of 500
Processed step 410 of 500
Processed step 420 of 500
Processed step 430 of 500
Processed step 440 of 500
Processed step 450 of 500
Processed step 460 of 500
Processed step 470 of 500
Processed step 480 of 500
Processed step 490 of 500
[2026-10-10 08:18:07,533][agent.finetune.train_ppo_diffusion_agent][INFO] - approx_kl: 0.0, update_epoch: 0, num_batch: 4
[2026-10-10 08:18:09,265][agent.finetune.train_ppo_diffusion_agent][INFO] - approx_kl: 0.0, update_epoch: 0, num_batch: 4
[2026-10-10 08:18:11,014][agent.finetune.train_ppo_diffusion_agent][INFO] - approx_kl: 0.0, update_epoch: 0, num_batch: 4
[2026-10-10 08:18:12,600][agent.finetune.train_ppo_diffusion_agent][INFO] - approx_kl: 0.0, update_epoch: 0, num_batch: 4
[2026-10-10 08:18:14,216][agent.finetune.train_ppo_diffusion_agent][INFO] - approx_kl: 0.0, update_epoch: 1, num_batch: 4
[2026-10-10 08:18:15,796][agent.finetune.train_ppo_diffusion_agent][INFO] - approx_kl: 0.0, update_epoch: 1, num_batch: 4
[2026-10-10 08:18:17,465][agent.finetune.train_ppo_diffusion_agent][INFO] - approx_kl: 0.0, update_epoch: 1, num_batch: 4
[2026-10-10 08:18:18,970][agent.finetune.train_ppo_diffusion_agent][INFO] - approx_kl: 0.0, update_epoch: 1, num_batch: 4
[2026-10-10 08:18:20,552][agent.finetune.train_ppo_diffusion_agent][INFO] - approx_kl: 0.0, update_epoch: 2, num_batch: 4
[2026-10-10 08:18:22,130][agent.finetune.train_ppo_diffusion_agent][INFO] - approx_kl: 0.0, update_epoch: 2, num_batch: 4
[2026-10-10 08:18:23,795][agent.finetune.train_ppo_diffusion_agent][INFO] - approx_kl: 0.0, update_epoch: 2, num_batch: 4
[2026-10-10 08:18:25,288][agent.finetune.train_ppo_diffusion_agent][INFO] - approx_kl: 0.0, update_epoch: 2, num_batch: 4
[2026-10-10 08:18:26,852][agent.finetune.train_ppo_diffusion_agent][INFO] - approx_kl: 0.0, update_epoch: 3, num_batch: 4
[2026-10-10 08:18:28,437][agent.finetune.train_ppo_diffusion_agent][INFO] - approx_kl: 0.0, update_epoch: 3, num_batch: 4
[2026-10-10 08:18:30,267][agent.finetune.train_ppo_diffusion_agent][INFO] - approx_kl: 0.0, update_epoch: 3, num_batch: 4
[2026-10-10 08:18:31,908][agent.finetune.train_ppo_diffusion_agent][INFO] - approx_kl: 0.0, update_epoch: 3, num_batch: 4
[2026-10-10 08:18:33,627][agent.finetune.train_ppo_diffusion_agent][INFO] - approx_kl: 0.0, update_epoch: 4, num_batch: 4
[2026-10-10 08:18:35,349][agent.finetune.train_ppo_diffusion_agent][INFO] - approx_kl: 0.0, update_epoch: 4, num_batch: 4
[2026-10-10 08:18:37,168][agent.finetune.train_ppo_diffusion_agent][INFO] - approx_kl: 0.0, update_epoch: 4, num_batch: 4
[2026-10-10 08:18:38,805][agent.finetune.train_ppo_diffusion_agent][INFO] - approx_kl: 0.0, update_epoch: 4, num_batch: 4
[2026-10-10 08:18:45,759][agent.finetune.train_ppo_diffusion_agent][INFO] - 18: step  1360000 | loss  -0.6591 | pg loss  -0.7076 | value loss   0.0970 | bc loss   0.0000 | reward 3964.9660 | eta   1.0000 | t: 52.1319 | kl_true_per_action=0.0026703399160382564 | logratio_p99=0.06864485144615161 | clamp_hit_frac=0.00079375 | actor_step_ratio=1.0 | actor_step_clipfrac=0.0
[2026-10-10 08:18:45,759][agent.finetune.stage3_support][INFO] - STAGE3_METRICS {"J_disc_train": 1405.7598622442624, "J_disc_train_se": 27.345201142729596, "action_oor_frac": 0.14817708333333332, "adv_raw_mean": -2.8740032576024535e-14, "adv_raw_std": 279.4608279041619, "diagnostics_seconds": 0.11934310849756002, "episode_count": 80, "explained_var": 0.5541203320026398, "explained_var_reason": null, "grad_cos_prev": -0.027698409787448194, "grad_cos_prev_reason": null, "grad_norm": 23.266488234712572, "policy_action_oor_frac": 0.14819583333333333, "proj_active": false, "reward_clip_frac": 0.0, "rollout_seconds": 12.107909495942295, "split_diff_sq": 2317.561919999415, "split_dot": -38.06100206118931, "theta_dist": 0.03346906465165456, "theta_dist_preproj": 0.03346906465165456, "update_norm": 0.008450797871124545, "update_seconds": 39.90130915492773, "x0_sat_frac_last": 0.034187510217426845, "x0_sat_frac_mean": 0.06745561110540092}
Processed step 0 of 500
Processed step 10 of 500
Processed step 20 of 500
Processed step 30 of 500
Processed step 40 of 500
Processed step 50 of 500
Processed step 60 of 500
Processed step 70 of 500
Processed step 80 of 500
Processed step 90 of 500
Processed step 100 of 500
Processed step 110 of 500
Processed step 120 of 500
Processed step 130 of 500
Processed step 140 of 500
Processed step 150 of 500
Processed step 160 of 500
Processed step 170 of 500
Processed step 180 of 500
Processed step 190 of 500
Processed step 200 of 500
Processed step 210 of 500
Processed step 220 of 500
Processed step 230 of 500
Processed step 240 of 500
Processed step 250 of 500
Processed step 260 of 500
Processed step 270 of 500
Processed step 280 of 500
Processed step 290 of 500
Processed step 300 of 500
Processed step 310 of 500
Processed step 320 of 500
Processed step 330 of 500
Processed step 340 of 500
Processed step 350 of 500
Processed step 360 of 500
Processed step 370 of 500
Processed step 380 of 500
Processed step 390 of 500
Processed step 400 of 500
Processed step 410 of 500
Processed step 420 of 500
Processed step 430 of 500
Processed step 440 of 500
Processed step 450 of 500
Processed step 460 of 500
Processed step 470 of 500
Processed step 480 of 500
Processed step 490 of 500
[2026-10-10 08:18:59,949][agent.finetune.train_ppo_diffusion_agent][INFO] - approx_kl: 0.0, update_epoch: 0, num_batch: 4
[2026-10-10 08:19:01,652][agent.finetune.train_ppo_diffusion_agent][INFO] - approx_kl: 0.0, update_epoch: 0, num_batch: 4
[2026-10-10 08:19:03,431][agent.finetune.train_ppo_diffusion_agent][INFO] - approx_kl: 0.0, update_epoch: 0, num_batch: 4
[2026-10-10 08:19:05,043][agent.finetune.train_ppo_diffusion_agent][INFO] - approx_kl: 0.0, update_epoch: 0, num_batch: 4
[2026-10-10 08:19:06,740][agent.finetune.train_ppo_diffusion_agent][INFO] - approx_kl: 0.0, update_epoch: 1, num_batch: 4
[2026-10-10 08:19:08,445][agent.finetune.train_ppo_diffusion_agent][INFO] - approx_kl: 0.0, update_epoch: 1, num_batch: 4
[2026-10-10 08:19:10,344][agent.finetune.train_ppo_diffusion_agent][INFO] - approx_kl: 0.0, update_epoch: 1, num_batch: 4
[2026-10-10 08:19:12,020][agent.finetune.train_ppo_diffusion_agent][INFO] - approx_kl: 0.0, update_epoch: 1, num_batch: 4
[2026-10-10 08:19:13,800][agent.finetune.train_ppo_diffusion_agent][INFO] - approx_kl: 0.0, update_epoch: 2, num_batch: 4
[2026-10-10 08:19:15,550][agent.finetune.train_ppo_diffusion_agent][INFO] - approx_kl: 0.0, update_epoch: 2, num_batch: 4
[2026-10-10 08:19:17,418][agent.finetune.train_ppo_diffusion_agent][INFO] - approx_kl: 0.0, update_epoch: 2, num_batch: 4
[2026-10-10 08:19:19,074][agent.finetune.train_ppo_diffusion_agent][INFO] - approx_kl: 0.0, update_epoch: 2, num_batch: 4
[2026-10-10 08:19:20,806][agent.finetune.train_ppo_diffusion_agent][INFO] - approx_kl: 0.0, update_epoch: 3, num_batch: 4
[2026-10-10 08:19:22,539][agent.finetune.train_ppo_diffusion_agent][INFO] - approx_kl: 0.0, update_epoch: 3, num_batch: 4
[2026-10-10 08:19:24,384][agent.finetune.train_ppo_diffusion_agent][INFO] - approx_kl: 0.0, update_epoch: 3, num_batch: 4
[2026-10-10 08:19:26,042][agent.finetune.train_ppo_diffusion_agent][INFO] - approx_kl: 0.0, update_epoch: 3, num_batch: 4
[2026-10-10 08:19:27,791][agent.finetune.train_ppo_diffusion_agent][INFO] - approx_kl: 0.0, update_epoch: 4, num_batch: 4
[2026-10-10 08:19:29,527][agent.finetune.train_ppo_diffusion_agent][INFO] - approx_kl: 0.0, update_epoch: 4, num_batch: 4
[2026-10-10 08:19:31,416][agent.finetune.train_ppo_diffusion_agent][INFO] - approx_kl: 0.0, update_epoch: 4, num_batch: 4
[2026-10-10 08:19:33,066][agent.finetune.train_ppo_diffusion_agent][INFO] - approx_kl: 0.0, update_epoch: 4, num_batch: 4
[2026-10-10 08:19:39,996][agent.finetune.train_ppo_diffusion_agent][INFO] - 19: step  1440000 | loss   0.3696 | pg loss   0.3176 | value loss   0.1041 | bc loss   0.0000 | reward 3957.1240 | eta   1.0000 | t: 54.2372 | kl_true_per_action=0.001996833959329705 | logratio_p99=0.05938195288181287 | clamp_hit_frac=0.0007395833333333333 | actor_step_ratio=1.0 | actor_step_clipfrac=0.0
[2026-10-10 08:19:39,996][agent.finetune.stage3_support][INFO] - STAGE3_METRICS {"J_disc_train": 1412.8871067827433, "J_disc_train_se": 20.21974431307781, "action_oor_frac": 0.15113333333333334, "adv_raw_mean": 2.000888343900442e-14, "adv_raw_std": 237.1481391377315, "diagnostics_seconds": 0.12005655374377966, "episode_count": 80, "explained_var": 0.45417898893356323, "explained_var_reason": null, "grad_cos_prev": 0.0016344873865190613, "grad_cos_prev_reason": null, "grad_norm": 19.824686080710652, "policy_action_oor_frac": 0.15116666666666667, "proj_active": false, "reward_clip_frac": 0.0, "rollout_seconds": 12.251141296699643, "split_diff_sq": 1714.0644652408537, "split_dot": -35.49792781650329, "theta_dist": 0.03451026495235432, "theta_dist_preproj": 0.03451026495235432, "update_norm": 0.007200668842818508, "update_seconds": 41.86245731357485, "x0_sat_frac_last": 0.03757225433526011, "x0_sat_frac_mean": 0.06994176718783258}
Processed step 0 of 500
Processed step 10 of 500
Processed step 20 of 500
Processed step 30 of 500
Processed step 40 of 500
Processed step 50 of 500
Processed step 60 of 500
Processed step 70 of 500
Processed step 80 of 500
Processed step 90 of 500
Processed step 100 of 500
Processed step 110 of 500
Processed step 120 of 500
Processed step 130 of 500
Processed step 140 of 500
Processed step 150 of 500
Processed step 160 of 500
Processed step 170 of 500
Processed step 180 of 500
Processed step 190 of 500
Processed step 200 of 500
Processed step 210 of 500
Processed step 220 of 500
Processed step 230 of 500
Processed step 240 of 500
Processed step 250 of 500
Processed step 260 of 500
Processed step 270 of 500
Processed step 280 of 500
Processed step 290 of 500
Processed step 300 of 500
Processed step 310 of 500
Processed step 320 of 500
Processed step 330 of 500
Processed step 340 of 500
Processed step 350 of 500
Processed step 360 of 500
Processed step 370 of 500
Processed step 380 of 500
Processed step 390 of 500
Processed step 400 of 500
Processed step 410 of 500
Processed step 420 of 500
Processed step 430 of 500
Processed step 440 of 500
Processed step 450 of 500
Processed step 460 of 500
Processed step 470 of 500
Processed step 480 of 500
Processed step 490 of 500
[2026-10-10 08:19:52,189][agent.finetune.train_ppo_diffusion_agent][INFO] - eval: success rate   1.0000 | avg episode reward 4236.7697 | avg best reward   6.5024
[2026-10-10 08:19:52,189][agent.finetune.stage3_support][INFO] - STAGE3_METRICS {"J_disc_eval": 1499.2789413414012, "J_disc_eval_se": 24.59676276829064, "action_oor_frac": 0.0, "diagnostics_seconds": 0.0058198971673846245, "episode_count": 80, "policy_action_oor_frac": 0.0, "rollout_seconds": 12.078413181938231, "update_seconds": 0.0}
Processed step 0 of 500
Processed step 10 of 500
Processed step 20 of 500
Processed step 30 of 500
Processed step 40 of 500
Processed step 50 of 500
Processed step 60 of 500
Processed step 70 of 500
Processed step 80 of 500
Processed step 90 of 500
Processed step 100 of 500
Processed step 110 of 500
Processed step 120 of 500
Processed step 130 of 500
Processed step 140 of 500
Processed step 150 of 500
Processed step 160 of 500
Processed step 170 of 500
Processed step 180 of 500
Processed step 190 of 500
Processed step 200 of 500
Processed step 210 of 500
Processed step 220 of 500
Processed step 230 of 500
Processed step 240 of 500
Processed step 250 of 500
Processed step 260 of 500
Processed step 270 of 500
Processed step 280 of 500
Processed step 290 of 500
Processed step 300 of 500
Processed step 310 of 500
Processed step 320 of 500
Processed step 330 of 500
Processed step 340 of 500
Processed step 350 of 500
Processed step 360 of 500
Processed step 370 of 500
Processed step 380 of 500
Processed step 390 of 500
Processed step 400 of 500
Processed step 410 of 500
Processed step 420 of 500
Processed step 430 of 500
Processed step 440 of 500
Processed step 450 of 500
Processed step 460 of 500
Processed step 470 of 500
Processed step 480 of 500
Processed step 490 of 500
[2026-10-10 08:20:09,114][agent.finetune.train_ppo_diffusion_agent][INFO] - approx_kl: 0.0, update_epoch: 0, num_batch: 4
[2026-10-10 08:20:10,835][agent.finetune.train_ppo_diffusion_agent][INFO] - approx_kl: 0.0, update_epoch: 0, num_batch: 4
[2026-10-10 08:20:12,665][agent.finetune.train_ppo_diffusion_agent][INFO] - approx_kl: 0.0, update_epoch: 0, num_batch: 4
[2026-10-10 08:20:14,321][agent.finetune.train_ppo_diffusion_agent][INFO] - approx_kl: 0.0, update_epoch: 0, num_batch: 4
[2026-10-10 08:20:16,074][agent.finetune.train_ppo_diffusion_agent][INFO] - approx_kl: 0.0, update_epoch: 1, num_batch: 4
[2026-10-10 08:20:17,908][agent.finetune.train_ppo_diffusion_agent][INFO] - approx_kl: 0.0, update_epoch: 1, num_batch: 4
[2026-10-10 08:20:19,560][agent.finetune.train_ppo_diffusion_agent][INFO] - approx_kl: 0.0, update_epoch: 1, num_batch: 4
[2026-10-10 08:20:21,336][agent.finetune.train_ppo_diffusion_agent][INFO] - approx_kl: 0.0, update_epoch: 1, num_batch: 4
[2026-10-10 08:20:23,064][agent.finetune.train_ppo_diffusion_agent][INFO] - approx_kl: 0.0, update_epoch: 2, num_batch: 4
[2026-10-10 08:20:24,899][agent.finetune.train_ppo_diffusion_agent][INFO] - approx_kl: 0.0, update_epoch: 2, num_batch: 4
[2026-10-10 08:20:26,561][agent.finetune.train_ppo_diffusion_agent][INFO] - approx_kl: 0.0, update_epoch: 2, num_batch: 4
[2026-10-10 08:20:28,283][agent.finetune.train_ppo_diffusion_agent][INFO] - approx_kl: 0.0, update_epoch: 2, num_batch: 4
[2026-10-10 08:20:30,031][agent.finetune.train_ppo_diffusion_agent][INFO] - approx_kl: 0.0, update_epoch: 3, num_batch: 4
[2026-10-10 08:20:31,853][agent.finetune.train_ppo_diffusion_agent][INFO] - approx_kl: 0.0, update_epoch: 3, num_batch: 4
[2026-10-10 08:20:33,512][agent.finetune.train_ppo_diffusion_agent][INFO] - approx_kl: 0.0, update_epoch: 3, num_batch: 4
[2026-10-10 08:20:35,238][agent.finetune.train_ppo_diffusion_agent][INFO] - approx_kl: 0.0, update_epoch: 3, num_batch: 4
[2026-10-10 08:20:36,984][agent.finetune.train_ppo_diffusion_agent][INFO] - approx_kl: 0.0, update_epoch: 4, num_batch: 4
[2026-10-10 08:20:38,810][agent.finetune.train_ppo_diffusion_agent][INFO] - approx_kl: 0.0, update_epoch: 4, num_batch: 4
[2026-10-10 08:20:40,446][agent.finetune.train_ppo_diffusion_agent][INFO] - approx_kl: 0.0, update_epoch: 4, num_batch: 4
[2026-10-10 08:20:42,176][agent.finetune.train_ppo_diffusion_agent][INFO] - approx_kl: 0.0, update_epoch: 4, num_batch: 4
[2026-10-10 08:20:49,144][agent.finetune.train_ppo_diffusion_agent][INFO] - 21: step  1520000 | loss  -1.3647 | pg loss  -1.4165 | value loss   0.1037 | bc loss   0.0000 | reward 3824.2298 | eta   1.0000 | t: 56.9552 | kl_true_per_action=0.0038506298645546223 | logratio_p99=0.08470001995563496 | clamp_hit_frac=0.0008166666666666667 | actor_step_ratio=1.0 | actor_step_clipfrac=0.0
[2026-10-10 08:20:49,144][agent.finetune.stage3_support][INFO] - STAGE3_METRICS {"J_disc_train": 1377.6291504894361, "J_disc_train_se": 30.03968181007836, "action_oor_frac": 0.14615833333333333, "adv_raw_mean": 1.4551915228366853e-15, "adv_raw_std": 299.88578590899857, "diagnostics_seconds": 0.11593105364590883, "episode_count": 80, "explained_var": 0.580159455537796, "explained_var_reason": null, "grad_cos_prev": 0.01738239987734548, "grad_cos_prev_reason": null, "grad_norm": 26.58188020185524, "policy_action_oor_frac": 0.14617916666666667, "proj_active": false, "reward_clip_frac": 0.0, "rollout_seconds": 14.995769839733839, "split_diff_sq": 3296.5307687417185, "split_dot": -117.53636318639701, "theta_dist": 0.03686474577082546, "theta_dist_preproj": 0.03686474577082546, "update_norm": 0.009654990430489301, "update_seconds": 41.84070454072207, "x0_sat_frac_last": 0.03460488137907493, "x0_sat_frac_mean": 0.06777817550751386}
Processed step 0 of 500
Processed step 10 of 500
Processed step 20 of 500
Processed step 30 of 500
Processed step 40 of 500
Processed step 50 of 500
Processed step 60 of 500
Processed step 70 of 500
Processed step 80 of 500
Processed step 90 of 500
Processed step 100 of 500
Processed step 110 of 500
Processed step 120 of 500
Processed step 130 of 500
Processed step 140 of 500
Processed step 150 of 500
Processed step 160 of 500
Processed step 170 of 500
Processed step 180 of 500
Processed step 190 of 500
Processed step 200 of 500
Processed step 210 of 500
Processed step 220 of 500
Processed step 230 of 500
Processed step 240 of 500
Processed step 250 of 500
Processed step 260 of 500
Processed step 270 of 500
Processed step 280 of 500
Processed step 290 of 500
Processed step 300 of 500
Processed step 310 of 500
Processed step 320 of 500
Processed step 330 of 500
Processed step 340 of 500
Processed step 350 of 500
Processed step 360 of 500
Processed step 370 of 500
Processed step 380 of 500
Processed step 390 of 500
Processed step 400 of 500
Processed step 410 of 500
Processed step 420 of 500
Processed step 430 of 500
Processed step 440 of 500
Processed step 450 of 500
Processed step 460 of 500
Processed step 470 of 500
Processed step 480 of 500
Processed step 490 of 500
[2026-10-10 08:21:03,671][agent.finetune.train_ppo_diffusion_agent][INFO] - approx_kl: 0.0, update_epoch: 0, num_batch: 4
[2026-10-10 08:21:05,511][agent.finetune.train_ppo_diffusion_agent][INFO] - approx_kl: 0.0, update_epoch: 0, num_batch: 4
[2026-10-10 08:21:07,167][agent.finetune.train_ppo_diffusion_agent][INFO] - approx_kl: 0.0, update_epoch: 0, num_batch: 4
[2026-10-10 08:21:08,902][agent.finetune.train_ppo_diffusion_agent][INFO] - approx_kl: 0.0, update_epoch: 0, num_batch: 4
[2026-10-10 08:21:10,638][agent.finetune.train_ppo_diffusion_agent][INFO] - approx_kl: 0.0, update_epoch: 1, num_batch: 4
[2026-10-10 08:21:12,514][agent.finetune.train_ppo_diffusion_agent][INFO] - approx_kl: 0.0, update_epoch: 1, num_batch: 4
[2026-10-10 08:21:14,215][agent.finetune.train_ppo_diffusion_agent][INFO] - approx_kl: 0.0, update_epoch: 1, num_batch: 4
[2026-10-10 08:21:15,979][agent.finetune.train_ppo_diffusion_agent][INFO] - approx_kl: 0.0, update_epoch: 1, num_batch: 4
[2026-10-10 08:21:17,743][agent.finetune.train_ppo_diffusion_agent][INFO] - approx_kl: 0.0, update_epoch: 2, num_batch: 4
[2026-10-10 08:21:19,568][agent.finetune.train_ppo_diffusion_agent][INFO] - approx_kl: 0.0, update_epoch: 2, num_batch: 4
[2026-10-10 08:21:21,218][agent.finetune.train_ppo_diffusion_agent][INFO] - approx_kl: 0.0, update_epoch: 2, num_batch: 4
[2026-10-10 08:21:22,974][agent.finetune.train_ppo_diffusion_agent][INFO] - approx_kl: 0.0, update_epoch: 2, num_batch: 4
[2026-10-10 08:21:24,696][agent.finetune.train_ppo_diffusion_agent][INFO] - approx_kl: 0.0, update_epoch: 3, num_batch: 4
[2026-10-10 08:21:26,536][agent.finetune.train_ppo_diffusion_agent][INFO] - approx_kl: 0.0, update_epoch: 3, num_batch: 4
[2026-10-10 08:21:28,183][agent.finetune.train_ppo_diffusion_agent][INFO] - approx_kl: 0.0, update_epoch: 3, num_batch: 4
[2026-10-10 08:21:29,917][agent.finetune.train_ppo_diffusion_agent][INFO] - approx_kl: 0.0, update_epoch: 3, num_batch: 4
[2026-10-10 08:21:31,639][agent.finetune.train_ppo_diffusion_agent][INFO] - approx_kl: 0.0, update_epoch: 4, num_batch: 4
[2026-10-10 08:21:33,479][agent.finetune.train_ppo_diffusion_agent][INFO] - approx_kl: 0.0, update_epoch: 4, num_batch: 4
[2026-10-10 08:21:35,126][agent.finetune.train_ppo_diffusion_agent][INFO] - approx_kl: 0.0, update_epoch: 4, num_batch: 4
[2026-10-10 08:21:36,844][agent.finetune.train_ppo_diffusion_agent][INFO] - approx_kl: 0.0, update_epoch: 4, num_batch: 4
[2026-10-10 08:21:43,826][agent.finetune.train_ppo_diffusion_agent][INFO] - 22: step  1600000 | loss  -0.0092 | pg loss  -0.0614 | value loss   0.1045 | bc loss   0.0000 | reward 4102.5476 | eta   1.0000 | t: 54.6823 | kl_true_per_action=0.0010461968356762791 | logratio_p99=0.04229912698268888 | clamp_hit_frac=0.00079375 | actor_step_ratio=1.0 | actor_step_clipfrac=0.0
[2026-10-10 08:21:43,827][agent.finetune.stage3_support][INFO] - STAGE3_METRICS {"J_disc_train": 1440.8986533200978, "J_disc_train_se": 16.866648320905256, "action_oor_frac": 0.15313958333333333, "adv_raw_mean": -1.8189894035458565e-14, "adv_raw_std": 195.90353232665493, "diagnostics_seconds": 0.13088923133909702, "episode_count": 80, "explained_var": 0.33318305015563965, "explained_var_reason": null, "grad_cos_prev": 0.03375417022305932, "grad_cos_prev_reason": null, "grad_norm": 14.791214422201785, "policy_action_oor_frac": 0.15315625, "proj_active": false, "reward_clip_frac": 0.0, "rollout_seconds": 12.524543341249228, "split_diff_sq": 912.6985035950763, "split_dot": -9.394594737466909, "theta_dist": 0.037425665718517125, "theta_dist_preproj": 0.037425665718517125, "update_norm": 0.0053724300150615675, "update_seconds": 42.020293838344514, "x0_sat_frac_last": 0.038963183093940895, "x0_sat_frac_mean": 0.07106655867055688}
Processed step 0 of 500
Processed step 10 of 500
Processed step 20 of 500
Processed step 30 of 500
Processed step 40 of 500
Processed step 50 of 500
Processed step 60 of 500
Processed step 70 of 500
Processed step 80 of 500
Processed step 90 of 500
Processed step 100 of 500
Processed step 110 of 500
Processed step 120 of 500
Processed step 130 of 500
Processed step 140 of 500
Processed step 150 of 500
Processed step 160 of 500
Processed step 170 of 500
Processed step 180 of 500
Processed step 190 of 500
Processed step 200 of 500
Processed step 210 of 500
Processed step 220 of 500
Processed step 230 of 500
Processed step 240 of 500
Processed step 250 of 500
Processed step 260 of 500
Processed step 270 of 500
Processed step 280 of 500
Processed step 290 of 500
Processed step 300 of 500
Processed step 310 of 500
Processed step 320 of 500
Processed step 330 of 500
Processed step 340 of 500
Processed step 350 of 500
Processed step 360 of 500
Processed step 370 of 500
Processed step 380 of 500
Processed step 390 of 500
Processed step 400 of 500
Processed step 410 of 500
Processed step 420 of 500
Processed step 430 of 500
Processed step 440 of 500
Processed step 450 of 500
Processed step 460 of 500
Processed step 470 of 500
Processed step 480 of 500
Processed step 490 of 500
[2026-10-10 08:21:59,973][agent.finetune.train_ppo_diffusion_agent][INFO] - approx_kl: 0.0, update_epoch: 0, num_batch: 4
[2026-10-10 08:22:01,734][agent.finetune.train_ppo_diffusion_agent][INFO] - approx_kl: 0.0, update_epoch: 0, num_batch: 4
[2026-10-10 08:22:03,326][agent.finetune.train_ppo_diffusion_agent][INFO] - approx_kl: 0.0, update_epoch: 0, num_batch: 4
[2026-10-10 08:22:05,045][agent.finetune.train_ppo_diffusion_agent][INFO] - approx_kl: 0.0, update_epoch: 0, num_batch: 4
[2026-10-10 08:22:06,789][agent.finetune.train_ppo_diffusion_agent][INFO] - approx_kl: 0.0, update_epoch: 1, num_batch: 4
[2026-10-10 08:22:08,619][agent.finetune.train_ppo_diffusion_agent][INFO] - approx_kl: 0.0, update_epoch: 1, num_batch: 4
[2026-10-10 08:22:10,297][agent.finetune.train_ppo_diffusion_agent][INFO] - approx_kl: 0.0, update_epoch: 1, num_batch: 4
[2026-10-10 08:22:12,060][agent.finetune.train_ppo_diffusion_agent][INFO] - approx_kl: 0.0, update_epoch: 1, num_batch: 4
[2026-10-10 08:22:13,795][agent.finetune.train_ppo_diffusion_agent][INFO] - approx_kl: 0.0, update_epoch: 2, num_batch: 4
[2026-10-10 08:22:15,628][agent.finetune.train_ppo_diffusion_agent][INFO] - approx_kl: 0.0, update_epoch: 2, num_batch: 4
[2026-10-10 08:22:17,296][agent.finetune.train_ppo_diffusion_agent][INFO] - approx_kl: 0.0, update_epoch: 2, num_batch: 4
[2026-10-10 08:22:19,030][agent.finetune.train_ppo_diffusion_agent][INFO] - approx_kl: 0.0, update_epoch: 2, num_batch: 4
[2026-10-10 08:22:20,759][agent.finetune.train_ppo_diffusion_agent][INFO] - approx_kl: 0.0, update_epoch: 3, num_batch: 4
[2026-10-10 08:22:22,589][agent.finetune.train_ppo_diffusion_agent][INFO] - approx_kl: 0.0, update_epoch: 3, num_batch: 4
[2026-10-10 08:22:24,201][agent.finetune.train_ppo_diffusion_agent][INFO] - approx_kl: 0.0, update_epoch: 3, num_batch: 4
[2026-10-10 08:22:25,931][agent.finetune.train_ppo_diffusion_agent][INFO] - approx_kl: 0.0, update_epoch: 3, num_batch: 4
[2026-10-10 08:22:27,630][agent.finetune.train_ppo_diffusion_agent][INFO] - approx_kl: 0.0, update_epoch: 4, num_batch: 4
[2026-10-10 08:22:29,435][agent.finetune.train_ppo_diffusion_agent][INFO] - approx_kl: 0.0, update_epoch: 4, num_batch: 4
[2026-10-10 08:22:31,080][agent.finetune.train_ppo_diffusion_agent][INFO] - approx_kl: 0.0, update_epoch: 4, num_batch: 4
[2026-10-10 08:22:32,791][agent.finetune.train_ppo_diffusion_agent][INFO] - approx_kl: 0.0, update_epoch: 4, num_batch: 4
[2026-10-10 08:22:39,409][agent.finetune.train_ppo_diffusion_agent][INFO] - 23: step  1680000 | loss   1.8731 | pg loss   1.8220 | value loss   0.1023 | bc loss   0.0000 | reward 3859.3518 | eta   1.0000 | t: 55.5825 | kl_true_per_action=0.003886646373075407 | logratio_p99=0.08851450443267785 | clamp_hit_frac=0.00073125 | actor_step_ratio=1.0 | actor_step_clipfrac=0.0
[2026-10-10 08:22:39,409][agent.finetune.stage3_support][INFO] - STAGE3_METRICS {"J_disc_train": 1395.2696514956729, "J_disc_train_se": 23.936880880471705, "action_oor_frac": 0.1474125, "adv_raw_mean": 1.4551915228366852e-14, "adv_raw_std": 303.96210460360754, "diagnostics_seconds": 0.12057527992874384, "episode_count": 80, "explained_var": 0.6365616619586945, "explained_var_reason": null, "grad_cos_prev": -0.013473870831380384, "grad_cos_prev_reason": null, "grad_norm": 25.97230453337404, "policy_action_oor_frac": 0.14743958333333335, "proj_active": false, "reward_clip_frac": 0.0, "rollout_seconds": 14.186720096506178, "split_diff_sq": 2368.1281197307144, "split_dot": 82.52855534900323, "theta_dist": 0.03917569925592859, "theta_dist_preproj": 0.03917569925592859, "update_norm": 0.00943358395932891, "update_seconds": 41.271760338917375, "x0_sat_frac_last": 0.0380531330749354, "x0_sat_frac_mean": 0.06817324388907763}
Processed step 0 of 500
Processed step 10 of 500
Processed step 20 of 500
Processed step 30 of 500
Processed step 40 of 500
Processed step 50 of 500
Processed step 60 of 500
Processed step 70 of 500
Processed step 80 of 500
Processed step 90 of 500
Processed step 100 of 500
Processed step 110 of 500
Processed step 120 of 500
Processed step 130 of 500
Processed step 140 of 500
Processed step 150 of 500
Processed step 160 of 500
Processed step 170 of 500
Processed step 180 of 500
Processed step 190 of 500
Processed step 200 of 500
Processed step 210 of 500
Processed step 220 of 500
Processed step 230 of 500
Processed step 240 of 500
Processed step 250 of 500
Processed step 260 of 500
Processed step 270 of 500
Processed step 280 of 500
Processed step 290 of 500
Processed step 300 of 500
Processed step 310 of 500
Processed step 320 of 500
Processed step 330 of 500
Processed step 340 of 500
Processed step 350 of 500
Processed step 360 of 500
Processed step 370 of 500
Processed step 380 of 500
Processed step 390 of 500
Processed step 400 of 500
Processed step 410 of 500
Processed step 420 of 500
Processed step 430 of 500
Processed step 440 of 500
Processed step 450 of 500
Processed step 460 of 500
Processed step 470 of 500
Processed step 480 of 500
Processed step 490 of 500
[2026-10-10 08:22:53,984][agent.finetune.train_ppo_diffusion_agent][INFO] - approx_kl: 0.0, update_epoch: 0, num_batch: 4
[2026-10-10 08:22:55,786][agent.finetune.train_ppo_diffusion_agent][INFO] - approx_kl: 0.0, update_epoch: 0, num_batch: 4
[2026-10-10 08:22:57,427][agent.finetune.train_ppo_diffusion_agent][INFO] - approx_kl: 0.0, update_epoch: 0, num_batch: 4
[2026-10-10 08:22:59,143][agent.finetune.train_ppo_diffusion_agent][INFO] - approx_kl: 0.0, update_epoch: 0, num_batch: 4
[2026-10-10 08:23:00,891][agent.finetune.train_ppo_diffusion_agent][INFO] - approx_kl: 0.0, update_epoch: 1, num_batch: 4
[2026-10-10 08:23:02,703][agent.finetune.train_ppo_diffusion_agent][INFO] - approx_kl: 0.0, update_epoch: 1, num_batch: 4
[2026-10-10 08:23:04,378][agent.finetune.train_ppo_diffusion_agent][INFO] - approx_kl: 0.0, update_epoch: 1, num_batch: 4
[2026-10-10 08:23:06,096][agent.finetune.train_ppo_diffusion_agent][INFO] - approx_kl: 0.0, update_epoch: 1, num_batch: 4
[2026-10-10 08:23:07,841][agent.finetune.train_ppo_diffusion_agent][INFO] - approx_kl: 0.0, update_epoch: 2, num_batch: 4
[2026-10-10 08:23:09,671][agent.finetune.train_ppo_diffusion_agent][INFO] - approx_kl: 0.0, update_epoch: 2, num_batch: 4
[2026-10-10 08:23:11,317][agent.finetune.train_ppo_diffusion_agent][INFO] - approx_kl: 0.0, update_epoch: 2, num_batch: 4
[2026-10-10 08:23:13,055][agent.finetune.train_ppo_diffusion_agent][INFO] - approx_kl: 0.0, update_epoch: 2, num_batch: 4
[2026-10-10 08:23:14,770][agent.finetune.train_ppo_diffusion_agent][INFO] - approx_kl: 0.0, update_epoch: 3, num_batch: 4
[2026-10-10 08:23:16,547][agent.finetune.train_ppo_diffusion_agent][INFO] - approx_kl: 0.0, update_epoch: 3, num_batch: 4
[2026-10-10 08:23:18,149][agent.finetune.train_ppo_diffusion_agent][INFO] - approx_kl: 0.0, update_epoch: 3, num_batch: 4
[2026-10-10 08:23:19,758][agent.finetune.train_ppo_diffusion_agent][INFO] - approx_kl: 0.0, update_epoch: 3, num_batch: 4
[2026-10-10 08:23:21,327][agent.finetune.train_ppo_diffusion_agent][INFO] - approx_kl: 0.0, update_epoch: 4, num_batch: 4
[2026-10-10 08:23:23,030][agent.finetune.train_ppo_diffusion_agent][INFO] - approx_kl: 0.0, update_epoch: 4, num_batch: 4
[2026-10-10 08:23:24,557][agent.finetune.train_ppo_diffusion_agent][INFO] - approx_kl: 0.0, update_epoch: 4, num_batch: 4
[2026-10-10 08:23:26,150][agent.finetune.train_ppo_diffusion_agent][INFO] - approx_kl: 0.0, update_epoch: 4, num_batch: 4
[2026-10-10 08:23:32,462][agent.finetune.train_ppo_diffusion_agent][INFO] - 24: step  1760000 | loss  -0.1511 | pg loss  -0.2037 | value loss   0.1053 | bc loss   0.0000 | reward 4107.0745 | eta   1.0000 | t: 53.0533 | kl_true_per_action=0.0010706786346713392 | logratio_p99=0.046766762733459415 | clamp_hit_frac=0.0007791666666666666 | actor_step_ratio=1.0 | actor_step_clipfrac=0.0
[2026-10-10 08:23:32,462][agent.finetune.stage3_support][INFO] - STAGE3_METRICS {"J_disc_train": 1447.825963602218, "J_disc_train_se": 14.504885304669667, "action_oor_frac": 0.15558541666666667, "adv_raw_mean": 7.275957614183426e-16, "adv_raw_std": 163.12496581419066, "diagnostics_seconds": 0.11660233978182077, "episode_count": 80, "explained_var": 0.18885064125061035, "explained_var_reason": null, "grad_cos_prev": 0.009843722590091532, "grad_cos_prev_reason": null, "grad_norm": 12.818038094679576, "policy_action_oor_frac": 0.15559791666666667, "proj_active": false, "reward_clip_frac": 0.0, "rollout_seconds": 12.673287904821336, "split_diff_sq": 652.7360223844742, "split_dot": 1.1181011969973254, "theta_dist": 0.039693765261198305, "theta_dist_preproj": 0.039693765261198305, "update_norm": 0.004655742566289146, "update_seconds": 40.26032744534314, "x0_sat_frac_last": 0.042140641158221304, "x0_sat_frac_mean": 0.07228179481324624}
Processed step 0 of 500
Processed step 10 of 500
Processed step 20 of 500
Processed step 30 of 500
Processed step 40 of 500
Processed step 50 of 500
Processed step 60 of 500
Processed step 70 of 500
Processed step 80 of 500
Processed step 90 of 500
Processed step 100 of 500
Processed step 110 of 500
Processed step 120 of 500
Processed step 130 of 500
Processed step 140 of 500
Processed step 150 of 500
Processed step 160 of 500
Processed step 170 of 500
Processed step 180 of 500
Processed step 190 of 500
Processed step 200 of 500
Processed step 210 of 500
Processed step 220 of 500
Processed step 230 of 500
Processed step 240 of 500
Processed step 250 of 500
Processed step 260 of 500
Processed step 270 of 500
Processed step 280 of 500
Processed step 290 of 500
Processed step 300 of 500
Processed step 310 of 500
Processed step 320 of 500
Processed step 330 of 500
Processed step 340 of 500
Processed step 350 of 500
Processed step 360 of 500
Processed step 370 of 500
Processed step 380 of 500
Processed step 390 of 500
Processed step 400 of 500
Processed step 410 of 500
Processed step 420 of 500
Processed step 430 of 500
Processed step 440 of 500
Processed step 450 of 500
Processed step 460 of 500
Processed step 470 of 500
Processed step 480 of 500
Processed step 490 of 500
[2026-10-10 08:23:46,873][agent.finetune.train_ppo_diffusion_agent][INFO] - approx_kl: 0.0, update_epoch: 0, num_batch: 4
[2026-10-10 08:23:48,512][agent.finetune.train_ppo_diffusion_agent][INFO] - approx_kl: 0.0, update_epoch: 0, num_batch: 4
[2026-10-10 08:23:50,213][agent.finetune.train_ppo_diffusion_agent][INFO] - approx_kl: 0.0, update_epoch: 0, num_batch: 4
[2026-10-10 08:23:51,934][agent.finetune.train_ppo_diffusion_agent][INFO] - approx_kl: 0.0, update_epoch: 0, num_batch: 4
[2026-10-10 08:23:53,739][agent.finetune.train_ppo_diffusion_agent][INFO] - approx_kl: 0.0, update_epoch: 1, num_batch: 4
[2026-10-10 08:23:55,373][agent.finetune.train_ppo_diffusion_agent][INFO] - approx_kl: 0.0, update_epoch: 1, num_batch: 4
[2026-10-10 08:23:57,070][agent.finetune.train_ppo_diffusion_agent][INFO] - approx_kl: 0.0, update_epoch: 1, num_batch: 4
[2026-10-10 08:23:58,789][agent.finetune.train_ppo_diffusion_agent][INFO] - approx_kl: 0.0, update_epoch: 1, num_batch: 4
[2026-10-10 08:24:00,588][agent.finetune.train_ppo_diffusion_agent][INFO] - approx_kl: 0.0, update_epoch: 2, num_batch: 4
[2026-10-10 08:24:02,229][agent.finetune.train_ppo_diffusion_agent][INFO] - approx_kl: 0.0, update_epoch: 2, num_batch: 4
[2026-10-10 08:24:03,932][agent.finetune.train_ppo_diffusion_agent][INFO] - approx_kl: 0.0, update_epoch: 2, num_batch: 4
[2026-10-10 08:24:05,650][agent.finetune.train_ppo_diffusion_agent][INFO] - approx_kl: 0.0, update_epoch: 2, num_batch: 4
[2026-10-10 08:24:07,455][agent.finetune.train_ppo_diffusion_agent][INFO] - approx_kl: 0.0, update_epoch: 3, num_batch: 4
[2026-10-10 08:24:09,090][agent.finetune.train_ppo_diffusion_agent][INFO] - approx_kl: 0.0, update_epoch: 3, num_batch: 4
[2026-10-10 08:24:10,799][agent.finetune.train_ppo_diffusion_agent][INFO] - approx_kl: 0.0, update_epoch: 3, num_batch: 4
[2026-10-10 08:24:12,516][agent.finetune.train_ppo_diffusion_agent][INFO] - approx_kl: 0.0, update_epoch: 3, num_batch: 4
[2026-10-10 08:24:14,329][agent.finetune.train_ppo_diffusion_agent][INFO] - approx_kl: 0.0, update_epoch: 4, num_batch: 4
[2026-10-10 08:24:15,961][agent.finetune.train_ppo_diffusion_agent][INFO] - approx_kl: 0.0, update_epoch: 4, num_batch: 4
[2026-10-10 08:24:17,658][agent.finetune.train_ppo_diffusion_agent][INFO] - approx_kl: 0.0, update_epoch: 4, num_batch: 4
[2026-10-10 08:24:19,372][agent.finetune.train_ppo_diffusion_agent][INFO] - approx_kl: 0.0, update_epoch: 4, num_batch: 4
[2026-10-10 08:24:26,292][agent.finetune.train_ppo_diffusion_agent][INFO] - 25: step  1840000 | loss   0.7820 | pg loss   0.7302 | value loss   0.1038 | bc loss   0.0000 | reward 4019.3979 | eta   1.0000 | t: 53.8302 | kl_true_per_action=0.005138485984439605 | logratio_p99=0.12139168739318809 | clamp_hit_frac=0.0007895833333333333 | actor_step_ratio=1.0 | actor_step_clipfrac=0.0
[2026-10-10 08:24:26,293][agent.finetune.stage3_support][INFO] - STAGE3_METRICS {"J_disc_train": 1429.05398502863, "J_disc_train_se": 15.018149546984676, "action_oor_frac": 0.15335208333333333, "adv_raw_mean": 6.548361852765083e-15, "adv_raw_std": 196.27718276495975, "diagnostics_seconds": 0.12174458242952824, "episode_count": 80, "explained_var": 0.3810846209526062, "explained_var_reason": null, "grad_cos_prev": 0.08328164862432279, "grad_cos_prev_reason": null, "grad_norm": 15.21434578058416, "policy_action_oor_frac": 0.15338541666666666, "proj_active": false, "reward_clip_frac": 0.0, "rollout_seconds": 12.404888402670622, "split_diff_sq": 841.4057486602787, "split_dot": 21.124873026503195, "theta_dist": 0.04044180416170162, "theta_dist_preproj": 0.04044180416170162, "update_norm": 0.0055261143075016885, "update_seconds": 41.2999066747725, "x0_sat_frac_last": 0.042941323971915746, "x0_sat_frac_mean": 0.07222992607373013}
Processed step 0 of 500
Processed step 10 of 500
Processed step 20 of 500
Processed step 30 of 500
Processed step 40 of 500
Processed step 50 of 500
Processed step 60 of 500
Processed step 70 of 500
Processed step 80 of 500
Processed step 90 of 500
Processed step 100 of 500
Processed step 110 of 500
Processed step 120 of 500
Processed step 130 of 500
Processed step 140 of 500
Processed step 150 of 500
Processed step 160 of 500
Processed step 170 of 500
Processed step 180 of 500
Processed step 190 of 500
Processed step 200 of 500
Processed step 210 of 500
Processed step 220 of 500
Processed step 230 of 500
Processed step 240 of 500
Processed step 250 of 500
Processed step 260 of 500
Processed step 270 of 500
Processed step 280 of 500
Processed step 290 of 500
Processed step 300 of 500
Processed step 310 of 500
Processed step 320 of 500
Processed step 330 of 500
Processed step 340 of 500
Processed step 350 of 500
Processed step 360 of 500
Processed step 370 of 500
Processed step 380 of 500
Processed step 390 of 500
Processed step 400 of 500
Processed step 410 of 500
Processed step 420 of 500
Processed step 430 of 500
Processed step 440 of 500
Processed step 450 of 500
Processed step 460 of 500
Processed step 470 of 500
Processed step 480 of 500
Processed step 490 of 500
[2026-10-10 08:24:40,415][agent.finetune.train_ppo_diffusion_agent][INFO] - approx_kl: 0.0, update_epoch: 0, num_batch: 4
[2026-10-10 08:24:42,028][agent.finetune.train_ppo_diffusion_agent][INFO] - approx_kl: 0.0, update_epoch: 0, num_batch: 4
[2026-10-10 08:24:43,747][agent.finetune.train_ppo_diffusion_agent][INFO] - approx_kl: 0.0, update_epoch: 0, num_batch: 4
[2026-10-10 08:24:45,446][agent.finetune.train_ppo_diffusion_agent][INFO] - approx_kl: 0.0, update_epoch: 0, num_batch: 4
[2026-10-10 08:24:47,247][agent.finetune.train_ppo_diffusion_agent][INFO] - approx_kl: 0.0, update_epoch: 1, num_batch: 4
[2026-10-10 08:24:48,866][agent.finetune.train_ppo_diffusion_agent][INFO] - approx_kl: 0.0, update_epoch: 1, num_batch: 4
[2026-10-10 08:24:50,539][agent.finetune.train_ppo_diffusion_agent][INFO] - approx_kl: 0.0, update_epoch: 1, num_batch: 4
[2026-10-10 08:24:52,228][agent.finetune.train_ppo_diffusion_agent][INFO] - approx_kl: 0.0, update_epoch: 1, num_batch: 4
[2026-10-10 08:24:54,046][agent.finetune.train_ppo_diffusion_agent][INFO] - approx_kl: 0.0, update_epoch: 2, num_batch: 4
[2026-10-10 08:24:55,686][agent.finetune.train_ppo_diffusion_agent][INFO] - approx_kl: 0.0, update_epoch: 2, num_batch: 4
[2026-10-10 08:24:57,370][agent.finetune.train_ppo_diffusion_agent][INFO] - approx_kl: 0.0, update_epoch: 2, num_batch: 4
[2026-10-10 08:24:59,095][agent.finetune.train_ppo_diffusion_agent][INFO] - approx_kl: 0.0, update_epoch: 2, num_batch: 4
[2026-10-10 08:25:00,880][agent.finetune.train_ppo_diffusion_agent][INFO] - approx_kl: 0.0, update_epoch: 3, num_batch: 4
[2026-10-10 08:25:02,537][agent.finetune.train_ppo_diffusion_agent][INFO] - approx_kl: 0.0, update_epoch: 3, num_batch: 4
[2026-10-10 08:25:04,237][agent.finetune.train_ppo_diffusion_agent][INFO] - approx_kl: 0.0, update_epoch: 3, num_batch: 4
[2026-10-10 08:25:05,962][agent.finetune.train_ppo_diffusion_agent][INFO] - approx_kl: 0.0, update_epoch: 3, num_batch: 4
[2026-10-10 08:25:07,775][agent.finetune.train_ppo_diffusion_agent][INFO] - approx_kl: 0.0, update_epoch: 4, num_batch: 4
[2026-10-10 08:25:09,406][agent.finetune.train_ppo_diffusion_agent][INFO] - approx_kl: 0.0, update_epoch: 4, num_batch: 4
[2026-10-10 08:25:11,114][agent.finetune.train_ppo_diffusion_agent][INFO] - approx_kl: 0.0, update_epoch: 4, num_batch: 4
[2026-10-10 08:25:12,882][agent.finetune.train_ppo_diffusion_agent][INFO] - approx_kl: 0.0, update_epoch: 4, num_batch: 4
[2026-10-10 08:25:19,795][agent.finetune.train_ppo_diffusion_agent][INFO] - 26: step  1920000 | loss   0.0181 | pg loss  -0.0362 | value loss   0.1086 | bc loss   0.0000 | reward 4123.0429 | eta   1.0000 | t: 53.5024 | kl_true_per_action=0.00178904403153925 | logratio_p99=0.06874054789543145 | clamp_hit_frac=0.0007333333333333333 | actor_step_ratio=1.0 | actor_step_clipfrac=0.0
[2026-10-10 08:25:19,795][agent.finetune.stage3_support][INFO] - STAGE3_METRICS {"J_disc_train": 1465.3143982698061, "J_disc_train_se": 13.25278849409047, "action_oor_frac": 0.15881041666666668, "adv_raw_mean": -5.820766091346741e-15, "adv_raw_std": 176.63694505568617, "diagnostics_seconds": 0.11809563357383013, "episode_count": 80, "explained_var": 0.3210321068763733, "explained_var_reason": null, "grad_cos_prev": -0.08675712577721496, "grad_cos_prev_reason": null, "grad_norm": 12.346368548320413, "policy_action_oor_frac": 0.15883333333333333, "proj_active": false, "reward_clip_frac": 0.0, "rollout_seconds": 12.084622403606772, "split_diff_sq": 576.1000478876598, "split_dot": 8.407800688768823, "theta_dist": 0.04041218492430344, "theta_dist_preproj": 0.04041218492430344, "update_norm": 0.004484412957721859, "update_seconds": 41.29593403637409, "x0_sat_frac_last": 0.05314345991561181, "x0_sat_frac_mean": 0.07388039004034462}
Processed step 0 of 500
Processed step 10 of 500
Processed step 20 of 500
Processed step 30 of 500
Processed step 40 of 500
Processed step 50 of 500
Processed step 60 of 500
Processed step 70 of 500
Processed step 80 of 500
Processed step 90 of 500
Processed step 100 of 500
Processed step 110 of 500
Processed step 120 of 500
Processed step 130 of 500
Processed step 140 of 500
Processed step 150 of 500
Processed step 160 of 500
Processed step 170 of 500
Processed step 180 of 500
Processed step 190 of 500
Processed step 200 of 500
Processed step 210 of 500
Processed step 220 of 500
Processed step 230 of 500
Processed step 240 of 500
Processed step 250 of 500
Processed step 260 of 500
Processed step 270 of 500
Processed step 280 of 500
Processed step 290 of 500
Processed step 300 of 500
Processed step 310 of 500
Processed step 320 of 500
Processed step 330 of 500
Processed step 340 of 500
Processed step 350 of 500
Processed step 360 of 500
Processed step 370 of 500
Processed step 380 of 500
Processed step 390 of 500
Processed step 400 of 500
Processed step 410 of 500
Processed step 420 of 500
Processed step 430 of 500
Processed step 440 of 500
Processed step 450 of 500
Processed step 460 of 500
Processed step 470 of 500
Processed step 480 of 500
Processed step 490 of 500
[2026-10-10 08:25:33,873][agent.finetune.train_ppo_diffusion_agent][INFO] - approx_kl: 0.0, update_epoch: 0, num_batch: 4
[2026-10-10 08:25:35,497][agent.finetune.train_ppo_diffusion_agent][INFO] - approx_kl: 0.0, update_epoch: 0, num_batch: 4
[2026-10-10 08:25:37,195][agent.finetune.train_ppo_diffusion_agent][INFO] - approx_kl: 0.0, update_epoch: 0, num_batch: 4
[2026-10-10 08:25:38,998][agent.finetune.train_ppo_diffusion_agent][INFO] - approx_kl: 0.0, update_epoch: 0, num_batch: 4
[2026-10-10 08:25:40,630][agent.finetune.train_ppo_diffusion_agent][INFO] - approx_kl: 0.0, update_epoch: 1, num_batch: 4
[2026-10-10 08:25:42,336][agent.finetune.train_ppo_diffusion_agent][INFO] - approx_kl: 0.0, update_epoch: 1, num_batch: 4
[2026-10-10 08:25:44,100][agent.finetune.train_ppo_diffusion_agent][INFO] - approx_kl: 0.0, update_epoch: 1, num_batch: 4
[2026-10-10 08:25:45,928][agent.finetune.train_ppo_diffusion_agent][INFO] - approx_kl: 0.0, update_epoch: 1, num_batch: 4
[2026-10-10 08:25:47,579][agent.finetune.train_ppo_diffusion_agent][INFO] - approx_kl: 0.0, update_epoch: 2, num_batch: 4
[2026-10-10 08:25:49,305][agent.finetune.train_ppo_diffusion_agent][INFO] - approx_kl: 0.0, update_epoch: 2, num_batch: 4
[2026-10-10 08:25:51,006][agent.finetune.train_ppo_diffusion_agent][INFO] - approx_kl: 0.0, update_epoch: 2, num_batch: 4
[2026-10-10 08:25:52,841][agent.finetune.train_ppo_diffusion_agent][INFO] - approx_kl: 0.0, update_epoch: 2, num_batch: 4
[2026-10-10 08:25:54,464][agent.finetune.train_ppo_diffusion_agent][INFO] - approx_kl: 0.0, update_epoch: 3, num_batch: 4
[2026-10-10 08:25:56,173][agent.finetune.train_ppo_diffusion_agent][INFO] - approx_kl: 0.0, update_epoch: 3, num_batch: 4
[2026-10-10 08:25:57,910][agent.finetune.train_ppo_diffusion_agent][INFO] - approx_kl: 0.0, update_epoch: 3, num_batch: 4
[2026-10-10 08:25:59,707][agent.finetune.train_ppo_diffusion_agent][INFO] - approx_kl: 0.0, update_epoch: 3, num_batch: 4
[2026-10-10 08:26:01,352][agent.finetune.train_ppo_diffusion_agent][INFO] - approx_kl: 0.0, update_epoch: 4, num_batch: 4
[2026-10-10 08:26:03,081][agent.finetune.train_ppo_diffusion_agent][INFO] - approx_kl: 0.0, update_epoch: 4, num_batch: 4
[2026-10-10 08:26:04,797][agent.finetune.train_ppo_diffusion_agent][INFO] - approx_kl: 0.0, update_epoch: 4, num_batch: 4
[2026-10-10 08:26:06,589][agent.finetune.train_ppo_diffusion_agent][INFO] - approx_kl: 0.0, update_epoch: 4, num_batch: 4
[2026-10-10 08:26:13,515][agent.finetune.train_ppo_diffusion_agent][INFO] - 27: step  2000000 | loss  -0.3483 | pg loss  -0.4025 | value loss   0.1085 | bc loss   0.0000 | reward 3934.8421 | eta   1.0000 | t: 53.7199 | kl_true_per_action=0.0039451792847427294 | logratio_p99=0.09815969109535215 | clamp_hit_frac=0.0007333333333333333 | actor_step_ratio=1.0 | actor_step_clipfrac=0.0
[2026-10-10 08:26:13,515][agent.finetune.stage3_support][INFO] - STAGE3_METRICS {"J_disc_train": 1413.8387659945604, "J_disc_train_se": 20.984641444936987, "action_oor_frac": 0.15374791666666668, "adv_raw_mean": 2.8194335754960774e-15, "adv_raw_std": 244.15926058415445, "diagnostics_seconds": 0.11115177627652884, "episode_count": 80, "explained_var": 0.4793691635131836, "explained_var_reason": null, "grad_cos_prev": -0.028501315321186993, "grad_cos_prev_reason": null, "grad_norm": 20.97538299708855, "policy_action_oor_frac": 0.15377708333333334, "proj_active": false, "reward_clip_frac": 0.0, "rollout_seconds": 12.06423715222627, "split_diff_sq": 1823.4131531408116, "split_dot": -15.886596481518664, "theta_dist": 0.04178378338400642, "theta_dist_preproj": 0.04178378338400642, "update_norm": 0.007618621879731654, "update_seconds": 41.54070532228798, "x0_sat_frac_last": 0.04810452549814252, "x0_sat_frac_mean": 0.07139438544114905}
Processed step 0 of 500
Processed step 10 of 500
Processed step 20 of 500
Processed step 30 of 500
Processed step 40 of 500
Processed step 50 of 500
Processed step 60 of 500
Processed step 70 of 500
Processed step 80 of 500
Processed step 90 of 500
Processed step 100 of 500
Processed step 110 of 500
Processed step 120 of 500
Processed step 130 of 500
Processed step 140 of 500
Processed step 150 of 500
Processed step 160 of 500
Processed step 170 of 500
Processed step 180 of 500
Processed step 190 of 500
Processed step 200 of 500
Processed step 210 of 500
Processed step 220 of 500
Processed step 230 of 500
Processed step 240 of 500
Processed step 250 of 500
Processed step 260 of 500
Processed step 270 of 500
Processed step 280 of 500
Processed step 290 of 500
Processed step 300 of 500
Processed step 310 of 500
Processed step 320 of 500
Processed step 330 of 500
Processed step 340 of 500
Processed step 350 of 500
Processed step 360 of 500
Processed step 370 of 500
Processed step 380 of 500
Processed step 390 of 500
Processed step 400 of 500
Processed step 410 of 500
Processed step 420 of 500
Processed step 430 of 500
Processed step 440 of 500
Processed step 450 of 500
Processed step 460 of 500
Processed step 470 of 500
Processed step 480 of 500
Processed step 490 of 500
[2026-10-10 08:26:27,727][agent.finetune.train_ppo_diffusion_agent][INFO] - approx_kl: 0.0, update_epoch: 0, num_batch: 4
[2026-10-10 08:26:29,502][agent.finetune.train_ppo_diffusion_agent][INFO] - approx_kl: 0.0, update_epoch: 0, num_batch: 4
[2026-10-10 08:26:31,263][agent.finetune.train_ppo_diffusion_agent][INFO] - approx_kl: 0.0, update_epoch: 0, num_batch: 4
[2026-10-10 08:26:33,120][agent.finetune.train_ppo_diffusion_agent][INFO] - approx_kl: 0.0, update_epoch: 0, num_batch: 4
[2026-10-10 08:26:34,767][agent.finetune.train_ppo_diffusion_agent][INFO] - approx_kl: 0.0, update_epoch: 1, num_batch: 4
[2026-10-10 08:26:36,501][agent.finetune.train_ppo_diffusion_agent][INFO] - approx_kl: 0.0, update_epoch: 1, num_batch: 4
[2026-10-10 08:26:38,246][agent.finetune.train_ppo_diffusion_agent][INFO] - approx_kl: 0.0, update_epoch: 1, num_batch: 4
[2026-10-10 08:26:40,077][agent.finetune.train_ppo_diffusion_agent][INFO] - approx_kl: 0.0, update_epoch: 1, num_batch: 4
[2026-10-10 08:26:41,712][agent.finetune.train_ppo_diffusion_agent][INFO] - approx_kl: 0.0, update_epoch: 2, num_batch: 4
[2026-10-10 08:26:43,477][agent.finetune.train_ppo_diffusion_agent][INFO] - approx_kl: 0.0, update_epoch: 2, num_batch: 4
[2026-10-10 08:26:45,207][agent.finetune.train_ppo_diffusion_agent][INFO] - approx_kl: 0.0, update_epoch: 2, num_batch: 4
[2026-10-10 08:26:47,029][agent.finetune.train_ppo_diffusion_agent][INFO] - approx_kl: 0.0, update_epoch: 2, num_batch: 4
[2026-10-10 08:26:48,636][agent.finetune.train_ppo_diffusion_agent][INFO] - approx_kl: 0.0, update_epoch: 3, num_batch: 4
[2026-10-10 08:26:50,360][agent.finetune.train_ppo_diffusion_agent][INFO] - approx_kl: 0.0, update_epoch: 3, num_batch: 4
[2026-10-10 08:26:52,129][agent.finetune.train_ppo_diffusion_agent][INFO] - approx_kl: 0.0, update_epoch: 3, num_batch: 4
[2026-10-10 08:26:53,946][agent.finetune.train_ppo_diffusion_agent][INFO] - approx_kl: 0.0, update_epoch: 3, num_batch: 4
[2026-10-10 08:26:55,605][agent.finetune.train_ppo_diffusion_agent][INFO] - approx_kl: 0.0, update_epoch: 4, num_batch: 4
[2026-10-10 08:26:57,299][agent.finetune.train_ppo_diffusion_agent][INFO] - approx_kl: 0.0, update_epoch: 4, num_batch: 4
[2026-10-10 08:26:58,979][agent.finetune.train_ppo_diffusion_agent][INFO] - approx_kl: 0.0, update_epoch: 4, num_batch: 4
[2026-10-10 08:27:00,732][agent.finetune.train_ppo_diffusion_agent][INFO] - approx_kl: 0.0, update_epoch: 4, num_batch: 4
[2026-10-10 08:27:07,680][agent.finetune.train_ppo_diffusion_agent][INFO] - 28: step  2080000 | loss  -0.6409 | pg loss  -0.6942 | value loss   0.1065 | bc loss   0.0000 | reward 3896.1356 | eta   1.0000 | t: 54.1650 | kl_true_per_action=0.003098741175854226 | logratio_p99=0.07910923242568933 | clamp_hit_frac=0.00081875 | actor_step_ratio=1.0 | actor_step_clipfrac=0.0
[2026-10-10 08:27:07,680][agent.finetune.stage3_support][INFO] - STAGE3_METRICS {"J_disc_train": 1385.1177173002943, "J_disc_train_se": 24.061294568492027, "action_oor_frac": 0.15448541666666665, "adv_raw_mean": -1.8917489796876906e-14, "adv_raw_std": 263.1397738208148, "diagnostics_seconds": 0.11987067759037018, "episode_count": 80, "explained_var": 0.5359740555286407, "explained_var_reason": null, "grad_cos_prev": 0.06834110638055019, "grad_cos_prev_reason": null, "grad_norm": 23.981942455396393, "policy_action_oor_frac": 0.15450625, "proj_active": false, "reward_clip_frac": 0.0, "rollout_seconds": 12.375532918609679, "split_diff_sq": 2332.9127849493093, "split_dot": -8.09462554891166, "theta_dist": 0.04295434044068524, "theta_dist_preproj": 0.04295434044068524, "update_norm": 0.008710654272929464, "update_seconds": 41.66549236141145, "x0_sat_frac_last": 0.055720164609053505, "x0_sat_frac_mean": 0.07322950926727625}
Processed step 0 of 500
Processed step 10 of 500
Processed step 20 of 500
Processed step 30 of 500
Processed step 40 of 500
Processed step 50 of 500
Processed step 60 of 500
Processed step 70 of 500
Processed step 80 of 500
Processed step 90 of 500
Processed step 100 of 500
Processed step 110 of 500
Processed step 120 of 500
Processed step 130 of 500
Processed step 140 of 500
Processed step 150 of 500
Processed step 160 of 500
Processed step 170 of 500
Processed step 180 of 500
Processed step 190 of 500
Processed step 200 of 500
Processed step 210 of 500
Processed step 220 of 500
Processed step 230 of 500
Processed step 240 of 500
Processed step 250 of 500
Processed step 260 of 500
Processed step 270 of 500
Processed step 280 of 500
Processed step 290 of 500
Processed step 300 of 500
Processed step 310 of 500
Processed step 320 of 500
Processed step 330 of 500
Processed step 340 of 500
Processed step 350 of 500
Processed step 360 of 500
Processed step 370 of 500
Processed step 380 of 500
Processed step 390 of 500
Processed step 400 of 500
Processed step 410 of 500
Processed step 420 of 500
Processed step 430 of 500
Processed step 440 of 500
Processed step 450 of 500
Processed step 460 of 500
Processed step 470 of 500
Processed step 480 of 500
Processed step 490 of 500
[2026-10-10 08:27:21,914][agent.finetune.train_ppo_diffusion_agent][INFO] - approx_kl: 0.0, update_epoch: 0, num_batch: 4
[2026-10-10 08:27:23,682][agent.finetune.train_ppo_diffusion_agent][INFO] - approx_kl: 0.0, update_epoch: 0, num_batch: 4
[2026-10-10 08:27:25,420][agent.finetune.train_ppo_diffusion_agent][INFO] - approx_kl: 0.0, update_epoch: 0, num_batch: 4
[2026-10-10 08:27:27,248][agent.finetune.train_ppo_diffusion_agent][INFO] - approx_kl: 0.0, update_epoch: 0, num_batch: 4
[2026-10-10 08:27:28,895][agent.finetune.train_ppo_diffusion_agent][INFO] - approx_kl: 0.0, update_epoch: 1, num_batch: 4
[2026-10-10 08:27:30,630][agent.finetune.train_ppo_diffusion_agent][INFO] - approx_kl: 0.0, update_epoch: 1, num_batch: 4
[2026-10-10 08:27:32,366][agent.finetune.train_ppo_diffusion_agent][INFO] - approx_kl: 0.0, update_epoch: 1, num_batch: 4
[2026-10-10 08:27:34,222][agent.finetune.train_ppo_diffusion_agent][INFO] - approx_kl: 0.0, update_epoch: 1, num_batch: 4
[2026-10-10 08:27:35,895][agent.finetune.train_ppo_diffusion_agent][INFO] - approx_kl: 0.0, update_epoch: 2, num_batch: 4
[2026-10-10 08:27:37,635][agent.finetune.train_ppo_diffusion_agent][INFO] - approx_kl: 0.0, update_epoch: 2, num_batch: 4
[2026-10-10 08:27:39,457][agent.finetune.train_ppo_diffusion_agent][INFO] - approx_kl: 0.0, update_epoch: 2, num_batch: 4
[2026-10-10 08:27:41,296][agent.finetune.train_ppo_diffusion_agent][INFO] - approx_kl: 0.0, update_epoch: 2, num_batch: 4
[2026-10-10 08:27:42,964][agent.finetune.train_ppo_diffusion_agent][INFO] - approx_kl: 0.0, update_epoch: 3, num_batch: 4
[2026-10-10 08:27:44,702][agent.finetune.train_ppo_diffusion_agent][INFO] - approx_kl: 0.0, update_epoch: 3, num_batch: 4
[2026-10-10 08:27:46,440][agent.finetune.train_ppo_diffusion_agent][INFO] - approx_kl: 0.0, update_epoch: 3, num_batch: 4
[2026-10-10 08:27:48,253][agent.finetune.train_ppo_diffusion_agent][INFO] - approx_kl: 0.0, update_epoch: 3, num_batch: 4
[2026-10-10 08:27:49,905][agent.finetune.train_ppo_diffusion_agent][INFO] - approx_kl: 0.0, update_epoch: 4, num_batch: 4
[2026-10-10 08:27:51,611][agent.finetune.train_ppo_diffusion_agent][INFO] - approx_kl: 0.0, update_epoch: 4, num_batch: 4
[2026-10-10 08:27:53,340][agent.finetune.train_ppo_diffusion_agent][INFO] - approx_kl: 0.0, update_epoch: 4, num_batch: 4
[2026-10-10 08:27:55,144][agent.finetune.train_ppo_diffusion_agent][INFO] - approx_kl: 0.0, update_epoch: 4, num_batch: 4
[2026-10-10 08:28:02,079][agent.finetune.train_ppo_diffusion_agent][INFO] - 29: step  2160000 | loss   0.1111 | pg loss   0.0597 | value loss   0.1028 | bc loss   0.0000 | reward 4005.5226 | eta   1.0000 | t: 54.4000 | kl_true_per_action=0.0015685199812982005 | logratio_p99=0.05112283825874313 | clamp_hit_frac=0.0007770833333333333 | actor_step_ratio=1.0 | actor_step_clipfrac=0.0
[2026-10-10 08:28:02,080][agent.finetune.stage3_support][INFO] - STAGE3_METRICS {"J_disc_train": 1408.8205486868878, "J_disc_train_se": 18.40375172772455, "action_oor_frac": 0.15878958333333335, "adv_raw_mean": 9.822542779147625e-15, "adv_raw_std": 213.17112791567274, "diagnostics_seconds": 0.11196066439151764, "episode_count": 80, "explained_var": 0.3841412663459778, "explained_var_reason": null, "grad_cos_prev": 0.015737073322712392, "grad_cos_prev_reason": null, "grad_norm": 16.806324086704823, "policy_action_oor_frac": 0.15882291666666667, "proj_active": false, "reward_clip_frac": 0.0, "rollout_seconds": 12.366060986183584, "split_diff_sq": 1282.6024070669937, "split_dot": -38.19805884711982, "theta_dist": 0.04344804528560585, "theta_dist_preproj": 0.04344804528560585, "update_norm": 0.006104353639795502, "update_seconds": 41.91839738562703, "x0_sat_frac_last": 0.060522490165897044, "x0_sat_frac_mean": 0.07447945574583097}
Processed step 0 of 500
Processed step 10 of 500
Processed step 20 of 500
Processed step 30 of 500
Processed step 40 of 500
Processed step 50 of 500
Processed step 60 of 500
Processed step 70 of 500
Processed step 80 of 500
Processed step 90 of 500
Processed step 100 of 500
Processed step 110 of 500
Processed step 120 of 500
Processed step 130 of 500
Processed step 140 of 500
Processed step 150 of 500
Processed step 160 of 500
Processed step 170 of 500
Processed step 180 of 500
Processed step 190 of 500
Processed step 200 of 500
Processed step 210 of 500
Processed step 220 of 500
Processed step 230 of 500
Processed step 240 of 500
Processed step 250 of 500
Processed step 260 of 500
Processed step 270 of 500
Processed step 280 of 500
Processed step 290 of 500
Processed step 300 of 500
Processed step 310 of 500
Processed step 320 of 500
Processed step 330 of 500
Processed step 340 of 500
Processed step 350 of 500
Processed step 360 of 500
Processed step 370 of 500
Processed step 380 of 500
Processed step 390 of 500
Processed step 400 of 500
Processed step 410 of 500
Processed step 420 of 500
Processed step 430 of 500
Processed step 440 of 500
Processed step 450 of 500
Processed step 460 of 500
Processed step 470 of 500
Processed step 480 of 500
Processed step 490 of 500
[2026-10-10 08:28:14,569][agent.finetune.train_ppo_diffusion_agent][INFO] - eval: success rate   1.0000 | avg episode reward 4309.5183 | avg best reward   6.5229
[2026-10-10 08:28:14,570][agent.finetune.stage3_support][INFO] - STAGE3_METRICS {"J_disc_eval": 1524.2534735926856, "J_disc_eval_se": 21.214204435443044, "action_oor_frac": 0.0, "diagnostics_seconds": 0.011041088029742241, "episode_count": 80, "policy_action_oor_frac": 0.0, "rollout_seconds": 12.474477826617658, "update_seconds": 0.0}
Processed step 0 of 500
Processed step 10 of 500
Processed step 20 of 500
Processed step 30 of 500
Processed step 40 of 500
Processed step 50 of 500
Processed step 60 of 500
Processed step 70 of 500
Processed step 80 of 500
Processed step 90 of 500
Processed step 100 of 500
Processed step 110 of 500
Processed step 120 of 500
Processed step 130 of 500
Processed step 140 of 500
Processed step 150 of 500
Processed step 160 of 500
Processed step 170 of 500
Processed step 180 of 500
Processed step 190 of 500
Processed step 200 of 500
Processed step 210 of 500
Processed step 220 of 500
Processed step 230 of 500
Processed step 240 of 500
Processed step 250 of 500
Processed step 260 of 500
Processed step 270 of 500
Processed step 280 of 500
Processed step 290 of 500
Processed step 300 of 500
Processed step 310 of 500
Processed step 320 of 500
Processed step 330 of 500
Processed step 340 of 500
Processed step 350 of 500
Processed step 360 of 500
Processed step 370 of 500
Processed step 380 of 500
Processed step 390 of 500
Processed step 400 of 500
Processed step 410 of 500
Processed step 420 of 500
Processed step 430 of 500
Processed step 440 of 500
Processed step 450 of 500
Processed step 460 of 500
Processed step 470 of 500
Processed step 480 of 500
Processed step 490 of 500
[2026-10-10 08:28:28,819][agent.finetune.train_ppo_diffusion_agent][INFO] - approx_kl: 0.0, update_epoch: 0, num_batch: 4
[2026-10-10 08:28:30,524][agent.finetune.train_ppo_diffusion_agent][INFO] - approx_kl: 0.0, update_epoch: 0, num_batch: 4
[2026-10-10 08:28:32,103][agent.finetune.train_ppo_diffusion_agent][INFO] - approx_kl: 0.0, update_epoch: 0, num_batch: 4
[2026-10-10 08:28:33,747][agent.finetune.train_ppo_diffusion_agent][INFO] - approx_kl: 0.0, update_epoch: 0, num_batch: 4
[2026-10-10 08:28:35,234][agent.finetune.train_ppo_diffusion_agent][INFO] - approx_kl: 0.0, update_epoch: 1, num_batch: 4
[2026-10-10 08:28:36,783][agent.finetune.train_ppo_diffusion_agent][INFO] - approx_kl: 0.0, update_epoch: 1, num_batch: 4
[2026-10-10 08:28:38,334][agent.finetune.train_ppo_diffusion_agent][INFO] - approx_kl: 0.0, update_epoch: 1, num_batch: 4
[2026-10-10 08:28:40,006][agent.finetune.train_ppo_diffusion_agent][INFO] - approx_kl: 0.0, update_epoch: 1, num_batch: 4
[2026-10-10 08:28:41,489][agent.finetune.train_ppo_diffusion_agent][INFO] - approx_kl: 0.0, update_epoch: 2, num_batch: 4
[2026-10-10 08:28:43,113][agent.finetune.train_ppo_diffusion_agent][INFO] - approx_kl: 0.0, update_epoch: 2, num_batch: 4
[2026-10-10 08:28:44,803][agent.finetune.train_ppo_diffusion_agent][INFO] - approx_kl: 0.0, update_epoch: 2, num_batch: 4
[2026-10-10 08:28:46,492][agent.finetune.train_ppo_diffusion_agent][INFO] - approx_kl: 0.0, update_epoch: 2, num_batch: 4
[2026-10-10 08:28:48,074][agent.finetune.train_ppo_diffusion_agent][INFO] - approx_kl: 0.0, update_epoch: 3, num_batch: 4
[2026-10-10 08:28:49,754][agent.finetune.train_ppo_diffusion_agent][INFO] - approx_kl: 0.0, update_epoch: 3, num_batch: 4
[2026-10-10 08:28:51,386][agent.finetune.train_ppo_diffusion_agent][INFO] - approx_kl: 0.0, update_epoch: 3, num_batch: 4
[2026-10-10 08:28:53,211][agent.finetune.train_ppo_diffusion_agent][INFO] - approx_kl: 0.0, update_epoch: 3, num_batch: 4
[2026-10-10 08:28:54,849][agent.finetune.train_ppo_diffusion_agent][INFO] - approx_kl: 0.0, update_epoch: 4, num_batch: 4
[2026-10-10 08:28:56,540][agent.finetune.train_ppo_diffusion_agent][INFO] - approx_kl: 0.0, update_epoch: 4, num_batch: 4
[2026-10-10 08:28:58,260][agent.finetune.train_ppo_diffusion_agent][INFO] - approx_kl: 0.0, update_epoch: 4, num_batch: 4
[2026-10-10 08:29:00,056][agent.finetune.train_ppo_diffusion_agent][INFO] - approx_kl: 0.0, update_epoch: 4, num_batch: 4
[2026-10-10 08:29:06,956][agent.finetune.train_ppo_diffusion_agent][INFO] - 31: step  2240000 | loss  -0.3519 | pg loss  -0.4030 | value loss   0.1021 | bc loss   0.0000 | reward 3910.3637 | eta   1.0000 | t: 52.3862 | kl_true_per_action=0.004368197810116998 | logratio_p99=0.0976493048667907 | clamp_hit_frac=0.0008333333333333334 | actor_step_ratio=1.0 | actor_step_clipfrac=0.0
[2026-10-10 08:29:06,956][agent.finetune.stage3_support][INFO] - STAGE3_METRICS {"J_disc_train": 1400.0805437729484, "J_disc_train_se": 25.806556883306182, "action_oor_frac": 0.15650208333333335, "adv_raw_mean": -2.3283064365386964e-14, "adv_raw_std": 281.5782491328494, "diagnostics_seconds": 0.12520665861666203, "episode_count": 80, "explained_var": 0.5803338885307312, "explained_var_reason": null, "grad_cos_prev": 0.05401124923560383, "grad_cos_prev_reason": null, "grad_norm": 23.14836245380653, "policy_action_oor_frac": 0.156525, "proj_active": false, "reward_clip_frac": 0.0, "rollout_seconds": 12.376416875049472, "split_diff_sq": 2067.58346019832, "split_dot": 18.950822134004706, "theta_dist": 0.04412574551931695, "theta_dist_preproj": 0.04412574551931695, "update_norm": 0.008407874885630294, "update_seconds": 39.880725951865315, "x0_sat_frac_last": 0.058295009368080394, "x0_sat_frac_mean": 0.07183789814374802}
Processed step 0 of 500
Processed step 10 of 500
Processed step 20 of 500
Processed step 30 of 500
Processed step 40 of 500
Processed step 50 of 500
Processed step 60 of 500
Processed step 70 of 500
Processed step 80 of 500
Processed step 90 of 500
Processed step 100 of 500
Processed step 110 of 500
Processed step 120 of 500
Processed step 130 of 500
Processed step 140 of 500
Processed step 150 of 500
Processed step 160 of 500
Processed step 170 of 500
Processed step 180 of 500
Processed step 190 of 500
Processed step 200 of 500
Processed step 210 of 500
Processed step 220 of 500
Processed step 230 of 500
Processed step 240 of 500
Processed step 250 of 500
Processed step 260 of 500
Processed step 270 of 500
Processed step 280 of 500
Processed step 290 of 500
Processed step 300 of 500
Processed step 310 of 500
Processed step 320 of 500
Processed step 330 of 500
Processed step 340 of 500
Processed step 350 of 500
Processed step 360 of 500
Processed step 370 of 500
Processed step 380 of 500
Processed step 390 of 500
Processed step 400 of 500
Processed step 410 of 500
Processed step 420 of 500
Processed step 430 of 500
Processed step 440 of 500
Processed step 450 of 500
Processed step 460 of 500
Processed step 470 of 500
Processed step 480 of 500
Processed step 490 of 500
[2026-10-10 08:29:21,463][agent.finetune.train_ppo_diffusion_agent][INFO] - approx_kl: 0.0, update_epoch: 0, num_batch: 4
[2026-10-10 08:29:23,229][agent.finetune.train_ppo_diffusion_agent][INFO] - approx_kl: 0.0, update_epoch: 0, num_batch: 4
[2026-10-10 08:29:25,058][agent.finetune.train_ppo_diffusion_agent][INFO] - approx_kl: 0.0, update_epoch: 0, num_batch: 4
[2026-10-10 08:29:26,704][agent.finetune.train_ppo_diffusion_agent][INFO] - approx_kl: 0.0, update_epoch: 0, num_batch: 4
[2026-10-10 08:29:28,444][agent.finetune.train_ppo_diffusion_agent][INFO] - approx_kl: 0.0, update_epoch: 1, num_batch: 4
[2026-10-10 08:29:30,147][agent.finetune.train_ppo_diffusion_agent][INFO] - approx_kl: 0.0, update_epoch: 1, num_batch: 4
[2026-10-10 08:29:31,996][agent.finetune.train_ppo_diffusion_agent][INFO] - approx_kl: 0.0, update_epoch: 1, num_batch: 4
[2026-10-10 08:29:33,623][agent.finetune.train_ppo_diffusion_agent][INFO] - approx_kl: 0.0, update_epoch: 1, num_batch: 4
[2026-10-10 08:29:35,359][agent.finetune.train_ppo_diffusion_agent][INFO] - approx_kl: 0.0, update_epoch: 2, num_batch: 4
[2026-10-10 08:29:37,115][agent.finetune.train_ppo_diffusion_agent][INFO] - approx_kl: 0.0, update_epoch: 2, num_batch: 4
[2026-10-10 08:29:38,928][agent.finetune.train_ppo_diffusion_agent][INFO] - approx_kl: 0.0, update_epoch: 2, num_batch: 4
[2026-10-10 08:29:40,581][agent.finetune.train_ppo_diffusion_agent][INFO] - approx_kl: 0.0, update_epoch: 2, num_batch: 4
[2026-10-10 08:29:42,311][agent.finetune.train_ppo_diffusion_agent][INFO] - approx_kl: 0.0, update_epoch: 3, num_batch: 4
[2026-10-10 08:29:44,048][agent.finetune.train_ppo_diffusion_agent][INFO] - approx_kl: 0.0, update_epoch: 3, num_batch: 4
[2026-10-10 08:29:45,865][agent.finetune.train_ppo_diffusion_agent][INFO] - approx_kl: 0.0, update_epoch: 3, num_batch: 4
[2026-10-10 08:29:47,527][agent.finetune.train_ppo_diffusion_agent][INFO] - approx_kl: 0.0, update_epoch: 3, num_batch: 4
[2026-10-10 08:29:49,249][agent.finetune.train_ppo_diffusion_agent][INFO] - approx_kl: 0.0, update_epoch: 4, num_batch: 4
[2026-10-10 08:29:50,970][agent.finetune.train_ppo_diffusion_agent][INFO] - approx_kl: 0.0, update_epoch: 4, num_batch: 4
[2026-10-10 08:29:52,780][agent.finetune.train_ppo_diffusion_agent][INFO] - approx_kl: 0.0, update_epoch: 4, num_batch: 4
[2026-10-10 08:29:54,407][agent.finetune.train_ppo_diffusion_agent][INFO] - approx_kl: 0.0, update_epoch: 4, num_batch: 4
[2026-10-10 08:30:01,395][agent.finetune.train_ppo_diffusion_agent][INFO] - 32: step  2320000 | loss  -0.8179 | pg loss  -0.8700 | value loss   0.1041 | bc loss   0.0000 | reward 3906.1748 | eta   1.0000 | t: 54.4396 | kl_true_per_action=0.0036235979903332174 | logratio_p99=0.08526114940643302 | clamp_hit_frac=0.0007625 | actor_step_ratio=1.0 | actor_step_clipfrac=0.0
[2026-10-10 08:30:01,395][agent.finetune.stage3_support][INFO] - STAGE3_METRICS {"J_disc_train": 1398.458436738011, "J_disc_train_se": 21.73796970333115, "action_oor_frac": 0.15734375, "adv_raw_mean": 5.820766091346741e-15, "adv_raw_std": 287.1482568574213, "diagnostics_seconds": 0.12352329678833485, "episode_count": 80, "explained_var": 0.5759814381599426, "explained_var_reason": null, "grad_cos_prev": -0.0037731069349863804, "grad_cos_prev_reason": null, "grad_norm": 22.501467794251315, "policy_action_oor_frac": 0.157375, "proj_active": false, "reward_clip_frac": 0.0, "rollout_seconds": 12.618390397168696, "split_diff_sq": 1839.401450276402, "split_dot": 46.46574762875276, "theta_dist": 0.044566134311894594, "theta_dist_preproj": 0.044566134311894594, "update_norm": 0.008172920965496714, "update_seconds": 41.69158618431538, "x0_sat_frac_last": 0.06490147783251232, "x0_sat_frac_mean": 0.07505323598684972}
Processed step 0 of 500
Processed step 10 of 500
Processed step 20 of 500
Processed step 30 of 500
Processed step 40 of 500
Processed step 50 of 500
Processed step 60 of 500
Processed step 70 of 500
Processed step 80 of 500
Processed step 90 of 500
Processed step 100 of 500
Processed step 110 of 500
Processed step 120 of 500
Processed step 130 of 500
Processed step 140 of 500
Processed step 150 of 500
Processed step 160 of 500
Processed step 170 of 500
Processed step 180 of 500
Processed step 190 of 500
Processed step 200 of 500
Processed step 210 of 500
Processed step 220 of 500
Processed step 230 of 500
Processed step 240 of 500
Processed step 250 of 500
Processed step 260 of 500
Processed step 270 of 500
Processed step 280 of 500
Processed step 290 of 500
Processed step 300 of 500
Processed step 310 of 500
Processed step 320 of 500
Processed step 330 of 500
Processed step 340 of 500
Processed step 350 of 500
Processed step 360 of 500
Processed step 370 of 500
Processed step 380 of 500
Processed step 390 of 500
Processed step 400 of 500
Processed step 410 of 500
Processed step 420 of 500
Processed step 430 of 500
Processed step 440 of 500
Processed step 450 of 500
Processed step 460 of 500
Processed step 470 of 500
Processed step 480 of 500
Processed step 490 of 500
[2026-10-10 08:30:18,829][agent.finetune.train_ppo_diffusion_agent][INFO] - approx_kl: 0.0, update_epoch: 0, num_batch: 4
[2026-10-10 08:30:20,548][agent.finetune.train_ppo_diffusion_agent][INFO] - approx_kl: 0.0, update_epoch: 0, num_batch: 4
[2026-10-10 08:30:22,359][agent.finetune.train_ppo_diffusion_agent][INFO] - approx_kl: 0.0, update_epoch: 0, num_batch: 4
[2026-10-10 08:30:23,992][agent.finetune.train_ppo_diffusion_agent][INFO] - approx_kl: 0.0, update_epoch: 0, num_batch: 4
[2026-10-10 08:30:25,710][agent.finetune.train_ppo_diffusion_agent][INFO] - approx_kl: 0.0, update_epoch: 1, num_batch: 4
[2026-10-10 08:30:27,441][agent.finetune.train_ppo_diffusion_agent][INFO] - approx_kl: 0.0, update_epoch: 1, num_batch: 4
[2026-10-10 08:30:29,257][agent.finetune.train_ppo_diffusion_agent][INFO] - approx_kl: 0.0, update_epoch: 1, num_batch: 4
[2026-10-10 08:30:30,913][agent.finetune.train_ppo_diffusion_agent][INFO] - approx_kl: 0.0, update_epoch: 1, num_batch: 4
[2026-10-10 08:30:32,627][agent.finetune.train_ppo_diffusion_agent][INFO] - approx_kl: 0.0, update_epoch: 2, num_batch: 4
[2026-10-10 08:30:34,361][agent.finetune.train_ppo_diffusion_agent][INFO] - approx_kl: 0.0, update_epoch: 2, num_batch: 4
[2026-10-10 08:30:36,179][agent.finetune.train_ppo_diffusion_agent][INFO] - approx_kl: 0.0, update_epoch: 2, num_batch: 4
[2026-10-10 08:30:37,833][agent.finetune.train_ppo_diffusion_agent][INFO] - approx_kl: 0.0, update_epoch: 2, num_batch: 4
[2026-10-10 08:30:39,550][agent.finetune.train_ppo_diffusion_agent][INFO] - approx_kl: 0.0, update_epoch: 3, num_batch: 4
[2026-10-10 08:30:41,302][agent.finetune.train_ppo_diffusion_agent][INFO] - approx_kl: 0.0, update_epoch: 3, num_batch: 4
[2026-10-10 08:30:43,122][agent.finetune.train_ppo_diffusion_agent][INFO] - approx_kl: 0.0, update_epoch: 3, num_batch: 4
[2026-10-10 08:30:44,770][agent.finetune.train_ppo_diffusion_agent][INFO] - approx_kl: 0.0, update_epoch: 3, num_batch: 4
[2026-10-10 08:30:46,490][agent.finetune.train_ppo_diffusion_agent][INFO] - approx_kl: 0.0, update_epoch: 4, num_batch: 4
[2026-10-10 08:30:48,225][agent.finetune.train_ppo_diffusion_agent][INFO] - approx_kl: 0.0, update_epoch: 4, num_batch: 4
[2026-10-10 08:30:50,049][agent.finetune.train_ppo_diffusion_agent][INFO] - approx_kl: 0.0, update_epoch: 4, num_batch: 4
[2026-10-10 08:30:51,700][agent.finetune.train_ppo_diffusion_agent][INFO] - approx_kl: 0.0, update_epoch: 4, num_batch: 4
[2026-10-10 08:30:58,645][agent.finetune.train_ppo_diffusion_agent][INFO] - 33: step  2400000 | loss  -1.2940 | pg loss  -1.3451 | value loss   0.1021 | bc loss   0.0000 | reward 3966.5245 | eta   1.0000 | t: 57.2504 | kl_true_per_action=0.0034381934426284686 | logratio_p99=0.08195767164230346 | clamp_hit_frac=0.0008125 | actor_step_ratio=1.0 | actor_step_clipfrac=0.0
[2026-10-10 08:30:58,646][agent.finetune.stage3_support][INFO] - STAGE3_METRICS {"J_disc_train": 1405.901249413239, "J_disc_train_se": 22.942150256386107, "action_oor_frac": 0.16058333333333333, "adv_raw_mean": 4.365574568510055e-15, "adv_raw_std": 266.78403253172485, "diagnostics_seconds": 0.13183201104402542, "episode_count": 80, "explained_var": 0.518655925989151, "explained_var_reason": null, "grad_cos_prev": -0.0037949461164657632, "grad_cos_prev_reason": null, "grad_norm": 22.394430059038726, "policy_action_oor_frac": 0.16060208333333334, "proj_active": false, "reward_clip_frac": 0.0, "rollout_seconds": 15.471410891972482, "split_diff_sq": 1811.7216468015981, "split_dot": 48.58010394802247, "theta_dist": 0.04491873446844797, "theta_dist_preproj": 0.04491873446844797, "update_norm": 0.008134035223605328, "update_seconds": 41.64095619041473, "x0_sat_frac_last": 0.07328812991796417, "x0_sat_frac_mean": 0.07713895099449078}
Processed step 0 of 500
Processed step 10 of 500
Processed step 20 of 500
Processed step 30 of 500
Processed step 40 of 500
Processed step 50 of 500
Processed step 60 of 500
Processed step 70 of 500
Processed step 80 of 500
Processed step 90 of 500
Processed step 100 of 500
Processed step 110 of 500
Processed step 120 of 500
Processed step 130 of 500
Processed step 140 of 500
Processed step 150 of 500
Processed step 160 of 500
Processed step 170 of 500
Processed step 180 of 500
Processed step 190 of 500
Processed step 200 of 500
Processed step 210 of 500
Processed step 220 of 500
Processed step 230 of 500
Processed step 240 of 500
Processed step 250 of 500
Processed step 260 of 500
Processed step 270 of 500
Processed step 280 of 500
Processed step 290 of 500
Processed step 300 of 500
Processed step 310 of 500
Processed step 320 of 500
Processed step 330 of 500
Processed step 340 of 500
Processed step 350 of 500
Processed step 360 of 500
Processed step 370 of 500
Processed step 380 of 500
Processed step 390 of 500
Processed step 400 of 500
Processed step 410 of 500
Processed step 420 of 500
Processed step 430 of 500
Processed step 440 of 500
Processed step 450 of 500
Processed step 460 of 500
Processed step 470 of 500
Processed step 480 of 500
Processed step 490 of 500
[2026-10-10 08:31:13,560][agent.finetune.train_ppo_diffusion_agent][INFO] - approx_kl: 0.0, update_epoch: 0, num_batch: 4
[2026-10-10 08:31:15,266][agent.finetune.train_ppo_diffusion_agent][INFO] - approx_kl: 0.0, update_epoch: 0, num_batch: 4
[2026-10-10 08:31:17,082][agent.finetune.train_ppo_diffusion_agent][INFO] - approx_kl: 0.0, update_epoch: 0, num_batch: 4
[2026-10-10 08:31:18,700][agent.finetune.train_ppo_diffusion_agent][INFO] - approx_kl: 0.0, update_epoch: 0, num_batch: 4
[2026-10-10 08:31:20,425][agent.finetune.train_ppo_diffusion_agent][INFO] - approx_kl: 0.0, update_epoch: 1, num_batch: 4
[2026-10-10 08:31:22,229][agent.finetune.train_ppo_diffusion_agent][INFO] - approx_kl: 0.0, update_epoch: 1, num_batch: 4
[2026-10-10 08:31:23,875][agent.finetune.train_ppo_diffusion_agent][INFO] - approx_kl: 0.0, update_epoch: 1, num_batch: 4
[2026-10-10 08:31:25,612][agent.finetune.train_ppo_diffusion_agent][INFO] - approx_kl: 0.0, update_epoch: 1, num_batch: 4
[2026-10-10 08:31:27,352][agent.finetune.train_ppo_diffusion_agent][INFO] - approx_kl: 0.0, update_epoch: 2, num_batch: 4
[2026-10-10 08:31:29,168][agent.finetune.train_ppo_diffusion_agent][INFO] - approx_kl: 0.0, update_epoch: 2, num_batch: 4
[2026-10-10 08:31:30,828][agent.finetune.train_ppo_diffusion_agent][INFO] - approx_kl: 0.0, update_epoch: 2, num_batch: 4
[2026-10-10 08:31:32,532][agent.finetune.train_ppo_diffusion_agent][INFO] - approx_kl: 0.0, update_epoch: 2, num_batch: 4
[2026-10-10 08:31:34,257][agent.finetune.train_ppo_diffusion_agent][INFO] - approx_kl: 0.0, update_epoch: 3, num_batch: 4
[2026-10-10 08:31:36,073][agent.finetune.train_ppo_diffusion_agent][INFO] - approx_kl: 0.0, update_epoch: 3, num_batch: 4
[2026-10-10 08:31:37,710][agent.finetune.train_ppo_diffusion_agent][INFO] - approx_kl: 0.0, update_epoch: 3, num_batch: 4
[2026-10-10 08:31:39,404][agent.finetune.train_ppo_diffusion_agent][INFO] - approx_kl: 0.0, update_epoch: 3, num_batch: 4
[2026-10-10 08:31:41,142][agent.finetune.train_ppo_diffusion_agent][INFO] - approx_kl: 0.0, update_epoch: 4, num_batch: 4
[2026-10-10 08:31:42,941][agent.finetune.train_ppo_diffusion_agent][INFO] - approx_kl: 0.0, update_epoch: 4, num_batch: 4
[2026-10-10 08:31:44,578][agent.finetune.train_ppo_diffusion_agent][INFO] - approx_kl: 0.0, update_epoch: 4, num_batch: 4
[2026-10-10 08:31:46,290][agent.finetune.train_ppo_diffusion_agent][INFO] - approx_kl: 0.0, update_epoch: 4, num_batch: 4
[2026-10-10 08:31:53,191][agent.finetune.train_ppo_diffusion_agent][INFO] - 34: step  2480000 | loss  -0.2866 | pg loss  -0.3392 | value loss   0.1052 | bc loss   0.0000 | reward 3859.8065 | eta   1.0000 | t: 54.5453 | kl_true_per_action=0.011406660766470034 | logratio_p99=0.16520785212516728 | clamp_hit_frac=0.0007541666666666667 | actor_step_ratio=1.0 | actor_step_clipfrac=0.0
[2026-10-10 08:31:53,191][agent.finetune.stage3_support][INFO] - STAGE3_METRICS {"J_disc_train": 1364.5464756973684, "J_disc_train_se": 26.468771861626106, "action_oor_frac": 0.15685, "adv_raw_mean": -1.5643308870494366e-14, "adv_raw_std": 282.174882261206, "diagnostics_seconds": 0.11617127154022455, "episode_count": 80, "explained_var": 0.5701811909675598, "explained_var_reason": null, "grad_cos_prev": 0.08910920638273871, "grad_cos_prev_reason": null, "grad_norm": 26.158543349102317, "policy_action_oor_frac": 0.156875, "proj_active": false, "reward_clip_frac": 0.0, "rollout_seconds": 12.970250640064478, "split_diff_sq": 2372.4954814189114, "split_dot": 91.14552104422442, "theta_dist": 0.04534171681207412, "theta_dist_preproj": 0.04534171681207412, "update_norm": 0.009501232672431813, "update_seconds": 41.45317034982145, "x0_sat_frac_last": 0.06573839662447258, "x0_sat_frac_mean": 0.07446419472668073}
Processed step 0 of 500
Processed step 10 of 500
Processed step 20 of 500
Processed step 30 of 500
Processed step 40 of 500
Processed step 50 of 500
Processed step 60 of 500
Processed step 70 of 500
Processed step 80 of 500
Processed step 90 of 500
Processed step 100 of 500
Processed step 110 of 500
Processed step 120 of 500
Processed step 130 of 500
Processed step 140 of 500
Processed step 150 of 500
Processed step 160 of 500
Processed step 170 of 500
Processed step 180 of 500
Processed step 190 of 500
Processed step 200 of 500
Processed step 210 of 500
Processed step 220 of 500
Processed step 230 of 500
Processed step 240 of 500
Processed step 250 of 500
Processed step 260 of 500
Processed step 270 of 500
Processed step 280 of 500
Processed step 290 of 500
Processed step 300 of 500
Processed step 310 of 500
Processed step 320 of 500
Processed step 330 of 500
Processed step 340 of 500
Processed step 350 of 500
Processed step 360 of 500
Processed step 370 of 500
Processed step 380 of 500
Processed step 390 of 500
Processed step 400 of 500
Processed step 410 of 500
Processed step 420 of 500
Processed step 430 of 500
Processed step 440 of 500
Processed step 450 of 500
Processed step 460 of 500
Processed step 470 of 500
Processed step 480 of 500
Processed step 490 of 500
[2026-10-10 08:32:07,190][agent.finetune.train_ppo_diffusion_agent][INFO] - approx_kl: 0.0, update_epoch: 0, num_batch: 4
[2026-10-10 08:32:09,013][agent.finetune.train_ppo_diffusion_agent][INFO] - approx_kl: 0.0, update_epoch: 0, num_batch: 4
[2026-10-10 08:32:10,628][agent.finetune.train_ppo_diffusion_agent][INFO] - approx_kl: 0.0, update_epoch: 0, num_batch: 4
[2026-10-10 08:32:12,331][agent.finetune.train_ppo_diffusion_agent][INFO] - approx_kl: 0.0, update_epoch: 0, num_batch: 4
[2026-10-10 08:32:14,085][agent.finetune.train_ppo_diffusion_agent][INFO] - approx_kl: 0.0, update_epoch: 1, num_batch: 4
[2026-10-10 08:32:15,884][agent.finetune.train_ppo_diffusion_agent][INFO] - approx_kl: 0.0, update_epoch: 1, num_batch: 4
[2026-10-10 08:32:17,506][agent.finetune.train_ppo_diffusion_agent][INFO] - approx_kl: 0.0, update_epoch: 1, num_batch: 4
[2026-10-10 08:32:19,220][agent.finetune.train_ppo_diffusion_agent][INFO] - approx_kl: 0.0, update_epoch: 1, num_batch: 4
[2026-10-10 08:32:20,940][agent.finetune.train_ppo_diffusion_agent][INFO] - approx_kl: 0.0, update_epoch: 2, num_batch: 4
[2026-10-10 08:32:22,749][agent.finetune.train_ppo_diffusion_agent][INFO] - approx_kl: 0.0, update_epoch: 2, num_batch: 4
[2026-10-10 08:32:24,358][agent.finetune.train_ppo_diffusion_agent][INFO] - approx_kl: 0.0, update_epoch: 2, num_batch: 4
[2026-10-10 08:32:26,051][agent.finetune.train_ppo_diffusion_agent][INFO] - approx_kl: 0.0, update_epoch: 2, num_batch: 4
[2026-10-10 08:32:27,765][agent.finetune.train_ppo_diffusion_agent][INFO] - approx_kl: 0.0, update_epoch: 3, num_batch: 4
[2026-10-10 08:32:29,583][agent.finetune.train_ppo_diffusion_agent][INFO] - approx_kl: 0.0, update_epoch: 3, num_batch: 4
[2026-10-10 08:32:31,213][agent.finetune.train_ppo_diffusion_agent][INFO] - approx_kl: 0.0, update_epoch: 3, num_batch: 4
[2026-10-10 08:32:32,910][agent.finetune.train_ppo_diffusion_agent][INFO] - approx_kl: 0.0, update_epoch: 3, num_batch: 4
[2026-10-10 08:32:34,626][agent.finetune.train_ppo_diffusion_agent][INFO] - approx_kl: 0.0, update_epoch: 4, num_batch: 4
[2026-10-10 08:32:36,432][agent.finetune.train_ppo_diffusion_agent][INFO] - approx_kl: 0.0, update_epoch: 4, num_batch: 4
[2026-10-10 08:32:38,064][agent.finetune.train_ppo_diffusion_agent][INFO] - approx_kl: 0.0, update_epoch: 4, num_batch: 4
[2026-10-10 08:32:39,756][agent.finetune.train_ppo_diffusion_agent][INFO] - approx_kl: 0.0, update_epoch: 4, num_batch: 4
[2026-10-10 08:32:46,618][agent.finetune.train_agent][INFO] - Saved model to /soalnas/share/data/zbao7/diffusion_policy/results/stage3/SGD3_seed0/checkpoint/state_35.pt
[2026-10-10 08:32:46,619][agent.finetune.train_ppo_diffusion_agent][INFO] - 35: step  2560000 | loss  -0.1375 | pg loss  -0.1897 | value loss   0.1044 | bc loss   0.0000 | reward 4031.6203 | eta   1.0000 | t: 53.4280 | kl_true_per_action=0.0028908591565915704 | logratio_p99=0.08419177412986754 | clamp_hit_frac=0.00079375 | actor_step_ratio=1.0 | actor_step_clipfrac=0.0
[2026-10-10 08:32:46,619][agent.finetune.stage3_support][INFO] - STAGE3_METRICS {"J_disc_train": 1435.1228094392766, "J_disc_train_se": 18.03591956648992, "action_oor_frac": 0.1587625, "adv_raw_mean": -2.510205376893282e-14, "adv_raw_std": 201.1191089243809, "diagnostics_seconds": 0.11208545695990324, "episode_count": 80, "explained_var": 0.3725168704986572, "explained_var_reason": null, "grad_cos_prev": -0.031168379458633624, "grad_cos_prev_reason": null, "grad_norm": 16.479956515889285, "policy_action_oor_frac": 0.15879166666666666, "proj_active": false, "reward_clip_frac": 0.0, "rollout_seconds": 12.070330270566046, "split_diff_sq": 1167.237405271492, "split_dot": -20.22038642908542, "theta_dist": 0.04561924594229749, "theta_dist_preproj": 0.04561924594229749, "update_norm": 0.005985814577607807, "update_seconds": 41.22311203274876, "x0_sat_frac_last": 0.05620681145113524, "x0_sat_frac_mean": 0.07724503837269373}
Processed step 0 of 500
Processed step 10 of 500
Processed step 20 of 500
Processed step 30 of 500
Processed step 40 of 500
Processed step 50 of 500
Processed step 60 of 500
Processed step 70 of 500
Processed step 80 of 500
Processed step 90 of 500
Processed step 100 of 500
Processed step 110 of 500
Processed step 120 of 500
Processed step 130 of 500
Processed step 140 of 500
Processed step 150 of 500
Processed step 160 of 500
Processed step 170 of 500
Processed step 180 of 500
Processed step 190 of 500
Processed step 200 of 500
Processed step 210 of 500
Processed step 220 of 500
Processed step 230 of 500
Processed step 240 of 500
Processed step 250 of 500
Processed step 260 of 500
Processed step 270 of 500
Processed step 280 of 500
Processed step 290 of 500
Processed step 300 of 500
Processed step 310 of 500
Processed step 320 of 500
Processed step 330 of 500
Processed step 340 of 500
Processed step 350 of 500
Processed step 360 of 500
Processed step 370 of 500
Processed step 380 of 500
Processed step 390 of 500
Processed step 400 of 500
Processed step 410 of 500
Processed step 420 of 500
Processed step 430 of 500
Processed step 440 of 500
Processed step 450 of 500
Processed step 460 of 500
Processed step 470 of 500
Processed step 480 of 500
Processed step 490 of 500
[2026-10-10 08:33:00,594][agent.finetune.train_ppo_diffusion_agent][INFO] - approx_kl: 0.0, update_epoch: 0, num_batch: 4
[2026-10-10 08:33:02,422][agent.finetune.train_ppo_diffusion_agent][INFO] - approx_kl: 0.0, update_epoch: 0, num_batch: 4
[2026-10-10 08:33:04,096][agent.finetune.train_ppo_diffusion_agent][INFO] - approx_kl: 0.0, update_epoch: 0, num_batch: 4
[2026-10-10 08:33:05,842][agent.finetune.train_ppo_diffusion_agent][INFO] - approx_kl: 0.0, update_epoch: 0, num_batch: 4
[2026-10-10 08:33:07,607][agent.finetune.train_ppo_diffusion_agent][INFO] - approx_kl: 0.0, update_epoch: 1, num_batch: 4
[2026-10-10 08:33:09,461][agent.finetune.train_ppo_diffusion_agent][INFO] - approx_kl: 0.0, update_epoch: 1, num_batch: 4
[2026-10-10 08:33:11,087][agent.finetune.train_ppo_diffusion_agent][INFO] - approx_kl: 0.0, update_epoch: 1, num_batch: 4
[2026-10-10 08:33:12,878][agent.finetune.train_ppo_diffusion_agent][INFO] - approx_kl: 0.0, update_epoch: 1, num_batch: 4
[2026-10-10 08:33:14,611][agent.finetune.train_ppo_diffusion_agent][INFO] - approx_kl: 0.0, update_epoch: 2, num_batch: 4
[2026-10-10 08:33:16,418][agent.finetune.train_ppo_diffusion_agent][INFO] - approx_kl: 0.0, update_epoch: 2, num_batch: 4
[2026-10-10 08:33:18,058][agent.finetune.train_ppo_diffusion_agent][INFO] - approx_kl: 0.0, update_epoch: 2, num_batch: 4
[2026-10-10 08:33:19,787][agent.finetune.train_ppo_diffusion_agent][INFO] - approx_kl: 0.0, update_epoch: 2, num_batch: 4
[2026-10-10 08:33:21,533][agent.finetune.train_ppo_diffusion_agent][INFO] - approx_kl: 0.0, update_epoch: 3, num_batch: 4
[2026-10-10 08:33:23,355][agent.finetune.train_ppo_diffusion_agent][INFO] - approx_kl: 0.0, update_epoch: 3, num_batch: 4
[2026-10-10 08:33:24,980][agent.finetune.train_ppo_diffusion_agent][INFO] - approx_kl: 0.0, update_epoch: 3, num_batch: 4
[2026-10-10 08:33:26,708][agent.finetune.train_ppo_diffusion_agent][INFO] - approx_kl: 0.0, update_epoch: 3, num_batch: 4
[2026-10-10 08:33:28,422][agent.finetune.train_ppo_diffusion_agent][INFO] - approx_kl: 0.0, update_epoch: 4, num_batch: 4
[2026-10-10 08:33:30,239][agent.finetune.train_ppo_diffusion_agent][INFO] - approx_kl: 0.0, update_epoch: 4, num_batch: 4
[2026-10-10 08:33:31,872][agent.finetune.train_ppo_diffusion_agent][INFO] - approx_kl: 0.0, update_epoch: 4, num_batch: 4
[2026-10-10 08:33:33,587][agent.finetune.train_ppo_diffusion_agent][INFO] - approx_kl: 0.0, update_epoch: 4, num_batch: 4
[2026-10-10 08:33:40,527][agent.finetune.train_ppo_diffusion_agent][INFO] - 36: step  2640000 | loss   0.4116 | pg loss   0.3585 | value loss   0.1063 | bc loss   0.0000 | reward 4009.6075 | eta   1.0000 | t: 53.9085 | kl_true_per_action=0.00206782559078538 | logratio_p99=0.06294623970985398 | clamp_hit_frac=0.0008270833333333333 | actor_step_ratio=1.0 | actor_step_clipfrac=0.0
[2026-10-10 08:33:40,527][agent.finetune.stage3_support][INFO] - STAGE3_METRICS {"J_disc_train": 1430.5208931758023, "J_disc_train_se": 18.70882086642841, "action_oor_frac": 0.15966041666666667, "adv_raw_mean": -8.003553375601769e-15, "adv_raw_std": 217.15487559032357, "diagnostics_seconds": 0.11393008008599281, "episode_count": 80, "explained_var": 0.4373542070388794, "explained_var_reason": null, "grad_cos_prev": 0.055409348352422214, "grad_cos_prev_reason": null, "grad_norm": 17.52795565345617, "policy_action_oor_frac": 0.15969166666666668, "proj_active": false, "reward_clip_frac": 0.0, "rollout_seconds": 12.050041767768562, "split_diff_sq": 1153.9963622202158, "split_dot": 18.730143776762777, "theta_dist": 0.045448569258468345, "theta_dist_preproj": 0.045448569258468345, "update_norm": 0.006366460874442819, "update_seconds": 41.741785305552185, "x0_sat_frac_last": 0.06297821024617432, "x0_sat_frac_mean": 0.0781947449471888}
Processed step 0 of 500
Processed step 10 of 500
Processed step 20 of 500
Processed step 30 of 500
Processed step 40 of 500
Processed step 50 of 500
Processed step 60 of 500
Processed step 70 of 500
Processed step 80 of 500
Processed step 90 of 500
Processed step 100 of 500
Processed step 110 of 500
Processed step 120 of 500
Processed step 130 of 500
Processed step 140 of 500
Processed step 150 of 500
Processed step 160 of 500
Processed step 170 of 500
Processed step 180 of 500
Processed step 190 of 500
Processed step 200 of 500
Processed step 210 of 500
Processed step 220 of 500
Processed step 230 of 500
Processed step 240 of 500
Processed step 250 of 500
Processed step 260 of 500
Processed step 270 of 500
Processed step 280 of 500
Processed step 290 of 500
Processed step 300 of 500
Processed step 310 of 500
Processed step 320 of 500
Processed step 330 of 500
Processed step 340 of 500
Processed step 350 of 500
Processed step 360 of 500
Processed step 370 of 500
Processed step 380 of 500
Processed step 390 of 500
Processed step 400 of 500
Processed step 410 of 500
Processed step 420 of 500
Processed step 430 of 500
Processed step 440 of 500
Processed step 450 of 500
Processed step 460 of 500
Processed step 470 of 500
Processed step 480 of 500
Processed step 490 of 500
[2026-10-10 08:33:55,937][agent.finetune.train_ppo_diffusion_agent][INFO] - approx_kl: 0.0, update_epoch: 0, num_batch: 4
[2026-10-10 08:33:57,845][agent.finetune.train_ppo_diffusion_agent][INFO] - approx_kl: 0.0, update_epoch: 0, num_batch: 4
[2026-10-10 08:33:59,494][agent.finetune.train_ppo_diffusion_agent][INFO] - approx_kl: 0.0, update_epoch: 0, num_batch: 4
[2026-10-10 08:34:01,272][agent.finetune.train_ppo_diffusion_agent][INFO] - approx_kl: 0.0, update_epoch: 0, num_batch: 4
[2026-10-10 08:34:03,003][agent.finetune.train_ppo_diffusion_agent][INFO] - approx_kl: 0.0, update_epoch: 1, num_batch: 4
[2026-10-10 08:34:04,860][agent.finetune.train_ppo_diffusion_agent][INFO] - approx_kl: 0.0, update_epoch: 1, num_batch: 4
[2026-10-10 08:34:06,487][agent.finetune.train_ppo_diffusion_agent][INFO] - approx_kl: 0.0, update_epoch: 1, num_batch: 4
[2026-10-10 08:34:08,248][agent.finetune.train_ppo_diffusion_agent][INFO] - approx_kl: 0.0, update_epoch: 1, num_batch: 4
[2026-10-10 08:34:09,970][agent.finetune.train_ppo_diffusion_agent][INFO] - approx_kl: 0.0, update_epoch: 2, num_batch: 4
[2026-10-10 08:34:11,808][agent.finetune.train_ppo_diffusion_agent][INFO] - approx_kl: 0.0, update_epoch: 2, num_batch: 4
[2026-10-10 08:34:13,464][agent.finetune.train_ppo_diffusion_agent][INFO] - approx_kl: 0.0, update_epoch: 2, num_batch: 4
[2026-10-10 08:34:15,206][agent.finetune.train_ppo_diffusion_agent][INFO] - approx_kl: 0.0, update_epoch: 2, num_batch: 4
[2026-10-10 08:34:16,942][agent.finetune.train_ppo_diffusion_agent][INFO] - approx_kl: 0.0, update_epoch: 3, num_batch: 4
[2026-10-10 08:34:18,800][agent.finetune.train_ppo_diffusion_agent][INFO] - approx_kl: 0.0, update_epoch: 3, num_batch: 4
[2026-10-10 08:34:20,439][agent.finetune.train_ppo_diffusion_agent][INFO] - approx_kl: 0.0, update_epoch: 3, num_batch: 4
[2026-10-10 08:34:22,231][agent.finetune.train_ppo_diffusion_agent][INFO] - approx_kl: 0.0, update_epoch: 3, num_batch: 4
[2026-10-10 08:34:23,967][agent.finetune.train_ppo_diffusion_agent][INFO] - approx_kl: 0.0, update_epoch: 4, num_batch: 4
[2026-10-10 08:34:25,777][agent.finetune.train_ppo_diffusion_agent][INFO] - approx_kl: 0.0, update_epoch: 4, num_batch: 4
[2026-10-10 08:34:27,401][agent.finetune.train_ppo_diffusion_agent][INFO] - approx_kl: 0.0, update_epoch: 4, num_batch: 4
[2026-10-10 08:34:29,004][agent.finetune.train_ppo_diffusion_agent][INFO] - approx_kl: 0.0, update_epoch: 4, num_batch: 4
[2026-10-10 08:34:35,322][agent.finetune.train_ppo_diffusion_agent][INFO] - 37: step  2720000 | loss   0.8544 | pg loss   0.8031 | value loss   0.1025 | bc loss   0.0000 | reward 4003.3908 | eta   1.0000 | t: 54.7944 | kl_true_per_action=0.0016603600438082127 | logratio_p99=0.0602149486541747 | clamp_hit_frac=0.0007895833333333333 | actor_step_ratio=1.0 | actor_step_clipfrac=0.0
[2026-10-10 08:34:35,322][agent.finetune.stage3_support][INFO] - STAGE3_METRICS {"J_disc_train": 1408.0532372258845, "J_disc_train_se": 16.305534873174267, "action_oor_frac": 0.16216666666666665, "adv_raw_mean": 1.000444171950221e-14, "adv_raw_std": 174.3717611753129, "diagnostics_seconds": 0.11269851587712765, "episode_count": 80, "explained_var": 0.310882031917572, "explained_var_reason": null, "grad_cos_prev": -0.04911015867635361, "grad_cos_prev_reason": null, "grad_norm": 14.414021504744518, "policy_action_oor_frac": 0.1621875, "proj_active": false, "reward_clip_frac": 0.0, "rollout_seconds": 13.429087477736175, "split_diff_sq": 797.0211371365195, "split_dot": 8.508732988901983, "theta_dist": 0.045996685330768027, "theta_dist_preproj": 0.045996685330768027, "update_norm": 0.005235422557898698, "update_seconds": 41.24811347108334, "x0_sat_frac_last": 0.06595130522088354, "x0_sat_frac_mean": 0.07803890870792754}
Processed step 0 of 500
Processed step 10 of 500
Processed step 20 of 500
Processed step 30 of 500
Processed step 40 of 500
Processed step 50 of 500
Processed step 60 of 500
Processed step 70 of 500
Processed step 80 of 500
Processed step 90 of 500
Processed step 100 of 500
Processed step 110 of 500
Processed step 120 of 500
Processed step 130 of 500
Processed step 140 of 500
Processed step 150 of 500
Processed step 160 of 500
Processed step 170 of 500
Processed step 180 of 500
Processed step 190 of 500
Processed step 200 of 500
Processed step 210 of 500
Processed step 220 of 500
Processed step 230 of 500
Processed step 240 of 500
Processed step 250 of 500
Processed step 260 of 500
Processed step 270 of 500
Processed step 280 of 500
Processed step 290 of 500
Processed step 300 of 500
Processed step 310 of 500
Processed step 320 of 500
Processed step 330 of 500
Processed step 340 of 500
Processed step 350 of 500
Processed step 360 of 500
Processed step 370 of 500
Processed step 380 of 500
Processed step 390 of 500
Processed step 400 of 500
Processed step 410 of 500
Processed step 420 of 500
Processed step 430 of 500
Processed step 440 of 500
Processed step 450 of 500
Processed step 460 of 500
Processed step 470 of 500
Processed step 480 of 500
Processed step 490 of 500
[2026-10-10 08:34:50,653][agent.finetune.train_ppo_diffusion_agent][INFO] - approx_kl: 0.0, update_epoch: 0, num_batch: 4
[2026-10-10 08:34:52,452][agent.finetune.train_ppo_diffusion_agent][INFO] - approx_kl: 0.0, update_epoch: 0, num_batch: 4
[2026-10-10 08:34:54,340][agent.finetune.train_ppo_diffusion_agent][INFO] - approx_kl: 0.0, update_epoch: 0, num_batch: 4
[2026-10-10 08:34:56,224][agent.finetune.train_ppo_diffusion_agent][INFO] - approx_kl: 0.0, update_epoch: 0, num_batch: 4
[2026-10-10 08:34:58,217][agent.finetune.train_ppo_diffusion_agent][INFO] - approx_kl: 0.0, update_epoch: 1, num_batch: 4
[2026-10-10 08:34:59,971][agent.finetune.train_ppo_diffusion_agent][INFO] - approx_kl: 0.0, update_epoch: 1, num_batch: 4
[2026-10-10 08:35:01,846][agent.finetune.train_ppo_diffusion_agent][INFO] - approx_kl: 0.0, update_epoch: 1, num_batch: 4
[2026-10-10 08:35:03,702][agent.finetune.train_ppo_diffusion_agent][INFO] - approx_kl: 0.0, update_epoch: 1, num_batch: 4
[2026-10-10 08:35:05,686][agent.finetune.train_ppo_diffusion_agent][INFO] - approx_kl: 0.0, update_epoch: 2, num_batch: 4
[2026-10-10 08:35:07,439][agent.finetune.train_ppo_diffusion_agent][INFO] - approx_kl: 0.0, update_epoch: 2, num_batch: 4
[2026-10-10 08:35:09,303][agent.finetune.train_ppo_diffusion_agent][INFO] - approx_kl: 0.0, update_epoch: 2, num_batch: 4
[2026-10-10 08:35:11,173][agent.finetune.train_ppo_diffusion_agent][INFO] - approx_kl: 0.0, update_epoch: 2, num_batch: 4
[2026-10-10 08:35:13,126][agent.finetune.train_ppo_diffusion_agent][INFO] - approx_kl: 0.0, update_epoch: 3, num_batch: 4
[2026-10-10 08:35:14,894][agent.finetune.train_ppo_diffusion_agent][INFO] - approx_kl: 0.0, update_epoch: 3, num_batch: 4
[2026-10-10 08:35:16,771][agent.finetune.train_ppo_diffusion_agent][INFO] - approx_kl: 0.0, update_epoch: 3, num_batch: 4
[2026-10-10 08:35:18,614][agent.finetune.train_ppo_diffusion_agent][INFO] - approx_kl: 0.0, update_epoch: 3, num_batch: 4
[2026-10-10 08:35:20,559][agent.finetune.train_ppo_diffusion_agent][INFO] - approx_kl: 0.0, update_epoch: 4, num_batch: 4
[2026-10-10 08:35:22,314][agent.finetune.train_ppo_diffusion_agent][INFO] - approx_kl: 0.0, update_epoch: 4, num_batch: 4
[2026-10-10 08:35:24,159][agent.finetune.train_ppo_diffusion_agent][INFO] - approx_kl: 0.0, update_epoch: 4, num_batch: 4
[2026-10-10 08:35:26,010][agent.finetune.train_ppo_diffusion_agent][INFO] - approx_kl: 0.0, update_epoch: 4, num_batch: 4
[2026-10-10 08:35:33,526][agent.finetune.train_ppo_diffusion_agent][INFO] - 38: step  2800000 | loss   0.0290 | pg loss  -0.0236 | value loss   0.1052 | bc loss   0.0000 | reward 3967.8444 | eta   1.0000 | t: 58.2046 | kl_true_per_action=0.0012696022376532535 | logratio_p99=0.04777420997619619 | clamp_hit_frac=0.0007666666666666667 | actor_step_ratio=1.0 | actor_step_clipfrac=0.0
[2026-10-10 08:35:33,527][agent.finetune.stage3_support][INFO] - STAGE3_METRICS {"J_disc_train": 1406.1133221386292, "J_disc_train_se": 16.81772940541925, "action_oor_frac": 0.16239375, "adv_raw_mean": -1.3096723705530166e-14, "adv_raw_std": 206.98637662046875, "diagnostics_seconds": 0.13277827948331833, "episode_count": 80, "explained_var": 0.31957685947418213, "explained_var_reason": null, "grad_cos_prev": -0.030452017991619954, "grad_cos_prev_reason": null, "grad_norm": 16.000001826932436, "policy_action_oor_frac": 0.16241875, "proj_active": false, "reward_clip_frac": 0.0, "rollout_seconds": 12.66418426297605, "split_diff_sq": 1018.6187147677872, "split_dot": 1.3453930550634476, "theta_dist": 0.046290976515446954, "theta_dist_preproj": 0.046290976515446954, "update_norm": 0.005811480039663772, "update_seconds": 45.403452314436436, "x0_sat_frac_last": 0.06984442237669646, "x0_sat_frac_mean": 0.07890961331839935}
Processed step 0 of 500
Processed step 10 of 500
Processed step 20 of 500
Processed step 30 of 500
Processed step 40 of 500
Processed step 50 of 500
Processed step 60 of 500
Processed step 70 of 500
Processed step 80 of 500
Processed step 90 of 500
Processed step 100 of 500
Processed step 110 of 500
Processed step 120 of 500
Processed step 130 of 500
Processed step 140 of 500
Processed step 150 of 500
Processed step 160 of 500
Processed step 170 of 500
Processed step 180 of 500
Processed step 190 of 500
Processed step 200 of 500
Processed step 210 of 500
Processed step 220 of 500
Processed step 230 of 500
Processed step 240 of 500
Processed step 250 of 500
Processed step 260 of 500
Processed step 270 of 500
Processed step 280 of 500
Processed step 290 of 500
Processed step 300 of 500
Processed step 310 of 500
Processed step 320 of 500
Processed step 330 of 500
Processed step 340 of 500
Processed step 350 of 500
Processed step 360 of 500
Processed step 370 of 500
Processed step 380 of 500
Processed step 390 of 500
Processed step 400 of 500
Processed step 410 of 500
Processed step 420 of 500
Processed step 430 of 500
Processed step 440 of 500
Processed step 450 of 500
Processed step 460 of 500
Processed step 470 of 500
Processed step 480 of 500
Processed step 490 of 500
[2026-10-10 08:35:47,855][agent.finetune.train_ppo_diffusion_agent][INFO] - approx_kl: 0.0, update_epoch: 0, num_batch: 4
[2026-10-10 08:35:49,501][agent.finetune.train_ppo_diffusion_agent][INFO] - approx_kl: 0.0, update_epoch: 0, num_batch: 4
[2026-10-10 08:35:51,430][agent.finetune.train_ppo_diffusion_agent][INFO] - approx_kl: 0.0, update_epoch: 0, num_batch: 4
[2026-10-10 08:35:53,474][agent.finetune.train_ppo_diffusion_agent][INFO] - approx_kl: 0.0, update_epoch: 0, num_batch: 4
[2026-10-10 08:35:55,374][agent.finetune.train_ppo_diffusion_agent][INFO] - approx_kl: 0.0, update_epoch: 1, num_batch: 4
[2026-10-10 08:35:57,040][agent.finetune.train_ppo_diffusion_agent][INFO] - approx_kl: 0.0, update_epoch: 1, num_batch: 4
[2026-10-10 08:35:58,789][agent.finetune.train_ppo_diffusion_agent][INFO] - approx_kl: 0.0, update_epoch: 1, num_batch: 4
[2026-10-10 08:36:00,533][agent.finetune.train_ppo_diffusion_agent][INFO] - approx_kl: 0.0, update_epoch: 1, num_batch: 4
[2026-10-10 08:36:02,352][agent.finetune.train_ppo_diffusion_agent][INFO] - approx_kl: 0.0, update_epoch: 2, num_batch: 4
[2026-10-10 08:36:04,015][agent.finetune.train_ppo_diffusion_agent][INFO] - approx_kl: 0.0, update_epoch: 2, num_batch: 4
[2026-10-10 08:36:05,743][agent.finetune.train_ppo_diffusion_agent][INFO] - approx_kl: 0.0, update_epoch: 2, num_batch: 4
[2026-10-10 08:36:07,478][agent.finetune.train_ppo_diffusion_agent][INFO] - approx_kl: 0.0, update_epoch: 2, num_batch: 4
[2026-10-10 08:36:09,317][agent.finetune.train_ppo_diffusion_agent][INFO] - approx_kl: 0.0, update_epoch: 3, num_batch: 4
[2026-10-10 08:36:10,952][agent.finetune.train_ppo_diffusion_agent][INFO] - approx_kl: 0.0, update_epoch: 3, num_batch: 4
[2026-10-10 08:36:12,693][agent.finetune.train_ppo_diffusion_agent][INFO] - approx_kl: 0.0, update_epoch: 3, num_batch: 4
[2026-10-10 08:36:14,441][agent.finetune.train_ppo_diffusion_agent][INFO] - approx_kl: 0.0, update_epoch: 3, num_batch: 4
[2026-10-10 08:36:16,275][agent.finetune.train_ppo_diffusion_agent][INFO] - approx_kl: 0.0, update_epoch: 4, num_batch: 4
[2026-10-10 08:36:17,915][agent.finetune.train_ppo_diffusion_agent][INFO] - approx_kl: 0.0, update_epoch: 4, num_batch: 4
[2026-10-10 08:36:19,638][agent.finetune.train_ppo_diffusion_agent][INFO] - approx_kl: 0.0, update_epoch: 4, num_batch: 4
[2026-10-10 08:36:21,389][agent.finetune.train_ppo_diffusion_agent][INFO] - approx_kl: 0.0, update_epoch: 4, num_batch: 4
[2026-10-10 08:36:28,337][agent.finetune.train_ppo_diffusion_agent][INFO] - 39: step  2880000 | loss  -0.4742 | pg loss  -0.5275 | value loss   0.1067 | bc loss   0.0000 | reward 4098.7100 | eta   1.0000 | t: 54.8107 | kl_true_per_action=0.0015330879246310222 | logratio_p99=0.05969745755195613 | clamp_hit_frac=0.0008104166666666666 | actor_step_ratio=1.0 | actor_step_clipfrac=0.0
[2026-10-10 08:36:28,337][agent.finetune.stage3_support][INFO] - STAGE3_METRICS {"J_disc_train": 1440.3364733106582, "J_disc_train_se": 12.894541175617174, "action_oor_frac": 0.1651875, "adv_raw_mean": 1.6461854102090002e-14, "adv_raw_std": 158.3558215929892, "diagnostics_seconds": 0.1207430949434638, "episode_count": 80, "explained_var": 0.20737236738204956, "explained_var_reason": null, "grad_cos_prev": -0.05169846292953447, "grad_cos_prev_reason": null, "grad_norm": 11.89298310823639, "policy_action_oor_frac": 0.16521041666666667, "proj_active": false, "reward_clip_frac": 0.0, "rollout_seconds": 12.215639180503786, "split_diff_sq": 547.8389683934386, "split_dot": 4.483303233004309, "theta_dist": 0.04663313381631719, "theta_dist_preproj": 0.04663313381631719, "update_norm": 0.004319733195967938, "update_seconds": 42.4702321421355, "x0_sat_frac_last": 0.07252850093585163, "x0_sat_frac_mean": 0.08123826146277355}
Processed step 0 of 500
Processed step 10 of 500
Processed step 20 of 500
Processed step 30 of 500
Processed step 40 of 500
Processed step 50 of 500
Processed step 60 of 500
Processed step 70 of 500
Processed step 80 of 500
Processed step 90 of 500
Processed step 100 of 500
Processed step 110 of 500
Processed step 120 of 500
Processed step 130 of 500
Processed step 140 of 500
Processed step 150 of 500
Processed step 160 of 500
Processed step 170 of 500
Processed step 180 of 500
Processed step 190 of 500
Processed step 200 of 500
Processed step 210 of 500
Processed step 220 of 500
Processed step 230 of 500
Processed step 240 of 500
Processed step 250 of 500
Processed step 260 of 500
Processed step 270 of 500
Processed step 280 of 500
Processed step 290 of 500
Processed step 300 of 500
Processed step 310 of 500
Processed step 320 of 500
Processed step 330 of 500
Processed step 340 of 500
Processed step 350 of 500
Processed step 360 of 500
Processed step 370 of 500
Processed step 380 of 500
Processed step 390 of 500
Processed step 400 of 500
Processed step 410 of 500
Processed step 420 of 500
Processed step 430 of 500
Processed step 440 of 500
Processed step 450 of 500
Processed step 460 of 500
Processed step 470 of 500
Processed step 480 of 500
Processed step 490 of 500
[2026-10-10 08:36:40,652][agent.finetune.train_ppo_diffusion_agent][INFO] - eval: success rate   1.0000 | avg episode reward 4388.4194 | avg best reward   6.5293
[2026-10-10 08:36:40,653][agent.finetune.stage3_support][INFO] - STAGE3_METRICS {"J_disc_eval": 1553.5455515931992, "J_disc_eval_se": 15.594542850419161, "action_oor_frac": 0.0, "diagnostics_seconds": 0.010085007175803185, "episode_count": 80, "policy_action_oor_frac": 0.0, "rollout_seconds": 12.30108760856092, "update_seconds": 0.0}
Processed step 0 of 500
Processed step 10 of 500
Processed step 20 of 500
Processed step 30 of 500
Processed step 40 of 500
Processed step 50 of 500
Processed step 60 of 500
Processed step 70 of 500
Processed step 80 of 500
Processed step 90 of 500
Processed step 100 of 500
Processed step 110 of 500
Processed step 120 of 500
Processed step 130 of 500
Processed step 140 of 500
Processed step 150 of 500
Processed step 160 of 500
Processed step 170 of 500
Processed step 180 of 500
Processed step 190 of 500
Processed step 200 of 500
Processed step 210 of 500
Processed step 220 of 500
Processed step 230 of 500
Processed step 240 of 500
Processed step 250 of 500
Processed step 260 of 500
Processed step 270 of 500
Processed step 280 of 500
Processed step 290 of 500
Processed step 300 of 500
Processed step 310 of 500
Processed step 320 of 500
Processed step 330 of 500
Processed step 340 of 500
Processed step 350 of 500
Processed step 360 of 500
Processed step 370 of 500
Processed step 380 of 500
Processed step 390 of 500
Processed step 400 of 500
Processed step 410 of 500
Processed step 420 of 500
Processed step 430 of 500
Processed step 440 of 500
Processed step 450 of 500
Processed step 460 of 500
Processed step 470 of 500
Processed step 480 of 500
Processed step 490 of 500
[2026-10-10 08:36:55,015][agent.finetune.train_ppo_diffusion_agent][INFO] - approx_kl: 0.0, update_epoch: 0, num_batch: 4
[2026-10-10 08:36:56,634][agent.finetune.train_ppo_diffusion_agent][INFO] - approx_kl: 0.0, update_epoch: 0, num_batch: 4
[2026-10-10 08:36:58,344][agent.finetune.train_ppo_diffusion_agent][INFO] - approx_kl: 0.0, update_epoch: 0, num_batch: 4
[2026-10-10 08:37:00,142][agent.finetune.train_ppo_diffusion_agent][INFO] - approx_kl: 0.0, update_epoch: 0, num_batch: 4
[2026-10-10 08:37:01,777][agent.finetune.train_ppo_diffusion_agent][INFO] - approx_kl: 0.0, update_epoch: 1, num_batch: 4
[2026-10-10 08:37:03,482][agent.finetune.train_ppo_diffusion_agent][INFO] - approx_kl: 0.0, update_epoch: 1, num_batch: 4
[2026-10-10 08:37:05,205][agent.finetune.train_ppo_diffusion_agent][INFO] - approx_kl: 0.0, update_epoch: 1, num_batch: 4
[2026-10-10 08:37:07,009][agent.finetune.train_ppo_diffusion_agent][INFO] - approx_kl: 0.0, update_epoch: 1, num_batch: 4
[2026-10-10 08:37:08,642][agent.finetune.train_ppo_diffusion_agent][INFO] - approx_kl: 0.0, update_epoch: 2, num_batch: 4
[2026-10-10 08:37:10,343][agent.finetune.train_ppo_diffusion_agent][INFO] - approx_kl: 0.0, update_epoch: 2, num_batch: 4
[2026-10-10 08:37:12,063][agent.finetune.train_ppo_diffusion_agent][INFO] - approx_kl: 0.0, update_epoch: 2, num_batch: 4
[2026-10-10 08:37:13,883][agent.finetune.train_ppo_diffusion_agent][INFO] - approx_kl: 0.0, update_epoch: 2, num_batch: 4
[2026-10-10 08:37:15,533][agent.finetune.train_ppo_diffusion_agent][INFO] - approx_kl: 0.0, update_epoch: 3, num_batch: 4
[2026-10-10 08:37:17,262][agent.finetune.train_ppo_diffusion_agent][INFO] - approx_kl: 0.0, update_epoch: 3, num_batch: 4
[2026-10-10 08:37:19,011][agent.finetune.train_ppo_diffusion_agent][INFO] - approx_kl: 0.0, update_epoch: 3, num_batch: 4
[2026-10-10 08:37:20,816][agent.finetune.train_ppo_diffusion_agent][INFO] - approx_kl: 0.0, update_epoch: 3, num_batch: 4
[2026-10-10 08:37:22,457][agent.finetune.train_ppo_diffusion_agent][INFO] - approx_kl: 0.0, update_epoch: 4, num_batch: 4
[2026-10-10 08:37:24,181][agent.finetune.train_ppo_diffusion_agent][INFO] - approx_kl: 0.0, update_epoch: 4, num_batch: 4
[2026-10-10 08:37:25,921][agent.finetune.train_ppo_diffusion_agent][INFO] - approx_kl: 0.0, update_epoch: 4, num_batch: 4
[2026-10-10 08:37:27,724][agent.finetune.train_ppo_diffusion_agent][INFO] - approx_kl: 0.0, update_epoch: 4, num_batch: 4
[2026-10-10 08:37:34,655][agent.finetune.train_ppo_diffusion_agent][INFO] - 41: step  2960000 | loss  -0.5175 | pg loss  -0.5690 | value loss   0.1029 | bc loss   0.0000 | reward 4049.6418 | eta   1.0000 | t: 54.0022 | kl_true_per_action=0.003848056125667754 | logratio_p99=0.10743261337280252 | clamp_hit_frac=0.0008083333333333333 | actor_step_ratio=1.0 | actor_step_clipfrac=0.0
[2026-10-10 08:37:34,655][agent.finetune.stage3_support][INFO] - STAGE3_METRICS {"J_disc_train": 1429.1542854945214, "J_disc_train_se": 16.663278486130363, "action_oor_frac": 0.16502291666666666, "adv_raw_mean": -3.019522409886122e-14, "adv_raw_std": 169.99302964662007, "diagnostics_seconds": 0.12019932456314564, "episode_count": 80, "explained_var": 0.18273794651031494, "explained_var_reason": null, "grad_cos_prev": -0.08098424363547975, "grad_cos_prev_reason": null, "grad_norm": 14.367719656672465, "policy_action_oor_frac": 0.16505, "proj_active": false, "reward_clip_frac": 0.0, "rollout_seconds": 12.27063458506018, "split_diff_sq": 766.7505203849798, "split_dot": 14.743733422560897, "theta_dist": 0.046526127797216786, "theta_dist_preproj": 0.046526127797216786, "update_norm": 0.0052186072660545, "update_seconds": 41.607515218667686, "x0_sat_frac_last": 0.075960901259112, "x0_sat_frac_mean": 0.08113639831583544}
Processed step 0 of 500
Processed step 10 of 500
Processed step 20 of 500
Processed step 30 of 500
Processed step 40 of 500
Processed step 50 of 500
Processed step 60 of 500
Processed step 70 of 500
Processed step 80 of 500
Processed step 90 of 500
Processed step 100 of 500
Processed step 110 of 500
Processed step 120 of 500
Processed step 130 of 500
Processed step 140 of 500
Processed step 150 of 500
Processed step 160 of 500
Processed step 170 of 500
Processed step 180 of 500
Processed step 190 of 500
Processed step 200 of 500
Processed step 210 of 500
Processed step 220 of 500
Processed step 230 of 500
Processed step 240 of 500
Processed step 250 of 500
Processed step 260 of 500
Processed step 270 of 500
Processed step 280 of 500
Processed step 290 of 500
Processed step 300 of 500
Processed step 310 of 500
Processed step 320 of 500
Processed step 330 of 500
Processed step 340 of 500
Processed step 350 of 500
Processed step 360 of 500
Processed step 370 of 500
Processed step 380 of 500
Processed step 390 of 500
Processed step 400 of 500
Processed step 410 of 500
Processed step 420 of 500
Processed step 430 of 500
Processed step 440 of 500
Processed step 450 of 500
Processed step 460 of 500
Processed step 470 of 500
Processed step 480 of 500
Processed step 490 of 500
[2026-10-10 08:37:48,702][agent.finetune.train_ppo_diffusion_agent][INFO] - approx_kl: 0.0, update_epoch: 0, num_batch: 4
[2026-10-10 08:37:50,453][agent.finetune.train_ppo_diffusion_agent][INFO] - approx_kl: 0.0, update_epoch: 0, num_batch: 4
[2026-10-10 08:37:52,156][agent.finetune.train_ppo_diffusion_agent][INFO] - approx_kl: 0.0, update_epoch: 0, num_batch: 4
[2026-10-10 08:37:53,960][agent.finetune.train_ppo_diffusion_agent][INFO] - approx_kl: 0.0, update_epoch: 0, num_batch: 4
[2026-10-10 08:37:55,581][agent.finetune.train_ppo_diffusion_agent][INFO] - approx_kl: 0.0, update_epoch: 1, num_batch: 4
[2026-10-10 08:37:57,287][agent.finetune.train_ppo_diffusion_agent][INFO] - approx_kl: 0.0, update_epoch: 1, num_batch: 4
[2026-10-10 08:37:59,056][agent.finetune.train_ppo_diffusion_agent][INFO] - approx_kl: 0.0, update_epoch: 1, num_batch: 4
[2026-10-10 08:38:00,918][agent.finetune.train_ppo_diffusion_agent][INFO] - approx_kl: 0.0, update_epoch: 1, num_batch: 4
[2026-10-10 08:38:02,559][agent.finetune.train_ppo_diffusion_agent][INFO] - approx_kl: 0.0, update_epoch: 2, num_batch: 4
[2026-10-10 08:38:04,278][agent.finetune.train_ppo_diffusion_agent][INFO] - approx_kl: 0.0, update_epoch: 2, num_batch: 4
[2026-10-10 08:38:06,003][agent.finetune.train_ppo_diffusion_agent][INFO] - approx_kl: 0.0, update_epoch: 2, num_batch: 4
[2026-10-10 08:38:07,822][agent.finetune.train_ppo_diffusion_agent][INFO] - approx_kl: 0.0, update_epoch: 2, num_batch: 4
[2026-10-10 08:38:09,459][agent.finetune.train_ppo_diffusion_agent][INFO] - approx_kl: 0.0, update_epoch: 3, num_batch: 4
[2026-10-10 08:38:11,170][agent.finetune.train_ppo_diffusion_agent][INFO] - approx_kl: 0.0, update_epoch: 3, num_batch: 4
[2026-10-10 08:38:12,905][agent.finetune.train_ppo_diffusion_agent][INFO] - approx_kl: 0.0, update_epoch: 3, num_batch: 4
[2026-10-10 08:38:14,709][agent.finetune.train_ppo_diffusion_agent][INFO] - approx_kl: 0.0, update_epoch: 3, num_batch: 4
[2026-10-10 08:38:16,360][agent.finetune.train_ppo_diffusion_agent][INFO] - approx_kl: 0.0, update_epoch: 4, num_batch: 4
[2026-10-10 08:38:18,090][agent.finetune.train_ppo_diffusion_agent][INFO] - approx_kl: 0.0, update_epoch: 4, num_batch: 4
[2026-10-10 08:38:19,820][agent.finetune.train_ppo_diffusion_agent][INFO] - approx_kl: 0.0, update_epoch: 4, num_batch: 4
[2026-10-10 08:38:21,619][agent.finetune.train_ppo_diffusion_agent][INFO] - approx_kl: 0.0, update_epoch: 4, num_batch: 4
[2026-10-10 08:38:28,544][agent.finetune.train_ppo_diffusion_agent][INFO] - 42: step  3040000 | loss   0.6902 | pg loss   0.6372 | value loss   0.1059 | bc loss   0.0000 | reward 4029.1402 | eta   1.0000 | t: 53.8891 | kl_true_per_action=0.0033190426991755373 | logratio_p99=0.08721433281898493 | clamp_hit_frac=0.0007833333333333334 | actor_step_ratio=1.0 | actor_step_clipfrac=0.0
[2026-10-10 08:38:28,544][agent.finetune.stage3_support][INFO] - STAGE3_METRICS {"J_disc_train": 1440.3394880088665, "J_disc_train_se": 21.791094949416973, "action_oor_frac": 0.16061666666666666, "adv_raw_mean": 1.1004885891452431e-14, "adv_raw_std": 251.3839113488554, "diagnostics_seconds": 0.12496628891676664, "episode_count": 80, "explained_var": 0.49753493070602417, "explained_var_reason": null, "grad_cos_prev": 0.025751232772127066, "grad_cos_prev_reason": null, "grad_norm": 19.58645955292374, "policy_action_oor_frac": 0.16065, "proj_active": false, "reward_clip_frac": 0.0, "rollout_seconds": 12.180259295739233, "split_diff_sq": 1857.0641850133243, "split_dot": -80.6366402430034, "theta_dist": 0.0470611218058347, "theta_dist_preproj": 0.0470611218058347, "update_norm": 0.00711414744340416, "update_seconds": 41.580180967226624, "x0_sat_frac_last": 0.0652365374937091, "x0_sat_frac_mean": 0.07828976523904463}
Processed step 0 of 500
Processed step 10 of 500
Processed step 20 of 500
Processed step 30 of 500
Processed step 40 of 500
Processed step 50 of 500
Processed step 60 of 500
Processed step 70 of 500
Processed step 80 of 500
Processed step 90 of 500
Processed step 100 of 500
Processed step 110 of 500
Processed step 120 of 500
Processed step 130 of 500
Processed step 140 of 500
Processed step 150 of 500
Processed step 160 of 500
Processed step 170 of 500
Processed step 180 of 500
Processed step 190 of 500
Processed step 200 of 500
Processed step 210 of 500
Processed step 220 of 500
Processed step 230 of 500
Processed step 240 of 500
Processed step 250 of 500
Processed step 260 of 500
Processed step 270 of 500
Processed step 280 of 500
Processed step 290 of 500
Processed step 300 of 500
Processed step 310 of 500
Processed step 320 of 500
Processed step 330 of 500
Processed step 340 of 500
Processed step 350 of 500
Processed step 360 of 500
Processed step 370 of 500
Processed step 380 of 500
Processed step 390 of 500
Processed step 400 of 500
Processed step 410 of 500
Processed step 420 of 500
Processed step 430 of 500
Processed step 440 of 500
Processed step 450 of 500
Processed step 460 of 500
Processed step 470 of 500
Processed step 480 of 500
Processed step 490 of 500
[2026-10-10 08:38:42,913][agent.finetune.train_ppo_diffusion_agent][INFO] - approx_kl: 0.0, update_epoch: 0, num_batch: 4
[2026-10-10 08:38:44,692][agent.finetune.train_ppo_diffusion_agent][INFO] - approx_kl: 0.0, update_epoch: 0, num_batch: 4
[2026-10-10 08:38:46,393][agent.finetune.train_ppo_diffusion_agent][INFO] - approx_kl: 0.0, update_epoch: 0, num_batch: 4
[2026-10-10 08:38:48,188][agent.finetune.train_ppo_diffusion_agent][INFO] - approx_kl: 0.0, update_epoch: 0, num_batch: 4
[2026-10-10 08:38:49,807][agent.finetune.train_ppo_diffusion_agent][INFO] - approx_kl: 0.0, update_epoch: 1, num_batch: 4
[2026-10-10 08:38:51,521][agent.finetune.train_ppo_diffusion_agent][INFO] - approx_kl: 0.0, update_epoch: 1, num_batch: 4
[2026-10-10 08:38:53,269][agent.finetune.train_ppo_diffusion_agent][INFO] - approx_kl: 0.0, update_epoch: 1, num_batch: 4
[2026-10-10 08:38:55,121][agent.finetune.train_ppo_diffusion_agent][INFO] - approx_kl: 0.0, update_epoch: 1, num_batch: 4
[2026-10-10 08:38:56,737][agent.finetune.train_ppo_diffusion_agent][INFO] - approx_kl: 0.0, update_epoch: 2, num_batch: 4
[2026-10-10 08:38:58,468][agent.finetune.train_ppo_diffusion_agent][INFO] - approx_kl: 0.0, update_epoch: 2, num_batch: 4
[2026-10-10 08:39:00,181][agent.finetune.train_ppo_diffusion_agent][INFO] - approx_kl: 0.0, update_epoch: 2, num_batch: 4
[2026-10-10 08:39:02,001][agent.finetune.train_ppo_diffusion_agent][INFO] - approx_kl: 0.0, update_epoch: 2, num_batch: 4
[2026-10-10 08:39:03,624][agent.finetune.train_ppo_diffusion_agent][INFO] - approx_kl: 0.0, update_epoch: 3, num_batch: 4
[2026-10-10 08:39:05,334][agent.finetune.train_ppo_diffusion_agent][INFO] - approx_kl: 0.0, update_epoch: 3, num_batch: 4
[2026-10-10 08:39:07,079][agent.finetune.train_ppo_diffusion_agent][INFO] - approx_kl: 0.0, update_epoch: 3, num_batch: 4
[2026-10-10 08:39:08,882][agent.finetune.train_ppo_diffusion_agent][INFO] - approx_kl: 0.0, update_epoch: 3, num_batch: 4
[2026-10-10 08:39:10,528][agent.finetune.train_ppo_diffusion_agent][INFO] - approx_kl: 0.0, update_epoch: 4, num_batch: 4
[2026-10-10 08:39:12,231][agent.finetune.train_ppo_diffusion_agent][INFO] - approx_kl: 0.0, update_epoch: 4, num_batch: 4
[2026-10-10 08:39:13,958][agent.finetune.train_ppo_diffusion_agent][INFO] - approx_kl: 0.0, update_epoch: 4, num_batch: 4
[2026-10-10 08:39:15,770][agent.finetune.train_ppo_diffusion_agent][INFO] - approx_kl: 0.0, update_epoch: 4, num_batch: 4
[2026-10-10 08:39:22,667][agent.finetune.train_ppo_diffusion_agent][INFO] - 43: step  3120000 | loss   0.2182 | pg loss   0.1655 | value loss   0.1054 | bc loss   0.0000 | reward 3866.7941 | eta   1.0000 | t: 54.1232 | kl_true_per_action=0.00259319300829813 | logratio_p99=0.06870749413967124 | clamp_hit_frac=0.0007729166666666667 | actor_step_ratio=1.0 | actor_step_clipfrac=0.0
[2026-10-10 08:39:22,667][agent.finetune.stage3_support][INFO] - STAGE3_METRICS {"J_disc_train": 1387.5639167073, "J_disc_train_se": 21.17466074874661, "action_oor_frac": 0.15566666666666668, "adv_raw_mean": -1.746229827404022e-14, "adv_raw_std": 279.20139452372933, "diagnostics_seconds": 0.12858962919563055, "episode_count": 80, "explained_var": 0.6067784428596497, "explained_var_reason": null, "grad_cos_prev": -0.026069029322229334, "grad_cos_prev_reason": null, "grad_norm": 21.23458558906987, "policy_action_oor_frac": 0.15569375, "proj_active": false, "reward_clip_frac": 0.0, "rollout_seconds": 12.474027796648443, "split_diff_sq": 1544.5628451569135, "split_dot": 64.76691533138245, "theta_dist": 0.04768874056410357, "theta_dist_preproj": 0.04768874056410357, "update_norm": 0.00771277150383041, "update_seconds": 41.516876014880836, "x0_sat_frac_last": 0.0599974974974975, "x0_sat_frac_mean": 0.07703416999536572}
Processed step 0 of 500
Processed step 10 of 500
Processed step 20 of 500
Processed step 30 of 500
Processed step 40 of 500
Processed step 50 of 500
Processed step 60 of 500
Processed step 70 of 500
Processed step 80 of 500
Processed step 90 of 500
Processed step 100 of 500
Processed step 110 of 500
Processed step 120 of 500
Processed step 130 of 500
Processed step 140 of 500
Processed step 150 of 500
Processed step 160 of 500
Processed step 170 of 500
Processed step 180 of 500
Processed step 190 of 500
Processed step 200 of 500
Processed step 210 of 500
Processed step 220 of 500
Processed step 230 of 500
Processed step 240 of 500
Processed step 250 of 500
Processed step 260 of 500
Processed step 270 of 500
Processed step 280 of 500
Processed step 290 of 500
Processed step 300 of 500
Processed step 310 of 500
Processed step 320 of 500
Processed step 330 of 500
Processed step 340 of 500
Processed step 350 of 500
Processed step 360 of 500
Processed step 370 of 500
Processed step 380 of 500
Processed step 390 of 500
Processed step 400 of 500
Processed step 410 of 500
Processed step 420 of 500
Processed step 430 of 500
Processed step 440 of 500
Processed step 450 of 500
Processed step 460 of 500
Processed step 470 of 500
Processed step 480 of 500
Processed step 490 of 500
[2026-10-10 08:39:37,196][agent.finetune.train_ppo_diffusion_agent][INFO] - approx_kl: 0.0, update_epoch: 0, num_batch: 4
[2026-10-10 08:39:39,289][agent.finetune.train_ppo_diffusion_agent][INFO] - approx_kl: 0.0, update_epoch: 0, num_batch: 4
[2026-10-10 08:39:41,154][agent.finetune.train_ppo_diffusion_agent][INFO] - approx_kl: 0.0, update_epoch: 0, num_batch: 4
[2026-10-10 08:39:43,143][agent.finetune.train_ppo_diffusion_agent][INFO] - approx_kl: 0.0, update_epoch: 0, num_batch: 4
[2026-10-10 08:39:44,950][agent.finetune.train_ppo_diffusion_agent][INFO] - approx_kl: 0.0, update_epoch: 1, num_batch: 4
[2026-10-10 08:39:46,803][agent.finetune.train_ppo_diffusion_agent][INFO] - approx_kl: 0.0, update_epoch: 1, num_batch: 4
[2026-10-10 08:39:48,679][agent.finetune.train_ppo_diffusion_agent][INFO] - approx_kl: 0.0, update_epoch: 1, num_batch: 4
[2026-10-10 08:39:50,634][agent.finetune.train_ppo_diffusion_agent][INFO] - approx_kl: 0.0, update_epoch: 1, num_batch: 4
[2026-10-10 08:39:52,408][agent.finetune.train_ppo_diffusion_agent][INFO] - approx_kl: 0.0, update_epoch: 2, num_batch: 4
[2026-10-10 08:39:54,268][agent.finetune.train_ppo_diffusion_agent][INFO] - approx_kl: 0.0, update_epoch: 2, num_batch: 4
[2026-10-10 08:39:56,170][agent.finetune.train_ppo_diffusion_agent][INFO] - approx_kl: 0.0, update_epoch: 2, num_batch: 4
[2026-10-10 08:39:58,295][agent.finetune.train_ppo_diffusion_agent][INFO] - approx_kl: 0.0, update_epoch: 2, num_batch: 4
[2026-10-10 08:40:00,206][agent.finetune.train_ppo_diffusion_agent][INFO] - approx_kl: 0.0, update_epoch: 3, num_batch: 4
[2026-10-10 08:40:02,240][agent.finetune.train_ppo_diffusion_agent][INFO] - approx_kl: 0.0, update_epoch: 3, num_batch: 4
[2026-10-10 08:40:04,255][agent.finetune.train_ppo_diffusion_agent][INFO] - approx_kl: 0.0, update_epoch: 3, num_batch: 4
[2026-10-10 08:40:06,414][agent.finetune.train_ppo_diffusion_agent][INFO] - approx_kl: 0.0, update_epoch: 3, num_batch: 4
[2026-10-10 08:40:08,299][agent.finetune.train_ppo_diffusion_agent][INFO] - approx_kl: 0.0, update_epoch: 4, num_batch: 4
[2026-10-10 08:40:10,388][agent.finetune.train_ppo_diffusion_agent][INFO] - approx_kl: 0.0, update_epoch: 4, num_batch: 4
[2026-10-10 08:40:12,415][agent.finetune.train_ppo_diffusion_agent][INFO] - approx_kl: 0.0, update_epoch: 4, num_batch: 4
[2026-10-10 08:40:14,586][agent.finetune.train_ppo_diffusion_agent][INFO] - approx_kl: 0.0, update_epoch: 4, num_batch: 4
[2026-10-10 08:40:22,956][agent.finetune.train_ppo_diffusion_agent][INFO] - 44: step  3200000 | loss  -0.3308 | pg loss  -0.3845 | value loss   0.1075 | bc loss   0.0000 | reward 4038.5492 | eta   1.0000 | t: 60.2893 | kl_true_per_action=0.002427340881256931 | logratio_p99=0.07573064684867836 | clamp_hit_frac=0.00076875 | actor_step_ratio=1.0 | actor_step_clipfrac=0.0
[2026-10-10 08:40:22,957][agent.finetune.stage3_support][INFO] - STAGE3_METRICS {"J_disc_train": 1434.093089395466, "J_disc_train_se": 18.80018274820539, "action_oor_frac": 0.16013125, "adv_raw_mean": -5.2750692702829834e-15, "adv_raw_std": 207.13853048368375, "diagnostics_seconds": 0.14714657794684172, "episode_count": 80, "explained_var": 0.43045520782470703, "explained_var_reason": null, "grad_cos_prev": 0.008818731994902195, "grad_cos_prev_reason": null, "grad_norm": 16.91618496374971, "policy_action_oor_frac": 0.16015, "proj_active": false, "reward_clip_frac": 0.0, "rollout_seconds": 12.385540653951466, "split_diff_sq": 1223.9195761542048, "split_dot": -19.822579761300872, "theta_dist": 0.04845368603957778, "theta_dist_preproj": 0.04845368603957778, "update_norm": 0.006144247166840323, "update_seconds": 47.752486855722964, "x0_sat_frac_last": 0.06162902450744834, "x0_sat_frac_mean": 0.07913682391118247}
Processed step 0 of 500
Processed step 10 of 500
Processed step 20 of 500
Processed step 30 of 500
Processed step 40 of 500
Processed step 50 of 500
Processed step 60 of 500
Processed step 70 of 500
Processed step 80 of 500
Processed step 90 of 500
Processed step 100 of 500
Processed step 110 of 500
Processed step 120 of 500
Processed step 130 of 500
Processed step 140 of 500
Processed step 150 of 500
Processed step 160 of 500
Processed step 170 of 500
Processed step 180 of 500
Processed step 190 of 500
Processed step 200 of 500
Processed step 210 of 500
Processed step 220 of 500
Processed step 230 of 500
Processed step 240 of 500
Processed step 250 of 500
Processed step 260 of 500
Processed step 270 of 500
Processed step 280 of 500
Processed step 290 of 500
Processed step 300 of 500
Processed step 310 of 500
Processed step 320 of 500
Processed step 330 of 500
Processed step 340 of 500
Processed step 350 of 500
Processed step 360 of 500
Processed step 370 of 500
Processed step 380 of 500
Processed step 390 of 500
Processed step 400 of 500
Processed step 410 of 500
Processed step 420 of 500
Processed step 430 of 500
Processed step 440 of 500
Processed step 450 of 500
Processed step 460 of 500
Processed step 470 of 500
Processed step 480 of 500
Processed step 490 of 500
[2026-10-10 08:40:38,119][agent.finetune.train_ppo_diffusion_agent][INFO] - approx_kl: 0.0, update_epoch: 0, num_batch: 4
[2026-10-10 08:40:40,037][agent.finetune.train_ppo_diffusion_agent][INFO] - approx_kl: 0.0, update_epoch: 0, num_batch: 4
[2026-10-10 08:40:41,755][agent.finetune.train_ppo_diffusion_agent][INFO] - approx_kl: 0.0, update_epoch: 0, num_batch: 4
[2026-10-10 08:40:43,266][agent.finetune.train_ppo_diffusion_agent][INFO] - approx_kl: 0.0, update_epoch: 0, num_batch: 4
[2026-10-10 08:40:44,979][agent.finetune.train_ppo_diffusion_agent][INFO] - approx_kl: 0.0, update_epoch: 1, num_batch: 4
[2026-10-10 08:40:46,691][agent.finetune.train_ppo_diffusion_agent][INFO] - approx_kl: 0.0, update_epoch: 1, num_batch: 4
[2026-10-10 08:40:48,613][agent.finetune.train_ppo_diffusion_agent][INFO] - approx_kl: 0.0, update_epoch: 1, num_batch: 4
[2026-10-10 08:40:50,245][agent.finetune.train_ppo_diffusion_agent][INFO] - approx_kl: 0.0, update_epoch: 1, num_batch: 4
[2026-10-10 08:40:52,005][agent.finetune.train_ppo_diffusion_agent][INFO] - approx_kl: 0.0, update_epoch: 2, num_batch: 4
[2026-10-10 08:40:53,707][agent.finetune.train_ppo_diffusion_agent][INFO] - approx_kl: 0.0, update_epoch: 2, num_batch: 4
[2026-10-10 08:40:55,543][agent.finetune.train_ppo_diffusion_agent][INFO] - approx_kl: 0.0, update_epoch: 2, num_batch: 4
[2026-10-10 08:40:57,170][agent.finetune.train_ppo_diffusion_agent][INFO] - approx_kl: 0.0, update_epoch: 2, num_batch: 4
[2026-10-10 08:40:58,907][agent.finetune.train_ppo_diffusion_agent][INFO] - approx_kl: 0.0, update_epoch: 3, num_batch: 4
[2026-10-10 08:41:00,614][agent.finetune.train_ppo_diffusion_agent][INFO] - approx_kl: 0.0, update_epoch: 3, num_batch: 4
[2026-10-10 08:41:02,418][agent.finetune.train_ppo_diffusion_agent][INFO] - approx_kl: 0.0, update_epoch: 3, num_batch: 4
[2026-10-10 08:41:04,039][agent.finetune.train_ppo_diffusion_agent][INFO] - approx_kl: 0.0, update_epoch: 3, num_batch: 4
[2026-10-10 08:41:05,757][agent.finetune.train_ppo_diffusion_agent][INFO] - approx_kl: 0.0, update_epoch: 4, num_batch: 4
[2026-10-10 08:41:07,473][agent.finetune.train_ppo_diffusion_agent][INFO] - approx_kl: 0.0, update_epoch: 4, num_batch: 4
[2026-10-10 08:41:09,281][agent.finetune.train_ppo_diffusion_agent][INFO] - approx_kl: 0.0, update_epoch: 4, num_batch: 4
[2026-10-10 08:41:10,919][agent.finetune.train_ppo_diffusion_agent][INFO] - approx_kl: 0.0, update_epoch: 4, num_batch: 4
[2026-10-10 08:41:17,840][agent.finetune.train_ppo_diffusion_agent][INFO] - 45: step  3280000 | loss  -0.3050 | pg loss  -0.3578 | value loss   0.1055 | bc loss   0.0000 | reward 3842.6822 | eta   1.0000 | t: 54.8835 | kl_true_per_action=0.0035470983961434287 | logratio_p99=0.08271490931510912 | clamp_hit_frac=0.0008020833333333334 | actor_step_ratio=1.0 | actor_step_clipfrac=0.0
[2026-10-10 08:41:17,840][agent.finetune.stage3_support][INFO] - STAGE3_METRICS {"J_disc_train": 1375.6414863678779, "J_disc_train_se": 26.491686380957116, "action_oor_frac": 0.15669375, "adv_raw_mean": -2.1827872842550278e-14, "adv_raw_std": 302.64819826243735, "diagnostics_seconds": 0.1259158616885543, "episode_count": 80, "explained_var": 0.6068012118339539, "explained_var_reason": null, "grad_cos_prev": -0.0109923813668104, "grad_cos_prev_reason": null, "grad_norm": 24.46530954491605, "policy_action_oor_frac": 0.15671458333333332, "proj_active": false, "reward_clip_frac": 0.0, "rollout_seconds": 13.24433198850602, "split_diff_sq": 2772.208823825227, "split_dot": -94.5008305509649, "theta_dist": 0.049262176273463014, "theta_dist_preproj": 0.049262176273463014, "update_norm": 0.008886218000346339, "update_seconds": 41.50910521764308, "x0_sat_frac_last": 0.06506734006734007, "x0_sat_frac_mean": 0.07664407832522883}
Processed step 0 of 500
Processed step 10 of 500
Processed step 20 of 500
Processed step 30 of 500
Processed step 40 of 500
Processed step 50 of 500
Processed step 60 of 500
Processed step 70 of 500
Processed step 80 of 500
Processed step 90 of 500
Processed step 100 of 500
Processed step 110 of 500
Processed step 120 of 500
Processed step 130 of 500
Processed step 140 of 500
Processed step 150 of 500
Processed step 160 of 500
Processed step 170 of 500
Processed step 180 of 500
Processed step 190 of 500
Processed step 200 of 500
Processed step 210 of 500
Processed step 220 of 500
Processed step 230 of 500
Processed step 240 of 500
Processed step 250 of 500
Processed step 260 of 500
Processed step 270 of 500
Processed step 280 of 500
Processed step 290 of 500
Processed step 300 of 500
Processed step 310 of 500
Processed step 320 of 500
Processed step 330 of 500
Processed step 340 of 500
Processed step 350 of 500
Processed step 360 of 500
Processed step 370 of 500
Processed step 380 of 500
Processed step 390 of 500
Processed step 400 of 500
Processed step 410 of 500
Processed step 420 of 500
Processed step 430 of 500
Processed step 440 of 500
Processed step 450 of 500
Processed step 460 of 500
Processed step 470 of 500
Processed step 480 of 500
Processed step 490 of 500
[2026-10-10 08:41:32,777][agent.finetune.train_ppo_diffusion_agent][INFO] - approx_kl: 0.0, update_epoch: 0, num_batch: 4
[2026-10-10 08:41:34,641][agent.finetune.train_ppo_diffusion_agent][INFO] - approx_kl: 0.0, update_epoch: 0, num_batch: 4
[2026-10-10 08:41:36,635][agent.finetune.train_ppo_diffusion_agent][INFO] - approx_kl: 0.0, update_epoch: 0, num_batch: 4
[2026-10-10 08:41:38,409][agent.finetune.train_ppo_diffusion_agent][INFO] - approx_kl: 0.0, update_epoch: 0, num_batch: 4
[2026-10-10 08:41:40,287][agent.finetune.train_ppo_diffusion_agent][INFO] - approx_kl: 0.0, update_epoch: 1, num_batch: 4
[2026-10-10 08:41:42,220][agent.finetune.train_ppo_diffusion_agent][INFO] - approx_kl: 0.0, update_epoch: 1, num_batch: 4
[2026-10-10 08:41:44,312][agent.finetune.train_ppo_diffusion_agent][INFO] - approx_kl: 0.0, update_epoch: 1, num_batch: 4
[2026-10-10 08:41:46,140][agent.finetune.train_ppo_diffusion_agent][INFO] - approx_kl: 0.0, update_epoch: 1, num_batch: 4
[2026-10-10 08:41:48,018][agent.finetune.train_ppo_diffusion_agent][INFO] - approx_kl: 0.0, update_epoch: 2, num_batch: 4
[2026-10-10 08:41:49,890][agent.finetune.train_ppo_diffusion_agent][INFO] - approx_kl: 0.0, update_epoch: 2, num_batch: 4
[2026-10-10 08:41:51,893][agent.finetune.train_ppo_diffusion_agent][INFO] - approx_kl: 0.0, update_epoch: 2, num_batch: 4
[2026-10-10 08:41:53,726][agent.finetune.train_ppo_diffusion_agent][INFO] - approx_kl: 0.0, update_epoch: 2, num_batch: 4
[2026-10-10 08:41:55,601][agent.finetune.train_ppo_diffusion_agent][INFO] - approx_kl: 0.0, update_epoch: 3, num_batch: 4
[2026-10-10 08:41:57,509][agent.finetune.train_ppo_diffusion_agent][INFO] - approx_kl: 0.0, update_epoch: 3, num_batch: 4
[2026-10-10 08:41:59,485][agent.finetune.train_ppo_diffusion_agent][INFO] - approx_kl: 0.0, update_epoch: 3, num_batch: 4
[2026-10-10 08:42:01,281][agent.finetune.train_ppo_diffusion_agent][INFO] - approx_kl: 0.0, update_epoch: 3, num_batch: 4
[2026-10-10 08:42:03,147][agent.finetune.train_ppo_diffusion_agent][INFO] - approx_kl: 0.0, update_epoch: 4, num_batch: 4
[2026-10-10 08:42:05,046][agent.finetune.train_ppo_diffusion_agent][INFO] - approx_kl: 0.0, update_epoch: 4, num_batch: 4
[2026-10-10 08:42:07,035][agent.finetune.train_ppo_diffusion_agent][INFO] - approx_kl: 0.0, update_epoch: 4, num_batch: 4
[2026-10-10 08:42:08,801][agent.finetune.train_ppo_diffusion_agent][INFO] - approx_kl: 0.0, update_epoch: 4, num_batch: 4
[2026-10-10 08:42:16,356][agent.finetune.train_ppo_diffusion_agent][INFO] - 46: step  3360000 | loss   1.6396 | pg loss   1.5887 | value loss   0.1018 | bc loss   0.0000 | reward 3976.9137 | eta   1.0000 | t: 58.5161 | kl_true_per_action=0.001933837993420461 | logratio_p99=0.05754961729049671 | clamp_hit_frac=0.0008333333333333334 | actor_step_ratio=1.0 | actor_step_clipfrac=0.0
[2026-10-10 08:42:16,356][agent.finetune.stage3_support][INFO] - STAGE3_METRICS {"J_disc_train": 1418.5104538633836, "J_disc_train_se": 21.10150637180862, "action_oor_frac": 0.1608, "adv_raw_mean": -1.4551915228366852e-14, "adv_raw_std": 243.17877777391, "diagnostics_seconds": 0.13012149650603533, "episode_count": 80, "explained_var": 0.5010077953338623, "explained_var_reason": null, "grad_cos_prev": 0.052892589755836356, "grad_cos_prev_reason": null, "grad_norm": 19.93713497051338, "policy_action_oor_frac": 0.16082708333333334, "proj_active": false, "reward_clip_frac": 0.0, "rollout_seconds": 12.479880413040519, "split_diff_sq": 1510.418682137801, "split_dot": 19.884686004084966, "theta_dist": 0.04984258861740632, "theta_dist_preproj": 0.04984258861740632, "update_norm": 0.007241514015288351, "update_seconds": 45.90252512227744, "x0_sat_frac_last": 0.07380352644836272, "x0_sat_frac_mean": 0.07859518621014235}
Processed step 0 of 500
Processed step 10 of 500
Processed step 20 of 500
Processed step 30 of 500
Processed step 40 of 500
Processed step 50 of 500
Processed step 60 of 500
Processed step 70 of 500
Processed step 80 of 500
Processed step 90 of 500
Processed step 100 of 500
Processed step 110 of 500
Processed step 120 of 500
Processed step 130 of 500
Processed step 140 of 500
Processed step 150 of 500
Processed step 160 of 500
Processed step 170 of 500
Processed step 180 of 500
Processed step 190 of 500
Processed step 200 of 500
Processed step 210 of 500
Processed step 220 of 500
Processed step 230 of 500
Processed step 240 of 500
Processed step 250 of 500
Processed step 260 of 500
Processed step 270 of 500
Processed step 280 of 500
Processed step 290 of 500
Processed step 300 of 500
Processed step 310 of 500
Processed step 320 of 500
Processed step 330 of 500
Processed step 340 of 500
Processed step 350 of 500
Processed step 360 of 500
Processed step 370 of 500
Processed step 380 of 500
Processed step 390 of 500
Processed step 400 of 500
Processed step 410 of 500
Processed step 420 of 500
Processed step 430 of 500
Processed step 440 of 500
Processed step 450 of 500
Processed step 460 of 500
Processed step 470 of 500
Processed step 480 of 500
Processed step 490 of 500
[2026-10-10 08:42:30,898][agent.finetune.train_ppo_diffusion_agent][INFO] - approx_kl: 0.0, update_epoch: 0, num_batch: 4
[2026-10-10 08:42:32,764][agent.finetune.train_ppo_diffusion_agent][INFO] - approx_kl: 0.0, update_epoch: 0, num_batch: 4
[2026-10-10 08:42:34,710][agent.finetune.train_ppo_diffusion_agent][INFO] - approx_kl: 0.0, update_epoch: 0, num_batch: 4
[2026-10-10 08:42:36,484][agent.finetune.train_ppo_diffusion_agent][INFO] - approx_kl: 0.0, update_epoch: 0, num_batch: 4
[2026-10-10 08:42:38,337][agent.finetune.train_ppo_diffusion_agent][INFO] - approx_kl: 0.0, update_epoch: 1, num_batch: 4
[2026-10-10 08:42:40,375][agent.finetune.train_ppo_diffusion_agent][INFO] - approx_kl: 0.0, update_epoch: 1, num_batch: 4
[2026-10-10 08:42:42,203][agent.finetune.train_ppo_diffusion_agent][INFO] - approx_kl: 0.0, update_epoch: 1, num_batch: 4
[2026-10-10 08:42:44,095][agent.finetune.train_ppo_diffusion_agent][INFO] - approx_kl: 0.0, update_epoch: 1, num_batch: 4
[2026-10-10 08:42:45,987][agent.finetune.train_ppo_diffusion_agent][INFO] - approx_kl: 0.0, update_epoch: 2, num_batch: 4
[2026-10-10 08:42:47,974][agent.finetune.train_ppo_diffusion_agent][INFO] - approx_kl: 0.0, update_epoch: 2, num_batch: 4
[2026-10-10 08:42:49,744][agent.finetune.train_ppo_diffusion_agent][INFO] - approx_kl: 0.0, update_epoch: 2, num_batch: 4
[2026-10-10 08:42:51,635][agent.finetune.train_ppo_diffusion_agent][INFO] - approx_kl: 0.0, update_epoch: 2, num_batch: 4
[2026-10-10 08:42:53,503][agent.finetune.train_ppo_diffusion_agent][INFO] - approx_kl: 0.0, update_epoch: 3, num_batch: 4
[2026-10-10 08:42:55,520][agent.finetune.train_ppo_diffusion_agent][INFO] - approx_kl: 0.0, update_epoch: 3, num_batch: 4
[2026-10-10 08:42:57,291][agent.finetune.train_ppo_diffusion_agent][INFO] - approx_kl: 0.0, update_epoch: 3, num_batch: 4
[2026-10-10 08:42:59,166][agent.finetune.train_ppo_diffusion_agent][INFO] - approx_kl: 0.0, update_epoch: 3, num_batch: 4
[2026-10-10 08:43:01,021][agent.finetune.train_ppo_diffusion_agent][INFO] - approx_kl: 0.0, update_epoch: 4, num_batch: 4
[2026-10-10 08:43:02,993][agent.finetune.train_ppo_diffusion_agent][INFO] - approx_kl: 0.0, update_epoch: 4, num_batch: 4
[2026-10-10 08:43:04,756][agent.finetune.train_ppo_diffusion_agent][INFO] - approx_kl: 0.0, update_epoch: 4, num_batch: 4
[2026-10-10 08:43:06,663][agent.finetune.train_ppo_diffusion_agent][INFO] - approx_kl: 0.0, update_epoch: 4, num_batch: 4
[2026-10-10 08:43:14,180][agent.finetune.train_ppo_diffusion_agent][INFO] - 47: step  3440000 | loss  -2.2168 | pg loss  -2.2681 | value loss   0.1027 | bc loss   0.0000 | reward 3970.1059 | eta   1.0000 | t: 57.8238 | kl_true_per_action=0.0012744362765490349 | logratio_p99=0.04772441923618312 | clamp_hit_frac=0.0007645833333333334 | actor_step_ratio=1.0 | actor_step_clipfrac=0.0
[2026-10-10 08:43:14,180][agent.finetune.stage3_support][INFO] - STAGE3_METRICS {"J_disc_train": 1435.6050693553984, "J_disc_train_se": 17.314942376235045, "action_oor_frac": 0.16132291666666668, "adv_raw_mean": 1.4551915228366853e-15, "adv_raw_std": 235.34984653819149, "diagnostics_seconds": 0.11531321331858635, "episode_count": 80, "explained_var": 0.5373370349407196, "explained_var_reason": null, "grad_cos_prev": -0.015174526591652809, "grad_cos_prev_reason": null, "grad_norm": 16.73545531386181, "policy_action_oor_frac": 0.1613625, "proj_active": false, "reward_clip_frac": 0.0, "rollout_seconds": 12.427285490557551, "split_diff_sq": 1165.9221249790985, "split_dot": -11.405055368101841, "theta_dist": 0.05012122233437124, "theta_dist_preproj": 0.05012122233437124, "update_norm": 0.006078608608445155, "update_seconds": 45.27700624335557, "x0_sat_frac_last": 0.07507660878447395, "x0_sat_frac_mean": 0.07948260340024164}
Processed step 0 of 500
Processed step 10 of 500
Processed step 20 of 500
Processed step 30 of 500
Processed step 40 of 500
Processed step 50 of 500
Processed step 60 of 500
Processed step 70 of 500
Processed step 80 of 500
Processed step 90 of 500
Processed step 100 of 500
Processed step 110 of 500
Processed step 120 of 500
Processed step 130 of 500
Processed step 140 of 500
Processed step 150 of 500
Processed step 160 of 500
Processed step 170 of 500
Processed step 180 of 500
Processed step 190 of 500
Processed step 200 of 500
Processed step 210 of 500
Processed step 220 of 500
Processed step 230 of 500
Processed step 240 of 500
Processed step 250 of 500
Processed step 260 of 500
Processed step 270 of 500
Processed step 280 of 500
Processed step 290 of 500
Processed step 300 of 500
Processed step 310 of 500
Processed step 320 of 500
Processed step 330 of 500
Processed step 340 of 500
Processed step 350 of 500
Processed step 360 of 500
Processed step 370 of 500
Processed step 380 of 500
Processed step 390 of 500
Processed step 400 of 500
Processed step 410 of 500
Processed step 420 of 500
Processed step 430 of 500
Processed step 440 of 500
Processed step 450 of 500
Processed step 460 of 500
Processed step 470 of 500
Processed step 480 of 500
Processed step 490 of 500
[2026-10-10 08:43:28,842][agent.finetune.train_ppo_diffusion_agent][INFO] - approx_kl: 0.0, update_epoch: 0, num_batch: 4
[2026-10-10 08:43:30,677][agent.finetune.train_ppo_diffusion_agent][INFO] - approx_kl: 0.0, update_epoch: 0, num_batch: 4
[2026-10-10 08:43:32,335][agent.finetune.train_ppo_diffusion_agent][INFO] - approx_kl: 0.0, update_epoch: 0, num_batch: 4
[2026-10-10 08:43:34,056][agent.finetune.train_ppo_diffusion_agent][INFO] - approx_kl: 0.0, update_epoch: 0, num_batch: 4
[2026-10-10 08:43:35,796][agent.finetune.train_ppo_diffusion_agent][INFO] - approx_kl: 0.0, update_epoch: 1, num_batch: 4
[2026-10-10 08:43:37,610][agent.finetune.train_ppo_diffusion_agent][INFO] - approx_kl: 0.0, update_epoch: 1, num_batch: 4
[2026-10-10 08:43:39,254][agent.finetune.train_ppo_diffusion_agent][INFO] - approx_kl: 0.0, update_epoch: 1, num_batch: 4
[2026-10-10 08:43:40,965][agent.finetune.train_ppo_diffusion_agent][INFO] - approx_kl: 0.0, update_epoch: 1, num_batch: 4
[2026-10-10 08:43:42,700][agent.finetune.train_ppo_diffusion_agent][INFO] - approx_kl: 0.0, update_epoch: 2, num_batch: 4
[2026-10-10 08:43:44,552][agent.finetune.train_ppo_diffusion_agent][INFO] - approx_kl: 0.0, update_epoch: 2, num_batch: 4
[2026-10-10 08:43:46,168][agent.finetune.train_ppo_diffusion_agent][INFO] - approx_kl: 0.0, update_epoch: 2, num_batch: 4
[2026-10-10 08:43:47,879][agent.finetune.train_ppo_diffusion_agent][INFO] - approx_kl: 0.0, update_epoch: 2, num_batch: 4
[2026-10-10 08:43:49,598][agent.finetune.train_ppo_diffusion_agent][INFO] - approx_kl: 0.0, update_epoch: 3, num_batch: 4
[2026-10-10 08:43:51,415][agent.finetune.train_ppo_diffusion_agent][INFO] - approx_kl: 0.0, update_epoch: 3, num_batch: 4
[2026-10-10 08:43:53,040][agent.finetune.train_ppo_diffusion_agent][INFO] - approx_kl: 0.0, update_epoch: 3, num_batch: 4
[2026-10-10 08:43:54,752][agent.finetune.train_ppo_diffusion_agent][INFO] - approx_kl: 0.0, update_epoch: 3, num_batch: 4
[2026-10-10 08:43:56,489][agent.finetune.train_ppo_diffusion_agent][INFO] - approx_kl: 0.0, update_epoch: 4, num_batch: 4
[2026-10-10 08:43:58,301][agent.finetune.train_ppo_diffusion_agent][INFO] - approx_kl: 0.0, update_epoch: 4, num_batch: 4
[2026-10-10 08:43:59,945][agent.finetune.train_ppo_diffusion_agent][INFO] - approx_kl: 0.0, update_epoch: 4, num_batch: 4
[2026-10-10 08:44:01,654][agent.finetune.train_ppo_diffusion_agent][INFO] - approx_kl: 0.0, update_epoch: 4, num_batch: 4
[2026-10-10 08:44:08,732][agent.finetune.train_ppo_diffusion_agent][INFO] - 48: step  3520000 | loss   1.6711 | pg loss   1.6175 | value loss   0.1072 | bc loss   0.0000 | reward 3834.8493 | eta   1.0000 | t: 54.5521 | kl_true_per_action=0.004193942970775242 | logratio_p99=0.09173082470893856 | clamp_hit_frac=0.0007770833333333333 | actor_step_ratio=1.0 | actor_step_clipfrac=0.0
[2026-10-10 08:44:08,732][agent.finetune.stage3_support][INFO] - STAGE3_METRICS {"J_disc_train": 1360.0415790562079, "J_disc_train_se": 30.754085311313208, "action_oor_frac": 0.15757291666666667, "adv_raw_mean": -1.3460521586239339e-14, "adv_raw_std": 309.7692014841799, "diagnostics_seconds": 0.14012672379612923, "episode_count": 80, "explained_var": 0.6337577104568481, "explained_var_reason": null, "grad_cos_prev": -0.035227008430381616, "grad_cos_prev_reason": null, "grad_norm": 28.13522666708854, "policy_action_oor_frac": 0.1575875, "proj_active": false, "reward_clip_frac": 0.0, "rollout_seconds": 12.33931530173868, "split_diff_sq": 3864.929355776776, "split_dot": -174.64135404177114, "theta_dist": 0.05099798162094452, "theta_dist_preproj": 0.05099798162094452, "update_norm": 0.010219204465124396, "update_seconds": 42.06844518985599, "x0_sat_frac_last": 0.07219184890656064, "x0_sat_frac_mean": 0.07820294187969319}
Processed step 0 of 500
Processed step 10 of 500
Processed step 20 of 500
Processed step 30 of 500
Processed step 40 of 500
Processed step 50 of 500
Processed step 60 of 500
Processed step 70 of 500
Processed step 80 of 500
Processed step 90 of 500
Processed step 100 of 500
Processed step 110 of 500
Processed step 120 of 500
Processed step 130 of 500
Processed step 140 of 500
Processed step 150 of 500
Processed step 160 of 500
Processed step 170 of 500
Processed step 180 of 500
Processed step 190 of 500
Processed step 200 of 500
Processed step 210 of 500
Processed step 220 of 500
Processed step 230 of 500
Processed step 240 of 500
Processed step 250 of 500
Processed step 260 of 500
Processed step 270 of 500
Processed step 280 of 500
Processed step 290 of 500
Processed step 300 of 500
Processed step 310 of 500
Processed step 320 of 500
Processed step 330 of 500
Processed step 340 of 500
Processed step 350 of 500
Processed step 360 of 500
Processed step 370 of 500
Processed step 380 of 500
Processed step 390 of 500
Processed step 400 of 500
Processed step 410 of 500
Processed step 420 of 500
Processed step 430 of 500
Processed step 440 of 500
Processed step 450 of 500
Processed step 460 of 500
Processed step 470 of 500
Processed step 480 of 500
Processed step 490 of 500
[2026-10-10 08:44:23,419][agent.finetune.train_ppo_diffusion_agent][INFO] - approx_kl: 0.0, update_epoch: 0, num_batch: 4
[2026-10-10 08:44:25,491][agent.finetune.train_ppo_diffusion_agent][INFO] - approx_kl: 0.0, update_epoch: 0, num_batch: 4
[2026-10-10 08:44:27,286][agent.finetune.train_ppo_diffusion_agent][INFO] - approx_kl: 0.0, update_epoch: 0, num_batch: 4
[2026-10-10 08:44:29,237][agent.finetune.train_ppo_diffusion_agent][INFO] - approx_kl: 0.0, update_epoch: 0, num_batch: 4
[2026-10-10 08:44:31,228][agent.finetune.train_ppo_diffusion_agent][INFO] - approx_kl: 0.0, update_epoch: 1, num_batch: 4
[2026-10-10 08:44:33,303][agent.finetune.train_ppo_diffusion_agent][INFO] - approx_kl: 0.0, update_epoch: 1, num_batch: 4
[2026-10-10 08:44:35,096][agent.finetune.train_ppo_diffusion_agent][INFO] - approx_kl: 0.0, update_epoch: 1, num_batch: 4
[2026-10-10 08:44:37,049][agent.finetune.train_ppo_diffusion_agent][INFO] - approx_kl: 0.0, update_epoch: 1, num_batch: 4
[2026-10-10 08:44:38,995][agent.finetune.train_ppo_diffusion_agent][INFO] - approx_kl: 0.0, update_epoch: 2, num_batch: 4
[2026-10-10 08:44:41,138][agent.finetune.train_ppo_diffusion_agent][INFO] - approx_kl: 0.0, update_epoch: 2, num_batch: 4
[2026-10-10 08:44:42,881][agent.finetune.train_ppo_diffusion_agent][INFO] - approx_kl: 0.0, update_epoch: 2, num_batch: 4
[2026-10-10 08:44:44,668][agent.finetune.train_ppo_diffusion_agent][INFO] - approx_kl: 0.0, update_epoch: 2, num_batch: 4
[2026-10-10 08:44:46,451][agent.finetune.train_ppo_diffusion_agent][INFO] - approx_kl: 0.0, update_epoch: 3, num_batch: 4
[2026-10-10 08:44:48,291][agent.finetune.train_ppo_diffusion_agent][INFO] - approx_kl: 0.0, update_epoch: 3, num_batch: 4
[2026-10-10 08:44:49,921][agent.finetune.train_ppo_diffusion_agent][INFO] - approx_kl: 0.0, update_epoch: 3, num_batch: 4
[2026-10-10 08:44:51,647][agent.finetune.train_ppo_diffusion_agent][INFO] - approx_kl: 0.0, update_epoch: 3, num_batch: 4
[2026-10-10 08:44:53,360][agent.finetune.train_ppo_diffusion_agent][INFO] - approx_kl: 0.0, update_epoch: 4, num_batch: 4
[2026-10-10 08:44:55,152][agent.finetune.train_ppo_diffusion_agent][INFO] - approx_kl: 0.0, update_epoch: 4, num_batch: 4
[2026-10-10 08:44:56,766][agent.finetune.train_ppo_diffusion_agent][INFO] - approx_kl: 0.0, update_epoch: 4, num_batch: 4
[2026-10-10 08:44:58,481][agent.finetune.train_ppo_diffusion_agent][INFO] - approx_kl: 0.0, update_epoch: 4, num_batch: 4
[2026-10-10 08:45:05,416][agent.finetune.train_ppo_diffusion_agent][INFO] - 49: step  3600000 | loss   0.2861 | pg loss   0.2340 | value loss   0.1043 | bc loss   0.0000 | reward 4104.8219 | eta   1.0000 | t: 56.6841 | kl_true_per_action=0.001906511079580802 | logratio_p99=0.058218911290168686 | clamp_hit_frac=0.0007708333333333333 | actor_step_ratio=1.0 | actor_step_clipfrac=0.0
[2026-10-10 08:45:05,416][agent.finetune.stage3_support][INFO] - STAGE3_METRICS {"J_disc_train": 1457.9868264869679, "J_disc_train_se": 23.89829519971762, "action_oor_frac": 0.16581666666666667, "adv_raw_mean": 5.3523763199336826e-14, "adv_raw_std": 224.08235986495154, "diagnostics_seconds": 0.12310000043362379, "episode_count": 80, "explained_var": 0.430128276348114, "explained_var_reason": null, "grad_cos_prev": -0.04777393055345423, "grad_cos_prev_reason": null, "grad_norm": 21.3523577604188, "policy_action_oor_frac": 0.16584375, "proj_active": false, "reward_clip_frac": 0.0, "rollout_seconds": 12.455489873886108, "split_diff_sq": 1805.3446334871019, "split_dot": 4.587041731150796, "theta_dist": 0.05187029984788636, "theta_dist_preproj": 0.05187029984788636, "update_norm": 0.007755539660639739, "update_seconds": 44.10139402933419, "x0_sat_frac_last": 0.07341662543295398, "x0_sat_frac_mean": 0.08264500905991277}
Processed step 0 of 500
Processed step 10 of 500
Processed step 20 of 500
Processed step 30 of 500
Processed step 40 of 500
Processed step 50 of 500
Processed step 60 of 500
Processed step 70 of 500
Processed step 80 of 500
Processed step 90 of 500
Processed step 100 of 500
Processed step 110 of 500
Processed step 120 of 500
Processed step 130 of 500
Processed step 140 of 500
Processed step 150 of 500
Processed step 160 of 500
Processed step 170 of 500
Processed step 180 of 500
Processed step 190 of 500
Processed step 200 of 500
Processed step 210 of 500
Processed step 220 of 500
Processed step 230 of 500
Processed step 240 of 500
Processed step 250 of 500
Processed step 260 of 500
Processed step 270 of 500
Processed step 280 of 500
Processed step 290 of 500
Processed step 300 of 500
Processed step 310 of 500
Processed step 320 of 500
Processed step 330 of 500
Processed step 340 of 500
Processed step 350 of 500
Processed step 360 of 500
Processed step 370 of 500
Processed step 380 of 500
Processed step 390 of 500
Processed step 400 of 500
Processed step 410 of 500
Processed step 420 of 500
Processed step 430 of 500
Processed step 440 of 500
Processed step 450 of 500
Processed step 460 of 500
Processed step 470 of 500
Processed step 480 of 500
Processed step 490 of 500
[2026-10-10 08:45:17,801][agent.finetune.train_ppo_diffusion_agent][INFO] - eval: success rate   1.0000 | avg episode reward 4332.9845 | avg best reward   6.5072
[2026-10-10 08:45:17,802][agent.finetune.stage3_support][INFO] - STAGE3_METRICS {"J_disc_eval": 1528.4567009513805, "J_disc_eval_se": 22.66417370909049, "action_oor_frac": 0.0, "diagnostics_seconds": 0.00960592832416296, "episode_count": 80, "policy_action_oor_frac": 0.0, "rollout_seconds": 12.372460504993796, "update_seconds": 0.0}
Processed step 0 of 500
Processed step 10 of 500
Processed step 20 of 500
Processed step 30 of 500
Processed step 40 of 500
Processed step 50 of 500
Processed step 60 of 500
Processed step 70 of 500
Processed step 80 of 500
Processed step 90 of 500
Processed step 100 of 500
Processed step 110 of 500
Processed step 120 of 500
Processed step 130 of 500
Processed step 140 of 500
Processed step 150 of 500
Processed step 160 of 500
Processed step 170 of 500
Processed step 180 of 500
Processed step 190 of 500
Processed step 200 of 500
Processed step 210 of 500
Processed step 220 of 500
Processed step 230 of 500
Processed step 240 of 500
Processed step 250 of 500
Processed step 260 of 500
Processed step 270 of 500
Processed step 280 of 500
Processed step 290 of 500
Processed step 300 of 500
Processed step 310 of 500
Processed step 320 of 500
Processed step 330 of 500
Processed step 340 of 500
Processed step 350 of 500
Processed step 360 of 500
Processed step 370 of 500
Processed step 380 of 500
Processed step 390 of 500
Processed step 400 of 500
Processed step 410 of 500
Processed step 420 of 500
Processed step 430 of 500
Processed step 440 of 500
Processed step 450 of 500
Processed step 460 of 500
Processed step 470 of 500
Processed step 480 of 500
Processed step 490 of 500
[2026-10-10 08:45:32,187][agent.finetune.train_ppo_diffusion_agent][INFO] - approx_kl: 0.0, update_epoch: 0, num_batch: 4
[2026-10-10 08:45:33,975][agent.finetune.train_ppo_diffusion_agent][INFO] - approx_kl: 0.0, update_epoch: 0, num_batch: 4
[2026-10-10 08:45:35,583][agent.finetune.train_ppo_diffusion_agent][INFO] - approx_kl: 0.0, update_epoch: 0, num_batch: 4
[2026-10-10 08:45:37,228][agent.finetune.train_ppo_diffusion_agent][INFO] - approx_kl: 0.0, update_epoch: 0, num_batch: 4
[2026-10-10 08:45:38,943][agent.finetune.train_ppo_diffusion_agent][INFO] - approx_kl: 0.0, update_epoch: 1, num_batch: 4
[2026-10-10 08:45:40,819][agent.finetune.train_ppo_diffusion_agent][INFO] - approx_kl: 0.0, update_epoch: 1, num_batch: 4
[2026-10-10 08:45:42,474][agent.finetune.train_ppo_diffusion_agent][INFO] - approx_kl: 0.0, update_epoch: 1, num_batch: 4
[2026-10-10 08:45:44,230][agent.finetune.train_ppo_diffusion_agent][INFO] - approx_kl: 0.0, update_epoch: 1, num_batch: 4
[2026-10-10 08:45:45,965][agent.finetune.train_ppo_diffusion_agent][INFO] - approx_kl: 0.0, update_epoch: 2, num_batch: 4
[2026-10-10 08:45:47,789][agent.finetune.train_ppo_diffusion_agent][INFO] - approx_kl: 0.0, update_epoch: 2, num_batch: 4
[2026-10-10 08:45:49,409][agent.finetune.train_ppo_diffusion_agent][INFO] - approx_kl: 0.0, update_epoch: 2, num_batch: 4
[2026-10-10 08:45:51,104][agent.finetune.train_ppo_diffusion_agent][INFO] - approx_kl: 0.0, update_epoch: 2, num_batch: 4
[2026-10-10 08:45:52,876][agent.finetune.train_ppo_diffusion_agent][INFO] - approx_kl: 0.0, update_epoch: 3, num_batch: 4
[2026-10-10 08:45:54,694][agent.finetune.train_ppo_diffusion_agent][INFO] - approx_kl: 0.0, update_epoch: 3, num_batch: 4
[2026-10-10 08:45:56,354][agent.finetune.train_ppo_diffusion_agent][INFO] - approx_kl: 0.0, update_epoch: 3, num_batch: 4
[2026-10-10 08:45:58,090][agent.finetune.train_ppo_diffusion_agent][INFO] - approx_kl: 0.0, update_epoch: 3, num_batch: 4
[2026-10-10 08:45:59,825][agent.finetune.train_ppo_diffusion_agent][INFO] - approx_kl: 0.0, update_epoch: 4, num_batch: 4
[2026-10-10 08:46:01,639][agent.finetune.train_ppo_diffusion_agent][INFO] - approx_kl: 0.0, update_epoch: 4, num_batch: 4
[2026-10-10 08:46:03,264][agent.finetune.train_ppo_diffusion_agent][INFO] - approx_kl: 0.0, update_epoch: 4, num_batch: 4
[2026-10-10 08:46:05,002][agent.finetune.train_ppo_diffusion_agent][INFO] - approx_kl: 0.0, update_epoch: 4, num_batch: 4
[2026-10-10 08:46:11,953][agent.finetune.train_ppo_diffusion_agent][INFO] - 51: step  3680000 | loss  -0.0868 | pg loss  -0.1395 | value loss   0.1056 | bc loss   0.0000 | reward 3922.6027 | eta   1.0000 | t: 54.1516 | kl_true_per_action=0.0022677116631720762 | logratio_p99=0.06311415433883659 | clamp_hit_frac=0.00083125 | actor_step_ratio=1.0 | actor_step_clipfrac=0.0
[2026-10-10 08:46:11,954][agent.finetune.stage3_support][INFO] - STAGE3_METRICS {"J_disc_train": 1378.3653319948191, "J_disc_train_se": 23.729571867877144, "action_oor_frac": 0.15999375, "adv_raw_mean": -2.4010660126805305e-14, "adv_raw_std": 259.14749107849696, "diagnostics_seconds": 0.1153409332036972, "episode_count": 80, "explained_var": 0.4988311529159546, "explained_var_reason": null, "grad_cos_prev": -0.05307337832856716, "grad_cos_prev_reason": null, "grad_norm": 21.60837433880268, "policy_action_oor_frac": 0.160025, "proj_active": false, "reward_clip_frac": 0.0, "rollout_seconds": 12.471468296833336, "split_diff_sq": 2074.330093538434, "split_dot": -51.66065163660957, "theta_dist": 0.052717977270305756, "theta_dist_preproj": 0.052717977270305756, "update_norm": 0.007848547026430848, "update_seconds": 41.56147788930684, "x0_sat_frac_last": 0.07335710646968925, "x0_sat_frac_mean": 0.07951895997386822}
Processed step 0 of 500
Processed step 10 of 500
Processed step 20 of 500
Processed step 30 of 500
Processed step 40 of 500
Processed step 50 of 500
Processed step 60 of 500
Processed step 70 of 500
Processed step 80 of 500
Processed step 90 of 500
Processed step 100 of 500
Processed step 110 of 500
Processed step 120 of 500
Processed step 130 of 500
Processed step 140 of 500
Processed step 150 of 500
Processed step 160 of 500
Processed step 170 of 500
Processed step 180 of 500
Processed step 190 of 500
Processed step 200 of 500
Processed step 210 of 500
Processed step 220 of 500
Processed step 230 of 500
Processed step 240 of 500
Processed step 250 of 500
Processed step 260 of 500
Processed step 270 of 500
Processed step 280 of 500
Processed step 290 of 500
Processed step 300 of 500
Processed step 310 of 500
Processed step 320 of 500
Processed step 330 of 500
Processed step 340 of 500
Processed step 350 of 500
Processed step 360 of 500
Processed step 370 of 500
Processed step 380 of 500
Processed step 390 of 500
Processed step 400 of 500
Processed step 410 of 500
Processed step 420 of 500
Processed step 430 of 500
Processed step 440 of 500
Processed step 450 of 500
Processed step 460 of 500
Processed step 470 of 500
Processed step 480 of 500
Processed step 490 of 500
[2026-10-10 08:46:26,357][agent.finetune.train_ppo_diffusion_agent][INFO] - approx_kl: 0.0, update_epoch: 0, num_batch: 4
[2026-10-10 08:46:27,931][agent.finetune.train_ppo_diffusion_agent][INFO] - approx_kl: 0.0, update_epoch: 0, num_batch: 4
[2026-10-10 08:46:29,646][agent.finetune.train_ppo_diffusion_agent][INFO] - approx_kl: 0.0, update_epoch: 0, num_batch: 4
[2026-10-10 08:46:31,358][agent.finetune.train_ppo_diffusion_agent][INFO] - approx_kl: 0.0, update_epoch: 0, num_batch: 4
[2026-10-10 08:46:33,139][agent.finetune.train_ppo_diffusion_agent][INFO] - approx_kl: 0.0, update_epoch: 1, num_batch: 4
[2026-10-10 08:46:34,675][agent.finetune.train_ppo_diffusion_agent][INFO] - approx_kl: 0.0, update_epoch: 1, num_batch: 4
[2026-10-10 08:46:36,339][agent.finetune.train_ppo_diffusion_agent][INFO] - approx_kl: 0.0, update_epoch: 1, num_batch: 4
[2026-10-10 08:46:38,037][agent.finetune.train_ppo_diffusion_agent][INFO] - approx_kl: 0.0, update_epoch: 1, num_batch: 4
[2026-10-10 08:46:39,839][agent.finetune.train_ppo_diffusion_agent][INFO] - approx_kl: 0.0, update_epoch: 2, num_batch: 4
[2026-10-10 08:46:41,476][agent.finetune.train_ppo_diffusion_agent][INFO] - approx_kl: 0.0, update_epoch: 2, num_batch: 4
[2026-10-10 08:46:43,245][agent.finetune.train_ppo_diffusion_agent][INFO] - approx_kl: 0.0, update_epoch: 2, num_batch: 4
[2026-10-10 08:46:44,952][agent.finetune.train_ppo_diffusion_agent][INFO] - approx_kl: 0.0, update_epoch: 2, num_batch: 4
[2026-10-10 08:46:46,765][agent.finetune.train_ppo_diffusion_agent][INFO] - approx_kl: 0.0, update_epoch: 3, num_batch: 4
[2026-10-10 08:46:48,381][agent.finetune.train_ppo_diffusion_agent][INFO] - approx_kl: 0.0, update_epoch: 3, num_batch: 4
[2026-10-10 08:46:50,098][agent.finetune.train_ppo_diffusion_agent][INFO] - approx_kl: 0.0, update_epoch: 3, num_batch: 4
[2026-10-10 08:46:51,823][agent.finetune.train_ppo_diffusion_agent][INFO] - approx_kl: 0.0, update_epoch: 3, num_batch: 4
[2026-10-10 08:46:53,618][agent.finetune.train_ppo_diffusion_agent][INFO] - approx_kl: 0.0, update_epoch: 4, num_batch: 4
[2026-10-10 08:46:55,228][agent.finetune.train_ppo_diffusion_agent][INFO] - approx_kl: 0.0, update_epoch: 4, num_batch: 4
[2026-10-10 08:46:56,918][agent.finetune.train_ppo_diffusion_agent][INFO] - approx_kl: 0.0, update_epoch: 4, num_batch: 4
[2026-10-10 08:46:58,626][agent.finetune.train_ppo_diffusion_agent][INFO] - approx_kl: 0.0, update_epoch: 4, num_batch: 4
[2026-10-10 08:47:05,545][agent.finetune.train_ppo_diffusion_agent][INFO] - 52: step  3760000 | loss   0.8222 | pg loss   0.7692 | value loss   0.1059 | bc loss   0.0000 | reward 4037.4684 | eta   1.0000 | t: 53.5921 | kl_true_per_action=0.004292440671065805 | logratio_p99=0.10221354365348795 | clamp_hit_frac=0.0007854166666666667 | actor_step_ratio=1.0 | actor_step_clipfrac=0.0
[2026-10-10 08:47:05,546][agent.finetune.stage3_support][INFO] - STAGE3_METRICS {"J_disc_train": 1429.4839962753001, "J_disc_train_se": 20.427728698763598, "action_oor_frac": 0.16316875, "adv_raw_mean": 1.4551915228366852e-14, "adv_raw_std": 227.5338242289672, "diagnostics_seconds": 0.13149752374738455, "episode_count": 80, "explained_var": 0.44094622135162354, "explained_var_reason": null, "grad_cos_prev": 0.06078326559662069, "grad_cos_prev_reason": null, "grad_norm": 18.994243957500597, "policy_action_oor_frac": 0.16318541666666667, "proj_active": false, "reward_clip_frac": 0.0, "rollout_seconds": 12.432872739620507, "split_diff_sq": 1298.8063281963127, "split_dot": 36.07969819120137, "theta_dist": 0.053129982510810074, "theta_dist_preproj": 0.053129982510810074, "update_norm": 0.006899045208522122, "update_seconds": 41.02372676040977, "x0_sat_frac_last": 0.06914805624483043, "x0_sat_frac_mean": 0.08104311876609366}
Processed step 0 of 500
Processed step 10 of 500
Processed step 20 of 500
Processed step 30 of 500
Processed step 40 of 500
Processed step 50 of 500
Processed step 60 of 500
Processed step 70 of 500
Processed step 80 of 500
Processed step 90 of 500
Processed step 100 of 500
Processed step 110 of 500
Processed step 120 of 500
Processed step 130 of 500
Processed step 140 of 500
Processed step 150 of 500
Processed step 160 of 500
Processed step 170 of 500
Processed step 180 of 500
Processed step 190 of 500
Processed step 200 of 500
Processed step 210 of 500
Processed step 220 of 500
Processed step 230 of 500
Processed step 240 of 500
Processed step 250 of 500
Processed step 260 of 500
Processed step 270 of 500
Processed step 280 of 500
Processed step 290 of 500
Processed step 300 of 500
Processed step 310 of 500
Processed step 320 of 500
Processed step 330 of 500
Processed step 340 of 500
Processed step 350 of 500
Processed step 360 of 500
Processed step 370 of 500
Processed step 380 of 500
Processed step 390 of 500
Processed step 400 of 500
Processed step 410 of 500
Processed step 420 of 500
Processed step 430 of 500
Processed step 440 of 500
Processed step 450 of 500
Processed step 460 of 500
Processed step 470 of 500
Processed step 480 of 500
Processed step 490 of 500
[2026-10-10 08:47:19,909][agent.finetune.train_ppo_diffusion_agent][INFO] - approx_kl: 0.0, update_epoch: 0, num_batch: 4
[2026-10-10 08:47:21,541][agent.finetune.train_ppo_diffusion_agent][INFO] - approx_kl: 0.0, update_epoch: 0, num_batch: 4
[2026-10-10 08:47:23,266][agent.finetune.train_ppo_diffusion_agent][INFO] - approx_kl: 0.0, update_epoch: 0, num_batch: 4
[2026-10-10 08:47:24,980][agent.finetune.train_ppo_diffusion_agent][INFO] - approx_kl: 0.0, update_epoch: 0, num_batch: 4
[2026-10-10 08:47:26,800][agent.finetune.train_ppo_diffusion_agent][INFO] - approx_kl: 0.0, update_epoch: 1, num_batch: 4
[2026-10-10 08:47:28,437][agent.finetune.train_ppo_diffusion_agent][INFO] - approx_kl: 0.0, update_epoch: 1, num_batch: 4
[2026-10-10 08:47:30,152][agent.finetune.train_ppo_diffusion_agent][INFO] - approx_kl: 0.0, update_epoch: 1, num_batch: 4
[2026-10-10 08:47:31,890][agent.finetune.train_ppo_diffusion_agent][INFO] - approx_kl: 0.0, update_epoch: 1, num_batch: 4
[2026-10-10 08:47:33,707][agent.finetune.train_ppo_diffusion_agent][INFO] - approx_kl: 0.0, update_epoch: 2, num_batch: 4
[2026-10-10 08:47:35,343][agent.finetune.train_ppo_diffusion_agent][INFO] - approx_kl: 0.0, update_epoch: 2, num_batch: 4
[2026-10-10 08:47:37,049][agent.finetune.train_ppo_diffusion_agent][INFO] - approx_kl: 0.0, update_epoch: 2, num_batch: 4
[2026-10-10 08:47:38,763][agent.finetune.train_ppo_diffusion_agent][INFO] - approx_kl: 0.0, update_epoch: 2, num_batch: 4
[2026-10-10 08:47:40,558][agent.finetune.train_ppo_diffusion_agent][INFO] - approx_kl: 0.0, update_epoch: 3, num_batch: 4
[2026-10-10 08:47:42,204][agent.finetune.train_ppo_diffusion_agent][INFO] - approx_kl: 0.0, update_epoch: 3, num_batch: 4
[2026-10-10 08:47:43,909][agent.finetune.train_ppo_diffusion_agent][INFO] - approx_kl: 0.0, update_epoch: 3, num_batch: 4
[2026-10-10 08:47:45,634][agent.finetune.train_ppo_diffusion_agent][INFO] - approx_kl: 0.0, update_epoch: 3, num_batch: 4
[2026-10-10 08:47:47,434][agent.finetune.train_ppo_diffusion_agent][INFO] - approx_kl: 0.0, update_epoch: 4, num_batch: 4
[2026-10-10 08:47:49,046][agent.finetune.train_ppo_diffusion_agent][INFO] - approx_kl: 0.0, update_epoch: 4, num_batch: 4
[2026-10-10 08:47:50,749][agent.finetune.train_ppo_diffusion_agent][INFO] - approx_kl: 0.0, update_epoch: 4, num_batch: 4
[2026-10-10 08:47:52,449][agent.finetune.train_ppo_diffusion_agent][INFO] - approx_kl: 0.0, update_epoch: 4, num_batch: 4
[2026-10-10 08:47:59,413][agent.finetune.train_ppo_diffusion_agent][INFO] - 53: step  3840000 | loss  -0.8131 | pg loss  -0.8650 | value loss   0.1039 | bc loss   0.0000 | reward 4023.7259 | eta   1.0000 | t: 53.8674 | kl_true_per_action=0.003273466371104087 | logratio_p99=0.08050695061683603 | clamp_hit_frac=0.0008041666666666667 | actor_step_ratio=1.0 | actor_step_clipfrac=0.0
[2026-10-10 08:47:59,413][agent.finetune.stage3_support][INFO] - STAGE3_METRICS {"J_disc_train": 1425.097964038448, "J_disc_train_se": 19.53216247498985, "action_oor_frac": 0.16001875, "adv_raw_mean": -1.1596057447604834e-14, "adv_raw_std": 230.12673224372622, "diagnostics_seconds": 0.117829286493361, "episode_count": 80, "explained_var": 0.48356813192367554, "explained_var_reason": null, "grad_cos_prev": -0.013026137921078935, "grad_cos_prev_reason": null, "grad_norm": 19.649813090898935, "policy_action_oor_frac": 0.16005, "proj_active": false, "reward_clip_frac": 0.0, "rollout_seconds": 12.288616702891886, "split_diff_sq": 1407.593987881138, "split_dot": 34.21666204658728, "theta_dist": 0.053832693623278964, "theta_dist_preproj": 0.053832693623278964, "update_norm": 0.007137147711073529, "update_seconds": 41.45729223545641, "x0_sat_frac_last": 0.06134892981582877, "x0_sat_frac_mean": 0.08144121302308588}
Processed step 0 of 500
Processed step 10 of 500
Processed step 20 of 500
Processed step 30 of 500
Processed step 40 of 500
Processed step 50 of 500
Processed step 60 of 500
Processed step 70 of 500
Processed step 80 of 500
Processed step 90 of 500
Processed step 100 of 500
Processed step 110 of 500
Processed step 120 of 500
Processed step 130 of 500
Processed step 140 of 500
Processed step 150 of 500
Processed step 160 of 500
Processed step 170 of 500
Processed step 180 of 500
Processed step 190 of 500
Processed step 200 of 500
Processed step 210 of 500
Processed step 220 of 500
Processed step 230 of 500
Processed step 240 of 500
Processed step 250 of 500
Processed step 260 of 500
Processed step 270 of 500
Processed step 280 of 500
Processed step 290 of 500
Processed step 300 of 500
Processed step 310 of 500
Processed step 320 of 500
Processed step 330 of 500
Processed step 340 of 500
Processed step 350 of 500
Processed step 360 of 500
Processed step 370 of 500
Processed step 380 of 500
Processed step 390 of 500
Processed step 400 of 500
Processed step 410 of 500
Processed step 420 of 500
Processed step 430 of 500
Processed step 440 of 500
Processed step 450 of 500
Processed step 460 of 500
Processed step 470 of 500
Processed step 480 of 500
Processed step 490 of 500
[2026-10-10 08:48:16,330][agent.finetune.train_ppo_diffusion_agent][INFO] - approx_kl: 0.0, update_epoch: 0, num_batch: 4
[2026-10-10 08:48:18,008][agent.finetune.train_ppo_diffusion_agent][INFO] - approx_kl: 0.0, update_epoch: 0, num_batch: 4
[2026-10-10 08:48:19,798][agent.finetune.train_ppo_diffusion_agent][INFO] - approx_kl: 0.0, update_epoch: 0, num_batch: 4
[2026-10-10 08:48:21,682][agent.finetune.train_ppo_diffusion_agent][INFO] - approx_kl: 0.0, update_epoch: 0, num_batch: 4
[2026-10-10 08:48:23,334][agent.finetune.train_ppo_diffusion_agent][INFO] - approx_kl: 0.0, update_epoch: 1, num_batch: 4
[2026-10-10 08:48:25,026][agent.finetune.train_ppo_diffusion_agent][INFO] - approx_kl: 0.0, update_epoch: 1, num_batch: 4
[2026-10-10 08:48:26,754][agent.finetune.train_ppo_diffusion_agent][INFO] - approx_kl: 0.0, update_epoch: 1, num_batch: 4
[2026-10-10 08:48:28,608][agent.finetune.train_ppo_diffusion_agent][INFO] - approx_kl: 0.0, update_epoch: 1, num_batch: 4
[2026-10-10 08:48:30,268][agent.finetune.train_ppo_diffusion_agent][INFO] - approx_kl: 0.0, update_epoch: 2, num_batch: 4
[2026-10-10 08:48:32,001][agent.finetune.train_ppo_diffusion_agent][INFO] - approx_kl: 0.0, update_epoch: 2, num_batch: 4
[2026-10-10 08:48:33,743][agent.finetune.train_ppo_diffusion_agent][INFO] - approx_kl: 0.0, update_epoch: 2, num_batch: 4
[2026-10-10 08:48:35,604][agent.finetune.train_ppo_diffusion_agent][INFO] - approx_kl: 0.0, update_epoch: 2, num_batch: 4
[2026-10-10 08:48:37,241][agent.finetune.train_ppo_diffusion_agent][INFO] - approx_kl: 0.0, update_epoch: 3, num_batch: 4
[2026-10-10 08:48:38,984][agent.finetune.train_ppo_diffusion_agent][INFO] - approx_kl: 0.0, update_epoch: 3, num_batch: 4
[2026-10-10 08:48:40,707][agent.finetune.train_ppo_diffusion_agent][INFO] - approx_kl: 0.0, update_epoch: 3, num_batch: 4
[2026-10-10 08:48:42,528][agent.finetune.train_ppo_diffusion_agent][INFO] - approx_kl: 0.0, update_epoch: 3, num_batch: 4
[2026-10-10 08:48:44,214][agent.finetune.train_ppo_diffusion_agent][INFO] - approx_kl: 0.0, update_epoch: 4, num_batch: 4
[2026-10-10 08:48:45,948][agent.finetune.train_ppo_diffusion_agent][INFO] - approx_kl: 0.0, update_epoch: 4, num_batch: 4
[2026-10-10 08:48:47,689][agent.finetune.train_ppo_diffusion_agent][INFO] - approx_kl: 0.0, update_epoch: 4, num_batch: 4
[2026-10-10 08:48:49,502][agent.finetune.train_ppo_diffusion_agent][INFO] - approx_kl: 0.0, update_epoch: 4, num_batch: 4
[2026-10-10 08:48:56,493][agent.finetune.train_ppo_diffusion_agent][INFO] - 54: step  3920000 | loss  -0.3958 | pg loss  -0.4501 | value loss   0.1086 | bc loss   0.0000 | reward 3959.1637 | eta   1.0000 | t: 57.0805 | kl_true_per_action=0.0027274874461569137 | logratio_p99=0.0704206746816634 | clamp_hit_frac=0.0008479166666666666 | actor_step_ratio=1.0 | actor_step_clipfrac=0.0
[2026-10-10 08:48:56,493][agent.finetune.stage3_support][INFO] - STAGE3_METRICS {"J_disc_train": 1397.3250077223602, "J_disc_train_se": 20.650829872663515, "action_oor_frac": 0.1591125, "adv_raw_mean": -5.820766091346741e-15, "adv_raw_std": 254.26555532251402, "diagnostics_seconds": 0.12130189035087824, "episode_count": 80, "explained_var": 0.5385855138301849, "explained_var_reason": null, "grad_cos_prev": -0.10013949519704983, "grad_cos_prev_reason": null, "grad_norm": 20.44422858293775, "policy_action_oor_frac": 0.15913125, "proj_active": false, "reward_clip_frac": 0.0, "rollout_seconds": 14.839148154482245, "split_diff_sq": 1620.7425819635573, "split_dot": 12.780818664238264, "theta_dist": 0.05448999318136681, "theta_dist_preproj": 0.05448999318136681, "update_norm": 0.007425701740524594, "update_seconds": 42.11629904527217, "x0_sat_frac_last": 0.06595274519802821, "x0_sat_frac_mean": 0.07924736178730427}
Processed step 0 of 500
Processed step 10 of 500
Processed step 20 of 500
Processed step 30 of 500
Processed step 40 of 500
Processed step 50 of 500
Processed step 60 of 500
Processed step 70 of 500
Processed step 80 of 500
Processed step 90 of 500
Processed step 100 of 500
Processed step 110 of 500
Processed step 120 of 500
Processed step 130 of 500
Processed step 140 of 500
Processed step 150 of 500
Processed step 160 of 500
Processed step 170 of 500
Processed step 180 of 500
Processed step 190 of 500
Processed step 200 of 500
Processed step 210 of 500
Processed step 220 of 500
Processed step 230 of 500
Processed step 240 of 500
Processed step 250 of 500
Processed step 260 of 500
Processed step 270 of 500
Processed step 280 of 500
Processed step 290 of 500
Processed step 300 of 500
Processed step 310 of 500
Processed step 320 of 500
Processed step 330 of 500
Processed step 340 of 500
Processed step 350 of 500
Processed step 360 of 500
Processed step 370 of 500
Processed step 380 of 500
Processed step 390 of 500
Processed step 400 of 500
Processed step 410 of 500
Processed step 420 of 500
Processed step 430 of 500
Processed step 440 of 500
Processed step 450 of 500
Processed step 460 of 500
Processed step 470 of 500
Processed step 480 of 500
Processed step 490 of 500
[2026-10-10 08:49:10,475][agent.finetune.train_ppo_diffusion_agent][INFO] - approx_kl: 0.0, update_epoch: 0, num_batch: 4
[2026-10-10 08:49:12,194][agent.finetune.train_ppo_diffusion_agent][INFO] - approx_kl: 0.0, update_epoch: 0, num_batch: 4
[2026-10-10 08:49:13,918][agent.finetune.train_ppo_diffusion_agent][INFO] - approx_kl: 0.0, update_epoch: 0, num_batch: 4
[2026-10-10 08:49:15,718][agent.finetune.train_ppo_diffusion_agent][INFO] - approx_kl: 0.0, update_epoch: 0, num_batch: 4
[2026-10-10 08:49:17,338][agent.finetune.train_ppo_diffusion_agent][INFO] - approx_kl: 0.0, update_epoch: 1, num_batch: 4
[2026-10-10 08:49:19,053][agent.finetune.train_ppo_diffusion_agent][INFO] - approx_kl: 0.0, update_epoch: 1, num_batch: 4
[2026-10-10 08:49:20,773][agent.finetune.train_ppo_diffusion_agent][INFO] - approx_kl: 0.0, update_epoch: 1, num_batch: 4
[2026-10-10 08:49:22,566][agent.finetune.train_ppo_diffusion_agent][INFO] - approx_kl: 0.0, update_epoch: 1, num_batch: 4
[2026-10-10 08:49:24,239][agent.finetune.train_ppo_diffusion_agent][INFO] - approx_kl: 0.0, update_epoch: 2, num_batch: 4
[2026-10-10 08:49:26,017][agent.finetune.train_ppo_diffusion_agent][INFO] - approx_kl: 0.0, update_epoch: 2, num_batch: 4
[2026-10-10 08:49:27,747][agent.finetune.train_ppo_diffusion_agent][INFO] - approx_kl: 0.0, update_epoch: 2, num_batch: 4
[2026-10-10 08:49:29,590][agent.finetune.train_ppo_diffusion_agent][INFO] - approx_kl: 0.0, update_epoch: 2, num_batch: 4
[2026-10-10 08:49:31,224][agent.finetune.train_ppo_diffusion_agent][INFO] - approx_kl: 0.0, update_epoch: 3, num_batch: 4
[2026-10-10 08:49:32,974][agent.finetune.train_ppo_diffusion_agent][INFO] - approx_kl: 0.0, update_epoch: 3, num_batch: 4
[2026-10-10 08:49:34,686][agent.finetune.train_ppo_diffusion_agent][INFO] - approx_kl: 0.0, update_epoch: 3, num_batch: 4
[2026-10-10 08:49:36,526][agent.finetune.train_ppo_diffusion_agent][INFO] - approx_kl: 0.0, update_epoch: 3, num_batch: 4
[2026-10-10 08:49:38,155][agent.finetune.train_ppo_diffusion_agent][INFO] - approx_kl: 0.0, update_epoch: 4, num_batch: 4
[2026-10-10 08:49:39,903][agent.finetune.train_ppo_diffusion_agent][INFO] - approx_kl: 0.0, update_epoch: 4, num_batch: 4
[2026-10-10 08:49:41,615][agent.finetune.train_ppo_diffusion_agent][INFO] - approx_kl: 0.0, update_epoch: 4, num_batch: 4
[2026-10-10 08:49:43,448][agent.finetune.train_ppo_diffusion_agent][INFO] - approx_kl: 0.0, update_epoch: 4, num_batch: 4
[2026-10-10 08:49:50,387][agent.finetune.train_ppo_diffusion_agent][INFO] - 55: step  4000000 | loss   0.6577 | pg loss   0.6071 | value loss   0.1012 | bc loss   0.0000 | reward 3958.9519 | eta   1.0000 | t: 53.8941 | kl_true_per_action=0.005706637945331532 | logratio_p99=0.11400437593460078 | clamp_hit_frac=0.00079375 | actor_step_ratio=1.0 | actor_step_clipfrac=0.0
[2026-10-10 08:49:50,387][agent.finetune.stage3_support][INFO] - STAGE3_METRICS {"J_disc_train": 1390.1488347690251, "J_disc_train_se": 30.04248549184622, "action_oor_frac": 0.16206666666666666, "adv_raw_mean": -3.074092091992497e-14, "adv_raw_std": 263.710566879022, "diagnostics_seconds": 0.12067744228988886, "episode_count": 80, "explained_var": 0.5070451498031616, "explained_var_reason": null, "grad_cos_prev": -0.0413231616701076, "grad_cos_prev_reason": null, "grad_norm": 26.415943287121337, "policy_action_oor_frac": 0.1621, "proj_active": false, "reward_clip_frac": 0.0, "rollout_seconds": 12.15060656517744, "split_diff_sq": 2809.843029246441, "split_dot": -4.65865695497029, "theta_dist": 0.05568110377428674, "theta_dist_preproj": 0.05568110377428674, "update_norm": 0.009594726698062595, "update_seconds": 41.61938901245594, "x0_sat_frac_last": 0.06984924623115578, "x0_sat_frac_mean": 0.08018709211755676}
Processed step 0 of 500
Processed step 10 of 500
Processed step 20 of 500
Processed step 30 of 500
Processed step 40 of 500
Processed step 50 of 500
Processed step 60 of 500
Processed step 70 of 500
Processed step 80 of 500
Processed step 90 of 500
Processed step 100 of 500
Processed step 110 of 500
Processed step 120 of 500
Processed step 130 of 500
Processed step 140 of 500
Processed step 150 of 500
Processed step 160 of 500
Processed step 170 of 500
Processed step 180 of 500
Processed step 190 of 500
Processed step 200 of 500
Processed step 210 of 500
Processed step 220 of 500
Processed step 230 of 500
Processed step 240 of 500
Processed step 250 of 500
Processed step 260 of 500
Processed step 270 of 500
Processed step 280 of 500
Processed step 290 of 500
Processed step 300 of 500
Processed step 310 of 500
Processed step 320 of 500
Processed step 330 of 500
Processed step 340 of 500
Processed step 350 of 500
Processed step 360 of 500
Processed step 370 of 500
Processed step 380 of 500
Processed step 390 of 500
Processed step 400 of 500
Processed step 410 of 500
Processed step 420 of 500
Processed step 430 of 500
Processed step 440 of 500
Processed step 450 of 500
Processed step 460 of 500
Processed step 470 of 500
Processed step 480 of 500
Processed step 490 of 500
[2026-10-10 08:50:04,640][agent.finetune.train_ppo_diffusion_agent][INFO] - approx_kl: 0.0, update_epoch: 0, num_batch: 4
[2026-10-10 08:50:06,396][agent.finetune.train_ppo_diffusion_agent][INFO] - approx_kl: 0.0, update_epoch: 0, num_batch: 4
[2026-10-10 08:50:08,117][agent.finetune.train_ppo_diffusion_agent][INFO] - approx_kl: 0.0, update_epoch: 0, num_batch: 4
[2026-10-10 08:50:09,971][agent.finetune.train_ppo_diffusion_agent][INFO] - approx_kl: 0.0, update_epoch: 0, num_batch: 4
[2026-10-10 08:50:11,602][agent.finetune.train_ppo_diffusion_agent][INFO] - approx_kl: 0.0, update_epoch: 1, num_batch: 4
[2026-10-10 08:50:13,351][agent.finetune.train_ppo_diffusion_agent][INFO] - approx_kl: 0.0, update_epoch: 1, num_batch: 4
[2026-10-10 08:50:15,067][agent.finetune.train_ppo_diffusion_agent][INFO] - approx_kl: 0.0, update_epoch: 1, num_batch: 4
[2026-10-10 08:50:16,905][agent.finetune.train_ppo_diffusion_agent][INFO] - approx_kl: 0.0, update_epoch: 1, num_batch: 4
[2026-10-10 08:50:18,527][agent.finetune.train_ppo_diffusion_agent][INFO] - approx_kl: 0.0, update_epoch: 2, num_batch: 4
[2026-10-10 08:50:20,255][agent.finetune.train_ppo_diffusion_agent][INFO] - approx_kl: 0.0, update_epoch: 2, num_batch: 4
[2026-10-10 08:50:21,986][agent.finetune.train_ppo_diffusion_agent][INFO] - approx_kl: 0.0, update_epoch: 2, num_batch: 4
[2026-10-10 08:50:23,805][agent.finetune.train_ppo_diffusion_agent][INFO] - approx_kl: 0.0, update_epoch: 2, num_batch: 4
[2026-10-10 08:50:25,440][agent.finetune.train_ppo_diffusion_agent][INFO] - approx_kl: 0.0, update_epoch: 3, num_batch: 4
[2026-10-10 08:50:27,151][agent.finetune.train_ppo_diffusion_agent][INFO] - approx_kl: 0.0, update_epoch: 3, num_batch: 4
[2026-10-10 08:50:28,886][agent.finetune.train_ppo_diffusion_agent][INFO] - approx_kl: 0.0, update_epoch: 3, num_batch: 4
[2026-10-10 08:50:30,717][agent.finetune.train_ppo_diffusion_agent][INFO] - approx_kl: 0.0, update_epoch: 3, num_batch: 4
[2026-10-10 08:50:32,342][agent.finetune.train_ppo_diffusion_agent][INFO] - approx_kl: 0.0, update_epoch: 4, num_batch: 4
[2026-10-10 08:50:34,052][agent.finetune.train_ppo_diffusion_agent][INFO] - approx_kl: 0.0, update_epoch: 4, num_batch: 4
[2026-10-10 08:50:35,760][agent.finetune.train_ppo_diffusion_agent][INFO] - approx_kl: 0.0, update_epoch: 4, num_batch: 4
[2026-10-10 08:50:37,592][agent.finetune.train_ppo_diffusion_agent][INFO] - approx_kl: 0.0, update_epoch: 4, num_batch: 4
[2026-10-10 08:50:44,559][agent.finetune.train_ppo_diffusion_agent][INFO] - 56: step  4080000 | loss   0.4207 | pg loss   0.3681 | value loss   0.1051 | bc loss   0.0000 | reward 3984.2973 | eta   1.0000 | t: 54.1720 | kl_true_per_action=0.004821202949903635 | logratio_p99=0.11983234405517529 | clamp_hit_frac=0.0007708333333333333 | actor_step_ratio=1.0 | actor_step_clipfrac=0.0
[2026-10-10 08:50:44,559][agent.finetune.stage3_support][INFO] - STAGE3_METRICS {"J_disc_train": 1410.6820277282175, "J_disc_train_se": 18.830958270154145, "action_oor_frac": 0.16364791666666667, "adv_raw_mean": -2.4738255888223647e-14, "adv_raw_std": 216.7869383015855, "diagnostics_seconds": 0.1272812020033598, "episode_count": 80, "explained_var": 0.44826996326446533, "explained_var_reason": null, "grad_cos_prev": -0.0814564572401968, "grad_cos_prev_reason": null, "grad_norm": 17.913440160426937, "policy_action_oor_frac": 0.16367916666666665, "proj_active": false, "reward_clip_frac": 0.0, "rollout_seconds": 12.287869228981435, "split_diff_sq": 1261.871067730684, "split_dot": 5.423558089749658, "theta_dist": 0.05574030843261917, "theta_dist_preproj": 0.05574030843261917, "update_norm": 0.006506477416971, "update_seconds": 41.64674039371312, "x0_sat_frac_last": 0.08002207505518764, "x0_sat_frac_mean": 0.08234667385127883}
Processed step 0 of 500
Processed step 10 of 500
Processed step 20 of 500
Processed step 30 of 500
Processed step 40 of 500
Processed step 50 of 500
Processed step 60 of 500
Processed step 70 of 500
Processed step 80 of 500
Processed step 90 of 500
Processed step 100 of 500
Processed step 110 of 500
Processed step 120 of 500
Processed step 130 of 500
Processed step 140 of 500
Processed step 150 of 500
Processed step 160 of 500
Processed step 170 of 500
Processed step 180 of 500
Processed step 190 of 500
Processed step 200 of 500
Processed step 210 of 500
Processed step 220 of 500
Processed step 230 of 500
Processed step 240 of 500
Processed step 250 of 500
Processed step 260 of 500
Processed step 270 of 500
Processed step 280 of 500
Processed step 290 of 500
Processed step 300 of 500
Processed step 310 of 500
Processed step 320 of 500
Processed step 330 of 500
Processed step 340 of 500
Processed step 350 of 500
Processed step 360 of 500
Processed step 370 of 500
Processed step 380 of 500
Processed step 390 of 500
Processed step 400 of 500
Processed step 410 of 500
Processed step 420 of 500
Processed step 430 of 500
Processed step 440 of 500
Processed step 450 of 500
Processed step 460 of 500
Processed step 470 of 500
Processed step 480 of 500
Processed step 490 of 500
[2026-10-10 08:50:58,500][agent.finetune.train_ppo_diffusion_agent][INFO] - approx_kl: 0.0, update_epoch: 0, num_batch: 4
[2026-10-10 08:51:00,244][agent.finetune.train_ppo_diffusion_agent][INFO] - approx_kl: 0.0, update_epoch: 0, num_batch: 4
[2026-10-10 08:51:02,036][agent.finetune.train_ppo_diffusion_agent][INFO] - approx_kl: 0.0, update_epoch: 0, num_batch: 4
[2026-10-10 08:51:03,933][agent.finetune.train_ppo_diffusion_agent][INFO] - approx_kl: 0.0, update_epoch: 0, num_batch: 4
[2026-10-10 08:51:05,582][agent.finetune.train_ppo_diffusion_agent][INFO] - approx_kl: 0.0, update_epoch: 1, num_batch: 4
[2026-10-10 08:51:07,354][agent.finetune.train_ppo_diffusion_agent][INFO] - approx_kl: 0.0, update_epoch: 1, num_batch: 4
[2026-10-10 08:51:09,107][agent.finetune.train_ppo_diffusion_agent][INFO] - approx_kl: 0.0, update_epoch: 1, num_batch: 4
[2026-10-10 08:51:10,959][agent.finetune.train_ppo_diffusion_agent][INFO] - approx_kl: 0.0, update_epoch: 1, num_batch: 4
[2026-10-10 08:51:12,604][agent.finetune.train_ppo_diffusion_agent][INFO] - approx_kl: 0.0, update_epoch: 2, num_batch: 4
[2026-10-10 08:51:14,385][agent.finetune.train_ppo_diffusion_agent][INFO] - approx_kl: 0.0, update_epoch: 2, num_batch: 4
[2026-10-10 08:51:16,114][agent.finetune.train_ppo_diffusion_agent][INFO] - approx_kl: 0.0, update_epoch: 2, num_batch: 4
[2026-10-10 08:51:17,957][agent.finetune.train_ppo_diffusion_agent][INFO] - approx_kl: 0.0, update_epoch: 2, num_batch: 4
[2026-10-10 08:51:19,608][agent.finetune.train_ppo_diffusion_agent][INFO] - approx_kl: 0.0, update_epoch: 3, num_batch: 4
[2026-10-10 08:51:21,341][agent.finetune.train_ppo_diffusion_agent][INFO] - approx_kl: 0.0, update_epoch: 3, num_batch: 4
[2026-10-10 08:51:23,071][agent.finetune.train_ppo_diffusion_agent][INFO] - approx_kl: 0.0, update_epoch: 3, num_batch: 4
[2026-10-10 08:51:24,908][agent.finetune.train_ppo_diffusion_agent][INFO] - approx_kl: 0.0, update_epoch: 3, num_batch: 4
[2026-10-10 08:51:26,562][agent.finetune.train_ppo_diffusion_agent][INFO] - approx_kl: 0.0, update_epoch: 4, num_batch: 4
[2026-10-10 08:51:28,315][agent.finetune.train_ppo_diffusion_agent][INFO] - approx_kl: 0.0, update_epoch: 4, num_batch: 4
[2026-10-10 08:51:30,033][agent.finetune.train_ppo_diffusion_agent][INFO] - approx_kl: 0.0, update_epoch: 4, num_batch: 4
[2026-10-10 08:51:31,837][agent.finetune.train_ppo_diffusion_agent][INFO] - approx_kl: 0.0, update_epoch: 4, num_batch: 4
[2026-10-10 08:51:38,414][agent.finetune.train_ppo_diffusion_agent][INFO] - 57: step  4160000 | loss  -0.7449 | pg loss  -0.7986 | value loss   0.1074 | bc loss   0.0000 | reward 4037.3688 | eta   1.0000 | t: 53.8552 | kl_true_per_action=0.0020733848667527604 | logratio_p99=0.06085525512695297 | clamp_hit_frac=0.0007875 | actor_step_ratio=1.0 | actor_step_clipfrac=0.0
[2026-10-10 08:51:38,415][agent.finetune.stage3_support][INFO] - STAGE3_METRICS {"J_disc_train": 1438.6166318644275, "J_disc_train_se": 19.817466388035815, "action_oor_frac": 0.16081666666666666, "adv_raw_mean": 1.2369127944111823e-14, "adv_raw_std": 237.6760674532013, "diagnostics_seconds": 0.10761895775794983, "episode_count": 80, "explained_var": 0.4601556062698364, "explained_var_reason": null, "grad_cos_prev": 0.049678761501378295, "grad_cos_prev_reason": null, "grad_norm": 19.937309226430816, "policy_action_oor_frac": 0.16085, "proj_active": false, "reward_clip_frac": 0.0, "rollout_seconds": 12.121355992741883, "split_diff_sq": 1510.5159998364757, "split_dot": 19.867285421647033, "theta_dist": 0.055852559160520426, "theta_dist_preproj": 0.055852559160520426, "update_norm": 0.007241581750186973, "update_seconds": 41.62305004708469, "x0_sat_frac_last": 0.06495346869712353, "x0_sat_frac_mean": 0.0798939852162559}
Processed step 0 of 500
Processed step 10 of 500
Processed step 20 of 500
Processed step 30 of 500
Processed step 40 of 500
Processed step 50 of 500
Processed step 60 of 500
Processed step 70 of 500
Processed step 80 of 500
Processed step 90 of 500
Processed step 100 of 500
Processed step 110 of 500
Processed step 120 of 500
Processed step 130 of 500
Processed step 140 of 500
Processed step 150 of 500
Processed step 160 of 500
Processed step 170 of 500
Processed step 180 of 500
Processed step 190 of 500
Processed step 200 of 500
Processed step 210 of 500
Processed step 220 of 500
Processed step 230 of 500
Processed step 240 of 500
Processed step 250 of 500
Processed step 260 of 500
Processed step 270 of 500
Processed step 280 of 500
Processed step 290 of 500
Processed step 300 of 500
Processed step 310 of 500
Processed step 320 of 500
Processed step 330 of 500
Processed step 340 of 500
Processed step 350 of 500
Processed step 360 of 500
Processed step 370 of 500
Processed step 380 of 500
Processed step 390 of 500
Processed step 400 of 500
Processed step 410 of 500
Processed step 420 of 500
Processed step 430 of 500
Processed step 440 of 500
Processed step 450 of 500
Processed step 460 of 500
Processed step 470 of 500
Processed step 480 of 500
Processed step 490 of 500
[2026-10-10 08:51:54,867][agent.finetune.train_ppo_diffusion_agent][INFO] - approx_kl: 0.0, update_epoch: 0, num_batch: 4
[2026-10-10 08:51:56,720][agent.finetune.train_ppo_diffusion_agent][INFO] - approx_kl: 0.0, update_epoch: 0, num_batch: 4
[2026-10-10 08:51:58,633][agent.finetune.train_ppo_diffusion_agent][INFO] - approx_kl: 0.0, update_epoch: 0, num_batch: 4
[2026-10-10 08:52:00,367][agent.finetune.train_ppo_diffusion_agent][INFO] - approx_kl: 0.0, update_epoch: 0, num_batch: 4
[2026-10-10 08:52:02,133][agent.finetune.train_ppo_diffusion_agent][INFO] - approx_kl: 0.0, update_epoch: 1, num_batch: 4
[2026-10-10 08:52:03,923][agent.finetune.train_ppo_diffusion_agent][INFO] - approx_kl: 0.0, update_epoch: 1, num_batch: 4
[2026-10-10 08:52:05,772][agent.finetune.train_ppo_diffusion_agent][INFO] - approx_kl: 0.0, update_epoch: 1, num_batch: 4
[2026-10-10 08:52:07,502][agent.finetune.train_ppo_diffusion_agent][INFO] - approx_kl: 0.0, update_epoch: 1, num_batch: 4
[2026-10-10 08:52:09,261][agent.finetune.train_ppo_diffusion_agent][INFO] - approx_kl: 0.0, update_epoch: 2, num_batch: 4
[2026-10-10 08:52:11,022][agent.finetune.train_ppo_diffusion_agent][INFO] - approx_kl: 0.0, update_epoch: 2, num_batch: 4
[2026-10-10 08:52:12,897][agent.finetune.train_ppo_diffusion_agent][INFO] - approx_kl: 0.0, update_epoch: 2, num_batch: 4
[2026-10-10 08:52:14,541][agent.finetune.train_ppo_diffusion_agent][INFO] - approx_kl: 0.0, update_epoch: 2, num_batch: 4
[2026-10-10 08:52:16,294][agent.finetune.train_ppo_diffusion_agent][INFO] - approx_kl: 0.0, update_epoch: 3, num_batch: 4
[2026-10-10 08:52:17,891][agent.finetune.train_ppo_diffusion_agent][INFO] - approx_kl: 0.0, update_epoch: 3, num_batch: 4
[2026-10-10 08:52:19,545][agent.finetune.train_ppo_diffusion_agent][INFO] - approx_kl: 0.0, update_epoch: 3, num_batch: 4
[2026-10-10 08:52:21,048][agent.finetune.train_ppo_diffusion_agent][INFO] - approx_kl: 0.0, update_epoch: 3, num_batch: 4
[2026-10-10 08:52:22,622][agent.finetune.train_ppo_diffusion_agent][INFO] - approx_kl: 0.0, update_epoch: 4, num_batch: 4
[2026-10-10 08:52:24,183][agent.finetune.train_ppo_diffusion_agent][INFO] - approx_kl: 0.0, update_epoch: 4, num_batch: 4
[2026-10-10 08:52:25,869][agent.finetune.train_ppo_diffusion_agent][INFO] - approx_kl: 0.0, update_epoch: 4, num_batch: 4
[2026-10-10 08:52:27,393][agent.finetune.train_ppo_diffusion_agent][INFO] - approx_kl: 0.0, update_epoch: 4, num_batch: 4
[2026-10-10 08:52:33,882][agent.finetune.train_ppo_diffusion_agent][INFO] - 58: step  4240000 | loss   0.8955 | pg loss   0.8425 | value loss   0.1060 | bc loss   0.0000 | reward 3998.8198 | eta   1.0000 | t: 55.4680 | kl_true_per_action=0.0025365629905964937 | logratio_p99=0.06988426446914668 | clamp_hit_frac=0.0008083333333333333 | actor_step_ratio=1.0 | actor_step_clipfrac=0.0
[2026-10-10 08:52:33,883][agent.finetune.stage3_support][INFO] - STAGE3_METRICS {"J_disc_train": 1439.1760660132118, "J_disc_train_se": 21.505880980581516, "action_oor_frac": 0.15946875, "adv_raw_mean": -1.0913936421275139e-14, "adv_raw_std": 257.52130393808886, "diagnostics_seconds": 0.11015593353658915, "episode_count": 80, "explained_var": 0.5295775830745697, "explained_var_reason": null, "grad_cos_prev": 0.03155123104617003, "grad_cos_prev_reason": null, "grad_norm": 20.998180733962933, "policy_action_oor_frac": 0.1595, "proj_active": false, "reward_clip_frac": 0.0, "rollout_seconds": 14.52048113103956, "split_diff_sq": 1782.6777514199075, "split_dot": -4.745819123220697, "theta_dist": 0.05566050133429389, "theta_dist_preproj": 0.05566050133429389, "update_norm": 0.007626897198299498, "update_seconds": 40.83389970101416, "x0_sat_frac_last": 0.06515334947538337, "x0_sat_frac_mean": 0.07997803475550326}
Processed step 0 of 500
Processed step 10 of 500
Processed step 20 of 500
Processed step 30 of 500
Processed step 40 of 500
Processed step 50 of 500
Processed step 60 of 500
Processed step 70 of 500
Processed step 80 of 500
Processed step 90 of 500
Processed step 100 of 500
Processed step 110 of 500
Processed step 120 of 500
Processed step 130 of 500
Processed step 140 of 500
Processed step 150 of 500
Processed step 160 of 500
Processed step 170 of 500
Processed step 180 of 500
Processed step 190 of 500
Processed step 200 of 500
Processed step 210 of 500
Processed step 220 of 500
Processed step 230 of 500
Processed step 240 of 500
Processed step 250 of 500
Processed step 260 of 500
Processed step 270 of 500
Processed step 280 of 500
Processed step 290 of 500
Processed step 300 of 500
Processed step 310 of 500
Processed step 320 of 500
Processed step 330 of 500
Processed step 340 of 500
Processed step 350 of 500
Processed step 360 of 500
Processed step 370 of 500
Processed step 380 of 500
Processed step 390 of 500
Processed step 400 of 500
Processed step 410 of 500
Processed step 420 of 500
Processed step 430 of 500
Processed step 440 of 500
Processed step 450 of 500
Processed step 460 of 500
Processed step 470 of 500
Processed step 480 of 500
Processed step 490 of 500
[2026-10-10 08:52:48,257][agent.finetune.train_ppo_diffusion_agent][INFO] - approx_kl: 0.0, update_epoch: 0, num_batch: 4
[2026-10-10 08:52:49,933][agent.finetune.train_ppo_diffusion_agent][INFO] - approx_kl: 0.0, update_epoch: 0, num_batch: 4
[2026-10-10 08:52:51,686][agent.finetune.train_ppo_diffusion_agent][INFO] - approx_kl: 0.0, update_epoch: 0, num_batch: 4
[2026-10-10 08:52:53,271][agent.finetune.train_ppo_diffusion_agent][INFO] - approx_kl: 0.0, update_epoch: 0, num_batch: 4
[2026-10-10 08:52:54,924][agent.finetune.train_ppo_diffusion_agent][INFO] - approx_kl: 0.0, update_epoch: 1, num_batch: 4
[2026-10-10 08:52:56,582][agent.finetune.train_ppo_diffusion_agent][INFO] - approx_kl: 0.0, update_epoch: 1, num_batch: 4
[2026-10-10 08:52:58,313][agent.finetune.train_ppo_diffusion_agent][INFO] - approx_kl: 0.0, update_epoch: 1, num_batch: 4
[2026-10-10 08:52:59,794][agent.finetune.train_ppo_diffusion_agent][INFO] - approx_kl: 0.0, update_epoch: 1, num_batch: 4
[2026-10-10 08:53:01,443][agent.finetune.train_ppo_diffusion_agent][INFO] - approx_kl: 0.0, update_epoch: 2, num_batch: 4
[2026-10-10 08:53:03,154][agent.finetune.train_ppo_diffusion_agent][INFO] - approx_kl: 0.0, update_epoch: 2, num_batch: 4
[2026-10-10 08:53:04,951][agent.finetune.train_ppo_diffusion_agent][INFO] - approx_kl: 0.0, update_epoch: 2, num_batch: 4
[2026-10-10 08:53:06,575][agent.finetune.train_ppo_diffusion_agent][INFO] - approx_kl: 0.0, update_epoch: 2, num_batch: 4
[2026-10-10 08:53:08,277][agent.finetune.train_ppo_diffusion_agent][INFO] - approx_kl: 0.0, update_epoch: 3, num_batch: 4
[2026-10-10 08:53:09,988][agent.finetune.train_ppo_diffusion_agent][INFO] - approx_kl: 0.0, update_epoch: 3, num_batch: 4
[2026-10-10 08:53:11,784][agent.finetune.train_ppo_diffusion_agent][INFO] - approx_kl: 0.0, update_epoch: 3, num_batch: 4
[2026-10-10 08:53:13,442][agent.finetune.train_ppo_diffusion_agent][INFO] - approx_kl: 0.0, update_epoch: 3, num_batch: 4
[2026-10-10 08:53:15,157][agent.finetune.train_ppo_diffusion_agent][INFO] - approx_kl: 0.0, update_epoch: 4, num_batch: 4
[2026-10-10 08:53:16,903][agent.finetune.train_ppo_diffusion_agent][INFO] - approx_kl: 0.0, update_epoch: 4, num_batch: 4
[2026-10-10 08:53:18,784][agent.finetune.train_ppo_diffusion_agent][INFO] - approx_kl: 0.0, update_epoch: 4, num_batch: 4
[2026-10-10 08:53:20,408][agent.finetune.train_ppo_diffusion_agent][INFO] - approx_kl: 0.0, update_epoch: 4, num_batch: 4
[2026-10-10 08:53:27,378][agent.finetune.train_ppo_diffusion_agent][INFO] - 59: step  4320000 | loss   0.9992 | pg loss   0.9460 | value loss   0.1063 | bc loss   0.0000 | reward 3949.7523 | eta   1.0000 | t: 53.4960 | kl_true_per_action=0.004231086341867081 | logratio_p99=0.09880957603454577 | clamp_hit_frac=0.0007791666666666666 | actor_step_ratio=1.0 | actor_step_clipfrac=0.0
[2026-10-10 08:53:27,379][agent.finetune.stage3_support][INFO] - STAGE3_METRICS {"J_disc_train": 1404.038861338165, "J_disc_train_se": 25.491233264103602, "action_oor_frac": 0.15712916666666665, "adv_raw_mean": -7.275957614183426e-16, "adv_raw_std": 283.2566744959799, "diagnostics_seconds": 0.11544610373675823, "episode_count": 80, "explained_var": 0.5922126173973083, "explained_var_reason": null, "grad_cos_prev": 0.04843554045789205, "grad_cos_prev_reason": null, "grad_norm": 23.99412486457518, "policy_action_oor_frac": 0.15715833333333334, "proj_active": false, "reward_clip_frac": 0.0, "rollout_seconds": 12.46858557779342, "split_diff_sq": 2406.9064202402615, "split_dot": -26.00857601601393, "theta_dist": 0.05640488987557672, "theta_dist_preproj": 0.05640488987557672, "update_norm": 0.008715082620070364, "update_seconds": 40.90845995116979, "x0_sat_frac_last": 0.06324476650563607, "x0_sat_frac_mean": 0.07775964899723714}
Processed step 0 of 500
Processed step 10 of 500
Processed step 20 of 500
Processed step 30 of 500
Processed step 40 of 500
Processed step 50 of 500
Processed step 60 of 500
Processed step 70 of 500
Processed step 80 of 500
Processed step 90 of 500
Processed step 100 of 500
Processed step 110 of 500
Processed step 120 of 500
Processed step 130 of 500
Processed step 140 of 500
Processed step 150 of 500
Processed step 160 of 500
Processed step 170 of 500
Processed step 180 of 500
Processed step 190 of 500
Processed step 200 of 500
Processed step 210 of 500
Processed step 220 of 500
Processed step 230 of 500
Processed step 240 of 500
Processed step 250 of 500
Processed step 260 of 500
Processed step 270 of 500
Processed step 280 of 500
Processed step 290 of 500
Processed step 300 of 500
Processed step 310 of 500
Processed step 320 of 500
Processed step 330 of 500
Processed step 340 of 500
Processed step 350 of 500
Processed step 360 of 500
Processed step 370 of 500
Processed step 380 of 500
Processed step 390 of 500
Processed step 400 of 500
Processed step 410 of 500
Processed step 420 of 500
Processed step 430 of 500
Processed step 440 of 500
Processed step 450 of 500
Processed step 460 of 500
Processed step 470 of 500
Processed step 480 of 500
Processed step 490 of 500
[2026-10-10 08:53:40,214][agent.finetune.train_ppo_diffusion_agent][INFO] - eval: success rate   1.0000 | avg episode reward 4404.3175 | avg best reward   6.5191
[2026-10-10 08:53:40,214][agent.finetune.stage3_support][INFO] - STAGE3_METRICS {"J_disc_eval": 1553.1787343394612, "J_disc_eval_se": 15.783104554438571, "action_oor_frac": 0.0, "diagnostics_seconds": 0.008589602075517178, "episode_count": 80, "policy_action_oor_frac": 0.0, "rollout_seconds": 12.823357742279768, "update_seconds": 0.0}
Processed step 0 of 500
Processed step 10 of 500
Processed step 20 of 500
Processed step 30 of 500
Processed step 40 of 500
Processed step 50 of 500
Processed step 60 of 500
Processed step 70 of 500
Processed step 80 of 500
Processed step 90 of 500
Processed step 100 of 500
Processed step 110 of 500
Processed step 120 of 500
Processed step 130 of 500
Processed step 140 of 500
Processed step 150 of 500
Processed step 160 of 500
Processed step 170 of 500
Processed step 180 of 500
Processed step 190 of 500
Processed step 200 of 500
Processed step 210 of 500
Processed step 220 of 500
Processed step 230 of 500
Processed step 240 of 500
Processed step 250 of 500
Processed step 260 of 500
Processed step 270 of 500
Processed step 280 of 500
Processed step 290 of 500
Processed step 300 of 500
Processed step 310 of 500
Processed step 320 of 500
Processed step 330 of 500
Processed step 340 of 500
Processed step 350 of 500
Processed step 360 of 500
Processed step 370 of 500
Processed step 380 of 500
Processed step 390 of 500
Processed step 400 of 500
Processed step 410 of 500
Processed step 420 of 500
Processed step 430 of 500
Processed step 440 of 500
Processed step 450 of 500
Processed step 460 of 500
Processed step 470 of 500
Processed step 480 of 500
Processed step 490 of 500
[2026-10-10 08:53:54,279][agent.finetune.train_ppo_diffusion_agent][INFO] - approx_kl: 0.0, update_epoch: 0, num_batch: 4
[2026-10-10 08:53:55,951][agent.finetune.train_ppo_diffusion_agent][INFO] - approx_kl: 0.0, update_epoch: 0, num_batch: 4
[2026-10-10 08:53:57,710][agent.finetune.train_ppo_diffusion_agent][INFO] - approx_kl: 0.0, update_epoch: 0, num_batch: 4
[2026-10-10 08:53:59,297][agent.finetune.train_ppo_diffusion_agent][INFO] - approx_kl: 0.0, update_epoch: 0, num_batch: 4
[2026-10-10 08:54:00,952][agent.finetune.train_ppo_diffusion_agent][INFO] - approx_kl: 0.0, update_epoch: 1, num_batch: 4
[2026-10-10 08:54:02,716][agent.finetune.train_ppo_diffusion_agent][INFO] - approx_kl: 0.0, update_epoch: 1, num_batch: 4
[2026-10-10 08:54:04,368][agent.finetune.train_ppo_diffusion_agent][INFO] - approx_kl: 0.0, update_epoch: 1, num_batch: 4
[2026-10-10 08:54:06,033][agent.finetune.train_ppo_diffusion_agent][INFO] - approx_kl: 0.0, update_epoch: 1, num_batch: 4
[2026-10-10 08:54:07,745][agent.finetune.train_ppo_diffusion_agent][INFO] - approx_kl: 0.0, update_epoch: 2, num_batch: 4
[2026-10-10 08:54:09,553][agent.finetune.train_ppo_diffusion_agent][INFO] - approx_kl: 0.0, update_epoch: 2, num_batch: 4
[2026-10-10 08:54:11,173][agent.finetune.train_ppo_diffusion_agent][INFO] - approx_kl: 0.0, update_epoch: 2, num_batch: 4
[2026-10-10 08:54:12,866][agent.finetune.train_ppo_diffusion_agent][INFO] - approx_kl: 0.0, update_epoch: 2, num_batch: 4
[2026-10-10 08:54:14,552][agent.finetune.train_ppo_diffusion_agent][INFO] - approx_kl: 0.0, update_epoch: 3, num_batch: 4
[2026-10-10 08:54:16,304][agent.finetune.train_ppo_diffusion_agent][INFO] - approx_kl: 0.0, update_epoch: 3, num_batch: 4
[2026-10-10 08:54:17,887][agent.finetune.train_ppo_diffusion_agent][INFO] - approx_kl: 0.0, update_epoch: 3, num_batch: 4
[2026-10-10 08:54:19,537][agent.finetune.train_ppo_diffusion_agent][INFO] - approx_kl: 0.0, update_epoch: 3, num_batch: 4
[2026-10-10 08:54:21,199][agent.finetune.train_ppo_diffusion_agent][INFO] - approx_kl: 0.0, update_epoch: 4, num_batch: 4
[2026-10-10 08:54:22,934][agent.finetune.train_ppo_diffusion_agent][INFO] - approx_kl: 0.0, update_epoch: 4, num_batch: 4
[2026-10-10 08:54:24,508][agent.finetune.train_ppo_diffusion_agent][INFO] - approx_kl: 0.0, update_epoch: 4, num_batch: 4
[2026-10-10 08:54:26,213][agent.finetune.train_ppo_diffusion_agent][INFO] - approx_kl: 0.0, update_epoch: 4, num_batch: 4
[2026-10-10 08:54:33,192][agent.finetune.train_ppo_diffusion_agent][INFO] - 61: step  4400000 | loss  -0.2326 | pg loss  -0.2870 | value loss   0.1086 | bc loss   0.0000 | reward 4069.0682 | eta   1.0000 | t: 52.9784 | kl_true_per_action=0.0026503561302496014 | logratio_p99=0.08474487900733933 | clamp_hit_frac=0.0007833333333333334 | actor_step_ratio=1.0 | actor_step_clipfrac=0.0
[2026-10-10 08:54:33,193][agent.finetune.stage3_support][INFO] - STAGE3_METRICS {"J_disc_train": 1428.994462336351, "J_disc_train_se": 17.98307232653832, "action_oor_frac": 0.16020625, "adv_raw_mean": -1.509761204943061e-14, "adv_raw_std": 188.99479919094932, "diagnostics_seconds": 0.10751745570451021, "episode_count": 80, "explained_var": 0.2848498225212097, "explained_var_reason": null, "grad_cos_prev": 0.0065939267036314204, "grad_cos_prev_reason": null, "grad_norm": 15.780360579674172, "policy_action_oor_frac": 0.1602375, "proj_active": false, "reward_clip_frac": 0.0, "rollout_seconds": 12.151250153779984, "split_diff_sq": 925.1260440227684, "split_dot": 17.738270495083466, "theta_dist": 0.056881867883568485, "theta_dist_preproj": 0.056881867883568485, "update_norm": 0.005731705649901509, "update_seconds": 40.71593684516847, "x0_sat_frac_last": 0.053503046127067015, "x0_sat_frac_mean": 0.07928668668776885}
Processed step 0 of 500
Processed step 10 of 500
Processed step 20 of 500
Processed step 30 of 500
Processed step 40 of 500
Processed step 50 of 500
Processed step 60 of 500
Processed step 70 of 500
Processed step 80 of 500
Processed step 90 of 500
Processed step 100 of 500
Processed step 110 of 500
Processed step 120 of 500
Processed step 130 of 500
Processed step 140 of 500
Processed step 150 of 500
Processed step 160 of 500
Processed step 170 of 500
Processed step 180 of 500
Processed step 190 of 500
Processed step 200 of 500
Processed step 210 of 500
Processed step 220 of 500
Processed step 230 of 500
Processed step 240 of 500
Processed step 250 of 500
Processed step 260 of 500
Processed step 270 of 500
Processed step 280 of 500
Processed step 290 of 500
Processed step 300 of 500
Processed step 310 of 500
Processed step 320 of 500
Processed step 330 of 500
Processed step 340 of 500
Processed step 350 of 500
Processed step 360 of 500
Processed step 370 of 500
Processed step 380 of 500
Processed step 390 of 500
Processed step 400 of 500
Processed step 410 of 500
Processed step 420 of 500
Processed step 430 of 500
Processed step 440 of 500
Processed step 450 of 500
Processed step 460 of 500
Processed step 470 of 500
Processed step 480 of 500
Processed step 490 of 500
[2026-10-10 08:54:47,433][agent.finetune.train_ppo_diffusion_agent][INFO] - approx_kl: 0.0, update_epoch: 0, num_batch: 4
[2026-10-10 08:54:49,221][agent.finetune.train_ppo_diffusion_agent][INFO] - approx_kl: 0.0, update_epoch: 0, num_batch: 4
[2026-10-10 08:54:50,842][agent.finetune.train_ppo_diffusion_agent][INFO] - approx_kl: 0.0, update_epoch: 0, num_batch: 4
[2026-10-10 08:54:52,545][agent.finetune.train_ppo_diffusion_agent][INFO] - approx_kl: 0.0, update_epoch: 0, num_batch: 4
[2026-10-10 08:54:54,267][agent.finetune.train_ppo_diffusion_agent][INFO] - approx_kl: 0.0, update_epoch: 1, num_batch: 4
[2026-10-10 08:54:56,053][agent.finetune.train_ppo_diffusion_agent][INFO] - approx_kl: 0.0, update_epoch: 1, num_batch: 4
[2026-10-10 08:54:57,684][agent.finetune.train_ppo_diffusion_agent][INFO] - approx_kl: 0.0, update_epoch: 1, num_batch: 4
[2026-10-10 08:54:59,387][agent.finetune.train_ppo_diffusion_agent][INFO] - approx_kl: 0.0, update_epoch: 1, num_batch: 4
[2026-10-10 08:55:01,096][agent.finetune.train_ppo_diffusion_agent][INFO] - approx_kl: 0.0, update_epoch: 2, num_batch: 4
[2026-10-10 08:55:02,896][agent.finetune.train_ppo_diffusion_agent][INFO] - approx_kl: 0.0, update_epoch: 2, num_batch: 4
[2026-10-10 08:55:04,520][agent.finetune.train_ppo_diffusion_agent][INFO] - approx_kl: 0.0, update_epoch: 2, num_batch: 4
[2026-10-10 08:55:06,226][agent.finetune.train_ppo_diffusion_agent][INFO] - approx_kl: 0.0, update_epoch: 2, num_batch: 4
[2026-10-10 08:55:07,994][agent.finetune.train_ppo_diffusion_agent][INFO] - approx_kl: 0.0, update_epoch: 3, num_batch: 4
[2026-10-10 08:55:09,843][agent.finetune.train_ppo_diffusion_agent][INFO] - approx_kl: 0.0, update_epoch: 3, num_batch: 4
[2026-10-10 08:55:11,491][agent.finetune.train_ppo_diffusion_agent][INFO] - approx_kl: 0.0, update_epoch: 3, num_batch: 4
[2026-10-10 08:55:13,268][agent.finetune.train_ppo_diffusion_agent][INFO] - approx_kl: 0.0, update_epoch: 3, num_batch: 4
[2026-10-10 08:55:14,979][agent.finetune.train_ppo_diffusion_agent][INFO] - approx_kl: 0.0, update_epoch: 4, num_batch: 4
[2026-10-10 08:55:16,786][agent.finetune.train_ppo_diffusion_agent][INFO] - approx_kl: 0.0, update_epoch: 4, num_batch: 4
[2026-10-10 08:55:18,432][agent.finetune.train_ppo_diffusion_agent][INFO] - approx_kl: 0.0, update_epoch: 4, num_batch: 4
[2026-10-10 08:55:20,135][agent.finetune.train_ppo_diffusion_agent][INFO] - approx_kl: 0.0, update_epoch: 4, num_batch: 4
[2026-10-10 08:55:27,081][agent.finetune.train_ppo_diffusion_agent][INFO] - 62: step  4480000 | loss  -0.8231 | pg loss  -0.8755 | value loss   0.1047 | bc loss   0.0000 | reward 4109.8980 | eta   1.0000 | t: 53.8891 | kl_true_per_action=0.0007388528819284299 | logratio_p99=0.0353397524356842 | clamp_hit_frac=0.0008270833333333333 | actor_step_ratio=1.0 | actor_step_clipfrac=0.0
[2026-10-10 08:55:27,082][agent.finetune.stage3_support][INFO] - STAGE3_METRICS {"J_disc_train": 1451.0853869933671, "J_disc_train_se": 14.186921684401897, "action_oor_frac": 0.15873333333333334, "adv_raw_mean": 2.9103830456733705e-15, "adv_raw_std": 178.7543702904345, "diagnostics_seconds": 0.11140983458608389, "episode_count": 80, "explained_var": 0.30317801237106323, "explained_var_reason": null, "grad_cos_prev": -0.04223187446811545, "grad_cos_prev_reason": null, "grad_norm": 12.881879600351159, "policy_action_oor_frac": 0.15876458333333332, "proj_active": false, "reward_clip_frac": 0.0, "rollout_seconds": 12.28633009083569, "split_diff_sq": 770.3124166906921, "split_dot": -26.63528732523501, "theta_dist": 0.05724843112945447, "theta_dist_preproj": 0.05724843112945447, "update_norm": 0.004678912048362037, "update_seconds": 41.48778047692031, "x0_sat_frac_last": 0.048757993113625185, "x0_sat_frac_mean": 0.07873233650184513}
Processed step 0 of 500
Processed step 10 of 500
Processed step 20 of 500
Processed step 30 of 500
Processed step 40 of 500
Processed step 50 of 500
Processed step 60 of 500
Processed step 70 of 500
Processed step 80 of 500
Processed step 90 of 500
Processed step 100 of 500
Processed step 110 of 500
Processed step 120 of 500
Processed step 130 of 500
Processed step 140 of 500
Processed step 150 of 500
Processed step 160 of 500
Processed step 170 of 500
Processed step 180 of 500
Processed step 190 of 500
Processed step 200 of 500
Processed step 210 of 500
Processed step 220 of 500
Processed step 230 of 500
Processed step 240 of 500
Processed step 250 of 500
Processed step 260 of 500
Processed step 270 of 500
Processed step 280 of 500
Processed step 290 of 500
Processed step 300 of 500
Processed step 310 of 500
Processed step 320 of 500
Processed step 330 of 500
Processed step 340 of 500
Processed step 350 of 500
Processed step 360 of 500
Processed step 370 of 500
Processed step 380 of 500
Processed step 390 of 500
Processed step 400 of 500
Processed step 410 of 500
Processed step 420 of 500
Processed step 430 of 500
Processed step 440 of 500
Processed step 450 of 500
Processed step 460 of 500
Processed step 470 of 500
Processed step 480 of 500
Processed step 490 of 500
[2026-10-10 08:55:41,094][agent.finetune.train_ppo_diffusion_agent][INFO] - approx_kl: 0.0, update_epoch: 0, num_batch: 4
[2026-10-10 08:55:42,901][agent.finetune.train_ppo_diffusion_agent][INFO] - approx_kl: 0.0, update_epoch: 0, num_batch: 4
[2026-10-10 08:55:44,529][agent.finetune.train_ppo_diffusion_agent][INFO] - approx_kl: 0.0, update_epoch: 0, num_batch: 4
[2026-10-10 08:55:46,235][agent.finetune.train_ppo_diffusion_agent][INFO] - approx_kl: 0.0, update_epoch: 0, num_batch: 4
[2026-10-10 08:55:47,966][agent.finetune.train_ppo_diffusion_agent][INFO] - approx_kl: 0.0, update_epoch: 1, num_batch: 4
[2026-10-10 08:55:49,775][agent.finetune.train_ppo_diffusion_agent][INFO] - approx_kl: 0.0, update_epoch: 1, num_batch: 4
[2026-10-10 08:55:51,429][agent.finetune.train_ppo_diffusion_agent][INFO] - approx_kl: 0.0, update_epoch: 1, num_batch: 4
[2026-10-10 08:55:53,163][agent.finetune.train_ppo_diffusion_agent][INFO] - approx_kl: 0.0, update_epoch: 1, num_batch: 4
[2026-10-10 08:55:54,906][agent.finetune.train_ppo_diffusion_agent][INFO] - approx_kl: 0.0, update_epoch: 2, num_batch: 4
[2026-10-10 08:55:56,722][agent.finetune.train_ppo_diffusion_agent][INFO] - approx_kl: 0.0, update_epoch: 2, num_batch: 4
[2026-10-10 08:55:58,368][agent.finetune.train_ppo_diffusion_agent][INFO] - approx_kl: 0.0, update_epoch: 2, num_batch: 4
[2026-10-10 08:56:00,083][agent.finetune.train_ppo_diffusion_agent][INFO] - approx_kl: 0.0, update_epoch: 2, num_batch: 4
[2026-10-10 08:56:01,829][agent.finetune.train_ppo_diffusion_agent][INFO] - approx_kl: 0.0, update_epoch: 3, num_batch: 4
[2026-10-10 08:56:03,635][agent.finetune.train_ppo_diffusion_agent][INFO] - approx_kl: 0.0, update_epoch: 3, num_batch: 4
[2026-10-10 08:56:05,285][agent.finetune.train_ppo_diffusion_agent][INFO] - approx_kl: 0.0, update_epoch: 3, num_batch: 4
[2026-10-10 08:56:07,034][agent.finetune.train_ppo_diffusion_agent][INFO] - approx_kl: 0.0, update_epoch: 3, num_batch: 4
[2026-10-10 08:56:08,765][agent.finetune.train_ppo_diffusion_agent][INFO] - approx_kl: 0.0, update_epoch: 4, num_batch: 4
[2026-10-10 08:56:10,581][agent.finetune.train_ppo_diffusion_agent][INFO] - approx_kl: 0.0, update_epoch: 4, num_batch: 4
[2026-10-10 08:56:12,229][agent.finetune.train_ppo_diffusion_agent][INFO] - approx_kl: 0.0, update_epoch: 4, num_batch: 4
[2026-10-10 08:56:13,949][agent.finetune.train_ppo_diffusion_agent][INFO] - approx_kl: 0.0, update_epoch: 4, num_batch: 4
[2026-10-10 08:56:20,890][agent.finetune.train_ppo_diffusion_agent][INFO] - 63: step  4560000 | loss   0.7580 | pg loss   0.7051 | value loss   0.1059 | bc loss   0.0000 | reward 4012.1393 | eta   1.0000 | t: 53.8082 | kl_true_per_action=0.0030317568076640156 | logratio_p99=0.07515407919883724 | clamp_hit_frac=0.000825 | actor_step_ratio=1.0 | actor_step_clipfrac=0.0
[2026-10-10 08:56:20,890][agent.finetune.stage3_support][INFO] - STAGE3_METRICS {"J_disc_train": 1429.9485842408656, "J_disc_train_se": 21.658453156810594, "action_oor_frac": 0.155875, "adv_raw_mean": -7.275957614183426e-15, "adv_raw_std": 252.16315936285372, "diagnostics_seconds": 0.1068261917680502, "episode_count": 80, "explained_var": 0.5109180510044098, "explained_var_reason": null, "grad_cos_prev": 0.051207786550278835, "grad_cos_prev_reason": null, "grad_norm": 21.520428655999368, "policy_action_oor_frac": 0.15590833333333334, "proj_active": false, "reward_clip_frac": 0.0, "rollout_seconds": 12.099970445036888, "split_diff_sq": 1891.3469903861055, "split_dot": -9.707910132831884, "theta_dist": 0.05797864255157198, "theta_dist_preproj": 0.05797864255157198, "update_norm": 0.007816590494816932, "update_seconds": 41.59744341112673, "x0_sat_frac_last": 0.04769076305220884, "x0_sat_frac_mean": 0.0783026298864702}
Processed step 0 of 500
Processed step 10 of 500
Processed step 20 of 500
Processed step 30 of 500
Processed step 40 of 500
Processed step 50 of 500
Processed step 60 of 500
Processed step 70 of 500
Processed step 80 of 500
Processed step 90 of 500
Processed step 100 of 500
Processed step 110 of 500
Processed step 120 of 500
Processed step 130 of 500
Processed step 140 of 500
Processed step 150 of 500
Processed step 160 of 500
Processed step 170 of 500
Processed step 180 of 500
Processed step 190 of 500
Processed step 200 of 500
Processed step 210 of 500
Processed step 220 of 500
Processed step 230 of 500
Processed step 240 of 500
Processed step 250 of 500
Processed step 260 of 500
Processed step 270 of 500
Processed step 280 of 500
Processed step 290 of 500
Processed step 300 of 500
Processed step 310 of 500
Processed step 320 of 500
Processed step 330 of 500
Processed step 340 of 500
Processed step 350 of 500
Processed step 360 of 500
Processed step 370 of 500
Processed step 380 of 500
Processed step 390 of 500
Processed step 400 of 500
Processed step 410 of 500
Processed step 420 of 500
Processed step 430 of 500
Processed step 440 of 500
Processed step 450 of 500
Processed step 460 of 500
Processed step 470 of 500
Processed step 480 of 500
Processed step 490 of 500
[2026-10-10 08:56:35,099][agent.finetune.train_ppo_diffusion_agent][INFO] - approx_kl: 0.0, update_epoch: 0, num_batch: 4
[2026-10-10 08:56:36,951][agent.finetune.train_ppo_diffusion_agent][INFO] - approx_kl: 0.0, update_epoch: 0, num_batch: 4
[2026-10-10 08:56:38,632][agent.finetune.train_ppo_diffusion_agent][INFO] - approx_kl: 0.0, update_epoch: 0, num_batch: 4
[2026-10-10 08:56:40,409][agent.finetune.train_ppo_diffusion_agent][INFO] - approx_kl: 0.0, update_epoch: 0, num_batch: 4
[2026-10-10 08:56:42,159][agent.finetune.train_ppo_diffusion_agent][INFO] - approx_kl: 0.0, update_epoch: 1, num_batch: 4
[2026-10-10 08:56:44,028][agent.finetune.train_ppo_diffusion_agent][INFO] - approx_kl: 0.0, update_epoch: 1, num_batch: 4
[2026-10-10 08:56:45,661][agent.finetune.train_ppo_diffusion_agent][INFO] - approx_kl: 0.0, update_epoch: 1, num_batch: 4
[2026-10-10 08:56:47,417][agent.finetune.train_ppo_diffusion_agent][INFO] - approx_kl: 0.0, update_epoch: 1, num_batch: 4
[2026-10-10 08:56:49,130][agent.finetune.train_ppo_diffusion_agent][INFO] - approx_kl: 0.0, update_epoch: 2, num_batch: 4
[2026-10-10 08:56:50,973][agent.finetune.train_ppo_diffusion_agent][INFO] - approx_kl: 0.0, update_epoch: 2, num_batch: 4
[2026-10-10 08:56:52,602][agent.finetune.train_ppo_diffusion_agent][INFO] - approx_kl: 0.0, update_epoch: 2, num_batch: 4
[2026-10-10 08:56:54,335][agent.finetune.train_ppo_diffusion_agent][INFO] - approx_kl: 0.0, update_epoch: 2, num_batch: 4
[2026-10-10 08:56:56,058][agent.finetune.train_ppo_diffusion_agent][INFO] - approx_kl: 0.0, update_epoch: 3, num_batch: 4
[2026-10-10 08:56:57,886][agent.finetune.train_ppo_diffusion_agent][INFO] - approx_kl: 0.0, update_epoch: 3, num_batch: 4
[2026-10-10 08:56:59,525][agent.finetune.train_ppo_diffusion_agent][INFO] - approx_kl: 0.0, update_epoch: 3, num_batch: 4
[2026-10-10 08:57:01,239][agent.finetune.train_ppo_diffusion_agent][INFO] - approx_kl: 0.0, update_epoch: 3, num_batch: 4
[2026-10-10 08:57:02,983][agent.finetune.train_ppo_diffusion_agent][INFO] - approx_kl: 0.0, update_epoch: 4, num_batch: 4
[2026-10-10 08:57:04,800][agent.finetune.train_ppo_diffusion_agent][INFO] - approx_kl: 0.0, update_epoch: 4, num_batch: 4
[2026-10-10 08:57:06,439][agent.finetune.train_ppo_diffusion_agent][INFO] - approx_kl: 0.0, update_epoch: 4, num_batch: 4
[2026-10-10 08:57:08,149][agent.finetune.train_ppo_diffusion_agent][INFO] - approx_kl: 0.0, update_epoch: 4, num_batch: 4
[2026-10-10 08:57:14,901][agent.finetune.train_ppo_diffusion_agent][INFO] - 64: step  4640000 | loss   0.1323 | pg loss   0.0784 | value loss   0.1077 | bc loss   0.0000 | reward 3861.9094 | eta   1.0000 | t: 54.0110 | kl_true_per_action=0.002965691287370961 | logratio_p99=0.07528591454029075 | clamp_hit_frac=0.0007875 | actor_step_ratio=1.0 | actor_step_clipfrac=0.0
[2026-10-10 08:57:14,901][agent.finetune.stage3_support][INFO] - STAGE3_METRICS {"J_disc_train": 1386.057096853434, "J_disc_train_se": 21.35765020491251, "action_oor_frac": 0.15138958333333333, "adv_raw_mean": -3.246896085329354e-14, "adv_raw_std": 284.9639981857837, "diagnostics_seconds": 0.10947313159704208, "episode_count": 80, "explained_var": 0.5827950537204742, "explained_var_reason": null, "grad_cos_prev": 0.03352656045937606, "grad_cos_prev_reason": null, "grad_norm": 22.855042414083126, "policy_action_oor_frac": 0.15141875, "proj_active": false, "reward_clip_frac": 0.0, "rollout_seconds": 12.236170107498765, "split_diff_sq": 2029.6465516854912, "split_dot": 14.941338232279087, "theta_dist": 0.059144692835067396, "theta_dist_preproj": 0.059144692835067396, "update_norm": 0.008301348748351029, "update_seconds": 41.6619382109493, "x0_sat_frac_last": 0.0452418096723869, "x0_sat_frac_mean": 0.07724883446699382}
Processed step 0 of 500
Processed step 10 of 500
Processed step 20 of 500
Processed step 30 of 500
Processed step 40 of 500
Processed step 50 of 500
Processed step 60 of 500
Processed step 70 of 500
Processed step 80 of 500
Processed step 90 of 500
Processed step 100 of 500
Processed step 110 of 500
Processed step 120 of 500
Processed step 130 of 500
Processed step 140 of 500
Processed step 150 of 500
Processed step 160 of 500
Processed step 170 of 500
Processed step 180 of 500
Processed step 190 of 500
Processed step 200 of 500
Processed step 210 of 500
Processed step 220 of 500
Processed step 230 of 500
Processed step 240 of 500
Processed step 250 of 500
Processed step 260 of 500
Processed step 270 of 500
Processed step 280 of 500
Processed step 290 of 500
Processed step 300 of 500
Processed step 310 of 500
Processed step 320 of 500
Processed step 330 of 500
Processed step 340 of 500
Processed step 350 of 500
Processed step 360 of 500
Processed step 370 of 500
Processed step 380 of 500
Processed step 390 of 500
Processed step 400 of 500
Processed step 410 of 500
Processed step 420 of 500
Processed step 430 of 500
Processed step 440 of 500
Processed step 450 of 500
Processed step 460 of 500
Processed step 470 of 500
Processed step 480 of 500
Processed step 490 of 500
[2026-10-10 08:57:30,719][agent.finetune.train_ppo_diffusion_agent][INFO] - approx_kl: 0.0, update_epoch: 0, num_batch: 4
[2026-10-10 08:57:32,357][agent.finetune.train_ppo_diffusion_agent][INFO] - approx_kl: 0.0, update_epoch: 0, num_batch: 4
[2026-10-10 08:57:34,113][agent.finetune.train_ppo_diffusion_agent][INFO] - approx_kl: 0.0, update_epoch: 0, num_batch: 4
[2026-10-10 08:57:35,841][agent.finetune.train_ppo_diffusion_agent][INFO] - approx_kl: 0.0, update_epoch: 0, num_batch: 4
[2026-10-10 08:57:37,670][agent.finetune.train_ppo_diffusion_agent][INFO] - approx_kl: 0.0, update_epoch: 1, num_batch: 4
[2026-10-10 08:57:39,307][agent.finetune.train_ppo_diffusion_agent][INFO] - approx_kl: 0.0, update_epoch: 1, num_batch: 4
[2026-10-10 08:57:41,068][agent.finetune.train_ppo_diffusion_agent][INFO] - approx_kl: 0.0, update_epoch: 1, num_batch: 4
[2026-10-10 08:57:42,779][agent.finetune.train_ppo_diffusion_agent][INFO] - approx_kl: 0.0, update_epoch: 1, num_batch: 4
[2026-10-10 08:57:44,627][agent.finetune.train_ppo_diffusion_agent][INFO] - approx_kl: 0.0, update_epoch: 2, num_batch: 4
[2026-10-10 08:57:46,275][agent.finetune.train_ppo_diffusion_agent][INFO] - approx_kl: 0.0, update_epoch: 2, num_batch: 4
[2026-10-10 08:57:48,003][agent.finetune.train_ppo_diffusion_agent][INFO] - approx_kl: 0.0, update_epoch: 2, num_batch: 4
[2026-10-10 08:57:49,723][agent.finetune.train_ppo_diffusion_agent][INFO] - approx_kl: 0.0, update_epoch: 2, num_batch: 4
[2026-10-10 08:57:51,468][agent.finetune.train_ppo_diffusion_agent][INFO] - approx_kl: 0.0, update_epoch: 3, num_batch: 4
[2026-10-10 08:57:52,959][agent.finetune.train_ppo_diffusion_agent][INFO] - approx_kl: 0.0, update_epoch: 3, num_batch: 4
[2026-10-10 08:57:54,529][agent.finetune.train_ppo_diffusion_agent][INFO] - approx_kl: 0.0, update_epoch: 3, num_batch: 4
[2026-10-10 08:57:56,092][agent.finetune.train_ppo_diffusion_agent][INFO] - approx_kl: 0.0, update_epoch: 3, num_batch: 4
[2026-10-10 08:57:57,733][agent.finetune.train_ppo_diffusion_agent][INFO] - approx_kl: 0.0, update_epoch: 4, num_batch: 4
[2026-10-10 08:57:59,204][agent.finetune.train_ppo_diffusion_agent][INFO] - approx_kl: 0.0, update_epoch: 4, num_batch: 4
[2026-10-10 08:58:00,757][agent.finetune.train_ppo_diffusion_agent][INFO] - approx_kl: 0.0, update_epoch: 4, num_batch: 4
[2026-10-10 08:58:02,314][agent.finetune.train_ppo_diffusion_agent][INFO] - approx_kl: 0.0, update_epoch: 4, num_batch: 4
[2026-10-10 08:58:08,647][agent.finetune.train_ppo_diffusion_agent][INFO] - 65: step  4720000 | loss   1.4635 | pg loss   1.4095 | value loss   0.1080 | bc loss   0.0000 | reward 3947.3059 | eta   1.0000 | t: 53.7469 | kl_true_per_action=0.005724937905047391 | logratio_p99=0.11777997493743877 | clamp_hit_frac=0.0008104166666666666 | actor_step_ratio=1.0 | actor_step_clipfrac=0.0
[2026-10-10 08:58:08,648][agent.finetune.stage3_support][INFO] - STAGE3_METRICS {"J_disc_train": 1382.117922198288, "J_disc_train_se": 24.908186025356514, "action_oor_frac": 0.15346875, "adv_raw_mean": -1.1641532182693482e-14, "adv_raw_std": 253.59706251380118, "diagnostics_seconds": 0.1135547710582614, "episode_count": 80, "explained_var": 0.4705979824066162, "explained_var_reason": null, "grad_cos_prev": 0.025414076432109564, "grad_cos_prev_reason": null, "grad_norm": 24.58678636821064, "policy_action_oor_frac": 0.1535, "proj_active": false, "reward_clip_frac": 0.0, "rollout_seconds": 13.810686705633998, "split_diff_sq": 2185.467966029995, "split_dot": 58.143097549233566, "theta_dist": 0.06050747569959709, "theta_dist_preproj": 0.06050747569959709, "update_norm": 0.008930345438204753, "update_seconds": 39.81868551764637, "x0_sat_frac_last": 0.04850177755205688, "x0_sat_frac_mean": 0.0796608535627277}
Processed step 0 of 500
Processed step 10 of 500
Processed step 20 of 500
Processed step 30 of 500
Processed step 40 of 500
Processed step 50 of 500
Processed step 60 of 500
Processed step 70 of 500
Processed step 80 of 500
Processed step 90 of 500
Processed step 100 of 500
Processed step 110 of 500
Processed step 120 of 500
Processed step 130 of 500
Processed step 140 of 500
Processed step 150 of 500
Processed step 160 of 500
Processed step 170 of 500
Processed step 180 of 500
Processed step 190 of 500
Processed step 200 of 500
Processed step 210 of 500
Processed step 220 of 500
Processed step 230 of 500
Processed step 240 of 500
Processed step 250 of 500
Processed step 260 of 500
Processed step 270 of 500
Processed step 280 of 500
Processed step 290 of 500
Processed step 300 of 500
Processed step 310 of 500
Processed step 320 of 500
Processed step 330 of 500
Processed step 340 of 500
Processed step 350 of 500
Processed step 360 of 500
Processed step 370 of 500
Processed step 380 of 500
Processed step 390 of 500
Processed step 400 of 500
Processed step 410 of 500
Processed step 420 of 500
Processed step 430 of 500
Processed step 440 of 500
Processed step 450 of 500
Processed step 460 of 500
Processed step 470 of 500
Processed step 480 of 500
Processed step 490 of 500
[2026-10-10 08:58:25,357][agent.finetune.train_ppo_diffusion_agent][INFO] - approx_kl: 0.0, update_epoch: 0, num_batch: 4
[2026-10-10 08:58:26,953][agent.finetune.train_ppo_diffusion_agent][INFO] - approx_kl: 0.0, update_epoch: 0, num_batch: 4
[2026-10-10 08:58:28,592][agent.finetune.train_ppo_diffusion_agent][INFO] - approx_kl: 0.0, update_epoch: 0, num_batch: 4
[2026-10-10 08:58:30,217][agent.finetune.train_ppo_diffusion_agent][INFO] - approx_kl: 0.0, update_epoch: 0, num_batch: 4
[2026-10-10 08:58:31,978][agent.finetune.train_ppo_diffusion_agent][INFO] - approx_kl: 0.0, update_epoch: 1, num_batch: 4
[2026-10-10 08:58:33,596][agent.finetune.train_ppo_diffusion_agent][INFO] - approx_kl: 0.0, update_epoch: 1, num_batch: 4
[2026-10-10 08:58:35,263][agent.finetune.train_ppo_diffusion_agent][INFO] - approx_kl: 0.0, update_epoch: 1, num_batch: 4
[2026-10-10 08:58:36,890][agent.finetune.train_ppo_diffusion_agent][INFO] - approx_kl: 0.0, update_epoch: 1, num_batch: 4
[2026-10-10 08:58:38,661][agent.finetune.train_ppo_diffusion_agent][INFO] - approx_kl: 0.0, update_epoch: 2, num_batch: 4
[2026-10-10 08:58:40,233][agent.finetune.train_ppo_diffusion_agent][INFO] - approx_kl: 0.0, update_epoch: 2, num_batch: 4
[2026-10-10 08:58:41,878][agent.finetune.train_ppo_diffusion_agent][INFO] - approx_kl: 0.0, update_epoch: 2, num_batch: 4
[2026-10-10 08:58:43,587][agent.finetune.train_ppo_diffusion_agent][INFO] - approx_kl: 0.0, update_epoch: 2, num_batch: 4
[2026-10-10 08:58:45,347][agent.finetune.train_ppo_diffusion_agent][INFO] - approx_kl: 0.0, update_epoch: 3, num_batch: 4
[2026-10-10 08:58:46,921][agent.finetune.train_ppo_diffusion_agent][INFO] - approx_kl: 0.0, update_epoch: 3, num_batch: 4
[2026-10-10 08:58:48,523][agent.finetune.train_ppo_diffusion_agent][INFO] - approx_kl: 0.0, update_epoch: 3, num_batch: 4
[2026-10-10 08:58:50,231][agent.finetune.train_ppo_diffusion_agent][INFO] - approx_kl: 0.0, update_epoch: 3, num_batch: 4
[2026-10-10 08:58:52,024][agent.finetune.train_ppo_diffusion_agent][INFO] - approx_kl: 0.0, update_epoch: 4, num_batch: 4
[2026-10-10 08:58:53,666][agent.finetune.train_ppo_diffusion_agent][INFO] - approx_kl: 0.0, update_epoch: 4, num_batch: 4
[2026-10-10 08:58:55,367][agent.finetune.train_ppo_diffusion_agent][INFO] - approx_kl: 0.0, update_epoch: 4, num_batch: 4
[2026-10-10 08:58:57,115][agent.finetune.train_ppo_diffusion_agent][INFO] - approx_kl: 0.0, update_epoch: 4, num_batch: 4
[2026-10-10 08:59:04,032][agent.finetune.train_ppo_diffusion_agent][INFO] - 66: step  4800000 | loss  -0.8173 | pg loss  -0.8698 | value loss   0.1050 | bc loss   0.0000 | reward 3931.5009 | eta   1.0000 | t: 55.3847 | kl_true_per_action=0.005388062910669509 | logratio_p99=0.11075588226318334 | clamp_hit_frac=0.0007291666666666667 | actor_step_ratio=1.0 | actor_step_clipfrac=0.0
[2026-10-10 08:59:04,032][agent.finetune.stage3_support][INFO] - STAGE3_METRICS {"J_disc_train": 1409.0145134008403, "J_disc_train_se": 22.348464820465814, "action_oor_frac": 0.15677916666666666, "adv_raw_mean": 1.964508555829525e-14, "adv_raw_std": 285.9739704877899, "diagnostics_seconds": 0.11474976781755686, "episode_count": 80, "explained_var": 0.5921972692012787, "explained_var_reason": null, "grad_cos_prev": 0.06529016325663814, "grad_cos_prev_reason": null, "grad_norm": 24.434410279891846, "policy_action_oor_frac": 0.15679791666666668, "proj_active": false, "reward_clip_frac": 0.0, "rollout_seconds": 14.643602822907269, "split_diff_sq": 2395.774260271885, "split_dot": -1.9031639092696846, "theta_dist": 0.06095863398540908, "theta_dist_preproj": 0.06095863398540908, "update_norm": 0.008875005268998395, "update_seconds": 40.62238468043506, "x0_sat_frac_last": 0.054835598054017776, "x0_sat_frac_mean": 0.08006739031049265}
Processed step 0 of 500
Processed step 10 of 500
Processed step 20 of 500
Processed step 30 of 500
Processed step 40 of 500
Processed step 50 of 500
Processed step 60 of 500
Processed step 70 of 500
Processed step 80 of 500
Processed step 90 of 500
Processed step 100 of 500
Processed step 110 of 500
Processed step 120 of 500
Processed step 130 of 500
Processed step 140 of 500
Processed step 150 of 500
Processed step 160 of 500
Processed step 170 of 500
Processed step 180 of 500
Processed step 190 of 500
Processed step 200 of 500
Processed step 210 of 500
Processed step 220 of 500
Processed step 230 of 500
Processed step 240 of 500
Processed step 250 of 500
Processed step 260 of 500
Processed step 270 of 500
Processed step 280 of 500
Processed step 290 of 500
Processed step 300 of 500
Processed step 310 of 500
Processed step 320 of 500
Processed step 330 of 500
Processed step 340 of 500
Processed step 350 of 500
Processed step 360 of 500
Processed step 370 of 500
Processed step 380 of 500
Processed step 390 of 500
Processed step 400 of 500
Processed step 410 of 500
Processed step 420 of 500
Processed step 430 of 500
Processed step 440 of 500
Processed step 450 of 500
Processed step 460 of 500
Processed step 470 of 500
Processed step 480 of 500
Processed step 490 of 500
[2026-10-10 08:59:18,849][agent.finetune.train_ppo_diffusion_agent][INFO] - approx_kl: 0.0, update_epoch: 0, num_batch: 4
[2026-10-10 08:59:20,493][agent.finetune.train_ppo_diffusion_agent][INFO] - approx_kl: 0.0, update_epoch: 0, num_batch: 4
[2026-10-10 08:59:22,226][agent.finetune.train_ppo_diffusion_agent][INFO] - approx_kl: 0.0, update_epoch: 0, num_batch: 4
[2026-10-10 08:59:24,027][agent.finetune.train_ppo_diffusion_agent][INFO] - approx_kl: 0.0, update_epoch: 0, num_batch: 4
[2026-10-10 08:59:25,671][agent.finetune.train_ppo_diffusion_agent][INFO] - approx_kl: 0.0, update_epoch: 1, num_batch: 4
[2026-10-10 08:59:27,330][agent.finetune.train_ppo_diffusion_agent][INFO] - approx_kl: 0.0, update_epoch: 1, num_batch: 4
[2026-10-10 08:59:29,010][agent.finetune.train_ppo_diffusion_agent][INFO] - approx_kl: 0.0, update_epoch: 1, num_batch: 4
[2026-10-10 08:59:30,792][agent.finetune.train_ppo_diffusion_agent][INFO] - approx_kl: 0.0, update_epoch: 1, num_batch: 4
[2026-10-10 08:59:32,354][agent.finetune.train_ppo_diffusion_agent][INFO] - approx_kl: 0.0, update_epoch: 2, num_batch: 4
[2026-10-10 08:59:34,058][agent.finetune.train_ppo_diffusion_agent][INFO] - approx_kl: 0.0, update_epoch: 2, num_batch: 4
[2026-10-10 08:59:35,747][agent.finetune.train_ppo_diffusion_agent][INFO] - approx_kl: 0.0, update_epoch: 2, num_batch: 4
[2026-10-10 08:59:37,570][agent.finetune.train_ppo_diffusion_agent][INFO] - approx_kl: 0.0, update_epoch: 2, num_batch: 4
[2026-10-10 08:59:39,243][agent.finetune.train_ppo_diffusion_agent][INFO] - approx_kl: 0.0, update_epoch: 3, num_batch: 4
[2026-10-10 08:59:40,935][agent.finetune.train_ppo_diffusion_agent][INFO] - approx_kl: 0.0, update_epoch: 3, num_batch: 4
[2026-10-10 08:59:42,602][agent.finetune.train_ppo_diffusion_agent][INFO] - approx_kl: 0.0, update_epoch: 3, num_batch: 4
[2026-10-10 08:59:44,403][agent.finetune.train_ppo_diffusion_agent][INFO] - approx_kl: 0.0, update_epoch: 3, num_batch: 4
[2026-10-10 08:59:45,973][agent.finetune.train_ppo_diffusion_agent][INFO] - approx_kl: 0.0, update_epoch: 4, num_batch: 4
[2026-10-10 08:59:47,629][agent.finetune.train_ppo_diffusion_agent][INFO] - approx_kl: 0.0, update_epoch: 4, num_batch: 4
[2026-10-10 08:59:49,282][agent.finetune.train_ppo_diffusion_agent][INFO] - approx_kl: 0.0, update_epoch: 4, num_batch: 4
[2026-10-10 08:59:51,036][agent.finetune.train_ppo_diffusion_agent][INFO] - approx_kl: 0.0, update_epoch: 4, num_batch: 4
[2026-10-10 08:59:57,938][agent.finetune.train_ppo_diffusion_agent][INFO] - 67: step  4880000 | loss  -0.2867 | pg loss  -0.3395 | value loss   0.1056 | bc loss   0.0000 | reward 4044.1084 | eta   1.0000 | t: 53.9062 | kl_true_per_action=0.0015287079109737346 | logratio_p99=0.05200487732887256 | clamp_hit_frac=0.000825 | actor_step_ratio=1.0 | actor_step_clipfrac=0.0
[2026-10-10 08:59:57,939][agent.finetune.stage3_support][INFO] - STAGE3_METRICS {"J_disc_train": 1427.8042295270848, "J_disc_train_se": 18.69993834045553, "action_oor_frac": 0.15799166666666667, "adv_raw_mean": -9.822542779147625e-15, "adv_raw_std": 192.4647817363127, "diagnostics_seconds": 0.10917788557708263, "episode_count": 80, "explained_var": 0.2715632915496826, "explained_var_reason": null, "grad_cos_prev": -0.04215479261799131, "grad_cos_prev_reason": null, "grad_norm": 17.257166353275398, "policy_action_oor_frac": 0.15801041666666665, "proj_active": false, "reward_clip_frac": 0.0, "rollout_seconds": 12.745237502269447, "split_diff_sq": 1212.209929448249, "split_dot": -5.24267795828256, "theta_dist": 0.061355773697130335, "theta_dist_preproj": 0.061355773697130335, "update_norm": 0.006268106322013986, "update_seconds": 41.04821631498635, "x0_sat_frac_last": 0.04885496183206107, "x0_sat_frac_mean": 0.08054481509102553}
Processed step 0 of 500
Processed step 10 of 500
Processed step 20 of 500
Processed step 30 of 500
Processed step 40 of 500
Processed step 50 of 500
Processed step 60 of 500
Processed step 70 of 500
Processed step 80 of 500
Processed step 90 of 500
Processed step 100 of 500
Processed step 110 of 500
Processed step 120 of 500
Processed step 130 of 500
Processed step 140 of 500
Processed step 150 of 500
Processed step 160 of 500
Processed step 170 of 500
Processed step 180 of 500
Processed step 190 of 500
Processed step 200 of 500
Processed step 210 of 500
Processed step 220 of 500
Processed step 230 of 500
Processed step 240 of 500
Processed step 250 of 500
Processed step 260 of 500
Processed step 270 of 500
Processed step 280 of 500
Processed step 290 of 500
Processed step 300 of 500
Processed step 310 of 500
Processed step 320 of 500
Processed step 330 of 500
Processed step 340 of 500
Processed step 350 of 500
Processed step 360 of 500
Processed step 370 of 500
Processed step 380 of 500
Processed step 390 of 500
Processed step 400 of 500
Processed step 410 of 500
Processed step 420 of 500
Processed step 430 of 500
Processed step 440 of 500
Processed step 450 of 500
Processed step 460 of 500
Processed step 470 of 500
Processed step 480 of 500
Processed step 490 of 500
[2026-10-10 09:00:11,881][agent.finetune.train_ppo_diffusion_agent][INFO] - approx_kl: 0.0, update_epoch: 0, num_batch: 4
[2026-10-10 09:00:13,644][agent.finetune.train_ppo_diffusion_agent][INFO] - approx_kl: 0.0, update_epoch: 0, num_batch: 4
[2026-10-10 09:00:15,347][agent.finetune.train_ppo_diffusion_agent][INFO] - approx_kl: 0.0, update_epoch: 0, num_batch: 4
[2026-10-10 09:00:17,145][agent.finetune.train_ppo_diffusion_agent][INFO] - approx_kl: 0.0, update_epoch: 0, num_batch: 4
[2026-10-10 09:00:18,763][agent.finetune.train_ppo_diffusion_agent][INFO] - approx_kl: 0.0, update_epoch: 1, num_batch: 4
[2026-10-10 09:00:20,473][agent.finetune.train_ppo_diffusion_agent][INFO] - approx_kl: 0.0, update_epoch: 1, num_batch: 4
[2026-10-10 09:00:22,195][agent.finetune.train_ppo_diffusion_agent][INFO] - approx_kl: 0.0, update_epoch: 1, num_batch: 4
[2026-10-10 09:00:24,031][agent.finetune.train_ppo_diffusion_agent][INFO] - approx_kl: 0.0, update_epoch: 1, num_batch: 4
[2026-10-10 09:00:25,679][agent.finetune.train_ppo_diffusion_agent][INFO] - approx_kl: 0.0, update_epoch: 2, num_batch: 4
[2026-10-10 09:00:27,393][agent.finetune.train_ppo_diffusion_agent][INFO] - approx_kl: 0.0, update_epoch: 2, num_batch: 4
[2026-10-10 09:00:29,120][agent.finetune.train_ppo_diffusion_agent][INFO] - approx_kl: 0.0, update_epoch: 2, num_batch: 4
[2026-10-10 09:00:30,924][agent.finetune.train_ppo_diffusion_agent][INFO] - approx_kl: 0.0, update_epoch: 2, num_batch: 4
[2026-10-10 09:00:32,576][agent.finetune.train_ppo_diffusion_agent][INFO] - approx_kl: 0.0, update_epoch: 3, num_batch: 4
[2026-10-10 09:00:34,282][agent.finetune.train_ppo_diffusion_agent][INFO] - approx_kl: 0.0, update_epoch: 3, num_batch: 4
[2026-10-10 09:00:36,030][agent.finetune.train_ppo_diffusion_agent][INFO] - approx_kl: 0.0, update_epoch: 3, num_batch: 4
[2026-10-10 09:00:37,843][agent.finetune.train_ppo_diffusion_agent][INFO] - approx_kl: 0.0, update_epoch: 3, num_batch: 4
[2026-10-10 09:00:39,487][agent.finetune.train_ppo_diffusion_agent][INFO] - approx_kl: 0.0, update_epoch: 4, num_batch: 4
[2026-10-10 09:00:41,205][agent.finetune.train_ppo_diffusion_agent][INFO] - approx_kl: 0.0, update_epoch: 4, num_batch: 4
[2026-10-10 09:00:42,944][agent.finetune.train_ppo_diffusion_agent][INFO] - approx_kl: 0.0, update_epoch: 4, num_batch: 4
[2026-10-10 09:00:44,750][agent.finetune.train_ppo_diffusion_agent][INFO] - approx_kl: 0.0, update_epoch: 4, num_batch: 4
[2026-10-10 09:00:51,705][agent.finetune.train_ppo_diffusion_agent][INFO] - 68: step  4960000 | loss   0.0790 | pg loss   0.0267 | value loss   0.1046 | bc loss   0.0000 | reward 4088.9457 | eta   1.0000 | t: 53.7670 | kl_true_per_action=0.001962829823974507 | logratio_p99=0.0685418236255645 | clamp_hit_frac=0.0008229166666666667 | actor_step_ratio=1.0 | actor_step_clipfrac=0.0
[2026-10-10 09:00:51,706][agent.finetune.stage3_support][INFO] - STAGE3_METRICS {"J_disc_train": 1445.3766013937868, "J_disc_train_se": 15.87935121686098, "action_oor_frac": 0.15941666666666668, "adv_raw_mean": -1.0913936421275138e-15, "adv_raw_std": 171.03074430672862, "diagnostics_seconds": 0.10619915090501308, "episode_count": 80, "explained_var": 0.27631306648254395, "explained_var_reason": null, "grad_cos_prev": 0.023632017544832976, "grad_cos_prev_reason": null, "grad_norm": 14.22613149424241, "policy_action_oor_frac": 0.15944166666666668, "proj_active": false, "reward_clip_frac": 0.0, "rollout_seconds": 12.111226017586887, "split_diff_sq": 755.9627597743346, "split_dot": 13.39213395244161, "theta_dist": 0.0615756918607006, "theta_dist_preproj": 0.0615756918607006, "update_norm": 0.0051671888370204925, "update_seconds": 41.54564197640866, "x0_sat_frac_last": 0.04973399616256759, "x0_sat_frac_mean": 0.08106723309861599}
Processed step 0 of 500
Processed step 10 of 500
Processed step 20 of 500
Processed step 30 of 500
Processed step 40 of 500
Processed step 50 of 500
Processed step 60 of 500
Processed step 70 of 500
Processed step 80 of 500
Processed step 90 of 500
Processed step 100 of 500
Processed step 110 of 500
Processed step 120 of 500
Processed step 130 of 500
Processed step 140 of 500
Processed step 150 of 500
Processed step 160 of 500
Processed step 170 of 500
Processed step 180 of 500
Processed step 190 of 500
Processed step 200 of 500
Processed step 210 of 500
Processed step 220 of 500
Processed step 230 of 500
Processed step 240 of 500
Processed step 250 of 500
Processed step 260 of 500
Processed step 270 of 500
Processed step 280 of 500
Processed step 290 of 500
Processed step 300 of 500
Processed step 310 of 500
Processed step 320 of 500
Processed step 330 of 500
Processed step 340 of 500
Processed step 350 of 500
Processed step 360 of 500
Processed step 370 of 500
Processed step 380 of 500
Processed step 390 of 500
Processed step 400 of 500
Processed step 410 of 500
Processed step 420 of 500
Processed step 430 of 500
Processed step 440 of 500
Processed step 450 of 500
Processed step 460 of 500
Processed step 470 of 500
Processed step 480 of 500
Processed step 490 of 500
[2026-10-10 09:01:05,722][agent.finetune.train_ppo_diffusion_agent][INFO] - approx_kl: 0.0, update_epoch: 0, num_batch: 4
[2026-10-10 09:01:07,479][agent.finetune.train_ppo_diffusion_agent][INFO] - approx_kl: 0.0, update_epoch: 0, num_batch: 4
[2026-10-10 09:01:09,196][agent.finetune.train_ppo_diffusion_agent][INFO] - approx_kl: 0.0, update_epoch: 0, num_batch: 4
[2026-10-10 09:01:11,000][agent.finetune.train_ppo_diffusion_agent][INFO] - approx_kl: 0.0, update_epoch: 0, num_batch: 4
[2026-10-10 09:01:12,625][agent.finetune.train_ppo_diffusion_agent][INFO] - approx_kl: 0.0, update_epoch: 1, num_batch: 4
[2026-10-10 09:01:14,343][agent.finetune.train_ppo_diffusion_agent][INFO] - approx_kl: 0.0, update_epoch: 1, num_batch: 4
[2026-10-10 09:01:16,083][agent.finetune.train_ppo_diffusion_agent][INFO] - approx_kl: 0.0, update_epoch: 1, num_batch: 4
[2026-10-10 09:01:17,947][agent.finetune.train_ppo_diffusion_agent][INFO] - approx_kl: 0.0, update_epoch: 1, num_batch: 4
[2026-10-10 09:01:19,618][agent.finetune.train_ppo_diffusion_agent][INFO] - approx_kl: 0.0, update_epoch: 2, num_batch: 4
[2026-10-10 09:01:21,369][agent.finetune.train_ppo_diffusion_agent][INFO] - approx_kl: 0.0, update_epoch: 2, num_batch: 4
[2026-10-10 09:01:23,098][agent.finetune.train_ppo_diffusion_agent][INFO] - approx_kl: 0.0, update_epoch: 2, num_batch: 4
[2026-10-10 09:01:24,908][agent.finetune.train_ppo_diffusion_agent][INFO] - approx_kl: 0.0, update_epoch: 2, num_batch: 4
[2026-10-10 09:01:26,567][agent.finetune.train_ppo_diffusion_agent][INFO] - approx_kl: 0.0, update_epoch: 3, num_batch: 4
[2026-10-10 09:01:28,281][agent.finetune.train_ppo_diffusion_agent][INFO] - approx_kl: 0.0, update_epoch: 3, num_batch: 4
[2026-10-10 09:01:30,038][agent.finetune.train_ppo_diffusion_agent][INFO] - approx_kl: 0.0, update_epoch: 3, num_batch: 4
[2026-10-10 09:01:31,855][agent.finetune.train_ppo_diffusion_agent][INFO] - approx_kl: 0.0, update_epoch: 3, num_batch: 4
[2026-10-10 09:01:33,508][agent.finetune.train_ppo_diffusion_agent][INFO] - approx_kl: 0.0, update_epoch: 4, num_batch: 4
[2026-10-10 09:01:35,223][agent.finetune.train_ppo_diffusion_agent][INFO] - approx_kl: 0.0, update_epoch: 4, num_batch: 4
[2026-10-10 09:01:36,968][agent.finetune.train_ppo_diffusion_agent][INFO] - approx_kl: 0.0, update_epoch: 4, num_batch: 4
[2026-10-10 09:01:38,795][agent.finetune.train_ppo_diffusion_agent][INFO] - approx_kl: 0.0, update_epoch: 4, num_batch: 4
[2026-10-10 09:01:45,745][agent.finetune.train_ppo_diffusion_agent][INFO] - 69: step  5040000 | loss  -1.1307 | pg loss  -1.1832 | value loss   0.1050 | bc loss   0.0000 | reward 4022.9777 | eta   1.0000 | t: 54.0392 | kl_true_per_action=0.0022705875829359405 | logratio_p99=0.06351025938987696 | clamp_hit_frac=0.0007916666666666666 | actor_step_ratio=1.0 | actor_step_clipfrac=0.0
[2026-10-10 09:01:45,745][agent.finetune.stage3_support][INFO] - STAGE3_METRICS {"J_disc_train": 1429.4354039802163, "J_disc_train_se": 20.79339068663809, "action_oor_frac": 0.15890833333333335, "adv_raw_mean": 8.73114913702011e-15, "adv_raw_std": 248.86468180178446, "diagnostics_seconds": 0.1073577357456088, "episode_count": 80, "explained_var": 0.5022328794002533, "explained_var_reason": null, "grad_cos_prev": 0.043741909690107335, "grad_cos_prev_reason": null, "grad_norm": 21.273889078302645, "policy_action_oor_frac": 0.1589375, "proj_active": false, "reward_clip_frac": 0.0, "rollout_seconds": 12.163628685288131, "split_diff_sq": 1912.970637884427, "split_dot": -25.664317144946065, "theta_dist": 0.061980086772555454, "theta_dist_preproj": 0.061980086772555454, "update_norm": 0.007727044245250819, "update_seconds": 41.76411564741284, "x0_sat_frac_last": 0.0566979316979317, "x0_sat_frac_mean": 0.0814308112487163}
Processed step 0 of 500
Processed step 10 of 500
Processed step 20 of 500
Processed step 30 of 500
Processed step 40 of 500
Processed step 50 of 500
Processed step 60 of 500
Processed step 70 of 500
Processed step 80 of 500
Processed step 90 of 500
Processed step 100 of 500
Processed step 110 of 500
Processed step 120 of 500
Processed step 130 of 500
Processed step 140 of 500
Processed step 150 of 500
Processed step 160 of 500
Processed step 170 of 500
Processed step 180 of 500
Processed step 190 of 500
Processed step 200 of 500
Processed step 210 of 500
Processed step 220 of 500
Processed step 230 of 500
Processed step 240 of 500
Processed step 250 of 500
Processed step 260 of 500
Processed step 270 of 500
Processed step 280 of 500
Processed step 290 of 500
Processed step 300 of 500
Processed step 310 of 500
Processed step 320 of 500
Processed step 330 of 500
Processed step 340 of 500
Processed step 350 of 500
Processed step 360 of 500
Processed step 370 of 500
Processed step 380 of 500
Processed step 390 of 500
Processed step 400 of 500
Processed step 410 of 500
Processed step 420 of 500
Processed step 430 of 500
Processed step 440 of 500
Processed step 450 of 500
Processed step 460 of 500
Processed step 470 of 500
Processed step 480 of 500
Processed step 490 of 500
[2026-10-10 09:01:58,040][agent.finetune.train_agent][INFO] - Saved model to /soalnas/share/data/zbao7/diffusion_policy/results/stage3/SGD3_seed0/checkpoint/state_70.pt
[2026-10-10 09:01:58,040][agent.finetune.train_ppo_diffusion_agent][INFO] - eval: success rate   1.0000 | avg episode reward 4405.6774 | avg best reward   6.5715
[2026-10-10 09:01:58,040][agent.finetune.stage3_support][INFO] - STAGE3_METRICS {"J_disc_eval": 1545.5035139148108, "J_disc_eval_se": 13.615185597399087, "action_oor_frac": 0.0, "diagnostics_seconds": 0.005470961332321167, "episode_count": 80, "policy_action_oor_frac": 0.0, "rollout_seconds": 12.26666793692857, "update_seconds": 0.0}
Processed step 0 of 500
Processed step 10 of 500
Processed step 20 of 500
Processed step 30 of 500
Processed step 40 of 500
Processed step 50 of 500
Processed step 60 of 500
Processed step 70 of 500
Processed step 80 of 500
Processed step 90 of 500
Processed step 100 of 500
Processed step 110 of 500
Processed step 120 of 500
Processed step 130 of 500
Processed step 140 of 500
Processed step 150 of 500
Processed step 160 of 500
Processed step 170 of 500
Processed step 180 of 500
Processed step 190 of 500
Processed step 200 of 500
Processed step 210 of 500
Processed step 220 of 500
Processed step 230 of 500
Processed step 240 of 500
Processed step 250 of 500
Processed step 260 of 500
Processed step 270 of 500
Processed step 280 of 500
Processed step 290 of 500
Processed step 300 of 500
Processed step 310 of 500
Processed step 320 of 500
Processed step 330 of 500
Processed step 340 of 500
Processed step 350 of 500
Processed step 360 of 500
Processed step 370 of 500
Processed step 380 of 500
Processed step 390 of 500
Processed step 400 of 500
Processed step 410 of 500
Processed step 420 of 500
Processed step 430 of 500
Processed step 440 of 500
Processed step 450 of 500
Processed step 460 of 500
Processed step 470 of 500
Processed step 480 of 500
Processed step 490 of 500
[2026-10-10 09:02:13,262][agent.finetune.train_ppo_diffusion_agent][INFO] - approx_kl: 0.0, update_epoch: 0, num_batch: 4
[2026-10-10 09:02:15,033][agent.finetune.train_ppo_diffusion_agent][INFO] - approx_kl: 0.0, update_epoch: 0, num_batch: 4
[2026-10-10 09:02:16,759][agent.finetune.train_ppo_diffusion_agent][INFO] - approx_kl: 0.0, update_epoch: 0, num_batch: 4
[2026-10-10 09:02:18,582][agent.finetune.train_ppo_diffusion_agent][INFO] - approx_kl: 0.0, update_epoch: 0, num_batch: 4
[2026-10-10 09:02:20,230][agent.finetune.train_ppo_diffusion_agent][INFO] - approx_kl: 0.0, update_epoch: 1, num_batch: 4
[2026-10-10 09:02:21,952][agent.finetune.train_ppo_diffusion_agent][INFO] - approx_kl: 0.0, update_epoch: 1, num_batch: 4
[2026-10-10 09:02:23,705][agent.finetune.train_ppo_diffusion_agent][INFO] - approx_kl: 0.0, update_epoch: 1, num_batch: 4
[2026-10-10 09:02:25,513][agent.finetune.train_ppo_diffusion_agent][INFO] - approx_kl: 0.0, update_epoch: 1, num_batch: 4
[2026-10-10 09:02:27,155][agent.finetune.train_ppo_diffusion_agent][INFO] - approx_kl: 0.0, update_epoch: 2, num_batch: 4
[2026-10-10 09:02:28,859][agent.finetune.train_ppo_diffusion_agent][INFO] - approx_kl: 0.0, update_epoch: 2, num_batch: 4
[2026-10-10 09:02:30,589][agent.finetune.train_ppo_diffusion_agent][INFO] - approx_kl: 0.0, update_epoch: 2, num_batch: 4
[2026-10-10 09:02:32,406][agent.finetune.train_ppo_diffusion_agent][INFO] - approx_kl: 0.0, update_epoch: 2, num_batch: 4
[2026-10-10 09:02:34,052][agent.finetune.train_ppo_diffusion_agent][INFO] - approx_kl: 0.0, update_epoch: 3, num_batch: 4
[2026-10-10 09:02:35,760][agent.finetune.train_ppo_diffusion_agent][INFO] - approx_kl: 0.0, update_epoch: 3, num_batch: 4
[2026-10-10 09:02:37,493][agent.finetune.train_ppo_diffusion_agent][INFO] - approx_kl: 0.0, update_epoch: 3, num_batch: 4
[2026-10-10 09:02:39,367][agent.finetune.train_ppo_diffusion_agent][INFO] - approx_kl: 0.0, update_epoch: 3, num_batch: 4
[2026-10-10 09:02:41,000][agent.finetune.train_ppo_diffusion_agent][INFO] - approx_kl: 0.0, update_epoch: 4, num_batch: 4
[2026-10-10 09:02:42,776][agent.finetune.train_ppo_diffusion_agent][INFO] - approx_kl: 0.0, update_epoch: 4, num_batch: 4
[2026-10-10 09:02:44,471][agent.finetune.train_ppo_diffusion_agent][INFO] - approx_kl: 0.0, update_epoch: 4, num_batch: 4
[2026-10-10 09:02:46,293][agent.finetune.train_ppo_diffusion_agent][INFO] - approx_kl: 0.0, update_epoch: 4, num_batch: 4
[2026-10-10 09:02:53,010][agent.finetune.train_ppo_diffusion_agent][INFO] - 71: step  5120000 | loss   0.3699 | pg loss   0.3180 | value loss   0.1038 | bc loss   0.0000 | reward 4011.0258 | eta   1.0000 | t: 54.9697 | kl_true_per_action=0.0015006215538044358 | logratio_p99=0.051244008541107076 | clamp_hit_frac=0.0007020833333333333 | actor_step_ratio=1.0 | actor_step_clipfrac=0.0
[2026-10-10 09:02:53,010][agent.finetune.stage3_support][INFO] - STAGE3_METRICS {"J_disc_train": 1435.2408687353022, "J_disc_train_se": 16.339673021114805, "action_oor_frac": 0.1597375, "adv_raw_mean": -1.418811734765768e-14, "adv_raw_std": 218.6781932710337, "diagnostics_seconds": 0.1103207878768444, "episode_count": 80, "explained_var": 0.4097902178764343, "explained_var_reason": null, "grad_cos_prev": 0.005757069417830362, "grad_cos_prev_reason": null, "grad_norm": 16.278267944910567, "policy_action_oor_frac": 0.15975833333333334, "proj_active": false, "reward_clip_frac": 0.0, "rollout_seconds": 13.351394769735634, "split_diff_sq": 1157.490183256266, "split_dot": -24.390528004945338, "theta_dist": 0.06224666037624244, "theta_dist_preproj": 0.06224666037624244, "update_norm": 0.005912558626574832, "update_seconds": 41.50504843890667, "x0_sat_frac_last": 0.05730181936322287, "x0_sat_frac_mean": 0.0811146840103376}
Processed step 0 of 500
Processed step 10 of 500
Processed step 20 of 500
Processed step 30 of 500
Processed step 40 of 500
Processed step 50 of 500
Processed step 60 of 500
Processed step 70 of 500
Processed step 80 of 500
Processed step 90 of 500
Processed step 100 of 500
Processed step 110 of 500
Processed step 120 of 500
Processed step 130 of 500
Processed step 140 of 500
Processed step 150 of 500
Processed step 160 of 500
Processed step 170 of 500
Processed step 180 of 500
Processed step 190 of 500
Processed step 200 of 500
Processed step 210 of 500
Processed step 220 of 500
Processed step 230 of 500
Processed step 240 of 500
Processed step 250 of 500
Processed step 260 of 500
Processed step 270 of 500
Processed step 280 of 500
Processed step 290 of 500
Processed step 300 of 500
Processed step 310 of 500
Processed step 320 of 500
Processed step 330 of 500
Processed step 340 of 500
Processed step 350 of 500
Processed step 360 of 500
Processed step 370 of 500
Processed step 380 of 500
Processed step 390 of 500
Processed step 400 of 500
Processed step 410 of 500
Processed step 420 of 500
Processed step 430 of 500
Processed step 440 of 500
Processed step 450 of 500
Processed step 460 of 500
Processed step 470 of 500
Processed step 480 of 500
Processed step 490 of 500
[2026-10-10 09:03:08,292][agent.finetune.train_ppo_diffusion_agent][INFO] - approx_kl: 0.0, update_epoch: 0, num_batch: 4
[2026-10-10 09:03:10,080][agent.finetune.train_ppo_diffusion_agent][INFO] - approx_kl: 0.0, update_epoch: 0, num_batch: 4
[2026-10-10 09:03:11,925][agent.finetune.train_ppo_diffusion_agent][INFO] - approx_kl: 0.0, update_epoch: 0, num_batch: 4
[2026-10-10 09:03:13,574][agent.finetune.train_ppo_diffusion_agent][INFO] - approx_kl: 0.0, update_epoch: 0, num_batch: 4
[2026-10-10 09:03:15,332][agent.finetune.train_ppo_diffusion_agent][INFO] - approx_kl: 0.0, update_epoch: 1, num_batch: 4
[2026-10-10 09:03:17,079][agent.finetune.train_ppo_diffusion_agent][INFO] - approx_kl: 0.0, update_epoch: 1, num_batch: 4
[2026-10-10 09:03:18,919][agent.finetune.train_ppo_diffusion_agent][INFO] - approx_kl: 0.0, update_epoch: 1, num_batch: 4
[2026-10-10 09:03:20,590][agent.finetune.train_ppo_diffusion_agent][INFO] - approx_kl: 0.0, update_epoch: 1, num_batch: 4
[2026-10-10 09:03:22,333][agent.finetune.train_ppo_diffusion_agent][INFO] - approx_kl: 0.0, update_epoch: 2, num_batch: 4
[2026-10-10 09:03:24,083][agent.finetune.train_ppo_diffusion_agent][INFO] - approx_kl: 0.0, update_epoch: 2, num_batch: 4
[2026-10-10 09:03:25,947][agent.finetune.train_ppo_diffusion_agent][INFO] - approx_kl: 0.0, update_epoch: 2, num_batch: 4
[2026-10-10 09:03:27,567][agent.finetune.train_ppo_diffusion_agent][INFO] - approx_kl: 0.0, update_epoch: 2, num_batch: 4
[2026-10-10 09:03:29,224][agent.finetune.train_ppo_diffusion_agent][INFO] - approx_kl: 0.0, update_epoch: 3, num_batch: 4
[2026-10-10 09:03:30,787][agent.finetune.train_ppo_diffusion_agent][INFO] - approx_kl: 0.0, update_epoch: 3, num_batch: 4
[2026-10-10 09:03:32,454][agent.finetune.train_ppo_diffusion_agent][INFO] - approx_kl: 0.0, update_epoch: 3, num_batch: 4
[2026-10-10 09:03:33,945][agent.finetune.train_ppo_diffusion_agent][INFO] - approx_kl: 0.0, update_epoch: 3, num_batch: 4
[2026-10-10 09:03:35,515][agent.finetune.train_ppo_diffusion_agent][INFO] - approx_kl: 0.0, update_epoch: 4, num_batch: 4
[2026-10-10 09:03:37,084][agent.finetune.train_ppo_diffusion_agent][INFO] - approx_kl: 0.0, update_epoch: 4, num_batch: 4
[2026-10-10 09:03:38,749][agent.finetune.train_ppo_diffusion_agent][INFO] - approx_kl: 0.0, update_epoch: 4, num_batch: 4
[2026-10-10 09:03:40,234][agent.finetune.train_ppo_diffusion_agent][INFO] - approx_kl: 0.0, update_epoch: 4, num_batch: 4
[2026-10-10 09:03:46,563][agent.finetune.train_ppo_diffusion_agent][INFO] - 72: step  5200000 | loss  -0.9929 | pg loss  -1.0446 | value loss   0.1034 | bc loss   0.0000 | reward 3976.4764 | eta   1.0000 | t: 53.5532 | kl_true_per_action=0.004646055257679485 | logratio_p99=0.10262391448020931 | clamp_hit_frac=0.0007770833333333333 | actor_step_ratio=1.0 | actor_step_clipfrac=0.0
[2026-10-10 09:03:46,563][agent.finetune.stage3_support][INFO] - STAGE3_METRICS {"J_disc_train": 1428.9458599043605, "J_disc_train_se": 22.37048714769809, "action_oor_frac": 0.15747708333333332, "adv_raw_mean": 8.003553375601769e-15, "adv_raw_std": 252.12672862088013, "diagnostics_seconds": 0.11551409121602774, "episode_count": 80, "explained_var": 0.5144412219524384, "explained_var_reason": null, "grad_cos_prev": 0.006450420659447539, "grad_cos_prev_reason": null, "grad_norm": 22.19125303455875, "policy_action_oor_frac": 0.15749583333333333, "proj_active": false, "reward_clip_frac": 0.0, "rollout_seconds": 13.42034190427512, "split_diff_sq": 1721.9484538041665, "split_dot": 61.96460098961652, "theta_dist": 0.06247550540508307, "theta_dist_preproj": 0.06247550540508307, "update_norm": 0.008060247860922767, "update_seconds": 40.01322056353092, "x0_sat_frac_last": 0.05419236039739637, "x0_sat_frac_mean": 0.08020892651494657}
Processed step 0 of 500
Processed step 10 of 500
Processed step 20 of 500
Processed step 30 of 500
Processed step 40 of 500
Processed step 50 of 500
Processed step 60 of 500
Processed step 70 of 500
Processed step 80 of 500
Processed step 90 of 500
Processed step 100 of 500
Processed step 110 of 500
Processed step 120 of 500
Processed step 130 of 500
Processed step 140 of 500
Processed step 150 of 500
Processed step 160 of 500
Processed step 170 of 500
Processed step 180 of 500
Processed step 190 of 500
Processed step 200 of 500
Processed step 210 of 500
Processed step 220 of 500
Processed step 230 of 500
Processed step 240 of 500
Processed step 250 of 500
Processed step 260 of 500
Processed step 270 of 500
Processed step 280 of 500
Processed step 290 of 500
Processed step 300 of 500
Processed step 310 of 500
Processed step 320 of 500
Processed step 330 of 500
Processed step 340 of 500
Processed step 350 of 500
Processed step 360 of 500
Processed step 370 of 500
Processed step 380 of 500
Processed step 390 of 500
Processed step 400 of 500
Processed step 410 of 500
Processed step 420 of 500
Processed step 430 of 500
Processed step 440 of 500
Processed step 450 of 500
Processed step 460 of 500
Processed step 470 of 500
Processed step 480 of 500
Processed step 490 of 500
[2026-10-10 09:04:01,011][agent.finetune.train_ppo_diffusion_agent][INFO] - approx_kl: 0.0, update_epoch: 0, num_batch: 4
[2026-10-10 09:04:02,724][agent.finetune.train_ppo_diffusion_agent][INFO] - approx_kl: 0.0, update_epoch: 0, num_batch: 4
[2026-10-10 09:04:04,540][agent.finetune.train_ppo_diffusion_agent][INFO] - approx_kl: 0.0, update_epoch: 0, num_batch: 4
[2026-10-10 09:04:06,162][agent.finetune.train_ppo_diffusion_agent][INFO] - approx_kl: 0.0, update_epoch: 0, num_batch: 4
[2026-10-10 09:04:07,887][agent.finetune.train_ppo_diffusion_agent][INFO] - approx_kl: 0.0, update_epoch: 1, num_batch: 4
[2026-10-10 09:04:09,593][agent.finetune.train_ppo_diffusion_agent][INFO] - approx_kl: 0.0, update_epoch: 1, num_batch: 4
[2026-10-10 09:04:11,399][agent.finetune.train_ppo_diffusion_agent][INFO] - approx_kl: 0.0, update_epoch: 1, num_batch: 4
[2026-10-10 09:04:13,027][agent.finetune.train_ppo_diffusion_agent][INFO] - approx_kl: 0.0, update_epoch: 1, num_batch: 4
[2026-10-10 09:04:14,737][agent.finetune.train_ppo_diffusion_agent][INFO] - approx_kl: 0.0, update_epoch: 2, num_batch: 4
[2026-10-10 09:04:16,446][agent.finetune.train_ppo_diffusion_agent][INFO] - approx_kl: 0.0, update_epoch: 2, num_batch: 4
[2026-10-10 09:04:18,291][agent.finetune.train_ppo_diffusion_agent][INFO] - approx_kl: 0.0, update_epoch: 2, num_batch: 4
[2026-10-10 09:04:19,940][agent.finetune.train_ppo_diffusion_agent][INFO] - approx_kl: 0.0, update_epoch: 2, num_batch: 4
[2026-10-10 09:04:21,695][agent.finetune.train_ppo_diffusion_agent][INFO] - approx_kl: 0.0, update_epoch: 3, num_batch: 4
[2026-10-10 09:04:23,458][agent.finetune.train_ppo_diffusion_agent][INFO] - approx_kl: 0.0, update_epoch: 3, num_batch: 4
[2026-10-10 09:04:25,298][agent.finetune.train_ppo_diffusion_agent][INFO] - approx_kl: 0.0, update_epoch: 3, num_batch: 4
[2026-10-10 09:04:26,917][agent.finetune.train_ppo_diffusion_agent][INFO] - approx_kl: 0.0, update_epoch: 3, num_batch: 4
[2026-10-10 09:04:28,646][agent.finetune.train_ppo_diffusion_agent][INFO] - approx_kl: 0.0, update_epoch: 4, num_batch: 4
[2026-10-10 09:04:30,380][agent.finetune.train_ppo_diffusion_agent][INFO] - approx_kl: 0.0, update_epoch: 4, num_batch: 4
[2026-10-10 09:04:32,188][agent.finetune.train_ppo_diffusion_agent][INFO] - approx_kl: 0.0, update_epoch: 4, num_batch: 4
[2026-10-10 09:04:33,828][agent.finetune.train_ppo_diffusion_agent][INFO] - approx_kl: 0.0, update_epoch: 4, num_batch: 4
[2026-10-10 09:04:40,787][agent.finetune.train_ppo_diffusion_agent][INFO] - 73: step  5280000 | loss  -0.0898 | pg loss  -0.1451 | value loss   0.1106 | bc loss   0.0000 | reward 4022.4894 | eta   1.0000 | t: 54.2237 | kl_true_per_action=0.0041900167043784796 | logratio_p99=0.11085904598236042 | clamp_hit_frac=0.0007354166666666667 | actor_step_ratio=1.0 | actor_step_clipfrac=0.0
[2026-10-10 09:04:40,787][agent.finetune.stage3_support][INFO] - STAGE3_METRICS {"J_disc_train": 1421.2385402511964, "J_disc_train_se": 18.95927681858313, "action_oor_frac": 0.15658541666666667, "adv_raw_mean": -1.77351466845721e-15, "adv_raw_std": 197.86011055155208, "diagnostics_seconds": 0.11116543225944042, "episode_count": 80, "explained_var": 0.35942262411117554, "explained_var_reason": null, "grad_cos_prev": -0.08113743675913655, "grad_cos_prev_reason": null, "grad_norm": 16.79733557960701, "policy_action_oor_frac": 0.15661458333333333, "proj_active": false, "reward_clip_frac": 0.0, "rollout_seconds": 12.525121090002358, "split_diff_sq": 1089.0918624565606, "split_dot": 9.87752062093491, "theta_dist": 0.06306705423439375, "theta_dist_preproj": 0.06306705423439375, "update_norm": 0.006101085062657324, "update_seconds": 41.581625829450786, "x0_sat_frac_last": 0.048199329983249585, "x0_sat_frac_mean": 0.0817606066243719}
Processed step 0 of 500
Processed step 10 of 500
Processed step 20 of 500
Processed step 30 of 500
Processed step 40 of 500
Processed step 50 of 500
Processed step 60 of 500
Processed step 70 of 500
Processed step 80 of 500
Processed step 90 of 500
Processed step 100 of 500
Processed step 110 of 500
Processed step 120 of 500
Processed step 130 of 500
Processed step 140 of 500
Processed step 150 of 500
Processed step 160 of 500
Processed step 170 of 500
Processed step 180 of 500
Processed step 190 of 500
Processed step 200 of 500
Processed step 210 of 500
Processed step 220 of 500
Processed step 230 of 500
Processed step 240 of 500
Processed step 250 of 500
Processed step 260 of 500
Processed step 270 of 500
Processed step 280 of 500
Processed step 290 of 500
Processed step 300 of 500
Processed step 310 of 500
Processed step 320 of 500
Processed step 330 of 500
Processed step 340 of 500
Processed step 350 of 500
Processed step 360 of 500
Processed step 370 of 500
Processed step 380 of 500
Processed step 390 of 500
Processed step 400 of 500
Processed step 410 of 500
Processed step 420 of 500
Processed step 430 of 500
Processed step 440 of 500
Processed step 450 of 500
Processed step 460 of 500
Processed step 470 of 500
Processed step 480 of 500
Processed step 490 of 500
[2026-10-10 09:04:55,201][agent.finetune.train_ppo_diffusion_agent][INFO] - approx_kl: 0.0, update_epoch: 0, num_batch: 4
[2026-10-10 09:04:56,925][agent.finetune.train_ppo_diffusion_agent][INFO] - approx_kl: 0.0, update_epoch: 0, num_batch: 4
[2026-10-10 09:04:58,764][agent.finetune.train_ppo_diffusion_agent][INFO] - approx_kl: 0.0, update_epoch: 0, num_batch: 4
[2026-10-10 09:05:00,400][agent.finetune.train_ppo_diffusion_agent][INFO] - approx_kl: 0.0, update_epoch: 0, num_batch: 4
[2026-10-10 09:05:02,143][agent.finetune.train_ppo_diffusion_agent][INFO] - approx_kl: 0.0, update_epoch: 1, num_batch: 4
[2026-10-10 09:05:03,969][agent.finetune.train_ppo_diffusion_agent][INFO] - approx_kl: 0.0, update_epoch: 1, num_batch: 4
[2026-10-10 09:05:05,623][agent.finetune.train_ppo_diffusion_agent][INFO] - approx_kl: 0.0, update_epoch: 1, num_batch: 4
[2026-10-10 09:05:07,347][agent.finetune.train_ppo_diffusion_agent][INFO] - approx_kl: 0.0, update_epoch: 1, num_batch: 4
[2026-10-10 09:05:09,097][agent.finetune.train_ppo_diffusion_agent][INFO] - approx_kl: 0.0, update_epoch: 2, num_batch: 4
[2026-10-10 09:05:10,921][agent.finetune.train_ppo_diffusion_agent][INFO] - approx_kl: 0.0, update_epoch: 2, num_batch: 4
[2026-10-10 09:05:12,580][agent.finetune.train_ppo_diffusion_agent][INFO] - approx_kl: 0.0, update_epoch: 2, num_batch: 4
[2026-10-10 09:05:14,315][agent.finetune.train_ppo_diffusion_agent][INFO] - approx_kl: 0.0, update_epoch: 2, num_batch: 4
[2026-10-10 09:05:16,043][agent.finetune.train_ppo_diffusion_agent][INFO] - approx_kl: 0.0, update_epoch: 3, num_batch: 4
[2026-10-10 09:05:17,877][agent.finetune.train_ppo_diffusion_agent][INFO] - approx_kl: 0.0, update_epoch: 3, num_batch: 4
[2026-10-10 09:05:19,516][agent.finetune.train_ppo_diffusion_agent][INFO] - approx_kl: 0.0, update_epoch: 3, num_batch: 4
[2026-10-10 09:05:21,264][agent.finetune.train_ppo_diffusion_agent][INFO] - approx_kl: 0.0, update_epoch: 3, num_batch: 4
[2026-10-10 09:05:22,993][agent.finetune.train_ppo_diffusion_agent][INFO] - approx_kl: 0.0, update_epoch: 4, num_batch: 4
[2026-10-10 09:05:24,822][agent.finetune.train_ppo_diffusion_agent][INFO] - approx_kl: 0.0, update_epoch: 4, num_batch: 4
[2026-10-10 09:05:26,469][agent.finetune.train_ppo_diffusion_agent][INFO] - approx_kl: 0.0, update_epoch: 4, num_batch: 4
[2026-10-10 09:05:28,199][agent.finetune.train_ppo_diffusion_agent][INFO] - approx_kl: 0.0, update_epoch: 4, num_batch: 4
[2026-10-10 09:05:35,300][agent.finetune.train_ppo_diffusion_agent][INFO] - 74: step  5360000 | loss  -0.6428 | pg loss  -0.6955 | value loss   0.1054 | bc loss   0.0000 | reward 3974.6633 | eta   1.0000 | t: 54.5134 | kl_true_per_action=0.0051663188095439055 | logratio_p99=0.11890468358993526 | clamp_hit_frac=0.0008125 | actor_step_ratio=1.0 | actor_step_clipfrac=0.0
[2026-10-10 09:05:35,300][agent.finetune.stage3_support][INFO] - STAGE3_METRICS {"J_disc_train": 1432.7328882874244, "J_disc_train_se": 21.042260930748682, "action_oor_frac": 0.15781041666666668, "adv_raw_mean": -7.275957614183426e-15, "adv_raw_std": 272.800770717526, "diagnostics_seconds": 0.11751040909439325, "episode_count": 80, "explained_var": 0.5875177979469299, "explained_var_reason": null, "grad_cos_prev": 0.041865341548291385, "grad_cos_prev_reason": null, "grad_norm": 20.497111200748783, "policy_action_oor_frac": 0.15782708333333334, "proj_active": false, "reward_clip_frac": 0.0, "rollout_seconds": 12.48343369178474, "split_diff_sq": 1680.800969366474, "split_dot": -0.06869232619255428, "theta_dist": 0.06337156443751951, "theta_dist_preproj": 0.06337156443751951, "update_norm": 0.0074449066630815856, "update_seconds": 41.909010485745966, "x0_sat_frac_last": 0.055094687447628625, "x0_sat_frac_mean": 0.0822232416799848}
Processed step 0 of 500
Processed step 10 of 500
Processed step 20 of 500
Processed step 30 of 500
Processed step 40 of 500
Processed step 50 of 500
Processed step 60 of 500
Processed step 70 of 500
Processed step 80 of 500
Processed step 90 of 500
Processed step 100 of 500
Processed step 110 of 500
Processed step 120 of 500
Processed step 130 of 500
Processed step 140 of 500
Processed step 150 of 500
Processed step 160 of 500
Processed step 170 of 500
Processed step 180 of 500
Processed step 190 of 500
Processed step 200 of 500
Processed step 210 of 500
Processed step 220 of 500
Processed step 230 of 500
Processed step 240 of 500
Processed step 250 of 500
Processed step 260 of 500
Processed step 270 of 500
Processed step 280 of 500
Processed step 290 of 500
Processed step 300 of 500
Processed step 310 of 500
Processed step 320 of 500
Processed step 330 of 500
Processed step 340 of 500
Processed step 350 of 500
Processed step 360 of 500
Processed step 370 of 500
Processed step 380 of 500
Processed step 390 of 500
Processed step 400 of 500
Processed step 410 of 500
Processed step 420 of 500
Processed step 430 of 500
Processed step 440 of 500
Processed step 450 of 500
Processed step 460 of 500
Processed step 470 of 500
Processed step 480 of 500
Processed step 490 of 500
[2026-10-10 09:05:51,277][agent.finetune.train_ppo_diffusion_agent][INFO] - approx_kl: 0.0, update_epoch: 0, num_batch: 4
[2026-10-10 09:05:53,107][agent.finetune.train_ppo_diffusion_agent][INFO] - approx_kl: 0.0, update_epoch: 0, num_batch: 4
[2026-10-10 09:05:54,763][agent.finetune.train_ppo_diffusion_agent][INFO] - approx_kl: 0.0, update_epoch: 0, num_batch: 4
[2026-10-10 09:05:56,504][agent.finetune.train_ppo_diffusion_agent][INFO] - approx_kl: 0.0, update_epoch: 0, num_batch: 4
[2026-10-10 09:05:58,243][agent.finetune.train_ppo_diffusion_agent][INFO] - approx_kl: 0.0, update_epoch: 1, num_batch: 4
[2026-10-10 09:06:00,076][agent.finetune.train_ppo_diffusion_agent][INFO] - approx_kl: 0.0, update_epoch: 1, num_batch: 4
[2026-10-10 09:06:01,728][agent.finetune.train_ppo_diffusion_agent][INFO] - approx_kl: 0.0, update_epoch: 1, num_batch: 4
[2026-10-10 09:06:03,478][agent.finetune.train_ppo_diffusion_agent][INFO] - approx_kl: 0.0, update_epoch: 1, num_batch: 4
[2026-10-10 09:06:05,202][agent.finetune.train_ppo_diffusion_agent][INFO] - approx_kl: 0.0, update_epoch: 2, num_batch: 4
[2026-10-10 09:06:07,014][agent.finetune.train_ppo_diffusion_agent][INFO] - approx_kl: 0.0, update_epoch: 2, num_batch: 4
[2026-10-10 09:06:08,657][agent.finetune.train_ppo_diffusion_agent][INFO] - approx_kl: 0.0, update_epoch: 2, num_batch: 4
[2026-10-10 09:06:10,389][agent.finetune.train_ppo_diffusion_agent][INFO] - approx_kl: 0.0, update_epoch: 2, num_batch: 4
[2026-10-10 09:06:12,140][agent.finetune.train_ppo_diffusion_agent][INFO] - approx_kl: 0.0, update_epoch: 3, num_batch: 4
[2026-10-10 09:06:13,952][agent.finetune.train_ppo_diffusion_agent][INFO] - approx_kl: 0.0, update_epoch: 3, num_batch: 4
[2026-10-10 09:06:15,635][agent.finetune.train_ppo_diffusion_agent][INFO] - approx_kl: 0.0, update_epoch: 3, num_batch: 4
[2026-10-10 09:06:17,390][agent.finetune.train_ppo_diffusion_agent][INFO] - approx_kl: 0.0, update_epoch: 3, num_batch: 4
[2026-10-10 09:06:19,122][agent.finetune.train_ppo_diffusion_agent][INFO] - approx_kl: 0.0, update_epoch: 4, num_batch: 4
[2026-10-10 09:06:20,951][agent.finetune.train_ppo_diffusion_agent][INFO] - approx_kl: 0.0, update_epoch: 4, num_batch: 4
[2026-10-10 09:06:22,591][agent.finetune.train_ppo_diffusion_agent][INFO] - approx_kl: 0.0, update_epoch: 4, num_batch: 4
[2026-10-10 09:06:24,323][agent.finetune.train_ppo_diffusion_agent][INFO] - approx_kl: 0.0, update_epoch: 4, num_batch: 4
[2026-10-10 09:06:31,445][agent.finetune.train_ppo_diffusion_agent][INFO] - 75: step  5440000 | loss  -1.3491 | pg loss  -1.4010 | value loss   0.1039 | bc loss   0.0000 | reward 3862.8878 | eta   1.0000 | t: 56.1445 | kl_true_per_action=0.006493891506941676 | logratio_p99=0.12447971820831288 | clamp_hit_frac=0.0007104166666666667 | actor_step_ratio=1.0 | actor_step_clipfrac=0.0
[2026-10-10 09:06:31,445][agent.finetune.stage3_support][INFO] - STAGE3_METRICS {"J_disc_train": 1375.6231478329178, "J_disc_train_se": 29.848333821906632, "action_oor_frac": 0.1555125, "adv_raw_mean": 2.837623469531536e-14, "adv_raw_std": 326.1776036143147, "diagnostics_seconds": 0.11398017965257168, "episode_count": 80, "explained_var": 0.6438644230365753, "explained_var_reason": null, "grad_cos_prev": 0.07083060129904266, "grad_cos_prev_reason": null, "grad_norm": 27.81819005930101, "policy_action_oor_frac": 0.15554791666666667, "proj_active": false, "reward_clip_frac": 0.0, "rollout_seconds": 14.05057218298316, "split_diff_sq": 3024.7948950030122, "split_dot": 17.652972862492895, "theta_dist": 0.06422526303315101, "theta_dist_preproj": 0.06422526303315101, "update_norm": 0.010104039754062225, "update_seconds": 41.97574738133699, "x0_sat_frac_last": 0.06181592039800995, "x0_sat_frac_mean": 0.08041422708852732}
Processed step 0 of 500
Processed step 10 of 500
Processed step 20 of 500
Processed step 30 of 500
Processed step 40 of 500
Processed step 50 of 500
Processed step 60 of 500
Processed step 70 of 500
Processed step 80 of 500
Processed step 90 of 500
Processed step 100 of 500
Processed step 110 of 500
Processed step 120 of 500
Processed step 130 of 500
Processed step 140 of 500
Processed step 150 of 500
Processed step 160 of 500
Processed step 170 of 500
Processed step 180 of 500
Processed step 190 of 500
Processed step 200 of 500
Processed step 210 of 500
Processed step 220 of 500
Processed step 230 of 500
Processed step 240 of 500
Processed step 250 of 500
Processed step 260 of 500
Processed step 270 of 500
Processed step 280 of 500
Processed step 290 of 500
Processed step 300 of 500
Processed step 310 of 500
Processed step 320 of 500
Processed step 330 of 500
Processed step 340 of 500
Processed step 350 of 500
Processed step 360 of 500
Processed step 370 of 500
Processed step 380 of 500
Processed step 390 of 500
Processed step 400 of 500
Processed step 410 of 500
Processed step 420 of 500
Processed step 430 of 500
Processed step 440 of 500
Processed step 450 of 500
Processed step 460 of 500
Processed step 470 of 500
Processed step 480 of 500
Processed step 490 of 500
[2026-10-10 09:06:46,507][agent.finetune.train_ppo_diffusion_agent][INFO] - approx_kl: 0.0, update_epoch: 0, num_batch: 4
[2026-10-10 09:06:48,298][agent.finetune.train_ppo_diffusion_agent][INFO] - approx_kl: 0.0, update_epoch: 0, num_batch: 4
[2026-10-10 09:06:49,927][agent.finetune.train_ppo_diffusion_agent][INFO] - approx_kl: 0.0, update_epoch: 0, num_batch: 4
[2026-10-10 09:06:51,626][agent.finetune.train_ppo_diffusion_agent][INFO] - approx_kl: 0.0, update_epoch: 0, num_batch: 4
[2026-10-10 09:06:53,354][agent.finetune.train_ppo_diffusion_agent][INFO] - approx_kl: 0.0, update_epoch: 1, num_batch: 4
[2026-10-10 09:06:55,144][agent.finetune.train_ppo_diffusion_agent][INFO] - approx_kl: 0.0, update_epoch: 1, num_batch: 4
[2026-10-10 09:06:56,710][agent.finetune.train_ppo_diffusion_agent][INFO] - approx_kl: 0.0, update_epoch: 1, num_batch: 4
[2026-10-10 09:06:58,389][agent.finetune.train_ppo_diffusion_agent][INFO] - approx_kl: 0.0, update_epoch: 1, num_batch: 4
[2026-10-10 09:07:00,121][agent.finetune.train_ppo_diffusion_agent][INFO] - approx_kl: 0.0, update_epoch: 2, num_batch: 4
[2026-10-10 09:07:01,903][agent.finetune.train_ppo_diffusion_agent][INFO] - approx_kl: 0.0, update_epoch: 2, num_batch: 4
[2026-10-10 09:07:03,519][agent.finetune.train_ppo_diffusion_agent][INFO] - approx_kl: 0.0, update_epoch: 2, num_batch: 4
[2026-10-10 09:07:05,221][agent.finetune.train_ppo_diffusion_agent][INFO] - approx_kl: 0.0, update_epoch: 2, num_batch: 4
[2026-10-10 09:07:06,942][agent.finetune.train_ppo_diffusion_agent][INFO] - approx_kl: 0.0, update_epoch: 3, num_batch: 4
[2026-10-10 09:07:08,734][agent.finetune.train_ppo_diffusion_agent][INFO] - approx_kl: 0.0, update_epoch: 3, num_batch: 4
[2026-10-10 09:07:10,376][agent.finetune.train_ppo_diffusion_agent][INFO] - approx_kl: 0.0, update_epoch: 3, num_batch: 4
[2026-10-10 09:07:12,079][agent.finetune.train_ppo_diffusion_agent][INFO] - approx_kl: 0.0, update_epoch: 3, num_batch: 4
[2026-10-10 09:07:13,819][agent.finetune.train_ppo_diffusion_agent][INFO] - approx_kl: 0.0, update_epoch: 4, num_batch: 4
[2026-10-10 09:07:15,610][agent.finetune.train_ppo_diffusion_agent][INFO] - approx_kl: 0.0, update_epoch: 4, num_batch: 4
[2026-10-10 09:07:17,255][agent.finetune.train_ppo_diffusion_agent][INFO] - approx_kl: 0.0, update_epoch: 4, num_batch: 4
[2026-10-10 09:07:18,965][agent.finetune.train_ppo_diffusion_agent][INFO] - approx_kl: 0.0, update_epoch: 4, num_batch: 4
[2026-10-10 09:07:25,841][agent.finetune.train_ppo_diffusion_agent][INFO] - 76: step  5520000 | loss  -0.3609 | pg loss  -0.4151 | value loss   0.1084 | bc loss   0.0000 | reward 4015.1816 | eta   1.0000 | t: 54.3959 | kl_true_per_action=0.0018697023599673142 | logratio_p99=0.06449890732765189 | clamp_hit_frac=0.0006958333333333334 | actor_step_ratio=1.0 | actor_step_clipfrac=0.0
[2026-10-10 09:07:25,841][agent.finetune.stage3_support][INFO] - STAGE3_METRICS {"J_disc_train": 1432.5135739836237, "J_disc_train_se": 17.195754054950207, "action_oor_frac": 0.16416875, "adv_raw_mean": 2.9103830456733705e-15, "adv_raw_std": 195.34008333427383, "diagnostics_seconds": 0.11426365561783314, "episode_count": 80, "explained_var": 0.42132776975631714, "explained_var_reason": null, "grad_cos_prev": -0.015290045735148498, "grad_cos_prev_reason": null, "grad_norm": 14.576085091367947, "policy_action_oor_frac": 0.1641875, "proj_active": false, "reward_clip_frac": 0.0, "rollout_seconds": 13.104972287081182, "split_diff_sq": 887.3914269599368, "split_dot": -9.385601049499382, "theta_dist": 0.06441789645561892, "theta_dist_preproj": 0.06441789645561892, "update_norm": 0.005294280642552571, "update_seconds": 41.17259764485061, "x0_sat_frac_last": 0.0741849634065203, "x0_sat_frac_mean": 0.08262144040784408}
Processed step 0 of 500
Processed step 10 of 500
Processed step 20 of 500
Processed step 30 of 500
Processed step 40 of 500
Processed step 50 of 500
Processed step 60 of 500
Processed step 70 of 500
Processed step 80 of 500
Processed step 90 of 500
Processed step 100 of 500
Processed step 110 of 500
Processed step 120 of 500
Processed step 130 of 500
Processed step 140 of 500
Processed step 150 of 500
Processed step 160 of 500
Processed step 170 of 500
Processed step 180 of 500
Processed step 190 of 500
Processed step 200 of 500
Processed step 210 of 500
Processed step 220 of 500
Processed step 230 of 500
Processed step 240 of 500
Processed step 250 of 500
Processed step 260 of 500
Processed step 270 of 500
Processed step 280 of 500
Processed step 290 of 500
Processed step 300 of 500
Processed step 310 of 500
Processed step 320 of 500
Processed step 330 of 500
Processed step 340 of 500
Processed step 350 of 500
Processed step 360 of 500
Processed step 370 of 500
Processed step 380 of 500
Processed step 390 of 500
Processed step 400 of 500
Processed step 410 of 500
Processed step 420 of 500
Processed step 430 of 500
Processed step 440 of 500
Processed step 450 of 500
Processed step 460 of 500
Processed step 470 of 500
Processed step 480 of 500
Processed step 490 of 500
[2026-10-10 09:07:42,233][agent.finetune.train_ppo_diffusion_agent][INFO] - approx_kl: 0.0, update_epoch: 0, num_batch: 4
[2026-10-10 09:07:44,060][agent.finetune.train_ppo_diffusion_agent][INFO] - approx_kl: 0.0, update_epoch: 0, num_batch: 4
[2026-10-10 09:07:45,700][agent.finetune.train_ppo_diffusion_agent][INFO] - approx_kl: 0.0, update_epoch: 0, num_batch: 4
[2026-10-10 09:07:47,419][agent.finetune.train_ppo_diffusion_agent][INFO] - approx_kl: 0.0, update_epoch: 0, num_batch: 4
[2026-10-10 09:07:49,168][agent.finetune.train_ppo_diffusion_agent][INFO] - approx_kl: 0.0, update_epoch: 1, num_batch: 4
[2026-10-10 09:07:50,987][agent.finetune.train_ppo_diffusion_agent][INFO] - approx_kl: 0.0, update_epoch: 1, num_batch: 4
[2026-10-10 09:07:52,609][agent.finetune.train_ppo_diffusion_agent][INFO] - approx_kl: 0.0, update_epoch: 1, num_batch: 4
[2026-10-10 09:07:54,341][agent.finetune.train_ppo_diffusion_agent][INFO] - approx_kl: 0.0, update_epoch: 1, num_batch: 4
[2026-10-10 09:07:56,094][agent.finetune.train_ppo_diffusion_agent][INFO] - approx_kl: 0.0, update_epoch: 2, num_batch: 4
[2026-10-10 09:07:57,987][agent.finetune.train_ppo_diffusion_agent][INFO] - approx_kl: 0.0, update_epoch: 2, num_batch: 4
[2026-10-10 09:07:59,617][agent.finetune.train_ppo_diffusion_agent][INFO] - approx_kl: 0.0, update_epoch: 2, num_batch: 4
[2026-10-10 09:08:01,356][agent.finetune.train_ppo_diffusion_agent][INFO] - approx_kl: 0.0, update_epoch: 2, num_batch: 4
[2026-10-10 09:08:03,047][agent.finetune.train_ppo_diffusion_agent][INFO] - approx_kl: 0.0, update_epoch: 3, num_batch: 4
[2026-10-10 09:08:04,834][agent.finetune.train_ppo_diffusion_agent][INFO] - approx_kl: 0.0, update_epoch: 3, num_batch: 4
[2026-10-10 09:08:06,433][agent.finetune.train_ppo_diffusion_agent][INFO] - approx_kl: 0.0, update_epoch: 3, num_batch: 4
[2026-10-10 09:08:08,102][agent.finetune.train_ppo_diffusion_agent][INFO] - approx_kl: 0.0, update_epoch: 3, num_batch: 4
[2026-10-10 09:08:09,755][agent.finetune.train_ppo_diffusion_agent][INFO] - approx_kl: 0.0, update_epoch: 4, num_batch: 4
[2026-10-10 09:08:11,543][agent.finetune.train_ppo_diffusion_agent][INFO] - approx_kl: 0.0, update_epoch: 4, num_batch: 4
[2026-10-10 09:08:13,135][agent.finetune.train_ppo_diffusion_agent][INFO] - approx_kl: 0.0, update_epoch: 4, num_batch: 4
[2026-10-10 09:08:14,806][agent.finetune.train_ppo_diffusion_agent][INFO] - approx_kl: 0.0, update_epoch: 4, num_batch: 4
[2026-10-10 09:08:21,520][agent.finetune.train_ppo_diffusion_agent][INFO] - 77: step  5600000 | loss   0.1225 | pg loss   0.0698 | value loss   0.1054 | bc loss   0.0000 | reward 4011.0160 | eta   1.0000 | t: 55.6798 | kl_true_per_action=0.0025847823251770995 | logratio_p99=0.06998923063278194 | clamp_hit_frac=0.0007583333333333333 | actor_step_ratio=1.0 | actor_step_clipfrac=0.0
[2026-10-10 09:08:21,521][agent.finetune.stage3_support][INFO] - STAGE3_METRICS {"J_disc_train": 1433.9105803182117, "J_disc_train_se": 25.6382763482286, "action_oor_frac": 0.16139583333333332, "adv_raw_mean": -2.6557245291769505e-14, "adv_raw_std": 269.0369595076664, "diagnostics_seconds": 0.11100251320749521, "episode_count": 80, "explained_var": 0.564924031496048, "explained_var_reason": null, "grad_cos_prev": -0.04433841174631058, "grad_cos_prev_reason": null, "grad_norm": 22.2990265039116, "policy_action_oor_frac": 0.16141666666666668, "proj_active": false, "reward_clip_frac": 0.0, "rollout_seconds": 14.486656533554196, "split_diff_sq": 1992.0516480854483, "split_dot": -0.7663208120005187, "theta_dist": 0.06489556128563455, "theta_dist_preproj": 0.06489556128563455, "update_norm": 0.008099387486999413, "update_seconds": 41.0779228573665, "x0_sat_frac_last": 0.06837553790135717, "x0_sat_frac_mean": 0.08348903454714483}
Processed step 0 of 500
Processed step 10 of 500
Processed step 20 of 500
Processed step 30 of 500
Processed step 40 of 500
Processed step 50 of 500
Processed step 60 of 500
Processed step 70 of 500
Processed step 80 of 500
Processed step 90 of 500
Processed step 100 of 500
Processed step 110 of 500
Processed step 120 of 500
Processed step 130 of 500
Processed step 140 of 500
Processed step 150 of 500
Processed step 160 of 500
Processed step 170 of 500
Processed step 180 of 500
Processed step 190 of 500
Processed step 200 of 500
Processed step 210 of 500
Processed step 220 of 500
Processed step 230 of 500
Processed step 240 of 500
Processed step 250 of 500
Processed step 260 of 500
Processed step 270 of 500
Processed step 280 of 500
Processed step 290 of 500
Processed step 300 of 500
Processed step 310 of 500
Processed step 320 of 500
Processed step 330 of 500
Processed step 340 of 500
Processed step 350 of 500
Processed step 360 of 500
Processed step 370 of 500
Processed step 380 of 500
Processed step 390 of 500
Processed step 400 of 500
Processed step 410 of 500
Processed step 420 of 500
Processed step 430 of 500
Processed step 440 of 500
Processed step 450 of 500
Processed step 460 of 500
Processed step 470 of 500
Processed step 480 of 500
Processed step 490 of 500
[2026-10-10 09:08:37,330][agent.finetune.train_ppo_diffusion_agent][INFO] - approx_kl: 0.0, update_epoch: 0, num_batch: 4
[2026-10-10 09:08:38,937][agent.finetune.train_ppo_diffusion_agent][INFO] - approx_kl: 0.0, update_epoch: 0, num_batch: 4
[2026-10-10 09:08:40,672][agent.finetune.train_ppo_diffusion_agent][INFO] - approx_kl: 0.0, update_epoch: 0, num_batch: 4
[2026-10-10 09:08:42,300][agent.finetune.train_ppo_diffusion_agent][INFO] - approx_kl: 0.0, update_epoch: 0, num_batch: 4
[2026-10-10 09:08:44,144][agent.finetune.train_ppo_diffusion_agent][INFO] - approx_kl: 0.0, update_epoch: 1, num_batch: 4
[2026-10-10 09:08:45,773][agent.finetune.train_ppo_diffusion_agent][INFO] - approx_kl: 0.0, update_epoch: 1, num_batch: 4
[2026-10-10 09:08:47,520][agent.finetune.train_ppo_diffusion_agent][INFO] - approx_kl: 0.0, update_epoch: 1, num_batch: 4
[2026-10-10 09:08:49,270][agent.finetune.train_ppo_diffusion_agent][INFO] - approx_kl: 0.0, update_epoch: 1, num_batch: 4
[2026-10-10 09:08:51,141][agent.finetune.train_ppo_diffusion_agent][INFO] - approx_kl: 0.0, update_epoch: 2, num_batch: 4
[2026-10-10 09:08:52,795][agent.finetune.train_ppo_diffusion_agent][INFO] - approx_kl: 0.0, update_epoch: 2, num_batch: 4
[2026-10-10 09:08:54,573][agent.finetune.train_ppo_diffusion_agent][INFO] - approx_kl: 0.0, update_epoch: 2, num_batch: 4
[2026-10-10 09:08:56,307][agent.finetune.train_ppo_diffusion_agent][INFO] - approx_kl: 0.0, update_epoch: 2, num_batch: 4
[2026-10-10 09:08:58,142][agent.finetune.train_ppo_diffusion_agent][INFO] - approx_kl: 0.0, update_epoch: 3, num_batch: 4
[2026-10-10 09:08:59,796][agent.finetune.train_ppo_diffusion_agent][INFO] - approx_kl: 0.0, update_epoch: 3, num_batch: 4
[2026-10-10 09:09:01,553][agent.finetune.train_ppo_diffusion_agent][INFO] - approx_kl: 0.0, update_epoch: 3, num_batch: 4
[2026-10-10 09:09:03,262][agent.finetune.train_ppo_diffusion_agent][INFO] - approx_kl: 0.0, update_epoch: 3, num_batch: 4
[2026-10-10 09:09:05,106][agent.finetune.train_ppo_diffusion_agent][INFO] - approx_kl: 0.0, update_epoch: 4, num_batch: 4
[2026-10-10 09:09:06,762][agent.finetune.train_ppo_diffusion_agent][INFO] - approx_kl: 0.0, update_epoch: 4, num_batch: 4
[2026-10-10 09:09:08,525][agent.finetune.train_ppo_diffusion_agent][INFO] - approx_kl: 0.0, update_epoch: 4, num_batch: 4
[2026-10-10 09:09:10,242][agent.finetune.train_ppo_diffusion_agent][INFO] - approx_kl: 0.0, update_epoch: 4, num_batch: 4
[2026-10-10 09:09:16,758][agent.finetune.train_ppo_diffusion_agent][INFO] - 78: step  5680000 | loss   0.4986 | pg loss   0.4459 | value loss   0.1054 | bc loss   0.0000 | reward 4106.9492 | eta   1.0000 | t: 55.2372 | kl_true_per_action=0.00213253463888543 | logratio_p99=0.0639506262540817 | clamp_hit_frac=0.0008270833333333333 | actor_step_ratio=1.0 | actor_step_clipfrac=0.0
[2026-10-10 09:09:16,758][agent.finetune.stage3_support][INFO] - STAGE3_METRICS {"J_disc_train": 1439.3201384921322, "J_disc_train_se": 21.37110151407969, "action_oor_frac": 0.16513125, "adv_raw_mean": 5.093170329928398e-15, "adv_raw_std": 189.3120932342699, "diagnostics_seconds": 0.11092680413275957, "episode_count": 80, "explained_var": 0.28126001358032227, "explained_var_reason": null, "grad_cos_prev": -0.09801518385636523, "grad_cos_prev_reason": null, "grad_norm": 18.83280818401453, "policy_action_oor_frac": 0.16515416666666666, "proj_active": false, "reward_clip_frac": 0.0, "rollout_seconds": 13.798966421745718, "split_diff_sq": 1350.2571735145375, "split_dot": 17.110353853959467, "theta_dist": 0.06510035854887272, "theta_dist_preproj": 0.06510035854887272, "update_norm": 0.006840406664280121, "update_seconds": 41.32337199617177, "x0_sat_frac_last": 0.0725542107917297, "x0_sat_frac_mean": 0.08506208431224133}
Processed step 0 of 500
Processed step 10 of 500
Processed step 20 of 500
Processed step 30 of 500
Processed step 40 of 500
Processed step 50 of 500
Processed step 60 of 500
Processed step 70 of 500
Processed step 80 of 500
Processed step 90 of 500
Processed step 100 of 500
Processed step 110 of 500
Processed step 120 of 500
Processed step 130 of 500
Processed step 140 of 500
Processed step 150 of 500
Processed step 160 of 500
Processed step 170 of 500
Processed step 180 of 500
Processed step 190 of 500
Processed step 200 of 500
Processed step 210 of 500
Processed step 220 of 500
Processed step 230 of 500
Processed step 240 of 500
Processed step 250 of 500
Processed step 260 of 500
Processed step 270 of 500
Processed step 280 of 500
Processed step 290 of 500
Processed step 300 of 500
Processed step 310 of 500
Processed step 320 of 500
Processed step 330 of 500
Processed step 340 of 500
Processed step 350 of 500
Processed step 360 of 500
Processed step 370 of 500
Processed step 380 of 500
Processed step 390 of 500
Processed step 400 of 500
Processed step 410 of 500
Processed step 420 of 500
Processed step 430 of 500
Processed step 440 of 500
Processed step 450 of 500
Processed step 460 of 500
Processed step 470 of 500
Processed step 480 of 500
Processed step 490 of 500
[2026-10-10 09:09:31,542][agent.finetune.train_ppo_diffusion_agent][INFO] - approx_kl: 0.0, update_epoch: 0, num_batch: 4
[2026-10-10 09:09:33,193][agent.finetune.train_ppo_diffusion_agent][INFO] - approx_kl: 0.0, update_epoch: 0, num_batch: 4
[2026-10-10 09:09:34,922][agent.finetune.train_ppo_diffusion_agent][INFO] - approx_kl: 0.0, update_epoch: 0, num_batch: 4
[2026-10-10 09:09:36,655][agent.finetune.train_ppo_diffusion_agent][INFO] - approx_kl: 0.0, update_epoch: 0, num_batch: 4
[2026-10-10 09:09:38,493][agent.finetune.train_ppo_diffusion_agent][INFO] - approx_kl: 0.0, update_epoch: 1, num_batch: 4
[2026-10-10 09:09:40,127][agent.finetune.train_ppo_diffusion_agent][INFO] - approx_kl: 0.0, update_epoch: 1, num_batch: 4
[2026-10-10 09:09:41,863][agent.finetune.train_ppo_diffusion_agent][INFO] - approx_kl: 0.0, update_epoch: 1, num_batch: 4
[2026-10-10 09:09:43,630][agent.finetune.train_ppo_diffusion_agent][INFO] - approx_kl: 0.0, update_epoch: 1, num_batch: 4
[2026-10-10 09:09:45,536][agent.finetune.train_ppo_diffusion_agent][INFO] - approx_kl: 0.0, update_epoch: 2, num_batch: 4
[2026-10-10 09:09:47,195][agent.finetune.train_ppo_diffusion_agent][INFO] - approx_kl: 0.0, update_epoch: 2, num_batch: 4
[2026-10-10 09:09:48,952][agent.finetune.train_ppo_diffusion_agent][INFO] - approx_kl: 0.0, update_epoch: 2, num_batch: 4
[2026-10-10 09:09:50,688][agent.finetune.train_ppo_diffusion_agent][INFO] - approx_kl: 0.0, update_epoch: 2, num_batch: 4
[2026-10-10 09:09:52,547][agent.finetune.train_ppo_diffusion_agent][INFO] - approx_kl: 0.0, update_epoch: 3, num_batch: 4
[2026-10-10 09:09:54,163][agent.finetune.train_ppo_diffusion_agent][INFO] - approx_kl: 0.0, update_epoch: 3, num_batch: 4
[2026-10-10 09:09:55,858][agent.finetune.train_ppo_diffusion_agent][INFO] - approx_kl: 0.0, update_epoch: 3, num_batch: 4
[2026-10-10 09:09:57,577][agent.finetune.train_ppo_diffusion_agent][INFO] - approx_kl: 0.0, update_epoch: 3, num_batch: 4
[2026-10-10 09:09:59,530][agent.finetune.train_ppo_diffusion_agent][INFO] - approx_kl: 0.0, update_epoch: 4, num_batch: 4
[2026-10-10 09:10:01,164][agent.finetune.train_ppo_diffusion_agent][INFO] - approx_kl: 0.0, update_epoch: 4, num_batch: 4
[2026-10-10 09:10:02,887][agent.finetune.train_ppo_diffusion_agent][INFO] - approx_kl: 0.0, update_epoch: 4, num_batch: 4
[2026-10-10 09:10:04,622][agent.finetune.train_ppo_diffusion_agent][INFO] - approx_kl: 0.0, update_epoch: 4, num_batch: 4
[2026-10-10 09:10:11,591][agent.finetune.train_ppo_diffusion_agent][INFO] - 79: step  5760000 | loss  -0.0806 | pg loss  -0.1325 | value loss   0.1038 | bc loss   0.0000 | reward 4126.9419 | eta   1.0000 | t: 54.8338 | kl_true_per_action=0.0016922802015991662 | logratio_p99=0.06534099817275991 | clamp_hit_frac=0.0007541666666666667 | actor_step_ratio=1.0 | actor_step_clipfrac=0.0
[2026-10-10 09:10:11,592][agent.finetune.stage3_support][INFO] - STAGE3_METRICS {"J_disc_train": 1446.9843087468857, "J_disc_train_se": 15.88078444010293, "action_oor_frac": 0.16559375, "adv_raw_mean": 5.093170329928398e-15, "adv_raw_std": 168.3156655587326, "diagnostics_seconds": 0.10533575434237719, "episode_count": 80, "explained_var": 0.24186939001083374, "explained_var_reason": null, "grad_cos_prev": 0.016520343860813438, "grad_cos_prev_reason": null, "grad_norm": 13.406278742382508, "policy_action_oor_frac": 0.16562291666666668, "proj_active": false, "reward_clip_frac": 0.0, "rollout_seconds": 12.91087652835995, "split_diff_sq": 742.428581575349, "split_dot": -5.8788479872673385, "theta_dist": 0.06553178273639358, "theta_dist_preproj": 0.06553178273639358, "update_norm": 0.00486940662891099, "update_seconds": 41.81393479462713, "x0_sat_frac_last": 0.07177104548540393, "x0_sat_frac_mean": 0.0854645930509596}
Processed step 0 of 500
Processed step 10 of 500
Processed step 20 of 500
Processed step 30 of 500
Processed step 40 of 500
Processed step 50 of 500
Processed step 60 of 500
Processed step 70 of 500
Processed step 80 of 500
Processed step 90 of 500
Processed step 100 of 500
Processed step 110 of 500
Processed step 120 of 500
Processed step 130 of 500
Processed step 140 of 500
Processed step 150 of 500
Processed step 160 of 500
Processed step 170 of 500
Processed step 180 of 500
Processed step 190 of 500
Processed step 200 of 500
Processed step 210 of 500
Processed step 220 of 500
Processed step 230 of 500
Processed step 240 of 500
Processed step 250 of 500
Processed step 260 of 500
Processed step 270 of 500
Processed step 280 of 500
Processed step 290 of 500
Processed step 300 of 500
Processed step 310 of 500
Processed step 320 of 500
Processed step 330 of 500
Processed step 340 of 500
Processed step 350 of 500
Processed step 360 of 500
Processed step 370 of 500
Processed step 380 of 500
Processed step 390 of 500
Processed step 400 of 500
Processed step 410 of 500
Processed step 420 of 500
Processed step 430 of 500
Processed step 440 of 500
Processed step 450 of 500
Processed step 460 of 500
Processed step 470 of 500
Processed step 480 of 500
Processed step 490 of 500
[2026-10-10 09:10:23,691][agent.finetune.train_ppo_diffusion_agent][INFO] - eval: success rate   1.0000 | avg episode reward 4410.3665 | avg best reward   6.5362
[2026-10-10 09:10:23,692][agent.finetune.stage3_support][INFO] - STAGE3_METRICS {"J_disc_eval": 1569.5800787790956, "J_disc_eval_se": 10.914503952673487, "action_oor_frac": 0.0, "diagnostics_seconds": 0.004700223915278912, "episode_count": 80, "policy_action_oor_frac": 0.0, "rollout_seconds": 12.090721267275512, "update_seconds": 0.0}
Processed step 0 of 500
Processed step 10 of 500
Processed step 20 of 500
Processed step 30 of 500
Processed step 40 of 500
Processed step 50 of 500
Processed step 60 of 500
Processed step 70 of 500
Processed step 80 of 500
Processed step 90 of 500
Processed step 100 of 500
Processed step 110 of 500
Processed step 120 of 500
Processed step 130 of 500
Processed step 140 of 500
Processed step 150 of 500
Processed step 160 of 500
Processed step 170 of 500
Processed step 180 of 500
Processed step 190 of 500
Processed step 200 of 500
Processed step 210 of 500
Processed step 220 of 500
Processed step 230 of 500
Processed step 240 of 500
Processed step 250 of 500
Processed step 260 of 500
Processed step 270 of 500
Processed step 280 of 500
Processed step 290 of 500
Processed step 300 of 500
Processed step 310 of 500
Processed step 320 of 500
Processed step 330 of 500
Processed step 340 of 500
Processed step 350 of 500
Processed step 360 of 500
Processed step 370 of 500
Processed step 380 of 500
Processed step 390 of 500
Processed step 400 of 500
Processed step 410 of 500
Processed step 420 of 500
Processed step 430 of 500
Processed step 440 of 500
Processed step 450 of 500
Processed step 460 of 500
Processed step 470 of 500
Processed step 480 of 500
Processed step 490 of 500
[2026-10-10 09:10:37,938][agent.finetune.train_ppo_diffusion_agent][INFO] - approx_kl: 0.0, update_epoch: 0, num_batch: 4
[2026-10-10 09:10:39,578][agent.finetune.train_ppo_diffusion_agent][INFO] - approx_kl: 0.0, update_epoch: 0, num_batch: 4
[2026-10-10 09:10:41,236][agent.finetune.train_ppo_diffusion_agent][INFO] - approx_kl: 0.0, update_epoch: 0, num_batch: 4
[2026-10-10 09:10:42,985][agent.finetune.train_ppo_diffusion_agent][INFO] - approx_kl: 0.0, update_epoch: 0, num_batch: 4
[2026-10-10 09:10:44,588][agent.finetune.train_ppo_diffusion_agent][INFO] - approx_kl: 0.0, update_epoch: 1, num_batch: 4
[2026-10-10 09:10:46,243][agent.finetune.train_ppo_diffusion_agent][INFO] - approx_kl: 0.0, update_epoch: 1, num_batch: 4
[2026-10-10 09:10:47,908][agent.finetune.train_ppo_diffusion_agent][INFO] - approx_kl: 0.0, update_epoch: 1, num_batch: 4
[2026-10-10 09:10:49,660][agent.finetune.train_ppo_diffusion_agent][INFO] - approx_kl: 0.0, update_epoch: 1, num_batch: 4
[2026-10-10 09:10:51,221][agent.finetune.train_ppo_diffusion_agent][INFO] - approx_kl: 0.0, update_epoch: 2, num_batch: 4
[2026-10-10 09:10:52,941][agent.finetune.train_ppo_diffusion_agent][INFO] - approx_kl: 0.0, update_epoch: 2, num_batch: 4
[2026-10-10 09:10:54,722][agent.finetune.train_ppo_diffusion_agent][INFO] - approx_kl: 0.0, update_epoch: 2, num_batch: 4
[2026-10-10 09:10:56,570][agent.finetune.train_ppo_diffusion_agent][INFO] - approx_kl: 0.0, update_epoch: 2, num_batch: 4
[2026-10-10 09:10:58,216][agent.finetune.train_ppo_diffusion_agent][INFO] - approx_kl: 0.0, update_epoch: 3, num_batch: 4
[2026-10-10 09:10:59,983][agent.finetune.train_ppo_diffusion_agent][INFO] - approx_kl: 0.0, update_epoch: 3, num_batch: 4
[2026-10-10 09:11:01,691][agent.finetune.train_ppo_diffusion_agent][INFO] - approx_kl: 0.0, update_epoch: 3, num_batch: 4
[2026-10-10 09:11:03,493][agent.finetune.train_ppo_diffusion_agent][INFO] - approx_kl: 0.0, update_epoch: 3, num_batch: 4
[2026-10-10 09:11:05,138][agent.finetune.train_ppo_diffusion_agent][INFO] - approx_kl: 0.0, update_epoch: 4, num_batch: 4
[2026-10-10 09:11:06,855][agent.finetune.train_ppo_diffusion_agent][INFO] - approx_kl: 0.0, update_epoch: 4, num_batch: 4
[2026-10-10 09:11:08,594][agent.finetune.train_ppo_diffusion_agent][INFO] - approx_kl: 0.0, update_epoch: 4, num_batch: 4
[2026-10-10 09:11:10,400][agent.finetune.train_ppo_diffusion_agent][INFO] - approx_kl: 0.0, update_epoch: 4, num_batch: 4
[2026-10-10 09:11:17,320][agent.finetune.train_ppo_diffusion_agent][INFO] - 81: step  5840000 | loss  -1.8097 | pg loss  -1.8608 | value loss   0.1022 | bc loss   0.0000 | reward 4095.4460 | eta   1.0000 | t: 53.6290 | kl_true_per_action=0.0011824767334162932 | logratio_p99=0.04545941948890685 | clamp_hit_frac=0.0007458333333333334 | actor_step_ratio=1.0 | actor_step_clipfrac=0.0
[2026-10-10 09:11:17,321][agent.finetune.stage3_support][INFO] - STAGE3_METRICS {"J_disc_train": 1451.1391970637887, "J_disc_train_se": 15.991253770435124, "action_oor_frac": 0.16561458333333334, "adv_raw_mean": 6.275513442233205e-15, "adv_raw_std": 212.80791082300513, "diagnostics_seconds": 0.10519332438707352, "episode_count": 80, "explained_var": 0.43708616495132446, "explained_var_reason": null, "grad_cos_prev": 0.09879734087936504, "grad_cos_prev_reason": null, "grad_norm": 15.958426309724885, "policy_action_oor_frac": 0.16563333333333333, "proj_active": false, "reward_clip_frac": 0.0, "rollout_seconds": 12.201277188956738, "split_diff_sq": 1091.9042378656732, "split_dot": -18.30469359372027, "theta_dist": 0.06564380316380936, "theta_dist_preproj": 0.06564380316380936, "update_norm": 0.005796375435648363, "update_seconds": 41.31876849755645, "x0_sat_frac_last": 0.07350648284917118, "x0_sat_frac_mean": 0.08641061419006763}
Processed step 0 of 500
Processed step 10 of 500
Processed step 20 of 500
Processed step 30 of 500
Processed step 40 of 500
Processed step 50 of 500
Processed step 60 of 500
Processed step 70 of 500
Processed step 80 of 500
Processed step 90 of 500
Processed step 100 of 500
Processed step 110 of 500
Processed step 120 of 500
Processed step 130 of 500
Processed step 140 of 500
Processed step 150 of 500
Processed step 160 of 500
Processed step 170 of 500
Processed step 180 of 500
Processed step 190 of 500
Processed step 200 of 500
Processed step 210 of 500
Processed step 220 of 500
Processed step 230 of 500
Processed step 240 of 500
Processed step 250 of 500
Processed step 260 of 500
Processed step 270 of 500
Processed step 280 of 500
Processed step 290 of 500
Processed step 300 of 500
Processed step 310 of 500
Processed step 320 of 500
Processed step 330 of 500
Processed step 340 of 500
Processed step 350 of 500
Processed step 360 of 500
Processed step 370 of 500
Processed step 380 of 500
Processed step 390 of 500
Processed step 400 of 500
Processed step 410 of 500
Processed step 420 of 500
Processed step 430 of 500
Processed step 440 of 500
Processed step 450 of 500
Processed step 460 of 500
Processed step 470 of 500
Processed step 480 of 500
Processed step 490 of 500
[2026-10-10 09:11:31,373][agent.finetune.train_ppo_diffusion_agent][INFO] - approx_kl: 0.0, update_epoch: 0, num_batch: 4
[2026-10-10 09:11:33,106][agent.finetune.train_ppo_diffusion_agent][INFO] - approx_kl: 0.0, update_epoch: 0, num_batch: 4
[2026-10-10 09:11:34,815][agent.finetune.train_ppo_diffusion_agent][INFO] - approx_kl: 0.0, update_epoch: 0, num_batch: 4
[2026-10-10 09:11:36,629][agent.finetune.train_ppo_diffusion_agent][INFO] - approx_kl: 0.0, update_epoch: 0, num_batch: 4
[2026-10-10 09:11:38,245][agent.finetune.train_ppo_diffusion_agent][INFO] - approx_kl: 0.0, update_epoch: 1, num_batch: 4
[2026-10-10 09:11:39,975][agent.finetune.train_ppo_diffusion_agent][INFO] - approx_kl: 0.0, update_epoch: 1, num_batch: 4
[2026-10-10 09:11:41,685][agent.finetune.train_ppo_diffusion_agent][INFO] - approx_kl: 0.0, update_epoch: 1, num_batch: 4
[2026-10-10 09:11:43,527][agent.finetune.train_ppo_diffusion_agent][INFO] - approx_kl: 0.0, update_epoch: 1, num_batch: 4
[2026-10-10 09:11:45,140][agent.finetune.train_ppo_diffusion_agent][INFO] - approx_kl: 0.0, update_epoch: 2, num_batch: 4
[2026-10-10 09:11:46,835][agent.finetune.train_ppo_diffusion_agent][INFO] - approx_kl: 0.0, update_epoch: 2, num_batch: 4
[2026-10-10 09:11:48,541][agent.finetune.train_ppo_diffusion_agent][INFO] - approx_kl: 0.0, update_epoch: 2, num_batch: 4
[2026-10-10 09:11:50,336][agent.finetune.train_ppo_diffusion_agent][INFO] - approx_kl: 0.0, update_epoch: 2, num_batch: 4
[2026-10-10 09:11:51,940][agent.finetune.train_ppo_diffusion_agent][INFO] - approx_kl: 0.0, update_epoch: 3, num_batch: 4
[2026-10-10 09:11:53,648][agent.finetune.train_ppo_diffusion_agent][INFO] - approx_kl: 0.0, update_epoch: 3, num_batch: 4
[2026-10-10 09:11:55,345][agent.finetune.train_ppo_diffusion_agent][INFO] - approx_kl: 0.0, update_epoch: 3, num_batch: 4
[2026-10-10 09:11:57,150][agent.finetune.train_ppo_diffusion_agent][INFO] - approx_kl: 0.0, update_epoch: 3, num_batch: 4
[2026-10-10 09:11:58,788][agent.finetune.train_ppo_diffusion_agent][INFO] - approx_kl: 0.0, update_epoch: 4, num_batch: 4
[2026-10-10 09:12:00,529][agent.finetune.train_ppo_diffusion_agent][INFO] - approx_kl: 0.0, update_epoch: 4, num_batch: 4
[2026-10-10 09:12:02,272][agent.finetune.train_ppo_diffusion_agent][INFO] - approx_kl: 0.0, update_epoch: 4, num_batch: 4
[2026-10-10 09:12:04,114][agent.finetune.train_ppo_diffusion_agent][INFO] - approx_kl: 0.0, update_epoch: 4, num_batch: 4
[2026-10-10 09:12:10,991][agent.finetune.train_ppo_diffusion_agent][INFO] - 82: step  5920000 | loss  -0.7780 | pg loss  -0.8328 | value loss   0.1097 | bc loss   0.0000 | reward 3995.6682 | eta   1.0000 | t: 53.6708 | kl_true_per_action=0.0032220091800664367 | logratio_p99=0.07874847650527948 | clamp_hit_frac=0.0008166666666666667 | actor_step_ratio=1.0 | actor_step_clipfrac=0.0
[2026-10-10 09:12:10,991][agent.finetune.stage3_support][INFO] - STAGE3_METRICS {"J_disc_train": 1423.9837686047263, "J_disc_train_se": 24.71761724532186, "action_oor_frac": 0.16342916666666665, "adv_raw_mean": 3.637978807091713e-15, "adv_raw_std": 274.626742091465, "diagnostics_seconds": 0.10606179106980562, "episode_count": 80, "explained_var": 0.5568287074565887, "explained_var_reason": null, "grad_cos_prev": -0.016811216283336365, "grad_cos_prev_reason": null, "grad_norm": 22.41539836869069, "policy_action_oor_frac": 0.16346666666666668, "proj_active": false, "reward_clip_frac": 0.0, "rollout_seconds": 12.234583793208003, "split_diff_sq": 2216.437811053858, "split_dot": -51.6593500963708, "theta_dist": 0.06606959479431172, "theta_dist_preproj": 0.06606959479431172, "update_norm": 0.008141658011777932, "update_seconds": 41.32562328130007, "x0_sat_frac_last": 0.0755949409219504, "x0_sat_frac_mean": 0.08654060781206982}
Processed step 0 of 500
Processed step 10 of 500
Processed step 20 of 500
Processed step 30 of 500
Processed step 40 of 500
Processed step 50 of 500
Processed step 60 of 500
Processed step 70 of 500
Processed step 80 of 500
Processed step 90 of 500
Processed step 100 of 500
Processed step 110 of 500
Processed step 120 of 500
Processed step 130 of 500
Processed step 140 of 500
Processed step 150 of 500
Processed step 160 of 500
Processed step 170 of 500
Processed step 180 of 500
Processed step 190 of 500
Processed step 200 of 500
Processed step 210 of 500
Processed step 220 of 500
Processed step 230 of 500
Processed step 240 of 500
Processed step 250 of 500
Processed step 260 of 500
Processed step 270 of 500
Processed step 280 of 500
Processed step 290 of 500
Processed step 300 of 500
Processed step 310 of 500
Processed step 320 of 500
Processed step 330 of 500
Processed step 340 of 500
Processed step 350 of 500
Processed step 360 of 500
Processed step 370 of 500
Processed step 380 of 500
Processed step 390 of 500
Processed step 400 of 500
Processed step 410 of 500
Processed step 420 of 500
Processed step 430 of 500
Processed step 440 of 500
Processed step 450 of 500
Processed step 460 of 500
Processed step 470 of 500
Processed step 480 of 500
Processed step 490 of 500
[2026-10-10 09:12:25,299][agent.finetune.train_ppo_diffusion_agent][INFO] - approx_kl: 0.0, update_epoch: 0, num_batch: 4
[2026-10-10 09:12:27,022][agent.finetune.train_ppo_diffusion_agent][INFO] - approx_kl: 0.0, update_epoch: 0, num_batch: 4
[2026-10-10 09:12:28,710][agent.finetune.train_ppo_diffusion_agent][INFO] - approx_kl: 0.0, update_epoch: 0, num_batch: 4
[2026-10-10 09:12:30,489][agent.finetune.train_ppo_diffusion_agent][INFO] - approx_kl: 0.0, update_epoch: 0, num_batch: 4
[2026-10-10 09:12:32,097][agent.finetune.train_ppo_diffusion_agent][INFO] - approx_kl: 0.0, update_epoch: 1, num_batch: 4
[2026-10-10 09:12:33,792][agent.finetune.train_ppo_diffusion_agent][INFO] - approx_kl: 0.0, update_epoch: 1, num_batch: 4
[2026-10-10 09:12:35,563][agent.finetune.train_ppo_diffusion_agent][INFO] - approx_kl: 0.0, update_epoch: 1, num_batch: 4
[2026-10-10 09:12:37,443][agent.finetune.train_ppo_diffusion_agent][INFO] - approx_kl: 0.0, update_epoch: 1, num_batch: 4
[2026-10-10 09:12:39,058][agent.finetune.train_ppo_diffusion_agent][INFO] - approx_kl: 0.0, update_epoch: 2, num_batch: 4
[2026-10-10 09:12:40,796][agent.finetune.train_ppo_diffusion_agent][INFO] - approx_kl: 0.0, update_epoch: 2, num_batch: 4
[2026-10-10 09:12:42,515][agent.finetune.train_ppo_diffusion_agent][INFO] - approx_kl: 0.0, update_epoch: 2, num_batch: 4
[2026-10-10 09:12:44,315][agent.finetune.train_ppo_diffusion_agent][INFO] - approx_kl: 0.0, update_epoch: 2, num_batch: 4
[2026-10-10 09:12:45,932][agent.finetune.train_ppo_diffusion_agent][INFO] - approx_kl: 0.0, update_epoch: 3, num_batch: 4
[2026-10-10 09:12:47,655][agent.finetune.train_ppo_diffusion_agent][INFO] - approx_kl: 0.0, update_epoch: 3, num_batch: 4
[2026-10-10 09:12:49,353][agent.finetune.train_ppo_diffusion_agent][INFO] - approx_kl: 0.0, update_epoch: 3, num_batch: 4
[2026-10-10 09:12:51,167][agent.finetune.train_ppo_diffusion_agent][INFO] - approx_kl: 0.0, update_epoch: 3, num_batch: 4
[2026-10-10 09:12:52,786][agent.finetune.train_ppo_diffusion_agent][INFO] - approx_kl: 0.0, update_epoch: 4, num_batch: 4
[2026-10-10 09:12:54,508][agent.finetune.train_ppo_diffusion_agent][INFO] - approx_kl: 0.0, update_epoch: 4, num_batch: 4
[2026-10-10 09:12:56,203][agent.finetune.train_ppo_diffusion_agent][INFO] - approx_kl: 0.0, update_epoch: 4, num_batch: 4
[2026-10-10 09:12:58,004][agent.finetune.train_ppo_diffusion_agent][INFO] - approx_kl: 0.0, update_epoch: 4, num_batch: 4
[2026-10-10 09:13:04,867][agent.finetune.train_ppo_diffusion_agent][INFO] - 83: step  6000000 | loss  -0.9138 | pg loss  -0.9674 | value loss   0.1070 | bc loss   0.0000 | reward 4068.5587 | eta   1.0000 | t: 53.8760 | kl_true_per_action=0.0015003897830348075 | logratio_p99=0.04936508178710934 | clamp_hit_frac=0.0007979166666666667 | actor_step_ratio=1.0 | actor_step_clipfrac=0.0
[2026-10-10 09:13:04,867][agent.finetune.stage3_support][INFO] - STAGE3_METRICS {"J_disc_train": 1450.7376431414316, "J_disc_train_se": 17.848089880049262, "action_oor_frac": 0.1642125, "adv_raw_mean": 3.637978807091713e-16, "adv_raw_std": 227.2547129240337, "diagnostics_seconds": 0.10639151744544506, "episode_count": 80, "explained_var": 0.4391700029373169, "explained_var_reason": null, "grad_cos_prev": -0.004920122848793017, "grad_cos_prev_reason": null, "grad_norm": 18.062162455712347, "policy_action_oor_frac": 0.16424583333333334, "proj_active": false, "reward_clip_frac": 0.0, "rollout_seconds": 12.508783071301877, "split_diff_sq": 1195.592361645357, "split_dot": 27.34362985578077, "theta_dist": 0.06633285170642365, "theta_dist_preproj": 0.06633285170642365, "update_norm": 0.0065604844953980725, "update_seconds": 41.25731578283012, "x0_sat_frac_last": 0.06981085116973619, "x0_sat_frac_mean": 0.08584414504950744}
Processed step 0 of 500
Processed step 10 of 500
Processed step 20 of 500
Processed step 30 of 500
Processed step 40 of 500
Processed step 50 of 500
Processed step 60 of 500
Processed step 70 of 500
Processed step 80 of 500
Processed step 90 of 500
Processed step 100 of 500
Processed step 110 of 500
Processed step 120 of 500
Processed step 130 of 500
Processed step 140 of 500
Processed step 150 of 500
Processed step 160 of 500
Processed step 170 of 500
Processed step 180 of 500
Processed step 190 of 500
Processed step 200 of 500
Processed step 210 of 500
Processed step 220 of 500
Processed step 230 of 500
Processed step 240 of 500
Processed step 250 of 500
Processed step 260 of 500
Processed step 270 of 500
Processed step 280 of 500
Processed step 290 of 500
Processed step 300 of 500
Processed step 310 of 500
Processed step 320 of 500
Processed step 330 of 500
Processed step 340 of 500
Processed step 350 of 500
Processed step 360 of 500
Processed step 370 of 500
Processed step 380 of 500
Processed step 390 of 500
Processed step 400 of 500
Processed step 410 of 500
Processed step 420 of 500
Processed step 430 of 500
Processed step 440 of 500
Processed step 450 of 500
Processed step 460 of 500
Processed step 470 of 500
Processed step 480 of 500
Processed step 490 of 500
[2026-10-10 09:13:19,085][agent.finetune.train_ppo_diffusion_agent][INFO] - approx_kl: 0.0, update_epoch: 0, num_batch: 4
[2026-10-10 09:13:20,891][agent.finetune.train_ppo_diffusion_agent][INFO] - approx_kl: 0.0, update_epoch: 0, num_batch: 4
[2026-10-10 09:13:22,650][agent.finetune.train_ppo_diffusion_agent][INFO] - approx_kl: 0.0, update_epoch: 0, num_batch: 4
[2026-10-10 09:13:24,501][agent.finetune.train_ppo_diffusion_agent][INFO] - approx_kl: 0.0, update_epoch: 0, num_batch: 4
[2026-10-10 09:13:26,163][agent.finetune.train_ppo_diffusion_agent][INFO] - approx_kl: 0.0, update_epoch: 1, num_batch: 4
[2026-10-10 09:13:27,913][agent.finetune.train_ppo_diffusion_agent][INFO] - approx_kl: 0.0, update_epoch: 1, num_batch: 4
[2026-10-10 09:13:29,646][agent.finetune.train_ppo_diffusion_agent][INFO] - approx_kl: 0.0, update_epoch: 1, num_batch: 4
[2026-10-10 09:13:31,474][agent.finetune.train_ppo_diffusion_agent][INFO] - approx_kl: 0.0, update_epoch: 1, num_batch: 4
[2026-10-10 09:13:33,099][agent.finetune.train_ppo_diffusion_agent][INFO] - approx_kl: 0.0, update_epoch: 2, num_batch: 4
[2026-10-10 09:13:34,844][agent.finetune.train_ppo_diffusion_agent][INFO] - approx_kl: 0.0, update_epoch: 2, num_batch: 4
[2026-10-10 09:13:36,549][agent.finetune.train_ppo_diffusion_agent][INFO] - approx_kl: 0.0, update_epoch: 2, num_batch: 4
[2026-10-10 09:13:38,359][agent.finetune.train_ppo_diffusion_agent][INFO] - approx_kl: 0.0, update_epoch: 2, num_batch: 4
[2026-10-10 09:13:39,974][agent.finetune.train_ppo_diffusion_agent][INFO] - approx_kl: 0.0, update_epoch: 3, num_batch: 4
[2026-10-10 09:13:41,686][agent.finetune.train_ppo_diffusion_agent][INFO] - approx_kl: 0.0, update_epoch: 3, num_batch: 4
[2026-10-10 09:13:43,484][agent.finetune.train_ppo_diffusion_agent][INFO] - approx_kl: 0.0, update_epoch: 3, num_batch: 4
[2026-10-10 09:13:45,318][agent.finetune.train_ppo_diffusion_agent][INFO] - approx_kl: 0.0, update_epoch: 3, num_batch: 4
[2026-10-10 09:13:46,939][agent.finetune.train_ppo_diffusion_agent][INFO] - approx_kl: 0.0, update_epoch: 4, num_batch: 4
[2026-10-10 09:13:48,660][agent.finetune.train_ppo_diffusion_agent][INFO] - approx_kl: 0.0, update_epoch: 4, num_batch: 4
[2026-10-10 09:13:50,369][agent.finetune.train_ppo_diffusion_agent][INFO] - approx_kl: 0.0, update_epoch: 4, num_batch: 4
[2026-10-10 09:13:52,195][agent.finetune.train_ppo_diffusion_agent][INFO] - approx_kl: 0.0, update_epoch: 4, num_batch: 4
[2026-10-10 09:13:59,085][agent.finetune.train_ppo_diffusion_agent][INFO] - 84: step  6080000 | loss   0.4146 | pg loss   0.3599 | value loss   0.1094 | bc loss   0.0000 | reward 4171.5732 | eta   1.0000 | t: 54.2179 | kl_true_per_action=0.000677670510998873 | logratio_p99=0.03725914716720571 | clamp_hit_frac=0.00075 | actor_step_ratio=1.0 | actor_step_clipfrac=0.0
[2026-10-10 09:13:59,085][agent.finetune.stage3_support][INFO] - STAGE3_METRICS {"J_disc_train": 1481.7328529418642, "J_disc_train_se": 11.545047637363245, "action_oor_frac": 0.16636666666666666, "adv_raw_mean": -6.548361852765083e-15, "adv_raw_std": 152.99843532528254, "diagnostics_seconds": 0.10480310674756765, "episode_count": 80, "explained_var": 0.21754735708236694, "explained_var_reason": null, "grad_cos_prev": 0.006362395799422234, "grad_cos_prev_reason": null, "grad_norm": 10.92855946739394, "policy_action_oor_frac": 0.16638333333333333, "proj_active": false, "reward_clip_frac": 0.0, "rollout_seconds": 12.400101364590228, "split_diff_sq": 454.9324305810736, "split_dot": 5.700307916844976, "theta_dist": 0.06651564591130228, "theta_dist_preproj": 0.06651564591130228, "update_norm": 0.003969441810171111, "update_seconds": 41.70915865339339, "x0_sat_frac_last": 0.068541265253693, "x0_sat_frac_mean": 0.0865031884151461}
Processed step 0 of 500
Processed step 10 of 500
Processed step 20 of 500
Processed step 30 of 500
Processed step 40 of 500
Processed step 50 of 500
Processed step 60 of 500
Processed step 70 of 500
Processed step 80 of 500
Processed step 90 of 500
Processed step 100 of 500
Processed step 110 of 500
Processed step 120 of 500
Processed step 130 of 500
Processed step 140 of 500
Processed step 150 of 500
Processed step 160 of 500
Processed step 170 of 500
Processed step 180 of 500
Processed step 190 of 500
Processed step 200 of 500
Processed step 210 of 500
Processed step 220 of 500
Processed step 230 of 500
Processed step 240 of 500
Processed step 250 of 500
Processed step 260 of 500
Processed step 270 of 500
Processed step 280 of 500
Processed step 290 of 500
Processed step 300 of 500
Processed step 310 of 500
Processed step 320 of 500
Processed step 330 of 500
Processed step 340 of 500
Processed step 350 of 500
Processed step 360 of 500
Processed step 370 of 500
Processed step 380 of 500
Processed step 390 of 500
Processed step 400 of 500
Processed step 410 of 500
Processed step 420 of 500
Processed step 430 of 500
Processed step 440 of 500
Processed step 450 of 500
Processed step 460 of 500
Processed step 470 of 500
Processed step 480 of 500
Processed step 490 of 500
[2026-10-10 09:14:12,865][agent.finetune.train_ppo_diffusion_agent][INFO] - approx_kl: 0.0, update_epoch: 0, num_batch: 4
[2026-10-10 09:14:14,600][agent.finetune.train_ppo_diffusion_agent][INFO] - approx_kl: 0.0, update_epoch: 0, num_batch: 4
[2026-10-10 09:14:16,419][agent.finetune.train_ppo_diffusion_agent][INFO] - approx_kl: 0.0, update_epoch: 0, num_batch: 4
[2026-10-10 09:14:18,092][agent.finetune.train_ppo_diffusion_agent][INFO] - approx_kl: 0.0, update_epoch: 0, num_batch: 4
[2026-10-10 09:14:19,863][agent.finetune.train_ppo_diffusion_agent][INFO] - approx_kl: 0.0, update_epoch: 1, num_batch: 4
[2026-10-10 09:14:21,604][agent.finetune.train_ppo_diffusion_agent][INFO] - approx_kl: 0.0, update_epoch: 1, num_batch: 4
[2026-10-10 09:14:23,378][agent.finetune.train_ppo_diffusion_agent][INFO] - approx_kl: 0.0, update_epoch: 1, num_batch: 4
[2026-10-10 09:14:24,986][agent.finetune.train_ppo_diffusion_agent][INFO] - approx_kl: 0.0, update_epoch: 1, num_batch: 4
[2026-10-10 09:14:26,784][agent.finetune.train_ppo_diffusion_agent][INFO] - approx_kl: 0.0, update_epoch: 2, num_batch: 4
[2026-10-10 09:14:28,528][agent.finetune.train_ppo_diffusion_agent][INFO] - approx_kl: 0.0, update_epoch: 2, num_batch: 4
[2026-10-10 09:14:30,384][agent.finetune.train_ppo_diffusion_agent][INFO] - approx_kl: 0.0, update_epoch: 2, num_batch: 4
[2026-10-10 09:14:32,028][agent.finetune.train_ppo_diffusion_agent][INFO] - approx_kl: 0.0, update_epoch: 2, num_batch: 4
[2026-10-10 09:14:33,770][agent.finetune.train_ppo_diffusion_agent][INFO] - approx_kl: 0.0, update_epoch: 3, num_batch: 4
[2026-10-10 09:14:35,512][agent.finetune.train_ppo_diffusion_agent][INFO] - approx_kl: 0.0, update_epoch: 3, num_batch: 4
[2026-10-10 09:14:37,377][agent.finetune.train_ppo_diffusion_agent][INFO] - approx_kl: 0.0, update_epoch: 3, num_batch: 4
[2026-10-10 09:14:39,022][agent.finetune.train_ppo_diffusion_agent][INFO] - approx_kl: 0.0, update_epoch: 3, num_batch: 4
[2026-10-10 09:14:40,760][agent.finetune.train_ppo_diffusion_agent][INFO] - approx_kl: 0.0, update_epoch: 4, num_batch: 4
[2026-10-10 09:14:42,496][agent.finetune.train_ppo_diffusion_agent][INFO] - approx_kl: 0.0, update_epoch: 4, num_batch: 4
[2026-10-10 09:14:44,341][agent.finetune.train_ppo_diffusion_agent][INFO] - approx_kl: 0.0, update_epoch: 4, num_batch: 4
[2026-10-10 09:14:45,990][agent.finetune.train_ppo_diffusion_agent][INFO] - approx_kl: 0.0, update_epoch: 4, num_batch: 4
[2026-10-10 09:14:52,810][agent.finetune.train_ppo_diffusion_agent][INFO] - 85: step  6160000 | loss  -2.1944 | pg loss  -2.2490 | value loss   0.1092 | bc loss   0.0000 | reward 3890.2109 | eta   1.0000 | t: 53.7251 | kl_true_per_action=0.00781940739698983 | logratio_p99=0.12460179448127742 | clamp_hit_frac=0.00078125 | actor_step_ratio=1.0 | actor_step_clipfrac=0.0
[2026-10-10 09:14:52,810][agent.finetune.stage3_support][INFO] - STAGE3_METRICS {"J_disc_train": 1382.2254000985163, "J_disc_train_se": 36.42854526757125, "action_oor_frac": 0.15915416666666668, "adv_raw_mean": -1.9099388737231494e-14, "adv_raw_std": 331.78089263899517, "diagnostics_seconds": 0.10436828900128603, "episode_count": 80, "explained_var": 0.6504988074302673, "explained_var_reason": null, "grad_cos_prev": 0.03613207908004066, "grad_cos_prev_reason": null, "grad_norm": 31.50615986909963, "policy_action_oor_frac": 0.15918125, "proj_active": false, "reward_clip_frac": 0.0, "rollout_seconds": 12.041981792077422, "split_diff_sq": 3914.04380494821, "split_dot": 14.12714228844687, "theta_dist": 0.06760385737582697, "theta_dist_preproj": 0.06760385737582697, "update_norm": 0.011443578498708838, "update_seconds": 41.57464305590838, "x0_sat_frac_last": 0.0696013425016372, "x0_sat_frac_mean": 0.08353705990617843}
Processed step 0 of 500
Processed step 10 of 500
Processed step 20 of 500
Processed step 30 of 500
Processed step 40 of 500
Processed step 50 of 500
Processed step 60 of 500
Processed step 70 of 500
Processed step 80 of 500
Processed step 90 of 500
Processed step 100 of 500
Processed step 110 of 500
Processed step 120 of 500
Processed step 130 of 500
Processed step 140 of 500
Processed step 150 of 500
Processed step 160 of 500
Processed step 170 of 500
Processed step 180 of 500
Processed step 190 of 500
Processed step 200 of 500
Processed step 210 of 500
Processed step 220 of 500
Processed step 230 of 500
Processed step 240 of 500
Processed step 250 of 500
Processed step 260 of 500
Processed step 270 of 500
Processed step 280 of 500
Processed step 290 of 500
Processed step 300 of 500
Processed step 310 of 500
Processed step 320 of 500
Processed step 330 of 500
Processed step 340 of 500
Processed step 350 of 500
Processed step 360 of 500
Processed step 370 of 500
Processed step 380 of 500
Processed step 390 of 500
Processed step 400 of 500
Processed step 410 of 500
Processed step 420 of 500
Processed step 430 of 500
Processed step 440 of 500
Processed step 450 of 500
Processed step 460 of 500
Processed step 470 of 500
Processed step 480 of 500
Processed step 490 of 500
[2026-10-10 09:15:07,145][agent.finetune.train_ppo_diffusion_agent][INFO] - approx_kl: 0.0, update_epoch: 0, num_batch: 4
[2026-10-10 09:15:08,696][agent.finetune.train_ppo_diffusion_agent][INFO] - approx_kl: 0.0, update_epoch: 0, num_batch: 4
[2026-10-10 09:15:10,346][agent.finetune.train_ppo_diffusion_agent][INFO] - approx_kl: 0.0, update_epoch: 0, num_batch: 4
[2026-10-10 09:15:11,871][agent.finetune.train_ppo_diffusion_agent][INFO] - approx_kl: 0.0, update_epoch: 0, num_batch: 4
[2026-10-10 09:15:13,590][agent.finetune.train_ppo_diffusion_agent][INFO] - approx_kl: 0.0, update_epoch: 1, num_batch: 4
[2026-10-10 09:15:15,197][agent.finetune.train_ppo_diffusion_agent][INFO] - approx_kl: 0.0, update_epoch: 1, num_batch: 4
[2026-10-10 09:15:17,039][agent.finetune.train_ppo_diffusion_agent][INFO] - approx_kl: 0.0, update_epoch: 1, num_batch: 4
[2026-10-10 09:15:18,517][agent.finetune.train_ppo_diffusion_agent][INFO] - approx_kl: 0.0, update_epoch: 1, num_batch: 4
[2026-10-10 09:15:20,155][agent.finetune.train_ppo_diffusion_agent][INFO] - approx_kl: 0.0, update_epoch: 2, num_batch: 4
[2026-10-10 09:15:21,776][agent.finetune.train_ppo_diffusion_agent][INFO] - approx_kl: 0.0, update_epoch: 2, num_batch: 4
[2026-10-10 09:15:23,508][agent.finetune.train_ppo_diffusion_agent][INFO] - approx_kl: 0.0, update_epoch: 2, num_batch: 4
[2026-10-10 09:15:25,066][agent.finetune.train_ppo_diffusion_agent][INFO] - approx_kl: 0.0, update_epoch: 2, num_batch: 4
[2026-10-10 09:15:26,627][agent.finetune.train_ppo_diffusion_agent][INFO] - approx_kl: 0.0, update_epoch: 3, num_batch: 4
[2026-10-10 09:15:28,326][agent.finetune.train_ppo_diffusion_agent][INFO] - approx_kl: 0.0, update_epoch: 3, num_batch: 4
[2026-10-10 09:15:29,987][agent.finetune.train_ppo_diffusion_agent][INFO] - approx_kl: 0.0, update_epoch: 3, num_batch: 4
[2026-10-10 09:15:31,571][agent.finetune.train_ppo_diffusion_agent][INFO] - approx_kl: 0.0, update_epoch: 3, num_batch: 4
[2026-10-10 09:15:33,172][agent.finetune.train_ppo_diffusion_agent][INFO] - approx_kl: 0.0, update_epoch: 4, num_batch: 4
[2026-10-10 09:15:34,782][agent.finetune.train_ppo_diffusion_agent][INFO] - approx_kl: 0.0, update_epoch: 4, num_batch: 4
[2026-10-10 09:15:36,599][agent.finetune.train_ppo_diffusion_agent][INFO] - approx_kl: 0.0, update_epoch: 4, num_batch: 4
[2026-10-10 09:15:38,232][agent.finetune.train_ppo_diffusion_agent][INFO] - approx_kl: 0.0, update_epoch: 4, num_batch: 4
[2026-10-10 09:15:45,125][agent.finetune.train_ppo_diffusion_agent][INFO] - 86: step  6240000 | loss  -1.2307 | pg loss  -1.2845 | value loss   0.1076 | bc loss   0.0000 | reward 4016.0090 | eta   1.0000 | t: 52.3145 | kl_true_per_action=0.0024286114378865424 | logratio_p99=0.06700598716735831 | clamp_hit_frac=0.0007770833333333333 | actor_step_ratio=1.0 | actor_step_clipfrac=0.0
[2026-10-10 09:15:45,125][agent.finetune.stage3_support][INFO] - STAGE3_METRICS {"J_disc_train": 1423.7047456841817, "J_disc_train_se": 22.16903276784875, "action_oor_frac": 0.16498541666666666, "adv_raw_mean": -3.2014213502407076e-14, "adv_raw_std": 236.79634285707587, "diagnostics_seconds": 0.10589482821524143, "episode_count": 80, "explained_var": 0.4855591654777527, "explained_var_reason": null, "grad_cos_prev": -0.012661643330088124, "grad_cos_prev_reason": null, "grad_norm": 20.20324525961516, "policy_action_oor_frac": 0.165025, "proj_active": false, "reward_clip_frac": 0.0, "rollout_seconds": 12.583866283297539, "split_diff_sq": 1908.1522519382543, "split_dot": -68.86694692819502, "theta_dist": 0.06841264912082042, "theta_dist_preproj": 0.06841264912082042, "update_norm": 0.007338171935248509, "update_seconds": 39.62062479928136, "x0_sat_frac_last": 0.08104486227939964, "x0_sat_frac_mean": 0.08343314080685207}
Processed step 0 of 500
Processed step 10 of 500
Processed step 20 of 500
Processed step 30 of 500
Processed step 40 of 500
Processed step 50 of 500
Processed step 60 of 500
Processed step 70 of 500
Processed step 80 of 500
Processed step 90 of 500
Processed step 100 of 500
Processed step 110 of 500
Processed step 120 of 500
Processed step 130 of 500
Processed step 140 of 500
Processed step 150 of 500
Processed step 160 of 500
Processed step 170 of 500
Processed step 180 of 500
Processed step 190 of 500
Processed step 200 of 500
Processed step 210 of 500
Processed step 220 of 500
Processed step 230 of 500
Processed step 240 of 500
Processed step 250 of 500
Processed step 260 of 500
Processed step 270 of 500
Processed step 280 of 500
Processed step 290 of 500
Processed step 300 of 500
Processed step 310 of 500
Processed step 320 of 500
Processed step 330 of 500
Processed step 340 of 500
Processed step 350 of 500
Processed step 360 of 500
Processed step 370 of 500
Processed step 380 of 500
Processed step 390 of 500
Processed step 400 of 500
Processed step 410 of 500
Processed step 420 of 500
Processed step 430 of 500
Processed step 440 of 500
Processed step 450 of 500
Processed step 460 of 500
Processed step 470 of 500
Processed step 480 of 500
Processed step 490 of 500
[2026-10-10 09:15:59,652][agent.finetune.train_ppo_diffusion_agent][INFO] - approx_kl: 0.0, update_epoch: 0, num_batch: 4
[2026-10-10 09:16:01,313][agent.finetune.train_ppo_diffusion_agent][INFO] - approx_kl: 0.0, update_epoch: 0, num_batch: 4
[2026-10-10 09:16:03,131][agent.finetune.train_ppo_diffusion_agent][INFO] - approx_kl: 0.0, update_epoch: 0, num_batch: 4
[2026-10-10 09:16:04,660][agent.finetune.train_ppo_diffusion_agent][INFO] - approx_kl: 0.0, update_epoch: 0, num_batch: 4
[2026-10-10 09:16:06,344][agent.finetune.train_ppo_diffusion_agent][INFO] - approx_kl: 0.0, update_epoch: 1, num_batch: 4
[2026-10-10 09:16:08,026][agent.finetune.train_ppo_diffusion_agent][INFO] - approx_kl: 0.0, update_epoch: 1, num_batch: 4
[2026-10-10 09:16:09,602][agent.finetune.train_ppo_diffusion_agent][INFO] - approx_kl: 0.0, update_epoch: 1, num_batch: 4
[2026-10-10 09:16:11,254][agent.finetune.train_ppo_diffusion_agent][INFO] - approx_kl: 0.0, update_epoch: 1, num_batch: 4
[2026-10-10 09:16:12,802][agent.finetune.train_ppo_diffusion_agent][INFO] - approx_kl: 0.0, update_epoch: 2, num_batch: 4
[2026-10-10 09:16:14,575][agent.finetune.train_ppo_diffusion_agent][INFO] - approx_kl: 0.0, update_epoch: 2, num_batch: 4
[2026-10-10 09:16:16,029][agent.finetune.train_ppo_diffusion_agent][INFO] - approx_kl: 0.0, update_epoch: 2, num_batch: 4
[2026-10-10 09:16:17,685][agent.finetune.train_ppo_diffusion_agent][INFO] - approx_kl: 0.0, update_epoch: 2, num_batch: 4
[2026-10-10 09:16:19,265][agent.finetune.train_ppo_diffusion_agent][INFO] - approx_kl: 0.0, update_epoch: 3, num_batch: 4
[2026-10-10 09:16:21,051][agent.finetune.train_ppo_diffusion_agent][INFO] - approx_kl: 0.0, update_epoch: 3, num_batch: 4
[2026-10-10 09:16:22,563][agent.finetune.train_ppo_diffusion_agent][INFO] - approx_kl: 0.0, update_epoch: 3, num_batch: 4
[2026-10-10 09:16:24,207][agent.finetune.train_ppo_diffusion_agent][INFO] - approx_kl: 0.0, update_epoch: 3, num_batch: 4
[2026-10-10 09:16:25,859][agent.finetune.train_ppo_diffusion_agent][INFO] - approx_kl: 0.0, update_epoch: 4, num_batch: 4
[2026-10-10 09:16:27,556][agent.finetune.train_ppo_diffusion_agent][INFO] - approx_kl: 0.0, update_epoch: 4, num_batch: 4
[2026-10-10 09:16:29,157][agent.finetune.train_ppo_diffusion_agent][INFO] - approx_kl: 0.0, update_epoch: 4, num_batch: 4
[2026-10-10 09:16:30,860][agent.finetune.train_ppo_diffusion_agent][INFO] - approx_kl: 0.0, update_epoch: 4, num_batch: 4
[2026-10-10 09:16:37,567][agent.finetune.train_ppo_diffusion_agent][INFO] - 87: step  6320000 | loss  -1.2766 | pg loss  -1.3301 | value loss   0.1070 | bc loss   0.0000 | reward 4055.6925 | eta   1.0000 | t: 52.4425 | kl_true_per_action=0.0019752753398716676 | logratio_p99=0.06278509259223936 | clamp_hit_frac=0.00079375 | actor_step_ratio=1.0 | actor_step_clipfrac=0.0
[2026-10-10 09:16:37,567][agent.finetune.stage3_support][INFO] - STAGE3_METRICS {"J_disc_train": 1415.3208853219376, "J_disc_train_se": 21.39759326773295, "action_oor_frac": 0.16533541666666668, "adv_raw_mean": 2.7648638933897018e-14, "adv_raw_std": 227.3134592864756, "diagnostics_seconds": 0.11086279526352882, "episode_count": 80, "explained_var": 0.40257102251052856, "explained_var_reason": null, "grad_cos_prev": 0.07134315194220033, "grad_cos_prev_reason": null, "grad_norm": 19.30480211207239, "policy_action_oor_frac": 0.16536041666666668, "proj_active": false, "reward_clip_frac": 0.0, "rollout_seconds": 12.60256126895547, "split_diff_sq": 1455.4153483857585, "split_dot": 8.821530994897198, "theta_dist": 0.06883324363635171, "theta_dist_preproj": 0.06883324363635171, "update_norm": 0.007011831293270219, "update_seconds": 39.72453775908798, "x0_sat_frac_last": 0.07507900864936794, "x0_sat_frac_mean": 0.08395837509795445}
Processed step 0 of 500
Processed step 10 of 500
Processed step 20 of 500
Processed step 30 of 500
Processed step 40 of 500
Processed step 50 of 500
Processed step 60 of 500
Processed step 70 of 500
Processed step 80 of 500
Processed step 90 of 500
Processed step 100 of 500
Processed step 110 of 500
Processed step 120 of 500
Processed step 130 of 500
Processed step 140 of 500
Processed step 150 of 500
Processed step 160 of 500
Processed step 170 of 500
Processed step 180 of 500
Processed step 190 of 500
Processed step 200 of 500
Processed step 210 of 500
Processed step 220 of 500
Processed step 230 of 500
Processed step 240 of 500
Processed step 250 of 500
Processed step 260 of 500
Processed step 270 of 500
Processed step 280 of 500
Processed step 290 of 500
Processed step 300 of 500
Processed step 310 of 500
Processed step 320 of 500
Processed step 330 of 500
Processed step 340 of 500
Processed step 350 of 500
Processed step 360 of 500
Processed step 370 of 500
Processed step 380 of 500
Processed step 390 of 500
Processed step 400 of 500
Processed step 410 of 500
Processed step 420 of 500
Processed step 430 of 500
Processed step 440 of 500
Processed step 450 of 500
Processed step 460 of 500
Processed step 470 of 500
Processed step 480 of 500
Processed step 490 of 500
[2026-10-10 09:16:52,132][agent.finetune.train_ppo_diffusion_agent][INFO] - approx_kl: 0.0, update_epoch: 0, num_batch: 4
[2026-10-10 09:16:53,953][agent.finetune.train_ppo_diffusion_agent][INFO] - approx_kl: 0.0, update_epoch: 0, num_batch: 4
[2026-10-10 09:16:55,587][agent.finetune.train_ppo_diffusion_agent][INFO] - approx_kl: 0.0, update_epoch: 0, num_batch: 4
[2026-10-10 09:16:57,317][agent.finetune.train_ppo_diffusion_agent][INFO] - approx_kl: 0.0, update_epoch: 0, num_batch: 4
[2026-10-10 09:16:59,054][agent.finetune.train_ppo_diffusion_agent][INFO] - approx_kl: 0.0, update_epoch: 1, num_batch: 4
[2026-10-10 09:17:00,870][agent.finetune.train_ppo_diffusion_agent][INFO] - approx_kl: 0.0, update_epoch: 1, num_batch: 4
[2026-10-10 09:17:02,521][agent.finetune.train_ppo_diffusion_agent][INFO] - approx_kl: 0.0, update_epoch: 1, num_batch: 4
[2026-10-10 09:17:04,235][agent.finetune.train_ppo_diffusion_agent][INFO] - approx_kl: 0.0, update_epoch: 1, num_batch: 4
[2026-10-10 09:17:05,971][agent.finetune.train_ppo_diffusion_agent][INFO] - approx_kl: 0.0, update_epoch: 2, num_batch: 4
[2026-10-10 09:17:07,771][agent.finetune.train_ppo_diffusion_agent][INFO] - approx_kl: 0.0, update_epoch: 2, num_batch: 4
[2026-10-10 09:17:09,429][agent.finetune.train_ppo_diffusion_agent][INFO] - approx_kl: 0.0, update_epoch: 2, num_batch: 4
[2026-10-10 09:17:11,142][agent.finetune.train_ppo_diffusion_agent][INFO] - approx_kl: 0.0, update_epoch: 2, num_batch: 4
[2026-10-10 09:17:12,897][agent.finetune.train_ppo_diffusion_agent][INFO] - approx_kl: 0.0, update_epoch: 3, num_batch: 4
[2026-10-10 09:17:14,709][agent.finetune.train_ppo_diffusion_agent][INFO] - approx_kl: 0.0, update_epoch: 3, num_batch: 4
[2026-10-10 09:17:16,350][agent.finetune.train_ppo_diffusion_agent][INFO] - approx_kl: 0.0, update_epoch: 3, num_batch: 4
[2026-10-10 09:17:18,003][agent.finetune.train_ppo_diffusion_agent][INFO] - approx_kl: 0.0, update_epoch: 3, num_batch: 4
[2026-10-10 09:17:19,578][agent.finetune.train_ppo_diffusion_agent][INFO] - approx_kl: 0.0, update_epoch: 4, num_batch: 4
[2026-10-10 09:17:21,286][agent.finetune.train_ppo_diffusion_agent][INFO] - approx_kl: 0.0, update_epoch: 4, num_batch: 4
[2026-10-10 09:17:22,776][agent.finetune.train_ppo_diffusion_agent][INFO] - approx_kl: 0.0, update_epoch: 4, num_batch: 4
[2026-10-10 09:17:24,387][agent.finetune.train_ppo_diffusion_agent][INFO] - approx_kl: 0.0, update_epoch: 4, num_batch: 4
[2026-10-10 09:17:30,794][agent.finetune.train_ppo_diffusion_agent][INFO] - 88: step  6400000 | loss   0.0006 | pg loss  -0.0549 | value loss   0.1109 | bc loss   0.0000 | reward 4128.1130 | eta   1.0000 | t: 53.2272 | kl_true_per_action=0.001369182522619408 | logratio_p99=0.050750749111175476 | clamp_hit_frac=0.0007416666666666666 | actor_step_ratio=1.0 | actor_step_clipfrac=0.0
[2026-10-10 09:17:30,795][agent.finetune.stage3_support][INFO] - STAGE3_METRICS {"J_disc_train": 1460.7088395414771, "J_disc_train_se": 18.360954067276317, "action_oor_frac": 0.1656125, "adv_raw_mean": -1.509761204943061e-14, "adv_raw_std": 180.05874102462076, "diagnostics_seconds": 0.10567485075443983, "episode_count": 80, "explained_var": 0.2544218897819519, "explained_var_reason": null, "grad_cos_prev": -0.05557941961184814, "grad_cos_prev_reason": null, "grad_norm": 14.705799341094725, "policy_action_oor_frac": 0.16564583333333333, "proj_active": false, "reward_clip_frac": 0.0, "rollout_seconds": 12.667254952713847, "split_diff_sq": 834.750040642456, "split_dot": 7.573042693952825, "theta_dist": 0.06909637718968352, "theta_dist_preproj": 0.06909637718968352, "update_norm": 0.005341396314842984, "update_seconds": 40.450687675736845, "x0_sat_frac_last": 0.07341467463479415, "x0_sat_frac_mean": 0.08410854456840366}
Processed step 0 of 500
Processed step 10 of 500
Processed step 20 of 500
Processed step 30 of 500
Processed step 40 of 500
Processed step 50 of 500
Processed step 60 of 500
Processed step 70 of 500
Processed step 80 of 500
Processed step 90 of 500
Processed step 100 of 500
Processed step 110 of 500
Processed step 120 of 500
Processed step 130 of 500
Processed step 140 of 500
Processed step 150 of 500
Processed step 160 of 500
Processed step 170 of 500
Processed step 180 of 500
Processed step 190 of 500
Processed step 200 of 500
Processed step 210 of 500
Processed step 220 of 500
Processed step 230 of 500
Processed step 240 of 500
Processed step 250 of 500
Processed step 260 of 500
Processed step 270 of 500
Processed step 280 of 500
Processed step 290 of 500
Processed step 300 of 500
Processed step 310 of 500
Processed step 320 of 500
Processed step 330 of 500
Processed step 340 of 500
Processed step 350 of 500
Processed step 360 of 500
Processed step 370 of 500
Processed step 380 of 500
Processed step 390 of 500
Processed step 400 of 500
Processed step 410 of 500
Processed step 420 of 500
Processed step 430 of 500
Processed step 440 of 500
Processed step 450 of 500
Processed step 460 of 500
Processed step 470 of 500
Processed step 480 of 500
Processed step 490 of 500
[2026-10-10 09:17:44,872][agent.finetune.train_ppo_diffusion_agent][INFO] - approx_kl: 0.0, update_epoch: 0, num_batch: 4
[2026-10-10 09:17:46,613][agent.finetune.train_ppo_diffusion_agent][INFO] - approx_kl: 0.0, update_epoch: 0, num_batch: 4
[2026-10-10 09:17:48,078][agent.finetune.train_ppo_diffusion_agent][INFO] - approx_kl: 0.0, update_epoch: 0, num_batch: 4
[2026-10-10 09:17:49,737][agent.finetune.train_ppo_diffusion_agent][INFO] - approx_kl: 0.0, update_epoch: 0, num_batch: 4
[2026-10-10 09:17:51,336][agent.finetune.train_ppo_diffusion_agent][INFO] - approx_kl: 0.0, update_epoch: 1, num_batch: 4
[2026-10-10 09:17:53,140][agent.finetune.train_ppo_diffusion_agent][INFO] - approx_kl: 0.0, update_epoch: 1, num_batch: 4
[2026-10-10 09:17:54,670][agent.finetune.train_ppo_diffusion_agent][INFO] - approx_kl: 0.0, update_epoch: 1, num_batch: 4
[2026-10-10 09:17:56,388][agent.finetune.train_ppo_diffusion_agent][INFO] - approx_kl: 0.0, update_epoch: 1, num_batch: 4
[2026-10-10 09:17:57,988][agent.finetune.train_ppo_diffusion_agent][INFO] - approx_kl: 0.0, update_epoch: 2, num_batch: 4
[2026-10-10 09:17:59,785][agent.finetune.train_ppo_diffusion_agent][INFO] - approx_kl: 0.0, update_epoch: 2, num_batch: 4
[2026-10-10 09:18:01,268][agent.finetune.train_ppo_diffusion_agent][INFO] - approx_kl: 0.0, update_epoch: 2, num_batch: 4
[2026-10-10 09:18:02,986][agent.finetune.train_ppo_diffusion_agent][INFO] - approx_kl: 0.0, update_epoch: 2, num_batch: 4
[2026-10-10 09:18:04,541][agent.finetune.train_ppo_diffusion_agent][INFO] - approx_kl: 0.0, update_epoch: 3, num_batch: 4
[2026-10-10 09:18:06,265][agent.finetune.train_ppo_diffusion_agent][INFO] - approx_kl: 0.0, update_epoch: 3, num_batch: 4
[2026-10-10 09:18:07,872][agent.finetune.train_ppo_diffusion_agent][INFO] - approx_kl: 0.0, update_epoch: 3, num_batch: 4
[2026-10-10 09:18:09,489][agent.finetune.train_ppo_diffusion_agent][INFO] - approx_kl: 0.0, update_epoch: 3, num_batch: 4
[2026-10-10 09:18:11,075][agent.finetune.train_ppo_diffusion_agent][INFO] - approx_kl: 0.0, update_epoch: 4, num_batch: 4
[2026-10-10 09:18:12,759][agent.finetune.train_ppo_diffusion_agent][INFO] - approx_kl: 0.0, update_epoch: 4, num_batch: 4
[2026-10-10 09:18:14,354][agent.finetune.train_ppo_diffusion_agent][INFO] - approx_kl: 0.0, update_epoch: 4, num_batch: 4
[2026-10-10 09:18:15,912][agent.finetune.train_ppo_diffusion_agent][INFO] - approx_kl: 0.0, update_epoch: 4, num_batch: 4
[2026-10-10 09:18:22,395][agent.finetune.train_ppo_diffusion_agent][INFO] - 89: step  6480000 | loss  -1.8643 | pg loss  -1.9183 | value loss   0.1081 | bc loss   0.0000 | reward 4106.0040 | eta   1.0000 | t: 51.6008 | kl_true_per_action=0.0011037154223261598 | logratio_p99=0.042724378108978216 | clamp_hit_frac=0.0008041666666666667 | actor_step_ratio=1.0 | actor_step_clipfrac=0.0
[2026-10-10 09:18:22,395][agent.finetune.stage3_support][INFO] - STAGE3_METRICS {"J_disc_train": 1459.2974975448064, "J_disc_train_se": 14.661095613017544, "action_oor_frac": 0.16584166666666667, "adv_raw_mean": 9.458744898438453e-15, "adv_raw_std": 182.1301044719627, "diagnostics_seconds": 0.10486661549657583, "episode_count": 80, "explained_var": 0.3136904835700989, "explained_var_reason": null, "grad_cos_prev": 0.0024103892949609027, "grad_cos_prev_reason": null, "grad_norm": 14.474122146586428, "policy_action_oor_frac": 0.16587291666666668, "proj_active": false, "reward_clip_frac": 0.0, "rollout_seconds": 12.336091038770974, "split_diff_sq": 898.1778566186049, "split_dot": -15.044249915745569, "theta_dist": 0.06942878782835818, "theta_dist_preproj": 0.06942878782835818, "update_norm": 0.005257260661989983, "update_seconds": 39.15498865302652, "x0_sat_frac_last": 0.07589955022488756, "x0_sat_frac_mean": 0.08582205572503511}
Processed step 0 of 500
Processed step 10 of 500
Processed step 20 of 500
Processed step 30 of 500
Processed step 40 of 500
Processed step 50 of 500
Processed step 60 of 500
Processed step 70 of 500
Processed step 80 of 500
Processed step 90 of 500
Processed step 100 of 500
Processed step 110 of 500
Processed step 120 of 500
Processed step 130 of 500
Processed step 140 of 500
Processed step 150 of 500
Processed step 160 of 500
Processed step 170 of 500
Processed step 180 of 500
Processed step 190 of 500
Processed step 200 of 500
Processed step 210 of 500
Processed step 220 of 500
Processed step 230 of 500
Processed step 240 of 500
Processed step 250 of 500
Processed step 260 of 500
Processed step 270 of 500
Processed step 280 of 500
Processed step 290 of 500
Processed step 300 of 500
Processed step 310 of 500
Processed step 320 of 500
Processed step 330 of 500
Processed step 340 of 500
Processed step 350 of 500
Processed step 360 of 500
Processed step 370 of 500
Processed step 380 of 500
Processed step 390 of 500
Processed step 400 of 500
Processed step 410 of 500
Processed step 420 of 500
Processed step 430 of 500
Processed step 440 of 500
Processed step 450 of 500
Processed step 460 of 500
Processed step 470 of 500
Processed step 480 of 500
Processed step 490 of 500
[2026-10-10 09:18:35,128][agent.finetune.train_ppo_diffusion_agent][INFO] - eval: success rate   1.0000 | avg episode reward 4425.8683 | avg best reward   6.5262
[2026-10-10 09:18:35,129][agent.finetune.stage3_support][INFO] - STAGE3_METRICS {"J_disc_eval": 1558.0787346097884, "J_disc_eval_se": 21.726263241439217, "action_oor_frac": 0.0, "diagnostics_seconds": 0.006302446126937866, "episode_count": 80, "policy_action_oor_frac": 0.0, "rollout_seconds": 12.722992135211825, "update_seconds": 0.0}
Processed step 0 of 500
Processed step 10 of 500
Processed step 20 of 500
Processed step 30 of 500
Processed step 40 of 500
Processed step 50 of 500
Processed step 60 of 500
Processed step 70 of 500
Processed step 80 of 500
Processed step 90 of 500
Processed step 100 of 500
Processed step 110 of 500
Processed step 120 of 500
Processed step 130 of 500
Processed step 140 of 500
Processed step 150 of 500
Processed step 160 of 500
Processed step 170 of 500
Processed step 180 of 500
Processed step 190 of 500
Processed step 200 of 500
Processed step 210 of 500
Processed step 220 of 500
Processed step 230 of 500
Processed step 240 of 500
Processed step 250 of 500
Processed step 260 of 500
Processed step 270 of 500
Processed step 280 of 500
Processed step 290 of 500
Processed step 300 of 500
Processed step 310 of 500
Processed step 320 of 500
Processed step 330 of 500
Processed step 340 of 500
Processed step 350 of 500
Processed step 360 of 500
Processed step 370 of 500
Processed step 380 of 500
Processed step 390 of 500
Processed step 400 of 500
Processed step 410 of 500
Processed step 420 of 500
Processed step 430 of 500
Processed step 440 of 500
Processed step 450 of 500
Processed step 460 of 500
Processed step 470 of 500
Processed step 480 of 500
Processed step 490 of 500
[2026-10-10 09:18:49,525][agent.finetune.train_ppo_diffusion_agent][INFO] - approx_kl: 0.0, update_epoch: 0, num_batch: 4
[2026-10-10 09:18:51,313][agent.finetune.train_ppo_diffusion_agent][INFO] - approx_kl: 0.0, update_epoch: 0, num_batch: 4
[2026-10-10 09:18:52,798][agent.finetune.train_ppo_diffusion_agent][INFO] - approx_kl: 0.0, update_epoch: 0, num_batch: 4
[2026-10-10 09:18:54,413][agent.finetune.train_ppo_diffusion_agent][INFO] - approx_kl: 0.0, update_epoch: 0, num_batch: 4
[2026-10-10 09:18:56,066][agent.finetune.train_ppo_diffusion_agent][INFO] - approx_kl: 0.0, update_epoch: 1, num_batch: 4
[2026-10-10 09:18:57,799][agent.finetune.train_ppo_diffusion_agent][INFO] - approx_kl: 0.0, update_epoch: 1, num_batch: 4
[2026-10-10 09:18:59,337][agent.finetune.train_ppo_diffusion_agent][INFO] - approx_kl: 0.0, update_epoch: 1, num_batch: 4
[2026-10-10 09:19:00,905][agent.finetune.train_ppo_diffusion_agent][INFO] - approx_kl: 0.0, update_epoch: 1, num_batch: 4
[2026-10-10 09:19:02,587][agent.finetune.train_ppo_diffusion_agent][INFO] - approx_kl: 0.0, update_epoch: 2, num_batch: 4
[2026-10-10 09:19:04,378][agent.finetune.train_ppo_diffusion_agent][INFO] - approx_kl: 0.0, update_epoch: 2, num_batch: 4
[2026-10-10 09:19:05,992][agent.finetune.train_ppo_diffusion_agent][INFO] - approx_kl: 0.0, update_epoch: 2, num_batch: 4
[2026-10-10 09:19:07,686][agent.finetune.train_ppo_diffusion_agent][INFO] - approx_kl: 0.0, update_epoch: 2, num_batch: 4
[2026-10-10 09:19:09,400][agent.finetune.train_ppo_diffusion_agent][INFO] - approx_kl: 0.0, update_epoch: 3, num_batch: 4
[2026-10-10 09:19:11,195][agent.finetune.train_ppo_diffusion_agent][INFO] - approx_kl: 0.0, update_epoch: 3, num_batch: 4
[2026-10-10 09:19:12,709][agent.finetune.train_ppo_diffusion_agent][INFO] - approx_kl: 0.0, update_epoch: 3, num_batch: 4
[2026-10-10 09:19:14,447][agent.finetune.train_ppo_diffusion_agent][INFO] - approx_kl: 0.0, update_epoch: 3, num_batch: 4
[2026-10-10 09:19:16,196][agent.finetune.train_ppo_diffusion_agent][INFO] - approx_kl: 0.0, update_epoch: 4, num_batch: 4
[2026-10-10 09:19:18,021][agent.finetune.train_ppo_diffusion_agent][INFO] - approx_kl: 0.0, update_epoch: 4, num_batch: 4
[2026-10-10 09:19:19,666][agent.finetune.train_ppo_diffusion_agent][INFO] - approx_kl: 0.0, update_epoch: 4, num_batch: 4
[2026-10-10 09:19:21,389][agent.finetune.train_ppo_diffusion_agent][INFO] - approx_kl: 0.0, update_epoch: 4, num_batch: 4
[2026-10-10 09:19:28,314][agent.finetune.train_ppo_diffusion_agent][INFO] - 91: step  6560000 | loss  -0.8675 | pg loss  -0.9215 | value loss   0.1080 | bc loss   0.0000 | reward 4018.0788 | eta   1.0000 | t: 53.1854 | kl_true_per_action=0.002448843310462268 | logratio_p99=0.06991249561309737 | clamp_hit_frac=0.0008333333333333334 | actor_step_ratio=1.0 | actor_step_clipfrac=0.0
[2026-10-10 09:19:28,314][agent.finetune.stage3_support][INFO] - STAGE3_METRICS {"J_disc_train": 1418.458755237994, "J_disc_train_se": 19.359283179483285, "action_oor_frac": 0.1630375, "adv_raw_mean": 5.820766091346741e-15, "adv_raw_std": 247.54581447330992, "diagnostics_seconds": 0.10671145562082529, "episode_count": 80, "explained_var": 0.5124792158603668, "explained_var_reason": null, "grad_cos_prev": 0.022811426129246474, "grad_cos_prev_reason": null, "grad_norm": 19.689116322179846, "policy_action_oor_frac": 0.16307708333333334, "proj_active": false, "reward_clip_frac": 0.0, "rollout_seconds": 12.548229579813778, "split_diff_sq": 1596.398483295654, "split_dot": -11.438350307924193, "theta_dist": 0.07009007513102199, "theta_dist_preproj": 0.07009007513102199, "update_norm": 0.0071514329894731, "update_seconds": 40.52656586933881, "x0_sat_frac_last": 0.07628585558852621, "x0_sat_frac_mean": 0.0841318652275356}
Processed step 0 of 500
Processed step 10 of 500
Processed step 20 of 500
Processed step 30 of 500
Processed step 40 of 500
Processed step 50 of 500
Processed step 60 of 500
Processed step 70 of 500
Processed step 80 of 500
Processed step 90 of 500
Processed step 100 of 500
Processed step 110 of 500
Processed step 120 of 500
Processed step 130 of 500
Processed step 140 of 500
Processed step 150 of 500
Processed step 160 of 500
Processed step 170 of 500
Processed step 180 of 500
Processed step 190 of 500
Processed step 200 of 500
Processed step 210 of 500
Processed step 220 of 500
Processed step 230 of 500
Processed step 240 of 500
Processed step 250 of 500
Processed step 260 of 500
Processed step 270 of 500
Processed step 280 of 500
Processed step 290 of 500
Processed step 300 of 500
Processed step 310 of 500
Processed step 320 of 500
Processed step 330 of 500
Processed step 340 of 500
Processed step 350 of 500
Processed step 360 of 500
Processed step 370 of 500
Processed step 380 of 500
Processed step 390 of 500
Processed step 400 of 500
Processed step 410 of 500
Processed step 420 of 500
Processed step 430 of 500
Processed step 440 of 500
Processed step 450 of 500
Processed step 460 of 500
Processed step 470 of 500
Processed step 480 of 500
Processed step 490 of 500
[2026-10-10 09:19:42,938][agent.finetune.train_ppo_diffusion_agent][INFO] - approx_kl: 0.0, update_epoch: 0, num_batch: 4
[2026-10-10 09:19:44,403][agent.finetune.train_ppo_diffusion_agent][INFO] - approx_kl: 0.0, update_epoch: 0, num_batch: 4
[2026-10-10 09:19:45,949][agent.finetune.train_ppo_diffusion_agent][INFO] - approx_kl: 0.0, update_epoch: 0, num_batch: 4
[2026-10-10 09:19:47,509][agent.finetune.train_ppo_diffusion_agent][INFO] - approx_kl: 0.0, update_epoch: 0, num_batch: 4
[2026-10-10 09:19:49,149][agent.finetune.train_ppo_diffusion_agent][INFO] - approx_kl: 0.0, update_epoch: 1, num_batch: 4
[2026-10-10 09:19:50,618][agent.finetune.train_ppo_diffusion_agent][INFO] - approx_kl: 0.0, update_epoch: 1, num_batch: 4
[2026-10-10 09:19:52,199][agent.finetune.train_ppo_diffusion_agent][INFO] - approx_kl: 0.0, update_epoch: 1, num_batch: 4
[2026-10-10 09:19:53,753][agent.finetune.train_ppo_diffusion_agent][INFO] - approx_kl: 0.0, update_epoch: 1, num_batch: 4
[2026-10-10 09:19:55,385][agent.finetune.train_ppo_diffusion_agent][INFO] - approx_kl: 0.0, update_epoch: 2, num_batch: 4
[2026-10-10 09:19:56,851][agent.finetune.train_ppo_diffusion_agent][INFO] - approx_kl: 0.0, update_epoch: 2, num_batch: 4
[2026-10-10 09:19:58,394][agent.finetune.train_ppo_diffusion_agent][INFO] - approx_kl: 0.0, update_epoch: 2, num_batch: 4
[2026-10-10 09:20:00,042][agent.finetune.train_ppo_diffusion_agent][INFO] - approx_kl: 0.0, update_epoch: 2, num_batch: 4
[2026-10-10 09:20:01,746][agent.finetune.train_ppo_diffusion_agent][INFO] - approx_kl: 0.0, update_epoch: 3, num_batch: 4
[2026-10-10 09:20:03,358][agent.finetune.train_ppo_diffusion_agent][INFO] - approx_kl: 0.0, update_epoch: 3, num_batch: 4
[2026-10-10 09:20:04,890][agent.finetune.train_ppo_diffusion_agent][INFO] - approx_kl: 0.0, update_epoch: 3, num_batch: 4
[2026-10-10 09:20:06,485][agent.finetune.train_ppo_diffusion_agent][INFO] - approx_kl: 0.0, update_epoch: 3, num_batch: 4
[2026-10-10 09:20:08,206][agent.finetune.train_ppo_diffusion_agent][INFO] - approx_kl: 0.0, update_epoch: 4, num_batch: 4
[2026-10-10 09:20:09,667][agent.finetune.train_ppo_diffusion_agent][INFO] - approx_kl: 0.0, update_epoch: 4, num_batch: 4
[2026-10-10 09:20:11,351][agent.finetune.train_ppo_diffusion_agent][INFO] - approx_kl: 0.0, update_epoch: 4, num_batch: 4
[2026-10-10 09:20:12,901][agent.finetune.train_ppo_diffusion_agent][INFO] - approx_kl: 0.0, update_epoch: 4, num_batch: 4
[2026-10-10 09:20:19,459][agent.finetune.train_ppo_diffusion_agent][INFO] - 92: step  6640000 | loss  -0.0701 | pg loss  -0.1236 | value loss   0.1070 | bc loss   0.0000 | reward 4098.2676 | eta   1.0000 | t: 51.1451 | kl_true_per_action=0.0018019643985996824 | logratio_p99=0.05966094613075254 | clamp_hit_frac=0.0008 | actor_step_ratio=1.0 | actor_step_clipfrac=0.0
[2026-10-10 09:20:19,459][agent.finetune.stage3_support][INFO] - STAGE3_METRICS {"J_disc_train": 1461.317320777898, "J_disc_train_se": 17.266770719180197, "action_oor_frac": 0.16655208333333332, "adv_raw_mean": -2.0372681319713592e-14, "adv_raw_std": 214.78416446034907, "diagnostics_seconds": 0.10595033876597881, "episode_count": 80, "explained_var": 0.41839462518692017, "explained_var_reason": null, "grad_cos_prev": 0.05436568138769259, "grad_cos_prev_reason": null, "grad_norm": 17.578982901522455, "policy_action_oor_frac": 0.16656666666666667, "proj_active": false, "reward_clip_frac": 0.0, "rollout_seconds": 12.685094198212028, "split_diff_sq": 1240.8754604601158, "split_dot": -1.1982329365553053, "theta_dist": 0.0707363118605561, "theta_dist_preproj": 0.0707363118605561, "update_norm": 0.0063849870316387775, "update_seconds": 38.2421956397593, "x0_sat_frac_last": 0.08233333333333333, "x0_sat_frac_mean": 0.08571757776657096}
Processed step 0 of 500
Processed step 10 of 500
Processed step 20 of 500
Processed step 30 of 500
Processed step 40 of 500
Processed step 50 of 500
Processed step 60 of 500
Processed step 70 of 500
Processed step 80 of 500
Processed step 90 of 500
Processed step 100 of 500
Processed step 110 of 500
Processed step 120 of 500
Processed step 130 of 500
Processed step 140 of 500
Processed step 150 of 500
Processed step 160 of 500
Processed step 170 of 500
Processed step 180 of 500
Processed step 190 of 500
Processed step 200 of 500
Processed step 210 of 500
Processed step 220 of 500
Processed step 230 of 500
Processed step 240 of 500
Processed step 250 of 500
Processed step 260 of 500
Processed step 270 of 500
Processed step 280 of 500
Processed step 290 of 500
Processed step 300 of 500
Processed step 310 of 500
Processed step 320 of 500
Processed step 330 of 500
Processed step 340 of 500
Processed step 350 of 500
Processed step 360 of 500
Processed step 370 of 500
Processed step 380 of 500
Processed step 390 of 500
Processed step 400 of 500
Processed step 410 of 500
Processed step 420 of 500
Processed step 430 of 500
Processed step 440 of 500
Processed step 450 of 500
Processed step 460 of 500
Processed step 470 of 500
Processed step 480 of 500
Processed step 490 of 500
[2026-10-10 09:20:34,819][agent.finetune.train_ppo_diffusion_agent][INFO] - approx_kl: 0.0, update_epoch: 0, num_batch: 4
[2026-10-10 09:20:36,447][agent.finetune.train_ppo_diffusion_agent][INFO] - approx_kl: 0.0, update_epoch: 0, num_batch: 4
[2026-10-10 09:20:38,076][agent.finetune.train_ppo_diffusion_agent][INFO] - approx_kl: 0.0, update_epoch: 0, num_batch: 4
[2026-10-10 09:20:39,773][agent.finetune.train_ppo_diffusion_agent][INFO] - approx_kl: 0.0, update_epoch: 0, num_batch: 4
[2026-10-10 09:20:41,541][agent.finetune.train_ppo_diffusion_agent][INFO] - approx_kl: 0.0, update_epoch: 1, num_batch: 4
[2026-10-10 09:20:43,112][agent.finetune.train_ppo_diffusion_agent][INFO] - approx_kl: 0.0, update_epoch: 1, num_batch: 4
[2026-10-10 09:20:44,801][agent.finetune.train_ppo_diffusion_agent][INFO] - approx_kl: 0.0, update_epoch: 1, num_batch: 4
[2026-10-10 09:20:46,388][agent.finetune.train_ppo_diffusion_agent][INFO] - approx_kl: 0.0, update_epoch: 1, num_batch: 4
[2026-10-10 09:20:48,089][agent.finetune.train_ppo_diffusion_agent][INFO] - approx_kl: 0.0, update_epoch: 2, num_batch: 4
[2026-10-10 09:20:49,583][agent.finetune.train_ppo_diffusion_agent][INFO] - approx_kl: 0.0, update_epoch: 2, num_batch: 4
[2026-10-10 09:20:51,115][agent.finetune.train_ppo_diffusion_agent][INFO] - approx_kl: 0.0, update_epoch: 2, num_batch: 4
[2026-10-10 09:20:52,803][agent.finetune.train_ppo_diffusion_agent][INFO] - approx_kl: 0.0, update_epoch: 2, num_batch: 4
[2026-10-10 09:20:54,425][agent.finetune.train_ppo_diffusion_agent][INFO] - approx_kl: 0.0, update_epoch: 3, num_batch: 4
[2026-10-10 09:20:55,975][agent.finetune.train_ppo_diffusion_agent][INFO] - approx_kl: 0.0, update_epoch: 3, num_batch: 4
[2026-10-10 09:20:57,560][agent.finetune.train_ppo_diffusion_agent][INFO] - approx_kl: 0.0, update_epoch: 3, num_batch: 4
[2026-10-10 09:20:59,253][agent.finetune.train_ppo_diffusion_agent][INFO] - approx_kl: 0.0, update_epoch: 3, num_batch: 4
[2026-10-10 09:21:00,919][agent.finetune.train_ppo_diffusion_agent][INFO] - approx_kl: 0.0, update_epoch: 4, num_batch: 4
[2026-10-10 09:21:02,498][agent.finetune.train_ppo_diffusion_agent][INFO] - approx_kl: 0.0, update_epoch: 4, num_batch: 4
[2026-10-10 09:21:04,050][agent.finetune.train_ppo_diffusion_agent][INFO] - approx_kl: 0.0, update_epoch: 4, num_batch: 4
[2026-10-10 09:21:05,734][agent.finetune.train_ppo_diffusion_agent][INFO] - approx_kl: 0.0, update_epoch: 4, num_batch: 4
[2026-10-10 09:21:12,091][agent.finetune.train_ppo_diffusion_agent][INFO] - 93: step  6720000 | loss  -0.6193 | pg loss  -0.6729 | value loss   0.1073 | bc loss   0.0000 | reward 3874.8326 | eta   1.0000 | t: 52.6322 | kl_true_per_action=0.00320545364430401 | logratio_p99=0.07966837227344513 | clamp_hit_frac=0.0008354166666666667 | actor_step_ratio=1.0 | actor_step_clipfrac=0.0
[2026-10-10 09:21:12,091][agent.finetune.stage3_support][INFO] - STAGE3_METRICS {"J_disc_train": 1388.2574799896215, "J_disc_train_se": 29.633316354123934, "action_oor_frac": 0.16112708333333334, "adv_raw_mean": -1.127773430198431e-14, "adv_raw_std": 285.1610400161697, "diagnostics_seconds": 0.12582639884203672, "episode_count": 80, "explained_var": 0.6003746390342712, "explained_var_reason": null, "grad_cos_prev": 0.00884181537727213, "grad_cos_prev_reason": null, "grad_norm": 25.160015841542812, "policy_action_oor_frac": 0.16115208333333333, "proj_active": false, "reward_clip_frac": 0.0, "rollout_seconds": 13.38745507504791, "split_diff_sq": 3038.1703770773784, "split_dot": -126.51622010059477, "theta_dist": 0.07135152887825111, "theta_dist_preproj": 0.07135152887825111, "update_norm": 0.009138547341942561, "update_seconds": 39.1158236945048, "x0_sat_frac_last": 0.07996021449576197, "x0_sat_frac_mean": 0.08376188971357078}
Processed step 0 of 500
Processed step 10 of 500
Processed step 20 of 500
Processed step 30 of 500
Processed step 40 of 500
Processed step 50 of 500
Processed step 60 of 500
Processed step 70 of 500
Processed step 80 of 500
Processed step 90 of 500
Processed step 100 of 500
Processed step 110 of 500
Processed step 120 of 500
Processed step 130 of 500
Processed step 140 of 500
Processed step 150 of 500
Processed step 160 of 500
Processed step 170 of 500
Processed step 180 of 500
Processed step 190 of 500
Processed step 200 of 500
Processed step 210 of 500
Processed step 220 of 500
Processed step 230 of 500
Processed step 240 of 500
Processed step 250 of 500
Processed step 260 of 500
Processed step 270 of 500
Processed step 280 of 500
Processed step 290 of 500
Processed step 300 of 500
Processed step 310 of 500
Processed step 320 of 500
Processed step 330 of 500
Processed step 340 of 500
Processed step 350 of 500
Processed step 360 of 500
Processed step 370 of 500
Processed step 380 of 500
Processed step 390 of 500
Processed step 400 of 500
Processed step 410 of 500
Processed step 420 of 500
Processed step 430 of 500
Processed step 440 of 500
Processed step 450 of 500
Processed step 460 of 500
Processed step 470 of 500
Processed step 480 of 500
Processed step 490 of 500
[2026-10-10 09:21:26,307][agent.finetune.train_ppo_diffusion_agent][INFO] - approx_kl: 0.0, update_epoch: 0, num_batch: 4
[2026-10-10 09:21:27,964][agent.finetune.train_ppo_diffusion_agent][INFO] - approx_kl: 0.0, update_epoch: 0, num_batch: 4
[2026-10-10 09:21:29,763][agent.finetune.train_ppo_diffusion_agent][INFO] - approx_kl: 0.0, update_epoch: 0, num_batch: 4
[2026-10-10 09:21:31,657][agent.finetune.train_ppo_diffusion_agent][INFO] - approx_kl: 0.0, update_epoch: 0, num_batch: 4
[2026-10-10 09:21:33,275][agent.finetune.train_ppo_diffusion_agent][INFO] - approx_kl: 0.0, update_epoch: 1, num_batch: 4
[2026-10-10 09:21:34,993][agent.finetune.train_ppo_diffusion_agent][INFO] - approx_kl: 0.0, update_epoch: 1, num_batch: 4
[2026-10-10 09:21:36,668][agent.finetune.train_ppo_diffusion_agent][INFO] - approx_kl: 0.0, update_epoch: 1, num_batch: 4
[2026-10-10 09:21:38,470][agent.finetune.train_ppo_diffusion_agent][INFO] - approx_kl: 0.0, update_epoch: 1, num_batch: 4
[2026-10-10 09:21:40,093][agent.finetune.train_ppo_diffusion_agent][INFO] - approx_kl: 0.0, update_epoch: 2, num_batch: 4
[2026-10-10 09:21:41,824][agent.finetune.train_ppo_diffusion_agent][INFO] - approx_kl: 0.0, update_epoch: 2, num_batch: 4
[2026-10-10 09:21:43,529][agent.finetune.train_ppo_diffusion_agent][INFO] - approx_kl: 0.0, update_epoch: 2, num_batch: 4
[2026-10-10 09:21:45,293][agent.finetune.train_ppo_diffusion_agent][INFO] - approx_kl: 0.0, update_epoch: 2, num_batch: 4
[2026-10-10 09:21:46,931][agent.finetune.train_ppo_diffusion_agent][INFO] - approx_kl: 0.0, update_epoch: 3, num_batch: 4
[2026-10-10 09:21:48,616][agent.finetune.train_ppo_diffusion_agent][INFO] - approx_kl: 0.0, update_epoch: 3, num_batch: 4
[2026-10-10 09:21:50,320][agent.finetune.train_ppo_diffusion_agent][INFO] - approx_kl: 0.0, update_epoch: 3, num_batch: 4
[2026-10-10 09:21:52,109][agent.finetune.train_ppo_diffusion_agent][INFO] - approx_kl: 0.0, update_epoch: 3, num_batch: 4
[2026-10-10 09:21:53,758][agent.finetune.train_ppo_diffusion_agent][INFO] - approx_kl: 0.0, update_epoch: 4, num_batch: 4
[2026-10-10 09:21:55,482][agent.finetune.train_ppo_diffusion_agent][INFO] - approx_kl: 0.0, update_epoch: 4, num_batch: 4
[2026-10-10 09:21:57,228][agent.finetune.train_ppo_diffusion_agent][INFO] - approx_kl: 0.0, update_epoch: 4, num_batch: 4
[2026-10-10 09:21:59,030][agent.finetune.train_ppo_diffusion_agent][INFO] - approx_kl: 0.0, update_epoch: 4, num_batch: 4
[2026-10-10 09:22:05,585][agent.finetune.train_ppo_diffusion_agent][INFO] - 94: step  6800000 | loss  -0.2134 | pg loss  -0.2675 | value loss   0.1082 | bc loss   0.0000 | reward 4173.8822 | eta   1.0000 | t: 53.4941 | kl_true_per_action=0.0007523383849299396 | logratio_p99=0.03859327077865599 | clamp_hit_frac=0.00081875 | actor_step_ratio=1.0 | actor_step_clipfrac=0.0
[2026-10-10 09:22:05,585][agent.finetune.stage3_support][INFO] - STAGE3_METRICS {"J_disc_train": 1461.9997921227346, "J_disc_train_se": 15.091482058832453, "action_oor_frac": 0.1702125, "adv_raw_mean": 1.1641532182693482e-14, "adv_raw_std": 138.66179711883723, "diagnostics_seconds": 0.11192700546234846, "episode_count": 80, "explained_var": 0.14870542287826538, "explained_var_reason": null, "grad_cos_prev": -0.0397476551374086, "grad_cos_prev_reason": null, "grad_norm": 11.206113485546538, "policy_action_oor_frac": 0.17025625, "proj_active": false, "reward_clip_frac": 0.0, "rollout_seconds": 12.209595759399235, "split_diff_sq": 509.9806994071421, "split_dot": -1.9181968945693542, "theta_dist": 0.07152452235872271, "theta_dist_preproj": 0.07152452235872271, "update_norm": 0.004070256065594977, "update_seconds": 41.168930863030255, "x0_sat_frac_last": 0.0834977799703996, "x0_sat_frac_mean": 0.08716962006913498}
Processed step 0 of 500
Processed step 10 of 500
Processed step 20 of 500
Processed step 30 of 500
Processed step 40 of 500
Processed step 50 of 500
Processed step 60 of 500
Processed step 70 of 500
Processed step 80 of 500
Processed step 90 of 500
Processed step 100 of 500
Processed step 110 of 500
Processed step 120 of 500
Processed step 130 of 500
Processed step 140 of 500
Processed step 150 of 500
Processed step 160 of 500
Processed step 170 of 500
Processed step 180 of 500
Processed step 190 of 500
Processed step 200 of 500
Processed step 210 of 500
Processed step 220 of 500
Processed step 230 of 500
Processed step 240 of 500
Processed step 250 of 500
Processed step 260 of 500
Processed step 270 of 500
Processed step 280 of 500
Processed step 290 of 500
Processed step 300 of 500
Processed step 310 of 500
Processed step 320 of 500
Processed step 330 of 500
Processed step 340 of 500
Processed step 350 of 500
Processed step 360 of 500
Processed step 370 of 500
Processed step 380 of 500
Processed step 390 of 500
Processed step 400 of 500
Processed step 410 of 500
Processed step 420 of 500
Processed step 430 of 500
Processed step 440 of 500
Processed step 450 of 500
Processed step 460 of 500
Processed step 470 of 500
Processed step 480 of 500
Processed step 490 of 500
[2026-10-10 09:22:19,855][agent.finetune.train_ppo_diffusion_agent][INFO] - approx_kl: 0.0, update_epoch: 0, num_batch: 4
[2026-10-10 09:22:21,451][agent.finetune.train_ppo_diffusion_agent][INFO] - approx_kl: 0.0, update_epoch: 0, num_batch: 4
[2026-10-10 09:22:23,065][agent.finetune.train_ppo_diffusion_agent][INFO] - approx_kl: 0.0, update_epoch: 0, num_batch: 4
[2026-10-10 09:22:24,813][agent.finetune.train_ppo_diffusion_agent][INFO] - approx_kl: 0.0, update_epoch: 0, num_batch: 4
[2026-10-10 09:22:26,360][agent.finetune.train_ppo_diffusion_agent][INFO] - approx_kl: 0.0, update_epoch: 1, num_batch: 4
[2026-10-10 09:22:28,038][agent.finetune.train_ppo_diffusion_agent][INFO] - approx_kl: 0.0, update_epoch: 1, num_batch: 4
[2026-10-10 09:22:29,776][agent.finetune.train_ppo_diffusion_agent][INFO] - approx_kl: 0.0, update_epoch: 1, num_batch: 4
[2026-10-10 09:22:31,598][agent.finetune.train_ppo_diffusion_agent][INFO] - approx_kl: 0.0, update_epoch: 1, num_batch: 4
[2026-10-10 09:22:33,162][agent.finetune.train_ppo_diffusion_agent][INFO] - approx_kl: 0.0, update_epoch: 2, num_batch: 4
[2026-10-10 09:22:34,808][agent.finetune.train_ppo_diffusion_agent][INFO] - approx_kl: 0.0, update_epoch: 2, num_batch: 4
[2026-10-10 09:22:36,482][agent.finetune.train_ppo_diffusion_agent][INFO] - approx_kl: 0.0, update_epoch: 2, num_batch: 4
[2026-10-10 09:22:38,188][agent.finetune.train_ppo_diffusion_agent][INFO] - approx_kl: 0.0, update_epoch: 2, num_batch: 4
[2026-10-10 09:22:39,773][agent.finetune.train_ppo_diffusion_agent][INFO] - approx_kl: 0.0, update_epoch: 3, num_batch: 4
[2026-10-10 09:22:41,352][agent.finetune.train_ppo_diffusion_agent][INFO] - approx_kl: 0.0, update_epoch: 3, num_batch: 4
[2026-10-10 09:22:43,006][agent.finetune.train_ppo_diffusion_agent][INFO] - approx_kl: 0.0, update_epoch: 3, num_batch: 4
[2026-10-10 09:22:44,648][agent.finetune.train_ppo_diffusion_agent][INFO] - approx_kl: 0.0, update_epoch: 3, num_batch: 4
[2026-10-10 09:22:46,284][agent.finetune.train_ppo_diffusion_agent][INFO] - approx_kl: 0.0, update_epoch: 4, num_batch: 4
[2026-10-10 09:22:48,069][agent.finetune.train_ppo_diffusion_agent][INFO] - approx_kl: 0.0, update_epoch: 4, num_batch: 4
[2026-10-10 09:22:49,775][agent.finetune.train_ppo_diffusion_agent][INFO] - approx_kl: 0.0, update_epoch: 4, num_batch: 4
[2026-10-10 09:22:51,481][agent.finetune.train_ppo_diffusion_agent][INFO] - approx_kl: 0.0, update_epoch: 4, num_batch: 4
[2026-10-10 09:22:58,007][agent.finetune.train_ppo_diffusion_agent][INFO] - 95: step  6880000 | loss   0.7939 | pg loss   0.7403 | value loss   0.1074 | bc loss   0.0000 | reward 3885.3611 | eta   1.0000 | t: 52.4218 | kl_true_per_action=0.003930982173049078 | logratio_p99=0.09273880243301388 | clamp_hit_frac=0.0007145833333333333 | actor_step_ratio=1.0 | actor_step_clipfrac=0.0
[2026-10-10 09:22:58,007][agent.finetune.stage3_support][INFO] - STAGE3_METRICS {"J_disc_train": 1410.0603312762103, "J_disc_train_se": 24.85819005963846, "action_oor_frac": 0.1629125, "adv_raw_mean": 2.837623469531536e-14, "adv_raw_std": 289.4934459598883, "diagnostics_seconds": 0.10732872132211924, "episode_count": 80, "explained_var": 0.6346334517002106, "explained_var_reason": null, "grad_cos_prev": -0.03343063903588574, "grad_cos_prev_reason": null, "grad_norm": 23.300929186475848, "policy_action_oor_frac": 0.16295, "proj_active": false, "reward_clip_frac": 0.0, "rollout_seconds": 12.61433893814683, "split_diff_sq": 2190.6501196631298, "split_dot": -4.729205705309088, "theta_dist": 0.07211014734273691, "theta_dist_preproj": 0.07211014734273691, "update_norm": 0.008463304551581128, "update_seconds": 39.696292135864496, "x0_sat_frac_last": 0.08566783391695848, "x0_sat_frac_mean": 0.08534529536197477}
Processed step 0 of 500
Processed step 10 of 500
Processed step 20 of 500
Processed step 30 of 500
Processed step 40 of 500
Processed step 50 of 500
Processed step 60 of 500
Processed step 70 of 500
Processed step 80 of 500
Processed step 90 of 500
Processed step 100 of 500
Processed step 110 of 500
Processed step 120 of 500
Processed step 130 of 500
Processed step 140 of 500
Processed step 150 of 500
Processed step 160 of 500
Processed step 170 of 500
Processed step 180 of 500
Processed step 190 of 500
Processed step 200 of 500
Processed step 210 of 500
Processed step 220 of 500
Processed step 230 of 500
Processed step 240 of 500
Processed step 250 of 500
Processed step 260 of 500
Processed step 270 of 500
Processed step 280 of 500
Processed step 290 of 500
Processed step 300 of 500
Processed step 310 of 500
Processed step 320 of 500
Processed step 330 of 500
Processed step 340 of 500
Processed step 350 of 500
Processed step 360 of 500
Processed step 370 of 500
Processed step 380 of 500
Processed step 390 of 500
Processed step 400 of 500
Processed step 410 of 500
Processed step 420 of 500
Processed step 430 of 500
Processed step 440 of 500
Processed step 450 of 500
Processed step 460 of 500
Processed step 470 of 500
Processed step 480 of 500
Processed step 490 of 500
[2026-10-10 09:23:13,291][agent.finetune.train_ppo_diffusion_agent][INFO] - approx_kl: 0.0, update_epoch: 0, num_batch: 4
[2026-10-10 09:23:15,010][agent.finetune.train_ppo_diffusion_agent][INFO] - approx_kl: 0.0, update_epoch: 0, num_batch: 4
[2026-10-10 09:23:16,580][agent.finetune.train_ppo_diffusion_agent][INFO] - approx_kl: 0.0, update_epoch: 0, num_batch: 4
[2026-10-10 09:23:18,411][agent.finetune.train_ppo_diffusion_agent][INFO] - approx_kl: 0.0, update_epoch: 0, num_batch: 4
[2026-10-10 09:23:19,918][agent.finetune.train_ppo_diffusion_agent][INFO] - approx_kl: 0.0, update_epoch: 1, num_batch: 4
[2026-10-10 09:23:21,638][agent.finetune.train_ppo_diffusion_agent][INFO] - approx_kl: 0.0, update_epoch: 1, num_batch: 4
[2026-10-10 09:23:23,227][agent.finetune.train_ppo_diffusion_agent][INFO] - approx_kl: 0.0, update_epoch: 1, num_batch: 4
[2026-10-10 09:23:25,027][agent.finetune.train_ppo_diffusion_agent][INFO] - approx_kl: 0.0, update_epoch: 1, num_batch: 4
[2026-10-10 09:23:26,641][agent.finetune.train_ppo_diffusion_agent][INFO] - approx_kl: 0.0, update_epoch: 2, num_batch: 4
[2026-10-10 09:23:28,296][agent.finetune.train_ppo_diffusion_agent][INFO] - approx_kl: 0.0, update_epoch: 2, num_batch: 4
[2026-10-10 09:23:29,955][agent.finetune.train_ppo_diffusion_agent][INFO] - approx_kl: 0.0, update_epoch: 2, num_batch: 4
[2026-10-10 09:23:31,770][agent.finetune.train_ppo_diffusion_agent][INFO] - approx_kl: 0.0, update_epoch: 2, num_batch: 4
[2026-10-10 09:23:33,447][agent.finetune.train_ppo_diffusion_agent][INFO] - approx_kl: 0.0, update_epoch: 3, num_batch: 4
[2026-10-10 09:23:35,193][agent.finetune.train_ppo_diffusion_agent][INFO] - approx_kl: 0.0, update_epoch: 3, num_batch: 4
[2026-10-10 09:23:36,900][agent.finetune.train_ppo_diffusion_agent][INFO] - approx_kl: 0.0, update_epoch: 3, num_batch: 4
[2026-10-10 09:23:38,558][agent.finetune.train_ppo_diffusion_agent][INFO] - approx_kl: 0.0, update_epoch: 3, num_batch: 4
[2026-10-10 09:23:40,171][agent.finetune.train_ppo_diffusion_agent][INFO] - approx_kl: 0.0, update_epoch: 4, num_batch: 4
[2026-10-10 09:23:41,730][agent.finetune.train_ppo_diffusion_agent][INFO] - approx_kl: 0.0, update_epoch: 4, num_batch: 4
[2026-10-10 09:23:43,417][agent.finetune.train_ppo_diffusion_agent][INFO] - approx_kl: 0.0, update_epoch: 4, num_batch: 4
[2026-10-10 09:23:45,131][agent.finetune.train_ppo_diffusion_agent][INFO] - approx_kl: 0.0, update_epoch: 4, num_batch: 4
[2026-10-10 09:23:51,750][agent.finetune.train_ppo_diffusion_agent][INFO] - 96: step  6960000 | loss   0.3005 | pg loss   0.2469 | value loss   0.1071 | bc loss   0.0000 | reward 4088.6189 | eta   1.0000 | t: 53.7430 | kl_true_per_action=0.0017944707619513174 | logratio_p99=0.05781688690185541 | clamp_hit_frac=0.0007479166666666667 | actor_step_ratio=1.0 | actor_step_clipfrac=0.0
[2026-10-10 09:23:51,750][agent.finetune.stage3_support][INFO] - STAGE3_METRICS {"J_disc_train": 1452.645769740067, "J_disc_train_se": 18.71571981261792, "action_oor_frac": 0.16758125, "adv_raw_mean": 3.346940502524376e-14, "adv_raw_std": 222.52104273113935, "diagnostics_seconds": 0.10807562340050936, "episode_count": 80, "explained_var": 0.4187160134315491, "explained_var_reason": null, "grad_cos_prev": 0.014254315483366016, "grad_cos_prev_reason": null, "grad_norm": 17.695432106411577, "policy_action_oor_frac": 0.1676, "proj_active": false, "reward_clip_frac": 0.0, "rollout_seconds": 13.567696162499487, "split_diff_sq": 1267.7567000549377, "split_dot": -3.81087422575588, "theta_dist": 0.0731421887321339, "theta_dist_preproj": 0.0731421887321339, "update_norm": 0.006427287642647115, "update_seconds": 40.063023512251675, "x0_sat_frac_last": 0.08054166666666666, "x0_sat_frac_mean": 0.08577747590225483}
Processed step 0 of 500
Processed step 10 of 500
Processed step 20 of 500
Processed step 30 of 500
Processed step 40 of 500
Processed step 50 of 500
Processed step 60 of 500
Processed step 70 of 500
Processed step 80 of 500
Processed step 90 of 500
Processed step 100 of 500
Processed step 110 of 500
Processed step 120 of 500
Processed step 130 of 500
Processed step 140 of 500
Processed step 150 of 500
Processed step 160 of 500
Processed step 170 of 500
Processed step 180 of 500
Processed step 190 of 500
Processed step 200 of 500
Processed step 210 of 500
Processed step 220 of 500
Processed step 230 of 500
Processed step 240 of 500
Processed step 250 of 500
Processed step 260 of 500
Processed step 270 of 500
Processed step 280 of 500
Processed step 290 of 500
Processed step 300 of 500
Processed step 310 of 500
Processed step 320 of 500
Processed step 330 of 500
Processed step 340 of 500
Processed step 350 of 500
Processed step 360 of 500
Processed step 370 of 500
Processed step 380 of 500
Processed step 390 of 500
Processed step 400 of 500
Processed step 410 of 500
Processed step 420 of 500
Processed step 430 of 500
Processed step 440 of 500
Processed step 450 of 500
Processed step 460 of 500
Processed step 470 of 500
Processed step 480 of 500
Processed step 490 of 500
[2026-10-10 09:24:06,178][agent.finetune.train_ppo_diffusion_agent][INFO] - approx_kl: 0.0, update_epoch: 0, num_batch: 4
[2026-10-10 09:24:07,976][agent.finetune.train_ppo_diffusion_agent][INFO] - approx_kl: 0.0, update_epoch: 0, num_batch: 4
[2026-10-10 09:24:09,740][agent.finetune.train_ppo_diffusion_agent][INFO] - approx_kl: 0.0, update_epoch: 0, num_batch: 4
[2026-10-10 09:24:11,578][agent.finetune.train_ppo_diffusion_agent][INFO] - approx_kl: 0.0, update_epoch: 0, num_batch: 4
[2026-10-10 09:24:13,266][agent.finetune.train_ppo_diffusion_agent][INFO] - approx_kl: 0.0, update_epoch: 1, num_batch: 4
[2026-10-10 09:24:15,036][agent.finetune.train_ppo_diffusion_agent][INFO] - approx_kl: 0.0, update_epoch: 1, num_batch: 4
[2026-10-10 09:24:16,783][agent.finetune.train_ppo_diffusion_agent][INFO] - approx_kl: 0.0, update_epoch: 1, num_batch: 4
[2026-10-10 09:24:18,672][agent.finetune.train_ppo_diffusion_agent][INFO] - approx_kl: 0.0, update_epoch: 1, num_batch: 4
[2026-10-10 09:24:20,334][agent.finetune.train_ppo_diffusion_agent][INFO] - approx_kl: 0.0, update_epoch: 2, num_batch: 4
[2026-10-10 09:24:22,078][agent.finetune.train_ppo_diffusion_agent][INFO] - approx_kl: 0.0, update_epoch: 2, num_batch: 4
[2026-10-10 09:24:23,820][agent.finetune.train_ppo_diffusion_agent][INFO] - approx_kl: 0.0, update_epoch: 2, num_batch: 4
[2026-10-10 09:24:25,683][agent.finetune.train_ppo_diffusion_agent][INFO] - approx_kl: 0.0, update_epoch: 2, num_batch: 4
[2026-10-10 09:24:27,303][agent.finetune.train_ppo_diffusion_agent][INFO] - approx_kl: 0.0, update_epoch: 3, num_batch: 4
[2026-10-10 09:24:29,032][agent.finetune.train_ppo_diffusion_agent][INFO] - approx_kl: 0.0, update_epoch: 3, num_batch: 4
[2026-10-10 09:24:30,695][agent.finetune.train_ppo_diffusion_agent][INFO] - approx_kl: 0.0, update_epoch: 3, num_batch: 4
[2026-10-10 09:24:32,474][agent.finetune.train_ppo_diffusion_agent][INFO] - approx_kl: 0.0, update_epoch: 3, num_batch: 4
[2026-10-10 09:24:34,041][agent.finetune.train_ppo_diffusion_agent][INFO] - approx_kl: 0.0, update_epoch: 4, num_batch: 4
[2026-10-10 09:24:35,736][agent.finetune.train_ppo_diffusion_agent][INFO] - approx_kl: 0.0, update_epoch: 4, num_batch: 4
[2026-10-10 09:24:37,360][agent.finetune.train_ppo_diffusion_agent][INFO] - approx_kl: 0.0, update_epoch: 4, num_batch: 4
[2026-10-10 09:24:39,067][agent.finetune.train_ppo_diffusion_agent][INFO] - approx_kl: 0.0, update_epoch: 4, num_batch: 4
[2026-10-10 09:24:45,446][agent.finetune.train_ppo_diffusion_agent][INFO] - 97: step  7040000 | loss  -0.0483 | pg loss  -0.1032 | value loss   0.1099 | bc loss   0.0000 | reward 4111.2365 | eta   1.0000 | t: 53.6968 | kl_true_per_action=0.0016949844498161638 | logratio_p99=0.055156419277191115 | clamp_hit_frac=0.0008604166666666667 | actor_step_ratio=1.0 | actor_step_clipfrac=0.0
[2026-10-10 09:24:45,447][agent.finetune.stage3_support][INFO] - STAGE3_METRICS {"J_disc_train": 1444.3944811149165, "J_disc_train_se": 21.5172678192995, "action_oor_frac": 0.16874375, "adv_raw_mean": 1.0913936421275138e-15, "adv_raw_std": 217.47286946453906, "diagnostics_seconds": 0.10648327507078648, "episode_count": 80, "explained_var": 0.40304774045944214, "explained_var_reason": null, "grad_cos_prev": 0.017204056817915453, "grad_cos_prev_reason": null, "grad_norm": 18.353241513408303, "policy_action_oor_frac": 0.16876458333333333, "proj_active": false, "reward_clip_frac": 0.0, "rollout_seconds": 12.53385481145233, "split_diff_sq": 1374.1355274282162, "split_dot": -6.692419668178912, "theta_dist": 0.07364200952263325, "theta_dist_preproj": 0.07364200952263325, "update_norm": 0.006666216868365664, "update_seconds": 41.052317053079605, "x0_sat_frac_last": 0.08577449507594725, "x0_sat_frac_mean": 0.08531245289626137}
Processed step 0 of 500
Processed step 10 of 500
Processed step 20 of 500
Processed step 30 of 500
Processed step 40 of 500
Processed step 50 of 500
Processed step 60 of 500
Processed step 70 of 500
Processed step 80 of 500
Processed step 90 of 500
Processed step 100 of 500
Processed step 110 of 500
Processed step 120 of 500
Processed step 130 of 500
Processed step 140 of 500
Processed step 150 of 500
Processed step 160 of 500
Processed step 170 of 500
Processed step 180 of 500
Processed step 190 of 500
Processed step 200 of 500
Processed step 210 of 500
Processed step 220 of 500
Processed step 230 of 500
Processed step 240 of 500
Processed step 250 of 500
Processed step 260 of 500
Processed step 270 of 500
Processed step 280 of 500
Processed step 290 of 500
Processed step 300 of 500
Processed step 310 of 500
Processed step 320 of 500
Processed step 330 of 500
Processed step 340 of 500
Processed step 350 of 500
Processed step 360 of 500
Processed step 370 of 500
Processed step 380 of 500
Processed step 390 of 500
Processed step 400 of 500
Processed step 410 of 500
Processed step 420 of 500
Processed step 430 of 500
Processed step 440 of 500
Processed step 450 of 500
Processed step 460 of 500
Processed step 470 of 500
Processed step 480 of 500
Processed step 490 of 500
[2026-10-10 09:24:59,678][agent.finetune.train_ppo_diffusion_agent][INFO] - approx_kl: 0.0, update_epoch: 0, num_batch: 4
[2026-10-10 09:25:01,431][agent.finetune.train_ppo_diffusion_agent][INFO] - approx_kl: 0.0, update_epoch: 0, num_batch: 4
[2026-10-10 09:25:03,230][agent.finetune.train_ppo_diffusion_agent][INFO] - approx_kl: 0.0, update_epoch: 0, num_batch: 4
[2026-10-10 09:25:04,862][agent.finetune.train_ppo_diffusion_agent][INFO] - approx_kl: 0.0, update_epoch: 0, num_batch: 4
[2026-10-10 09:25:06,562][agent.finetune.train_ppo_diffusion_agent][INFO] - approx_kl: 0.0, update_epoch: 1, num_batch: 4
[2026-10-10 09:25:08,280][agent.finetune.train_ppo_diffusion_agent][INFO] - approx_kl: 0.0, update_epoch: 1, num_batch: 4
[2026-10-10 09:25:10,074][agent.finetune.train_ppo_diffusion_agent][INFO] - approx_kl: 0.0, update_epoch: 1, num_batch: 4
[2026-10-10 09:25:11,714][agent.finetune.train_ppo_diffusion_agent][INFO] - approx_kl: 0.0, update_epoch: 1, num_batch: 4
[2026-10-10 09:25:13,428][agent.finetune.train_ppo_diffusion_agent][INFO] - approx_kl: 0.0, update_epoch: 2, num_batch: 4
[2026-10-10 09:25:15,143][agent.finetune.train_ppo_diffusion_agent][INFO] - approx_kl: 0.0, update_epoch: 2, num_batch: 4
[2026-10-10 09:25:16,936][agent.finetune.train_ppo_diffusion_agent][INFO] - approx_kl: 0.0, update_epoch: 2, num_batch: 4
[2026-10-10 09:25:18,568][agent.finetune.train_ppo_diffusion_agent][INFO] - approx_kl: 0.0, update_epoch: 2, num_batch: 4
[2026-10-10 09:25:20,265][agent.finetune.train_ppo_diffusion_agent][INFO] - approx_kl: 0.0, update_epoch: 3, num_batch: 4
[2026-10-10 09:25:21,934][agent.finetune.train_ppo_diffusion_agent][INFO] - approx_kl: 0.0, update_epoch: 3, num_batch: 4
[2026-10-10 09:25:23,730][agent.finetune.train_ppo_diffusion_agent][INFO] - approx_kl: 0.0, update_epoch: 3, num_batch: 4
[2026-10-10 09:25:25,368][agent.finetune.train_ppo_diffusion_agent][INFO] - approx_kl: 0.0, update_epoch: 3, num_batch: 4
[2026-10-10 09:25:27,068][agent.finetune.train_ppo_diffusion_agent][INFO] - approx_kl: 0.0, update_epoch: 4, num_batch: 4
[2026-10-10 09:25:28,793][agent.finetune.train_ppo_diffusion_agent][INFO] - approx_kl: 0.0, update_epoch: 4, num_batch: 4
[2026-10-10 09:25:30,588][agent.finetune.train_ppo_diffusion_agent][INFO] - approx_kl: 0.0, update_epoch: 4, num_batch: 4
[2026-10-10 09:25:32,226][agent.finetune.train_ppo_diffusion_agent][INFO] - approx_kl: 0.0, update_epoch: 4, num_batch: 4
[2026-10-10 09:25:39,120][agent.finetune.train_ppo_diffusion_agent][INFO] - 98: step  7120000 | loss  -0.5686 | pg loss  -0.6237 | value loss   0.1102 | bc loss   0.0000 | reward 4183.0452 | eta   1.0000 | t: 53.6732 | kl_true_per_action=0.0014573738030201262 | logratio_p99=0.06216808438301072 | clamp_hit_frac=0.0008520833333333334 | actor_step_ratio=1.0 | actor_step_clipfrac=0.0
[2026-10-10 09:25:39,120][agent.finetune.stage3_support][INFO] - STAGE3_METRICS {"J_disc_train": 1470.446011407546, "J_disc_train_se": 12.123015559252229, "action_oor_frac": 0.1723, "adv_raw_mean": -1.7712409317027777e-14, "adv_raw_std": 132.96424669753546, "diagnostics_seconds": 0.10562652256339788, "episode_count": 80, "explained_var": 0.05855673551559448, "explained_var_reason": null, "grad_cos_prev": -0.04990926215722856, "grad_cos_prev_reason": null, "grad_norm": 11.103361283430496, "policy_action_oor_frac": 0.17232708333333333, "proj_active": false, "reward_clip_frac": 0.0, "rollout_seconds": 12.41635475680232, "split_diff_sq": 521.8984654822934, "split_dot": -7.189984796443932, "theta_dist": 0.07397675125195241, "theta_dist_preproj": 0.07397675125195241, "update_norm": 0.004032936057778261, "update_seconds": 41.14743796270341, "x0_sat_frac_last": 0.09016765774694416, "x0_sat_frac_mean": 0.08877835218103775}
Processed step 0 of 500
Processed step 10 of 500
Processed step 20 of 500
Processed step 30 of 500
Processed step 40 of 500
Processed step 50 of 500
Processed step 60 of 500
Processed step 70 of 500
Processed step 80 of 500
Processed step 90 of 500
Processed step 100 of 500
Processed step 110 of 500
Processed step 120 of 500
Processed step 130 of 500
Processed step 140 of 500
Processed step 150 of 500
Processed step 160 of 500
Processed step 170 of 500
Processed step 180 of 500
Processed step 190 of 500
Processed step 200 of 500
Processed step 210 of 500
Processed step 220 of 500
Processed step 230 of 500
Processed step 240 of 500
Processed step 250 of 500
Processed step 260 of 500
Processed step 270 of 500
Processed step 280 of 500
Processed step 290 of 500
Processed step 300 of 500
Processed step 310 of 500
Processed step 320 of 500
Processed step 330 of 500
Processed step 340 of 500
Processed step 350 of 500
Processed step 360 of 500
Processed step 370 of 500
Processed step 380 of 500
Processed step 390 of 500
Processed step 400 of 500
Processed step 410 of 500
Processed step 420 of 500
Processed step 430 of 500
Processed step 440 of 500
Processed step 450 of 500
Processed step 460 of 500
Processed step 470 of 500
Processed step 480 of 500
Processed step 490 of 500
[2026-10-10 09:25:53,114][agent.finetune.train_ppo_diffusion_agent][INFO] - approx_kl: 0.0, update_epoch: 0, num_batch: 4
[2026-10-10 09:25:54,831][agent.finetune.train_ppo_diffusion_agent][INFO] - approx_kl: 0.0, update_epoch: 0, num_batch: 4
[2026-10-10 09:25:56,626][agent.finetune.train_ppo_diffusion_agent][INFO] - approx_kl: 0.0, update_epoch: 0, num_batch: 4
[2026-10-10 09:25:58,260][agent.finetune.train_ppo_diffusion_agent][INFO] - approx_kl: 0.0, update_epoch: 0, num_batch: 4
[2026-10-10 09:25:59,962][agent.finetune.train_ppo_diffusion_agent][INFO] - approx_kl: 0.0, update_epoch: 1, num_batch: 4
[2026-10-10 09:26:01,684][agent.finetune.train_ppo_diffusion_agent][INFO] - approx_kl: 0.0, update_epoch: 1, num_batch: 4
[2026-10-10 09:26:03,473][agent.finetune.train_ppo_diffusion_agent][INFO] - approx_kl: 0.0, update_epoch: 1, num_batch: 4
[2026-10-10 09:26:05,114][agent.finetune.train_ppo_diffusion_agent][INFO] - approx_kl: 0.0, update_epoch: 1, num_batch: 4
[2026-10-10 09:26:06,816][agent.finetune.train_ppo_diffusion_agent][INFO] - approx_kl: 0.0, update_epoch: 2, num_batch: 4
[2026-10-10 09:26:08,534][agent.finetune.train_ppo_diffusion_agent][INFO] - approx_kl: 0.0, update_epoch: 2, num_batch: 4
[2026-10-10 09:26:10,328][agent.finetune.train_ppo_diffusion_agent][INFO] - approx_kl: 0.0, update_epoch: 2, num_batch: 4
[2026-10-10 09:26:11,968][agent.finetune.train_ppo_diffusion_agent][INFO] - approx_kl: 0.0, update_epoch: 2, num_batch: 4
[2026-10-10 09:26:13,671][agent.finetune.train_ppo_diffusion_agent][INFO] - approx_kl: 0.0, update_epoch: 3, num_batch: 4
[2026-10-10 09:26:15,387][agent.finetune.train_ppo_diffusion_agent][INFO] - approx_kl: 0.0, update_epoch: 3, num_batch: 4
[2026-10-10 09:26:17,185][agent.finetune.train_ppo_diffusion_agent][INFO] - approx_kl: 0.0, update_epoch: 3, num_batch: 4
[2026-10-10 09:26:18,817][agent.finetune.train_ppo_diffusion_agent][INFO] - approx_kl: 0.0, update_epoch: 3, num_batch: 4
[2026-10-10 09:26:20,464][agent.finetune.train_ppo_diffusion_agent][INFO] - approx_kl: 0.0, update_epoch: 4, num_batch: 4
[2026-10-10 09:26:22,187][agent.finetune.train_ppo_diffusion_agent][INFO] - approx_kl: 0.0, update_epoch: 4, num_batch: 4
[2026-10-10 09:26:23,985][agent.finetune.train_ppo_diffusion_agent][INFO] - approx_kl: 0.0, update_epoch: 4, num_batch: 4
[2026-10-10 09:26:25,622][agent.finetune.train_ppo_diffusion_agent][INFO] - approx_kl: 0.0, update_epoch: 4, num_batch: 4
[2026-10-10 09:26:32,516][agent.finetune.train_ppo_diffusion_agent][INFO] - 99: step  7200000 | loss   1.0276 | pg loss   0.9757 | value loss   0.1038 | bc loss   0.0000 | reward 4027.4947 | eta   1.0000 | t: 53.3969 | kl_true_per_action=0.002201218421157433 | logratio_p99=0.06392994880676256 | clamp_hit_frac=0.0007416666666666666 | actor_step_ratio=1.0 | actor_step_clipfrac=0.0
[2026-10-10 09:26:32,517][agent.finetune.stage3_support][INFO] - STAGE3_METRICS {"J_disc_train": 1422.3987565669718, "J_disc_train_se": 22.56501143492035, "action_oor_frac": 0.16917916666666666, "adv_raw_mean": -9.64064383879304e-15, "adv_raw_std": 236.28745723412055, "diagnostics_seconds": 0.10437716264277697, "episode_count": 80, "explained_var": 0.2982974648475647, "explained_var_reason": null, "grad_cos_prev": -0.0367485431995572, "grad_cos_prev_reason": null, "grad_norm": 20.444051893649732, "policy_action_oor_frac": 0.16919791666666667, "proj_active": false, "reward_clip_frac": 0.0, "rollout_seconds": 12.119441245682538, "split_diff_sq": 1738.97957521949, "split_dot": -16.785620662829807, "theta_dist": 0.07505036056942015, "theta_dist_preproj": 0.07505036056942015, "update_norm": 0.0074256346322416735, "update_seconds": 41.16907023265958, "x0_sat_frac_last": 0.09673452078032231, "x0_sat_frac_mean": 0.08767039674180059}
Processed step 0 of 500
Processed step 10 of 500
Processed step 20 of 500
Processed step 30 of 500
Processed step 40 of 500
Processed step 50 of 500
Processed step 60 of 500
Processed step 70 of 500
Processed step 80 of 500
Processed step 90 of 500
Processed step 100 of 500
Processed step 110 of 500
Processed step 120 of 500
Processed step 130 of 500
Processed step 140 of 500
Processed step 150 of 500
Processed step 160 of 500
Processed step 170 of 500
Processed step 180 of 500
Processed step 190 of 500
Processed step 200 of 500
Processed step 210 of 500
Processed step 220 of 500
Processed step 230 of 500
Processed step 240 of 500
Processed step 250 of 500
Processed step 260 of 500
Processed step 270 of 500
Processed step 280 of 500
Processed step 290 of 500
Processed step 300 of 500
Processed step 310 of 500
Processed step 320 of 500
Processed step 330 of 500
Processed step 340 of 500
Processed step 350 of 500
Processed step 360 of 500
Processed step 370 of 500
Processed step 380 of 500
Processed step 390 of 500
Processed step 400 of 500
Processed step 410 of 500
Processed step 420 of 500
Processed step 430 of 500
Processed step 440 of 500
Processed step 450 of 500
Processed step 460 of 500
Processed step 470 of 500
Processed step 480 of 500
Processed step 490 of 500
[2026-10-10 09:26:44,783][agent.finetune.train_ppo_diffusion_agent][INFO] - eval: success rate   1.0000 | avg episode reward 4304.0238 | avg best reward   6.4796
[2026-10-10 09:26:44,784][agent.finetune.stage3_support][INFO] - STAGE3_METRICS {"J_disc_eval": 1533.2724437351703, "J_disc_eval_se": 20.729013586621615, "action_oor_frac": 0.0, "diagnostics_seconds": 0.004266106523573399, "episode_count": 80, "policy_action_oor_frac": 0.0, "rollout_seconds": 12.258615336380899, "update_seconds": 0.0}
Processed step 0 of 500
Processed step 10 of 500
Processed step 20 of 500
Processed step 30 of 500
Processed step 40 of 500
Processed step 50 of 500
Processed step 60 of 500
Processed step 70 of 500
Processed step 80 of 500
Processed step 90 of 500
Processed step 100 of 500
Processed step 110 of 500
Processed step 120 of 500
Processed step 130 of 500
Processed step 140 of 500
Processed step 150 of 500
Processed step 160 of 500
Processed step 170 of 500
Processed step 180 of 500
Processed step 190 of 500
Processed step 200 of 500
Processed step 210 of 500
Processed step 220 of 500
Processed step 230 of 500
Processed step 240 of 500
Processed step 250 of 500
Processed step 260 of 500
Processed step 270 of 500
Processed step 280 of 500
Processed step 290 of 500
Processed step 300 of 500
Processed step 310 of 500
Processed step 320 of 500
Processed step 330 of 500
Processed step 340 of 500
Processed step 350 of 500
Processed step 360 of 500
Processed step 370 of 500
Processed step 380 of 500
Processed step 390 of 500
Processed step 400 of 500
Processed step 410 of 500
Processed step 420 of 500
Processed step 430 of 500
Processed step 440 of 500
Processed step 450 of 500
Processed step 460 of 500
Processed step 470 of 500
Processed step 480 of 500
Processed step 490 of 500
[2026-10-10 09:26:59,767][agent.finetune.train_ppo_diffusion_agent][INFO] - approx_kl: 0.0, update_epoch: 0, num_batch: 4
[2026-10-10 09:27:01,492][agent.finetune.train_ppo_diffusion_agent][INFO] - approx_kl: 0.0, update_epoch: 0, num_batch: 4
[2026-10-10 09:27:03,330][agent.finetune.train_ppo_diffusion_agent][INFO] - approx_kl: 0.0, update_epoch: 0, num_batch: 4
[2026-10-10 09:27:04,963][agent.finetune.train_ppo_diffusion_agent][INFO] - approx_kl: 0.0, update_epoch: 0, num_batch: 4
[2026-10-10 09:27:06,698][agent.finetune.train_ppo_diffusion_agent][INFO] - approx_kl: 0.0, update_epoch: 1, num_batch: 4
[2026-10-10 09:27:08,513][agent.finetune.train_ppo_diffusion_agent][INFO] - approx_kl: 0.0, update_epoch: 1, num_batch: 4
[2026-10-10 09:27:10,171][agent.finetune.train_ppo_diffusion_agent][INFO] - approx_kl: 0.0, update_epoch: 1, num_batch: 4
[2026-10-10 09:27:11,860][agent.finetune.train_ppo_diffusion_agent][INFO] - approx_kl: 0.0, update_epoch: 1, num_batch: 4
[2026-10-10 09:27:13,607][agent.finetune.train_ppo_diffusion_agent][INFO] - approx_kl: 0.0, update_epoch: 2, num_batch: 4
[2026-10-10 09:27:15,429][agent.finetune.train_ppo_diffusion_agent][INFO] - approx_kl: 0.0, update_epoch: 2, num_batch: 4
[2026-10-10 09:27:17,070][agent.finetune.train_ppo_diffusion_agent][INFO] - approx_kl: 0.0, update_epoch: 2, num_batch: 4
[2026-10-10 09:27:18,804][agent.finetune.train_ppo_diffusion_agent][INFO] - approx_kl: 0.0, update_epoch: 2, num_batch: 4
[2026-10-10 09:27:20,528][agent.finetune.train_ppo_diffusion_agent][INFO] - approx_kl: 0.0, update_epoch: 3, num_batch: 4
[2026-10-10 09:27:22,347][agent.finetune.train_ppo_diffusion_agent][INFO] - approx_kl: 0.0, update_epoch: 3, num_batch: 4
[2026-10-10 09:27:24,016][agent.finetune.train_ppo_diffusion_agent][INFO] - approx_kl: 0.0, update_epoch: 3, num_batch: 4
[2026-10-10 09:27:25,744][agent.finetune.train_ppo_diffusion_agent][INFO] - approx_kl: 0.0, update_epoch: 3, num_batch: 4
[2026-10-10 09:27:27,492][agent.finetune.train_ppo_diffusion_agent][INFO] - approx_kl: 0.0, update_epoch: 4, num_batch: 4
[2026-10-10 09:27:29,311][agent.finetune.train_ppo_diffusion_agent][INFO] - approx_kl: 0.0, update_epoch: 4, num_batch: 4
[2026-10-10 09:27:30,971][agent.finetune.train_ppo_diffusion_agent][INFO] - approx_kl: 0.0, update_epoch: 4, num_batch: 4
[2026-10-10 09:27:32,697][agent.finetune.train_ppo_diffusion_agent][INFO] - approx_kl: 0.0, update_epoch: 4, num_batch: 4
[2026-10-10 09:27:39,662][agent.finetune.train_ppo_diffusion_agent][INFO] - 101: step  7280000 | loss   0.7759 | pg loss   0.7246 | value loss   0.1026 | bc loss   0.0000 | reward 3957.3627 | eta   1.0000 | t: 54.8786 | kl_true_per_action=0.004689997932079935 | logratio_p99=0.10637152194976801 | clamp_hit_frac=0.0008229166666666667 | actor_step_ratio=1.0 | actor_step_clipfrac=0.0
[2026-10-10 09:27:39,662][agent.finetune.stage3_support][INFO] - STAGE3_METRICS {"J_disc_train": 1417.1033395224454, "J_disc_train_se": 22.717044064742403, "action_oor_frac": 0.16485208333333334, "adv_raw_mean": 2.4738255888223647e-14, "adv_raw_std": 277.66439483089084, "diagnostics_seconds": 0.11364314239472151, "episode_count": 80, "explained_var": 0.4849098324775696, "explained_var_reason": null, "grad_cos_prev": -0.006539355234121637, "grad_cos_prev_reason": null, "grad_norm": 20.83026710676513, "policy_action_oor_frac": 0.16487291666666667, "proj_active": false, "reward_clip_frac": 0.0, "rollout_seconds": 13.012842379510403, "split_diff_sq": 2172.4831461651866, "split_dot": -109.22076915791328, "theta_dist": 0.07532741062401642, "theta_dist_preproj": 0.07532741062401642, "update_norm": 0.007565923504138438, "update_seconds": 41.74718330707401, "x0_sat_frac_last": 0.09121166161105494, "x0_sat_frac_mean": 0.08532282852352838}
Processed step 0 of 500
Processed step 10 of 500
Processed step 20 of 500
Processed step 30 of 500
Processed step 40 of 500
Processed step 50 of 500
Processed step 60 of 500
Processed step 70 of 500
Processed step 80 of 500
Processed step 90 of 500
Processed step 100 of 500
Processed step 110 of 500
Processed step 120 of 500
Processed step 130 of 500
Processed step 140 of 500
Processed step 150 of 500
Processed step 160 of 500
Processed step 170 of 500
Processed step 180 of 500
Processed step 190 of 500
Processed step 200 of 500
Processed step 210 of 500
Processed step 220 of 500
Processed step 230 of 500
Processed step 240 of 500
Processed step 250 of 500
Processed step 260 of 500
Processed step 270 of 500
Processed step 280 of 500
Processed step 290 of 500
Processed step 300 of 500
Processed step 310 of 500
Processed step 320 of 500
Processed step 330 of 500
Processed step 340 of 500
Processed step 350 of 500
Processed step 360 of 500
Processed step 370 of 500
Processed step 380 of 500
Processed step 390 of 500
Processed step 400 of 500
Processed step 410 of 500
Processed step 420 of 500
Processed step 430 of 500
Processed step 440 of 500
Processed step 450 of 500
Processed step 460 of 500
Processed step 470 of 500
Processed step 480 of 500
Processed step 490 of 500
[2026-10-10 09:27:54,120][agent.finetune.train_ppo_diffusion_agent][INFO] - approx_kl: 0.0, update_epoch: 0, num_batch: 4
[2026-10-10 09:27:55,950][agent.finetune.train_ppo_diffusion_agent][INFO] - approx_kl: 0.0, update_epoch: 0, num_batch: 4
[2026-10-10 09:27:57,617][agent.finetune.train_ppo_diffusion_agent][INFO] - approx_kl: 0.0, update_epoch: 0, num_batch: 4
[2026-10-10 09:27:59,351][agent.finetune.train_ppo_diffusion_agent][INFO] - approx_kl: 0.0, update_epoch: 0, num_batch: 4
[2026-10-10 09:28:01,097][agent.finetune.train_ppo_diffusion_agent][INFO] - approx_kl: 0.0, update_epoch: 1, num_batch: 4
[2026-10-10 09:28:02,940][agent.finetune.train_ppo_diffusion_agent][INFO] - approx_kl: 0.0, update_epoch: 1, num_batch: 4
[2026-10-10 09:28:04,589][agent.finetune.train_ppo_diffusion_agent][INFO] - approx_kl: 0.0, update_epoch: 1, num_batch: 4
[2026-10-10 09:28:06,332][agent.finetune.train_ppo_diffusion_agent][INFO] - approx_kl: 0.0, update_epoch: 1, num_batch: 4
[2026-10-10 09:28:08,057][agent.finetune.train_ppo_diffusion_agent][INFO] - approx_kl: 0.0, update_epoch: 2, num_batch: 4
[2026-10-10 09:28:09,872][agent.finetune.train_ppo_diffusion_agent][INFO] - approx_kl: 0.0, update_epoch: 2, num_batch: 4
[2026-10-10 09:28:11,515][agent.finetune.train_ppo_diffusion_agent][INFO] - approx_kl: 0.0, update_epoch: 2, num_batch: 4
[2026-10-10 09:28:13,253][agent.finetune.train_ppo_diffusion_agent][INFO] - approx_kl: 0.0, update_epoch: 2, num_batch: 4
[2026-10-10 09:28:15,000][agent.finetune.train_ppo_diffusion_agent][INFO] - approx_kl: 0.0, update_epoch: 3, num_batch: 4
[2026-10-10 09:28:16,817][agent.finetune.train_ppo_diffusion_agent][INFO] - approx_kl: 0.0, update_epoch: 3, num_batch: 4
[2026-10-10 09:28:18,481][agent.finetune.train_ppo_diffusion_agent][INFO] - approx_kl: 0.0, update_epoch: 3, num_batch: 4
[2026-10-10 09:28:20,207][agent.finetune.train_ppo_diffusion_agent][INFO] - approx_kl: 0.0, update_epoch: 3, num_batch: 4
[2026-10-10 09:28:21,951][agent.finetune.train_ppo_diffusion_agent][INFO] - approx_kl: 0.0, update_epoch: 4, num_batch: 4
[2026-10-10 09:28:23,775][agent.finetune.train_ppo_diffusion_agent][INFO] - approx_kl: 0.0, update_epoch: 4, num_batch: 4
[2026-10-10 09:28:25,419][agent.finetune.train_ppo_diffusion_agent][INFO] - approx_kl: 0.0, update_epoch: 4, num_batch: 4
[2026-10-10 09:28:27,145][agent.finetune.train_ppo_diffusion_agent][INFO] - approx_kl: 0.0, update_epoch: 4, num_batch: 4
[2026-10-10 09:28:34,091][agent.finetune.train_ppo_diffusion_agent][INFO] - 102: step  7360000 | loss  -0.5842 | pg loss  -0.6369 | value loss   0.1055 | bc loss   0.0000 | reward 4086.0445 | eta   1.0000 | t: 54.4289 | kl_true_per_action=0.003093464743892499 | logratio_p99=0.09200386166572569 | clamp_hit_frac=0.0008125 | actor_step_ratio=1.0 | actor_step_clipfrac=0.0
[2026-10-10 09:28:34,091][agent.finetune.stage3_support][INFO] - STAGE3_METRICS {"J_disc_train": 1449.8296455369025, "J_disc_train_se": 16.55140905761528, "action_oor_frac": 0.167025, "adv_raw_mean": -6.184563972055912e-15, "adv_raw_std": 215.49836702710323, "diagnostics_seconds": 0.10712914634495974, "episode_count": 80, "explained_var": 0.3598412871360779, "explained_var_reason": null, "grad_cos_prev": -0.03593002785466989, "grad_cos_prev_reason": null, "grad_norm": 16.438813868151453, "policy_action_oor_frac": 0.16707083333333334, "proj_active": false, "reward_clip_frac": 0.0, "rollout_seconds": 12.53536621388048, "split_diff_sq": 1002.7976033924269, "split_dot": 19.53519964338872, "theta_dist": 0.0759745031911398, "theta_dist_preproj": 0.0759745031911398, "update_norm": 0.005970872099159453, "update_seconds": 41.78219491709024, "x0_sat_frac_last": 0.08033661740558293, "x0_sat_frac_mean": 0.08722247442620781}
Processed step 0 of 500
Processed step 10 of 500
Processed step 20 of 500
Processed step 30 of 500
Processed step 40 of 500
Processed step 50 of 500
Processed step 60 of 500
Processed step 70 of 500
Processed step 80 of 500
Processed step 90 of 500
Processed step 100 of 500
Processed step 110 of 500
Processed step 120 of 500
Processed step 130 of 500
Processed step 140 of 500
Processed step 150 of 500
Processed step 160 of 500
Processed step 170 of 500
Processed step 180 of 500
Processed step 190 of 500
Processed step 200 of 500
Processed step 210 of 500
Processed step 220 of 500
Processed step 230 of 500
Processed step 240 of 500
Processed step 250 of 500
Processed step 260 of 500
Processed step 270 of 500
Processed step 280 of 500
Processed step 290 of 500
Processed step 300 of 500
Processed step 310 of 500
Processed step 320 of 500
Processed step 330 of 500
Processed step 340 of 500
Processed step 350 of 500
Processed step 360 of 500
Processed step 370 of 500
Processed step 380 of 500
Processed step 390 of 500
Processed step 400 of 500
Processed step 410 of 500
Processed step 420 of 500
Processed step 430 of 500
Processed step 440 of 500
Processed step 450 of 500
Processed step 460 of 500
Processed step 470 of 500
Processed step 480 of 500
Processed step 490 of 500
[2026-10-10 09:28:49,170][agent.finetune.train_ppo_diffusion_agent][INFO] - approx_kl: 0.0, update_epoch: 0, num_batch: 4
[2026-10-10 09:28:50,993][agent.finetune.train_ppo_diffusion_agent][INFO] - approx_kl: 0.0, update_epoch: 0, num_batch: 4
[2026-10-10 09:28:52,629][agent.finetune.train_ppo_diffusion_agent][INFO] - approx_kl: 0.0, update_epoch: 0, num_batch: 4
[2026-10-10 09:28:54,338][agent.finetune.train_ppo_diffusion_agent][INFO] - approx_kl: 0.0, update_epoch: 0, num_batch: 4
[2026-10-10 09:28:56,065][agent.finetune.train_ppo_diffusion_agent][INFO] - approx_kl: 0.0, update_epoch: 1, num_batch: 4
[2026-10-10 09:28:57,866][agent.finetune.train_ppo_diffusion_agent][INFO] - approx_kl: 0.0, update_epoch: 1, num_batch: 4
[2026-10-10 09:28:59,494][agent.finetune.train_ppo_diffusion_agent][INFO] - approx_kl: 0.0, update_epoch: 1, num_batch: 4
[2026-10-10 09:29:01,200][agent.finetune.train_ppo_diffusion_agent][INFO] - approx_kl: 0.0, update_epoch: 1, num_batch: 4
[2026-10-10 09:29:02,931][agent.finetune.train_ppo_diffusion_agent][INFO] - approx_kl: 0.0, update_epoch: 2, num_batch: 4
[2026-10-10 09:29:04,734][agent.finetune.train_ppo_diffusion_agent][INFO] - approx_kl: 0.0, update_epoch: 2, num_batch: 4
[2026-10-10 09:29:06,386][agent.finetune.train_ppo_diffusion_agent][INFO] - approx_kl: 0.0, update_epoch: 2, num_batch: 4
[2026-10-10 09:29:08,159][agent.finetune.train_ppo_diffusion_agent][INFO] - approx_kl: 0.0, update_epoch: 2, num_batch: 4
[2026-10-10 09:29:09,887][agent.finetune.train_ppo_diffusion_agent][INFO] - approx_kl: 0.0, update_epoch: 3, num_batch: 4
[2026-10-10 09:29:11,735][agent.finetune.train_ppo_diffusion_agent][INFO] - approx_kl: 0.0, update_epoch: 3, num_batch: 4
[2026-10-10 09:29:13,364][agent.finetune.train_ppo_diffusion_agent][INFO] - approx_kl: 0.0, update_epoch: 3, num_batch: 4
[2026-10-10 09:29:15,092][agent.finetune.train_ppo_diffusion_agent][INFO] - approx_kl: 0.0, update_epoch: 3, num_batch: 4
[2026-10-10 09:29:16,715][agent.finetune.train_ppo_diffusion_agent][INFO] - approx_kl: 0.0, update_epoch: 4, num_batch: 4
[2026-10-10 09:29:18,477][agent.finetune.train_ppo_diffusion_agent][INFO] - approx_kl: 0.0, update_epoch: 4, num_batch: 4
[2026-10-10 09:29:20,028][agent.finetune.train_ppo_diffusion_agent][INFO] - approx_kl: 0.0, update_epoch: 4, num_batch: 4
[2026-10-10 09:29:21,673][agent.finetune.train_ppo_diffusion_agent][INFO] - approx_kl: 0.0, update_epoch: 4, num_batch: 4
[2026-10-10 09:29:28,499][agent.finetune.train_ppo_diffusion_agent][INFO] - 103: step  7440000 | loss  -0.4722 | pg loss  -0.5260 | value loss   0.1076 | bc loss   0.0000 | reward 4019.3620 | eta   1.0000 | t: 54.4078 | kl_true_per_action=0.0026191945053561207 | logratio_p99=0.07389798998832695 | clamp_hit_frac=0.00075625 | actor_step_ratio=1.0 | actor_step_clipfrac=0.0
[2026-10-10 09:29:28,499][agent.finetune.stage3_support][INFO] - STAGE3_METRICS {"J_disc_train": 1427.086966426638, "J_disc_train_se": 16.97077983322562, "action_oor_frac": 0.16813958333333334, "adv_raw_mean": 7.457856554538012e-15, "adv_raw_std": 222.45624138754093, "diagnostics_seconds": 0.10419962368905544, "episode_count": 80, "explained_var": 0.38036519289016724, "explained_var_reason": null, "grad_cos_prev": 0.022104673856288455, "grad_cos_prev_reason": null, "grad_norm": 18.02297065651668, "policy_action_oor_frac": 0.16816041666666667, "proj_active": false, "reward_clip_frac": 0.0, "rollout_seconds": 13.195379639975727, "split_diff_sq": 1210.609050752846, "split_dot": 22.17520660443758, "theta_dist": 0.07641252682940541, "theta_dist_preproj": 0.07641252682940541, "update_norm": 0.006546261933395831, "update_seconds": 41.1040613707155, "x0_sat_frac_last": 0.0927579365079365, "x0_sat_frac_mean": 0.08871973398927153}
Processed step 0 of 500
Processed step 10 of 500
Processed step 20 of 500
Processed step 30 of 500
Processed step 40 of 500
Processed step 50 of 500
Processed step 60 of 500
Processed step 70 of 500
Processed step 80 of 500
Processed step 90 of 500
Processed step 100 of 500
Processed step 110 of 500
Processed step 120 of 500
Processed step 130 of 500
Processed step 140 of 500
Processed step 150 of 500
Processed step 160 of 500
Processed step 170 of 500
Processed step 180 of 500
Processed step 190 of 500
Processed step 200 of 500
Processed step 210 of 500
Processed step 220 of 500
Processed step 230 of 500
Processed step 240 of 500
Processed step 250 of 500
Processed step 260 of 500
Processed step 270 of 500
Processed step 280 of 500
Processed step 290 of 500
Processed step 300 of 500
Processed step 310 of 500
Processed step 320 of 500
Processed step 330 of 500
Processed step 340 of 500
Processed step 350 of 500
Processed step 360 of 500
Processed step 370 of 500
Processed step 380 of 500
Processed step 390 of 500
Processed step 400 of 500
Processed step 410 of 500
Processed step 420 of 500
Processed step 430 of 500
Processed step 440 of 500
Processed step 450 of 500
Processed step 460 of 500
Processed step 470 of 500
Processed step 480 of 500
Processed step 490 of 500
[2026-10-10 09:29:44,155][agent.finetune.train_ppo_diffusion_agent][INFO] - approx_kl: 0.0, update_epoch: 0, num_batch: 4
[2026-10-10 09:29:45,971][agent.finetune.train_ppo_diffusion_agent][INFO] - approx_kl: 0.0, update_epoch: 0, num_batch: 4
[2026-10-10 09:29:47,611][agent.finetune.train_ppo_diffusion_agent][INFO] - approx_kl: 0.0, update_epoch: 0, num_batch: 4
[2026-10-10 09:29:49,330][agent.finetune.train_ppo_diffusion_agent][INFO] - approx_kl: 0.0, update_epoch: 0, num_batch: 4
[2026-10-10 09:29:51,073][agent.finetune.train_ppo_diffusion_agent][INFO] - approx_kl: 0.0, update_epoch: 1, num_batch: 4
[2026-10-10 09:29:52,893][agent.finetune.train_ppo_diffusion_agent][INFO] - approx_kl: 0.0, update_epoch: 1, num_batch: 4
[2026-10-10 09:29:54,555][agent.finetune.train_ppo_diffusion_agent][INFO] - approx_kl: 0.0, update_epoch: 1, num_batch: 4
[2026-10-10 09:29:56,321][agent.finetune.train_ppo_diffusion_agent][INFO] - approx_kl: 0.0, update_epoch: 1, num_batch: 4
[2026-10-10 09:29:58,076][agent.finetune.train_ppo_diffusion_agent][INFO] - approx_kl: 0.0, update_epoch: 2, num_batch: 4
[2026-10-10 09:29:59,914][agent.finetune.train_ppo_diffusion_agent][INFO] - approx_kl: 0.0, update_epoch: 2, num_batch: 4
[2026-10-10 09:30:01,550][agent.finetune.train_ppo_diffusion_agent][INFO] - approx_kl: 0.0, update_epoch: 2, num_batch: 4
[2026-10-10 09:30:03,244][agent.finetune.train_ppo_diffusion_agent][INFO] - approx_kl: 0.0, update_epoch: 2, num_batch: 4
[2026-10-10 09:30:04,826][agent.finetune.train_ppo_diffusion_agent][INFO] - approx_kl: 0.0, update_epoch: 3, num_batch: 4
[2026-10-10 09:30:06,520][agent.finetune.train_ppo_diffusion_agent][INFO] - approx_kl: 0.0, update_epoch: 3, num_batch: 4
[2026-10-10 09:30:08,151][agent.finetune.train_ppo_diffusion_agent][INFO] - approx_kl: 0.0, update_epoch: 3, num_batch: 4
[2026-10-10 09:30:09,886][agent.finetune.train_ppo_diffusion_agent][INFO] - approx_kl: 0.0, update_epoch: 3, num_batch: 4
[2026-10-10 09:30:11,597][agent.finetune.train_ppo_diffusion_agent][INFO] - approx_kl: 0.0, update_epoch: 4, num_batch: 4
[2026-10-10 09:30:13,403][agent.finetune.train_ppo_diffusion_agent][INFO] - approx_kl: 0.0, update_epoch: 4, num_batch: 4
[2026-10-10 09:30:15,029][agent.finetune.train_ppo_diffusion_agent][INFO] - approx_kl: 0.0, update_epoch: 4, num_batch: 4
[2026-10-10 09:30:16,728][agent.finetune.train_ppo_diffusion_agent][INFO] - approx_kl: 0.0, update_epoch: 4, num_batch: 4
[2026-10-10 09:30:23,706][agent.finetune.train_ppo_diffusion_agent][INFO] - 104: step  7520000 | loss  -0.6020 | pg loss  -0.6549 | value loss   0.1058 | bc loss   0.0000 | reward 4031.8958 | eta   1.0000 | t: 55.2070 | kl_true_per_action=0.0019964672887904465 | logratio_p99=0.061711728572845376 | clamp_hit_frac=0.0007854166666666667 | actor_step_ratio=1.0 | actor_step_clipfrac=0.0
[2026-10-10 09:30:23,706][agent.finetune.stage3_support][INFO] - STAGE3_METRICS {"J_disc_train": 1452.4508399322076, "J_disc_train_se": 17.960815423380247, "action_oor_frac": 0.16889166666666666, "adv_raw_mean": -6.548361852765083e-15, "adv_raw_std": 234.3733271263185, "diagnostics_seconds": 0.10550384595990181, "episode_count": 80, "explained_var": 0.44822752475738525, "explained_var_reason": null, "grad_cos_prev": 0.03244265990058534, "grad_cos_prev_reason": null, "grad_norm": 17.661717351753275, "policy_action_oor_frac": 0.16892708333333334, "proj_active": false, "reward_clip_frac": 0.0, "rollout_seconds": 13.696948496624827, "split_diff_sq": 1281.6820691274002, "split_dot": -8.48427102161307, "theta_dist": 0.07683199303670737, "theta_dist_preproj": 0.07683199303670737, "update_norm": 0.006415041298228082, "update_seconds": 41.40076846536249, "x0_sat_frac_last": 0.09564020381328074, "x0_sat_frac_mean": 0.08823566495330157}
Processed step 0 of 500
Processed step 10 of 500
Processed step 20 of 500
Processed step 30 of 500
Processed step 40 of 500
Processed step 50 of 500
Processed step 60 of 500
Processed step 70 of 500
Processed step 80 of 500
Processed step 90 of 500
Processed step 100 of 500
Processed step 110 of 500
Processed step 120 of 500
Processed step 130 of 500
Processed step 140 of 500
Processed step 150 of 500
Processed step 160 of 500
Processed step 170 of 500
Processed step 180 of 500
Processed step 190 of 500
Processed step 200 of 500
Processed step 210 of 500
Processed step 220 of 500
Processed step 230 of 500
Processed step 240 of 500
Processed step 250 of 500
Processed step 260 of 500
Processed step 270 of 500
Processed step 280 of 500
Processed step 290 of 500
Processed step 300 of 500
Processed step 310 of 500
Processed step 320 of 500
Processed step 330 of 500
Processed step 340 of 500
Processed step 350 of 500
Processed step 360 of 500
Processed step 370 of 500
Processed step 380 of 500
Processed step 390 of 500
Processed step 400 of 500
Processed step 410 of 500
Processed step 420 of 500
Processed step 430 of 500
Processed step 440 of 500
Processed step 450 of 500
Processed step 460 of 500
Processed step 470 of 500
Processed step 480 of 500
Processed step 490 of 500
[2026-10-10 09:30:38,155][agent.finetune.train_ppo_diffusion_agent][INFO] - approx_kl: 0.0, update_epoch: 0, num_batch: 4
[2026-10-10 09:30:39,822][agent.finetune.train_ppo_diffusion_agent][INFO] - approx_kl: 0.0, update_epoch: 0, num_batch: 4
[2026-10-10 09:30:41,612][agent.finetune.train_ppo_diffusion_agent][INFO] - approx_kl: 0.0, update_epoch: 0, num_batch: 4
[2026-10-10 09:30:43,339][agent.finetune.train_ppo_diffusion_agent][INFO] - approx_kl: 0.0, update_epoch: 0, num_batch: 4
[2026-10-10 09:30:45,153][agent.finetune.train_ppo_diffusion_agent][INFO] - approx_kl: 0.0, update_epoch: 1, num_batch: 4
[2026-10-10 09:30:46,727][agent.finetune.train_ppo_diffusion_agent][INFO] - approx_kl: 0.0, update_epoch: 1, num_batch: 4
[2026-10-10 09:30:48,277][agent.finetune.train_ppo_diffusion_agent][INFO] - approx_kl: 0.0, update_epoch: 1, num_batch: 4
[2026-10-10 09:30:49,845][agent.finetune.train_ppo_diffusion_agent][INFO] - approx_kl: 0.0, update_epoch: 1, num_batch: 4
[2026-10-10 09:30:51,485][agent.finetune.train_ppo_diffusion_agent][INFO] - approx_kl: 0.0, update_epoch: 2, num_batch: 4
[2026-10-10 09:30:52,945][agent.finetune.train_ppo_diffusion_agent][INFO] - approx_kl: 0.0, update_epoch: 2, num_batch: 4
[2026-10-10 09:30:54,488][agent.finetune.train_ppo_diffusion_agent][INFO] - approx_kl: 0.0, update_epoch: 2, num_batch: 4
[2026-10-10 09:30:56,050][agent.finetune.train_ppo_diffusion_agent][INFO] - approx_kl: 0.0, update_epoch: 2, num_batch: 4
[2026-10-10 09:30:57,707][agent.finetune.train_ppo_diffusion_agent][INFO] - approx_kl: 0.0, update_epoch: 3, num_batch: 4
[2026-10-10 09:30:59,173][agent.finetune.train_ppo_diffusion_agent][INFO] - approx_kl: 0.0, update_epoch: 3, num_batch: 4
[2026-10-10 09:31:00,716][agent.finetune.train_ppo_diffusion_agent][INFO] - approx_kl: 0.0, update_epoch: 3, num_batch: 4
[2026-10-10 09:31:02,267][agent.finetune.train_ppo_diffusion_agent][INFO] - approx_kl: 0.0, update_epoch: 3, num_batch: 4
[2026-10-10 09:31:03,901][agent.finetune.train_ppo_diffusion_agent][INFO] - approx_kl: 0.0, update_epoch: 4, num_batch: 4
[2026-10-10 09:31:05,373][agent.finetune.train_ppo_diffusion_agent][INFO] - approx_kl: 0.0, update_epoch: 4, num_batch: 4
[2026-10-10 09:31:06,933][agent.finetune.train_ppo_diffusion_agent][INFO] - approx_kl: 0.0, update_epoch: 4, num_batch: 4
[2026-10-10 09:31:08,568][agent.finetune.train_ppo_diffusion_agent][INFO] - approx_kl: 0.0, update_epoch: 4, num_batch: 4
[2026-10-10 09:31:15,473][agent.finetune.train_agent][INFO] - Saved model to /soalnas/share/data/zbao7/diffusion_policy/results/stage3/SGD3_seed0/checkpoint/state_105.pt
[2026-10-10 09:31:15,474][agent.finetune.train_ppo_diffusion_agent][INFO] - 105: step  7600000 | loss  -0.5223 | pg loss  -0.5772 | value loss   0.1098 | bc loss   0.0000 | reward 4210.2456 | eta   1.0000 | t: 51.7680 | kl_true_per_action=0.0006952253008552411 | logratio_p99=0.03585674583911894 | clamp_hit_frac=0.0008270833333333333 | actor_step_ratio=1.0 | actor_step_clipfrac=0.0
[2026-10-10 09:31:15,474][agent.finetune.stage3_support][INFO] - STAGE3_METRICS {"J_disc_train": 1491.7267546701246, "J_disc_train_se": 11.790843861634013, "action_oor_frac": 0.17264375, "adv_raw_mean": 2.837623469531536e-14, "adv_raw_std": 141.87634487786238, "diagnostics_seconds": 0.10705477558076382, "episode_count": 80, "explained_var": 0.175462543964386, "explained_var_reason": null, "grad_cos_prev": 0.02140337606364432, "grad_cos_prev_reason": null, "grad_norm": 10.822934778093828, "policy_action_oor_frac": 0.1726625, "proj_active": false, "reward_clip_frac": 0.0, "rollout_seconds": 12.316798224113882, "split_diff_sq": 452.5900986376612, "split_dot": 3.9883920976786102, "theta_dist": 0.07681291351771065, "theta_dist_preproj": 0.07681291351771065, "update_norm": 0.003931087903408007, "update_seconds": 39.320076365955174, "x0_sat_frac_last": 0.09217806841046278, "x0_sat_frac_mean": 0.09040869652976083}
Processed step 0 of 500
Processed step 10 of 500
Processed step 20 of 500
Processed step 30 of 500
Processed step 40 of 500
Processed step 50 of 500
Processed step 60 of 500
Processed step 70 of 500
Processed step 80 of 500
Processed step 90 of 500
Processed step 100 of 500
Processed step 110 of 500
Processed step 120 of 500
Processed step 130 of 500
Processed step 140 of 500
Processed step 150 of 500
Processed step 160 of 500
Processed step 170 of 500
Processed step 180 of 500
Processed step 190 of 500
Processed step 200 of 500
Processed step 210 of 500
Processed step 220 of 500
Processed step 230 of 500
Processed step 240 of 500
Processed step 250 of 500
Processed step 260 of 500
Processed step 270 of 500
Processed step 280 of 500
Processed step 290 of 500
Processed step 300 of 500
Processed step 310 of 500
Processed step 320 of 500
Processed step 330 of 500
Processed step 340 of 500
Processed step 350 of 500
Processed step 360 of 500
Processed step 370 of 500
Processed step 380 of 500
Processed step 390 of 500
Processed step 400 of 500
Processed step 410 of 500
Processed step 420 of 500
Processed step 430 of 500
Processed step 440 of 500
Processed step 450 of 500
Processed step 460 of 500
Processed step 470 of 500
Processed step 480 of 500
Processed step 490 of 500
[2026-10-10 09:31:29,776][agent.finetune.train_ppo_diffusion_agent][INFO] - approx_kl: 0.0, update_epoch: 0, num_batch: 4
[2026-10-10 09:31:31,377][agent.finetune.train_ppo_diffusion_agent][INFO] - approx_kl: 0.0, update_epoch: 0, num_batch: 4
[2026-10-10 09:31:33,063][agent.finetune.train_ppo_diffusion_agent][INFO] - approx_kl: 0.0, update_epoch: 0, num_batch: 4
[2026-10-10 09:31:34,753][agent.finetune.train_ppo_diffusion_agent][INFO] - approx_kl: 0.0, update_epoch: 0, num_batch: 4
[2026-10-10 09:31:36,546][agent.finetune.train_ppo_diffusion_agent][INFO] - approx_kl: 0.0, update_epoch: 1, num_batch: 4
[2026-10-10 09:31:38,162][agent.finetune.train_ppo_diffusion_agent][INFO] - approx_kl: 0.0, update_epoch: 1, num_batch: 4
[2026-10-10 09:31:39,860][agent.finetune.train_ppo_diffusion_agent][INFO] - approx_kl: 0.0, update_epoch: 1, num_batch: 4
[2026-10-10 09:31:41,579][agent.finetune.train_ppo_diffusion_agent][INFO] - approx_kl: 0.0, update_epoch: 1, num_batch: 4
[2026-10-10 09:31:43,387][agent.finetune.train_ppo_diffusion_agent][INFO] - approx_kl: 0.0, update_epoch: 2, num_batch: 4
[2026-10-10 09:31:45,013][agent.finetune.train_ppo_diffusion_agent][INFO] - approx_kl: 0.0, update_epoch: 2, num_batch: 4
[2026-10-10 09:31:46,717][agent.finetune.train_ppo_diffusion_agent][INFO] - approx_kl: 0.0, update_epoch: 2, num_batch: 4
[2026-10-10 09:31:48,451][agent.finetune.train_ppo_diffusion_agent][INFO] - approx_kl: 0.0, update_epoch: 2, num_batch: 4
[2026-10-10 09:31:50,239][agent.finetune.train_ppo_diffusion_agent][INFO] - approx_kl: 0.0, update_epoch: 3, num_batch: 4
[2026-10-10 09:31:51,866][agent.finetune.train_ppo_diffusion_agent][INFO] - approx_kl: 0.0, update_epoch: 3, num_batch: 4
[2026-10-10 09:31:53,564][agent.finetune.train_ppo_diffusion_agent][INFO] - approx_kl: 0.0, update_epoch: 3, num_batch: 4
[2026-10-10 09:31:55,303][agent.finetune.train_ppo_diffusion_agent][INFO] - approx_kl: 0.0, update_epoch: 3, num_batch: 4
[2026-10-10 09:31:57,093][agent.finetune.train_ppo_diffusion_agent][INFO] - approx_kl: 0.0, update_epoch: 4, num_batch: 4
[2026-10-10 09:31:58,720][agent.finetune.train_ppo_diffusion_agent][INFO] - approx_kl: 0.0, update_epoch: 4, num_batch: 4
[2026-10-10 09:32:00,420][agent.finetune.train_ppo_diffusion_agent][INFO] - approx_kl: 0.0, update_epoch: 4, num_batch: 4
[2026-10-10 09:32:02,150][agent.finetune.train_ppo_diffusion_agent][INFO] - approx_kl: 0.0, update_epoch: 4, num_batch: 4
[2026-10-10 09:32:09,048][agent.finetune.train_ppo_diffusion_agent][INFO] - 106: step  7680000 | loss   1.2570 | pg loss   1.2029 | value loss   0.1083 | bc loss   0.0000 | reward 4151.3874 | eta   1.0000 | t: 53.5741 | kl_true_per_action=0.0008000972894926098 | logratio_p99=0.036857385635375974 | clamp_hit_frac=0.0007166666666666667 | actor_step_ratio=1.0 | actor_step_clipfrac=0.0
[2026-10-10 09:32:09,048][agent.finetune.stage3_support][INFO] - STAGE3_METRICS {"J_disc_train": 1467.130791131141, "J_disc_train_se": 14.907910951006144, "action_oor_frac": 0.1705375, "adv_raw_mean": -1.3096723705530166e-14, "adv_raw_std": 195.44406308875003, "diagnostics_seconds": 0.11258428823202848, "episode_count": 80, "explained_var": 0.35362929105758667, "explained_var_reason": null, "grad_cos_prev": -0.009305225786113636, "grad_cos_prev_reason": null, "grad_norm": 14.15250378188446, "policy_action_oor_frac": 0.17056666666666667, "proj_active": false, "reward_clip_frac": 0.0, "rollout_seconds": 12.262891676276922, "split_diff_sq": 857.5919042335611, "split_dot": -14.104607026847214, "theta_dist": 0.07689063343592585, "theta_dist_preproj": 0.07689063343592585, "update_norm": 0.005140440521367029, "update_seconds": 41.19521473906934, "x0_sat_frac_last": 0.09108964709817695, "x0_sat_frac_mean": 0.08809610427002945}
Processed step 0 of 500
Processed step 10 of 500
Processed step 20 of 500
Processed step 30 of 500
Processed step 40 of 500
Processed step 50 of 500
Processed step 60 of 500
Processed step 70 of 500
Processed step 80 of 500
Processed step 90 of 500
Processed step 100 of 500
Processed step 110 of 500
Processed step 120 of 500
Processed step 130 of 500
Processed step 140 of 500
Processed step 150 of 500
Processed step 160 of 500
Processed step 170 of 500
Processed step 180 of 500
Processed step 190 of 500
Processed step 200 of 500
Processed step 210 of 500
Processed step 220 of 500
Processed step 230 of 500
Processed step 240 of 500
Processed step 250 of 500
Processed step 260 of 500
Processed step 270 of 500
Processed step 280 of 500
Processed step 290 of 500
Processed step 300 of 500
Processed step 310 of 500
Processed step 320 of 500
Processed step 330 of 500
Processed step 340 of 500
Processed step 350 of 500
Processed step 360 of 500
Processed step 370 of 500
Processed step 380 of 500
Processed step 390 of 500
Processed step 400 of 500
Processed step 410 of 500
Processed step 420 of 500
Processed step 430 of 500
Processed step 440 of 500
Processed step 450 of 500
Processed step 460 of 500
Processed step 470 of 500
Processed step 480 of 500
Processed step 490 of 500
[2026-10-10 09:32:23,301][agent.finetune.train_ppo_diffusion_agent][INFO] - approx_kl: 0.0, update_epoch: 0, num_batch: 4
[2026-10-10 09:32:24,920][agent.finetune.train_ppo_diffusion_agent][INFO] - approx_kl: 0.0, update_epoch: 0, num_batch: 4
[2026-10-10 09:32:26,672][agent.finetune.train_ppo_diffusion_agent][INFO] - approx_kl: 0.0, update_epoch: 0, num_batch: 4
[2026-10-10 09:32:28,466][agent.finetune.train_ppo_diffusion_agent][INFO] - approx_kl: 0.0, update_epoch: 0, num_batch: 4
[2026-10-10 09:32:30,092][agent.finetune.train_ppo_diffusion_agent][INFO] - approx_kl: 0.0, update_epoch: 1, num_batch: 4
[2026-10-10 09:32:31,803][agent.finetune.train_ppo_diffusion_agent][INFO] - approx_kl: 0.0, update_epoch: 1, num_batch: 4
[2026-10-10 09:32:33,538][agent.finetune.train_ppo_diffusion_agent][INFO] - approx_kl: 0.0, update_epoch: 1, num_batch: 4
[2026-10-10 09:32:35,332][agent.finetune.train_ppo_diffusion_agent][INFO] - approx_kl: 0.0, update_epoch: 1, num_batch: 4
[2026-10-10 09:32:36,957][agent.finetune.train_ppo_diffusion_agent][INFO] - approx_kl: 0.0, update_epoch: 2, num_batch: 4
[2026-10-10 09:32:38,654][agent.finetune.train_ppo_diffusion_agent][INFO] - approx_kl: 0.0, update_epoch: 2, num_batch: 4
[2026-10-10 09:32:40,389][agent.finetune.train_ppo_diffusion_agent][INFO] - approx_kl: 0.0, update_epoch: 2, num_batch: 4
[2026-10-10 09:32:42,189][agent.finetune.train_ppo_diffusion_agent][INFO] - approx_kl: 0.0, update_epoch: 2, num_batch: 4
[2026-10-10 09:32:43,827][agent.finetune.train_ppo_diffusion_agent][INFO] - approx_kl: 0.0, update_epoch: 3, num_batch: 4
[2026-10-10 09:32:45,519][agent.finetune.train_ppo_diffusion_agent][INFO] - approx_kl: 0.0, update_epoch: 3, num_batch: 4
[2026-10-10 09:32:47,241][agent.finetune.train_ppo_diffusion_agent][INFO] - approx_kl: 0.0, update_epoch: 3, num_batch: 4
[2026-10-10 09:32:49,053][agent.finetune.train_ppo_diffusion_agent][INFO] - approx_kl: 0.0, update_epoch: 3, num_batch: 4
[2026-10-10 09:32:50,675][agent.finetune.train_ppo_diffusion_agent][INFO] - approx_kl: 0.0, update_epoch: 4, num_batch: 4
[2026-10-10 09:32:52,376][agent.finetune.train_ppo_diffusion_agent][INFO] - approx_kl: 0.0, update_epoch: 4, num_batch: 4
[2026-10-10 09:32:54,082][agent.finetune.train_ppo_diffusion_agent][INFO] - approx_kl: 0.0, update_epoch: 4, num_batch: 4
[2026-10-10 09:32:55,869][agent.finetune.train_ppo_diffusion_agent][INFO] - approx_kl: 0.0, update_epoch: 4, num_batch: 4
[2026-10-10 09:33:02,726][agent.finetune.train_ppo_diffusion_agent][INFO] - 107: step  7760000 | loss   0.7642 | pg loss   0.7102 | value loss   0.1079 | bc loss   0.0000 | reward 3929.2841 | eta   1.0000 | t: 53.6777 | kl_true_per_action=0.00654635733525222 | logratio_p99=0.12503023862838744 | clamp_hit_frac=0.0007770833333333333 | actor_step_ratio=1.0 | actor_step_clipfrac=0.0
[2026-10-10 09:33:02,726][agent.finetune.stage3_support][INFO] - STAGE3_METRICS {"J_disc_train": 1419.5340190192544, "J_disc_train_se": 24.233747615698725, "action_oor_frac": 0.16344583333333335, "adv_raw_mean": 2.3283064365386964e-14, "adv_raw_std": 298.9276871895556, "diagnostics_seconds": 0.11168198101222515, "episode_count": 80, "explained_var": 0.6210106909275055, "explained_var_reason": null, "grad_cos_prev": 0.02523391330260849, "grad_cos_prev_reason": null, "grad_norm": 25.334396476460007, "policy_action_oor_frac": 0.16347708333333333, "proj_active": false, "reward_clip_frac": 0.0, "rollout_seconds": 12.18699443154037, "split_diff_sq": 2052.8209208946196, "split_dot": 128.62640053949258, "theta_dist": 0.07729694844219832, "theta_dist_preproj": 0.07729694844219832, "update_norm": 0.009201886562854526, "update_seconds": 41.37452925834805, "x0_sat_frac_last": 0.0837203302373581, "x0_sat_frac_mean": 0.0838013966673185}
Processed step 0 of 500
Processed step 10 of 500
Processed step 20 of 500
Processed step 30 of 500
Processed step 40 of 500
Processed step 50 of 500
Processed step 60 of 500
Processed step 70 of 500
Processed step 80 of 500
Processed step 90 of 500
Processed step 100 of 500
Processed step 110 of 500
Processed step 120 of 500
Processed step 130 of 500
Processed step 140 of 500
Processed step 150 of 500
Processed step 160 of 500
Processed step 170 of 500
Processed step 180 of 500
Processed step 190 of 500
Processed step 200 of 500
Processed step 210 of 500
Processed step 220 of 500
Processed step 230 of 500
Processed step 240 of 500
Processed step 250 of 500
Processed step 260 of 500
Processed step 270 of 500
Processed step 280 of 500
Processed step 290 of 500
Processed step 300 of 500
Processed step 310 of 500
Processed step 320 of 500
Processed step 330 of 500
Processed step 340 of 500
Processed step 350 of 500
Processed step 360 of 500
Processed step 370 of 500
Processed step 380 of 500
Processed step 390 of 500
Processed step 400 of 500
Processed step 410 of 500
Processed step 420 of 500
Processed step 430 of 500
Processed step 440 of 500
Processed step 450 of 500
Processed step 460 of 500
Processed step 470 of 500
Processed step 480 of 500
Processed step 490 of 500
[2026-10-10 09:33:16,714][agent.finetune.train_ppo_diffusion_agent][INFO] - approx_kl: 0.0, update_epoch: 0, num_batch: 4
[2026-10-10 09:33:18,411][agent.finetune.train_ppo_diffusion_agent][INFO] - approx_kl: 0.0, update_epoch: 0, num_batch: 4
[2026-10-10 09:33:20,118][agent.finetune.train_ppo_diffusion_agent][INFO] - approx_kl: 0.0, update_epoch: 0, num_batch: 4
[2026-10-10 09:33:21,872][agent.finetune.train_ppo_diffusion_agent][INFO] - approx_kl: 0.0, update_epoch: 0, num_batch: 4
[2026-10-10 09:33:23,420][agent.finetune.train_ppo_diffusion_agent][INFO] - approx_kl: 0.0, update_epoch: 1, num_batch: 4
[2026-10-10 09:33:25,047][agent.finetune.train_ppo_diffusion_agent][INFO] - approx_kl: 0.0, update_epoch: 1, num_batch: 4
[2026-10-10 09:33:26,713][agent.finetune.train_ppo_diffusion_agent][INFO] - approx_kl: 0.0, update_epoch: 1, num_batch: 4
[2026-10-10 09:33:28,522][agent.finetune.train_ppo_diffusion_agent][INFO] - approx_kl: 0.0, update_epoch: 1, num_batch: 4
[2026-10-10 09:33:30,169][agent.finetune.train_ppo_diffusion_agent][INFO] - approx_kl: 0.0, update_epoch: 2, num_batch: 4
[2026-10-10 09:33:31,892][agent.finetune.train_ppo_diffusion_agent][INFO] - approx_kl: 0.0, update_epoch: 2, num_batch: 4
[2026-10-10 09:33:33,641][agent.finetune.train_ppo_diffusion_agent][INFO] - approx_kl: 0.0, update_epoch: 2, num_batch: 4
[2026-10-10 09:33:35,443][agent.finetune.train_ppo_diffusion_agent][INFO] - approx_kl: 0.0, update_epoch: 2, num_batch: 4
[2026-10-10 09:33:37,069][agent.finetune.train_ppo_diffusion_agent][INFO] - approx_kl: 0.0, update_epoch: 3, num_batch: 4
[2026-10-10 09:33:38,788][agent.finetune.train_ppo_diffusion_agent][INFO] - approx_kl: 0.0, update_epoch: 3, num_batch: 4
[2026-10-10 09:33:40,532][agent.finetune.train_ppo_diffusion_agent][INFO] - approx_kl: 0.0, update_epoch: 3, num_batch: 4
[2026-10-10 09:33:42,332][agent.finetune.train_ppo_diffusion_agent][INFO] - approx_kl: 0.0, update_epoch: 3, num_batch: 4
[2026-10-10 09:33:43,992][agent.finetune.train_ppo_diffusion_agent][INFO] - approx_kl: 0.0, update_epoch: 4, num_batch: 4
[2026-10-10 09:33:45,691][agent.finetune.train_ppo_diffusion_agent][INFO] - approx_kl: 0.0, update_epoch: 4, num_batch: 4
[2026-10-10 09:33:47,441][agent.finetune.train_ppo_diffusion_agent][INFO] - approx_kl: 0.0, update_epoch: 4, num_batch: 4
[2026-10-10 09:33:49,231][agent.finetune.train_ppo_diffusion_agent][INFO] - approx_kl: 0.0, update_epoch: 4, num_batch: 4
[2026-10-10 09:33:56,150][agent.finetune.train_ppo_diffusion_agent][INFO] - 108: step  7840000 | loss   0.6772 | pg loss   0.6224 | value loss   0.1097 | bc loss   0.0000 | reward 4105.9889 | eta   1.0000 | t: 53.4241 | kl_true_per_action=0.0014823614226013731 | logratio_p99=0.05765966653823852 | clamp_hit_frac=0.00079375 | actor_step_ratio=1.0 | actor_step_clipfrac=0.0
[2026-10-10 09:33:56,150][agent.finetune.stage3_support][INFO] - STAGE3_METRICS {"J_disc_train": 1444.9955806446073, "J_disc_train_se": 16.76703207057165, "action_oor_frac": 0.16744583333333332, "adv_raw_mean": 7.275957614183426e-15, "adv_raw_std": 173.72646112099704, "diagnostics_seconds": 0.11193363554775715, "episode_count": 80, "explained_var": 0.25029832124710083, "explained_var_reason": null, "grad_cos_prev": -0.005185741223865144, "grad_cos_prev_reason": null, "grad_norm": 13.773179802909514, "policy_action_oor_frac": 0.16746666666666668, "proj_active": false, "reward_clip_frac": 0.0, "rollout_seconds": 12.197910491377115, "split_diff_sq": 754.45546894775, "split_dot": 1.086621379699761, "theta_dist": 0.07775864810277623, "theta_dist_preproj": 0.07775864810277623, "update_norm": 0.00500266330296343, "update_seconds": 41.109999895095825, "x0_sat_frac_last": 0.07747898438840281, "x0_sat_frac_mean": 0.08589577892058466}
Processed step 0 of 500
Processed step 10 of 500
Processed step 20 of 500
Processed step 30 of 500
Processed step 40 of 500
Processed step 50 of 500
Processed step 60 of 500
Processed step 70 of 500
Processed step 80 of 500
Processed step 90 of 500
Processed step 100 of 500
Processed step 110 of 500
Processed step 120 of 500
Processed step 130 of 500
Processed step 140 of 500
Processed step 150 of 500
Processed step 160 of 500
Processed step 170 of 500
Processed step 180 of 500
Processed step 190 of 500
Processed step 200 of 500
Processed step 210 of 500
Processed step 220 of 500
Processed step 230 of 500
Processed step 240 of 500
Processed step 250 of 500
Processed step 260 of 500
Processed step 270 of 500
Processed step 280 of 500
Processed step 290 of 500
Processed step 300 of 500
Processed step 310 of 500
Processed step 320 of 500
Processed step 330 of 500
Processed step 340 of 500
Processed step 350 of 500
Processed step 360 of 500
Processed step 370 of 500
Processed step 380 of 500
Processed step 390 of 500
Processed step 400 of 500
Processed step 410 of 500
Processed step 420 of 500
Processed step 430 of 500
Processed step 440 of 500
Processed step 450 of 500
Processed step 460 of 500
Processed step 470 of 500
Processed step 480 of 500
Processed step 490 of 500
[2026-10-10 09:34:10,055][agent.finetune.train_ppo_diffusion_agent][INFO] - approx_kl: 0.0, update_epoch: 0, num_batch: 4
[2026-10-10 09:34:11,769][agent.finetune.train_ppo_diffusion_agent][INFO] - approx_kl: 0.0, update_epoch: 0, num_batch: 4
[2026-10-10 09:34:13,482][agent.finetune.train_ppo_diffusion_agent][INFO] - approx_kl: 0.0, update_epoch: 0, num_batch: 4
[2026-10-10 09:34:15,272][agent.finetune.train_ppo_diffusion_agent][INFO] - approx_kl: 0.0, update_epoch: 0, num_batch: 4
[2026-10-10 09:34:16,877][agent.finetune.train_ppo_diffusion_agent][INFO] - approx_kl: 0.0, update_epoch: 1, num_batch: 4
[2026-10-10 09:34:18,572][agent.finetune.train_ppo_diffusion_agent][INFO] - approx_kl: 0.0, update_epoch: 1, num_batch: 4
[2026-10-10 09:34:20,230][agent.finetune.train_ppo_diffusion_agent][INFO] - approx_kl: 0.0, update_epoch: 1, num_batch: 4
[2026-10-10 09:34:21,954][agent.finetune.train_ppo_diffusion_agent][INFO] - approx_kl: 0.0, update_epoch: 1, num_batch: 4
[2026-10-10 09:34:23,530][agent.finetune.train_ppo_diffusion_agent][INFO] - approx_kl: 0.0, update_epoch: 2, num_batch: 4
[2026-10-10 09:34:25,244][agent.finetune.train_ppo_diffusion_agent][INFO] - approx_kl: 0.0, update_epoch: 2, num_batch: 4
[2026-10-10 09:34:26,959][agent.finetune.train_ppo_diffusion_agent][INFO] - approx_kl: 0.0, update_epoch: 2, num_batch: 4
[2026-10-10 09:34:28,747][agent.finetune.train_ppo_diffusion_agent][INFO] - approx_kl: 0.0, update_epoch: 2, num_batch: 4
[2026-10-10 09:34:30,376][agent.finetune.train_ppo_diffusion_agent][INFO] - approx_kl: 0.0, update_epoch: 3, num_batch: 4
[2026-10-10 09:34:32,071][agent.finetune.train_ppo_diffusion_agent][INFO] - approx_kl: 0.0, update_epoch: 3, num_batch: 4
[2026-10-10 09:34:33,766][agent.finetune.train_ppo_diffusion_agent][INFO] - approx_kl: 0.0, update_epoch: 3, num_batch: 4
[2026-10-10 09:34:35,554][agent.finetune.train_ppo_diffusion_agent][INFO] - approx_kl: 0.0, update_epoch: 3, num_batch: 4
[2026-10-10 09:34:37,166][agent.finetune.train_ppo_diffusion_agent][INFO] - approx_kl: 0.0, update_epoch: 4, num_batch: 4
[2026-10-10 09:34:38,889][agent.finetune.train_ppo_diffusion_agent][INFO] - approx_kl: 0.0, update_epoch: 4, num_batch: 4
[2026-10-10 09:34:40,582][agent.finetune.train_ppo_diffusion_agent][INFO] - approx_kl: 0.0, update_epoch: 4, num_batch: 4
[2026-10-10 09:34:42,376][agent.finetune.train_ppo_diffusion_agent][INFO] - approx_kl: 0.0, update_epoch: 4, num_batch: 4
[2026-10-10 09:34:49,250][agent.finetune.train_ppo_diffusion_agent][INFO] - 109: step  7920000 | loss   0.0684 | pg loss   0.0144 | value loss   0.1080 | bc loss   0.0000 | reward 4021.6312 | eta   1.0000 | t: 53.1004 | kl_true_per_action=0.002459402118206171 | logratio_p99=0.0685356509685514 | clamp_hit_frac=0.0007791666666666666 | actor_step_ratio=1.0 | actor_step_clipfrac=0.0
[2026-10-10 09:34:49,250][agent.finetune.stage3_support][INFO] - STAGE3_METRICS {"J_disc_train": 1436.1987400037674, "J_disc_train_se": 23.534475115992777, "action_oor_frac": 0.16488125, "adv_raw_mean": 1.673470251262188e-14, "adv_raw_std": 245.23482605442513, "diagnostics_seconds": 0.11382423993200064, "episode_count": 80, "explained_var": 0.4894382953643799, "explained_var_reason": null, "grad_cos_prev": -0.00694009031165056, "grad_cos_prev_reason": null, "grad_norm": 21.216142877970373, "policy_action_oor_frac": 0.16490625, "proj_active": false, "reward_clip_frac": 0.0, "rollout_seconds": 12.104096013121307, "split_diff_sq": 1761.8119919074782, "split_dot": 9.671724571360967, "theta_dist": 0.07832907017338568, "theta_dist_preproj": 0.07832907017338568, "update_norm": 0.007706070283359431, "update_seconds": 40.87718857079744, "x0_sat_frac_last": 0.0782565626547796, "x0_sat_frac_mean": 0.08377768110107087}
Processed step 0 of 500
Processed step 10 of 500
Processed step 20 of 500
Processed step 30 of 500
Processed step 40 of 500
Processed step 50 of 500
Processed step 60 of 500
Processed step 70 of 500
Processed step 80 of 500
Processed step 90 of 500
Processed step 100 of 500
Processed step 110 of 500
Processed step 120 of 500
Processed step 130 of 500
Processed step 140 of 500
Processed step 150 of 500
Processed step 160 of 500
Processed step 170 of 500
Processed step 180 of 500
Processed step 190 of 500
Processed step 200 of 500
Processed step 210 of 500
Processed step 220 of 500
Processed step 230 of 500
Processed step 240 of 500
Processed step 250 of 500
Processed step 260 of 500
Processed step 270 of 500
Processed step 280 of 500
Processed step 290 of 500
Processed step 300 of 500
Processed step 310 of 500
Processed step 320 of 500
Processed step 330 of 500
Processed step 340 of 500
Processed step 350 of 500
Processed step 360 of 500
Processed step 370 of 500
Processed step 380 of 500
Processed step 390 of 500
Processed step 400 of 500
Processed step 410 of 500
Processed step 420 of 500
Processed step 430 of 500
Processed step 440 of 500
Processed step 450 of 500
Processed step 460 of 500
Processed step 470 of 500
Processed step 480 of 500
Processed step 490 of 500
[2026-10-10 09:35:01,816][agent.finetune.train_ppo_diffusion_agent][INFO] - eval: success rate   1.0000 | avg episode reward 4444.5469 | avg best reward   6.5351
[2026-10-10 09:35:01,816][agent.finetune.stage3_support][INFO] - STAGE3_METRICS {"J_disc_eval": 1572.4194687820905, "J_disc_eval_se": 14.530476532123972, "action_oor_frac": 0.0, "diagnostics_seconds": 0.004276277497410774, "episode_count": 80, "policy_action_oor_frac": 0.0, "rollout_seconds": 12.556800407357514, "update_seconds": 0.0}
Processed step 0 of 500
Processed step 10 of 500
Processed step 20 of 500
Processed step 30 of 500
Processed step 40 of 500
Processed step 50 of 500
Processed step 60 of 500
Processed step 70 of 500
Processed step 80 of 500
Processed step 90 of 500
Processed step 100 of 500
Processed step 110 of 500
Processed step 120 of 500
Processed step 130 of 500
Processed step 140 of 500
Processed step 150 of 500
Processed step 160 of 500
Processed step 170 of 500
Processed step 180 of 500
Processed step 190 of 500
Processed step 200 of 500
Processed step 210 of 500
Processed step 220 of 500
Processed step 230 of 500
Processed step 240 of 500
Processed step 250 of 500
Processed step 260 of 500
Processed step 270 of 500
Processed step 280 of 500
Processed step 290 of 500
Processed step 300 of 500
Processed step 310 of 500
Processed step 320 of 500
Processed step 330 of 500
Processed step 340 of 500
Processed step 350 of 500
Processed step 360 of 500
Processed step 370 of 500
Processed step 380 of 500
Processed step 390 of 500
Processed step 400 of 500
Processed step 410 of 500
Processed step 420 of 500
Processed step 430 of 500
Processed step 440 of 500
Processed step 450 of 500
Processed step 460 of 500
Processed step 470 of 500
Processed step 480 of 500
Processed step 490 of 500
[2026-10-10 09:35:17,107][agent.finetune.train_ppo_diffusion_agent][INFO] - approx_kl: 0.0, update_epoch: 0, num_batch: 4
[2026-10-10 09:35:19,234][agent.finetune.train_ppo_diffusion_agent][INFO] - approx_kl: 0.0, update_epoch: 0, num_batch: 4
[2026-10-10 09:35:21,082][agent.finetune.train_ppo_diffusion_agent][INFO] - approx_kl: 0.0, update_epoch: 0, num_batch: 4
[2026-10-10 09:35:23,054][agent.finetune.train_ppo_diffusion_agent][INFO] - approx_kl: 0.0, update_epoch: 0, num_batch: 4
[2026-10-10 09:35:24,840][agent.finetune.train_ppo_diffusion_agent][INFO] - approx_kl: 0.0, update_epoch: 1, num_batch: 4
[2026-10-10 09:35:26,689][agent.finetune.train_ppo_diffusion_agent][INFO] - approx_kl: 0.0, update_epoch: 1, num_batch: 4
[2026-10-10 09:35:28,556][agent.finetune.train_ppo_diffusion_agent][INFO] - approx_kl: 0.0, update_epoch: 1, num_batch: 4
[2026-10-10 09:35:30,509][agent.finetune.train_ppo_diffusion_agent][INFO] - approx_kl: 0.0, update_epoch: 1, num_batch: 4
[2026-10-10 09:35:32,288][agent.finetune.train_ppo_diffusion_agent][INFO] - approx_kl: 0.0, update_epoch: 2, num_batch: 4
[2026-10-10 09:35:34,130][agent.finetune.train_ppo_diffusion_agent][INFO] - approx_kl: 0.0, update_epoch: 2, num_batch: 4
[2026-10-10 09:35:36,003][agent.finetune.train_ppo_diffusion_agent][INFO] - approx_kl: 0.0, update_epoch: 2, num_batch: 4
[2026-10-10 09:35:38,001][agent.finetune.train_ppo_diffusion_agent][INFO] - approx_kl: 0.0, update_epoch: 2, num_batch: 4
[2026-10-10 09:35:39,772][agent.finetune.train_ppo_diffusion_agent][INFO] - approx_kl: 0.0, update_epoch: 3, num_batch: 4
[2026-10-10 09:35:41,660][agent.finetune.train_ppo_diffusion_agent][INFO] - approx_kl: 0.0, update_epoch: 3, num_batch: 4
[2026-10-10 09:35:43,549][agent.finetune.train_ppo_diffusion_agent][INFO] - approx_kl: 0.0, update_epoch: 3, num_batch: 4
[2026-10-10 09:35:45,491][agent.finetune.train_ppo_diffusion_agent][INFO] - approx_kl: 0.0, update_epoch: 3, num_batch: 4
[2026-10-10 09:35:47,263][agent.finetune.train_ppo_diffusion_agent][INFO] - approx_kl: 0.0, update_epoch: 4, num_batch: 4
[2026-10-10 09:35:49,132][agent.finetune.train_ppo_diffusion_agent][INFO] - approx_kl: 0.0, update_epoch: 4, num_batch: 4
[2026-10-10 09:35:51,001][agent.finetune.train_ppo_diffusion_agent][INFO] - approx_kl: 0.0, update_epoch: 4, num_batch: 4
[2026-10-10 09:35:52,971][agent.finetune.train_ppo_diffusion_agent][INFO] - approx_kl: 0.0, update_epoch: 4, num_batch: 4
[2026-10-10 09:36:00,458][agent.finetune.train_ppo_diffusion_agent][INFO] - 111: step  8000000 | loss   0.5585 | pg loss   0.5033 | value loss   0.1105 | bc loss   0.0000 | reward 4110.1251 | eta   1.0000 | t: 58.6422 | kl_true_per_action=0.0034505999479540134 | logratio_p99=0.09362976789474446 | clamp_hit_frac=0.00073125 | actor_step_ratio=1.0 | actor_step_clipfrac=0.0
[2026-10-10 09:36:00,458][agent.finetune.stage3_support][INFO] - STAGE3_METRICS {"J_disc_train": 1445.2395347611741, "J_disc_train_se": 19.10340961776844, "action_oor_frac": 0.16837916666666666, "adv_raw_mean": -3.2741809263825414e-14, "adv_raw_std": 200.07792611333682, "diagnostics_seconds": 0.14084613602608442, "episode_count": 80, "explained_var": 0.3712623119354248, "explained_var_reason": null, "grad_cos_prev": 0.09165054997984859, "grad_cos_prev_reason": null, "grad_norm": 19.226650223980435, "policy_action_oor_frac": 0.16841041666666667, "proj_active": false, "reward_clip_frac": 0.0, "rollout_seconds": 13.168014638125896, "split_diff_sq": 1455.7877052792235, "split_dot": 5.717157175530776, "theta_dist": 0.07848885115326258, "theta_dist_preproj": 0.07848885115326258, "update_norm": 0.00698345519431865, "update_seconds": 45.32865840848535, "x0_sat_frac_last": 0.08570952142738035, "x0_sat_frac_mean": 0.08611398495899736}
Processed step 0 of 500
Processed step 10 of 500
Processed step 20 of 500
Processed step 30 of 500
Processed step 40 of 500
Processed step 50 of 500
Processed step 60 of 500
Processed step 70 of 500
Processed step 80 of 500
Processed step 90 of 500
Processed step 100 of 500
Processed step 110 of 500
Processed step 120 of 500
Processed step 130 of 500
Processed step 140 of 500
Processed step 150 of 500
Processed step 160 of 500
Processed step 170 of 500
Processed step 180 of 500
Processed step 190 of 500
Processed step 200 of 500
Processed step 210 of 500
Processed step 220 of 500
Processed step 230 of 500
Processed step 240 of 500
Processed step 250 of 500
Processed step 260 of 500
Processed step 270 of 500
Processed step 280 of 500
Processed step 290 of 500
Processed step 300 of 500
Processed step 310 of 500
Processed step 320 of 500
Processed step 330 of 500
Processed step 340 of 500
Processed step 350 of 500
Processed step 360 of 500
Processed step 370 of 500
Processed step 380 of 500
Processed step 390 of 500
Processed step 400 of 500
Processed step 410 of 500
Processed step 420 of 500
Processed step 430 of 500
Processed step 440 of 500
Processed step 450 of 500
Processed step 460 of 500
Processed step 470 of 500
Processed step 480 of 500
Processed step 490 of 500
[2026-10-10 09:36:14,799][agent.finetune.train_ppo_diffusion_agent][INFO] - approx_kl: 0.0, update_epoch: 0, num_batch: 4
[2026-10-10 09:36:16,715][agent.finetune.train_ppo_diffusion_agent][INFO] - approx_kl: 0.0, update_epoch: 0, num_batch: 4
[2026-10-10 09:36:18,541][agent.finetune.train_ppo_diffusion_agent][INFO] - approx_kl: 0.0, update_epoch: 0, num_batch: 4
[2026-10-10 09:36:20,152][agent.finetune.train_ppo_diffusion_agent][INFO] - approx_kl: 0.0, update_epoch: 0, num_batch: 4
[2026-10-10 09:36:21,868][agent.finetune.train_ppo_diffusion_agent][INFO] - approx_kl: 0.0, update_epoch: 1, num_batch: 4
[2026-10-10 09:36:23,479][agent.finetune.train_ppo_diffusion_agent][INFO] - approx_kl: 0.0, update_epoch: 1, num_batch: 4
[2026-10-10 09:36:25,245][agent.finetune.train_ppo_diffusion_agent][INFO] - approx_kl: 0.0, update_epoch: 1, num_batch: 4
[2026-10-10 09:36:26,804][agent.finetune.train_ppo_diffusion_agent][INFO] - approx_kl: 0.0, update_epoch: 1, num_batch: 4
[2026-10-10 09:36:28,564][agent.finetune.train_ppo_diffusion_agent][INFO] - approx_kl: 0.0, update_epoch: 2, num_batch: 4
[2026-10-10 09:36:30,269][agent.finetune.train_ppo_diffusion_agent][INFO] - approx_kl: 0.0, update_epoch: 2, num_batch: 4
[2026-10-10 09:36:32,100][agent.finetune.train_ppo_diffusion_agent][INFO] - approx_kl: 0.0, update_epoch: 2, num_batch: 4
[2026-10-10 09:36:33,719][agent.finetune.train_ppo_diffusion_agent][INFO] - approx_kl: 0.0, update_epoch: 2, num_batch: 4
[2026-10-10 09:36:35,437][agent.finetune.train_ppo_diffusion_agent][INFO] - approx_kl: 0.0, update_epoch: 3, num_batch: 4
[2026-10-10 09:36:37,008][agent.finetune.train_ppo_diffusion_agent][INFO] - approx_kl: 0.0, update_epoch: 3, num_batch: 4
[2026-10-10 09:36:38,833][agent.finetune.train_ppo_diffusion_agent][INFO] - approx_kl: 0.0, update_epoch: 3, num_batch: 4
[2026-10-10 09:36:40,486][agent.finetune.train_ppo_diffusion_agent][INFO] - approx_kl: 0.0, update_epoch: 3, num_batch: 4
[2026-10-10 09:36:42,237][agent.finetune.train_ppo_diffusion_agent][INFO] - approx_kl: 0.0, update_epoch: 4, num_batch: 4
[2026-10-10 09:36:43,959][agent.finetune.train_ppo_diffusion_agent][INFO] - approx_kl: 0.0, update_epoch: 4, num_batch: 4
[2026-10-10 09:36:45,808][agent.finetune.train_ppo_diffusion_agent][INFO] - approx_kl: 0.0, update_epoch: 4, num_batch: 4
[2026-10-10 09:36:47,453][agent.finetune.train_ppo_diffusion_agent][INFO] - approx_kl: 0.0, update_epoch: 4, num_batch: 4
[2026-10-10 09:36:54,467][agent.finetune.train_ppo_diffusion_agent][INFO] - 112: step  8080000 | loss   2.1559 | pg loss   2.1033 | value loss   0.1052 | bc loss   0.0000 | reward 3928.2015 | eta   1.0000 | t: 54.0091 | kl_true_per_action=0.005278939354997071 | logratio_p99=0.10844829440116882 | clamp_hit_frac=0.0008208333333333334 | actor_step_ratio=1.0 | actor_step_clipfrac=0.0
[2026-10-10 09:36:54,467][agent.finetune.stage3_support][INFO] - STAGE3_METRICS {"J_disc_train": 1401.1011325333775, "J_disc_train_se": 25.473166908083083, "action_oor_frac": 0.15998541666666666, "adv_raw_mean": -1.1641532182693482e-14, "adv_raw_std": 280.0914549042008, "diagnostics_seconds": 0.12072182167321444, "episode_count": 80, "explained_var": 0.564738005399704, "explained_var_reason": null, "grad_cos_prev": -0.004161691494323689, "grad_cos_prev_reason": null, "grad_norm": 24.96883342119106, "policy_action_oor_frac": 0.16003958333333335, "proj_active": false, "reward_clip_frac": 0.0, "rollout_seconds": 12.393018309026957, "split_diff_sq": 2419.7545215614405, "split_dot": 18.50402172086985, "theta_dist": 0.07966009605793407, "theta_dist_preproj": 0.07966009605793407, "update_norm": 0.0090691193085053, "update_seconds": 41.49127761088312, "x0_sat_frac_last": 0.07169057039235081, "x0_sat_frac_mean": 0.0812370776724901}
Processed step 0 of 500
Processed step 10 of 500
Processed step 20 of 500
Processed step 30 of 500
Processed step 40 of 500
Processed step 50 of 500
Processed step 60 of 500
Processed step 70 of 500
Processed step 80 of 500
Processed step 90 of 500
Processed step 100 of 500
Processed step 110 of 500
Processed step 120 of 500
Processed step 130 of 500
Processed step 140 of 500
Processed step 150 of 500
Processed step 160 of 500
Processed step 170 of 500
Processed step 180 of 500
Processed step 190 of 500
Processed step 200 of 500
Processed step 210 of 500
Processed step 220 of 500
Processed step 230 of 500
Processed step 240 of 500
Processed step 250 of 500
Processed step 260 of 500
Processed step 270 of 500
Processed step 280 of 500
Processed step 290 of 500
Processed step 300 of 500
Processed step 310 of 500
Processed step 320 of 500
Processed step 330 of 500
Processed step 340 of 500
Processed step 350 of 500
Processed step 360 of 500
Processed step 370 of 500
Processed step 380 of 500
Processed step 390 of 500
Processed step 400 of 500
Processed step 410 of 500
Processed step 420 of 500
Processed step 430 of 500
Processed step 440 of 500
Processed step 450 of 500
Processed step 460 of 500
Processed step 470 of 500
Processed step 480 of 500
Processed step 490 of 500
[2026-10-10 09:37:08,868][agent.finetune.train_ppo_diffusion_agent][INFO] - approx_kl: 0.0, update_epoch: 0, num_batch: 4
[2026-10-10 09:37:10,479][agent.finetune.train_ppo_diffusion_agent][INFO] - approx_kl: 0.0, update_epoch: 0, num_batch: 4
[2026-10-10 09:37:12,175][agent.finetune.train_ppo_diffusion_agent][INFO] - approx_kl: 0.0, update_epoch: 0, num_batch: 4
[2026-10-10 09:37:13,700][agent.finetune.train_ppo_diffusion_agent][INFO] - approx_kl: 0.0, update_epoch: 0, num_batch: 4
[2026-10-10 09:37:15,335][agent.finetune.train_ppo_diffusion_agent][INFO] - approx_kl: 0.0, update_epoch: 1, num_batch: 4
[2026-10-10 09:37:16,982][agent.finetune.train_ppo_diffusion_agent][INFO] - approx_kl: 0.0, update_epoch: 1, num_batch: 4
[2026-10-10 09:37:18,719][agent.finetune.train_ppo_diffusion_agent][INFO] - approx_kl: 0.0, update_epoch: 1, num_batch: 4
[2026-10-10 09:37:20,195][agent.finetune.train_ppo_diffusion_agent][INFO] - approx_kl: 0.0, update_epoch: 1, num_batch: 4
[2026-10-10 09:37:21,766][agent.finetune.train_ppo_diffusion_agent][INFO] - approx_kl: 0.0, update_epoch: 2, num_batch: 4
[2026-10-10 09:37:23,325][agent.finetune.train_ppo_diffusion_agent][INFO] - approx_kl: 0.0, update_epoch: 2, num_batch: 4
[2026-10-10 09:37:24,946][agent.finetune.train_ppo_diffusion_agent][INFO] - approx_kl: 0.0, update_epoch: 2, num_batch: 4
[2026-10-10 09:37:26,421][agent.finetune.train_ppo_diffusion_agent][INFO] - approx_kl: 0.0, update_epoch: 2, num_batch: 4
[2026-10-10 09:37:28,041][agent.finetune.train_ppo_diffusion_agent][INFO] - approx_kl: 0.0, update_epoch: 3, num_batch: 4
[2026-10-10 09:37:29,759][agent.finetune.train_ppo_diffusion_agent][INFO] - approx_kl: 0.0, update_epoch: 3, num_batch: 4
[2026-10-10 09:37:31,569][agent.finetune.train_ppo_diffusion_agent][INFO] - approx_kl: 0.0, update_epoch: 3, num_batch: 4
[2026-10-10 09:37:33,187][agent.finetune.train_ppo_diffusion_agent][INFO] - approx_kl: 0.0, update_epoch: 3, num_batch: 4
[2026-10-10 09:37:34,886][agent.finetune.train_ppo_diffusion_agent][INFO] - approx_kl: 0.0, update_epoch: 4, num_batch: 4
[2026-10-10 09:37:36,593][agent.finetune.train_ppo_diffusion_agent][INFO] - approx_kl: 0.0, update_epoch: 4, num_batch: 4
[2026-10-10 09:37:38,405][agent.finetune.train_ppo_diffusion_agent][INFO] - approx_kl: 0.0, update_epoch: 4, num_batch: 4
[2026-10-10 09:37:40,028][agent.finetune.train_ppo_diffusion_agent][INFO] - approx_kl: 0.0, update_epoch: 4, num_batch: 4
[2026-10-10 09:37:46,879][agent.finetune.train_ppo_diffusion_agent][INFO] - 113: step  8160000 | loss   0.1054 | pg loss   0.0502 | value loss   0.1103 | bc loss   0.0000 | reward 4165.3598 | eta   1.0000 | t: 52.4119 | kl_true_per_action=0.0012893197652614902 | logratio_p99=0.05031310617923733 | clamp_hit_frac=0.00075 | actor_step_ratio=1.0 | actor_step_clipfrac=0.0
[2026-10-10 09:37:46,879][agent.finetune.stage3_support][INFO] - STAGE3_METRICS {"J_disc_train": 1474.8692037680112, "J_disc_train_se": 15.066409822591034, "action_oor_frac": 0.168475, "adv_raw_mean": -1.4551915228366852e-14, "adv_raw_std": 174.84557065723996, "diagnostics_seconds": 0.13203448336571455, "episode_count": 80, "explained_var": 0.2774604558944702, "explained_var_reason": null, "grad_cos_prev": 0.021986473721603988, "grad_cos_prev_reason": null, "grad_norm": 13.957811939895207, "policy_action_oor_frac": 0.16850625, "proj_active": false, "reward_clip_frac": 0.0, "rollout_seconds": 12.518842450343072, "split_diff_sq": 820.6697489269924, "split_dot": -10.346920594959997, "theta_dist": 0.07985813800437971, "theta_dist_preproj": 0.07985813800437971, "update_norm": 0.005069720391360336, "update_seconds": 39.756311976350844, "x0_sat_frac_last": 0.08376865671641791, "x0_sat_frac_mean": 0.08552961149136769}
Processed step 0 of 500
Processed step 10 of 500
Processed step 20 of 500
Processed step 30 of 500
Processed step 40 of 500
Processed step 50 of 500
Processed step 60 of 500
Processed step 70 of 500
Processed step 80 of 500
Processed step 90 of 500
Processed step 100 of 500
Processed step 110 of 500
Processed step 120 of 500
Processed step 130 of 500
Processed step 140 of 500
Processed step 150 of 500
Processed step 160 of 500
Processed step 170 of 500
Processed step 180 of 500
Processed step 190 of 500
Processed step 200 of 500
Processed step 210 of 500
Processed step 220 of 500
Processed step 230 of 500
Processed step 240 of 500
Processed step 250 of 500
Processed step 260 of 500
Processed step 270 of 500
Processed step 280 of 500
Processed step 290 of 500
Processed step 300 of 500
Processed step 310 of 500
Processed step 320 of 500
Processed step 330 of 500
Processed step 340 of 500
Processed step 350 of 500
Processed step 360 of 500
Processed step 370 of 500
Processed step 380 of 500
Processed step 390 of 500
Processed step 400 of 500
Processed step 410 of 500
Processed step 420 of 500
Processed step 430 of 500
Processed step 440 of 500
Processed step 450 of 500
Processed step 460 of 500
Processed step 470 of 500
Processed step 480 of 500
Processed step 490 of 500
[2026-10-10 09:38:01,072][agent.finetune.train_ppo_diffusion_agent][INFO] - approx_kl: 0.0, update_epoch: 0, num_batch: 4
[2026-10-10 09:38:02,811][agent.finetune.train_ppo_diffusion_agent][INFO] - approx_kl: 0.0, update_epoch: 0, num_batch: 4
[2026-10-10 09:38:04,662][agent.finetune.train_ppo_diffusion_agent][INFO] - approx_kl: 0.0, update_epoch: 0, num_batch: 4
[2026-10-10 09:38:06,303][agent.finetune.train_ppo_diffusion_agent][INFO] - approx_kl: 0.0, update_epoch: 0, num_batch: 4
[2026-10-10 09:38:08,047][agent.finetune.train_ppo_diffusion_agent][INFO] - approx_kl: 0.0, update_epoch: 1, num_batch: 4
[2026-10-10 09:38:09,881][agent.finetune.train_ppo_diffusion_agent][INFO] - approx_kl: 0.0, update_epoch: 1, num_batch: 4
[2026-10-10 09:38:11,520][agent.finetune.train_ppo_diffusion_agent][INFO] - approx_kl: 0.0, update_epoch: 1, num_batch: 4
[2026-10-10 09:38:13,276][agent.finetune.train_ppo_diffusion_agent][INFO] - approx_kl: 0.0, update_epoch: 1, num_batch: 4
[2026-10-10 09:38:15,010][agent.finetune.train_ppo_diffusion_agent][INFO] - approx_kl: 0.0, update_epoch: 2, num_batch: 4
[2026-10-10 09:38:16,838][agent.finetune.train_ppo_diffusion_agent][INFO] - approx_kl: 0.0, update_epoch: 2, num_batch: 4
[2026-10-10 09:38:18,488][agent.finetune.train_ppo_diffusion_agent][INFO] - approx_kl: 0.0, update_epoch: 2, num_batch: 4
[2026-10-10 09:38:20,242][agent.finetune.train_ppo_diffusion_agent][INFO] - approx_kl: 0.0, update_epoch: 2, num_batch: 4
[2026-10-10 09:38:22,062][agent.finetune.train_ppo_diffusion_agent][INFO] - approx_kl: 0.0, update_epoch: 3, num_batch: 4
[2026-10-10 09:38:23,892][agent.finetune.train_ppo_diffusion_agent][INFO] - approx_kl: 0.0, update_epoch: 3, num_batch: 4
[2026-10-10 09:38:25,540][agent.finetune.train_ppo_diffusion_agent][INFO] - approx_kl: 0.0, update_epoch: 3, num_batch: 4
[2026-10-10 09:38:27,271][agent.finetune.train_ppo_diffusion_agent][INFO] - approx_kl: 0.0, update_epoch: 3, num_batch: 4
[2026-10-10 09:38:29,011][agent.finetune.train_ppo_diffusion_agent][INFO] - approx_kl: 0.0, update_epoch: 4, num_batch: 4
[2026-10-10 09:38:30,840][agent.finetune.train_ppo_diffusion_agent][INFO] - approx_kl: 0.0, update_epoch: 4, num_batch: 4
[2026-10-10 09:38:32,468][agent.finetune.train_ppo_diffusion_agent][INFO] - approx_kl: 0.0, update_epoch: 4, num_batch: 4
[2026-10-10 09:38:34,230][agent.finetune.train_ppo_diffusion_agent][INFO] - approx_kl: 0.0, update_epoch: 4, num_batch: 4
[2026-10-10 09:38:41,156][agent.finetune.train_ppo_diffusion_agent][INFO] - 114: step  8240000 | loss   0.4165 | pg loss   0.3634 | value loss   0.1062 | bc loss   0.0000 | reward 4130.6363 | eta   1.0000 | t: 54.2772 | kl_true_per_action=0.0019330883143180173 | logratio_p99=0.060771473646163615 | clamp_hit_frac=0.0008020833333333334 | actor_step_ratio=1.0 | actor_step_clipfrac=0.0
[2026-10-10 09:38:41,156][agent.finetune.stage3_support][INFO] - STAGE3_METRICS {"J_disc_train": 1449.3215662650118, "J_disc_train_se": 19.02503700501929, "action_oor_frac": 0.16897291666666667, "adv_raw_mean": 3.2378011383116245e-14, "adv_raw_std": 199.68467469078766, "diagnostics_seconds": 0.11419140454381704, "episode_count": 80, "explained_var": 0.3291831612586975, "explained_var_reason": null, "grad_cos_prev": 0.01118946499763365, "grad_cos_prev_reason": null, "grad_norm": 18.559982410809646, "policy_action_oor_frac": 0.169, "proj_active": false, "reward_clip_frac": 0.0, "rollout_seconds": 12.214998718351126, "split_diff_sq": 1387.743580844042, "split_dot": -2.4629484485464346, "theta_dist": 0.0803625568200639, "theta_dist_preproj": 0.0803625568200639, "update_norm": 0.006741299412980118, "update_seconds": 41.943821541033685, "x0_sat_frac_last": 0.08657571163887486, "x0_sat_frac_mean": 0.08636191837199292}
Processed step 0 of 500
Processed step 10 of 500
Processed step 20 of 500
Processed step 30 of 500
Processed step 40 of 500
Processed step 50 of 500
Processed step 60 of 500
Processed step 70 of 500
Processed step 80 of 500
Processed step 90 of 500
Processed step 100 of 500
Processed step 110 of 500
Processed step 120 of 500
Processed step 130 of 500
Processed step 140 of 500
Processed step 150 of 500
Processed step 160 of 500
Processed step 170 of 500
Processed step 180 of 500
Processed step 190 of 500
Processed step 200 of 500
Processed step 210 of 500
Processed step 220 of 500
Processed step 230 of 500
Processed step 240 of 500
Processed step 250 of 500
Processed step 260 of 500
Processed step 270 of 500
Processed step 280 of 500
Processed step 290 of 500
Processed step 300 of 500
Processed step 310 of 500
Processed step 320 of 500
Processed step 330 of 500
Processed step 340 of 500
Processed step 350 of 500
Processed step 360 of 500
Processed step 370 of 500
Processed step 380 of 500
Processed step 390 of 500
Processed step 400 of 500
Processed step 410 of 500
Processed step 420 of 500
Processed step 430 of 500
Processed step 440 of 500
Processed step 450 of 500
Processed step 460 of 500
Processed step 470 of 500
Processed step 480 of 500
Processed step 490 of 500
[2026-10-10 09:38:55,133][agent.finetune.train_ppo_diffusion_agent][INFO] - approx_kl: 0.0, update_epoch: 0, num_batch: 4
[2026-10-10 09:38:56,908][agent.finetune.train_ppo_diffusion_agent][INFO] - approx_kl: 0.0, update_epoch: 0, num_batch: 4
[2026-10-10 09:38:58,477][agent.finetune.train_ppo_diffusion_agent][INFO] - approx_kl: 0.0, update_epoch: 0, num_batch: 4
[2026-10-10 09:39:00,137][agent.finetune.train_ppo_diffusion_agent][INFO] - approx_kl: 0.0, update_epoch: 0, num_batch: 4
[2026-10-10 09:39:01,808][agent.finetune.train_ppo_diffusion_agent][INFO] - approx_kl: 0.0, update_epoch: 1, num_batch: 4
[2026-10-10 09:39:03,614][agent.finetune.train_ppo_diffusion_agent][INFO] - approx_kl: 0.0, update_epoch: 1, num_batch: 4
[2026-10-10 09:39:05,263][agent.finetune.train_ppo_diffusion_agent][INFO] - approx_kl: 0.0, update_epoch: 1, num_batch: 4
[2026-10-10 09:39:06,996][agent.finetune.train_ppo_diffusion_agent][INFO] - approx_kl: 0.0, update_epoch: 1, num_batch: 4
[2026-10-10 09:39:08,736][agent.finetune.train_ppo_diffusion_agent][INFO] - approx_kl: 0.0, update_epoch: 2, num_batch: 4
[2026-10-10 09:39:10,555][agent.finetune.train_ppo_diffusion_agent][INFO] - approx_kl: 0.0, update_epoch: 2, num_batch: 4
[2026-10-10 09:39:12,195][agent.finetune.train_ppo_diffusion_agent][INFO] - approx_kl: 0.0, update_epoch: 2, num_batch: 4
[2026-10-10 09:39:13,913][agent.finetune.train_ppo_diffusion_agent][INFO] - approx_kl: 0.0, update_epoch: 2, num_batch: 4
[2026-10-10 09:39:15,660][agent.finetune.train_ppo_diffusion_agent][INFO] - approx_kl: 0.0, update_epoch: 3, num_batch: 4
[2026-10-10 09:39:17,473][agent.finetune.train_ppo_diffusion_agent][INFO] - approx_kl: 0.0, update_epoch: 3, num_batch: 4
[2026-10-10 09:39:19,120][agent.finetune.train_ppo_diffusion_agent][INFO] - approx_kl: 0.0, update_epoch: 3, num_batch: 4
[2026-10-10 09:39:20,863][agent.finetune.train_ppo_diffusion_agent][INFO] - approx_kl: 0.0, update_epoch: 3, num_batch: 4
[2026-10-10 09:39:22,598][agent.finetune.train_ppo_diffusion_agent][INFO] - approx_kl: 0.0, update_epoch: 4, num_batch: 4
[2026-10-10 09:39:24,407][agent.finetune.train_ppo_diffusion_agent][INFO] - approx_kl: 0.0, update_epoch: 4, num_batch: 4
[2026-10-10 09:39:26,054][agent.finetune.train_ppo_diffusion_agent][INFO] - approx_kl: 0.0, update_epoch: 4, num_batch: 4
[2026-10-10 09:39:27,776][agent.finetune.train_ppo_diffusion_agent][INFO] - approx_kl: 0.0, update_epoch: 4, num_batch: 4
[2026-10-10 09:39:34,738][agent.finetune.train_ppo_diffusion_agent][INFO] - 115: step  8320000 | loss  -0.6032 | pg loss  -0.6567 | value loss   0.1071 | bc loss   0.0000 | reward 4083.0142 | eta   1.0000 | t: 53.5818 | kl_true_per_action=0.0019825577072598737 | logratio_p99=0.06305915951728801 | clamp_hit_frac=0.0008625 | actor_step_ratio=1.0 | actor_step_clipfrac=0.0
[2026-10-10 09:39:34,738][agent.finetune.stage3_support][INFO] - STAGE3_METRICS {"J_disc_train": 1449.1906572016123, "J_disc_train_se": 17.36209461981926, "action_oor_frac": 0.166875, "adv_raw_mean": 1.0913936421275139e-14, "adv_raw_std": 226.5003191744853, "diagnostics_seconds": 0.11439288593828678, "episode_count": 80, "explained_var": 0.43426239490509033, "explained_var_reason": null, "grad_cos_prev": -0.025772066855657534, "grad_cos_prev_reason": null, "grad_norm": 17.90473238612335, "policy_action_oor_frac": 0.1669, "proj_active": false, "reward_clip_frac": 0.0, "rollout_seconds": 12.06470415275544, "split_diff_sq": 1252.2593153363628, "split_dot": 7.514597102446042, "theta_dist": 0.08084199799930003, "theta_dist_preproj": 0.08084199799930003, "update_norm": 0.006503316947382152, "update_seconds": 41.39824934396893, "x0_sat_frac_last": 0.08573481116584565, "x0_sat_frac_mean": 0.08484877786073032}
Processed step 0 of 500
Processed step 10 of 500
Processed step 20 of 500
Processed step 30 of 500
Processed step 40 of 500
Processed step 50 of 500
Processed step 60 of 500
Processed step 70 of 500
Processed step 80 of 500
Processed step 90 of 500
Processed step 100 of 500
Processed step 110 of 500
Processed step 120 of 500
Processed step 130 of 500
Processed step 140 of 500
Processed step 150 of 500
Processed step 160 of 500
Processed step 170 of 500
Processed step 180 of 500
Processed step 190 of 500
Processed step 200 of 500
Processed step 210 of 500
Processed step 220 of 500
Processed step 230 of 500
Processed step 240 of 500
Processed step 250 of 500
Processed step 260 of 500
Processed step 270 of 500
Processed step 280 of 500
Processed step 290 of 500
Processed step 300 of 500
Processed step 310 of 500
Processed step 320 of 500
Processed step 330 of 500
Processed step 340 of 500
Processed step 350 of 500
Processed step 360 of 500
Processed step 370 of 500
Processed step 380 of 500
Processed step 390 of 500
Processed step 400 of 500
Processed step 410 of 500
Processed step 420 of 500
Processed step 430 of 500
Processed step 440 of 500
Processed step 450 of 500
Processed step 460 of 500
Processed step 470 of 500
Processed step 480 of 500
Processed step 490 of 500
[2026-10-10 09:39:49,978][agent.finetune.train_ppo_diffusion_agent][INFO] - approx_kl: 0.0, update_epoch: 0, num_batch: 4
[2026-10-10 09:39:51,844][agent.finetune.train_ppo_diffusion_agent][INFO] - approx_kl: 0.0, update_epoch: 0, num_batch: 4
[2026-10-10 09:39:53,508][agent.finetune.train_ppo_diffusion_agent][INFO] - approx_kl: 0.0, update_epoch: 0, num_batch: 4
[2026-10-10 09:39:55,245][agent.finetune.train_ppo_diffusion_agent][INFO] - approx_kl: 0.0, update_epoch: 0, num_batch: 4
[2026-10-10 09:39:56,972][agent.finetune.train_ppo_diffusion_agent][INFO] - approx_kl: 0.0, update_epoch: 1, num_batch: 4
[2026-10-10 09:39:58,813][agent.finetune.train_ppo_diffusion_agent][INFO] - approx_kl: 0.0, update_epoch: 1, num_batch: 4
[2026-10-10 09:40:00,458][agent.finetune.train_ppo_diffusion_agent][INFO] - approx_kl: 0.0, update_epoch: 1, num_batch: 4
[2026-10-10 09:40:02,210][agent.finetune.train_ppo_diffusion_agent][INFO] - approx_kl: 0.0, update_epoch: 1, num_batch: 4
[2026-10-10 09:40:03,930][agent.finetune.train_ppo_diffusion_agent][INFO] - approx_kl: 0.0, update_epoch: 2, num_batch: 4
[2026-10-10 09:40:05,775][agent.finetune.train_ppo_diffusion_agent][INFO] - approx_kl: 0.0, update_epoch: 2, num_batch: 4
[2026-10-10 09:40:07,416][agent.finetune.train_ppo_diffusion_agent][INFO] - approx_kl: 0.0, update_epoch: 2, num_batch: 4
[2026-10-10 09:40:09,143][agent.finetune.train_ppo_diffusion_agent][INFO] - approx_kl: 0.0, update_epoch: 2, num_batch: 4
[2026-10-10 09:40:10,897][agent.finetune.train_ppo_diffusion_agent][INFO] - approx_kl: 0.0, update_epoch: 3, num_batch: 4
[2026-10-10 09:40:12,714][agent.finetune.train_ppo_diffusion_agent][INFO] - approx_kl: 0.0, update_epoch: 3, num_batch: 4
[2026-10-10 09:40:14,367][agent.finetune.train_ppo_diffusion_agent][INFO] - approx_kl: 0.0, update_epoch: 3, num_batch: 4
[2026-10-10 09:40:16,111][agent.finetune.train_ppo_diffusion_agent][INFO] - approx_kl: 0.0, update_epoch: 3, num_batch: 4
[2026-10-10 09:40:17,834][agent.finetune.train_ppo_diffusion_agent][INFO] - approx_kl: 0.0, update_epoch: 4, num_batch: 4
[2026-10-10 09:40:19,668][agent.finetune.train_ppo_diffusion_agent][INFO] - approx_kl: 0.0, update_epoch: 4, num_batch: 4
[2026-10-10 09:40:21,309][agent.finetune.train_ppo_diffusion_agent][INFO] - approx_kl: 0.0, update_epoch: 4, num_batch: 4
[2026-10-10 09:40:23,036][agent.finetune.train_ppo_diffusion_agent][INFO] - approx_kl: 0.0, update_epoch: 4, num_batch: 4
[2026-10-10 09:40:30,009][agent.finetune.train_ppo_diffusion_agent][INFO] - 116: step  8400000 | loss   0.2814 | pg loss   0.2282 | value loss   0.1064 | bc loss   0.0000 | reward 4130.4737 | eta   1.0000 | t: 55.2712 | kl_true_per_action=0.001065943105630863 | logratio_p99=0.04576718211174009 | clamp_hit_frac=0.00081875 | actor_step_ratio=1.0 | actor_step_clipfrac=0.0
[2026-10-10 09:40:30,009][agent.finetune.stage3_support][INFO] - STAGE3_METRICS {"J_disc_train": 1466.4758123705137, "J_disc_train_se": 15.072400386711339, "action_oor_frac": 0.16865625, "adv_raw_mean": 1.673470251262188e-14, "adv_raw_std": 178.9184277245888, "diagnostics_seconds": 0.14090342354029417, "episode_count": 80, "explained_var": 0.2949374318122864, "explained_var_reason": null, "grad_cos_prev": 0.028412435911798355, "grad_cos_prev_reason": null, "grad_norm": 13.30588514515343, "policy_action_oor_frac": 0.16866666666666666, "proj_active": false, "reward_clip_frac": 0.0, "rollout_seconds": 13.236558681353927, "split_diff_sq": 686.3275505158756, "split_dot": 5.4646952456038616, "theta_dist": 0.08070296246131174, "theta_dist_preproj": 0.08070296246131174, "update_norm": 0.0048329324896365265, "update_seconds": 41.88962389342487, "x0_sat_frac_last": 0.0823222109875295, "x0_sat_frac_mean": 0.08562522959711194}
Processed step 0 of 500
Processed step 10 of 500
Processed step 20 of 500
Processed step 30 of 500
Processed step 40 of 500
Processed step 50 of 500
Processed step 60 of 500
Processed step 70 of 500
Processed step 80 of 500
Processed step 90 of 500
Processed step 100 of 500
Processed step 110 of 500
Processed step 120 of 500
Processed step 130 of 500
Processed step 140 of 500
Processed step 150 of 500
Processed step 160 of 500
Processed step 170 of 500
Processed step 180 of 500
Processed step 190 of 500
Processed step 200 of 500
Processed step 210 of 500
Processed step 220 of 500
Processed step 230 of 500
Processed step 240 of 500
Processed step 250 of 500
Processed step 260 of 500
Processed step 270 of 500
Processed step 280 of 500
Processed step 290 of 500
Processed step 300 of 500
Processed step 310 of 500
Processed step 320 of 500
Processed step 330 of 500
Processed step 340 of 500
Processed step 350 of 500
Processed step 360 of 500
Processed step 370 of 500
Processed step 380 of 500
Processed step 390 of 500
Processed step 400 of 500
Processed step 410 of 500
Processed step 420 of 500
Processed step 430 of 500
Processed step 440 of 500
Processed step 450 of 500
Processed step 460 of 500
Processed step 470 of 500
Processed step 480 of 500
Processed step 490 of 500
[2026-10-10 09:40:45,526][agent.finetune.train_ppo_diffusion_agent][INFO] - approx_kl: 0.0, update_epoch: 0, num_batch: 4
[2026-10-10 09:40:47,361][agent.finetune.train_ppo_diffusion_agent][INFO] - approx_kl: 0.0, update_epoch: 0, num_batch: 4
[2026-10-10 09:40:49,012][agent.finetune.train_ppo_diffusion_agent][INFO] - approx_kl: 0.0, update_epoch: 0, num_batch: 4
[2026-10-10 09:40:50,751][agent.finetune.train_ppo_diffusion_agent][INFO] - approx_kl: 0.0, update_epoch: 0, num_batch: 4
[2026-10-10 09:40:52,485][agent.finetune.train_ppo_diffusion_agent][INFO] - approx_kl: 0.0, update_epoch: 1, num_batch: 4
[2026-10-10 09:40:54,329][agent.finetune.train_ppo_diffusion_agent][INFO] - approx_kl: 0.0, update_epoch: 1, num_batch: 4
[2026-10-10 09:40:56,004][agent.finetune.train_ppo_diffusion_agent][INFO] - approx_kl: 0.0, update_epoch: 1, num_batch: 4
[2026-10-10 09:40:57,740][agent.finetune.train_ppo_diffusion_agent][INFO] - approx_kl: 0.0, update_epoch: 1, num_batch: 4
[2026-10-10 09:40:59,470][agent.finetune.train_ppo_diffusion_agent][INFO] - approx_kl: 0.0, update_epoch: 2, num_batch: 4
[2026-10-10 09:41:01,304][agent.finetune.train_ppo_diffusion_agent][INFO] - approx_kl: 0.0, update_epoch: 2, num_batch: 4
[2026-10-10 09:41:02,955][agent.finetune.train_ppo_diffusion_agent][INFO] - approx_kl: 0.0, update_epoch: 2, num_batch: 4
[2026-10-10 09:41:04,669][agent.finetune.train_ppo_diffusion_agent][INFO] - approx_kl: 0.0, update_epoch: 2, num_batch: 4
[2026-10-10 09:41:06,407][agent.finetune.train_ppo_diffusion_agent][INFO] - approx_kl: 0.0, update_epoch: 3, num_batch: 4
[2026-10-10 09:41:08,232][agent.finetune.train_ppo_diffusion_agent][INFO] - approx_kl: 0.0, update_epoch: 3, num_batch: 4
[2026-10-10 09:41:09,885][agent.finetune.train_ppo_diffusion_agent][INFO] - approx_kl: 0.0, update_epoch: 3, num_batch: 4
[2026-10-10 09:41:11,617][agent.finetune.train_ppo_diffusion_agent][INFO] - approx_kl: 0.0, update_epoch: 3, num_batch: 4
[2026-10-10 09:41:13,369][agent.finetune.train_ppo_diffusion_agent][INFO] - approx_kl: 0.0, update_epoch: 4, num_batch: 4
[2026-10-10 09:41:15,178][agent.finetune.train_ppo_diffusion_agent][INFO] - approx_kl: 0.0, update_epoch: 4, num_batch: 4
[2026-10-10 09:41:16,842][agent.finetune.train_ppo_diffusion_agent][INFO] - approx_kl: 0.0, update_epoch: 4, num_batch: 4
[2026-10-10 09:41:18,558][agent.finetune.train_ppo_diffusion_agent][INFO] - approx_kl: 0.0, update_epoch: 4, num_batch: 4
[2026-10-10 09:41:25,518][agent.finetune.train_ppo_diffusion_agent][INFO] - 117: step  8480000 | loss   0.5794 | pg loss   0.5257 | value loss   0.1073 | bc loss   0.0000 | reward 4158.2476 | eta   1.0000 | t: 55.5092 | kl_true_per_action=0.001780575814590536 | logratio_p99=0.06616808891296386 | clamp_hit_frac=0.0007645833333333334 | actor_step_ratio=1.0 | actor_step_clipfrac=0.0
[2026-10-10 09:41:25,518][agent.finetune.stage3_support][INFO] - STAGE3_METRICS {"J_disc_train": 1470.3649268060922, "J_disc_train_se": 13.666122746065131, "action_oor_frac": 0.16864791666666668, "adv_raw_mean": -5.093170329928398e-15, "adv_raw_std": 153.65350863911408, "diagnostics_seconds": 0.12260834872722626, "episode_count": 80, "explained_var": 0.21948277950286865, "explained_var_reason": null, "grad_cos_prev": 0.04446508503518163, "grad_cos_prev_reason": null, "grad_norm": 11.705582568010005, "policy_action_oor_frac": 0.16867708333333334, "proj_active": false, "reward_clip_frac": 0.0, "rollout_seconds": 13.537984307855368, "split_diff_sq": 572.3823449372937, "split_dot": -6.074925747090023, "theta_dist": 0.08094702147386967, "theta_dist_preproj": 0.08094702147386967, "update_norm": 0.004251681336236755, "update_seconds": 41.843717811629176, "x0_sat_frac_last": 0.07846491228070175, "x0_sat_frac_mean": 0.08456296020437493}
Processed step 0 of 500
Processed step 10 of 500
Processed step 20 of 500
Processed step 30 of 500
Processed step 40 of 500
Processed step 50 of 500
Processed step 60 of 500
Processed step 70 of 500
Processed step 80 of 500
Processed step 90 of 500
Processed step 100 of 500
Processed step 110 of 500
Processed step 120 of 500
Processed step 130 of 500
Processed step 140 of 500
Processed step 150 of 500
Processed step 160 of 500
Processed step 170 of 500
Processed step 180 of 500
Processed step 190 of 500
Processed step 200 of 500
Processed step 210 of 500
Processed step 220 of 500
Processed step 230 of 500
Processed step 240 of 500
Processed step 250 of 500
Processed step 260 of 500
Processed step 270 of 500
Processed step 280 of 500
Processed step 290 of 500
Processed step 300 of 500
Processed step 310 of 500
Processed step 320 of 500
Processed step 330 of 500
Processed step 340 of 500
Processed step 350 of 500
Processed step 360 of 500
Processed step 370 of 500
Processed step 380 of 500
Processed step 390 of 500
Processed step 400 of 500
Processed step 410 of 500
Processed step 420 of 500
Processed step 430 of 500
Processed step 440 of 500
Processed step 450 of 500
Processed step 460 of 500
Processed step 470 of 500
Processed step 480 of 500
Processed step 490 of 500
[2026-10-10 09:41:40,101][agent.finetune.train_ppo_diffusion_agent][INFO] - approx_kl: 0.0, update_epoch: 0, num_batch: 4
[2026-10-10 09:41:41,727][agent.finetune.train_ppo_diffusion_agent][INFO] - approx_kl: 0.0, update_epoch: 0, num_batch: 4
[2026-10-10 09:41:43,455][agent.finetune.train_ppo_diffusion_agent][INFO] - approx_kl: 0.0, update_epoch: 0, num_batch: 4
[2026-10-10 09:41:45,170][agent.finetune.train_ppo_diffusion_agent][INFO] - approx_kl: 0.0, update_epoch: 0, num_batch: 4
[2026-10-10 09:41:46,979][agent.finetune.train_ppo_diffusion_agent][INFO] - approx_kl: 0.0, update_epoch: 1, num_batch: 4
[2026-10-10 09:41:48,629][agent.finetune.train_ppo_diffusion_agent][INFO] - approx_kl: 0.0, update_epoch: 1, num_batch: 4
[2026-10-10 09:41:50,348][agent.finetune.train_ppo_diffusion_agent][INFO] - approx_kl: 0.0, update_epoch: 1, num_batch: 4
[2026-10-10 09:41:52,106][agent.finetune.train_ppo_diffusion_agent][INFO] - approx_kl: 0.0, update_epoch: 1, num_batch: 4
[2026-10-10 09:41:53,950][agent.finetune.train_ppo_diffusion_agent][INFO] - approx_kl: 0.0, update_epoch: 2, num_batch: 4
[2026-10-10 09:41:55,586][agent.finetune.train_ppo_diffusion_agent][INFO] - approx_kl: 0.0, update_epoch: 2, num_batch: 4
[2026-10-10 09:41:57,336][agent.finetune.train_ppo_diffusion_agent][INFO] - approx_kl: 0.0, update_epoch: 2, num_batch: 4
[2026-10-10 09:41:59,072][agent.finetune.train_ppo_diffusion_agent][INFO] - approx_kl: 0.0, update_epoch: 2, num_batch: 4
[2026-10-10 09:42:00,872][agent.finetune.train_ppo_diffusion_agent][INFO] - approx_kl: 0.0, update_epoch: 3, num_batch: 4
[2026-10-10 09:42:02,496][agent.finetune.train_ppo_diffusion_agent][INFO] - approx_kl: 0.0, update_epoch: 3, num_batch: 4
[2026-10-10 09:42:04,216][agent.finetune.train_ppo_diffusion_agent][INFO] - approx_kl: 0.0, update_epoch: 3, num_batch: 4
[2026-10-10 09:42:05,959][agent.finetune.train_ppo_diffusion_agent][INFO] - approx_kl: 0.0, update_epoch: 3, num_batch: 4
[2026-10-10 09:42:07,783][agent.finetune.train_ppo_diffusion_agent][INFO] - approx_kl: 0.0, update_epoch: 4, num_batch: 4
[2026-10-10 09:42:09,421][agent.finetune.train_ppo_diffusion_agent][INFO] - approx_kl: 0.0, update_epoch: 4, num_batch: 4
[2026-10-10 09:42:11,152][agent.finetune.train_ppo_diffusion_agent][INFO] - approx_kl: 0.0, update_epoch: 4, num_batch: 4
[2026-10-10 09:42:12,883][agent.finetune.train_ppo_diffusion_agent][INFO] - approx_kl: 0.0, update_epoch: 4, num_batch: 4
[2026-10-10 09:42:19,846][agent.finetune.train_ppo_diffusion_agent][INFO] - 118: step  8560000 | loss   1.1226 | pg loss   1.0678 | value loss   0.1094 | bc loss   0.0000 | reward 4096.6237 | eta   1.0000 | t: 54.3284 | kl_true_per_action=0.05846680925455685 | logratio_p99=0.22034501016139754 | clamp_hit_frac=0.0007270833333333334 | actor_step_ratio=1.0 | actor_step_clipfrac=0.0
[2026-10-10 09:42:19,847][agent.finetune.stage3_support][INFO] - STAGE3_METRICS {"J_disc_train": 1454.1219813109356, "J_disc_train_se": 23.894604920216317, "action_oor_frac": 0.1672375, "adv_raw_mean": -2.7284841053187845e-16, "adv_raw_std": 212.86268883178047, "diagnostics_seconds": 0.13436529505997896, "episode_count": 80, "explained_var": 0.3797478675842285, "explained_var_reason": null, "grad_cos_prev": 0.01969058646351672, "grad_cos_prev_reason": null, "grad_norm": 43.673300586479634, "policy_action_oor_frac": 0.16727916666666667, "proj_active": false, "reward_clip_frac": 0.0, "rollout_seconds": 12.498705819249153, "split_diff_sq": 7618.628459649338, "split_dot": 2.700134049670698, "theta_dist": 0.08335431185808599, "theta_dist_preproj": 0.08335431185808599, "update_norm": 0.015862889950668212, "update_seconds": 41.69032924249768, "x0_sat_frac_last": 0.07589362066016761, "x0_sat_frac_mean": 0.0889623428567432}
Processed step 0 of 500
Processed step 10 of 500
Processed step 20 of 500
Processed step 30 of 500
Processed step 40 of 500
Processed step 50 of 500
Processed step 60 of 500
Processed step 70 of 500
Processed step 80 of 500
Processed step 90 of 500
Processed step 100 of 500
Processed step 110 of 500
Processed step 120 of 500
Processed step 130 of 500
Processed step 140 of 500
Processed step 150 of 500
Processed step 160 of 500
Processed step 170 of 500
Processed step 180 of 500
Processed step 190 of 500
Processed step 200 of 500
Processed step 210 of 500
Processed step 220 of 500
Processed step 230 of 500
Processed step 240 of 500
Processed step 250 of 500
Processed step 260 of 500
Processed step 270 of 500
Processed step 280 of 500
Processed step 290 of 500
Processed step 300 of 500
Processed step 310 of 500
Processed step 320 of 500
Processed step 330 of 500
Processed step 340 of 500
Processed step 350 of 500
Processed step 360 of 500
Processed step 370 of 500
Processed step 380 of 500
Processed step 390 of 500
Processed step 400 of 500
Processed step 410 of 500
Processed step 420 of 500
Processed step 430 of 500
Processed step 440 of 500
Processed step 450 of 500
Processed step 460 of 500
Processed step 470 of 500
Processed step 480 of 500
Processed step 490 of 500
[2026-10-10 09:42:34,240][agent.finetune.train_ppo_diffusion_agent][INFO] - approx_kl: 0.0, update_epoch: 0, num_batch: 4
[2026-10-10 09:42:35,880][agent.finetune.train_ppo_diffusion_agent][INFO] - approx_kl: 0.0, update_epoch: 0, num_batch: 4
[2026-10-10 09:42:37,620][agent.finetune.train_ppo_diffusion_agent][INFO] - approx_kl: 0.0, update_epoch: 0, num_batch: 4
[2026-10-10 09:42:39,222][agent.finetune.train_ppo_diffusion_agent][INFO] - approx_kl: 0.0, update_epoch: 0, num_batch: 4
[2026-10-10 09:42:41,023][agent.finetune.train_ppo_diffusion_agent][INFO] - approx_kl: 0.0, update_epoch: 1, num_batch: 4
[2026-10-10 09:42:42,673][agent.finetune.train_ppo_diffusion_agent][INFO] - approx_kl: 0.0, update_epoch: 1, num_batch: 4
[2026-10-10 09:42:44,474][agent.finetune.train_ppo_diffusion_agent][INFO] - approx_kl: 0.0, update_epoch: 1, num_batch: 4
[2026-10-10 09:42:46,264][agent.finetune.train_ppo_diffusion_agent][INFO] - approx_kl: 0.0, update_epoch: 1, num_batch: 4
[2026-10-10 09:42:48,122][agent.finetune.train_ppo_diffusion_agent][INFO] - approx_kl: 0.0, update_epoch: 2, num_batch: 4
[2026-10-10 09:42:49,763][agent.finetune.train_ppo_diffusion_agent][INFO] - approx_kl: 0.0, update_epoch: 2, num_batch: 4
[2026-10-10 09:42:51,467][agent.finetune.train_ppo_diffusion_agent][INFO] - approx_kl: 0.0, update_epoch: 2, num_batch: 4
[2026-10-10 09:42:53,209][agent.finetune.train_ppo_diffusion_agent][INFO] - approx_kl: 0.0, update_epoch: 2, num_batch: 4
[2026-10-10 09:42:55,044][agent.finetune.train_ppo_diffusion_agent][INFO] - approx_kl: 0.0, update_epoch: 3, num_batch: 4
[2026-10-10 09:42:56,685][agent.finetune.train_ppo_diffusion_agent][INFO] - approx_kl: 0.0, update_epoch: 3, num_batch: 4
[2026-10-10 09:42:58,455][agent.finetune.train_ppo_diffusion_agent][INFO] - approx_kl: 0.0, update_epoch: 3, num_batch: 4
[2026-10-10 09:43:00,212][agent.finetune.train_ppo_diffusion_agent][INFO] - approx_kl: 0.0, update_epoch: 3, num_batch: 4
[2026-10-10 09:43:02,038][agent.finetune.train_ppo_diffusion_agent][INFO] - approx_kl: 0.0, update_epoch: 4, num_batch: 4
[2026-10-10 09:43:03,699][agent.finetune.train_ppo_diffusion_agent][INFO] - approx_kl: 0.0, update_epoch: 4, num_batch: 4
[2026-10-10 09:43:05,435][agent.finetune.train_ppo_diffusion_agent][INFO] - approx_kl: 0.0, update_epoch: 4, num_batch: 4
[2026-10-10 09:43:07,193][agent.finetune.train_ppo_diffusion_agent][INFO] - approx_kl: 0.0, update_epoch: 4, num_batch: 4
[2026-10-10 09:43:14,187][agent.finetune.train_ppo_diffusion_agent][INFO] - 119: step  8640000 | loss   0.8106 | pg loss   0.7564 | value loss   0.1085 | bc loss   0.0000 | reward 3947.5100 | eta   1.0000 | t: 54.3404 | kl_true_per_action=0.0030061307957276037 | logratio_p99=0.0749962675571441 | clamp_hit_frac=0.0007583333333333333 | actor_step_ratio=1.0 | actor_step_clipfrac=0.0
[2026-10-10 09:43:14,187][agent.finetune.stage3_support][INFO] - STAGE3_METRICS {"J_disc_train": 1423.6800973244349, "J_disc_train_se": 24.449335700047033, "action_oor_frac": 0.158375, "adv_raw_mean": -7.275957614183426e-15, "adv_raw_std": 288.45335258072475, "diagnostics_seconds": 0.11615303251892328, "episode_count": 80, "explained_var": 0.6061446368694305, "explained_var_reason": null, "grad_cos_prev": 0.000797714200500526, "grad_cos_prev_reason": null, "grad_norm": 23.81668227322761, "policy_action_oor_frac": 0.15838333333333332, "proj_active": false, "reward_clip_frac": 0.0, "rollout_seconds": 12.31040648650378, "split_diff_sq": 2370.0804131191326, "split_dot": -25.285768601490943, "theta_dist": 0.08356012053148411, "theta_dist_preproj": 0.08356012053148411, "update_norm": 0.008650634265883654, "update_seconds": 41.90937726944685, "x0_sat_frac_last": 0.062478913630229414, "x0_sat_frac_mean": 0.08107385642634668}
Processed step 0 of 500
Processed step 10 of 500
Processed step 20 of 500
Processed step 30 of 500
Processed step 40 of 500
Processed step 50 of 500
Processed step 60 of 500
Processed step 70 of 500
Processed step 80 of 500
Processed step 90 of 500
Processed step 100 of 500
Processed step 110 of 500
Processed step 120 of 500
Processed step 130 of 500
Processed step 140 of 500
Processed step 150 of 500
Processed step 160 of 500
Processed step 170 of 500
Processed step 180 of 500
Processed step 190 of 500
Processed step 200 of 500
Processed step 210 of 500
Processed step 220 of 500
Processed step 230 of 500
Processed step 240 of 500
Processed step 250 of 500
Processed step 260 of 500
Processed step 270 of 500
Processed step 280 of 500
Processed step 290 of 500
Processed step 300 of 500
Processed step 310 of 500
Processed step 320 of 500
Processed step 330 of 500
Processed step 340 of 500
Processed step 350 of 500
Processed step 360 of 500
Processed step 370 of 500
Processed step 380 of 500
Processed step 390 of 500
Processed step 400 of 500
Processed step 410 of 500
Processed step 420 of 500
Processed step 430 of 500
Processed step 440 of 500
Processed step 450 of 500
Processed step 460 of 500
Processed step 470 of 500
Processed step 480 of 500
Processed step 490 of 500
[2026-10-10 09:43:26,655][agent.finetune.train_ppo_diffusion_agent][INFO] - eval: success rate   1.0000 | avg episode reward 4436.8645 | avg best reward   6.5192
[2026-10-10 09:43:26,655][agent.finetune.stage3_support][INFO] - STAGE3_METRICS {"J_disc_eval": 1558.349025002152, "J_disc_eval_se": 17.456411349370832, "action_oor_frac": 0.0, "diagnostics_seconds": 0.0032347524538636208, "episode_count": 80, "policy_action_oor_frac": 0.0, "rollout_seconds": 12.459961063228548, "update_seconds": 0.0}
Processed step 0 of 500
Processed step 10 of 500
Processed step 20 of 500
Processed step 30 of 500
Processed step 40 of 500
Processed step 50 of 500
Processed step 60 of 500
Processed step 70 of 500
Processed step 80 of 500
Processed step 90 of 500
Processed step 100 of 500
Processed step 110 of 500
Processed step 120 of 500
Processed step 130 of 500
Processed step 140 of 500
Processed step 150 of 500
Processed step 160 of 500
Processed step 170 of 500
Processed step 180 of 500
Processed step 190 of 500
Processed step 200 of 500
Processed step 210 of 500
Processed step 220 of 500
Processed step 230 of 500
Processed step 240 of 500
Processed step 250 of 500
Processed step 260 of 500
Processed step 270 of 500
Processed step 280 of 500
Processed step 290 of 500
Processed step 300 of 500
Processed step 310 of 500
Processed step 320 of 500
Processed step 330 of 500
Processed step 340 of 500
Processed step 350 of 500
Processed step 360 of 500
Processed step 370 of 500
Processed step 380 of 500
Processed step 390 of 500
Processed step 400 of 500
Processed step 410 of 500
Processed step 420 of 500
Processed step 430 of 500
Processed step 440 of 500
Processed step 450 of 500
Processed step 460 of 500
Processed step 470 of 500
Processed step 480 of 500
Processed step 490 of 500
[2026-10-10 09:43:40,919][agent.finetune.train_ppo_diffusion_agent][INFO] - approx_kl: 0.0, update_epoch: 0, num_batch: 4
[2026-10-10 09:43:42,541][agent.finetune.train_ppo_diffusion_agent][INFO] - approx_kl: 0.0, update_epoch: 0, num_batch: 4
[2026-10-10 09:43:44,278][agent.finetune.train_ppo_diffusion_agent][INFO] - approx_kl: 0.0, update_epoch: 0, num_batch: 4
[2026-10-10 09:43:46,082][agent.finetune.train_ppo_diffusion_agent][INFO] - approx_kl: 0.0, update_epoch: 0, num_batch: 4
[2026-10-10 09:43:47,722][agent.finetune.train_ppo_diffusion_agent][INFO] - approx_kl: 0.0, update_epoch: 1, num_batch: 4
[2026-10-10 09:43:49,436][agent.finetune.train_ppo_diffusion_agent][INFO] - approx_kl: 0.0, update_epoch: 1, num_batch: 4
[2026-10-10 09:43:51,149][agent.finetune.train_ppo_diffusion_agent][INFO] - approx_kl: 0.0, update_epoch: 1, num_batch: 4
[2026-10-10 09:43:52,975][agent.finetune.train_ppo_diffusion_agent][INFO] - approx_kl: 0.0, update_epoch: 1, num_batch: 4
[2026-10-10 09:43:54,611][agent.finetune.train_ppo_diffusion_agent][INFO] - approx_kl: 0.0, update_epoch: 2, num_batch: 4
[2026-10-10 09:43:56,379][agent.finetune.train_ppo_diffusion_agent][INFO] - approx_kl: 0.0, update_epoch: 2, num_batch: 4
[2026-10-10 09:43:58,098][agent.finetune.train_ppo_diffusion_agent][INFO] - approx_kl: 0.0, update_epoch: 2, num_batch: 4
[2026-10-10 09:43:59,933][agent.finetune.train_ppo_diffusion_agent][INFO] - approx_kl: 0.0, update_epoch: 2, num_batch: 4
[2026-10-10 09:44:01,577][agent.finetune.train_ppo_diffusion_agent][INFO] - approx_kl: 0.0, update_epoch: 3, num_batch: 4
[2026-10-10 09:44:03,283][agent.finetune.train_ppo_diffusion_agent][INFO] - approx_kl: 0.0, update_epoch: 3, num_batch: 4
[2026-10-10 09:44:05,010][agent.finetune.train_ppo_diffusion_agent][INFO] - approx_kl: 0.0, update_epoch: 3, num_batch: 4
[2026-10-10 09:44:06,830][agent.finetune.train_ppo_diffusion_agent][INFO] - approx_kl: 0.0, update_epoch: 3, num_batch: 4
[2026-10-10 09:44:08,478][agent.finetune.train_ppo_diffusion_agent][INFO] - approx_kl: 0.0, update_epoch: 4, num_batch: 4
[2026-10-10 09:44:10,202][agent.finetune.train_ppo_diffusion_agent][INFO] - approx_kl: 0.0, update_epoch: 4, num_batch: 4
[2026-10-10 09:44:11,939][agent.finetune.train_ppo_diffusion_agent][INFO] - approx_kl: 0.0, update_epoch: 4, num_batch: 4
[2026-10-10 09:44:13,760][agent.finetune.train_ppo_diffusion_agent][INFO] - approx_kl: 0.0, update_epoch: 4, num_batch: 4
[2026-10-10 09:44:20,714][agent.finetune.train_ppo_diffusion_agent][INFO] - 121: step  8720000 | loss   0.1965 | pg loss   0.1421 | value loss   0.1088 | bc loss   0.0000 | reward 4052.0066 | eta   1.0000 | t: 54.0587 | kl_true_per_action=0.002072452044835135 | logratio_p99=0.06671712636947617 | clamp_hit_frac=0.0007645833333333334 | actor_step_ratio=1.0 | actor_step_clipfrac=0.0
[2026-10-10 09:44:20,714][agent.finetune.stage3_support][INFO] - STAGE3_METRICS {"J_disc_train": 1435.9961037361086, "J_disc_train_se": 17.42867250565011, "action_oor_frac": 0.16229583333333333, "adv_raw_mean": -6.548361852765083e-15, "adv_raw_std": 218.799080912744, "diagnostics_seconds": 0.11667135078459978, "episode_count": 80, "explained_var": 0.4440261125564575, "explained_var_reason": null, "grad_cos_prev": 0.002398356439409205, "grad_cos_prev_reason": null, "grad_norm": 17.093615910860695, "policy_action_oor_frac": 0.16231458333333335, "proj_active": false, "reward_clip_frac": 0.0, "rollout_seconds": 12.239983824081719, "split_diff_sq": 1112.1147233379802, "split_dot": 14.163019817751977, "theta_dist": 0.08336352583263393, "theta_dist_preproj": 0.08336352583263393, "update_norm": 0.006208709597854522, "update_seconds": 41.69772548787296, "x0_sat_frac_last": 0.06805277221108885, "x0_sat_frac_mean": 0.08235050149996498}
Processed step 0 of 500
Processed step 10 of 500
Processed step 20 of 500
Processed step 30 of 500
Processed step 40 of 500
Processed step 50 of 500
Processed step 60 of 500
Processed step 70 of 500
Processed step 80 of 500
Processed step 90 of 500
Processed step 100 of 500
Processed step 110 of 500
Processed step 120 of 500
Processed step 130 of 500
Processed step 140 of 500
Processed step 150 of 500
Processed step 160 of 500
Processed step 170 of 500
Processed step 180 of 500
Processed step 190 of 500
Processed step 200 of 500
Processed step 210 of 500
Processed step 220 of 500
Processed step 230 of 500
Processed step 240 of 500
Processed step 250 of 500
Processed step 260 of 500
Processed step 270 of 500
Processed step 280 of 500
Processed step 290 of 500
Processed step 300 of 500
Processed step 310 of 500
Processed step 320 of 500
Processed step 330 of 500
Processed step 340 of 500
Processed step 350 of 500
Processed step 360 of 500
Processed step 370 of 500
Processed step 380 of 500
Processed step 390 of 500
Processed step 400 of 500
Processed step 410 of 500
Processed step 420 of 500
Processed step 430 of 500
Processed step 440 of 500
Processed step 450 of 500
Processed step 460 of 500
Processed step 470 of 500
Processed step 480 of 500
Processed step 490 of 500
[2026-10-10 09:44:35,986][agent.finetune.train_ppo_diffusion_agent][INFO] - approx_kl: 0.0, update_epoch: 0, num_batch: 4
[2026-10-10 09:44:37,768][agent.finetune.train_ppo_diffusion_agent][INFO] - approx_kl: 0.0, update_epoch: 0, num_batch: 4
[2026-10-10 09:44:39,504][agent.finetune.train_ppo_diffusion_agent][INFO] - approx_kl: 0.0, update_epoch: 0, num_batch: 4
[2026-10-10 09:44:41,340][agent.finetune.train_ppo_diffusion_agent][INFO] - approx_kl: 0.0, update_epoch: 0, num_batch: 4
[2026-10-10 09:44:42,998][agent.finetune.train_ppo_diffusion_agent][INFO] - approx_kl: 0.0, update_epoch: 1, num_batch: 4
[2026-10-10 09:44:44,739][agent.finetune.train_ppo_diffusion_agent][INFO] - approx_kl: 0.0, update_epoch: 1, num_batch: 4
[2026-10-10 09:44:46,511][agent.finetune.train_ppo_diffusion_agent][INFO] - approx_kl: 0.0, update_epoch: 1, num_batch: 4
[2026-10-10 09:44:48,372][agent.finetune.train_ppo_diffusion_agent][INFO] - approx_kl: 0.0, update_epoch: 1, num_batch: 4
[2026-10-10 09:44:50,029][agent.finetune.train_ppo_diffusion_agent][INFO] - approx_kl: 0.0, update_epoch: 2, num_batch: 4
[2026-10-10 09:44:51,814][agent.finetune.train_ppo_diffusion_agent][INFO] - approx_kl: 0.0, update_epoch: 2, num_batch: 4
[2026-10-10 09:44:53,573][agent.finetune.train_ppo_diffusion_agent][INFO] - approx_kl: 0.0, update_epoch: 2, num_batch: 4
[2026-10-10 09:44:55,405][agent.finetune.train_ppo_diffusion_agent][INFO] - approx_kl: 0.0, update_epoch: 2, num_batch: 4
[2026-10-10 09:44:57,066][agent.finetune.train_ppo_diffusion_agent][INFO] - approx_kl: 0.0, update_epoch: 3, num_batch: 4
[2026-10-10 09:44:58,828][agent.finetune.train_ppo_diffusion_agent][INFO] - approx_kl: 0.0, update_epoch: 3, num_batch: 4
[2026-10-10 09:45:00,574][agent.finetune.train_ppo_diffusion_agent][INFO] - approx_kl: 0.0, update_epoch: 3, num_batch: 4
[2026-10-10 09:45:02,413][agent.finetune.train_ppo_diffusion_agent][INFO] - approx_kl: 0.0, update_epoch: 3, num_batch: 4
[2026-10-10 09:45:04,047][agent.finetune.train_ppo_diffusion_agent][INFO] - approx_kl: 0.0, update_epoch: 4, num_batch: 4
[2026-10-10 09:45:05,781][agent.finetune.train_ppo_diffusion_agent][INFO] - approx_kl: 0.0, update_epoch: 4, num_batch: 4
[2026-10-10 09:45:07,530][agent.finetune.train_ppo_diffusion_agent][INFO] - approx_kl: 0.0, update_epoch: 4, num_batch: 4
[2026-10-10 09:45:09,351][agent.finetune.train_ppo_diffusion_agent][INFO] - approx_kl: 0.0, update_epoch: 4, num_batch: 4
[2026-10-10 09:45:16,314][agent.finetune.train_ppo_diffusion_agent][INFO] - 122: step  8800000 | loss   0.6377 | pg loss   0.5844 | value loss   0.1066 | bc loss   0.0000 | reward 4118.6382 | eta   1.0000 | t: 55.6004 | kl_true_per_action=0.0019340310834895977 | logratio_p99=0.07214961528778004 | clamp_hit_frac=0.0008041666666666667 | actor_step_ratio=1.0 | actor_step_clipfrac=0.0
[2026-10-10 09:45:16,314][agent.finetune.stage3_support][INFO] - STAGE3_METRICS {"J_disc_train": 1456.6196234472268, "J_disc_train_se": 13.751907775008215, "action_oor_frac": 0.16250208333333332, "adv_raw_mean": -1.4551915228366852e-14, "adv_raw_std": 166.9576716835155, "diagnostics_seconds": 0.11817952059209347, "episode_count": 80, "explained_var": 0.23045986890792847, "explained_var_reason": null, "grad_cos_prev": -0.09793271741131009, "grad_cos_prev_reason": null, "grad_norm": 12.754587807740592, "policy_action_oor_frac": 0.162525, "proj_active": false, "reward_clip_frac": 0.0, "rollout_seconds": 13.398426569998264, "split_diff_sq": 611.5604336810034, "split_dot": 9.789400468823475, "theta_dist": 0.08376600561235388, "theta_dist_preproj": 0.08376600561235388, "update_norm": 0.004632689651026456, "update_seconds": 42.07914224173874, "x0_sat_frac_last": 0.06260354539430087, "x0_sat_frac_mean": 0.08171822898670629}
Processed step 0 of 500
Processed step 10 of 500
Processed step 20 of 500
Processed step 30 of 500
Processed step 40 of 500
Processed step 50 of 500
Processed step 60 of 500
Processed step 70 of 500
Processed step 80 of 500
Processed step 90 of 500
Processed step 100 of 500
Processed step 110 of 500
Processed step 120 of 500
Processed step 130 of 500
Processed step 140 of 500
Processed step 150 of 500
Processed step 160 of 500
Processed step 170 of 500
Processed step 180 of 500
Processed step 190 of 500
Processed step 200 of 500
Processed step 210 of 500
Processed step 220 of 500
Processed step 230 of 500
Processed step 240 of 500
Processed step 250 of 500
Processed step 260 of 500
Processed step 270 of 500
Processed step 280 of 500
Processed step 290 of 500
Processed step 300 of 500
Processed step 310 of 500
Processed step 320 of 500
Processed step 330 of 500
Processed step 340 of 500
Processed step 350 of 500
Processed step 360 of 500
Processed step 370 of 500
Processed step 380 of 500
Processed step 390 of 500
Processed step 400 of 500
Processed step 410 of 500
Processed step 420 of 500
Processed step 430 of 500
Processed step 440 of 500
Processed step 450 of 500
Processed step 460 of 500
Processed step 470 of 500
Processed step 480 of 500
Processed step 490 of 500
[2026-10-10 09:45:32,655][agent.finetune.train_ppo_diffusion_agent][INFO] - approx_kl: 0.0, update_epoch: 0, num_batch: 4
[2026-10-10 09:45:34,394][agent.finetune.train_ppo_diffusion_agent][INFO] - approx_kl: 0.0, update_epoch: 0, num_batch: 4
[2026-10-10 09:45:36,120][agent.finetune.train_ppo_diffusion_agent][INFO] - approx_kl: 0.0, update_epoch: 0, num_batch: 4
[2026-10-10 09:45:37,935][agent.finetune.train_ppo_diffusion_agent][INFO] - approx_kl: 0.0, update_epoch: 0, num_batch: 4
[2026-10-10 09:45:39,572][agent.finetune.train_ppo_diffusion_agent][INFO] - approx_kl: 0.0, update_epoch: 1, num_batch: 4
[2026-10-10 09:45:41,299][agent.finetune.train_ppo_diffusion_agent][INFO] - approx_kl: 0.0, update_epoch: 1, num_batch: 4
[2026-10-10 09:45:43,061][agent.finetune.train_ppo_diffusion_agent][INFO] - approx_kl: 0.0, update_epoch: 1, num_batch: 4
[2026-10-10 09:45:44,948][agent.finetune.train_ppo_diffusion_agent][INFO] - approx_kl: 0.0, update_epoch: 1, num_batch: 4
[2026-10-10 09:45:46,597][agent.finetune.train_ppo_diffusion_agent][INFO] - approx_kl: 0.0, update_epoch: 2, num_batch: 4
[2026-10-10 09:45:48,325][agent.finetune.train_ppo_diffusion_agent][INFO] - approx_kl: 0.0, update_epoch: 2, num_batch: 4
[2026-10-10 09:45:50,060][agent.finetune.train_ppo_diffusion_agent][INFO] - approx_kl: 0.0, update_epoch: 2, num_batch: 4
[2026-10-10 09:45:51,881][agent.finetune.train_ppo_diffusion_agent][INFO] - approx_kl: 0.0, update_epoch: 2, num_batch: 4
[2026-10-10 09:45:53,531][agent.finetune.train_ppo_diffusion_agent][INFO] - approx_kl: 0.0, update_epoch: 3, num_batch: 4
[2026-10-10 09:45:55,249][agent.finetune.train_ppo_diffusion_agent][INFO] - approx_kl: 0.0, update_epoch: 3, num_batch: 4
[2026-10-10 09:45:56,985][agent.finetune.train_ppo_diffusion_agent][INFO] - approx_kl: 0.0, update_epoch: 3, num_batch: 4
[2026-10-10 09:45:58,823][agent.finetune.train_ppo_diffusion_agent][INFO] - approx_kl: 0.0, update_epoch: 3, num_batch: 4
[2026-10-10 09:46:00,454][agent.finetune.train_ppo_diffusion_agent][INFO] - approx_kl: 0.0, update_epoch: 4, num_batch: 4
[2026-10-10 09:46:02,168][agent.finetune.train_ppo_diffusion_agent][INFO] - approx_kl: 0.0, update_epoch: 4, num_batch: 4
[2026-10-10 09:46:03,893][agent.finetune.train_ppo_diffusion_agent][INFO] - approx_kl: 0.0, update_epoch: 4, num_batch: 4
[2026-10-10 09:46:05,705][agent.finetune.train_ppo_diffusion_agent][INFO] - approx_kl: 0.0, update_epoch: 4, num_batch: 4
[2026-10-10 09:46:12,636][agent.finetune.train_ppo_diffusion_agent][INFO] - 123: step  8880000 | loss   0.0820 | pg loss   0.0280 | value loss   0.1080 | bc loss   0.0000 | reward 4183.3180 | eta   1.0000 | t: 56.3220 | kl_true_per_action=0.0011719727749220962 | logratio_p99=0.05164170622825619 | clamp_hit_frac=0.00083125 | actor_step_ratio=1.0 | actor_step_clipfrac=0.0
[2026-10-10 09:46:12,636][agent.finetune.stage3_support][INFO] - STAGE3_METRICS {"J_disc_train": 1480.1959817929896, "J_disc_train_se": 13.993911966403557, "action_oor_frac": 0.16551458333333333, "adv_raw_mean": -1.7644197214394808e-14, "adv_raw_std": 166.78498433339632, "diagnostics_seconds": 0.11480837967246771, "episode_count": 80, "explained_var": 0.3154013156890869, "explained_var_reason": null, "grad_cos_prev": -0.043067012948245276, "grad_cos_prev_reason": null, "grad_norm": 11.945908368639646, "policy_action_oor_frac": 0.16555416666666667, "proj_active": false, "reward_clip_frac": 0.0, "rollout_seconds": 14.531649264506996, "split_diff_sq": 556.7197273585502, "split_dot": 3.52479366276887, "theta_dist": 0.08369173630578593, "theta_dist_preproj": 0.08369173630578593, "update_norm": 0.0043389586723488515, "update_seconds": 41.67128221690655, "x0_sat_frac_last": 0.07043546694648478, "x0_sat_frac_mean": 0.08365869240761291}
Processed step 0 of 500
Processed step 10 of 500
Processed step 20 of 500
Processed step 30 of 500
Processed step 40 of 500
Processed step 50 of 500
Processed step 60 of 500
Processed step 70 of 500
Processed step 80 of 500
Processed step 90 of 500
Processed step 100 of 500
Processed step 110 of 500
Processed step 120 of 500
Processed step 130 of 500
Processed step 140 of 500
Processed step 150 of 500
Processed step 160 of 500
Processed step 170 of 500
Processed step 180 of 500
Processed step 190 of 500
Processed step 200 of 500
Processed step 210 of 500
Processed step 220 of 500
Processed step 230 of 500
Processed step 240 of 500
Processed step 250 of 500
Processed step 260 of 500
Processed step 270 of 500
Processed step 280 of 500
Processed step 290 of 500
Processed step 300 of 500
Processed step 310 of 500
Processed step 320 of 500
Processed step 330 of 500
Processed step 340 of 500
Processed step 350 of 500
Processed step 360 of 500
Processed step 370 of 500
Processed step 380 of 500
Processed step 390 of 500
Processed step 400 of 500
Processed step 410 of 500
Processed step 420 of 500
Processed step 430 of 500
Processed step 440 of 500
Processed step 450 of 500
Processed step 460 of 500
Processed step 470 of 500
Processed step 480 of 500
Processed step 490 of 500
[2026-10-10 09:46:28,287][agent.finetune.train_ppo_diffusion_agent][INFO] - approx_kl: 0.0, update_epoch: 0, num_batch: 4
[2026-10-10 09:46:30,057][agent.finetune.train_ppo_diffusion_agent][INFO] - approx_kl: 0.0, update_epoch: 0, num_batch: 4
[2026-10-10 09:46:31,782][agent.finetune.train_ppo_diffusion_agent][INFO] - approx_kl: 0.0, update_epoch: 0, num_batch: 4
[2026-10-10 09:46:33,599][agent.finetune.train_ppo_diffusion_agent][INFO] - approx_kl: 0.0, update_epoch: 0, num_batch: 4
[2026-10-10 09:46:35,248][agent.finetune.train_ppo_diffusion_agent][INFO] - approx_kl: 0.0, update_epoch: 1, num_batch: 4
[2026-10-10 09:46:36,976][agent.finetune.train_ppo_diffusion_agent][INFO] - approx_kl: 0.0, update_epoch: 1, num_batch: 4
[2026-10-10 09:46:38,729][agent.finetune.train_ppo_diffusion_agent][INFO] - approx_kl: 0.0, update_epoch: 1, num_batch: 4
[2026-10-10 09:46:40,605][agent.finetune.train_ppo_diffusion_agent][INFO] - approx_kl: 0.0, update_epoch: 1, num_batch: 4
[2026-10-10 09:46:42,249][agent.finetune.train_ppo_diffusion_agent][INFO] - approx_kl: 0.0, update_epoch: 2, num_batch: 4
[2026-10-10 09:46:44,016][agent.finetune.train_ppo_diffusion_agent][INFO] - approx_kl: 0.0, update_epoch: 2, num_batch: 4
[2026-10-10 09:46:45,758][agent.finetune.train_ppo_diffusion_agent][INFO] - approx_kl: 0.0, update_epoch: 2, num_batch: 4
[2026-10-10 09:46:47,598][agent.finetune.train_ppo_diffusion_agent][INFO] - approx_kl: 0.0, update_epoch: 2, num_batch: 4
[2026-10-10 09:46:49,249][agent.finetune.train_ppo_diffusion_agent][INFO] - approx_kl: 0.0, update_epoch: 3, num_batch: 4
[2026-10-10 09:46:50,974][agent.finetune.train_ppo_diffusion_agent][INFO] - approx_kl: 0.0, update_epoch: 3, num_batch: 4
[2026-10-10 09:46:52,725][agent.finetune.train_ppo_diffusion_agent][INFO] - approx_kl: 0.0, update_epoch: 3, num_batch: 4
[2026-10-10 09:46:54,573][agent.finetune.train_ppo_diffusion_agent][INFO] - approx_kl: 0.0, update_epoch: 3, num_batch: 4
[2026-10-10 09:46:56,244][agent.finetune.train_ppo_diffusion_agent][INFO] - approx_kl: 0.0, update_epoch: 4, num_batch: 4
[2026-10-10 09:46:58,029][agent.finetune.train_ppo_diffusion_agent][INFO] - approx_kl: 0.0, update_epoch: 4, num_batch: 4
[2026-10-10 09:46:59,781][agent.finetune.train_ppo_diffusion_agent][INFO] - approx_kl: 0.0, update_epoch: 4, num_batch: 4
[2026-10-10 09:47:01,621][agent.finetune.train_ppo_diffusion_agent][INFO] - approx_kl: 0.0, update_epoch: 4, num_batch: 4
[2026-10-10 09:47:08,647][agent.finetune.train_ppo_diffusion_agent][INFO] - 124: step  8960000 | loss  -0.4577 | pg loss  -0.5121 | value loss   0.1087 | bc loss   0.0000 | reward 4214.8295 | eta   1.0000 | t: 56.0111 | kl_true_per_action=0.0006266174181743287 | logratio_p99=0.032634758949279766 | clamp_hit_frac=0.0007708333333333333 | actor_step_ratio=1.0 | actor_step_clipfrac=0.0
[2026-10-10 09:47:08,648][agent.finetune.stage3_support][INFO] - STAGE3_METRICS {"J_disc_train": 1490.9941683906764, "J_disc_train_se": 14.207169726331093, "action_oor_frac": 0.16541666666666666, "adv_raw_mean": 0.0, "adv_raw_std": 140.9267665041392, "diagnostics_seconds": 0.1278484109789133, "episode_count": 80, "explained_var": 0.21509063243865967, "explained_var_reason": null, "grad_cos_prev": 0.011895809518675837, "grad_cos_prev_reason": null, "grad_norm": 11.503197922613145, "policy_action_oor_frac": 0.16543541666666667, "proj_active": false, "reward_clip_frac": 0.0, "rollout_seconds": 13.780263205990195, "split_diff_sq": 583.0689431807702, "split_dot": -13.44366109039702, "theta_dist": 0.08400933299247662, "theta_dist_preproj": 0.08400933299247662, "update_norm": 0.0041781626073961, "update_seconds": 42.09833804611117, "x0_sat_frac_last": 0.06506410256410257, "x0_sat_frac_mean": 0.08341346760582179}
Processed step 0 of 500
Processed step 10 of 500
Processed step 20 of 500
Processed step 30 of 500
Processed step 40 of 500
Processed step 50 of 500
Processed step 60 of 500
Processed step 70 of 500
Processed step 80 of 500
Processed step 90 of 500
Processed step 100 of 500
Processed step 110 of 500
Processed step 120 of 500
Processed step 130 of 500
Processed step 140 of 500
Processed step 150 of 500
Processed step 160 of 500
Processed step 170 of 500
Processed step 180 of 500
Processed step 190 of 500
Processed step 200 of 500
Processed step 210 of 500
Processed step 220 of 500
Processed step 230 of 500
Processed step 240 of 500
Processed step 250 of 500
Processed step 260 of 500
Processed step 270 of 500
Processed step 280 of 500
Processed step 290 of 500
Processed step 300 of 500
Processed step 310 of 500
Processed step 320 of 500
Processed step 330 of 500
Processed step 340 of 500
Processed step 350 of 500
Processed step 360 of 500
Processed step 370 of 500
Processed step 380 of 500
Processed step 390 of 500
Processed step 400 of 500
Processed step 410 of 500
Processed step 420 of 500
Processed step 430 of 500
Processed step 440 of 500
Processed step 450 of 500
Processed step 460 of 500
Processed step 470 of 500
Processed step 480 of 500
Processed step 490 of 500
[2026-10-10 09:47:24,439][agent.finetune.train_ppo_diffusion_agent][INFO] - approx_kl: 0.0, update_epoch: 0, num_batch: 4
[2026-10-10 09:47:26,204][agent.finetune.train_ppo_diffusion_agent][INFO] - approx_kl: 0.0, update_epoch: 0, num_batch: 4
[2026-10-10 09:47:28,020][agent.finetune.train_ppo_diffusion_agent][INFO] - approx_kl: 0.0, update_epoch: 0, num_batch: 4
[2026-10-10 09:47:29,671][agent.finetune.train_ppo_diffusion_agent][INFO] - approx_kl: 0.0, update_epoch: 0, num_batch: 4
[2026-10-10 09:47:31,389][agent.finetune.train_ppo_diffusion_agent][INFO] - approx_kl: 0.0, update_epoch: 1, num_batch: 4
[2026-10-10 09:47:33,131][agent.finetune.train_ppo_diffusion_agent][INFO] - approx_kl: 0.0, update_epoch: 1, num_batch: 4
[2026-10-10 09:47:34,903][agent.finetune.train_ppo_diffusion_agent][INFO] - approx_kl: 0.0, update_epoch: 1, num_batch: 4
[2026-10-10 09:47:36,550][agent.finetune.train_ppo_diffusion_agent][INFO] - approx_kl: 0.0, update_epoch: 1, num_batch: 4
[2026-10-10 09:47:38,275][agent.finetune.train_ppo_diffusion_agent][INFO] - approx_kl: 0.0, update_epoch: 2, num_batch: 4
[2026-10-10 09:47:40,023][agent.finetune.train_ppo_diffusion_agent][INFO] - approx_kl: 0.0, update_epoch: 2, num_batch: 4
[2026-10-10 09:47:41,887][agent.finetune.train_ppo_diffusion_agent][INFO] - approx_kl: 0.0, update_epoch: 2, num_batch: 4
[2026-10-10 09:47:43,555][agent.finetune.train_ppo_diffusion_agent][INFO] - approx_kl: 0.0, update_epoch: 2, num_batch: 4
[2026-10-10 09:47:45,297][agent.finetune.train_ppo_diffusion_agent][INFO] - approx_kl: 0.0, update_epoch: 3, num_batch: 4
[2026-10-10 09:47:47,061][agent.finetune.train_ppo_diffusion_agent][INFO] - approx_kl: 0.0, update_epoch: 3, num_batch: 4
[2026-10-10 09:47:48,875][agent.finetune.train_ppo_diffusion_agent][INFO] - approx_kl: 0.0, update_epoch: 3, num_batch: 4
[2026-10-10 09:47:50,532][agent.finetune.train_ppo_diffusion_agent][INFO] - approx_kl: 0.0, update_epoch: 3, num_batch: 4
[2026-10-10 09:47:52,249][agent.finetune.train_ppo_diffusion_agent][INFO] - approx_kl: 0.0, update_epoch: 4, num_batch: 4
[2026-10-10 09:47:54,008][agent.finetune.train_ppo_diffusion_agent][INFO] - approx_kl: 0.0, update_epoch: 4, num_batch: 4
[2026-10-10 09:47:55,828][agent.finetune.train_ppo_diffusion_agent][INFO] - approx_kl: 0.0, update_epoch: 4, num_batch: 4
[2026-10-10 09:47:57,474][agent.finetune.train_ppo_diffusion_agent][INFO] - approx_kl: 0.0, update_epoch: 4, num_batch: 4
[2026-10-10 09:48:04,429][agent.finetune.train_ppo_diffusion_agent][INFO] - 125: step  9040000 | loss   0.1479 | pg loss   0.0930 | value loss   0.1099 | bc loss   0.0000 | reward 4096.6875 | eta   1.0000 | t: 55.7823 | kl_true_per_action=0.001292585537339375 | logratio_p99=0.047047894001006806 | clamp_hit_frac=0.0008 | actor_step_ratio=1.0 | actor_step_clipfrac=0.0
[2026-10-10 09:48:04,430][agent.finetune.stage3_support][INFO] - STAGE3_METRICS {"J_disc_train": 1443.495958609729, "J_disc_train_se": 17.56159689418095, "action_oor_frac": 0.16320208333333333, "adv_raw_mean": 2.4010660126805305e-14, "adv_raw_std": 185.47380683837682, "diagnostics_seconds": 0.11315914709120989, "episode_count": 80, "explained_var": 0.29819953441619873, "explained_var_reason": null, "grad_cos_prev": -0.003641632653888496, "grad_cos_prev_reason": null, "grad_norm": 15.649382367942428, "policy_action_oor_frac": 0.16324166666666667, "proj_active": false, "reward_clip_frac": 0.0, "rollout_seconds": 13.926982682198286, "split_diff_sq": 969.7060991290668, "split_dot": 2.4766386509857514, "theta_dist": 0.08379141396618354, "theta_dist_preproj": 0.08379141396618354, "update_norm": 0.005684127201898547, "update_seconds": 41.73742310144007, "x0_sat_frac_last": 0.06252121520706042, "x0_sat_frac_mean": 0.08154857858548695}
Processed step 0 of 500
Processed step 10 of 500
Processed step 20 of 500
Processed step 30 of 500
Processed step 40 of 500
Processed step 50 of 500
Processed step 60 of 500
Processed step 70 of 500
Processed step 80 of 500
Processed step 90 of 500
Processed step 100 of 500
Processed step 110 of 500
Processed step 120 of 500
Processed step 130 of 500
Processed step 140 of 500
Processed step 150 of 500
Processed step 160 of 500
Processed step 170 of 500
Processed step 180 of 500
Processed step 190 of 500
Processed step 200 of 500
Processed step 210 of 500
Processed step 220 of 500
Processed step 230 of 500
Processed step 240 of 500
Processed step 250 of 500
Processed step 260 of 500
Processed step 270 of 500
Processed step 280 of 500
Processed step 290 of 500
Processed step 300 of 500
Processed step 310 of 500
Processed step 320 of 500
Processed step 330 of 500
Processed step 340 of 500
Processed step 350 of 500
Processed step 360 of 500
Processed step 370 of 500
Processed step 380 of 500
Processed step 390 of 500
Processed step 400 of 500
Processed step 410 of 500
Processed step 420 of 500
Processed step 430 of 500
Processed step 440 of 500
Processed step 450 of 500
Processed step 460 of 500
Processed step 470 of 500
Processed step 480 of 500
Processed step 490 of 500
[2026-10-10 09:48:21,499][agent.finetune.train_ppo_diffusion_agent][INFO] - approx_kl: 0.0, update_epoch: 0, num_batch: 4
[2026-10-10 09:48:23,261][agent.finetune.train_ppo_diffusion_agent][INFO] - approx_kl: 0.0, update_epoch: 0, num_batch: 4
[2026-10-10 09:48:25,142][agent.finetune.train_ppo_diffusion_agent][INFO] - approx_kl: 0.0, update_epoch: 0, num_batch: 4
[2026-10-10 09:48:26,807][agent.finetune.train_ppo_diffusion_agent][INFO] - approx_kl: 0.0, update_epoch: 0, num_batch: 4
[2026-10-10 09:48:28,577][agent.finetune.train_ppo_diffusion_agent][INFO] - approx_kl: 0.0, update_epoch: 1, num_batch: 4
[2026-10-10 09:48:30,313][agent.finetune.train_ppo_diffusion_agent][INFO] - approx_kl: 0.0, update_epoch: 1, num_batch: 4
[2026-10-10 09:48:32,204][agent.finetune.train_ppo_diffusion_agent][INFO] - approx_kl: 0.0, update_epoch: 1, num_batch: 4
[2026-10-10 09:48:33,866][agent.finetune.train_ppo_diffusion_agent][INFO] - approx_kl: 0.0, update_epoch: 1, num_batch: 4
[2026-10-10 09:48:35,658][agent.finetune.train_ppo_diffusion_agent][INFO] - approx_kl: 0.0, update_epoch: 2, num_batch: 4
[2026-10-10 09:48:37,392][agent.finetune.train_ppo_diffusion_agent][INFO] - approx_kl: 0.0, update_epoch: 2, num_batch: 4
[2026-10-10 09:48:39,274][agent.finetune.train_ppo_diffusion_agent][INFO] - approx_kl: 0.0, update_epoch: 2, num_batch: 4
[2026-10-10 09:48:40,924][agent.finetune.train_ppo_diffusion_agent][INFO] - approx_kl: 0.0, update_epoch: 2, num_batch: 4
[2026-10-10 09:48:42,695][agent.finetune.train_ppo_diffusion_agent][INFO] - approx_kl: 0.0, update_epoch: 3, num_batch: 4
[2026-10-10 09:48:44,448][agent.finetune.train_ppo_diffusion_agent][INFO] - approx_kl: 0.0, update_epoch: 3, num_batch: 4
[2026-10-10 09:48:46,295][agent.finetune.train_ppo_diffusion_agent][INFO] - approx_kl: 0.0, update_epoch: 3, num_batch: 4
[2026-10-10 09:48:47,950][agent.finetune.train_ppo_diffusion_agent][INFO] - approx_kl: 0.0, update_epoch: 3, num_batch: 4
[2026-10-10 09:48:49,630][agent.finetune.train_ppo_diffusion_agent][INFO] - approx_kl: 0.0, update_epoch: 4, num_batch: 4
[2026-10-10 09:48:51,221][agent.finetune.train_ppo_diffusion_agent][INFO] - approx_kl: 0.0, update_epoch: 4, num_batch: 4
[2026-10-10 09:48:52,893][agent.finetune.train_ppo_diffusion_agent][INFO] - approx_kl: 0.0, update_epoch: 4, num_batch: 4
[2026-10-10 09:48:54,532][agent.finetune.train_ppo_diffusion_agent][INFO] - approx_kl: 0.0, update_epoch: 4, num_batch: 4
[2026-10-10 09:49:01,511][agent.finetune.train_ppo_diffusion_agent][INFO] - 126: step  9120000 | loss  -0.0951 | pg loss  -0.1499 | value loss   0.1096 | bc loss   0.0000 | reward 4046.3563 | eta   1.0000 | t: 57.0813 | kl_true_per_action=0.002155491107815142 | logratio_p99=0.06505787253379815 | clamp_hit_frac=0.0007854166666666667 | actor_step_ratio=1.0 | actor_step_clipfrac=0.0
[2026-10-10 09:49:01,511][agent.finetune.stage3_support][INFO] - STAGE3_METRICS {"J_disc_train": 1434.2407618554803, "J_disc_train_se": 19.989473856527948, "action_oor_frac": 0.16139375, "adv_raw_mean": 4.365574568510055e-15, "adv_raw_std": 233.37769129913616, "diagnostics_seconds": 0.11377822421491146, "episode_count": 80, "explained_var": 0.443945050239563, "explained_var_reason": null, "grad_cos_prev": 0.05082883390159973, "grad_cos_prev_reason": null, "grad_norm": 19.168029444143734, "policy_action_oor_frac": 0.16141666666666668, "proj_active": false, "reward_clip_frac": 0.0, "rollout_seconds": 15.092394767329097, "split_diff_sq": 1513.450346601342, "split_dot": -10.949245406089538, "theta_dist": 0.08430590536082885, "theta_dist_preproj": 0.08430590536082885, "update_norm": 0.0069621553856488785, "update_seconds": 41.86817203555256, "x0_sat_frac_last": 0.06568602039053051, "x0_sat_frac_mean": 0.08211109894727008}
Processed step 0 of 500
Processed step 10 of 500
Processed step 20 of 500
Processed step 30 of 500
Processed step 40 of 500
Processed step 50 of 500
Processed step 60 of 500
Processed step 70 of 500
Processed step 80 of 500
Processed step 90 of 500
Processed step 100 of 500
Processed step 110 of 500
Processed step 120 of 500
Processed step 130 of 500
Processed step 140 of 500
Processed step 150 of 500
Processed step 160 of 500
Processed step 170 of 500
Processed step 180 of 500
Processed step 190 of 500
Processed step 200 of 500
Processed step 210 of 500
Processed step 220 of 500
Processed step 230 of 500
Processed step 240 of 500
Processed step 250 of 500
Processed step 260 of 500
Processed step 270 of 500
Processed step 280 of 500
Processed step 290 of 500
Processed step 300 of 500
Processed step 310 of 500
Processed step 320 of 500
Processed step 330 of 500
Processed step 340 of 500
Processed step 350 of 500
Processed step 360 of 500
Processed step 370 of 500
Processed step 380 of 500
Processed step 390 of 500
Processed step 400 of 500
Processed step 410 of 500
Processed step 420 of 500
Processed step 430 of 500
Processed step 440 of 500
Processed step 450 of 500
Processed step 460 of 500
Processed step 470 of 500
Processed step 480 of 500
Processed step 490 of 500
[2026-10-10 09:49:16,459][agent.finetune.train_ppo_diffusion_agent][INFO] - approx_kl: 0.0, update_epoch: 0, num_batch: 4
[2026-10-10 09:49:18,659][agent.finetune.train_ppo_diffusion_agent][INFO] - approx_kl: 0.0, update_epoch: 0, num_batch: 4
[2026-10-10 09:49:21,098][agent.finetune.train_ppo_diffusion_agent][INFO] - approx_kl: 0.0, update_epoch: 0, num_batch: 4
[2026-10-10 09:49:23,043][agent.finetune.train_ppo_diffusion_agent][INFO] - approx_kl: 0.0, update_epoch: 0, num_batch: 4
[2026-10-10 09:49:25,141][agent.finetune.train_ppo_diffusion_agent][INFO] - approx_kl: 0.0, update_epoch: 1, num_batch: 4
[2026-10-10 09:49:27,337][agent.finetune.train_ppo_diffusion_agent][INFO] - approx_kl: 0.0, update_epoch: 1, num_batch: 4
[2026-10-10 09:49:29,231][agent.finetune.train_ppo_diffusion_agent][INFO] - approx_kl: 0.0, update_epoch: 1, num_batch: 4
[2026-10-10 09:49:31,121][agent.finetune.train_ppo_diffusion_agent][INFO] - approx_kl: 0.0, update_epoch: 1, num_batch: 4
[2026-10-10 09:49:32,915][agent.finetune.train_ppo_diffusion_agent][INFO] - approx_kl: 0.0, update_epoch: 2, num_batch: 4
[2026-10-10 09:49:34,826][agent.finetune.train_ppo_diffusion_agent][INFO] - approx_kl: 0.0, update_epoch: 2, num_batch: 4
[2026-10-10 09:49:36,509][agent.finetune.train_ppo_diffusion_agent][INFO] - approx_kl: 0.0, update_epoch: 2, num_batch: 4
[2026-10-10 09:49:38,293][agent.finetune.train_ppo_diffusion_agent][INFO] - approx_kl: 0.0, update_epoch: 2, num_batch: 4
[2026-10-10 09:49:40,087][agent.finetune.train_ppo_diffusion_agent][INFO] - approx_kl: 0.0, update_epoch: 3, num_batch: 4
[2026-10-10 09:49:41,961][agent.finetune.train_ppo_diffusion_agent][INFO] - approx_kl: 0.0, update_epoch: 3, num_batch: 4
[2026-10-10 09:49:43,624][agent.finetune.train_ppo_diffusion_agent][INFO] - approx_kl: 0.0, update_epoch: 3, num_batch: 4
[2026-10-10 09:49:45,445][agent.finetune.train_ppo_diffusion_agent][INFO] - approx_kl: 0.0, update_epoch: 3, num_batch: 4
[2026-10-10 09:49:47,243][agent.finetune.train_ppo_diffusion_agent][INFO] - approx_kl: 0.0, update_epoch: 4, num_batch: 4
[2026-10-10 09:49:49,136][agent.finetune.train_ppo_diffusion_agent][INFO] - approx_kl: 0.0, update_epoch: 4, num_batch: 4
[2026-10-10 09:49:50,798][agent.finetune.train_ppo_diffusion_agent][INFO] - approx_kl: 0.0, update_epoch: 4, num_batch: 4
[2026-10-10 09:49:52,578][agent.finetune.train_ppo_diffusion_agent][INFO] - approx_kl: 0.0, update_epoch: 4, num_batch: 4
[2026-10-10 09:50:00,044][agent.finetune.train_ppo_diffusion_agent][INFO] - 127: step  9200000 | loss   0.3566 | pg loss   0.3016 | value loss   0.1100 | bc loss   0.0000 | reward 4063.0959 | eta   1.0000 | t: 58.5335 | kl_true_per_action=0.004915020453936388 | logratio_p99=0.10916818976402275 | clamp_hit_frac=0.0007520833333333333 | actor_step_ratio=1.0 | actor_step_clipfrac=0.0
[2026-10-10 09:50:00,045][agent.finetune.stage3_support][INFO] - STAGE3_METRICS {"J_disc_train": 1423.3676303481932, "J_disc_train_se": 25.416690332391475, "action_oor_frac": 0.16363958333333334, "adv_raw_mean": 2.255546860396862e-14, "adv_raw_std": 251.8180940809786, "diagnostics_seconds": 0.12274914607405663, "episode_count": 80, "explained_var": 0.4740918278694153, "explained_var_reason": null, "grad_cos_prev": 0.08877030134054635, "grad_cos_prev_reason": null, "grad_norm": 22.11061258336555, "policy_action_oor_frac": 0.16365625, "proj_active": false, "reward_clip_frac": 0.0, "rollout_seconds": 12.337199333123863, "split_diff_sq": 2089.88237819244, "split_dot": -33.59142773333762, "theta_dist": 0.08493856937133665, "theta_dist_preproj": 0.08493856937133665, "update_norm": 0.008030941912570484, "update_seconds": 46.06866382714361, "x0_sat_frac_last": 0.07024289796604472, "x0_sat_frac_mean": 0.08464257666696273}
Processed step 0 of 500
Processed step 10 of 500
Processed step 20 of 500
Processed step 30 of 500
Processed step 40 of 500
Processed step 50 of 500
Processed step 60 of 500
Processed step 70 of 500
Processed step 80 of 500
Processed step 90 of 500
Processed step 100 of 500
Processed step 110 of 500
Processed step 120 of 500
Processed step 130 of 500
Processed step 140 of 500
Processed step 150 of 500
Processed step 160 of 500
Processed step 170 of 500
Processed step 180 of 500
Processed step 190 of 500
Processed step 200 of 500
Processed step 210 of 500
Processed step 220 of 500
Processed step 230 of 500
Processed step 240 of 500
Processed step 250 of 500
Processed step 260 of 500
Processed step 270 of 500
Processed step 280 of 500
Processed step 290 of 500
Processed step 300 of 500
Processed step 310 of 500
Processed step 320 of 500
Processed step 330 of 500
Processed step 340 of 500
Processed step 350 of 500
Processed step 360 of 500
Processed step 370 of 500
Processed step 380 of 500
Processed step 390 of 500
Processed step 400 of 500
Processed step 410 of 500
Processed step 420 of 500
Processed step 430 of 500
Processed step 440 of 500
Processed step 450 of 500
Processed step 460 of 500
Processed step 470 of 500
Processed step 480 of 500
Processed step 490 of 500
[2026-10-10 09:50:14,870][agent.finetune.train_ppo_diffusion_agent][INFO] - approx_kl: 0.0, update_epoch: 0, num_batch: 4
[2026-10-10 09:50:16,686][agent.finetune.train_ppo_diffusion_agent][INFO] - approx_kl: 0.0, update_epoch: 0, num_batch: 4
[2026-10-10 09:50:18,337][agent.finetune.train_ppo_diffusion_agent][INFO] - approx_kl: 0.0, update_epoch: 0, num_batch: 4
[2026-10-10 09:50:20,060][agent.finetune.train_ppo_diffusion_agent][INFO] - approx_kl: 0.0, update_epoch: 0, num_batch: 4
[2026-10-10 09:50:21,806][agent.finetune.train_ppo_diffusion_agent][INFO] - approx_kl: 0.0, update_epoch: 1, num_batch: 4
[2026-10-10 09:50:23,627][agent.finetune.train_ppo_diffusion_agent][INFO] - approx_kl: 0.0, update_epoch: 1, num_batch: 4
[2026-10-10 09:50:25,263][agent.finetune.train_ppo_diffusion_agent][INFO] - approx_kl: 0.0, update_epoch: 1, num_batch: 4
[2026-10-10 09:50:26,992][agent.finetune.train_ppo_diffusion_agent][INFO] - approx_kl: 0.0, update_epoch: 1, num_batch: 4
[2026-10-10 09:50:28,725][agent.finetune.train_ppo_diffusion_agent][INFO] - approx_kl: 0.0, update_epoch: 2, num_batch: 4
[2026-10-10 09:50:30,550][agent.finetune.train_ppo_diffusion_agent][INFO] - approx_kl: 0.0, update_epoch: 2, num_batch: 4
[2026-10-10 09:50:32,191][agent.finetune.train_ppo_diffusion_agent][INFO] - approx_kl: 0.0, update_epoch: 2, num_batch: 4
[2026-10-10 09:50:33,923][agent.finetune.train_ppo_diffusion_agent][INFO] - approx_kl: 0.0, update_epoch: 2, num_batch: 4
[2026-10-10 09:50:35,669][agent.finetune.train_ppo_diffusion_agent][INFO] - approx_kl: 0.0, update_epoch: 3, num_batch: 4
[2026-10-10 09:50:37,489][agent.finetune.train_ppo_diffusion_agent][INFO] - approx_kl: 0.0, update_epoch: 3, num_batch: 4
[2026-10-10 09:50:39,127][agent.finetune.train_ppo_diffusion_agent][INFO] - approx_kl: 0.0, update_epoch: 3, num_batch: 4
[2026-10-10 09:50:40,822][agent.finetune.train_ppo_diffusion_agent][INFO] - approx_kl: 0.0, update_epoch: 3, num_batch: 4
[2026-10-10 09:50:42,539][agent.finetune.train_ppo_diffusion_agent][INFO] - approx_kl: 0.0, update_epoch: 4, num_batch: 4
[2026-10-10 09:50:44,350][agent.finetune.train_ppo_diffusion_agent][INFO] - approx_kl: 0.0, update_epoch: 4, num_batch: 4
[2026-10-10 09:50:45,982][agent.finetune.train_ppo_diffusion_agent][INFO] - approx_kl: 0.0, update_epoch: 4, num_batch: 4
[2026-10-10 09:50:47,687][agent.finetune.train_ppo_diffusion_agent][INFO] - approx_kl: 0.0, update_epoch: 4, num_batch: 4
[2026-10-10 09:50:54,579][agent.finetune.train_ppo_diffusion_agent][INFO] - 128: step  9280000 | loss  -0.3049 | pg loss  -0.3611 | value loss   0.1124 | bc loss   0.0000 | reward 4071.1215 | eta   1.0000 | t: 54.5345 | kl_true_per_action=0.0015569350178800147 | logratio_p99=0.056394531726837054 | clamp_hit_frac=0.0007854166666666667 | actor_step_ratio=1.0 | actor_step_clipfrac=0.0
[2026-10-10 09:50:54,580][agent.finetune.stage3_support][INFO] - STAGE3_METRICS {"J_disc_train": 1447.1210323299633, "J_disc_train_se": 14.969993182069253, "action_oor_frac": 0.16635416666666666, "adv_raw_mean": 5.820766091346741e-15, "adv_raw_std": 217.52310889162706, "diagnostics_seconds": 0.11578841228038073, "episode_count": 80, "explained_var": 0.43815845251083374, "explained_var_reason": null, "grad_cos_prev": -0.009655515862056306, "grad_cos_prev_reason": null, "grad_norm": 15.651981519204364, "policy_action_oor_frac": 0.16638333333333333, "proj_active": false, "reward_clip_frac": 0.0, "rollout_seconds": 12.437659959308803, "split_diff_sq": 903.0230785928986, "split_dot": 19.228754820310662, "theta_dist": 0.08562491197734978, "theta_dist_preproj": 0.08562491197734978, "update_norm": 0.005685065196775648, "update_seconds": 41.871256368234754, "x0_sat_frac_last": 0.07897429600523903, "x0_sat_frac_mean": 0.08606910388633167}
Processed step 0 of 500
Processed step 10 of 500
Processed step 20 of 500
Processed step 30 of 500
Processed step 40 of 500
Processed step 50 of 500
Processed step 60 of 500
Processed step 70 of 500
Processed step 80 of 500
Processed step 90 of 500
Processed step 100 of 500
Processed step 110 of 500
Processed step 120 of 500
Processed step 130 of 500
Processed step 140 of 500
Processed step 150 of 500
Processed step 160 of 500
Processed step 170 of 500
Processed step 180 of 500
Processed step 190 of 500
Processed step 200 of 500
Processed step 210 of 500
Processed step 220 of 500
Processed step 230 of 500
Processed step 240 of 500
Processed step 250 of 500
Processed step 260 of 500
Processed step 270 of 500
Processed step 280 of 500
Processed step 290 of 500
Processed step 300 of 500
Processed step 310 of 500
Processed step 320 of 500
Processed step 330 of 500
Processed step 340 of 500
Processed step 350 of 500
Processed step 360 of 500
Processed step 370 of 500
Processed step 380 of 500
Processed step 390 of 500
Processed step 400 of 500
Processed step 410 of 500
Processed step 420 of 500
Processed step 430 of 500
Processed step 440 of 500
Processed step 450 of 500
Processed step 460 of 500
Processed step 470 of 500
Processed step 480 of 500
Processed step 490 of 500
[2026-10-10 09:51:08,868][agent.finetune.train_ppo_diffusion_agent][INFO] - approx_kl: 0.0, update_epoch: 0, num_batch: 4
[2026-10-10 09:51:10,683][agent.finetune.train_ppo_diffusion_agent][INFO] - approx_kl: 0.0, update_epoch: 0, num_batch: 4
[2026-10-10 09:51:12,335][agent.finetune.train_ppo_diffusion_agent][INFO] - approx_kl: 0.0, update_epoch: 0, num_batch: 4
[2026-10-10 09:51:14,043][agent.finetune.train_ppo_diffusion_agent][INFO] - approx_kl: 0.0, update_epoch: 0, num_batch: 4
[2026-10-10 09:51:15,760][agent.finetune.train_ppo_diffusion_agent][INFO] - approx_kl: 0.0, update_epoch: 1, num_batch: 4
[2026-10-10 09:51:17,556][agent.finetune.train_ppo_diffusion_agent][INFO] - approx_kl: 0.0, update_epoch: 1, num_batch: 4
[2026-10-10 09:51:19,221][agent.finetune.train_ppo_diffusion_agent][INFO] - approx_kl: 0.0, update_epoch: 1, num_batch: 4
[2026-10-10 09:51:20,949][agent.finetune.train_ppo_diffusion_agent][INFO] - approx_kl: 0.0, update_epoch: 1, num_batch: 4
[2026-10-10 09:51:22,696][agent.finetune.train_ppo_diffusion_agent][INFO] - approx_kl: 0.0, update_epoch: 2, num_batch: 4
[2026-10-10 09:51:24,499][agent.finetune.train_ppo_diffusion_agent][INFO] - approx_kl: 0.0, update_epoch: 2, num_batch: 4
[2026-10-10 09:51:26,120][agent.finetune.train_ppo_diffusion_agent][INFO] - approx_kl: 0.0, update_epoch: 2, num_batch: 4
[2026-10-10 09:51:27,865][agent.finetune.train_ppo_diffusion_agent][INFO] - approx_kl: 0.0, update_epoch: 2, num_batch: 4
[2026-10-10 09:51:29,552][agent.finetune.train_ppo_diffusion_agent][INFO] - approx_kl: 0.0, update_epoch: 3, num_batch: 4
[2026-10-10 09:51:31,316][agent.finetune.train_ppo_diffusion_agent][INFO] - approx_kl: 0.0, update_epoch: 3, num_batch: 4
[2026-10-10 09:51:32,880][agent.finetune.train_ppo_diffusion_agent][INFO] - approx_kl: 0.0, update_epoch: 3, num_batch: 4
[2026-10-10 09:51:34,541][agent.finetune.train_ppo_diffusion_agent][INFO] - approx_kl: 0.0, update_epoch: 3, num_batch: 4
[2026-10-10 09:51:36,191][agent.finetune.train_ppo_diffusion_agent][INFO] - approx_kl: 0.0, update_epoch: 4, num_batch: 4
[2026-10-10 09:51:37,922][agent.finetune.train_ppo_diffusion_agent][INFO] - approx_kl: 0.0, update_epoch: 4, num_batch: 4
[2026-10-10 09:51:39,501][agent.finetune.train_ppo_diffusion_agent][INFO] - approx_kl: 0.0, update_epoch: 4, num_batch: 4
[2026-10-10 09:51:41,165][agent.finetune.train_ppo_diffusion_agent][INFO] - approx_kl: 0.0, update_epoch: 4, num_batch: 4
[2026-10-10 09:51:47,916][agent.finetune.train_ppo_diffusion_agent][INFO] - 129: step  9360000 | loss   0.0487 | pg loss  -0.0069 | value loss   0.1111 | bc loss   0.0000 | reward 4123.8395 | eta   1.0000 | t: 53.3371 | kl_true_per_action=0.0012581100894534653 | logratio_p99=0.04639142870903014 | clamp_hit_frac=0.0007625 | actor_step_ratio=1.0 | actor_step_clipfrac=0.0
[2026-10-10 09:51:47,916][agent.finetune.stage3_support][INFO] - STAGE3_METRICS {"J_disc_train": 1459.0966296465479, "J_disc_train_se": 17.256719731354732, "action_oor_frac": 0.16864583333333333, "adv_raw_mean": -2.1827872842550276e-15, "adv_raw_std": 205.46168351905376, "diagnostics_seconds": 0.11015053186565638, "episode_count": 80, "explained_var": 0.3712660074234009, "explained_var_reason": null, "grad_cos_prev": 0.022572045494792102, "grad_cos_prev_reason": null, "grad_norm": 16.102165451563614, "policy_action_oor_frac": 0.16867708333333334, "proj_active": false, "reward_clip_frac": 0.0, "rollout_seconds": 12.279064136557281, "split_diff_sq": 1053.3196611007988, "split_dot": -4.050171456478118, "theta_dist": 0.08575936611356089, "theta_dist_preproj": 0.08575936611356089, "update_norm": 0.005848590287027855, "update_seconds": 40.942588611505926, "x0_sat_frac_last": 0.08531547320981472, "x0_sat_frac_mean": 0.08651365515271009}
Processed step 0 of 500
Processed step 10 of 500
Processed step 20 of 500
Processed step 30 of 500
Processed step 40 of 500
Processed step 50 of 500
Processed step 60 of 500
Processed step 70 of 500
Processed step 80 of 500
Processed step 90 of 500
Processed step 100 of 500
Processed step 110 of 500
Processed step 120 of 500
Processed step 130 of 500
Processed step 140 of 500
Processed step 150 of 500
Processed step 160 of 500
Processed step 170 of 500
Processed step 180 of 500
Processed step 190 of 500
Processed step 200 of 500
Processed step 210 of 500
Processed step 220 of 500
Processed step 230 of 500
Processed step 240 of 500
Processed step 250 of 500
Processed step 260 of 500
Processed step 270 of 500
Processed step 280 of 500
Processed step 290 of 500
Processed step 300 of 500
Processed step 310 of 500
Processed step 320 of 500
Processed step 330 of 500
Processed step 340 of 500
Processed step 350 of 500
Processed step 360 of 500
Processed step 370 of 500
Processed step 380 of 500
Processed step 390 of 500
Processed step 400 of 500
Processed step 410 of 500
Processed step 420 of 500
Processed step 430 of 500
Processed step 440 of 500
Processed step 450 of 500
Processed step 460 of 500
Processed step 470 of 500
Processed step 480 of 500
Processed step 490 of 500
[2026-10-10 09:52:01,472][agent.finetune.train_ppo_diffusion_agent][INFO] - eval: success rate   1.0000 | avg episode reward 4526.8458 | avg best reward   6.5918
[2026-10-10 09:52:01,473][agent.finetune.stage3_support][INFO] - STAGE3_METRICS {"J_disc_eval": 1591.29413552356, "J_disc_eval_se": 11.550095958521718, "action_oor_frac": 0.0, "diagnostics_seconds": 0.0070989420637488365, "episode_count": 80, "policy_action_oor_frac": 0.0, "rollout_seconds": 13.544520354829729, "update_seconds": 0.0}
Processed step 0 of 500
Processed step 10 of 500
Processed step 20 of 500
Processed step 30 of 500
Processed step 40 of 500
Processed step 50 of 500
Processed step 60 of 500
Processed step 70 of 500
Processed step 80 of 500
Processed step 90 of 500
Processed step 100 of 500
Processed step 110 of 500
Processed step 120 of 500
Processed step 130 of 500
Processed step 140 of 500
Processed step 150 of 500
Processed step 160 of 500
Processed step 170 of 500
Processed step 180 of 500
Processed step 190 of 500
Processed step 200 of 500
Processed step 210 of 500
Processed step 220 of 500
Processed step 230 of 500
Processed step 240 of 500
Processed step 250 of 500
Processed step 260 of 500
Processed step 270 of 500
Processed step 280 of 500
Processed step 290 of 500
Processed step 300 of 500
Processed step 310 of 500
Processed step 320 of 500
Processed step 330 of 500
Processed step 340 of 500
Processed step 350 of 500
Processed step 360 of 500
Processed step 370 of 500
Processed step 380 of 500
Processed step 390 of 500
Processed step 400 of 500
Processed step 410 of 500
Processed step 420 of 500
Processed step 430 of 500
Processed step 440 of 500
Processed step 450 of 500
Processed step 460 of 500
Processed step 470 of 500
Processed step 480 of 500
Processed step 490 of 500
[2026-10-10 09:52:18,699][agent.finetune.train_ppo_diffusion_agent][INFO] - approx_kl: 0.0, update_epoch: 0, num_batch: 4
[2026-10-10 09:52:20,511][agent.finetune.train_ppo_diffusion_agent][INFO] - approx_kl: 0.0, update_epoch: 0, num_batch: 4
[2026-10-10 09:52:22,131][agent.finetune.train_ppo_diffusion_agent][INFO] - approx_kl: 0.0, update_epoch: 0, num_batch: 4
[2026-10-10 09:52:23,851][agent.finetune.train_ppo_diffusion_agent][INFO] - approx_kl: 0.0, update_epoch: 0, num_batch: 4
[2026-10-10 09:52:25,570][agent.finetune.train_ppo_diffusion_agent][INFO] - approx_kl: 0.0, update_epoch: 1, num_batch: 4
[2026-10-10 09:52:27,404][agent.finetune.train_ppo_diffusion_agent][INFO] - approx_kl: 0.0, update_epoch: 1, num_batch: 4
[2026-10-10 09:52:29,040][agent.finetune.train_ppo_diffusion_agent][INFO] - approx_kl: 0.0, update_epoch: 1, num_batch: 4
[2026-10-10 09:52:30,837][agent.finetune.train_ppo_diffusion_agent][INFO] - approx_kl: 0.0, update_epoch: 1, num_batch: 4
[2026-10-10 09:52:32,580][agent.finetune.train_ppo_diffusion_agent][INFO] - approx_kl: 0.0, update_epoch: 2, num_batch: 4
[2026-10-10 09:52:34,434][agent.finetune.train_ppo_diffusion_agent][INFO] - approx_kl: 0.0, update_epoch: 2, num_batch: 4
[2026-10-10 09:52:36,067][agent.finetune.train_ppo_diffusion_agent][INFO] - approx_kl: 0.0, update_epoch: 2, num_batch: 4
[2026-10-10 09:52:37,748][agent.finetune.train_ppo_diffusion_agent][INFO] - approx_kl: 0.0, update_epoch: 2, num_batch: 4
[2026-10-10 09:52:39,497][agent.finetune.train_ppo_diffusion_agent][INFO] - approx_kl: 0.0, update_epoch: 3, num_batch: 4
[2026-10-10 09:52:41,311][agent.finetune.train_ppo_diffusion_agent][INFO] - approx_kl: 0.0, update_epoch: 3, num_batch: 4
[2026-10-10 09:52:42,971][agent.finetune.train_ppo_diffusion_agent][INFO] - approx_kl: 0.0, update_epoch: 3, num_batch: 4
[2026-10-10 09:52:44,691][agent.finetune.train_ppo_diffusion_agent][INFO] - approx_kl: 0.0, update_epoch: 3, num_batch: 4
[2026-10-10 09:52:46,406][agent.finetune.train_ppo_diffusion_agent][INFO] - approx_kl: 0.0, update_epoch: 4, num_batch: 4
[2026-10-10 09:52:48,207][agent.finetune.train_ppo_diffusion_agent][INFO] - approx_kl: 0.0, update_epoch: 4, num_batch: 4
[2026-10-10 09:52:49,847][agent.finetune.train_ppo_diffusion_agent][INFO] - approx_kl: 0.0, update_epoch: 4, num_batch: 4
[2026-10-10 09:52:51,573][agent.finetune.train_ppo_diffusion_agent][INFO] - approx_kl: 0.0, update_epoch: 4, num_batch: 4
[2026-10-10 09:52:58,526][agent.finetune.train_ppo_diffusion_agent][INFO] - 131: step  9440000 | loss   0.4036 | pg loss   0.3483 | value loss   0.1105 | bc loss   0.0000 | reward 4026.0180 | eta   1.0000 | t: 57.0539 | kl_true_per_action=0.002519593229057965 | logratio_p99=0.07074153065681456 | clamp_hit_frac=0.0007770833333333333 | actor_step_ratio=1.0 | actor_step_clipfrac=0.0
[2026-10-10 09:52:58,527][agent.finetune.stage3_support][INFO] - STAGE3_METRICS {"J_disc_train": 1434.6747660698243, "J_disc_train_se": 21.155184884533558, "action_oor_frac": 0.1661875, "adv_raw_mean": -1.2369127944111823e-14, "adv_raw_std": 224.28828824011842, "diagnostics_seconds": 0.11976200249046087, "episode_count": 80, "explained_var": 0.46126532554626465, "explained_var_reason": null, "grad_cos_prev": -0.057064630651351214, "grad_cos_prev_reason": null, "grad_norm": 18.88728009773759, "policy_action_oor_frac": 0.16620208333333333, "proj_active": false, "reward_clip_frac": 0.0, "rollout_seconds": 15.267719148658216, "split_diff_sq": 1442.8023192865214, "split_dot": -3.9712083082628893, "theta_dist": 0.08610849481616077, "theta_dist_preproj": 0.08610849481616077, "update_norm": 0.0068601858690836666, "update_seconds": 41.66141359321773, "x0_sat_frac_last": 0.08516392078548844, "x0_sat_frac_mean": 0.08450340323122663}
Processed step 0 of 500
Processed step 10 of 500
Processed step 20 of 500
Processed step 30 of 500
Processed step 40 of 500
Processed step 50 of 500
Processed step 60 of 500
Processed step 70 of 500
Processed step 80 of 500
Processed step 90 of 500
Processed step 100 of 500
Processed step 110 of 500
Processed step 120 of 500
Processed step 130 of 500
Processed step 140 of 500
Processed step 150 of 500
Processed step 160 of 500
Processed step 170 of 500
Processed step 180 of 500
Processed step 190 of 500
Processed step 200 of 500
Processed step 210 of 500
Processed step 220 of 500
Processed step 230 of 500
Processed step 240 of 500
Processed step 250 of 500
Processed step 260 of 500
Processed step 270 of 500
Processed step 280 of 500
Processed step 290 of 500
Processed step 300 of 500
Processed step 310 of 500
Processed step 320 of 500
Processed step 330 of 500
Processed step 340 of 500
Processed step 350 of 500
Processed step 360 of 500
Processed step 370 of 500
Processed step 380 of 500
Processed step 390 of 500
Processed step 400 of 500
Processed step 410 of 500
Processed step 420 of 500
Processed step 430 of 500
Processed step 440 of 500
Processed step 450 of 500
Processed step 460 of 500
Processed step 470 of 500
Processed step 480 of 500
Processed step 490 of 500
[2026-10-10 09:53:14,672][agent.finetune.train_ppo_diffusion_agent][INFO] - approx_kl: 0.0, update_epoch: 0, num_batch: 4
[2026-10-10 09:53:16,316][agent.finetune.train_ppo_diffusion_agent][INFO] - approx_kl: 0.0, update_epoch: 0, num_batch: 4
[2026-10-10 09:53:18,043][agent.finetune.train_ppo_diffusion_agent][INFO] - approx_kl: 0.0, update_epoch: 0, num_batch: 4
[2026-10-10 09:53:19,754][agent.finetune.train_ppo_diffusion_agent][INFO] - approx_kl: 0.0, update_epoch: 0, num_batch: 4
[2026-10-10 09:53:21,588][agent.finetune.train_ppo_diffusion_agent][INFO] - approx_kl: 0.0, update_epoch: 1, num_batch: 4
[2026-10-10 09:53:23,238][agent.finetune.train_ppo_diffusion_agent][INFO] - approx_kl: 0.0, update_epoch: 1, num_batch: 4
[2026-10-10 09:53:24,969][agent.finetune.train_ppo_diffusion_agent][INFO] - approx_kl: 0.0, update_epoch: 1, num_batch: 4
[2026-10-10 09:53:26,750][agent.finetune.train_ppo_diffusion_agent][INFO] - approx_kl: 0.0, update_epoch: 1, num_batch: 4
[2026-10-10 09:53:28,606][agent.finetune.train_ppo_diffusion_agent][INFO] - approx_kl: 0.0, update_epoch: 2, num_batch: 4
[2026-10-10 09:53:30,261][agent.finetune.train_ppo_diffusion_agent][INFO] - approx_kl: 0.0, update_epoch: 2, num_batch: 4
[2026-10-10 09:53:32,011][agent.finetune.train_ppo_diffusion_agent][INFO] - approx_kl: 0.0, update_epoch: 2, num_batch: 4
[2026-10-10 09:53:33,736][agent.finetune.train_ppo_diffusion_agent][INFO] - approx_kl: 0.0, update_epoch: 2, num_batch: 4
[2026-10-10 09:53:35,549][agent.finetune.train_ppo_diffusion_agent][INFO] - approx_kl: 0.0, update_epoch: 3, num_batch: 4
[2026-10-10 09:53:37,186][agent.finetune.train_ppo_diffusion_agent][INFO] - approx_kl: 0.0, update_epoch: 3, num_batch: 4
[2026-10-10 09:53:38,902][agent.finetune.train_ppo_diffusion_agent][INFO] - approx_kl: 0.0, update_epoch: 3, num_batch: 4
[2026-10-10 09:53:40,642][agent.finetune.train_ppo_diffusion_agent][INFO] - approx_kl: 0.0, update_epoch: 3, num_batch: 4
[2026-10-10 09:53:42,464][agent.finetune.train_ppo_diffusion_agent][INFO] - approx_kl: 0.0, update_epoch: 4, num_batch: 4
[2026-10-10 09:53:44,124][agent.finetune.train_ppo_diffusion_agent][INFO] - approx_kl: 0.0, update_epoch: 4, num_batch: 4
[2026-10-10 09:53:45,830][agent.finetune.train_ppo_diffusion_agent][INFO] - approx_kl: 0.0, update_epoch: 4, num_batch: 4
[2026-10-10 09:53:47,564][agent.finetune.train_ppo_diffusion_agent][INFO] - approx_kl: 0.0, update_epoch: 4, num_batch: 4
[2026-10-10 09:53:54,502][agent.finetune.train_ppo_diffusion_agent][INFO] - 132: step  9520000 | loss   0.0575 | pg loss   0.0032 | value loss   0.1088 | bc loss   0.0000 | reward 4161.2562 | eta   1.0000 | t: 55.9756 | kl_true_per_action=0.0012151266318747586 | logratio_p99=0.048817652463912696 | clamp_hit_frac=0.0007729166666666667 | actor_step_ratio=1.0 | actor_step_clipfrac=0.0
[2026-10-10 09:53:54,502][agent.finetune.stage3_support][INFO] - STAGE3_METRICS {"J_disc_train": 1467.699550217048, "J_disc_train_se": 16.545036555159886, "action_oor_frac": 0.1700875, "adv_raw_mean": -1.0732037480920553e-14, "adv_raw_std": 170.23373556934274, "diagnostics_seconds": 0.1277342177927494, "episode_count": 80, "explained_var": 0.23720425367355347, "explained_var_reason": null, "grad_cos_prev": 0.04102928190819953, "grad_cos_prev_reason": null, "grad_norm": 14.088286740560308, "policy_action_oor_frac": 0.1701125, "proj_active": false, "reward_clip_frac": 0.0, "rollout_seconds": 14.038454493507743, "split_diff_sq": 753.2545072439436, "split_dot": 10.166201153005895, "theta_dist": 0.08620003416343355, "theta_dist_preproj": 0.08620003416343355, "update_norm": 0.005117111293573446, "update_seconds": 41.804697529412806, "x0_sat_frac_last": 0.08795362903225808, "x0_sat_frac_mean": 0.08936556843506485}
Processed step 0 of 500
Processed step 10 of 500
Processed step 20 of 500
Processed step 30 of 500
Processed step 40 of 500
Processed step 50 of 500
Processed step 60 of 500
Processed step 70 of 500
Processed step 80 of 500
Processed step 90 of 500
Processed step 100 of 500
Processed step 110 of 500
Processed step 120 of 500
Processed step 130 of 500
Processed step 140 of 500
Processed step 150 of 500
Processed step 160 of 500
Processed step 170 of 500
Processed step 180 of 500
Processed step 190 of 500
Processed step 200 of 500
Processed step 210 of 500
Processed step 220 of 500
Processed step 230 of 500
Processed step 240 of 500
Processed step 250 of 500
Processed step 260 of 500
Processed step 270 of 500
Processed step 280 of 500
Processed step 290 of 500
Processed step 300 of 500
Processed step 310 of 500
Processed step 320 of 500
Processed step 330 of 500
Processed step 340 of 500
Processed step 350 of 500
Processed step 360 of 500
Processed step 370 of 500
Processed step 380 of 500
Processed step 390 of 500
Processed step 400 of 500
Processed step 410 of 500
Processed step 420 of 500
Processed step 430 of 500
Processed step 440 of 500
Processed step 450 of 500
Processed step 460 of 500
Processed step 470 of 500
Processed step 480 of 500
Processed step 490 of 500
[2026-10-10 09:54:09,937][agent.finetune.train_ppo_diffusion_agent][INFO] - approx_kl: 0.0, update_epoch: 0, num_batch: 4
[2026-10-10 09:54:11,496][agent.finetune.train_ppo_diffusion_agent][INFO] - approx_kl: 0.0, update_epoch: 0, num_batch: 4
[2026-10-10 09:54:13,264][agent.finetune.train_ppo_diffusion_agent][INFO] - approx_kl: 0.0, update_epoch: 0, num_batch: 4
[2026-10-10 09:54:14,984][agent.finetune.train_ppo_diffusion_agent][INFO] - approx_kl: 0.0, update_epoch: 0, num_batch: 4
[2026-10-10 09:54:16,795][agent.finetune.train_ppo_diffusion_agent][INFO] - approx_kl: 0.0, update_epoch: 1, num_batch: 4
[2026-10-10 09:54:18,425][agent.finetune.train_ppo_diffusion_agent][INFO] - approx_kl: 0.0, update_epoch: 1, num_batch: 4
[2026-10-10 09:54:20,152][agent.finetune.train_ppo_diffusion_agent][INFO] - approx_kl: 0.0, update_epoch: 1, num_batch: 4
[2026-10-10 09:54:21,883][agent.finetune.train_ppo_diffusion_agent][INFO] - approx_kl: 0.0, update_epoch: 1, num_batch: 4
[2026-10-10 09:54:23,710][agent.finetune.train_ppo_diffusion_agent][INFO] - approx_kl: 0.0, update_epoch: 2, num_batch: 4
[2026-10-10 09:54:25,352][agent.finetune.train_ppo_diffusion_agent][INFO] - approx_kl: 0.0, update_epoch: 2, num_batch: 4
[2026-10-10 09:54:27,080][agent.finetune.train_ppo_diffusion_agent][INFO] - approx_kl: 0.0, update_epoch: 2, num_batch: 4
[2026-10-10 09:54:28,823][agent.finetune.train_ppo_diffusion_agent][INFO] - approx_kl: 0.0, update_epoch: 2, num_batch: 4
[2026-10-10 09:54:30,650][agent.finetune.train_ppo_diffusion_agent][INFO] - approx_kl: 0.0, update_epoch: 3, num_batch: 4
[2026-10-10 09:54:32,311][agent.finetune.train_ppo_diffusion_agent][INFO] - approx_kl: 0.0, update_epoch: 3, num_batch: 4
[2026-10-10 09:54:34,032][agent.finetune.train_ppo_diffusion_agent][INFO] - approx_kl: 0.0, update_epoch: 3, num_batch: 4
[2026-10-10 09:54:35,774][agent.finetune.train_ppo_diffusion_agent][INFO] - approx_kl: 0.0, update_epoch: 3, num_batch: 4
[2026-10-10 09:54:37,494][agent.finetune.train_ppo_diffusion_agent][INFO] - approx_kl: 0.0, update_epoch: 4, num_batch: 4
[2026-10-10 09:54:39,087][agent.finetune.train_ppo_diffusion_agent][INFO] - approx_kl: 0.0, update_epoch: 4, num_batch: 4
[2026-10-10 09:54:40,653][agent.finetune.train_ppo_diffusion_agent][INFO] - approx_kl: 0.0, update_epoch: 4, num_batch: 4
[2026-10-10 09:54:42,205][agent.finetune.train_ppo_diffusion_agent][INFO] - approx_kl: 0.0, update_epoch: 4, num_batch: 4
[2026-10-10 09:54:48,451][agent.finetune.train_ppo_diffusion_agent][INFO] - 133: step  9600000 | loss  -0.0559 | pg loss  -0.1119 | value loss   0.1120 | bc loss   0.0000 | reward 4207.4662 | eta   1.0000 | t: 53.9489 | kl_true_per_action=0.0006063988154838603 | logratio_p99=0.03245237231254556 | clamp_hit_frac=0.0007875 | actor_step_ratio=1.0 | actor_step_clipfrac=0.0
[2026-10-10 09:54:48,451][agent.finetune.stage3_support][INFO] - STAGE3_METRICS {"J_disc_train": 1495.2406238018343, "J_disc_train_se": 13.286831734779446, "action_oor_frac": 0.17114583333333333, "adv_raw_mean": -1.2369127944111823e-14, "adv_raw_std": 172.34210824115274, "diagnostics_seconds": 0.11468532867729664, "episode_count": 80, "explained_var": 0.2879597544670105, "explained_var_reason": null, "grad_cos_prev": -0.053835582821761055, "grad_cos_prev_reason": null, "grad_norm": 11.847386136003868, "policy_action_oor_frac": 0.17117708333333334, "proj_active": false, "reward_clip_frac": 0.0, "rollout_seconds": 13.446981829591095, "split_diff_sq": 539.1620273902666, "split_dot": 5.5700488650795705, "theta_dist": 0.08634540006121016, "theta_dist_preproj": 0.08634540006121016, "update_norm": 0.00430317808941547, "update_seconds": 40.382297915406525, "x0_sat_frac_last": 0.08892326732673267, "x0_sat_frac_mean": 0.08943065610594557}
Processed step 0 of 500
Processed step 10 of 500
Processed step 20 of 500
Processed step 30 of 500
Processed step 40 of 500
Processed step 50 of 500
Processed step 60 of 500
Processed step 70 of 500
Processed step 80 of 500
Processed step 90 of 500
Processed step 100 of 500
Processed step 110 of 500
Processed step 120 of 500
Processed step 130 of 500
Processed step 140 of 500
Processed step 150 of 500
Processed step 160 of 500
Processed step 170 of 500
Processed step 180 of 500
Processed step 190 of 500
Processed step 200 of 500
Processed step 210 of 500
Processed step 220 of 500
Processed step 230 of 500
Processed step 240 of 500
Processed step 250 of 500
Processed step 260 of 500
Processed step 270 of 500
Processed step 280 of 500
Processed step 290 of 500
Processed step 300 of 500
Processed step 310 of 500
Processed step 320 of 500
Processed step 330 of 500
Processed step 340 of 500
Processed step 350 of 500
Processed step 360 of 500
Processed step 370 of 500
Processed step 380 of 500
Processed step 390 of 500
Processed step 400 of 500
Processed step 410 of 500
Processed step 420 of 500
Processed step 430 of 500
Processed step 440 of 500
Processed step 450 of 500
Processed step 460 of 500
Processed step 470 of 500
Processed step 480 of 500
Processed step 490 of 500
[2026-10-10 09:55:03,681][agent.finetune.train_ppo_diffusion_agent][INFO] - approx_kl: 0.0, update_epoch: 0, num_batch: 4
[2026-10-10 09:55:05,327][agent.finetune.train_ppo_diffusion_agent][INFO] - approx_kl: 0.0, update_epoch: 0, num_batch: 4
[2026-10-10 09:55:07,084][agent.finetune.train_ppo_diffusion_agent][INFO] - approx_kl: 0.0, update_epoch: 0, num_batch: 4
[2026-10-10 09:55:08,890][agent.finetune.train_ppo_diffusion_agent][INFO] - approx_kl: 0.0, update_epoch: 0, num_batch: 4
[2026-10-10 09:55:10,560][agent.finetune.train_ppo_diffusion_agent][INFO] - approx_kl: 0.0, update_epoch: 1, num_batch: 4
[2026-10-10 09:55:12,293][agent.finetune.train_ppo_diffusion_agent][INFO] - approx_kl: 0.0, update_epoch: 1, num_batch: 4
[2026-10-10 09:55:14,038][agent.finetune.train_ppo_diffusion_agent][INFO] - approx_kl: 0.0, update_epoch: 1, num_batch: 4
[2026-10-10 09:55:15,921][agent.finetune.train_ppo_diffusion_agent][INFO] - approx_kl: 0.0, update_epoch: 1, num_batch: 4
[2026-10-10 09:55:17,562][agent.finetune.train_ppo_diffusion_agent][INFO] - approx_kl: 0.0, update_epoch: 2, num_batch: 4
[2026-10-10 09:55:19,318][agent.finetune.train_ppo_diffusion_agent][INFO] - approx_kl: 0.0, update_epoch: 2, num_batch: 4
[2026-10-10 09:55:21,060][agent.finetune.train_ppo_diffusion_agent][INFO] - approx_kl: 0.0, update_epoch: 2, num_batch: 4
[2026-10-10 09:55:22,891][agent.finetune.train_ppo_diffusion_agent][INFO] - approx_kl: 0.0, update_epoch: 2, num_batch: 4
[2026-10-10 09:55:24,545][agent.finetune.train_ppo_diffusion_agent][INFO] - approx_kl: 0.0, update_epoch: 3, num_batch: 4
[2026-10-10 09:55:26,268][agent.finetune.train_ppo_diffusion_agent][INFO] - approx_kl: 0.0, update_epoch: 3, num_batch: 4
[2026-10-10 09:55:28,009][agent.finetune.train_ppo_diffusion_agent][INFO] - approx_kl: 0.0, update_epoch: 3, num_batch: 4
[2026-10-10 09:55:29,845][agent.finetune.train_ppo_diffusion_agent][INFO] - approx_kl: 0.0, update_epoch: 3, num_batch: 4
[2026-10-10 09:55:31,494][agent.finetune.train_ppo_diffusion_agent][INFO] - approx_kl: 0.0, update_epoch: 4, num_batch: 4
[2026-10-10 09:55:33,234][agent.finetune.train_ppo_diffusion_agent][INFO] - approx_kl: 0.0, update_epoch: 4, num_batch: 4
[2026-10-10 09:55:34,977][agent.finetune.train_ppo_diffusion_agent][INFO] - approx_kl: 0.0, update_epoch: 4, num_batch: 4
[2026-10-10 09:55:36,803][agent.finetune.train_ppo_diffusion_agent][INFO] - approx_kl: 0.0, update_epoch: 4, num_batch: 4
[2026-10-10 09:55:43,814][agent.finetune.train_ppo_diffusion_agent][INFO] - 134: step  9680000 | loss  -1.0886 | pg loss  -1.1450 | value loss   0.1126 | bc loss   0.0000 | reward 4145.3520 | eta   1.0000 | t: 55.3628 | kl_true_per_action=0.0012878424397830238 | logratio_p99=0.04723421335220313 | clamp_hit_frac=0.00075625 | actor_step_ratio=1.0 | actor_step_clipfrac=0.0
[2026-10-10 09:55:43,814][agent.finetune.stage3_support][INFO] - STAGE3_METRICS {"J_disc_train": 1463.9487724095886, "J_disc_train_se": 17.498056905148545, "action_oor_frac": 0.170575, "adv_raw_mean": -2.9103830456733705e-15, "adv_raw_std": 216.52973794712472, "diagnostics_seconds": 0.12330094072967768, "episode_count": 80, "explained_var": 0.3752613663673401, "explained_var_reason": null, "grad_cos_prev": -0.013620161913497525, "grad_cos_prev_reason": null, "grad_norm": 17.233021669189394, "policy_action_oor_frac": 0.17060416666666667, "proj_active": false, "reward_clip_frac": 0.0, "rollout_seconds": 13.144741225987673, "split_diff_sq": 1036.3628752310333, "split_dot": 37.88632131801991, "theta_dist": 0.08628360465760514, "theta_dist_preproj": 0.08628360465760514, "update_norm": 0.006259340876767082, "update_seconds": 42.08860430307686, "x0_sat_frac_last": 0.0906550823951705, "x0_sat_frac_mean": 0.0893993882577796}
Processed step 0 of 500
Processed step 10 of 500
Processed step 20 of 500
Processed step 30 of 500
Processed step 40 of 500
Processed step 50 of 500
Processed step 60 of 500
Processed step 70 of 500
Processed step 80 of 500
Processed step 90 of 500
Processed step 100 of 500
Processed step 110 of 500
Processed step 120 of 500
Processed step 130 of 500
Processed step 140 of 500
Processed step 150 of 500
Processed step 160 of 500
Processed step 170 of 500
Processed step 180 of 500
Processed step 190 of 500
Processed step 200 of 500
Processed step 210 of 500
Processed step 220 of 500
Processed step 230 of 500
Processed step 240 of 500
Processed step 250 of 500
Processed step 260 of 500
Processed step 270 of 500
Processed step 280 of 500
Processed step 290 of 500
Processed step 300 of 500
Processed step 310 of 500
Processed step 320 of 500
Processed step 330 of 500
Processed step 340 of 500
Processed step 350 of 500
Processed step 360 of 500
Processed step 370 of 500
Processed step 380 of 500
Processed step 390 of 500
Processed step 400 of 500
Processed step 410 of 500
Processed step 420 of 500
Processed step 430 of 500
Processed step 440 of 500
Processed step 450 of 500
Processed step 460 of 500
Processed step 470 of 500
Processed step 480 of 500
Processed step 490 of 500
[2026-10-10 09:55:58,612][agent.finetune.train_ppo_diffusion_agent][INFO] - approx_kl: 0.0, update_epoch: 0, num_batch: 4
[2026-10-10 09:56:00,411][agent.finetune.train_ppo_diffusion_agent][INFO] - approx_kl: 0.0, update_epoch: 0, num_batch: 4
[2026-10-10 09:56:02,140][agent.finetune.train_ppo_diffusion_agent][INFO] - approx_kl: 0.0, update_epoch: 0, num_batch: 4
[2026-10-10 09:56:04,000][agent.finetune.train_ppo_diffusion_agent][INFO] - approx_kl: 0.0, update_epoch: 0, num_batch: 4
[2026-10-10 09:56:05,648][agent.finetune.train_ppo_diffusion_agent][INFO] - approx_kl: 0.0, update_epoch: 1, num_batch: 4
[2026-10-10 09:56:07,400][agent.finetune.train_ppo_diffusion_agent][INFO] - approx_kl: 0.0, update_epoch: 1, num_batch: 4
[2026-10-10 09:56:09,131][agent.finetune.train_ppo_diffusion_agent][INFO] - approx_kl: 0.0, update_epoch: 1, num_batch: 4
[2026-10-10 09:56:11,001][agent.finetune.train_ppo_diffusion_agent][INFO] - approx_kl: 0.0, update_epoch: 1, num_batch: 4
[2026-10-10 09:56:12,639][agent.finetune.train_ppo_diffusion_agent][INFO] - approx_kl: 0.0, update_epoch: 2, num_batch: 4
[2026-10-10 09:56:14,402][agent.finetune.train_ppo_diffusion_agent][INFO] - approx_kl: 0.0, update_epoch: 2, num_batch: 4
[2026-10-10 09:56:16,133][agent.finetune.train_ppo_diffusion_agent][INFO] - approx_kl: 0.0, update_epoch: 2, num_batch: 4
[2026-10-10 09:56:17,930][agent.finetune.train_ppo_diffusion_agent][INFO] - approx_kl: 0.0, update_epoch: 2, num_batch: 4
[2026-10-10 09:56:19,575][agent.finetune.train_ppo_diffusion_agent][INFO] - approx_kl: 0.0, update_epoch: 3, num_batch: 4
[2026-10-10 09:56:21,324][agent.finetune.train_ppo_diffusion_agent][INFO] - approx_kl: 0.0, update_epoch: 3, num_batch: 4
[2026-10-10 09:56:23,074][agent.finetune.train_ppo_diffusion_agent][INFO] - approx_kl: 0.0, update_epoch: 3, num_batch: 4
[2026-10-10 09:56:24,897][agent.finetune.train_ppo_diffusion_agent][INFO] - approx_kl: 0.0, update_epoch: 3, num_batch: 4
[2026-10-10 09:56:26,541][agent.finetune.train_ppo_diffusion_agent][INFO] - approx_kl: 0.0, update_epoch: 4, num_batch: 4
[2026-10-10 09:56:28,264][agent.finetune.train_ppo_diffusion_agent][INFO] - approx_kl: 0.0, update_epoch: 4, num_batch: 4
[2026-10-10 09:56:29,971][agent.finetune.train_ppo_diffusion_agent][INFO] - approx_kl: 0.0, update_epoch: 4, num_batch: 4
[2026-10-10 09:56:31,792][agent.finetune.train_ppo_diffusion_agent][INFO] - approx_kl: 0.0, update_epoch: 4, num_batch: 4
[2026-10-10 09:56:38,664][agent.finetune.train_ppo_diffusion_agent][INFO] - 135: step  9760000 | loss  -0.7652 | pg loss  -0.8223 | value loss   0.1142 | bc loss   0.0000 | reward 4040.1800 | eta   1.0000 | t: 54.8509 | kl_true_per_action=0.0032026598804269705 | logratio_p99=0.08518697738647454 | clamp_hit_frac=0.0007958333333333333 | actor_step_ratio=1.0 | actor_step_clipfrac=0.0
[2026-10-10 09:56:38,665][agent.finetune.stage3_support][INFO] - STAGE3_METRICS {"J_disc_train": 1433.1396788365412, "J_disc_train_se": 20.51483279210358, "action_oor_frac": 0.16826041666666666, "adv_raw_mean": 3.5652192309498786e-14, "adv_raw_std": 201.92769073925336, "diagnostics_seconds": 0.11942975409328938, "episode_count": 80, "explained_var": 0.37596458196640015, "explained_var_reason": null, "grad_cos_prev": -0.021060058259300553, "grad_cos_prev_reason": null, "grad_norm": 17.454180768945726, "policy_action_oor_frac": 0.16828958333333333, "proj_active": false, "reward_clip_frac": 0.0, "rollout_seconds": 12.959093779325485, "split_diff_sq": 1177.332149405532, "split_dot": 10.315387198732136, "theta_dist": 0.08643079799309882, "theta_dist_preproj": 0.08643079799309882, "update_norm": 0.006339663200296361, "update_seconds": 41.768201127648354, "x0_sat_frac_last": 0.0859814630916915, "x0_sat_frac_mean": 0.08896780090314522}
Processed step 0 of 500
Processed step 10 of 500
Processed step 20 of 500
Processed step 30 of 500
Processed step 40 of 500
Processed step 50 of 500
Processed step 60 of 500
Processed step 70 of 500
Processed step 80 of 500
Processed step 90 of 500
Processed step 100 of 500
Processed step 110 of 500
Processed step 120 of 500
Processed step 130 of 500
Processed step 140 of 500
Processed step 150 of 500
Processed step 160 of 500
Processed step 170 of 500
Processed step 180 of 500
Processed step 190 of 500
Processed step 200 of 500
Processed step 210 of 500
Processed step 220 of 500
Processed step 230 of 500
Processed step 240 of 500
Processed step 250 of 500
Processed step 260 of 500
Processed step 270 of 500
Processed step 280 of 500
Processed step 290 of 500
Processed step 300 of 500
Processed step 310 of 500
Processed step 320 of 500
Processed step 330 of 500
Processed step 340 of 500
Processed step 350 of 500
Processed step 360 of 500
Processed step 370 of 500
Processed step 380 of 500
Processed step 390 of 500
Processed step 400 of 500
Processed step 410 of 500
Processed step 420 of 500
Processed step 430 of 500
Processed step 440 of 500
Processed step 450 of 500
Processed step 460 of 500
Processed step 470 of 500
Processed step 480 of 500
Processed step 490 of 500
[2026-10-10 09:56:52,803][agent.finetune.train_ppo_diffusion_agent][INFO] - approx_kl: 0.0, update_epoch: 0, num_batch: 4
[2026-10-10 09:56:54,582][agent.finetune.train_ppo_diffusion_agent][INFO] - approx_kl: 0.0, update_epoch: 0, num_batch: 4
[2026-10-10 09:56:56,295][agent.finetune.train_ppo_diffusion_agent][INFO] - approx_kl: 0.0, update_epoch: 0, num_batch: 4
[2026-10-10 09:56:58,117][agent.finetune.train_ppo_diffusion_agent][INFO] - approx_kl: 0.0, update_epoch: 0, num_batch: 4
[2026-10-10 09:56:59,758][agent.finetune.train_ppo_diffusion_agent][INFO] - approx_kl: 0.0, update_epoch: 1, num_batch: 4
[2026-10-10 09:57:01,464][agent.finetune.train_ppo_diffusion_agent][INFO] - approx_kl: 0.0, update_epoch: 1, num_batch: 4
[2026-10-10 09:57:03,227][agent.finetune.train_ppo_diffusion_agent][INFO] - approx_kl: 0.0, update_epoch: 1, num_batch: 4
[2026-10-10 09:57:05,093][agent.finetune.train_ppo_diffusion_agent][INFO] - approx_kl: 0.0, update_epoch: 1, num_batch: 4
[2026-10-10 09:57:06,728][agent.finetune.train_ppo_diffusion_agent][INFO] - approx_kl: 0.0, update_epoch: 2, num_batch: 4
[2026-10-10 09:57:08,389][agent.finetune.train_ppo_diffusion_agent][INFO] - approx_kl: 0.0, update_epoch: 2, num_batch: 4
[2026-10-10 09:57:10,100][agent.finetune.train_ppo_diffusion_agent][INFO] - approx_kl: 0.0, update_epoch: 2, num_batch: 4
[2026-10-10 09:57:11,908][agent.finetune.train_ppo_diffusion_agent][INFO] - approx_kl: 0.0, update_epoch: 2, num_batch: 4
[2026-10-10 09:57:13,496][agent.finetune.train_ppo_diffusion_agent][INFO] - approx_kl: 0.0, update_epoch: 3, num_batch: 4
[2026-10-10 09:57:15,175][agent.finetune.train_ppo_diffusion_agent][INFO] - approx_kl: 0.0, update_epoch: 3, num_batch: 4
[2026-10-10 09:57:16,815][agent.finetune.train_ppo_diffusion_agent][INFO] - approx_kl: 0.0, update_epoch: 3, num_batch: 4
[2026-10-10 09:57:18,536][agent.finetune.train_ppo_diffusion_agent][INFO] - approx_kl: 0.0, update_epoch: 3, num_batch: 4
[2026-10-10 09:57:20,099][agent.finetune.train_ppo_diffusion_agent][INFO] - approx_kl: 0.0, update_epoch: 4, num_batch: 4
[2026-10-10 09:57:21,784][agent.finetune.train_ppo_diffusion_agent][INFO] - approx_kl: 0.0, update_epoch: 4, num_batch: 4
[2026-10-10 09:57:23,539][agent.finetune.train_ppo_diffusion_agent][INFO] - approx_kl: 0.0, update_epoch: 4, num_batch: 4
[2026-10-10 09:57:25,320][agent.finetune.train_ppo_diffusion_agent][INFO] - approx_kl: 0.0, update_epoch: 4, num_batch: 4
[2026-10-10 09:57:32,227][agent.finetune.train_ppo_diffusion_agent][INFO] - 136: step  9840000 | loss  -0.4571 | pg loss  -0.5128 | value loss   0.1115 | bc loss   0.0000 | reward 4096.0752 | eta   1.0000 | t: 53.5622 | kl_true_per_action=0.001359722892881587 | logratio_p99=0.0503546035289764 | clamp_hit_frac=0.0007895833333333333 | actor_step_ratio=1.0 | actor_step_clipfrac=0.0
[2026-10-10 09:57:32,227][agent.finetune.stage3_support][INFO] - STAGE3_METRICS {"J_disc_train": 1469.545716647383, "J_disc_train_se": 16.520754049000523, "action_oor_frac": 0.16775625, "adv_raw_mean": -4.365574568510055e-15, "adv_raw_std": 217.6101056244936, "diagnostics_seconds": 0.11232446040958166, "episode_count": 80, "explained_var": 0.5284605026245117, "explained_var_reason": null, "grad_cos_prev": -0.004449499195536692, "grad_cos_prev_reason": null, "grad_norm": 16.54673295494448, "policy_action_oor_frac": 0.1677875, "proj_active": false, "reward_clip_frac": 0.0, "rollout_seconds": 12.271701697260141, "split_diff_sq": 1125.183169745295, "split_dot": -7.501423143492673, "theta_dist": 0.08653489250314272, "theta_dist_preproj": 0.08653489250314272, "update_norm": 0.006010054471101256, "update_seconds": 41.173406035639346, "x0_sat_frac_last": 0.08370498843739675, "x0_sat_frac_mean": 0.08966406241817843}
Processed step 0 of 500
Processed step 10 of 500
Processed step 20 of 500
Processed step 30 of 500
Processed step 40 of 500
Processed step 50 of 500
Processed step 60 of 500
Processed step 70 of 500
Processed step 80 of 500
Processed step 90 of 500
Processed step 100 of 500
Processed step 110 of 500
Processed step 120 of 500
Processed step 130 of 500
Processed step 140 of 500
Processed step 150 of 500
Processed step 160 of 500
Processed step 170 of 500
Processed step 180 of 500
Processed step 190 of 500
Processed step 200 of 500
Processed step 210 of 500
Processed step 220 of 500
Processed step 230 of 500
Processed step 240 of 500
Processed step 250 of 500
Processed step 260 of 500
Processed step 270 of 500
Processed step 280 of 500
Processed step 290 of 500
Processed step 300 of 500
Processed step 310 of 500
Processed step 320 of 500
Processed step 330 of 500
Processed step 340 of 500
Processed step 350 of 500
Processed step 360 of 500
Processed step 370 of 500
Processed step 380 of 500
Processed step 390 of 500
Processed step 400 of 500
Processed step 410 of 500
Processed step 420 of 500
Processed step 430 of 500
Processed step 440 of 500
Processed step 450 of 500
Processed step 460 of 500
Processed step 470 of 500
Processed step 480 of 500
Processed step 490 of 500
[2026-10-10 09:57:46,190][agent.finetune.train_ppo_diffusion_agent][INFO] - approx_kl: 0.0, update_epoch: 0, num_batch: 4
[2026-10-10 09:57:47,882][agent.finetune.train_ppo_diffusion_agent][INFO] - approx_kl: 0.0, update_epoch: 0, num_batch: 4
[2026-10-10 09:57:49,560][agent.finetune.train_ppo_diffusion_agent][INFO] - approx_kl: 0.0, update_epoch: 0, num_batch: 4
[2026-10-10 09:57:51,362][agent.finetune.train_ppo_diffusion_agent][INFO] - approx_kl: 0.0, update_epoch: 0, num_batch: 4
[2026-10-10 09:57:52,981][agent.finetune.train_ppo_diffusion_agent][INFO] - approx_kl: 0.0, update_epoch: 1, num_batch: 4
[2026-10-10 09:57:54,673][agent.finetune.train_ppo_diffusion_agent][INFO] - approx_kl: 0.0, update_epoch: 1, num_batch: 4
[2026-10-10 09:57:56,390][agent.finetune.train_ppo_diffusion_agent][INFO] - approx_kl: 0.0, update_epoch: 1, num_batch: 4
[2026-10-10 09:57:58,180][agent.finetune.train_ppo_diffusion_agent][INFO] - approx_kl: 0.0, update_epoch: 1, num_batch: 4
[2026-10-10 09:57:59,821][agent.finetune.train_ppo_diffusion_agent][INFO] - approx_kl: 0.0, update_epoch: 2, num_batch: 4
[2026-10-10 09:58:01,515][agent.finetune.train_ppo_diffusion_agent][INFO] - approx_kl: 0.0, update_epoch: 2, num_batch: 4
[2026-10-10 09:58:03,223][agent.finetune.train_ppo_diffusion_agent][INFO] - approx_kl: 0.0, update_epoch: 2, num_batch: 4
[2026-10-10 09:58:05,013][agent.finetune.train_ppo_diffusion_agent][INFO] - approx_kl: 0.0, update_epoch: 2, num_batch: 4
[2026-10-10 09:58:06,648][agent.finetune.train_ppo_diffusion_agent][INFO] - approx_kl: 0.0, update_epoch: 3, num_batch: 4
[2026-10-10 09:58:08,342][agent.finetune.train_ppo_diffusion_agent][INFO] - approx_kl: 0.0, update_epoch: 3, num_batch: 4
[2026-10-10 09:58:10,053][agent.finetune.train_ppo_diffusion_agent][INFO] - approx_kl: 0.0, update_epoch: 3, num_batch: 4
[2026-10-10 09:58:11,863][agent.finetune.train_ppo_diffusion_agent][INFO] - approx_kl: 0.0, update_epoch: 3, num_batch: 4
[2026-10-10 09:58:13,517][agent.finetune.train_ppo_diffusion_agent][INFO] - approx_kl: 0.0, update_epoch: 4, num_batch: 4
[2026-10-10 09:58:15,212][agent.finetune.train_ppo_diffusion_agent][INFO] - approx_kl: 0.0, update_epoch: 4, num_batch: 4
[2026-10-10 09:58:16,926][agent.finetune.train_ppo_diffusion_agent][INFO] - approx_kl: 0.0, update_epoch: 4, num_batch: 4
[2026-10-10 09:58:18,711][agent.finetune.train_ppo_diffusion_agent][INFO] - approx_kl: 0.0, update_epoch: 4, num_batch: 4
[2026-10-10 09:58:25,571][agent.finetune.train_ppo_diffusion_agent][INFO] - 137: step  9920000 | loss  -0.7461 | pg loss  -0.8028 | value loss   0.1134 | bc loss   0.0000 | reward 3995.7315 | eta   1.0000 | t: 53.3441 | kl_true_per_action=0.002849841174729838 | logratio_p99=0.0729958665370941 | clamp_hit_frac=0.0008041666666666667 | actor_step_ratio=1.0 | actor_step_clipfrac=0.0
[2026-10-10 09:58:25,571][agent.finetune.stage3_support][INFO] - STAGE3_METRICS {"J_disc_train": 1427.2024869315953, "J_disc_train_se": 20.935366180831732, "action_oor_frac": 0.16362291666666667, "adv_raw_mean": 1.3096723705530166e-14, "adv_raw_std": 260.6842946488778, "diagnostics_seconds": 0.11209695041179657, "episode_count": 80, "explained_var": 0.5209727585315704, "explained_var_reason": null, "grad_cos_prev": 0.011707152962980659, "grad_cos_prev_reason": null, "grad_norm": 20.200874841657708, "policy_action_oor_frac": 0.16365, "proj_active": false, "reward_clip_frac": 0.0, "rollout_seconds": 12.153777923434973, "split_diff_sq": 1657.9647209696022, "split_dot": -6.415819686430995, "theta_dist": 0.08720283682477144, "theta_dist_preproj": 0.08720283682477144, "update_norm": 0.007337312332441728, "update_seconds": 41.073788000270724, "x0_sat_frac_last": 0.07644592744695414, "x0_sat_frac_mean": 0.08603711006307749}
Processed step 0 of 500
Processed step 10 of 500
Processed step 20 of 500
Processed step 30 of 500
Processed step 40 of 500
Processed step 50 of 500
Processed step 60 of 500
Processed step 70 of 500
Processed step 80 of 500
Processed step 90 of 500
Processed step 100 of 500
Processed step 110 of 500
Processed step 120 of 500
Processed step 130 of 500
Processed step 140 of 500
Processed step 150 of 500
Processed step 160 of 500
Processed step 170 of 500
Processed step 180 of 500
Processed step 190 of 500
Processed step 200 of 500
Processed step 210 of 500
Processed step 220 of 500
Processed step 230 of 500
Processed step 240 of 500
Processed step 250 of 500
Processed step 260 of 500
Processed step 270 of 500
Processed step 280 of 500
Processed step 290 of 500
Processed step 300 of 500
Processed step 310 of 500
Processed step 320 of 500
Processed step 330 of 500
Processed step 340 of 500
Processed step 350 of 500
Processed step 360 of 500
Processed step 370 of 500
Processed step 380 of 500
Processed step 390 of 500
Processed step 400 of 500
Processed step 410 of 500
Processed step 420 of 500
Processed step 430 of 500
Processed step 440 of 500
Processed step 450 of 500
Processed step 460 of 500
Processed step 470 of 500
Processed step 480 of 500
Processed step 490 of 500
[2026-10-10 09:58:42,119][agent.finetune.train_ppo_diffusion_agent][INFO] - approx_kl: 0.0, update_epoch: 0, num_batch: 4
[2026-10-10 09:58:43,836][agent.finetune.train_ppo_diffusion_agent][INFO] - approx_kl: 0.0, update_epoch: 0, num_batch: 4
[2026-10-10 09:58:45,641][agent.finetune.train_ppo_diffusion_agent][INFO] - approx_kl: 0.0, update_epoch: 0, num_batch: 4
[2026-10-10 09:58:47,272][agent.finetune.train_ppo_diffusion_agent][INFO] - approx_kl: 0.0, update_epoch: 0, num_batch: 4
[2026-10-10 09:58:48,973][agent.finetune.train_ppo_diffusion_agent][INFO] - approx_kl: 0.0, update_epoch: 1, num_batch: 4
[2026-10-10 09:58:50,690][agent.finetune.train_ppo_diffusion_agent][INFO] - approx_kl: 0.0, update_epoch: 1, num_batch: 4
[2026-10-10 09:58:52,484][agent.finetune.train_ppo_diffusion_agent][INFO] - approx_kl: 0.0, update_epoch: 1, num_batch: 4
[2026-10-10 09:58:54,121][agent.finetune.train_ppo_diffusion_agent][INFO] - approx_kl: 0.0, update_epoch: 1, num_batch: 4
[2026-10-10 09:58:55,816][agent.finetune.train_ppo_diffusion_agent][INFO] - approx_kl: 0.0, update_epoch: 2, num_batch: 4
[2026-10-10 09:58:57,535][agent.finetune.train_ppo_diffusion_agent][INFO] - approx_kl: 0.0, update_epoch: 2, num_batch: 4
[2026-10-10 09:58:59,333][agent.finetune.train_ppo_diffusion_agent][INFO] - approx_kl: 0.0, update_epoch: 2, num_batch: 4
[2026-10-10 09:59:00,968][agent.finetune.train_ppo_diffusion_agent][INFO] - approx_kl: 0.0, update_epoch: 2, num_batch: 4
[2026-10-10 09:59:02,663][agent.finetune.train_ppo_diffusion_agent][INFO] - approx_kl: 0.0, update_epoch: 3, num_batch: 4
[2026-10-10 09:59:04,372][agent.finetune.train_ppo_diffusion_agent][INFO] - approx_kl: 0.0, update_epoch: 3, num_batch: 4
[2026-10-10 09:59:06,176][agent.finetune.train_ppo_diffusion_agent][INFO] - approx_kl: 0.0, update_epoch: 3, num_batch: 4
[2026-10-10 09:59:07,737][agent.finetune.train_ppo_diffusion_agent][INFO] - approx_kl: 0.0, update_epoch: 3, num_batch: 4
[2026-10-10 09:59:09,455][agent.finetune.train_ppo_diffusion_agent][INFO] - approx_kl: 0.0, update_epoch: 4, num_batch: 4
[2026-10-10 09:59:11,197][agent.finetune.train_ppo_diffusion_agent][INFO] - approx_kl: 0.0, update_epoch: 4, num_batch: 4
[2026-10-10 09:59:13,029][agent.finetune.train_ppo_diffusion_agent][INFO] - approx_kl: 0.0, update_epoch: 4, num_batch: 4
[2026-10-10 09:59:14,650][agent.finetune.train_ppo_diffusion_agent][INFO] - approx_kl: 0.0, update_epoch: 4, num_batch: 4
[2026-10-10 09:59:21,587][agent.finetune.train_ppo_diffusion_agent][INFO] - 138: step 10000000 | loss   0.0072 | pg loss  -0.0483 | value loss   0.1110 | bc loss   0.0000 | reward 4109.1168 | eta   1.0000 | t: 56.0161 | kl_true_per_action=0.0027599160974148573 | logratio_p99=0.07526030719280241 | clamp_hit_frac=0.0007479166666666667 | actor_step_ratio=1.0 | actor_step_clipfrac=0.0
[2026-10-10 09:59:21,587][agent.finetune.stage3_support][INFO] - STAGE3_METRICS {"J_disc_train": 1461.5408638605804, "J_disc_train_se": 16.976505270506557, "action_oor_frac": 0.16841041666666667, "adv_raw_mean": 7.275957614183426e-15, "adv_raw_std": 232.002598552595, "diagnostics_seconds": 0.11412769835442305, "episode_count": 80, "explained_var": 0.5475657880306244, "explained_var_reason": null, "grad_cos_prev": -0.02832506385391565, "grad_cos_prev_reason": null, "grad_norm": 18.322248811898714, "policy_action_oor_frac": 0.16844583333333332, "proj_active": false, "reward_clip_frac": 0.0, "rollout_seconds": 14.722585435956717, "split_diff_sq": 1424.3930255571356, "split_dot": -20.393455745181456, "theta_dist": 0.08765227758473793, "theta_dist_preproj": 0.08765227758473793, "update_norm": 0.006654952426550984, "update_seconds": 41.17467957921326, "x0_sat_frac_last": 0.08543290043290043, "x0_sat_frac_mean": 0.08917277352735016}
Processed step 0 of 500
Processed step 10 of 500
Processed step 20 of 500
Processed step 30 of 500
Processed step 40 of 500
Processed step 50 of 500
Processed step 60 of 500
Processed step 70 of 500
Processed step 80 of 500
Processed step 90 of 500
Processed step 100 of 500
Processed step 110 of 500
Processed step 120 of 500
Processed step 130 of 500
Processed step 140 of 500
Processed step 150 of 500
Processed step 160 of 500
Processed step 170 of 500
Processed step 180 of 500
Processed step 190 of 500
Processed step 200 of 500
Processed step 210 of 500
Processed step 220 of 500
Processed step 230 of 500
Processed step 240 of 500
Processed step 250 of 500
Processed step 260 of 500
Processed step 270 of 500
Processed step 280 of 500
Processed step 290 of 500
Processed step 300 of 500
Processed step 310 of 500
Processed step 320 of 500
Processed step 330 of 500
Processed step 340 of 500
Processed step 350 of 500
Processed step 360 of 500
Processed step 370 of 500
Processed step 380 of 500
Processed step 390 of 500
Processed step 400 of 500
Processed step 410 of 500
Processed step 420 of 500
Processed step 430 of 500
Processed step 440 of 500
Processed step 450 of 500
Processed step 460 of 500
Processed step 470 of 500
Processed step 480 of 500
Processed step 490 of 500
[2026-10-10 09:59:35,985][agent.finetune.train_ppo_diffusion_agent][INFO] - approx_kl: 0.0, update_epoch: 0, num_batch: 4
[2026-10-10 09:59:37,713][agent.finetune.train_ppo_diffusion_agent][INFO] - approx_kl: 0.0, update_epoch: 0, num_batch: 4
[2026-10-10 09:59:39,546][agent.finetune.train_ppo_diffusion_agent][INFO] - approx_kl: 0.0, update_epoch: 0, num_batch: 4
[2026-10-10 09:59:41,177][agent.finetune.train_ppo_diffusion_agent][INFO] - approx_kl: 0.0, update_epoch: 0, num_batch: 4
[2026-10-10 09:59:42,920][agent.finetune.train_ppo_diffusion_agent][INFO] - approx_kl: 0.0, update_epoch: 1, num_batch: 4
[2026-10-10 09:59:44,665][agent.finetune.train_ppo_diffusion_agent][INFO] - approx_kl: 0.0, update_epoch: 1, num_batch: 4
[2026-10-10 09:59:46,363][agent.finetune.train_ppo_diffusion_agent][INFO] - approx_kl: 0.0, update_epoch: 1, num_batch: 4
[2026-10-10 09:59:47,936][agent.finetune.train_ppo_diffusion_agent][INFO] - approx_kl: 0.0, update_epoch: 1, num_batch: 4
[2026-10-10 09:59:49,506][agent.finetune.train_ppo_diffusion_agent][INFO] - approx_kl: 0.0, update_epoch: 2, num_batch: 4
[2026-10-10 09:59:51,080][agent.finetune.train_ppo_diffusion_agent][INFO] - approx_kl: 0.0, update_epoch: 2, num_batch: 4
[2026-10-10 09:59:52,739][agent.finetune.train_ppo_diffusion_agent][INFO] - approx_kl: 0.0, update_epoch: 2, num_batch: 4
[2026-10-10 09:59:54,218][agent.finetune.train_ppo_diffusion_agent][INFO] - approx_kl: 0.0, update_epoch: 2, num_batch: 4
[2026-10-10 09:59:55,802][agent.finetune.train_ppo_diffusion_agent][INFO] - approx_kl: 0.0, update_epoch: 3, num_batch: 4
[2026-10-10 09:59:57,352][agent.finetune.train_ppo_diffusion_agent][INFO] - approx_kl: 0.0, update_epoch: 3, num_batch: 4
[2026-10-10 09:59:58,991][agent.finetune.train_ppo_diffusion_agent][INFO] - approx_kl: 0.0, update_epoch: 3, num_batch: 4
[2026-10-10 10:00:00,464][agent.finetune.train_ppo_diffusion_agent][INFO] - approx_kl: 0.0, update_epoch: 3, num_batch: 4
[2026-10-10 10:00:02,039][agent.finetune.train_ppo_diffusion_agent][INFO] - approx_kl: 0.0, update_epoch: 4, num_batch: 4
[2026-10-10 10:00:03,590][agent.finetune.train_ppo_diffusion_agent][INFO] - approx_kl: 0.0, update_epoch: 4, num_batch: 4
[2026-10-10 10:00:05,229][agent.finetune.train_ppo_diffusion_agent][INFO] - approx_kl: 0.0, update_epoch: 4, num_batch: 4
[2026-10-10 10:00:06,720][agent.finetune.train_ppo_diffusion_agent][INFO] - approx_kl: 0.0, update_epoch: 4, num_batch: 4
[2026-10-10 10:00:13,556][agent.finetune.train_agent][INFO] - Saved model to /soalnas/share/data/zbao7/diffusion_policy/results/stage3/SGD3_seed0/checkpoint/state_139.pt
[2026-10-10 10:00:13,556][agent.finetune.train_ppo_diffusion_agent][INFO] - 139: step 10080000 | loss   0.0893 | pg loss   0.0342 | value loss   0.1101 | bc loss   0.0000 | reward 4106.3852 | eta   1.0000 | t: 51.9691 | kl_true_per_action=0.0021611312148337785 | logratio_p99=0.06895623683929442 | clamp_hit_frac=0.0007958333333333333 | actor_step_ratio=1.0 | actor_step_clipfrac=0.0
[2026-10-10 10:00:13,556][agent.finetune.stage3_support][INFO] - STAGE3_METRICS {"J_disc_train": 1459.6462916584119, "J_disc_train_se": 17.596504820136982, "action_oor_frac": 0.16660416666666666, "adv_raw_mean": -7.275957614183426e-16, "adv_raw_std": 214.7055839004651, "diagnostics_seconds": 0.11207797098904848, "episode_count": 80, "explained_var": 0.39709246158599854, "explained_var_reason": null, "grad_cos_prev": -0.008325264822040901, "grad_cos_prev_reason": null, "grad_norm": 16.166904958787214, "policy_action_oor_frac": 0.16662916666666666, "proj_active": false, "reward_clip_frac": 0.0, "rollout_seconds": 12.42625077906996, "split_diff_sq": 1040.6414749402234, "split_dot": 1.208443344459774, "theta_dist": 0.08803893150872384, "theta_dist_preproj": 0.08803893150872384, "update_norm": 0.005872096900838882, "update_seconds": 39.40482856053859, "x0_sat_frac_last": 0.07511615900877647, "x0_sat_frac_mean": 0.08684055250594953}
