[2026-10-09 22:15:49,089][absl][INFO] - MUJOCO_GL is not set, so an OpenGL backend will be chosen automatically.
[2026-10-09 22:15:49,102][absl][INFO] - Successfully imported OpenGL backend: glfw
[2026-10-09 22:15:49,182][absl][INFO] - MuJoCo library version is: 3.2.3
[2026-10-09 22:15:50,829][root][INFO] - Loaded SL-trained policy from /soalnas/share/data/zbao7/diffusion_policy/results/repro_halfcheetah/dppo/log/gym-pretrain/halfcheetah-medium-v2_pre_diffusion_mlp_ta4_td20/2024-06-12_23-04-42/checkpoint/state_3000.pt
[2026-10-09 22:15:50,829][root][INFO] - Number of network parameters: 568392
[2026-10-09 22:15:51,015][root][INFO] - Cloned model for fine-tuning
[2026-10-09 22:15:51,015][root][INFO] - Turned off gradients of the pretrained network
[2026-10-09 22:15:51,015][root][INFO] - Number of finetuned parameters: 568392
[2026-10-09 22:15:51,033][agent.finetune.train_ppo_diffusion_agent][INFO] - stage2_flags clamp_logprob=True logprob_reduce=mean actor_single_step=False
[2026-10-09 22:16:03,742][agent.finetune.train_agent][INFO] - Saved model to /soalnas/share/data/zbao7/diffusion_policy/results/stage2_noclip/runs/NC1_recovery_seed1/native/checkpoint/state_0.pt
[2026-10-09 22:16:03,743][agent.finetune.train_ppo_diffusion_agent][INFO] - eval: success rate   1.0000 | avg episode reward 4257.8971 | avg best reward   6.4335
[2026-10-09 22:16:19,282][agent.finetune.train_ppo_diffusion_agent][INFO] - approx_kl: 0.0, update_epoch: 0, num_batch: 4
[2026-10-09 22:16:21,626][agent.finetune.train_ppo_diffusion_agent][INFO] - approx_kl: 1.0056519386125728e-06, update_epoch: 0, num_batch: 4
[2026-10-09 22:16:23,719][agent.finetune.train_ppo_diffusion_agent][INFO] - approx_kl: 2.90664570457011e-06, update_epoch: 0, num_batch: 4
[2026-10-09 22:16:25,921][agent.finetune.train_ppo_diffusion_agent][INFO] - approx_kl: 5.45206421520561e-06, update_epoch: 0, num_batch: 4
[2026-10-09 22:16:28,224][agent.finetune.train_ppo_diffusion_agent][INFO] - approx_kl: 8.826649718685076e-06, update_epoch: 1, num_batch: 4
[2026-10-09 22:16:30,329][agent.finetune.train_ppo_diffusion_agent][INFO] - approx_kl: 1.4297827874543145e-05, update_epoch: 1, num_batch: 4
[2026-10-09 22:16:32,525][agent.finetune.train_ppo_diffusion_agent][INFO] - approx_kl: 2.1490524886758067e-05, update_epoch: 1, num_batch: 4
[2026-10-09 22:16:34,763][agent.finetune.train_ppo_diffusion_agent][INFO] - approx_kl: 3.024650322913658e-05, update_epoch: 1, num_batch: 4
[2026-10-09 22:16:37,066][agent.finetune.train_ppo_diffusion_agent][INFO] - approx_kl: 4.367866495158523e-05, update_epoch: 2, num_batch: 4
[2026-10-09 22:16:39,162][agent.finetune.train_ppo_diffusion_agent][INFO] - approx_kl: 6.0958045651204884e-05, update_epoch: 2, num_batch: 4
[2026-10-09 22:16:41,351][agent.finetune.train_ppo_diffusion_agent][INFO] - approx_kl: 8.27443873276934e-05, update_epoch: 2, num_batch: 4
[2026-10-09 22:16:43,571][agent.finetune.train_ppo_diffusion_agent][INFO] - approx_kl: 0.00011501748667797074, update_epoch: 2, num_batch: 4
[2026-10-09 22:16:45,901][agent.finetune.train_ppo_diffusion_agent][INFO] - approx_kl: 0.00015742062532808632, update_epoch: 3, num_batch: 4
[2026-10-09 22:16:48,017][agent.finetune.train_ppo_diffusion_agent][INFO] - approx_kl: 0.00021416896197479218, update_epoch: 3, num_batch: 4
[2026-10-09 22:16:50,205][agent.finetune.train_ppo_diffusion_agent][INFO] - approx_kl: 0.00027831358602270484, update_epoch: 3, num_batch: 4
[2026-10-09 22:16:52,398][agent.finetune.train_ppo_diffusion_agent][INFO] - approx_kl: 0.0004007194365840405, update_epoch: 3, num_batch: 4
[2026-10-09 22:16:54,739][agent.finetune.train_ppo_diffusion_agent][INFO] - approx_kl: 0.000511366524733603, update_epoch: 4, num_batch: 4
[2026-10-09 22:16:56,837][agent.finetune.train_ppo_diffusion_agent][INFO] - approx_kl: 0.0007272263756021857, update_epoch: 4, num_batch: 4
[2026-10-09 22:16:59,025][agent.finetune.train_ppo_diffusion_agent][INFO] - approx_kl: 0.0009412795770913363, update_epoch: 4, num_batch: 4
[2026-10-09 22:17:01,224][agent.finetune.train_ppo_diffusion_agent][INFO] - approx_kl: 0.0012432305375114083, update_epoch: 4, num_batch: 4
[2026-10-09 22:17:01,253][agent.finetune.train_ppo_diffusion_agent][INFO] - 1: step    80000 | loss  -0.0140 | pg loss  -0.0192 | value loss   0.0104 | bc loss   0.0000 | reward 3814.2645 | eta   1.0000 | t: 57.5104 | kl_true_per_action=3.496108816097851 | logratio_p99=7.545524926781645 | clamp_hit_frac=0.00015208333333333333
[2026-10-09 22:17:16,091][agent.finetune.train_ppo_diffusion_agent][INFO] - approx_kl: 0.0, update_epoch: 0, num_batch: 4
[2026-10-09 22:17:18,198][agent.finetune.train_ppo_diffusion_agent][INFO] - approx_kl: 3.91497133023222e-06, update_epoch: 0, num_batch: 4
[2026-10-09 22:17:20,404][agent.finetune.train_ppo_diffusion_agent][INFO] - approx_kl: 1.5809320757398382e-05, update_epoch: 0, num_batch: 4
[2026-10-09 22:17:22,597][agent.finetune.train_ppo_diffusion_agent][INFO] - approx_kl: 3.5267516068415716e-05, update_epoch: 0, num_batch: 4
[2026-10-09 22:17:24,906][agent.finetune.train_ppo_diffusion_agent][INFO] - approx_kl: 6.687640416203067e-05, update_epoch: 1, num_batch: 4
[2026-10-09 22:17:27,024][agent.finetune.train_ppo_diffusion_agent][INFO] - approx_kl: 0.00010978992213495076, update_epoch: 1, num_batch: 4
[2026-10-09 22:17:29,240][agent.finetune.train_ppo_diffusion_agent][INFO] - approx_kl: 0.0001775578857632354, update_epoch: 1, num_batch: 4
[2026-10-09 22:17:31,440][agent.finetune.train_ppo_diffusion_agent][INFO] - approx_kl: 0.00026859293575398624, update_epoch: 1, num_batch: 4
[2026-10-09 22:17:33,752][agent.finetune.train_ppo_diffusion_agent][INFO] - approx_kl: 0.0004095666517969221, update_epoch: 2, num_batch: 4
[2026-10-09 22:17:35,863][agent.finetune.train_ppo_diffusion_agent][INFO] - approx_kl: 0.0006195349851623178, update_epoch: 2, num_batch: 4
[2026-10-09 22:17:38,073][agent.finetune.train_ppo_diffusion_agent][INFO] - approx_kl: 0.0008466259459964931, update_epoch: 2, num_batch: 4
[2026-10-09 22:17:40,271][agent.finetune.train_ppo_diffusion_agent][INFO] - approx_kl: 0.0012554879067465663, update_epoch: 2, num_batch: 4
[2026-10-09 22:17:42,591][agent.finetune.train_ppo_diffusion_agent][INFO] - approx_kl: 0.0017830299912020564, update_epoch: 3, num_batch: 4
[2026-10-09 22:17:44,700][agent.finetune.train_ppo_diffusion_agent][INFO] - approx_kl: 0.0025661797262728214, update_epoch: 3, num_batch: 4
[2026-10-09 22:17:46,899][agent.finetune.train_ppo_diffusion_agent][INFO] - approx_kl: 0.0034193801693618298, update_epoch: 3, num_batch: 4
[2026-10-09 22:17:49,149][agent.finetune.train_ppo_diffusion_agent][INFO] - approx_kl: 0.0048062847927212715, update_epoch: 3, num_batch: 4
[2026-10-09 22:17:51,464][agent.finetune.train_ppo_diffusion_agent][INFO] - approx_kl: 0.006532613188028336, update_epoch: 4, num_batch: 4
[2026-10-09 22:17:53,566][agent.finetune.train_ppo_diffusion_agent][INFO] - approx_kl: 0.00846847239881754, update_epoch: 4, num_batch: 4
[2026-10-09 22:17:55,772][agent.finetune.train_ppo_diffusion_agent][INFO] - approx_kl: 0.010831599123775959, update_epoch: 4, num_batch: 4
[2026-10-09 22:17:57,994][agent.finetune.train_ppo_diffusion_agent][INFO] - approx_kl: 0.013633683323860168, update_epoch: 4, num_batch: 4
[2026-10-09 22:17:58,013][agent.finetune.train_ppo_diffusion_agent][INFO] - 2: step   160000 | loss  -0.0265 | pg loss  -0.0390 | value loss   0.0249 | bc loss   0.0000 | reward 3822.6609 | eta   1.0000 | t: 56.7599 | kl_true_per_action=15.432165940019825 | logratio_p99=30.205203093290212 | clamp_hit_frac=0.0011875
[2026-10-09 22:18:12,996][agent.finetune.train_ppo_diffusion_agent][INFO] - approx_kl: 0.0, update_epoch: 0, num_batch: 4
[2026-10-09 22:18:15,105][agent.finetune.train_ppo_diffusion_agent][INFO] - approx_kl: 7.050308340694755e-06, update_epoch: 0, num_batch: 4
[2026-10-09 22:18:17,318][agent.finetune.train_ppo_diffusion_agent][INFO] - approx_kl: 2.3669237634749152e-05, update_epoch: 0, num_batch: 4
[2026-10-09 22:18:19,617][agent.finetune.train_ppo_diffusion_agent][INFO] - approx_kl: 4.419877950567752e-05, update_epoch: 0, num_batch: 4
[2026-10-09 22:18:21,728][agent.finetune.train_ppo_diffusion_agent][INFO] - approx_kl: 6.659656355623156e-05, update_epoch: 1, num_batch: 4
[2026-10-09 22:18:23,926][agent.finetune.train_ppo_diffusion_agent][INFO] - approx_kl: 9.15033306227997e-05, update_epoch: 1, num_batch: 4
[2026-10-09 22:18:26,128][agent.finetune.train_ppo_diffusion_agent][INFO] - approx_kl: 0.00012417648395057768, update_epoch: 1, num_batch: 4
[2026-10-09 22:18:28,425][agent.finetune.train_ppo_diffusion_agent][INFO] - approx_kl: 0.00014596151595469564, update_epoch: 1, num_batch: 4
[2026-10-09 22:18:30,533][agent.finetune.train_ppo_diffusion_agent][INFO] - approx_kl: 0.00017152160580735654, update_epoch: 2, num_batch: 4
[2026-10-09 22:18:32,730][agent.finetune.train_ppo_diffusion_agent][INFO] - approx_kl: 0.0002113755326718092, update_epoch: 2, num_batch: 4
[2026-10-09 22:18:34,924][agent.finetune.train_ppo_diffusion_agent][INFO] - approx_kl: 0.000235765241086483, update_epoch: 2, num_batch: 4
[2026-10-09 22:18:37,194][agent.finetune.train_ppo_diffusion_agent][INFO] - approx_kl: 0.0002505132870282978, update_epoch: 2, num_batch: 4
[2026-10-09 22:18:39,326][agent.finetune.train_ppo_diffusion_agent][INFO] - approx_kl: 0.00029410250135697424, update_epoch: 3, num_batch: 4
[2026-10-09 22:18:41,517][agent.finetune.train_ppo_diffusion_agent][INFO] - approx_kl: 0.0003109769895672798, update_epoch: 3, num_batch: 4
[2026-10-09 22:18:43,714][agent.finetune.train_ppo_diffusion_agent][INFO] - approx_kl: 0.00037361140130087733, update_epoch: 3, num_batch: 4
[2026-10-09 22:18:46,006][agent.finetune.train_ppo_diffusion_agent][INFO] - approx_kl: 0.0004053868760820478, update_epoch: 3, num_batch: 4
[2026-10-09 22:18:48,100][agent.finetune.train_ppo_diffusion_agent][INFO] - approx_kl: 0.0004225703305564821, update_epoch: 4, num_batch: 4
[2026-10-09 22:18:50,294][agent.finetune.train_ppo_diffusion_agent][INFO] - approx_kl: 0.0004457107570488006, update_epoch: 4, num_batch: 4
[2026-10-09 22:18:52,486][agent.finetune.train_ppo_diffusion_agent][INFO] - approx_kl: 0.0005163023015484214, update_epoch: 4, num_batch: 4
[2026-10-09 22:18:54,785][agent.finetune.train_ppo_diffusion_agent][INFO] - approx_kl: 0.0005441529210656881, update_epoch: 4, num_batch: 4
[2026-10-09 22:18:54,808][agent.finetune.train_ppo_diffusion_agent][INFO] - 3: step   240000 | loss   0.0087 | pg loss  -0.0035 | value loss   0.0245 | bc loss   0.0000 | reward 1547.3949 | eta   1.0000 | t: 56.7947 | kl_true_per_action=1.494508667418105 | logratio_p99=3.6891108608245804 | clamp_hit_frac=0.00011875
[2026-10-09 22:19:09,608][agent.finetune.train_ppo_diffusion_agent][INFO] - approx_kl: 0.0, update_epoch: 0, num_batch: 4
[2026-10-09 22:19:11,851][agent.finetune.train_ppo_diffusion_agent][INFO] - approx_kl: 1.3839431289852655e-07, update_epoch: 0, num_batch: 4
[2026-10-09 22:19:14,057][agent.finetune.train_ppo_diffusion_agent][INFO] - approx_kl: 4.6356356619980943e-07, update_epoch: 0, num_batch: 4
[2026-10-09 22:19:16,363][agent.finetune.train_ppo_diffusion_agent][INFO] - approx_kl: 9.182556368614314e-07, update_epoch: 0, num_batch: 4
[2026-10-09 22:19:18,480][agent.finetune.train_ppo_diffusion_agent][INFO] - approx_kl: 1.5480833326364518e-06, update_epoch: 1, num_batch: 4
[2026-10-09 22:19:20,683][agent.finetune.train_ppo_diffusion_agent][INFO] - approx_kl: 2.1646903860528255e-06, update_epoch: 1, num_batch: 4
[2026-10-09 22:19:22,894][agent.finetune.train_ppo_diffusion_agent][INFO] - approx_kl: 2.5590329642000142e-06, update_epoch: 1, num_batch: 4
[2026-10-09 22:19:25,208][agent.finetune.train_ppo_diffusion_agent][INFO] - approx_kl: 3.091667849730584e-06, update_epoch: 1, num_batch: 4
[2026-10-09 22:19:27,319][agent.finetune.train_ppo_diffusion_agent][INFO] - approx_kl: 3.696636667882558e-06, update_epoch: 2, num_batch: 4
[2026-10-09 22:19:29,567][agent.finetune.train_ppo_diffusion_agent][INFO] - approx_kl: 4.557103238767013e-06, update_epoch: 2, num_batch: 4
[2026-10-09 22:19:31,793][agent.finetune.train_ppo_diffusion_agent][INFO] - approx_kl: 5.294938546285266e-06, update_epoch: 2, num_batch: 4
[2026-10-09 22:19:34,136][agent.finetune.train_ppo_diffusion_agent][INFO] - approx_kl: 5.733529178542085e-06, update_epoch: 2, num_batch: 4
[2026-10-09 22:19:36,268][agent.finetune.train_ppo_diffusion_agent][INFO] - approx_kl: 6.136107458587503e-06, update_epoch: 3, num_batch: 4
[2026-10-09 22:19:38,495][agent.finetune.train_ppo_diffusion_agent][INFO] - approx_kl: 7.359613391599851e-06, update_epoch: 3, num_batch: 4
[2026-10-09 22:19:40,704][agent.finetune.train_ppo_diffusion_agent][INFO] - approx_kl: 7.6020801316190045e-06, update_epoch: 3, num_batch: 4
[2026-10-09 22:19:43,024][agent.finetune.train_ppo_diffusion_agent][INFO] - approx_kl: 8.27590065455297e-06, update_epoch: 3, num_batch: 4
[2026-10-09 22:19:45,161][agent.finetune.train_ppo_diffusion_agent][INFO] - approx_kl: 9.528986083751079e-06, update_epoch: 4, num_batch: 4
[2026-10-09 22:19:47,380][agent.finetune.train_ppo_diffusion_agent][INFO] - approx_kl: 9.480097105551977e-06, update_epoch: 4, num_batch: 4
[2026-10-09 22:19:49,593][agent.finetune.train_ppo_diffusion_agent][INFO] - approx_kl: 1.0777254829008598e-05, update_epoch: 4, num_batch: 4
[2026-10-09 22:19:51,942][agent.finetune.train_ppo_diffusion_agent][INFO] - approx_kl: 1.1501318113005254e-05, update_epoch: 4, num_batch: 4
[2026-10-09 22:19:51,961][agent.finetune.train_ppo_diffusion_agent][INFO] - 4: step   320000 | loss   0.0121 | pg loss  -0.0004 | value loss   0.0249 | bc loss   0.0000 | reward 1123.0860 | eta   1.0000 | t: 57.1532 | kl_true_per_action=0.06593965758556339 | logratio_p99=0.47675141096115026 | clamp_hit_frac=0.0
[2026-10-09 22:20:07,322][agent.finetune.train_ppo_diffusion_agent][INFO] - approx_kl: 0.0, update_epoch: 0, num_batch: 4
[2026-10-09 22:20:09,504][agent.finetune.train_ppo_diffusion_agent][INFO] - approx_kl: 3.876781917711014e-08, update_epoch: 0, num_batch: 4
[2026-10-09 22:20:11,733][agent.finetune.train_ppo_diffusion_agent][INFO] - approx_kl: 1.47004442396792e-07, update_epoch: 0, num_batch: 4
[2026-10-09 22:20:14,045][agent.finetune.train_ppo_diffusion_agent][INFO] - approx_kl: 3.0053087129999767e-07, update_epoch: 0, num_batch: 4
[2026-10-09 22:20:16,131][agent.finetune.train_ppo_diffusion_agent][INFO] - approx_kl: 4.895471761301451e-07, update_epoch: 1, num_batch: 4
[2026-10-09 22:20:18,373][agent.finetune.train_ppo_diffusion_agent][INFO] - approx_kl: 8.006928737813723e-07, update_epoch: 1, num_batch: 4
[2026-10-09 22:20:20,615][agent.finetune.train_ppo_diffusion_agent][INFO] - approx_kl: 1.1487894653328112e-06, update_epoch: 1, num_batch: 4
[2026-10-09 22:20:22,994][agent.finetune.train_ppo_diffusion_agent][INFO] - approx_kl: 1.459141913073836e-06, update_epoch: 1, num_batch: 4
[2026-10-09 22:20:25,086][agent.finetune.train_ppo_diffusion_agent][INFO] - approx_kl: 1.732061150505615e-06, update_epoch: 2, num_batch: 4
[2026-10-09 22:20:27,251][agent.finetune.train_ppo_diffusion_agent][INFO] - approx_kl: 2.08270921575604e-06, update_epoch: 2, num_batch: 4
[2026-10-09 22:20:29,411][agent.finetune.train_ppo_diffusion_agent][INFO] - approx_kl: 2.458680228301091e-06, update_epoch: 2, num_batch: 4
[2026-10-09 22:20:31,690][agent.finetune.train_ppo_diffusion_agent][INFO] - approx_kl: 2.882995431718882e-06, update_epoch: 2, num_batch: 4
[2026-10-09 22:20:33,765][agent.finetune.train_ppo_diffusion_agent][INFO] - approx_kl: 3.567531848602812e-06, update_epoch: 3, num_batch: 4
[2026-10-09 22:20:35,924][agent.finetune.train_ppo_diffusion_agent][INFO] - approx_kl: 4.100191290490329e-06, update_epoch: 3, num_batch: 4
[2026-10-09 22:20:38,097][agent.finetune.train_ppo_diffusion_agent][INFO] - approx_kl: 4.813851774088107e-06, update_epoch: 3, num_batch: 4
[2026-10-09 22:20:40,363][agent.finetune.train_ppo_diffusion_agent][INFO] - approx_kl: 5.345240879250923e-06, update_epoch: 3, num_batch: 4
[2026-10-09 22:20:42,437][agent.finetune.train_ppo_diffusion_agent][INFO] - approx_kl: 6.3662514548923355e-06, update_epoch: 4, num_batch: 4
[2026-10-09 22:20:44,623][agent.finetune.train_ppo_diffusion_agent][INFO] - approx_kl: 7.158608696045121e-06, update_epoch: 4, num_batch: 4
[2026-10-09 22:20:46,785][agent.finetune.train_ppo_diffusion_agent][INFO] - approx_kl: 8.18253101897426e-06, update_epoch: 4, num_batch: 4
[2026-10-09 22:20:49,051][agent.finetune.train_ppo_diffusion_agent][INFO] - approx_kl: 8.916270417103078e-06, update_epoch: 4, num_batch: 4
[2026-10-09 22:20:49,071][agent.finetune.train_ppo_diffusion_agent][INFO] - 5: step   400000 | loss   0.0152 | pg loss  -0.0003 | value loss   0.0309 | bc loss   0.0000 | reward 1281.6387 | eta   1.0000 | t: 57.1101 | kl_true_per_action=0.05657153851033519 | logratio_p99=0.4422496032714823 | clamp_hit_frac=0.0
[2026-10-09 22:21:03,883][agent.finetune.train_ppo_diffusion_agent][INFO] - approx_kl: 0.0, update_epoch: 0, num_batch: 4
[2026-10-09 22:21:06,078][agent.finetune.train_ppo_diffusion_agent][INFO] - approx_kl: 5.734004915325386e-08, update_epoch: 0, num_batch: 4
[2026-10-09 22:21:08,285][agent.finetune.train_ppo_diffusion_agent][INFO] - approx_kl: 1.631768782317522e-07, update_epoch: 0, num_batch: 4
[2026-10-09 22:21:10,595][agent.finetune.train_ppo_diffusion_agent][INFO] - approx_kl: 4.1766296021705784e-07, update_epoch: 0, num_batch: 4
[2026-10-09 22:21:12,739][agent.finetune.train_ppo_diffusion_agent][INFO] - approx_kl: 8.561804634155123e-07, update_epoch: 1, num_batch: 4
[2026-10-09 22:21:14,891][agent.finetune.train_ppo_diffusion_agent][INFO] - approx_kl: 1.8317845160709112e-06, update_epoch: 1, num_batch: 4
[2026-10-09 22:21:17,025][agent.finetune.train_ppo_diffusion_agent][INFO] - approx_kl: 4.028504918096587e-06, update_epoch: 1, num_batch: 4
[2026-10-09 22:21:19,340][agent.finetune.train_ppo_diffusion_agent][INFO] - approx_kl: 7.952093255880754e-06, update_epoch: 1, num_batch: 4
[2026-10-09 22:21:21,470][agent.finetune.train_ppo_diffusion_agent][INFO] - approx_kl: 1.9306851754663512e-05, update_epoch: 2, num_batch: 4
[2026-10-09 22:21:23,718][agent.finetune.train_ppo_diffusion_agent][INFO] - approx_kl: 4.0810184145811945e-05, update_epoch: 2, num_batch: 4
[2026-10-09 22:21:25,940][agent.finetune.train_ppo_diffusion_agent][INFO] - approx_kl: 8.498036913806573e-05, update_epoch: 2, num_batch: 4
[2026-10-09 22:21:28,239][agent.finetune.train_ppo_diffusion_agent][INFO] - approx_kl: 0.00017644892795942724, update_epoch: 2, num_batch: 4
[2026-10-09 22:21:30,399][agent.finetune.train_ppo_diffusion_agent][INFO] - approx_kl: 0.0002902541309595108, update_epoch: 3, num_batch: 4
[2026-10-09 22:21:32,652][agent.finetune.train_ppo_diffusion_agent][INFO] - approx_kl: 0.00048822982353158295, update_epoch: 3, num_batch: 4
[2026-10-09 22:21:34,957][agent.finetune.train_ppo_diffusion_agent][INFO] - approx_kl: 0.0006639387574978173, update_epoch: 3, num_batch: 4
[2026-10-09 22:21:37,277][agent.finetune.train_ppo_diffusion_agent][INFO] - approx_kl: 0.0007105467957444489, update_epoch: 3, num_batch: 4
[2026-10-09 22:21:39,378][agent.finetune.train_ppo_diffusion_agent][INFO] - approx_kl: 0.0007741262670606375, update_epoch: 4, num_batch: 4
[2026-10-09 22:21:41,575][agent.finetune.train_ppo_diffusion_agent][INFO] - approx_kl: 0.0009416912798769772, update_epoch: 4, num_batch: 4
[2026-10-09 22:21:43,778][agent.finetune.train_ppo_diffusion_agent][INFO] - approx_kl: 0.0008283709757961333, update_epoch: 4, num_batch: 4
[2026-10-09 22:21:46,101][agent.finetune.train_ppo_diffusion_agent][INFO] - approx_kl: 0.0009068954386748374, update_epoch: 4, num_batch: 4
[2026-10-09 22:21:46,120][agent.finetune.train_ppo_diffusion_agent][INFO] - 6: step   480000 | loss   0.0141 | pg loss  -0.0045 | value loss   0.0372 | bc loss   0.0000 | reward 1341.3312 | eta   1.0000 | t: 57.0489 | kl_true_per_action=2.224850463580152 | logratio_p99=1.9791183888911903 | clamp_hit_frac=0.0004333333333333333
[2026-10-09 22:22:00,747][agent.finetune.train_ppo_diffusion_agent][INFO] - approx_kl: 0.0, update_epoch: 0, num_batch: 4
[2026-10-09 22:22:02,966][agent.finetune.train_ppo_diffusion_agent][INFO] - approx_kl: 2.1841502473307628e-07, update_epoch: 0, num_batch: 4
[2026-10-09 22:22:05,301][agent.finetune.train_ppo_diffusion_agent][INFO] - approx_kl: 7.873652521084296e-07, update_epoch: 0, num_batch: 4
[2026-10-09 22:22:07,418][agent.finetune.train_ppo_diffusion_agent][INFO] - approx_kl: 1.1161993143105065e-06, update_epoch: 0, num_batch: 4
[2026-10-09 22:22:09,620][agent.finetune.train_ppo_diffusion_agent][INFO] - approx_kl: 1.4168534789860132e-06, update_epoch: 1, num_batch: 4
[2026-10-09 22:22:11,833][agent.finetune.train_ppo_diffusion_agent][INFO] - approx_kl: 1.761324483595672e-06, update_epoch: 1, num_batch: 4
[2026-10-09 22:22:14,190][agent.finetune.train_ppo_diffusion_agent][INFO] - approx_kl: 2.1108510281919735e-06, update_epoch: 1, num_batch: 4
[2026-10-09 22:22:16,298][agent.finetune.train_ppo_diffusion_agent][INFO] - approx_kl: 2.690808742045192e-06, update_epoch: 1, num_batch: 4
[2026-10-09 22:22:18,488][agent.finetune.train_ppo_diffusion_agent][INFO] - approx_kl: 3.376283075340325e-06, update_epoch: 2, num_batch: 4
[2026-10-09 22:22:20,691][agent.finetune.train_ppo_diffusion_agent][INFO] - approx_kl: 4.1942635107261594e-06, update_epoch: 2, num_batch: 4
[2026-10-09 22:22:23,012][agent.finetune.train_ppo_diffusion_agent][INFO] - approx_kl: 5.3899070735496935e-06, update_epoch: 2, num_batch: 4
[2026-10-09 22:22:25,129][agent.finetune.train_ppo_diffusion_agent][INFO] - approx_kl: 6.203875273058657e-06, update_epoch: 2, num_batch: 4
[2026-10-09 22:22:27,340][agent.finetune.train_ppo_diffusion_agent][INFO] - approx_kl: 7.290837402251782e-06, update_epoch: 3, num_batch: 4
[2026-10-09 22:22:29,544][agent.finetune.train_ppo_diffusion_agent][INFO] - approx_kl: 7.637132512172684e-06, update_epoch: 3, num_batch: 4
[2026-10-09 22:22:31,874][agent.finetune.train_ppo_diffusion_agent][INFO] - approx_kl: 8.548794539819937e-06, update_epoch: 3, num_batch: 4
[2026-10-09 22:22:33,961][agent.finetune.train_ppo_diffusion_agent][INFO] - approx_kl: 9.346445040137041e-06, update_epoch: 3, num_batch: 4
[2026-10-09 22:22:36,210][agent.finetune.train_ppo_diffusion_agent][INFO] - approx_kl: 1.0367047252657358e-05, update_epoch: 4, num_batch: 4
[2026-10-09 22:22:38,459][agent.finetune.train_ppo_diffusion_agent][INFO] - approx_kl: 1.194840206153458e-05, update_epoch: 4, num_batch: 4
[2026-10-09 22:22:40,797][agent.finetune.train_ppo_diffusion_agent][INFO] - approx_kl: 1.2909851648146287e-05, update_epoch: 4, num_batch: 4
[2026-10-09 22:22:42,970][agent.finetune.train_ppo_diffusion_agent][INFO] - approx_kl: 1.4383050256583374e-05, update_epoch: 4, num_batch: 4
[2026-10-09 22:22:42,989][agent.finetune.train_ppo_diffusion_agent][INFO] - 7: step   560000 | loss   0.0200 | pg loss  -0.0004 | value loss   0.0408 | bc loss   0.0000 | reward 1529.1386 | eta   1.0000 | t: 56.8693 | kl_true_per_action=0.08443446229448465 | logratio_p99=0.5438500094413721 | clamp_hit_frac=0.0
[2026-10-09 22:22:58,211][agent.finetune.train_ppo_diffusion_agent][INFO] - approx_kl: 0.0, update_epoch: 0, num_batch: 4
[2026-10-09 22:23:00,375][agent.finetune.train_ppo_diffusion_agent][INFO] - approx_kl: 1.299825527212306e-07, update_epoch: 0, num_batch: 4
[2026-10-09 22:23:02,655][agent.finetune.train_ppo_diffusion_agent][INFO] - approx_kl: 4.2662799160098075e-07, update_epoch: 0, num_batch: 4
[2026-10-09 22:23:04,741][agent.finetune.train_ppo_diffusion_agent][INFO] - approx_kl: 6.921883368704584e-07, update_epoch: 0, num_batch: 4
[2026-10-09 22:23:06,910][agent.finetune.train_ppo_diffusion_agent][INFO] - approx_kl: 9.465071570957662e-07, update_epoch: 1, num_batch: 4
[2026-10-09 22:23:09,089][agent.finetune.train_ppo_diffusion_agent][INFO] - approx_kl: 1.2490368135331664e-06, update_epoch: 1, num_batch: 4
[2026-10-09 22:23:11,370][agent.finetune.train_ppo_diffusion_agent][INFO] - approx_kl: 1.7944022374649649e-06, update_epoch: 1, num_batch: 4
[2026-10-09 22:23:13,452][agent.finetune.train_ppo_diffusion_agent][INFO] - approx_kl: 2.2888575585966464e-06, update_epoch: 1, num_batch: 4
[2026-10-09 22:23:15,664][agent.finetune.train_ppo_diffusion_agent][INFO] - approx_kl: 2.789077598208678e-06, update_epoch: 2, num_batch: 4
[2026-10-09 22:23:17,842][agent.finetune.train_ppo_diffusion_agent][INFO] - approx_kl: 3.3443020583945327e-06, update_epoch: 2, num_batch: 4
[2026-10-09 22:23:20,118][agent.finetune.train_ppo_diffusion_agent][INFO] - approx_kl: 4.0043673834588844e-06, update_epoch: 2, num_batch: 4
[2026-10-09 22:23:22,200][agent.finetune.train_ppo_diffusion_agent][INFO] - approx_kl: 4.797498604602879e-06, update_epoch: 2, num_batch: 4
[2026-10-09 22:23:24,375][agent.finetune.train_ppo_diffusion_agent][INFO] - approx_kl: 5.532187060452998e-06, update_epoch: 3, num_batch: 4
[2026-10-09 22:23:26,559][agent.finetune.train_ppo_diffusion_agent][INFO] - approx_kl: 6.538002253364539e-06, update_epoch: 3, num_batch: 4
[2026-10-09 22:23:28,849][agent.finetune.train_ppo_diffusion_agent][INFO] - approx_kl: 7.457160791091155e-06, update_epoch: 3, num_batch: 4
[2026-10-09 22:23:30,933][agent.finetune.train_ppo_diffusion_agent][INFO] - approx_kl: 8.242635885835625e-06, update_epoch: 3, num_batch: 4
[2026-10-09 22:23:33,109][agent.finetune.train_ppo_diffusion_agent][INFO] - approx_kl: 9.522250365989748e-06, update_epoch: 4, num_batch: 4
[2026-10-09 22:23:35,288][agent.finetune.train_ppo_diffusion_agent][INFO] - approx_kl: 1.1043448466807604e-05, update_epoch: 4, num_batch: 4
[2026-10-09 22:23:37,573][agent.finetune.train_ppo_diffusion_agent][INFO] - approx_kl: 1.2780725228367373e-05, update_epoch: 4, num_batch: 4
[2026-10-09 22:23:39,654][agent.finetune.train_ppo_diffusion_agent][INFO] - approx_kl: 1.4756857126485556e-05, update_epoch: 4, num_batch: 4
[2026-10-09 22:23:39,674][agent.finetune.train_ppo_diffusion_agent][INFO] - 8: step   640000 | loss   0.0240 | pg loss  -0.0003 | value loss   0.0486 | bc loss   0.0000 | reward 1846.7693 | eta   1.0000 | t: 56.6848 | kl_true_per_action=0.08825694648490479 | logratio_p99=0.5385609495639787 | clamp_hit_frac=0.0
[2026-10-09 22:23:55,421][agent.finetune.train_ppo_diffusion_agent][INFO] - approx_kl: 0.0, update_epoch: 0, num_batch: 4
[2026-10-09 22:23:57,581][agent.finetune.train_ppo_diffusion_agent][INFO] - approx_kl: 7.122997658370878e-08, update_epoch: 0, num_batch: 4
[2026-10-09 22:23:59,848][agent.finetune.train_ppo_diffusion_agent][INFO] - approx_kl: 2.698632215469843e-07, update_epoch: 0, num_batch: 4
[2026-10-09 22:24:01,921][agent.finetune.train_ppo_diffusion_agent][INFO] - approx_kl: 4.6021830257814145e-07, update_epoch: 0, num_batch: 4
[2026-10-09 22:24:04,089][agent.finetune.train_ppo_diffusion_agent][INFO] - approx_kl: 7.593998816446401e-07, update_epoch: 1, num_batch: 4
[2026-10-09 22:24:06,357][agent.finetune.train_ppo_diffusion_agent][INFO] - approx_kl: 1.145469013863476e-06, update_epoch: 1, num_batch: 4
[2026-10-09 22:24:08,454][agent.finetune.train_ppo_diffusion_agent][INFO] - approx_kl: 1.7382045598424156e-06, update_epoch: 1, num_batch: 4
[2026-10-09 22:24:10,621][agent.finetune.train_ppo_diffusion_agent][INFO] - approx_kl: 2.4326989205292193e-06, update_epoch: 1, num_batch: 4
[2026-10-09 22:24:12,795][agent.finetune.train_ppo_diffusion_agent][INFO] - approx_kl: 3.320417363283923e-06, update_epoch: 2, num_batch: 4
[2026-10-09 22:24:15,083][agent.finetune.train_ppo_diffusion_agent][INFO] - approx_kl: 4.4068174247513525e-06, update_epoch: 2, num_batch: 4
[2026-10-09 22:24:17,176][agent.finetune.train_ppo_diffusion_agent][INFO] - approx_kl: 5.517335011973046e-06, update_epoch: 2, num_batch: 4
[2026-10-09 22:24:19,397][agent.finetune.train_ppo_diffusion_agent][INFO] - approx_kl: 6.492281499959063e-06, update_epoch: 2, num_batch: 4
[2026-10-09 22:24:21,602][agent.finetune.train_ppo_diffusion_agent][INFO] - approx_kl: 7.7611302913283e-06, update_epoch: 3, num_batch: 4
[2026-10-09 22:24:23,913][agent.finetune.train_ppo_diffusion_agent][INFO] - approx_kl: 9.163973118120339e-06, update_epoch: 3, num_batch: 4
[2026-10-09 22:24:26,028][agent.finetune.train_ppo_diffusion_agent][INFO] - approx_kl: 1.061949114955496e-05, update_epoch: 3, num_batch: 4
[2026-10-09 22:24:28,222][agent.finetune.train_ppo_diffusion_agent][INFO] - approx_kl: 1.1653218280116562e-05, update_epoch: 3, num_batch: 4
[2026-10-09 22:24:30,399][agent.finetune.train_ppo_diffusion_agent][INFO] - approx_kl: 1.3319221579877194e-05, update_epoch: 4, num_batch: 4
[2026-10-09 22:24:32,679][agent.finetune.train_ppo_diffusion_agent][INFO] - approx_kl: 1.5523402908002026e-05, update_epoch: 4, num_batch: 4
[2026-10-09 22:24:34,776][agent.finetune.train_ppo_diffusion_agent][INFO] - approx_kl: 1.700823486316949e-05, update_epoch: 4, num_batch: 4
[2026-10-09 22:24:36,979][agent.finetune.train_ppo_diffusion_agent][INFO] - approx_kl: 1.869366315077059e-05, update_epoch: 4, num_batch: 4
[2026-10-09 22:24:36,998][agent.finetune.train_ppo_diffusion_agent][INFO] - 9: step   720000 | loss   0.0257 | pg loss  -0.0004 | value loss   0.0521 | bc loss   0.0000 | reward 2436.5921 | eta   1.0000 | t: 57.3242 | kl_true_per_action=0.11905131556634505 | logratio_p99=0.6089663779735565 | clamp_hit_frac=0.0
[2026-10-09 22:24:49,685][agent.finetune.train_ppo_diffusion_agent][INFO] - eval: success rate   0.9750 | avg episode reward 3144.8402 | avg best reward   6.0511
[2026-10-09 22:25:04,444][agent.finetune.train_ppo_diffusion_agent][INFO] - approx_kl: 0.0, update_epoch: 0, num_batch: 4
[2026-10-09 22:25:06,745][agent.finetune.train_ppo_diffusion_agent][INFO] - approx_kl: 6.622117609822453e-08, update_epoch: 0, num_batch: 4
[2026-10-09 22:25:08,844][agent.finetune.train_ppo_diffusion_agent][INFO] - approx_kl: 2.4693608224879426e-07, update_epoch: 0, num_batch: 4
[2026-10-09 22:25:11,041][agent.finetune.train_ppo_diffusion_agent][INFO] - approx_kl: 6.413279152184259e-07, update_epoch: 0, num_batch: 4
[2026-10-09 22:25:13,230][agent.finetune.train_ppo_diffusion_agent][INFO] - approx_kl: 1.3545953834182e-06, update_epoch: 1, num_batch: 4
[2026-10-09 22:25:15,523][agent.finetune.train_ppo_diffusion_agent][INFO] - approx_kl: 2.3540708298241952e-06, update_epoch: 1, num_batch: 4
[2026-10-09 22:25:17,610][agent.finetune.train_ppo_diffusion_agent][INFO] - approx_kl: 3.45719445249415e-06, update_epoch: 1, num_batch: 4
[2026-10-09 22:25:19,833][agent.finetune.train_ppo_diffusion_agent][INFO] - approx_kl: 4.707364041678375e-06, update_epoch: 1, num_batch: 4
[2026-10-09 22:25:22,015][agent.finetune.train_ppo_diffusion_agent][INFO] - approx_kl: 6.550194939336507e-06, update_epoch: 2, num_batch: 4
[2026-10-09 22:25:24,307][agent.finetune.train_ppo_diffusion_agent][INFO] - approx_kl: 8.78437640494667e-06, update_epoch: 2, num_batch: 4
[2026-10-09 22:25:26,409][agent.finetune.train_ppo_diffusion_agent][INFO] - approx_kl: 1.0013135579356458e-05, update_epoch: 2, num_batch: 4
[2026-10-09 22:25:28,600][agent.finetune.train_ppo_diffusion_agent][INFO] - approx_kl: 1.1962619282712694e-05, update_epoch: 2, num_batch: 4
[2026-10-09 22:25:30,798][agent.finetune.train_ppo_diffusion_agent][INFO] - approx_kl: 1.4586634279112332e-05, update_epoch: 3, num_batch: 4
[2026-10-09 22:25:33,100][agent.finetune.train_ppo_diffusion_agent][INFO] - approx_kl: 1.7457989088143222e-05, update_epoch: 3, num_batch: 4
[2026-10-09 22:25:35,208][agent.finetune.train_ppo_diffusion_agent][INFO] - approx_kl: 2.0832543668802828e-05, update_epoch: 3, num_batch: 4
[2026-10-09 22:25:37,408][agent.finetune.train_ppo_diffusion_agent][INFO] - approx_kl: 2.5095281671383418e-05, update_epoch: 3, num_batch: 4
[2026-10-09 22:25:39,610][agent.finetune.train_ppo_diffusion_agent][INFO] - approx_kl: 2.8707409001071937e-05, update_epoch: 4, num_batch: 4
[2026-10-09 22:25:41,926][agent.finetune.train_ppo_diffusion_agent][INFO] - approx_kl: 3.267494685132988e-05, update_epoch: 4, num_batch: 4
[2026-10-09 22:25:44,021][agent.finetune.train_ppo_diffusion_agent][INFO] - approx_kl: 3.672380626085214e-05, update_epoch: 4, num_batch: 4
[2026-10-09 22:25:46,218][agent.finetune.train_ppo_diffusion_agent][INFO] - approx_kl: 4.292518497095443e-05, update_epoch: 4, num_batch: 4
[2026-10-09 22:25:46,236][agent.finetune.train_ppo_diffusion_agent][INFO] - 11: step   800000 | loss   0.0263 | pg loss  -0.0005 | value loss   0.0536 | bc loss   0.0000 | reward 2542.4062 | eta   1.0000 | t: 56.5507 | kl_true_per_action=0.2856597477426507 | logratio_p99=0.8950596696138381 | clamp_hit_frac=0.0
[2026-10-09 22:26:00,881][agent.finetune.train_ppo_diffusion_agent][INFO] - approx_kl: 0.0, update_epoch: 0, num_batch: 4
[2026-10-09 22:26:03,158][agent.finetune.train_ppo_diffusion_agent][INFO] - approx_kl: 4.334007712714083e-07, update_epoch: 0, num_batch: 4
[2026-10-09 22:26:05,241][agent.finetune.train_ppo_diffusion_agent][INFO] - approx_kl: 1.4780255241930718e-06, update_epoch: 0, num_batch: 4
[2026-10-09 22:26:07,417][agent.finetune.train_ppo_diffusion_agent][INFO] - approx_kl: 3.595943326217821e-06, update_epoch: 0, num_batch: 4
[2026-10-09 22:26:09,593][agent.finetune.train_ppo_diffusion_agent][INFO] - approx_kl: 5.854881237610243e-06, update_epoch: 1, num_batch: 4
[2026-10-09 22:26:11,919][agent.finetune.train_ppo_diffusion_agent][INFO] - approx_kl: 8.721021004021168e-06, update_epoch: 1, num_batch: 4
[2026-10-09 22:26:14,001][agent.finetune.train_ppo_diffusion_agent][INFO] - approx_kl: 1.0609562195895705e-05, update_epoch: 1, num_batch: 4
[2026-10-09 22:26:16,167][agent.finetune.train_ppo_diffusion_agent][INFO] - approx_kl: 1.164353216154268e-05, update_epoch: 1, num_batch: 4
[2026-10-09 22:26:18,359][agent.finetune.train_ppo_diffusion_agent][INFO] - approx_kl: 1.4432604075409472e-05, update_epoch: 2, num_batch: 4
[2026-10-09 22:26:20,732][agent.finetune.train_ppo_diffusion_agent][INFO] - approx_kl: 1.641828566789627e-05, update_epoch: 2, num_batch: 4
[2026-10-09 22:26:22,872][agent.finetune.train_ppo_diffusion_agent][INFO] - approx_kl: 1.9511397113092244e-05, update_epoch: 2, num_batch: 4
[2026-10-09 22:26:25,067][agent.finetune.train_ppo_diffusion_agent][INFO] - approx_kl: 2.4076563931885175e-05, update_epoch: 2, num_batch: 4
[2026-10-09 22:26:27,253][agent.finetune.train_ppo_diffusion_agent][INFO] - approx_kl: 2.793653948174324e-05, update_epoch: 3, num_batch: 4
[2026-10-09 22:26:29,550][agent.finetune.train_ppo_diffusion_agent][INFO] - approx_kl: 3.263521284679882e-05, update_epoch: 3, num_batch: 4
[2026-10-09 22:26:31,655][agent.finetune.train_ppo_diffusion_agent][INFO] - approx_kl: 4.04213133151643e-05, update_epoch: 3, num_batch: 4
[2026-10-09 22:26:33,842][agent.finetune.train_ppo_diffusion_agent][INFO] - approx_kl: 4.632136187865399e-05, update_epoch: 3, num_batch: 4
[2026-10-09 22:26:36,030][agent.finetune.train_ppo_diffusion_agent][INFO] - approx_kl: 5.3038664191262797e-05, update_epoch: 4, num_batch: 4
[2026-10-09 22:26:38,331][agent.finetune.train_ppo_diffusion_agent][INFO] - approx_kl: 6.554830179084092e-05, update_epoch: 4, num_batch: 4
[2026-10-09 22:26:40,463][agent.finetune.train_ppo_diffusion_agent][INFO] - approx_kl: 7.44747812859714e-05, update_epoch: 4, num_batch: 4
[2026-10-09 22:26:42,702][agent.finetune.train_ppo_diffusion_agent][INFO] - approx_kl: 8.272737613879144e-05, update_epoch: 4, num_batch: 4
[2026-10-09 22:26:42,719][agent.finetune.train_ppo_diffusion_agent][INFO] - 12: step   880000 | loss   0.0275 | pg loss  -0.0004 | value loss   0.0557 | bc loss   0.0000 | reward 2797.7731 | eta   1.0000 | t: 56.4830 | kl_true_per_action=0.4626826771103226 | logratio_p99=1.3259884405136106 | clamp_hit_frac=0.0
[2026-10-09 22:26:57,569][agent.finetune.train_ppo_diffusion_agent][INFO] - approx_kl: 0.0, update_epoch: 0, num_batch: 4
[2026-10-09 22:26:59,828][agent.finetune.train_ppo_diffusion_agent][INFO] - approx_kl: 2.4976196755233104e-07, update_epoch: 0, num_batch: 4
[2026-10-09 22:27:01,903][agent.finetune.train_ppo_diffusion_agent][INFO] - approx_kl: 8.873540195963869e-07, update_epoch: 0, num_batch: 4
[2026-10-09 22:27:04,078][agent.finetune.train_ppo_diffusion_agent][INFO] - approx_kl: 2.4921223484852817e-06, update_epoch: 0, num_batch: 4
[2026-10-09 22:27:06,243][agent.finetune.train_ppo_diffusion_agent][INFO] - approx_kl: 4.471287866181228e-06, update_epoch: 1, num_batch: 4
[2026-10-09 22:27:08,549][agent.finetune.train_ppo_diffusion_agent][INFO] - approx_kl: 9.164855327981059e-06, update_epoch: 1, num_batch: 4
[2026-10-09 22:27:10,626][agent.finetune.train_ppo_diffusion_agent][INFO] - approx_kl: 1.4819360330875497e-05, update_epoch: 1, num_batch: 4
[2026-10-09 22:27:12,833][agent.finetune.train_ppo_diffusion_agent][INFO] - approx_kl: 2.1116471543791704e-05, update_epoch: 1, num_batch: 4
[2026-10-09 22:27:14,998][agent.finetune.train_ppo_diffusion_agent][INFO] - approx_kl: 2.887720438593533e-05, update_epoch: 2, num_batch: 4
[2026-10-09 22:27:17,260][agent.finetune.train_ppo_diffusion_agent][INFO] - approx_kl: 3.959236346418038e-05, update_epoch: 2, num_batch: 4
[2026-10-09 22:27:19,337][agent.finetune.train_ppo_diffusion_agent][INFO] - approx_kl: 5.4763695516157895e-05, update_epoch: 2, num_batch: 4
[2026-10-09 22:27:21,497][agent.finetune.train_ppo_diffusion_agent][INFO] - approx_kl: 6.668959395028651e-05, update_epoch: 2, num_batch: 4
[2026-10-09 22:27:23,663][agent.finetune.train_ppo_diffusion_agent][INFO] - approx_kl: 8.500148396706209e-05, update_epoch: 3, num_batch: 4
[2026-10-09 22:27:25,935][agent.finetune.train_ppo_diffusion_agent][INFO] - approx_kl: 0.00010483596270205453, update_epoch: 3, num_batch: 4
[2026-10-09 22:27:28,004][agent.finetune.train_ppo_diffusion_agent][INFO] - approx_kl: 0.0001361487666144967, update_epoch: 3, num_batch: 4
[2026-10-09 22:27:30,186][agent.finetune.train_ppo_diffusion_agent][INFO] - approx_kl: 0.00017143451259471476, update_epoch: 3, num_batch: 4
[2026-10-09 22:27:32,384][agent.finetune.train_ppo_diffusion_agent][INFO] - approx_kl: 0.00022508614347316325, update_epoch: 4, num_batch: 4
[2026-10-09 22:27:34,667][agent.finetune.train_ppo_diffusion_agent][INFO] - approx_kl: 0.0002803437819238752, update_epoch: 4, num_batch: 4
[2026-10-09 22:27:36,752][agent.finetune.train_ppo_diffusion_agent][INFO] - approx_kl: 0.0003585974918678403, update_epoch: 4, num_batch: 4
[2026-10-09 22:27:38,939][agent.finetune.train_ppo_diffusion_agent][INFO] - approx_kl: 0.0004847994423471391, update_epoch: 4, num_batch: 4
[2026-10-09 22:27:38,965][agent.finetune.train_ppo_diffusion_agent][INFO] - 13: step   960000 | loss   0.0296 | pg loss  -0.0012 | value loss   0.0615 | bc loss   0.0000 | reward 3120.0945 | eta   1.0000 | t: 56.2463 | kl_true_per_action=2.0207239579297633 | logratio_p99=3.8593609464168255 | clamp_hit_frac=1.6666666666666667e-05
[2026-10-09 22:27:54,719][agent.finetune.train_ppo_diffusion_agent][INFO] - approx_kl: 0.0, update_epoch: 0, num_batch: 4
[2026-10-09 22:27:56,805][agent.finetune.train_ppo_diffusion_agent][INFO] - approx_kl: 2.226592187071219e-06, update_epoch: 0, num_batch: 4
[2026-10-09 22:27:58,974][agent.finetune.train_ppo_diffusion_agent][INFO] - approx_kl: 8.084731234703213e-06, update_epoch: 0, num_batch: 4
[2026-10-09 22:28:01,145][agent.finetune.train_ppo_diffusion_agent][INFO] - approx_kl: 1.8273865862283856e-05, update_epoch: 0, num_batch: 4
[2026-10-09 22:28:03,436][agent.finetune.train_ppo_diffusion_agent][INFO] - approx_kl: 3.362356801517308e-05, update_epoch: 1, num_batch: 4
[2026-10-09 22:28:05,527][agent.finetune.train_ppo_diffusion_agent][INFO] - approx_kl: 5.6205884902738035e-05, update_epoch: 1, num_batch: 4
[2026-10-09 22:28:07,705][agent.finetune.train_ppo_diffusion_agent][INFO] - approx_kl: 8.230407547671348e-05, update_epoch: 1, num_batch: 4
[2026-10-09 22:28:09,886][agent.finetune.train_ppo_diffusion_agent][INFO] - approx_kl: 0.00012504264304880053, update_epoch: 1, num_batch: 4
[2026-10-09 22:28:12,162][agent.finetune.train_ppo_diffusion_agent][INFO] - approx_kl: 0.0001592316839378327, update_epoch: 2, num_batch: 4
[2026-10-09 22:28:14,249][agent.finetune.train_ppo_diffusion_agent][INFO] - approx_kl: 0.00019911302661057562, update_epoch: 2, num_batch: 4
[2026-10-09 22:28:16,427][agent.finetune.train_ppo_diffusion_agent][INFO] - approx_kl: 0.0002479135000612587, update_epoch: 2, num_batch: 4
[2026-10-09 22:28:18,596][agent.finetune.train_ppo_diffusion_agent][INFO] - approx_kl: 0.0002999888965860009, update_epoch: 2, num_batch: 4
[2026-10-09 22:28:20,867][agent.finetune.train_ppo_diffusion_agent][INFO] - approx_kl: 0.0003899761359207332, update_epoch: 3, num_batch: 4
[2026-10-09 22:28:22,934][agent.finetune.train_ppo_diffusion_agent][INFO] - approx_kl: 0.00048489077016711235, update_epoch: 3, num_batch: 4
[2026-10-09 22:28:25,099][agent.finetune.train_ppo_diffusion_agent][INFO] - approx_kl: 0.0006253092433325946, update_epoch: 3, num_batch: 4
[2026-10-09 22:28:27,265][agent.finetune.train_ppo_diffusion_agent][INFO] - approx_kl: 0.0007633993518538773, update_epoch: 3, num_batch: 4
[2026-10-09 22:28:29,535][agent.finetune.train_ppo_diffusion_agent][INFO] - approx_kl: 0.0009977633599191904, update_epoch: 4, num_batch: 4
[2026-10-09 22:28:31,610][agent.finetune.train_ppo_diffusion_agent][INFO] - approx_kl: 0.0012190876295790076, update_epoch: 4, num_batch: 4
[2026-10-09 22:28:33,776][agent.finetune.train_ppo_diffusion_agent][INFO] - approx_kl: 0.001514742849394679, update_epoch: 4, num_batch: 4
[2026-10-09 22:28:35,950][agent.finetune.train_ppo_diffusion_agent][INFO] - approx_kl: 0.0019206645665690303, update_epoch: 4, num_batch: 4
[2026-10-09 22:28:35,974][agent.finetune.train_ppo_diffusion_agent][INFO] - 14: step  1040000 | loss   0.0294 | pg loss  -0.0023 | value loss   0.0634 | bc loss   0.0000 | reward 2552.1762 | eta   1.0000 | t: 57.0091 | kl_true_per_action=6.378065074474357 | logratio_p99=7.401186373233745 | clamp_hit_frac=0.00016041666666666667
[2026-10-09 22:28:51,737][agent.finetune.train_ppo_diffusion_agent][INFO] - approx_kl: 0.0, update_epoch: 0, num_batch: 4
[2026-10-09 22:28:53,817][agent.finetune.train_ppo_diffusion_agent][INFO] - approx_kl: 3.844801540253684e-06, update_epoch: 0, num_batch: 4
[2026-10-09 22:28:55,981][agent.finetune.train_ppo_diffusion_agent][INFO] - approx_kl: 1.4821807781117968e-05, update_epoch: 0, num_batch: 4
[2026-10-09 22:28:58,157][agent.finetune.train_ppo_diffusion_agent][INFO] - approx_kl: 3.248494249419309e-05, update_epoch: 0, num_batch: 4
[2026-10-09 22:29:00,436][agent.finetune.train_ppo_diffusion_agent][INFO] - approx_kl: 6.534394196933135e-05, update_epoch: 1, num_batch: 4
[2026-10-09 22:29:02,521][agent.finetune.train_ppo_diffusion_agent][INFO] - approx_kl: 0.00011903830454684794, update_epoch: 1, num_batch: 4
[2026-10-09 22:29:04,699][agent.finetune.train_ppo_diffusion_agent][INFO] - approx_kl: 0.00021761540847364813, update_epoch: 1, num_batch: 4
[2026-10-09 22:29:06,881][agent.finetune.train_ppo_diffusion_agent][INFO] - approx_kl: 0.0003767515590880066, update_epoch: 1, num_batch: 4
[2026-10-09 22:29:09,164][agent.finetune.train_ppo_diffusion_agent][INFO] - approx_kl: 0.0006390684866346419, update_epoch: 2, num_batch: 4
[2026-10-09 22:29:11,245][agent.finetune.train_ppo_diffusion_agent][INFO] - approx_kl: 0.001088026212528348, update_epoch: 2, num_batch: 4
[2026-10-09 22:29:13,411][agent.finetune.train_ppo_diffusion_agent][INFO] - approx_kl: 0.0018547067884355783, update_epoch: 2, num_batch: 4
[2026-10-09 22:29:15,585][agent.finetune.train_ppo_diffusion_agent][INFO] - approx_kl: 0.003085983917117119, update_epoch: 2, num_batch: 4
[2026-10-09 22:29:17,912][agent.finetune.train_ppo_diffusion_agent][INFO] - approx_kl: 0.005287251900881529, update_epoch: 3, num_batch: 4
[2026-10-09 22:29:19,995][agent.finetune.train_ppo_diffusion_agent][INFO] - approx_kl: 0.008580713532865047, update_epoch: 3, num_batch: 4
[2026-10-09 22:29:22,172][agent.finetune.train_ppo_diffusion_agent][INFO] - approx_kl: 0.012993100099265575, update_epoch: 3, num_batch: 4
[2026-10-09 22:29:24,346][agent.finetune.train_ppo_diffusion_agent][INFO] - approx_kl: 0.01996750384569168, update_epoch: 3, num_batch: 4
[2026-10-09 22:29:26,637][agent.finetune.train_ppo_diffusion_agent][INFO] - approx_kl: 0.030829554423689842, update_epoch: 4, num_batch: 4
[2026-10-09 22:29:28,724][agent.finetune.train_ppo_diffusion_agent][INFO] - approx_kl: 0.04477989301085472, update_epoch: 4, num_batch: 4
[2026-10-09 22:29:30,899][agent.finetune.train_ppo_diffusion_agent][INFO] - approx_kl: 0.06270275264978409, update_epoch: 4, num_batch: 4
[2026-10-09 22:29:33,066][agent.finetune.train_ppo_diffusion_agent][INFO] - approx_kl: 0.0844644084572792, update_epoch: 4, num_batch: 4
[2026-10-09 22:29:33,089][agent.finetune.train_ppo_diffusion_agent][INFO] - 15: step  1120000 | loss   0.0150 | pg loss  -0.0169 | value loss   0.0638 | bc loss   0.0000 | reward 1818.3031 | eta   1.0000 | t: 57.1151 | kl_true_per_action=73.17549746368941 | logratio_p99=66.06119079709049 | clamp_hit_frac=0.011014583333333333
[2026-10-09 22:29:48,903][agent.finetune.train_ppo_diffusion_agent][INFO] - approx_kl: 0.0, update_epoch: 0, num_batch: 4
[2026-10-09 22:29:50,996][agent.finetune.train_ppo_diffusion_agent][INFO] - approx_kl: 2.0960625988664106e-05, update_epoch: 0, num_batch: 4
[2026-10-09 22:29:53,180][agent.finetune.train_ppo_diffusion_agent][INFO] - approx_kl: 0.00011285036453045905, update_epoch: 0, num_batch: 4
[2026-10-09 22:29:55,460][agent.finetune.train_ppo_diffusion_agent][INFO] - approx_kl: 0.0004025125817861408, update_epoch: 0, num_batch: 4
[2026-10-09 22:29:57,550][agent.finetune.train_ppo_diffusion_agent][INFO] - approx_kl: 0.0010633645579218864, update_epoch: 1, num_batch: 4
[2026-10-09 22:29:59,733][agent.finetune.train_ppo_diffusion_agent][INFO] - approx_kl: 0.002938658930361271, update_epoch: 1, num_batch: 4
[2026-10-09 22:30:01,906][agent.finetune.train_ppo_diffusion_agent][INFO] - approx_kl: 0.005943355616182089, update_epoch: 1, num_batch: 4
[2026-10-09 22:30:04,190][agent.finetune.train_ppo_diffusion_agent][INFO] - approx_kl: 0.013331398367881775, update_epoch: 1, num_batch: 4
[2026-10-09 22:30:06,274][agent.finetune.train_ppo_diffusion_agent][INFO] - approx_kl: 0.025361014530062675, update_epoch: 2, num_batch: 4
[2026-10-09 22:30:08,479][agent.finetune.train_ppo_diffusion_agent][INFO] - approx_kl: 0.0456748828291893, update_epoch: 2, num_batch: 4
[2026-10-09 22:30:10,664][agent.finetune.train_ppo_diffusion_agent][INFO] - approx_kl: 0.07486440241336823, update_epoch: 2, num_batch: 4
[2026-10-09 22:30:12,961][agent.finetune.train_ppo_diffusion_agent][INFO] - approx_kl: 0.10221128910779953, update_epoch: 2, num_batch: 4
[2026-10-09 22:30:15,047][agent.finetune.train_ppo_diffusion_agent][INFO] - approx_kl: 0.12189333885908127, update_epoch: 3, num_batch: 4
[2026-10-09 22:30:17,232][agent.finetune.train_ppo_diffusion_agent][INFO] - approx_kl: 0.1426834911108017, update_epoch: 3, num_batch: 4
[2026-10-09 22:30:19,453][agent.finetune.train_ppo_diffusion_agent][INFO] - approx_kl: 0.15968136489391327, update_epoch: 3, num_batch: 4
[2026-10-09 22:30:21,743][agent.finetune.train_ppo_diffusion_agent][INFO] - approx_kl: 0.15910620987415314, update_epoch: 3, num_batch: 4
[2026-10-09 22:30:23,839][agent.finetune.train_ppo_diffusion_agent][INFO] - approx_kl: 0.1669510304927826, update_epoch: 4, num_batch: 4
[2026-10-09 22:30:26,025][agent.finetune.train_ppo_diffusion_agent][INFO] - approx_kl: 0.16964319348335266, update_epoch: 4, num_batch: 4
[2026-10-09 22:30:28,214][agent.finetune.train_ppo_diffusion_agent][INFO] - approx_kl: 0.1757727563381195, update_epoch: 4, num_batch: 4
[2026-10-09 22:30:30,515][agent.finetune.train_ppo_diffusion_agent][INFO] - approx_kl: 0.1807883381843567, update_epoch: 4, num_batch: 4
[2026-10-09 22:30:30,535][agent.finetune.train_ppo_diffusion_agent][INFO] - 16: step  1200000 | loss  -0.1131 | pg loss  -0.1271 | value loss   0.0280 | bc loss   0.0000 | reward -355.1641 | eta   1.0000 | t: 57.4461 | kl_true_per_action=240.4551466234129 | logratio_p99=840.245158663988 | clamp_hit_frac=0.035839583333333334
[2026-10-09 22:30:46,133][agent.finetune.train_ppo_diffusion_agent][INFO] - approx_kl: 0.0, update_epoch: 0, num_batch: 4
[2026-10-09 22:30:48,314][agent.finetune.train_ppo_diffusion_agent][INFO] - approx_kl: 1.3186270734877326e-05, update_epoch: 0, num_batch: 4
[2026-10-09 22:30:50,473][agent.finetune.train_ppo_diffusion_agent][INFO] - approx_kl: 6.176208262331784e-05, update_epoch: 0, num_batch: 4
[2026-10-09 22:30:52,754][agent.finetune.train_ppo_diffusion_agent][INFO] - approx_kl: 0.00017794720770325512, update_epoch: 0, num_batch: 4
[2026-10-09 22:30:54,833][agent.finetune.train_ppo_diffusion_agent][INFO] - approx_kl: 0.0004194977809675038, update_epoch: 1, num_batch: 4
[2026-10-09 22:30:56,981][agent.finetune.train_ppo_diffusion_agent][INFO] - approx_kl: 0.0008749392000027001, update_epoch: 1, num_batch: 4
[2026-10-09 22:30:59,132][agent.finetune.train_ppo_diffusion_agent][INFO] - approx_kl: 0.001587658072821796, update_epoch: 1, num_batch: 4
[2026-10-09 22:31:01,414][agent.finetune.train_ppo_diffusion_agent][INFO] - approx_kl: 0.0028057070448994637, update_epoch: 1, num_batch: 4
[2026-10-09 22:31:03,457][agent.finetune.train_ppo_diffusion_agent][INFO] - approx_kl: 0.004795333370566368, update_epoch: 2, num_batch: 4
[2026-10-09 22:31:05,597][agent.finetune.train_ppo_diffusion_agent][INFO] - approx_kl: 0.006881123408675194, update_epoch: 2, num_batch: 4
[2026-10-09 22:31:07,771][agent.finetune.train_ppo_diffusion_agent][INFO] - approx_kl: 0.010135293006896973, update_epoch: 2, num_batch: 4
[2026-10-09 22:31:10,043][agent.finetune.train_ppo_diffusion_agent][INFO] - approx_kl: 0.013190384954214096, update_epoch: 2, num_batch: 4
[2026-10-09 22:31:12,192][agent.finetune.train_ppo_diffusion_agent][INFO] - approx_kl: 0.017070870846509933, update_epoch: 3, num_batch: 4
[2026-10-09 22:31:14,388][agent.finetune.train_ppo_diffusion_agent][INFO] - approx_kl: 0.020663375034928322, update_epoch: 3, num_batch: 4
[2026-10-09 22:31:16,572][agent.finetune.train_ppo_diffusion_agent][INFO] - approx_kl: 0.022916020825505257, update_epoch: 3, num_batch: 4
[2026-10-09 22:31:18,808][agent.finetune.train_ppo_diffusion_agent][INFO] - approx_kl: 0.026882044970989227, update_epoch: 3, num_batch: 4
[2026-10-09 22:31:20,910][agent.finetune.train_ppo_diffusion_agent][INFO] - approx_kl: 0.03086811676621437, update_epoch: 4, num_batch: 4
[2026-10-09 22:31:23,080][agent.finetune.train_ppo_diffusion_agent][INFO] - approx_kl: 0.03213882073760033, update_epoch: 4, num_batch: 4
[2026-10-09 22:31:25,238][agent.finetune.train_ppo_diffusion_agent][INFO] - approx_kl: 0.036821089684963226, update_epoch: 4, num_batch: 4
[2026-10-09 22:31:27,519][agent.finetune.train_ppo_diffusion_agent][INFO] - approx_kl: 0.0374947115778923, update_epoch: 4, num_batch: 4
[2026-10-09 22:31:27,538][agent.finetune.train_ppo_diffusion_agent][INFO] - 17: step  1280000 | loss  -0.0205 | pg loss  -0.0264 | value loss   0.0118 | bc loss   0.0000 | reward -1031.0858 | eta   1.0000 | t: 57.0031 | kl_true_per_action=27.838404373233992 | logratio_p99=86.54054938733492 | clamp_hit_frac=0.00701875
[2026-10-09 22:31:42,148][agent.finetune.train_ppo_diffusion_agent][INFO] - approx_kl: 0.0, update_epoch: 0, num_batch: 4
[2026-10-09 22:31:44,346][agent.finetune.train_ppo_diffusion_agent][INFO] - approx_kl: 2.6805050623579518e-08, update_epoch: 0, num_batch: 4
[2026-10-09 22:31:46,534][agent.finetune.train_ppo_diffusion_agent][INFO] - approx_kl: 6.344962599769133e-08, update_epoch: 0, num_batch: 4
[2026-10-09 22:31:48,833][agent.finetune.train_ppo_diffusion_agent][INFO] - approx_kl: 1.2906725999073387e-07, update_epoch: 0, num_batch: 4
[2026-10-09 22:31:50,936][agent.finetune.train_ppo_diffusion_agent][INFO] - approx_kl: 2.0827840785386798e-07, update_epoch: 1, num_batch: 4
[2026-10-09 22:31:53,121][agent.finetune.train_ppo_diffusion_agent][INFO] - approx_kl: 1.7023793930093234e-07, update_epoch: 1, num_batch: 4
[2026-10-09 22:31:55,318][agent.finetune.train_ppo_diffusion_agent][INFO] - approx_kl: 2.1655303328316222e-07, update_epoch: 1, num_batch: 4
[2026-10-09 22:31:57,630][agent.finetune.train_ppo_diffusion_agent][INFO] - approx_kl: 3.1971177349987556e-07, update_epoch: 1, num_batch: 4
[2026-10-09 22:31:59,728][agent.finetune.train_ppo_diffusion_agent][INFO] - approx_kl: 3.692361758567131e-07, update_epoch: 2, num_batch: 4
[2026-10-09 22:32:01,925][agent.finetune.train_ppo_diffusion_agent][INFO] - approx_kl: 2.6401497166261834e-07, update_epoch: 2, num_batch: 4
[2026-10-09 22:32:04,123][agent.finetune.train_ppo_diffusion_agent][INFO] - approx_kl: 2.9960736469547555e-07, update_epoch: 2, num_batch: 4
[2026-10-09 22:32:06,426][agent.finetune.train_ppo_diffusion_agent][INFO] - approx_kl: 3.697838906191464e-07, update_epoch: 2, num_batch: 4
[2026-10-09 22:32:08,538][agent.finetune.train_ppo_diffusion_agent][INFO] - approx_kl: 3.5364683981242706e-07, update_epoch: 3, num_batch: 4
[2026-10-09 22:32:10,731][agent.finetune.train_ppo_diffusion_agent][INFO] - approx_kl: 2.858483298950887e-07, update_epoch: 3, num_batch: 4
[2026-10-09 22:32:12,969][agent.finetune.train_ppo_diffusion_agent][INFO] - approx_kl: 3.513567037316534e-07, update_epoch: 3, num_batch: 4
[2026-10-09 22:32:15,268][agent.finetune.train_ppo_diffusion_agent][INFO] - approx_kl: 4.851411290474061e-07, update_epoch: 3, num_batch: 4
[2026-10-09 22:32:17,371][agent.finetune.train_ppo_diffusion_agent][INFO] - approx_kl: 3.541297246556496e-07, update_epoch: 4, num_batch: 4
[2026-10-09 22:32:19,560][agent.finetune.train_ppo_diffusion_agent][INFO] - approx_kl: 4.908803816761065e-07, update_epoch: 4, num_batch: 4
[2026-10-09 22:32:21,753][agent.finetune.train_ppo_diffusion_agent][INFO] - approx_kl: 3.184457852967171e-07, update_epoch: 4, num_batch: 4
[2026-10-09 22:32:24,066][agent.finetune.train_ppo_diffusion_agent][INFO] - approx_kl: 3.6897711197525496e-07, update_epoch: 4, num_batch: 4
[2026-10-09 22:32:24,084][agent.finetune.train_ppo_diffusion_agent][INFO] - 18: step  1360000 | loss   0.0016 | pg loss   0.0001 | value loss   0.0031 | bc loss   0.0000 | reward -1625.9302 | eta   1.0000 | t: 56.5453 | kl_true_per_action=0.0017084213952592363 | logratio_p99=0.0 | clamp_hit_frac=0.0
[2026-10-09 22:32:38,689][agent.finetune.train_ppo_diffusion_agent][INFO] - approx_kl: 0.0, update_epoch: 0, num_batch: 4
[2026-10-09 22:32:40,891][agent.finetune.train_ppo_diffusion_agent][INFO] - approx_kl: 1.4901160817412662e-12, update_epoch: 0, num_batch: 4
[2026-10-09 22:32:43,070][agent.finetune.train_ppo_diffusion_agent][INFO] - approx_kl: 1.7350539407989807e-11, update_epoch: 0, num_batch: 4
[2026-10-09 22:32:45,349][agent.finetune.train_ppo_diffusion_agent][INFO] - approx_kl: 3.0994415367580075e-11, update_epoch: 0, num_batch: 4
[2026-10-09 22:32:47,452][agent.finetune.train_ppo_diffusion_agent][INFO] - approx_kl: 1.1021271395517118e-10, update_epoch: 1, num_batch: 4
[2026-10-09 22:32:49,636][agent.finetune.train_ppo_diffusion_agent][INFO] - approx_kl: 0.0, update_epoch: 1, num_batch: 4
[2026-10-09 22:32:51,821][agent.finetune.train_ppo_diffusion_agent][INFO] - approx_kl: 6.675719699256177e-11, update_epoch: 1, num_batch: 4
[2026-10-09 22:32:54,108][agent.finetune.train_ppo_diffusion_agent][INFO] - approx_kl: 6.176530814583359e-11, update_epoch: 1, num_batch: 4
[2026-10-09 22:32:56,208][agent.finetune.train_ppo_diffusion_agent][INFO] - approx_kl: 1.4357268152132008e-10, update_epoch: 2, num_batch: 4
[2026-10-09 22:32:58,391][agent.finetune.train_ppo_diffusion_agent][INFO] - approx_kl: 6.543472014231e-11, update_epoch: 2, num_batch: 4
[2026-10-09 22:33:00,610][agent.finetune.train_ppo_diffusion_agent][INFO] - approx_kl: 1.5934463470923532e-10, update_epoch: 2, num_batch: 4
[2026-10-09 22:33:02,981][agent.finetune.train_ppo_diffusion_agent][INFO] - approx_kl: 1.2472271826435843e-10, update_epoch: 2, num_batch: 4
[2026-10-09 22:33:05,154][agent.finetune.train_ppo_diffusion_agent][INFO] - approx_kl: 1.202896254826058e-10, update_epoch: 3, num_batch: 4
[2026-10-09 22:33:07,356][agent.finetune.train_ppo_diffusion_agent][INFO] - approx_kl: 7.691793035835559e-11, update_epoch: 3, num_batch: 4
[2026-10-09 22:33:09,573][agent.finetune.train_ppo_diffusion_agent][INFO] - approx_kl: 2.10404388356622e-10, update_epoch: 3, num_batch: 4
[2026-10-09 22:33:11,868][agent.finetune.train_ppo_diffusion_agent][INFO] - approx_kl: 2.9841437654276604e-10, update_epoch: 3, num_batch: 4
[2026-10-09 22:33:13,957][agent.finetune.train_ppo_diffusion_agent][INFO] - approx_kl: 3.0075664181339334e-10, update_epoch: 4, num_batch: 4
[2026-10-09 22:33:16,175][agent.finetune.train_ppo_diffusion_agent][INFO] - approx_kl: 2.0354985752479848e-10, update_epoch: 4, num_batch: 4
[2026-10-09 22:33:18,392][agent.finetune.train_ppo_diffusion_agent][INFO] - approx_kl: 2.7529895030298235e-10, update_epoch: 4, num_batch: 4
[2026-10-09 22:33:20,706][agent.finetune.train_ppo_diffusion_agent][INFO] - approx_kl: 9.406357637242735e-12, update_epoch: 4, num_batch: 4
[2026-10-09 22:33:20,724][agent.finetune.train_ppo_diffusion_agent][INFO] - 19: step  1440000 | loss   0.0015 | pg loss   0.0002 | value loss   0.0025 | bc loss   0.0000 | reward -1580.4004 | eta   1.0000 | t: 56.6401 | kl_true_per_action=4.08895968315556e-06 | logratio_p99=0.0 | clamp_hit_frac=0.0
[2026-10-09 22:33:33,304][agent.finetune.train_ppo_diffusion_agent][INFO] - eval: success rate   0.0000 | avg episode reward -1580.6460 | avg best reward   0.4412
[2026-10-09 22:33:48,143][agent.finetune.train_ppo_diffusion_agent][INFO] - approx_kl: 0.0, update_epoch: 0, num_batch: 4
[2026-10-09 22:33:50,375][agent.finetune.train_ppo_diffusion_agent][INFO] - approx_kl: 7.015187042380688e-11, update_epoch: 0, num_batch: 4
[2026-10-09 22:33:52,702][agent.finetune.train_ppo_diffusion_agent][INFO] - approx_kl: 8.734263312604185e-11, update_epoch: 0, num_batch: 4
[2026-10-09 22:33:54,832][agent.finetune.train_ppo_diffusion_agent][INFO] - approx_kl: 1.235457569581655e-10, update_epoch: 0, num_batch: 4
[2026-10-09 22:33:57,056][agent.finetune.train_ppo_diffusion_agent][INFO] - approx_kl: 1.283304296162413e-10, update_epoch: 1, num_batch: 4
[2026-10-09 22:33:59,251][agent.finetune.train_ppo_diffusion_agent][INFO] - approx_kl: 1.166918089934299e-10, update_epoch: 1, num_batch: 4
[2026-10-09 22:34:01,490][agent.finetune.train_ppo_diffusion_agent][INFO] - approx_kl: 2.0096936614866223e-10, update_epoch: 1, num_batch: 4
[2026-10-09 22:34:03,578][agent.finetune.train_ppo_diffusion_agent][INFO] - approx_kl: 1.4899996514383673e-10, update_epoch: 1, num_batch: 4
[2026-10-09 22:34:05,772][agent.finetune.train_ppo_diffusion_agent][INFO] - approx_kl: 1.8342397045678638e-10, update_epoch: 2, num_batch: 4
[2026-10-09 22:34:07,941][agent.finetune.train_ppo_diffusion_agent][INFO] - approx_kl: 2.5980056994612255e-10, update_epoch: 2, num_batch: 4
[2026-10-09 22:34:10,215][agent.finetune.train_ppo_diffusion_agent][INFO] - approx_kl: 4.1417777540964096e-10, update_epoch: 2, num_batch: 4
[2026-10-09 22:34:12,295][agent.finetune.train_ppo_diffusion_agent][INFO] - approx_kl: 4.5022344186129715e-10, update_epoch: 2, num_batch: 4
[2026-10-09 22:34:14,474][agent.finetune.train_ppo_diffusion_agent][INFO] - approx_kl: 4.183981217042998e-10, update_epoch: 3, num_batch: 4
[2026-10-09 22:34:16,649][agent.finetune.train_ppo_diffusion_agent][INFO] - approx_kl: 6.491818749232436e-10, update_epoch: 3, num_batch: 4
[2026-10-09 22:34:18,921][agent.finetune.train_ppo_diffusion_agent][INFO] - approx_kl: 3.699757444852736e-10, update_epoch: 3, num_batch: 4
[2026-10-09 22:34:21,011][agent.finetune.train_ppo_diffusion_agent][INFO] - approx_kl: 5.299574667994023e-10, update_epoch: 3, num_batch: 4
[2026-10-09 22:34:23,182][agent.finetune.train_ppo_diffusion_agent][INFO] - approx_kl: 6.078858527658326e-10, update_epoch: 4, num_batch: 4
[2026-10-09 22:34:25,370][agent.finetune.train_ppo_diffusion_agent][INFO] - approx_kl: 8.741277146562254e-10, update_epoch: 4, num_batch: 4
[2026-10-09 22:34:27,686][agent.finetune.train_ppo_diffusion_agent][INFO] - approx_kl: 1.2244019131912864e-09, update_epoch: 4, num_batch: 4
[2026-10-09 22:34:29,773][agent.finetune.train_ppo_diffusion_agent][INFO] - approx_kl: 1.1963630086597732e-09, update_epoch: 4, num_batch: 4
[2026-10-09 22:34:29,796][agent.finetune.train_ppo_diffusion_agent][INFO] - 21: step  1520000 | loss   0.0015 | pg loss   0.0001 | value loss   0.0029 | bc loss   0.0000 | reward -1640.9390 | eta   1.0000 | t: 56.4917 | kl_true_per_action=7.680944070291632e-06 | logratio_p99=0.0 | clamp_hit_frac=0.0
[2026-10-09 22:34:44,624][agent.finetune.train_ppo_diffusion_agent][INFO] - approx_kl: 0.0, update_epoch: 0, num_batch: 4
[2026-10-09 22:34:46,798][agent.finetune.train_ppo_diffusion_agent][INFO] - approx_kl: 0.0, update_epoch: 0, num_batch: 4
[2026-10-09 22:34:49,082][agent.finetune.train_ppo_diffusion_agent][INFO] - approx_kl: 0.0, update_epoch: 0, num_batch: 4
[2026-10-09 22:34:51,155][agent.finetune.train_ppo_diffusion_agent][INFO] - approx_kl: 0.0, update_epoch: 0, num_batch: 4
[2026-10-09 22:34:53,311][agent.finetune.train_ppo_diffusion_agent][INFO] - approx_kl: 0.0, update_epoch: 1, num_batch: 4
[2026-10-09 22:34:55,474][agent.finetune.train_ppo_diffusion_agent][INFO] - approx_kl: 0.0, update_epoch: 1, num_batch: 4
[2026-10-09 22:34:57,777][agent.finetune.train_ppo_diffusion_agent][INFO] - approx_kl: 0.0, update_epoch: 1, num_batch: 4
[2026-10-09 22:34:59,847][agent.finetune.train_ppo_diffusion_agent][INFO] - approx_kl: 0.0, update_epoch: 1, num_batch: 4
[2026-10-09 22:35:02,015][agent.finetune.train_ppo_diffusion_agent][INFO] - approx_kl: 0.0, update_epoch: 2, num_batch: 4
[2026-10-09 22:35:04,176][agent.finetune.train_ppo_diffusion_agent][INFO] - approx_kl: 5.960464326965065e-13, update_epoch: 2, num_batch: 4
[2026-10-09 22:35:06,441][agent.finetune.train_ppo_diffusion_agent][INFO] - approx_kl: 1.192092865393013e-12, update_epoch: 2, num_batch: 4
[2026-10-09 22:35:08,531][agent.finetune.train_ppo_diffusion_agent][INFO] - approx_kl: 0.0, update_epoch: 2, num_batch: 4
[2026-10-09 22:35:10,701][agent.finetune.train_ppo_diffusion_agent][INFO] - approx_kl: 0.0, update_epoch: 3, num_batch: 4
[2026-10-09 22:35:12,869][agent.finetune.train_ppo_diffusion_agent][INFO] - approx_kl: 0.0, update_epoch: 3, num_batch: 4
[2026-10-09 22:35:15,140][agent.finetune.train_ppo_diffusion_agent][INFO] - approx_kl: 1.192092865393013e-12, update_epoch: 3, num_batch: 4
[2026-10-09 22:35:17,219][agent.finetune.train_ppo_diffusion_agent][INFO] - approx_kl: 0.0, update_epoch: 3, num_batch: 4
[2026-10-09 22:35:19,383][agent.finetune.train_ppo_diffusion_agent][INFO] - approx_kl: 0.0, update_epoch: 4, num_batch: 4
[2026-10-09 22:35:21,541][agent.finetune.train_ppo_diffusion_agent][INFO] - approx_kl: 5.960464326965065e-13, update_epoch: 4, num_batch: 4
[2026-10-09 22:35:23,808][agent.finetune.train_ppo_diffusion_agent][INFO] - approx_kl: 0.0, update_epoch: 4, num_batch: 4
[2026-10-09 22:35:25,879][agent.finetune.train_ppo_diffusion_agent][INFO] - approx_kl: 1.192092865393013e-12, update_epoch: 4, num_batch: 4
[2026-10-09 22:35:25,903][agent.finetune.train_ppo_diffusion_agent][INFO] - 22: step  1600000 | loss   0.0021 | pg loss  -0.0000 | value loss   0.0043 | bc loss   0.0000 | reward -1656.8234 | eta   1.0000 | t: 56.1068 | kl_true_per_action=0.0 | logratio_p99=0.0 | clamp_hit_frac=0.0
[2026-10-09 22:35:41,458][agent.finetune.train_ppo_diffusion_agent][INFO] - approx_kl: 0.0, update_epoch: 0, num_batch: 4
[2026-10-09 22:35:43,630][agent.finetune.train_ppo_diffusion_agent][INFO] - approx_kl: 1.023337248273748e-10, update_epoch: 0, num_batch: 4
[2026-10-09 22:35:45,909][agent.finetune.train_ppo_diffusion_agent][INFO] - approx_kl: 1.3851560176636468e-10, update_epoch: 0, num_batch: 4
[2026-10-09 22:35:47,994][agent.finetune.train_ppo_diffusion_agent][INFO] - approx_kl: 1.8031569293253114e-10, update_epoch: 0, num_batch: 4
[2026-10-09 22:35:50,176][agent.finetune.train_ppo_diffusion_agent][INFO] - approx_kl: 2.3053958742025316e-10, update_epoch: 1, num_batch: 4
[2026-10-09 22:35:52,454][agent.finetune.train_ppo_diffusion_agent][INFO] - approx_kl: 3.464287190446669e-10, update_epoch: 1, num_batch: 4
[2026-10-09 22:35:54,549][agent.finetune.train_ppo_diffusion_agent][INFO] - approx_kl: 3.2073352307371295e-10, update_epoch: 1, num_batch: 4
[2026-10-09 22:35:56,738][agent.finetune.train_ppo_diffusion_agent][INFO] - approx_kl: 5.043938045012908e-10, update_epoch: 1, num_batch: 4
[2026-10-09 22:35:58,935][agent.finetune.train_ppo_diffusion_agent][INFO] - approx_kl: 8.061039058482322e-10, update_epoch: 2, num_batch: 4
[2026-10-09 22:36:01,237][agent.finetune.train_ppo_diffusion_agent][INFO] - approx_kl: 1.1140945943566294e-09, update_epoch: 2, num_batch: 4
[2026-10-09 22:36:03,326][agent.finetune.train_ppo_diffusion_agent][INFO] - approx_kl: 9.805523060180121e-10, update_epoch: 2, num_batch: 4
[2026-10-09 22:36:05,511][agent.finetune.train_ppo_diffusion_agent][INFO] - approx_kl: 1.5493295535407015e-09, update_epoch: 2, num_batch: 4
[2026-10-09 22:36:07,676][agent.finetune.train_ppo_diffusion_agent][INFO] - approx_kl: 1.42712142103818e-09, update_epoch: 3, num_batch: 4
[2026-10-09 22:36:09,970][agent.finetune.train_ppo_diffusion_agent][INFO] - approx_kl: 3.551952509894818e-09, update_epoch: 3, num_batch: 4
[2026-10-09 22:36:12,052][agent.finetune.train_ppo_diffusion_agent][INFO] - approx_kl: 3.3799860688077388e-09, update_epoch: 3, num_batch: 4
[2026-10-09 22:36:14,225][agent.finetune.train_ppo_diffusion_agent][INFO] - approx_kl: 2.847746927159278e-09, update_epoch: 3, num_batch: 4
[2026-10-09 22:36:16,410][agent.finetune.train_ppo_diffusion_agent][INFO] - approx_kl: 5.734702490656218e-09, update_epoch: 4, num_batch: 4
[2026-10-09 22:36:18,705][agent.finetune.train_ppo_diffusion_agent][INFO] - approx_kl: 5.894545296314391e-09, update_epoch: 4, num_batch: 4
[2026-10-09 22:36:20,786][agent.finetune.train_ppo_diffusion_agent][INFO] - approx_kl: 4.912393603007104e-09, update_epoch: 4, num_batch: 4
[2026-10-09 22:36:22,972][agent.finetune.train_ppo_diffusion_agent][INFO] - approx_kl: 3.4584988206631806e-09, update_epoch: 4, num_batch: 4
[2026-10-09 22:36:22,991][agent.finetune.train_ppo_diffusion_agent][INFO] - 23: step  1680000 | loss   0.0027 | pg loss  -0.0000 | value loss   0.0054 | bc loss   0.0000 | reward -1579.4891 | eta   1.0000 | t: 57.0877 | kl_true_per_action=2.169667869740177e-05 | logratio_p99=0.0 | clamp_hit_frac=0.0
[2026-10-09 22:36:37,724][agent.finetune.train_ppo_diffusion_agent][INFO] - approx_kl: 0.0, update_epoch: 0, num_batch: 4
[2026-10-09 22:36:40,012][agent.finetune.train_ppo_diffusion_agent][INFO] - approx_kl: 5.960464326965065e-13, update_epoch: 0, num_batch: 4
[2026-10-09 22:36:42,066][agent.finetune.train_ppo_diffusion_agent][INFO] - approx_kl: 0.0, update_epoch: 0, num_batch: 4
[2026-10-09 22:36:44,221][agent.finetune.train_ppo_diffusion_agent][INFO] - approx_kl: 0.0, update_epoch: 0, num_batch: 4
[2026-10-09 22:36:46,414][agent.finetune.train_ppo_diffusion_agent][INFO] - approx_kl: 0.0, update_epoch: 1, num_batch: 4
[2026-10-09 22:36:48,716][agent.finetune.train_ppo_diffusion_agent][INFO] - approx_kl: 1.192092865393013e-12, update_epoch: 1, num_batch: 4
[2026-10-09 22:36:50,816][agent.finetune.train_ppo_diffusion_agent][INFO] - approx_kl: 0.0, update_epoch: 1, num_batch: 4
[2026-10-09 22:36:53,021][agent.finetune.train_ppo_diffusion_agent][INFO] - approx_kl: 0.0, update_epoch: 1, num_batch: 4
[2026-10-09 22:36:55,211][agent.finetune.train_ppo_diffusion_agent][INFO] - approx_kl: 0.0, update_epoch: 2, num_batch: 4
[2026-10-09 22:36:57,506][agent.finetune.train_ppo_diffusion_agent][INFO] - approx_kl: 0.0, update_epoch: 2, num_batch: 4
[2026-10-09 22:36:59,607][agent.finetune.train_ppo_diffusion_agent][INFO] - approx_kl: 0.0, update_epoch: 2, num_batch: 4
[2026-10-09 22:37:01,857][agent.finetune.train_ppo_diffusion_agent][INFO] - approx_kl: 0.0, update_epoch: 2, num_batch: 4
[2026-10-09 22:37:04,041][agent.finetune.train_ppo_diffusion_agent][INFO] - approx_kl: 0.0, update_epoch: 3, num_batch: 4
[2026-10-09 22:37:06,342][agent.finetune.train_ppo_diffusion_agent][INFO] - approx_kl: 0.0, update_epoch: 3, num_batch: 4
[2026-10-09 22:37:08,448][agent.finetune.train_ppo_diffusion_agent][INFO] - approx_kl: 5.960464326965065e-13, update_epoch: 3, num_batch: 4
[2026-10-09 22:37:10,646][agent.finetune.train_ppo_diffusion_agent][INFO] - approx_kl: 0.0, update_epoch: 3, num_batch: 4
[2026-10-09 22:37:12,835][agent.finetune.train_ppo_diffusion_agent][INFO] - approx_kl: 0.0, update_epoch: 4, num_batch: 4
[2026-10-09 22:37:15,133][agent.finetune.train_ppo_diffusion_agent][INFO] - approx_kl: 0.0, update_epoch: 4, num_batch: 4
[2026-10-09 22:37:17,241][agent.finetune.train_ppo_diffusion_agent][INFO] - approx_kl: 0.0, update_epoch: 4, num_batch: 4
[2026-10-09 22:37:19,428][agent.finetune.train_ppo_diffusion_agent][INFO] - approx_kl: 0.0, update_epoch: 4, num_batch: 4
[2026-10-09 22:37:19,446][agent.finetune.train_ppo_diffusion_agent][INFO] - 24: step  1760000 | loss   0.0034 | pg loss   0.0001 | value loss   0.0067 | bc loss   0.0000 | reward -1662.5634 | eta   1.0000 | t: 56.4550 | kl_true_per_action=0.0 | logratio_p99=0.0 | clamp_hit_frac=0.0
[2026-10-09 22:37:34,152][agent.finetune.train_ppo_diffusion_agent][INFO] - approx_kl: 0.0, update_epoch: 0, num_batch: 4
[2026-10-09 22:37:36,428][agent.finetune.train_ppo_diffusion_agent][INFO] - approx_kl: 6.774440036716456e-11, update_epoch: 0, num_batch: 4
[2026-10-09 22:37:38,518][agent.finetune.train_ppo_diffusion_agent][INFO] - approx_kl: 1.0740942857356828e-10, update_epoch: 0, num_batch: 4
[2026-10-09 22:37:40,705][agent.finetune.train_ppo_diffusion_agent][INFO] - approx_kl: 6.997957768817287e-11, update_epoch: 0, num_batch: 4
[2026-10-09 22:37:42,886][agent.finetune.train_ppo_diffusion_agent][INFO] - approx_kl: 1.065366059260775e-10, update_epoch: 1, num_batch: 4
[2026-10-09 22:37:45,161][agent.finetune.train_ppo_diffusion_agent][INFO] - approx_kl: 7.895752801578837e-11, update_epoch: 1, num_batch: 4
[2026-10-09 22:37:47,258][agent.finetune.train_ppo_diffusion_agent][INFO] - approx_kl: 1.0663177285596959e-10, update_epoch: 1, num_batch: 4
[2026-10-09 22:37:49,433][agent.finetune.train_ppo_diffusion_agent][INFO] - approx_kl: 1.0843854286735066e-10, update_epoch: 1, num_batch: 4
[2026-10-09 22:37:51,619][agent.finetune.train_ppo_diffusion_agent][INFO] - approx_kl: 1.560524071075875e-10, update_epoch: 2, num_batch: 4
[2026-10-09 22:37:53,900][agent.finetune.train_ppo_diffusion_agent][INFO] - approx_kl: 3.5734612491289397e-10, update_epoch: 2, num_batch: 4
[2026-10-09 22:37:55,994][agent.finetune.train_ppo_diffusion_agent][INFO] - approx_kl: 2.836078039081258e-10, update_epoch: 2, num_batch: 4
[2026-10-09 22:37:58,187][agent.finetune.train_ppo_diffusion_agent][INFO] - approx_kl: 5.442090111884568e-10, update_epoch: 2, num_batch: 4
[2026-10-09 22:38:00,370][agent.finetune.train_ppo_diffusion_agent][INFO] - approx_kl: 1.1740841632246202e-09, update_epoch: 3, num_batch: 4
[2026-10-09 22:38:02,701][agent.finetune.train_ppo_diffusion_agent][INFO] - approx_kl: 8.880591262361293e-10, update_epoch: 3, num_batch: 4
[2026-10-09 22:38:04,794][agent.finetune.train_ppo_diffusion_agent][INFO] - approx_kl: 8.409679619347799e-10, update_epoch: 3, num_batch: 4
[2026-10-09 22:38:06,978][agent.finetune.train_ppo_diffusion_agent][INFO] - approx_kl: 1.1005625299986832e-09, update_epoch: 3, num_batch: 4
[2026-10-09 22:38:09,167][agent.finetune.train_ppo_diffusion_agent][INFO] - approx_kl: 1.6584056350410492e-09, update_epoch: 4, num_batch: 4
[2026-10-09 22:38:11,463][agent.finetune.train_ppo_diffusion_agent][INFO] - approx_kl: 1.4314334162435216e-09, update_epoch: 4, num_batch: 4
[2026-10-09 22:38:13,557][agent.finetune.train_ppo_diffusion_agent][INFO] - approx_kl: 2.4941655407673125e-09, update_epoch: 4, num_batch: 4
[2026-10-09 22:38:15,757][agent.finetune.train_ppo_diffusion_agent][INFO] - approx_kl: 3.1607847450487725e-09, update_epoch: 4, num_batch: 4
[2026-10-09 22:38:15,775][agent.finetune.train_ppo_diffusion_agent][INFO] - 25: step  1840000 | loss   0.0037 | pg loss  -0.0000 | value loss   0.0075 | bc loss   0.0000 | reward -1587.1834 | eta   1.0000 | t: 56.3290 | kl_true_per_action=1.0793660420283015e-05 | logratio_p99=0.0 | clamp_hit_frac=0.0
[2026-10-09 22:38:30,707][agent.finetune.train_ppo_diffusion_agent][INFO] - approx_kl: 0.0, update_epoch: 0, num_batch: 4
[2026-10-09 22:38:32,988][agent.finetune.train_ppo_diffusion_agent][INFO] - approx_kl: 7.117167272197022e-11, update_epoch: 0, num_batch: 4
[2026-10-09 22:38:35,076][agent.finetune.train_ppo_diffusion_agent][INFO] - approx_kl: 1.2662028370247214e-10, update_epoch: 0, num_batch: 4
[2026-10-09 22:38:37,262][agent.finetune.train_ppo_diffusion_agent][INFO] - approx_kl: 2.115502079069742e-10, update_epoch: 0, num_batch: 4
[2026-10-09 22:38:39,429][agent.finetune.train_ppo_diffusion_agent][INFO] - approx_kl: 3.103120260750103e-10, update_epoch: 1, num_batch: 4
[2026-10-09 22:38:41,704][agent.finetune.train_ppo_diffusion_agent][INFO] - approx_kl: 7.700524107256967e-10, update_epoch: 1, num_batch: 4
[2026-10-09 22:38:43,798][agent.finetune.train_ppo_diffusion_agent][INFO] - approx_kl: 8.541685692087242e-10, update_epoch: 1, num_batch: 4
[2026-10-09 22:38:45,976][agent.finetune.train_ppo_diffusion_agent][INFO] - approx_kl: 1.0819453111210464e-09, update_epoch: 1, num_batch: 4
[2026-10-09 22:38:48,152][agent.finetune.train_ppo_diffusion_agent][INFO] - approx_kl: 1.3477587934573876e-09, update_epoch: 2, num_batch: 4
[2026-10-09 22:38:50,433][agent.finetune.train_ppo_diffusion_agent][INFO] - approx_kl: 3.8590273199190506e-09, update_epoch: 2, num_batch: 4
[2026-10-09 22:38:52,544][agent.finetune.train_ppo_diffusion_agent][INFO] - approx_kl: 4.0316932015116436e-09, update_epoch: 2, num_batch: 4
[2026-10-09 22:38:54,723][agent.finetune.train_ppo_diffusion_agent][INFO] - approx_kl: 4.774900030923845e-09, update_epoch: 2, num_batch: 4
[2026-10-09 22:38:56,888][agent.finetune.train_ppo_diffusion_agent][INFO] - approx_kl: 7.055033890424056e-09, update_epoch: 3, num_batch: 4
[2026-10-09 22:38:59,180][agent.finetune.train_ppo_diffusion_agent][INFO] - approx_kl: 1.283731432266677e-08, update_epoch: 3, num_batch: 4
[2026-10-09 22:39:01,265][agent.finetune.train_ppo_diffusion_agent][INFO] - approx_kl: 1.2964116891112099e-08, update_epoch: 3, num_batch: 4
[2026-10-09 22:39:03,448][agent.finetune.train_ppo_diffusion_agent][INFO] - approx_kl: 1.0030701602659065e-08, update_epoch: 3, num_batch: 4
[2026-10-09 22:39:05,612][agent.finetune.train_ppo_diffusion_agent][INFO] - approx_kl: 1.4788358981832062e-08, update_epoch: 4, num_batch: 4
[2026-10-09 22:39:07,922][agent.finetune.train_ppo_diffusion_agent][INFO] - approx_kl: 2.0981367754302482e-08, update_epoch: 4, num_batch: 4
[2026-10-09 22:39:10,032][agent.finetune.train_ppo_diffusion_agent][INFO] - approx_kl: 2.037609370120208e-08, update_epoch: 4, num_batch: 4
[2026-10-09 22:39:12,213][agent.finetune.train_ppo_diffusion_agent][INFO] - approx_kl: 4.228576955256358e-08, update_epoch: 4, num_batch: 4
[2026-10-09 22:39:12,234][agent.finetune.train_ppo_diffusion_agent][INFO] - 26: step  1920000 | loss   0.0043 | pg loss  -0.0001 | value loss   0.0089 | bc loss   0.0000 | reward -1617.3878 | eta   1.0000 | t: 56.4589 | kl_true_per_action=0.00021124555487473005 | logratio_p99=0.0 | clamp_hit_frac=0.0
[2026-10-09 22:39:27,293][agent.finetune.train_ppo_diffusion_agent][INFO] - approx_kl: 0.0, update_epoch: 0, num_batch: 4
[2026-10-09 22:39:29,393][agent.finetune.train_ppo_diffusion_agent][INFO] - approx_kl: 4.844739887044369e-11, update_epoch: 0, num_batch: 4
[2026-10-09 22:39:31,582][agent.finetune.train_ppo_diffusion_agent][INFO] - approx_kl: 6.603077112865563e-11, update_epoch: 0, num_batch: 4
[2026-10-09 22:39:33,770][agent.finetune.train_ppo_diffusion_agent][INFO] - approx_kl: 2.6067717429079096e-10, update_epoch: 0, num_batch: 4
[2026-10-09 22:39:36,063][agent.finetune.train_ppo_diffusion_agent][INFO] - approx_kl: 3.073457599533924e-10, update_epoch: 1, num_batch: 4
[2026-10-09 22:39:38,158][agent.finetune.train_ppo_diffusion_agent][INFO] - approx_kl: 6.970716226462059e-10, update_epoch: 1, num_batch: 4
[2026-10-09 22:39:40,341][agent.finetune.train_ppo_diffusion_agent][INFO] - approx_kl: 7.894914166861611e-10, update_epoch: 1, num_batch: 4
[2026-10-09 22:39:42,527][agent.finetune.train_ppo_diffusion_agent][INFO] - approx_kl: 1.2020580086868904e-09, update_epoch: 1, num_batch: 4
[2026-10-09 22:39:44,823][agent.finetune.train_ppo_diffusion_agent][INFO] - approx_kl: 1.0587088983271542e-09, update_epoch: 2, num_batch: 4
[2026-10-09 22:39:46,923][agent.finetune.train_ppo_diffusion_agent][INFO] - approx_kl: 1.5085749316412489e-09, update_epoch: 2, num_batch: 4
[2026-10-09 22:39:49,110][agent.finetune.train_ppo_diffusion_agent][INFO] - approx_kl: 2.32767316532545e-09, update_epoch: 2, num_batch: 4
[2026-10-09 22:39:51,290][agent.finetune.train_ppo_diffusion_agent][INFO] - approx_kl: 4.632351835454074e-09, update_epoch: 2, num_batch: 4
[2026-10-09 22:39:53,594][agent.finetune.train_ppo_diffusion_agent][INFO] - approx_kl: 2.3707933394234715e-09, update_epoch: 3, num_batch: 4
[2026-10-09 22:39:55,741][agent.finetune.train_ppo_diffusion_agent][INFO] - approx_kl: 3.074649645995464e-09, update_epoch: 3, num_batch: 4
[2026-10-09 22:39:57,928][agent.finetune.train_ppo_diffusion_agent][INFO] - approx_kl: 5.472712061305174e-09, update_epoch: 3, num_batch: 4
[2026-10-09 22:40:00,108][agent.finetune.train_ppo_diffusion_agent][INFO] - approx_kl: 7.956903580463859e-09, update_epoch: 3, num_batch: 4
[2026-10-09 22:40:02,403][agent.finetune.train_ppo_diffusion_agent][INFO] - approx_kl: 8.006877827426706e-09, update_epoch: 4, num_batch: 4
[2026-10-09 22:40:04,509][agent.finetune.train_ppo_diffusion_agent][INFO] - approx_kl: 7.823030223619298e-09, update_epoch: 4, num_batch: 4
[2026-10-09 22:40:06,692][agent.finetune.train_ppo_diffusion_agent][INFO] - approx_kl: 4.069879544488231e-09, update_epoch: 4, num_batch: 4
[2026-10-09 22:40:08,875][agent.finetune.train_ppo_diffusion_agent][INFO] - approx_kl: 1.0761981528162323e-08, update_epoch: 4, num_batch: 4
[2026-10-09 22:40:08,893][agent.finetune.train_ppo_diffusion_agent][INFO] - 27: step  2000000 | loss   0.0049 | pg loss   0.0001 | value loss   0.0096 | bc loss   0.0000 | reward -1559.1414 | eta   1.0000 | t: 56.6596 | kl_true_per_action=5.4601894571603434e-05 | logratio_p99=0.0 | clamp_hit_frac=0.0
[2026-10-09 22:40:23,779][agent.finetune.train_ppo_diffusion_agent][INFO] - approx_kl: 0.0, update_epoch: 0, num_batch: 4
[2026-10-09 22:40:25,890][agent.finetune.train_ppo_diffusion_agent][INFO] - approx_kl: 0.0, update_epoch: 0, num_batch: 4
[2026-10-09 22:40:28,094][agent.finetune.train_ppo_diffusion_agent][INFO] - approx_kl: -1.192092865393013e-12, update_epoch: 0, num_batch: 4
[2026-10-09 22:40:30,292][agent.finetune.train_ppo_diffusion_agent][INFO] - approx_kl: 0.0, update_epoch: 0, num_batch: 4
[2026-10-09 22:40:32,599][agent.finetune.train_ppo_diffusion_agent][INFO] - approx_kl: 0.0, update_epoch: 1, num_batch: 4
[2026-10-09 22:40:34,707][agent.finetune.train_ppo_diffusion_agent][INFO] - approx_kl: 0.0, update_epoch: 1, num_batch: 4
[2026-10-09 22:40:36,896][agent.finetune.train_ppo_diffusion_agent][INFO] - approx_kl: 0.0, update_epoch: 1, num_batch: 4
[2026-10-09 22:40:39,096][agent.finetune.train_ppo_diffusion_agent][INFO] - approx_kl: 0.0, update_epoch: 1, num_batch: 4
[2026-10-09 22:40:41,405][agent.finetune.train_ppo_diffusion_agent][INFO] - approx_kl: 0.0, update_epoch: 2, num_batch: 4
[2026-10-09 22:40:43,509][agent.finetune.train_ppo_diffusion_agent][INFO] - approx_kl: 0.0, update_epoch: 2, num_batch: 4
[2026-10-09 22:40:45,733][agent.finetune.train_ppo_diffusion_agent][INFO] - approx_kl: 0.0, update_epoch: 2, num_batch: 4
[2026-10-09 22:40:47,935][agent.finetune.train_ppo_diffusion_agent][INFO] - approx_kl: -1.192092865393013e-12, update_epoch: 2, num_batch: 4
[2026-10-09 22:40:50,230][agent.finetune.train_ppo_diffusion_agent][INFO] - approx_kl: 5.960464326965065e-13, update_epoch: 3, num_batch: 4
[2026-10-09 22:40:52,333][agent.finetune.train_ppo_diffusion_agent][INFO] - approx_kl: 0.0, update_epoch: 3, num_batch: 4
[2026-10-09 22:40:54,536][agent.finetune.train_ppo_diffusion_agent][INFO] - approx_kl: 0.0, update_epoch: 3, num_batch: 4
[2026-10-09 22:40:56,735][agent.finetune.train_ppo_diffusion_agent][INFO] - approx_kl: 0.0, update_epoch: 3, num_batch: 4
[2026-10-09 22:40:59,050][agent.finetune.train_ppo_diffusion_agent][INFO] - approx_kl: 0.0, update_epoch: 4, num_batch: 4
[2026-10-09 22:41:01,191][agent.finetune.train_ppo_diffusion_agent][INFO] - approx_kl: 0.0, update_epoch: 4, num_batch: 4
[2026-10-09 22:41:03,444][agent.finetune.train_ppo_diffusion_agent][INFO] - approx_kl: 1.192092865393013e-12, update_epoch: 4, num_batch: 4
[2026-10-09 22:41:05,678][agent.finetune.train_ppo_diffusion_agent][INFO] - approx_kl: 0.0, update_epoch: 4, num_batch: 4
[2026-10-09 22:41:05,697][agent.finetune.train_ppo_diffusion_agent][INFO] - 28: step  2080000 | loss   0.0049 | pg loss   0.0001 | value loss   0.0097 | bc loss   0.0000 | reward -1567.2780 | eta   1.0000 | t: 56.8041 | kl_true_per_action=0.0 | logratio_p99=0.0 | clamp_hit_frac=0.0
[2026-10-09 22:41:21,169][agent.finetune.train_ppo_diffusion_agent][INFO] - approx_kl: 0.0, update_epoch: 0, num_batch: 4
[2026-10-09 22:41:23,279][agent.finetune.train_ppo_diffusion_agent][INFO] - approx_kl: 8.880160495827738e-11, update_epoch: 0, num_batch: 4
[2026-10-09 22:41:25,478][agent.finetune.train_ppo_diffusion_agent][INFO] - approx_kl: 1.667265214777558e-10, update_epoch: 0, num_batch: 4
[2026-10-09 22:41:27,787][agent.finetune.train_ppo_diffusion_agent][INFO] - approx_kl: 1.7838319710250516e-10, update_epoch: 0, num_batch: 4
[2026-10-09 22:41:29,903][agent.finetune.train_ppo_diffusion_agent][INFO] - approx_kl: 1.8188263395391147e-10, update_epoch: 1, num_batch: 4
[2026-10-09 22:41:32,095][agent.finetune.train_ppo_diffusion_agent][INFO] - approx_kl: 1.7062294632719244e-10, update_epoch: 1, num_batch: 4
[2026-10-09 22:41:34,293][agent.finetune.train_ppo_diffusion_agent][INFO] - approx_kl: 2.7026048066147723e-10, update_epoch: 1, num_batch: 4
[2026-10-09 22:41:36,541][agent.finetune.train_ppo_diffusion_agent][INFO] - approx_kl: 5.516991863352416e-10, update_epoch: 1, num_batch: 4
[2026-10-09 22:41:38,658][agent.finetune.train_ppo_diffusion_agent][INFO] - approx_kl: 4.2773898312198355e-10, update_epoch: 2, num_batch: 4
[2026-10-09 22:41:40,824][agent.finetune.train_ppo_diffusion_agent][INFO] - approx_kl: 8.562893727415144e-10, update_epoch: 2, num_batch: 4
[2026-10-09 22:41:43,017][agent.finetune.train_ppo_diffusion_agent][INFO] - approx_kl: 1.2420093842280266e-09, update_epoch: 2, num_batch: 4
[2026-10-09 22:41:45,331][agent.finetune.train_ppo_diffusion_agent][INFO] - approx_kl: 1.8812023050429616e-09, update_epoch: 2, num_batch: 4
[2026-10-09 22:41:47,459][agent.finetune.train_ppo_diffusion_agent][INFO] - approx_kl: 1.8790526912226824e-09, update_epoch: 3, num_batch: 4
[2026-10-09 22:41:49,647][agent.finetune.train_ppo_diffusion_agent][INFO] - approx_kl: 2.598757875560409e-09, update_epoch: 3, num_batch: 4
[2026-10-09 22:41:51,836][agent.finetune.train_ppo_diffusion_agent][INFO] - approx_kl: 2.75346678790811e-09, update_epoch: 3, num_batch: 4
[2026-10-09 22:41:54,121][agent.finetune.train_ppo_diffusion_agent][INFO] - approx_kl: 5.835441463375446e-09, update_epoch: 3, num_batch: 4
[2026-10-09 22:41:56,212][agent.finetune.train_ppo_diffusion_agent][INFO] - approx_kl: 3.625752809099936e-09, update_epoch: 4, num_batch: 4
[2026-10-09 22:41:58,391][agent.finetune.train_ppo_diffusion_agent][INFO] - approx_kl: 5.370117683867193e-09, update_epoch: 4, num_batch: 4
[2026-10-09 22:42:00,583][agent.finetune.train_ppo_diffusion_agent][INFO] - approx_kl: 1.044628916702095e-08, update_epoch: 4, num_batch: 4
[2026-10-09 22:42:02,882][agent.finetune.train_ppo_diffusion_agent][INFO] - approx_kl: 1.0456076005027626e-08, update_epoch: 4, num_batch: 4
[2026-10-09 22:42:02,901][agent.finetune.train_ppo_diffusion_agent][INFO] - 29: step  2160000 | loss   0.0050 | pg loss   0.0000 | value loss   0.0100 | bc loss   0.0000 | reward -1622.3972 | eta   1.0000 | t: 57.2037 | kl_true_per_action=4.495191256835633e-05 | logratio_p99=4.6143531799257634e-05 | clamp_hit_frac=0.0
[2026-10-09 22:42:15,360][agent.finetune.train_ppo_diffusion_agent][INFO] - eval: success rate   0.0000 | avg episode reward -1593.1355 | avg best reward   0.4284
[2026-10-09 22:42:30,014][agent.finetune.train_ppo_diffusion_agent][INFO] - approx_kl: 0.0, update_epoch: 0, num_batch: 4
[2026-10-09 22:42:32,239][agent.finetune.train_ppo_diffusion_agent][INFO] - approx_kl: 7.505528143436635e-11, update_epoch: 0, num_batch: 4
[2026-10-09 22:42:34,444][agent.finetune.train_ppo_diffusion_agent][INFO] - approx_kl: 1.2089497458678267e-10, update_epoch: 0, num_batch: 4
[2026-10-09 22:42:36,761][agent.finetune.train_ppo_diffusion_agent][INFO] - approx_kl: 1.3663753462012096e-10, update_epoch: 0, num_batch: 4
[2026-10-09 22:42:38,914][agent.finetune.train_ppo_diffusion_agent][INFO] - approx_kl: 1.421681383728668e-10, update_epoch: 1, num_batch: 4
[2026-10-09 22:42:41,147][agent.finetune.train_ppo_diffusion_agent][INFO] - approx_kl: 2.348734262636043e-10, update_epoch: 1, num_batch: 4
[2026-10-09 22:42:43,373][agent.finetune.train_ppo_diffusion_agent][INFO] - approx_kl: 2.101715607105703e-10, update_epoch: 1, num_batch: 4
[2026-10-09 22:42:45,693][agent.finetune.train_ppo_diffusion_agent][INFO] - approx_kl: 2.8841196098028377e-10, update_epoch: 1, num_batch: 4
[2026-10-09 22:42:47,796][agent.finetune.train_ppo_diffusion_agent][INFO] - approx_kl: 4.712835677267435e-10, update_epoch: 2, num_batch: 4
[2026-10-09 22:42:50,017][agent.finetune.train_ppo_diffusion_agent][INFO] - approx_kl: 4.3358419632433254e-10, update_epoch: 2, num_batch: 4
[2026-10-09 22:42:52,237][agent.finetune.train_ppo_diffusion_agent][INFO] - approx_kl: 5.728844620911389e-10, update_epoch: 2, num_batch: 4
[2026-10-09 22:42:54,573][agent.finetune.train_ppo_diffusion_agent][INFO] - approx_kl: 8.378456817226265e-10, update_epoch: 2, num_batch: 4
[2026-10-09 22:42:56,694][agent.finetune.train_ppo_diffusion_agent][INFO] - approx_kl: 1.5880353698705107e-09, update_epoch: 3, num_batch: 4
[2026-10-09 22:42:58,925][agent.finetune.train_ppo_diffusion_agent][INFO] - approx_kl: 1.456865517113215e-09, update_epoch: 3, num_batch: 4
[2026-10-09 22:43:01,159][agent.finetune.train_ppo_diffusion_agent][INFO] - approx_kl: 1.3843644008915135e-09, update_epoch: 3, num_batch: 4
[2026-10-09 22:43:03,487][agent.finetune.train_ppo_diffusion_agent][INFO] - approx_kl: 1.7718615463735432e-09, update_epoch: 3, num_batch: 4
[2026-10-09 22:43:05,612][agent.finetune.train_ppo_diffusion_agent][INFO] - approx_kl: 2.3789983316646612e-09, update_epoch: 4, num_batch: 4
[2026-10-09 22:43:07,866][agent.finetune.train_ppo_diffusion_agent][INFO] - approx_kl: 4.326817570898811e-09, update_epoch: 4, num_batch: 4
[2026-10-09 22:43:10,122][agent.finetune.train_ppo_diffusion_agent][INFO] - approx_kl: 4.376079942858269e-09, update_epoch: 4, num_batch: 4
[2026-10-09 22:43:12,479][agent.finetune.train_ppo_diffusion_agent][INFO] - approx_kl: 3.8125178569714535e-09, update_epoch: 4, num_batch: 4
[2026-10-09 22:43:12,497][agent.finetune.train_ppo_diffusion_agent][INFO] - 31: step  2240000 | loss   0.0051 | pg loss  -0.0001 | value loss   0.0104 | bc loss   0.0000 | reward -1658.6565 | eta   1.0000 | t: 57.1378 | kl_true_per_action=1.9059493807877206e-05 | logratio_p99=0.0 | clamp_hit_frac=0.0
[2026-10-09 22:43:27,191][agent.finetune.train_ppo_diffusion_agent][INFO] - approx_kl: 0.0, update_epoch: 0, num_batch: 4
[2026-10-09 22:43:29,409][agent.finetune.train_ppo_diffusion_agent][INFO] - approx_kl: 0.0, update_epoch: 0, num_batch: 4
[2026-10-09 22:43:31,639][agent.finetune.train_ppo_diffusion_agent][INFO] - approx_kl: 1.192092865393013e-12, update_epoch: 0, num_batch: 4
[2026-10-09 22:43:33,972][agent.finetune.train_ppo_diffusion_agent][INFO] - approx_kl: 0.0, update_epoch: 0, num_batch: 4
[2026-10-09 22:43:36,101][agent.finetune.train_ppo_diffusion_agent][INFO] - approx_kl: 0.0, update_epoch: 1, num_batch: 4
[2026-10-09 22:43:38,340][agent.finetune.train_ppo_diffusion_agent][INFO] - approx_kl: -2.9802321634825324e-13, update_epoch: 1, num_batch: 4
[2026-10-09 22:43:40,574][agent.finetune.train_ppo_diffusion_agent][INFO] - approx_kl: 0.0, update_epoch: 1, num_batch: 4
[2026-10-09 22:43:42,892][agent.finetune.train_ppo_diffusion_agent][INFO] - approx_kl: 2.6822090555544964e-12, update_epoch: 1, num_batch: 4
[2026-10-09 22:43:45,011][agent.finetune.train_ppo_diffusion_agent][INFO] - approx_kl: 1.192092865393013e-12, update_epoch: 2, num_batch: 4
[2026-10-09 22:43:47,235][agent.finetune.train_ppo_diffusion_agent][INFO] - approx_kl: 0.0, update_epoch: 2, num_batch: 4
[2026-10-09 22:43:49,447][agent.finetune.train_ppo_diffusion_agent][INFO] - approx_kl: 3.2782552714105684e-12, update_epoch: 2, num_batch: 4
[2026-10-09 22:43:51,785][agent.finetune.train_ppo_diffusion_agent][INFO] - approx_kl: 0.0, update_epoch: 2, num_batch: 4
[2026-10-09 22:43:53,907][agent.finetune.train_ppo_diffusion_agent][INFO] - approx_kl: 1.192092865393013e-12, update_epoch: 3, num_batch: 4
[2026-10-09 22:43:56,131][agent.finetune.train_ppo_diffusion_agent][INFO] - approx_kl: 1.192092865393013e-12, update_epoch: 3, num_batch: 4
[2026-10-09 22:43:58,339][agent.finetune.train_ppo_diffusion_agent][INFO] - approx_kl: 0.0, update_epoch: 3, num_batch: 4
[2026-10-09 22:44:00,672][agent.finetune.train_ppo_diffusion_agent][INFO] - approx_kl: 0.0, update_epoch: 3, num_batch: 4
[2026-10-09 22:44:02,798][agent.finetune.train_ppo_diffusion_agent][INFO] - approx_kl: 0.0, update_epoch: 4, num_batch: 4
[2026-10-09 22:44:05,039][agent.finetune.train_ppo_diffusion_agent][INFO] - approx_kl: 1.192092865393013e-12, update_epoch: 4, num_batch: 4
[2026-10-09 22:44:07,249][agent.finetune.train_ppo_diffusion_agent][INFO] - approx_kl: 0.0, update_epoch: 4, num_batch: 4
[2026-10-09 22:44:09,596][agent.finetune.train_ppo_diffusion_agent][INFO] - approx_kl: -1.192092865393013e-12, update_epoch: 4, num_batch: 4
[2026-10-09 22:44:09,615][agent.finetune.train_ppo_diffusion_agent][INFO] - 32: step  2320000 | loss   0.0050 | pg loss  -0.0001 | value loss   0.0102 | bc loss   0.0000 | reward -1619.7634 | eta   1.0000 | t: 57.1180 | kl_true_per_action=0.0 | logratio_p99=0.0 | clamp_hit_frac=0.0
[2026-10-09 22:44:24,294][agent.finetune.train_ppo_diffusion_agent][INFO] - approx_kl: 0.0, update_epoch: 0, num_batch: 4
[2026-10-09 22:44:26,498][agent.finetune.train_ppo_diffusion_agent][INFO] - approx_kl: 1.1747178750576293e-11, update_epoch: 0, num_batch: 4
[2026-10-09 22:44:28,707][agent.finetune.train_ppo_diffusion_agent][INFO] - approx_kl: 1.490116016689136e-11, update_epoch: 0, num_batch: 4
[2026-10-09 22:44:31,019][agent.finetune.train_ppo_diffusion_agent][INFO] - approx_kl: 1.3969838306981952e-11, update_epoch: 0, num_batch: 4
[2026-10-09 22:44:33,180][agent.finetune.train_ppo_diffusion_agent][INFO] - approx_kl: 7.514841526834459e-11, update_epoch: 1, num_batch: 4
[2026-10-09 22:44:35,382][agent.finetune.train_ppo_diffusion_agent][INFO] - approx_kl: 5.568144556544752e-11, update_epoch: 1, num_batch: 4
[2026-10-09 22:44:37,583][agent.finetune.train_ppo_diffusion_agent][INFO] - approx_kl: 1.0162591601581283e-10, update_epoch: 1, num_batch: 4
[2026-10-09 22:44:39,900][agent.finetune.train_ppo_diffusion_agent][INFO] - approx_kl: 2.3131491166950013e-10, update_epoch: 1, num_batch: 4
[2026-10-09 22:44:42,007][agent.finetune.train_ppo_diffusion_agent][INFO] - approx_kl: 2.914294638944881e-10, update_epoch: 2, num_batch: 4
[2026-10-09 22:44:44,207][agent.finetune.train_ppo_diffusion_agent][INFO] - approx_kl: 2.657016551221858e-10, update_epoch: 2, num_batch: 4
[2026-10-09 22:44:46,402][agent.finetune.train_ppo_diffusion_agent][INFO] - approx_kl: 7.286667380590472e-10, update_epoch: 2, num_batch: 4
[2026-10-09 22:44:48,696][agent.finetune.train_ppo_diffusion_agent][INFO] - approx_kl: 1.2635066326538436e-09, update_epoch: 2, num_batch: 4
[2026-10-09 22:44:50,796][agent.finetune.train_ppo_diffusion_agent][INFO] - approx_kl: 1.5705939881982545e-09, update_epoch: 3, num_batch: 4
[2026-10-09 22:44:52,995][agent.finetune.train_ppo_diffusion_agent][INFO] - approx_kl: 1.525823023484918e-09, update_epoch: 3, num_batch: 4
[2026-10-09 22:44:55,203][agent.finetune.train_ppo_diffusion_agent][INFO] - approx_kl: 1.1153984402767492e-09, update_epoch: 3, num_batch: 4
[2026-10-09 22:44:57,509][agent.finetune.train_ppo_diffusion_agent][INFO] - approx_kl: 2.4465842685117423e-09, update_epoch: 3, num_batch: 4
[2026-10-09 22:44:59,623][agent.finetune.train_ppo_diffusion_agent][INFO] - approx_kl: 2.993028491715677e-09, update_epoch: 4, num_batch: 4
[2026-10-09 22:45:01,826][agent.finetune.train_ppo_diffusion_agent][INFO] - approx_kl: 2.450598390879577e-09, update_epoch: 4, num_batch: 4
[2026-10-09 22:45:04,039][agent.finetune.train_ppo_diffusion_agent][INFO] - approx_kl: 3.7069618485929823e-09, update_epoch: 4, num_batch: 4
[2026-10-09 22:45:06,329][agent.finetune.train_ppo_diffusion_agent][INFO] - approx_kl: 5.4779971669915994e-09, update_epoch: 4, num_batch: 4
[2026-10-09 22:45:06,347][agent.finetune.train_ppo_diffusion_agent][INFO] - 33: step  2400000 | loss   0.0050 | pg loss  -0.0002 | value loss   0.0103 | bc loss   0.0000 | reward -1591.3479 | eta   1.0000 | t: 56.7321 | kl_true_per_action=1.4118684238162423e-05 | logratio_p99=0.0 | clamp_hit_frac=0.0
[2026-10-09 22:45:21,004][agent.finetune.train_ppo_diffusion_agent][INFO] - approx_kl: 0.0, update_epoch: 0, num_batch: 4
[2026-10-09 22:45:23,213][agent.finetune.train_ppo_diffusion_agent][INFO] - approx_kl: 5.220062923583235e-11, update_epoch: 0, num_batch: 4
[2026-10-09 22:45:25,544][agent.finetune.train_ppo_diffusion_agent][INFO] - approx_kl: 1.2209638855509297e-10, update_epoch: 0, num_batch: 4
[2026-10-09 22:45:27,656][agent.finetune.train_ppo_diffusion_agent][INFO] - approx_kl: 2.42567604891164e-10, update_epoch: 0, num_batch: 4
[2026-10-09 22:45:29,884][agent.finetune.train_ppo_diffusion_agent][INFO] - approx_kl: 2.71840244758792e-10, update_epoch: 1, num_batch: 4
[2026-10-09 22:45:32,105][agent.finetune.train_ppo_diffusion_agent][INFO] - approx_kl: 3.6237760014934395e-10, update_epoch: 1, num_batch: 4
[2026-10-09 22:45:34,478][agent.finetune.train_ppo_diffusion_agent][INFO] - approx_kl: 4.877522274959745e-10, update_epoch: 1, num_batch: 4
[2026-10-09 22:45:36,603][agent.finetune.train_ppo_diffusion_agent][INFO] - approx_kl: 4.961713817586144e-10, update_epoch: 1, num_batch: 4
[2026-10-09 22:45:38,809][agent.finetune.train_ppo_diffusion_agent][INFO] - approx_kl: 5.793198698533786e-10, update_epoch: 2, num_batch: 4
[2026-10-09 22:45:41,000][agent.finetune.train_ppo_diffusion_agent][INFO] - approx_kl: 3.394437786408133e-10, update_epoch: 2, num_batch: 4
[2026-10-09 22:45:43,308][agent.finetune.train_ppo_diffusion_agent][INFO] - approx_kl: 4.5679507398865837e-10, update_epoch: 2, num_batch: 4
[2026-10-09 22:45:45,413][agent.finetune.train_ppo_diffusion_agent][INFO] - approx_kl: 6.299337718118636e-10, update_epoch: 2, num_batch: 4
[2026-10-09 22:45:47,616][agent.finetune.train_ppo_diffusion_agent][INFO] - approx_kl: 5.81120263021262e-10, update_epoch: 3, num_batch: 4
[2026-10-09 22:45:49,809][agent.finetune.train_ppo_diffusion_agent][INFO] - approx_kl: 3.225542610785226e-10, update_epoch: 3, num_batch: 4
[2026-10-09 22:45:52,125][agent.finetune.train_ppo_diffusion_agent][INFO] - approx_kl: 6.13084971679001e-10, update_epoch: 3, num_batch: 4
[2026-10-09 22:45:54,238][agent.finetune.train_ppo_diffusion_agent][INFO] - approx_kl: 6.406754016197169e-10, update_epoch: 3, num_batch: 4
[2026-10-09 22:45:56,443][agent.finetune.train_ppo_diffusion_agent][INFO] - approx_kl: 1.0713934184281015e-09, update_epoch: 4, num_batch: 4
[2026-10-09 22:45:58,644][agent.finetune.train_ppo_diffusion_agent][INFO] - approx_kl: 4.697963684741069e-10, update_epoch: 4, num_batch: 4
[2026-10-09 22:46:00,962][agent.finetune.train_ppo_diffusion_agent][INFO] - approx_kl: 8.520891214836013e-10, update_epoch: 4, num_batch: 4
[2026-10-09 22:46:03,084][agent.finetune.train_ppo_diffusion_agent][INFO] - approx_kl: 1.0067223721321739e-09, update_epoch: 4, num_batch: 4
[2026-10-09 22:46:03,103][agent.finetune.train_ppo_diffusion_agent][INFO] - 34: step  2480000 | loss   0.0053 | pg loss   0.0002 | value loss   0.0104 | bc loss   0.0000 | reward -1566.1100 | eta   1.0000 | t: 56.7559 | kl_true_per_action=6.105993827203784e-06 | logratio_p99=0.0 | clamp_hit_frac=0.0
[2026-10-09 22:46:17,745][agent.finetune.train_ppo_diffusion_agent][INFO] - approx_kl: 0.0, update_epoch: 0, num_batch: 4
[2026-10-09 22:46:19,916][agent.finetune.train_ppo_diffusion_agent][INFO] - approx_kl: 2.4749896576636843e-11, update_epoch: 0, num_batch: 4
[2026-10-09 22:46:22,196][agent.finetune.train_ppo_diffusion_agent][INFO] - approx_kl: 7.833354104258561e-11, update_epoch: 0, num_batch: 4
[2026-10-09 22:46:24,272][agent.finetune.train_ppo_diffusion_agent][INFO] - approx_kl: 5.647540074482649e-11, update_epoch: 0, num_batch: 4
[2026-10-09 22:46:26,360][agent.finetune.train_ppo_diffusion_agent][INFO] - approx_kl: 9.294599118137015e-11, update_epoch: 1, num_batch: 4
[2026-10-09 22:46:28,532][agent.finetune.train_ppo_diffusion_agent][INFO] - approx_kl: 1.0287388996221836e-10, update_epoch: 1, num_batch: 4
[2026-10-09 22:46:30,810][agent.finetune.train_ppo_diffusion_agent][INFO] - approx_kl: 1.1609867234252391e-10, update_epoch: 1, num_batch: 4
[2026-10-09 22:46:32,822][agent.finetune.train_ppo_diffusion_agent][INFO] - approx_kl: 5.288660481772567e-11, update_epoch: 1, num_batch: 4
[2026-10-09 22:46:35,033][agent.finetune.train_ppo_diffusion_agent][INFO] - approx_kl: 1.6396545232666426e-10, update_epoch: 2, num_batch: 4
[2026-10-09 22:46:37,202][agent.finetune.train_ppo_diffusion_agent][INFO] - approx_kl: 1.6154720616778917e-10, update_epoch: 2, num_batch: 4
[2026-10-09 22:46:39,474][agent.finetune.train_ppo_diffusion_agent][INFO] - approx_kl: 1.618266076697239e-10, update_epoch: 2, num_batch: 4
[2026-10-09 22:46:41,549][agent.finetune.train_ppo_diffusion_agent][INFO] - approx_kl: 1.6398726820909815e-10, update_epoch: 2, num_batch: 4
[2026-10-09 22:46:43,678][agent.finetune.train_ppo_diffusion_agent][INFO] - approx_kl: 3.241002466403131e-10, update_epoch: 3, num_batch: 4
[2026-10-09 22:46:45,859][agent.finetune.train_ppo_diffusion_agent][INFO] - approx_kl: 4.097656380874781e-10, update_epoch: 3, num_batch: 4
[2026-10-09 22:46:48,129][agent.finetune.train_ppo_diffusion_agent][INFO] - approx_kl: 6.562936860632362e-10, update_epoch: 3, num_batch: 4
[2026-10-09 22:46:50,146][agent.finetune.train_ppo_diffusion_agent][INFO] - approx_kl: 9.31937194081911e-10, update_epoch: 3, num_batch: 4
[2026-10-09 22:46:52,321][agent.finetune.train_ppo_diffusion_agent][INFO] - approx_kl: 1.4163367145769712e-09, update_epoch: 4, num_batch: 4
[2026-10-09 22:46:54,492][agent.finetune.train_ppo_diffusion_agent][INFO] - approx_kl: 6.66978305918775e-10, update_epoch: 4, num_batch: 4
[2026-10-09 22:46:56,681][agent.finetune.train_ppo_diffusion_agent][INFO] - approx_kl: 1.4634057299289793e-09, update_epoch: 4, num_batch: 4
[2026-10-09 22:46:58,767][agent.finetune.train_ppo_diffusion_agent][INFO] - approx_kl: 1.7527210793844006e-09, update_epoch: 4, num_batch: 4
[2026-10-09 22:46:58,818][agent.finetune.train_agent][INFO] - Saved model to /soalnas/share/data/zbao7/diffusion_policy/results/stage2_noclip/runs/NC1_recovery_seed1/native/checkpoint/state_35.pt
[2026-10-09 22:46:58,819][agent.finetune.train_ppo_diffusion_agent][INFO] - 35: step  2560000 | loss   0.0053 | pg loss  -0.0001 | value loss   0.0108 | bc loss   0.0000 | reward -1593.0525 | eta   1.0000 | t: 55.7153 | kl_true_per_action=1.2168601969581937e-05 | logratio_p99=0.0 | clamp_hit_frac=0.0
[2026-10-09 22:47:13,537][agent.finetune.train_ppo_diffusion_agent][INFO] - approx_kl: 0.0, update_epoch: 0, num_batch: 4
[2026-10-09 22:47:15,727][agent.finetune.train_ppo_diffusion_agent][INFO] - approx_kl: 4.917383167324374e-11, update_epoch: 0, num_batch: 4
[2026-10-09 22:47:18,035][agent.finetune.train_ppo_diffusion_agent][INFO] - approx_kl: 1.7605721047697642e-10, update_epoch: 0, num_batch: 4
[2026-10-09 22:47:20,129][agent.finetune.train_ppo_diffusion_agent][INFO] - approx_kl: 4.0790065769513717e-10, update_epoch: 0, num_batch: 4
[2026-10-09 22:47:22,305][agent.finetune.train_ppo_diffusion_agent][INFO] - approx_kl: 6.324518131428647e-10, update_epoch: 1, num_batch: 4
[2026-10-09 22:47:24,597][agent.finetune.train_ppo_diffusion_agent][INFO] - approx_kl: 5.233660171910515e-10, update_epoch: 1, num_batch: 4
[2026-10-09 22:47:26,699][agent.finetune.train_ppo_diffusion_agent][INFO] - approx_kl: 9.773485354358513e-10, update_epoch: 1, num_batch: 4
[2026-10-09 22:47:28,887][agent.finetune.train_ppo_diffusion_agent][INFO] - approx_kl: 8.861534284143602e-10, update_epoch: 1, num_batch: 4
[2026-10-09 22:47:31,080][agent.finetune.train_ppo_diffusion_agent][INFO] - approx_kl: 2.0903161424001837e-09, update_epoch: 2, num_batch: 4
[2026-10-09 22:47:33,390][agent.finetune.train_ppo_diffusion_agent][INFO] - approx_kl: 8.349492763848332e-10, update_epoch: 2, num_batch: 4
[2026-10-09 22:47:35,526][agent.finetune.train_ppo_diffusion_agent][INFO] - approx_kl: 1.6442779360303916e-09, update_epoch: 2, num_batch: 4
[2026-10-09 22:47:37,712][agent.finetune.train_ppo_diffusion_agent][INFO] - approx_kl: 2.054125092243453e-09, update_epoch: 2, num_batch: 4
[2026-10-09 22:47:39,900][agent.finetune.train_ppo_diffusion_agent][INFO] - approx_kl: 1.7006694941201772e-09, update_epoch: 3, num_batch: 4
[2026-10-09 22:47:42,191][agent.finetune.train_ppo_diffusion_agent][INFO] - approx_kl: 2.974048118886685e-09, update_epoch: 3, num_batch: 4
[2026-10-09 22:47:44,277][agent.finetune.train_ppo_diffusion_agent][INFO] - approx_kl: 5.042208428562844e-09, update_epoch: 3, num_batch: 4
[2026-10-09 22:47:46,477][agent.finetune.train_ppo_diffusion_agent][INFO] - approx_kl: 4.087188365531347e-09, update_epoch: 3, num_batch: 4
[2026-10-09 22:47:48,674][agent.finetune.train_ppo_diffusion_agent][INFO] - approx_kl: 4.896064886850127e-09, update_epoch: 4, num_batch: 4
[2026-10-09 22:47:50,962][agent.finetune.train_ppo_diffusion_agent][INFO] - approx_kl: 4.304647305275466e-09, update_epoch: 4, num_batch: 4
[2026-10-09 22:47:53,061][agent.finetune.train_ppo_diffusion_agent][INFO] - approx_kl: 6.415471265341921e-09, update_epoch: 4, num_batch: 4
[2026-10-09 22:47:55,254][agent.finetune.train_ppo_diffusion_agent][INFO] - approx_kl: 6.226200888193034e-09, update_epoch: 4, num_batch: 4
[2026-10-09 22:47:55,276][agent.finetune.train_ppo_diffusion_agent][INFO] - 36: step  2640000 | loss   0.0054 | pg loss  -0.0000 | value loss   0.0109 | bc loss   0.0000 | reward -1609.5906 | eta   1.0000 | t: 56.4578 | kl_true_per_action=1.2147595150372185e-05 | logratio_p99=0.0 | clamp_hit_frac=0.0
[2026-10-09 22:48:09,947][agent.finetune.train_ppo_diffusion_agent][INFO] - approx_kl: 0.0, update_epoch: 0, num_batch: 4
[2026-10-09 22:48:12,239][agent.finetune.train_ppo_diffusion_agent][INFO] - approx_kl: 5.960464326965065e-13, update_epoch: 0, num_batch: 4
[2026-10-09 22:48:14,341][agent.finetune.train_ppo_diffusion_agent][INFO] - approx_kl: 0.0, update_epoch: 0, num_batch: 4
[2026-10-09 22:48:16,526][agent.finetune.train_ppo_diffusion_agent][INFO] - approx_kl: -8.940696490447597e-13, update_epoch: 0, num_batch: 4
[2026-10-09 22:48:18,709][agent.finetune.train_ppo_diffusion_agent][INFO] - approx_kl: 1.7881392980895194e-12, update_epoch: 1, num_batch: 4
[2026-10-09 22:48:20,994][agent.finetune.train_ppo_diffusion_agent][INFO] - approx_kl: 5.215406015043889e-13, update_epoch: 1, num_batch: 4
[2026-10-09 22:48:23,086][agent.finetune.train_ppo_diffusion_agent][INFO] - approx_kl: 1.7881392980895194e-12, update_epoch: 1, num_batch: 4
[2026-10-09 22:48:25,263][agent.finetune.train_ppo_diffusion_agent][INFO] - approx_kl: 2.9802321634825324e-13, update_epoch: 1, num_batch: 4
[2026-10-09 22:48:27,448][agent.finetune.train_ppo_diffusion_agent][INFO] - approx_kl: 0.0, update_epoch: 2, num_batch: 4
[2026-10-09 22:48:29,738][agent.finetune.train_ppo_diffusion_agent][INFO] - approx_kl: 0.0, update_epoch: 2, num_batch: 4
[2026-10-09 22:48:31,836][agent.finetune.train_ppo_diffusion_agent][INFO] - approx_kl: 0.0, update_epoch: 2, num_batch: 4
[2026-10-09 22:48:34,011][agent.finetune.train_ppo_diffusion_agent][INFO] - approx_kl: -1.4901160817412662e-13, update_epoch: 2, num_batch: 4
[2026-10-09 22:48:36,201][agent.finetune.train_ppo_diffusion_agent][INFO] - approx_kl: 5.960464326965065e-13, update_epoch: 3, num_batch: 4
[2026-10-09 22:48:38,492][agent.finetune.train_ppo_diffusion_agent][INFO] - approx_kl: 0.0, update_epoch: 3, num_batch: 4
[2026-10-09 22:48:40,585][agent.finetune.train_ppo_diffusion_agent][INFO] - approx_kl: 5.960464326965065e-13, update_epoch: 3, num_batch: 4
[2026-10-09 22:48:42,773][agent.finetune.train_ppo_diffusion_agent][INFO] - approx_kl: 1.2665986965851306e-12, update_epoch: 3, num_batch: 4
[2026-10-09 22:48:44,955][agent.finetune.train_ppo_diffusion_agent][INFO] - approx_kl: 0.0, update_epoch: 4, num_batch: 4
[2026-10-09 22:48:47,232][agent.finetune.train_ppo_diffusion_agent][INFO] - approx_kl: 3.7252902043531655e-13, update_epoch: 4, num_batch: 4
[2026-10-09 22:48:49,315][agent.finetune.train_ppo_diffusion_agent][INFO] - approx_kl: -8.940696490447597e-13, update_epoch: 4, num_batch: 4
[2026-10-09 22:48:51,498][agent.finetune.train_ppo_diffusion_agent][INFO] - approx_kl: 1.192092865393013e-12, update_epoch: 4, num_batch: 4
[2026-10-09 22:48:51,517][agent.finetune.train_ppo_diffusion_agent][INFO] - 37: step  2720000 | loss   0.0056 | pg loss  -0.0000 | value loss   0.0112 | bc loss   0.0000 | reward -1634.3999 | eta   1.0000 | t: 56.2406 | kl_true_per_action=0.0 | logratio_p99=0.0 | clamp_hit_frac=0.0
[2026-10-09 22:49:06,245][agent.finetune.train_ppo_diffusion_agent][INFO] - approx_kl: 0.0, update_epoch: 0, num_batch: 4
[2026-10-09 22:49:08,569][agent.finetune.train_ppo_diffusion_agent][INFO] - approx_kl: 7.828697412559649e-11, update_epoch: 0, num_batch: 4
[2026-10-09 22:49:10,671][agent.finetune.train_ppo_diffusion_agent][INFO] - approx_kl: 9.897863084695757e-11, update_epoch: 0, num_batch: 4
[2026-10-09 22:49:12,854][agent.finetune.train_ppo_diffusion_agent][INFO] - approx_kl: 1.9894447200741183e-10, update_epoch: 0, num_batch: 4
[2026-10-09 22:49:15,041][agent.finetune.train_ppo_diffusion_agent][INFO] - approx_kl: 2.8562729958991895e-10, update_epoch: 1, num_batch: 4
[2026-10-09 22:49:17,341][agent.finetune.train_ppo_diffusion_agent][INFO] - approx_kl: 3.535533255050183e-10, update_epoch: 1, num_batch: 4
[2026-10-09 22:49:19,450][agent.finetune.train_ppo_diffusion_agent][INFO] - approx_kl: 4.963017774528566e-10, update_epoch: 1, num_batch: 4
[2026-10-09 22:49:21,646][agent.finetune.train_ppo_diffusion_agent][INFO] - approx_kl: 8.349981817090679e-10, update_epoch: 1, num_batch: 4
[2026-10-09 22:49:23,838][agent.finetune.train_ppo_diffusion_agent][INFO] - approx_kl: 1.3624713579574177e-09, update_epoch: 2, num_batch: 4
[2026-10-09 22:49:26,126][agent.finetune.train_ppo_diffusion_agent][INFO] - approx_kl: 2.262726672697113e-09, update_epoch: 2, num_batch: 4
[2026-10-09 22:49:28,229][agent.finetune.train_ppo_diffusion_agent][INFO] - approx_kl: 3.565757022983007e-09, update_epoch: 2, num_batch: 4
[2026-10-09 22:49:30,413][agent.finetune.train_ppo_diffusion_agent][INFO] - approx_kl: 4.160668254371558e-09, update_epoch: 2, num_batch: 4
[2026-10-09 22:49:32,602][agent.finetune.train_ppo_diffusion_agent][INFO] - approx_kl: 8.989730737596346e-09, update_epoch: 3, num_batch: 4
[2026-10-09 22:49:34,893][agent.finetune.train_ppo_diffusion_agent][INFO] - approx_kl: 8.85916140447307e-09, update_epoch: 3, num_batch: 4
[2026-10-09 22:49:36,986][agent.finetune.train_ppo_diffusion_agent][INFO] - approx_kl: 9.973209813551875e-09, update_epoch: 3, num_batch: 4
[2026-10-09 22:49:39,222][agent.finetune.train_ppo_diffusion_agent][INFO] - approx_kl: 9.449431459529478e-09, update_epoch: 3, num_batch: 4
[2026-10-09 22:49:41,396][agent.finetune.train_ppo_diffusion_agent][INFO] - approx_kl: 1.6894173171522198e-08, update_epoch: 4, num_batch: 4
[2026-10-09 22:49:43,685][agent.finetune.train_ppo_diffusion_agent][INFO] - approx_kl: 1.7572947541566464e-08, update_epoch: 4, num_batch: 4
[2026-10-09 22:49:45,783][agent.finetune.train_ppo_diffusion_agent][INFO] - approx_kl: 2.2836747604060292e-08, update_epoch: 4, num_batch: 4
[2026-10-09 22:49:47,968][agent.finetune.train_ppo_diffusion_agent][INFO] - approx_kl: 2.3587233499711147e-08, update_epoch: 4, num_batch: 4
[2026-10-09 22:49:47,987][agent.finetune.train_ppo_diffusion_agent][INFO] - 38: step  2800000 | loss   0.0057 | pg loss   0.0000 | value loss   0.0114 | bc loss   0.0000 | reward -1597.3556 | eta   1.0000 | t: 56.4701 | kl_true_per_action=0.00012633663696636784 | logratio_p99=0.0 | clamp_hit_frac=0.0
[2026-10-09 22:50:02,759][agent.finetune.train_ppo_diffusion_agent][INFO] - approx_kl: 0.0, update_epoch: 0, num_batch: 4
[2026-10-09 22:50:05,053][agent.finetune.train_ppo_diffusion_agent][INFO] - approx_kl: -6.705522638886241e-13, update_epoch: 0, num_batch: 4
[2026-10-09 22:50:07,160][agent.finetune.train_ppo_diffusion_agent][INFO] - approx_kl: 8.940696490447597e-13, update_epoch: 0, num_batch: 4
[2026-10-09 22:50:09,371][agent.finetune.train_ppo_diffusion_agent][INFO] - approx_kl: 0.0, update_epoch: 0, num_batch: 4
[2026-10-09 22:50:11,572][agent.finetune.train_ppo_diffusion_agent][INFO] - approx_kl: 2.2351741226118993e-13, update_epoch: 1, num_batch: 4
[2026-10-09 22:50:13,877][agent.finetune.train_ppo_diffusion_agent][INFO] - approx_kl: 5.960464326965065e-13, update_epoch: 1, num_batch: 4
[2026-10-09 22:50:15,995][agent.finetune.train_ppo_diffusion_agent][INFO] - approx_kl: 0.0, update_epoch: 1, num_batch: 4
[2026-10-09 22:50:18,191][agent.finetune.train_ppo_diffusion_agent][INFO] - approx_kl: 5.960464326965065e-13, update_epoch: 1, num_batch: 4
[2026-10-09 22:50:20,403][agent.finetune.train_ppo_diffusion_agent][INFO] - approx_kl: 1.4901160817412662e-12, update_epoch: 2, num_batch: 4
[2026-10-09 22:50:22,712][agent.finetune.train_ppo_diffusion_agent][INFO] - approx_kl: 0.0, update_epoch: 2, num_batch: 4
[2026-10-09 22:50:24,836][agent.finetune.train_ppo_diffusion_agent][INFO] - approx_kl: 2.2351741226118993e-13, update_epoch: 2, num_batch: 4
[2026-10-09 22:50:27,042][agent.finetune.train_ppo_diffusion_agent][INFO] - approx_kl: 0.0, update_epoch: 2, num_batch: 4
[2026-10-09 22:50:29,271][agent.finetune.train_ppo_diffusion_agent][INFO] - approx_kl: 5.960464326965065e-13, update_epoch: 3, num_batch: 4
[2026-10-09 22:50:31,587][agent.finetune.train_ppo_diffusion_agent][INFO] - approx_kl: -1.192092865393013e-12, update_epoch: 3, num_batch: 4
[2026-10-09 22:50:33,715][agent.finetune.train_ppo_diffusion_agent][INFO] - approx_kl: 1.192092865393013e-12, update_epoch: 3, num_batch: 4
[2026-10-09 22:50:35,920][agent.finetune.train_ppo_diffusion_agent][INFO] - approx_kl: 4.0978190892632105e-13, update_epoch: 3, num_batch: 4
[2026-10-09 22:50:38,120][agent.finetune.train_ppo_diffusion_agent][INFO] - approx_kl: 2.9802321634825324e-13, update_epoch: 4, num_batch: 4
[2026-10-09 22:50:40,435][agent.finetune.train_ppo_diffusion_agent][INFO] - approx_kl: 0.0, update_epoch: 4, num_batch: 4
[2026-10-09 22:50:42,552][agent.finetune.train_ppo_diffusion_agent][INFO] - approx_kl: 0.0, update_epoch: 4, num_batch: 4
[2026-10-09 22:50:44,752][agent.finetune.train_ppo_diffusion_agent][INFO] - approx_kl: 8.940696490447597e-13, update_epoch: 4, num_batch: 4
[2026-10-09 22:50:44,775][agent.finetune.train_ppo_diffusion_agent][INFO] - 39: step  2880000 | loss   0.0057 | pg loss  -0.0000 | value loss   0.0114 | bc loss   0.0000 | reward -1590.1588 | eta   1.0000 | t: 56.7876 | kl_true_per_action=0.0 | logratio_p99=0.0 | clamp_hit_frac=0.0
[2026-10-09 22:50:57,297][agent.finetune.train_ppo_diffusion_agent][INFO] - eval: success rate   0.0000 | avg episode reward -1549.4171 | avg best reward   0.4301
[2026-10-09 22:51:12,180][agent.finetune.train_ppo_diffusion_agent][INFO] - approx_kl: 0.0, update_epoch: 0, num_batch: 4
[2026-10-09 22:51:14,283][agent.finetune.train_ppo_diffusion_agent][INFO] - approx_kl: 8.667120493521807e-11, update_epoch: 0, num_batch: 4
[2026-10-09 22:51:16,486][agent.finetune.train_ppo_diffusion_agent][INFO] - approx_kl: 1.7554847853151756e-10, update_epoch: 0, num_batch: 4
[2026-10-09 22:51:18,684][agent.finetune.train_ppo_diffusion_agent][INFO] - approx_kl: 1.851562375643212e-10, update_epoch: 0, num_batch: 4
[2026-10-09 22:51:20,997][agent.finetune.train_ppo_diffusion_agent][INFO] - approx_kl: 5.599251062804456e-10, update_epoch: 1, num_batch: 4
[2026-10-09 22:51:23,101][agent.finetune.train_ppo_diffusion_agent][INFO] - approx_kl: 6.642844607718246e-10, update_epoch: 1, num_batch: 4
[2026-10-09 22:51:25,302][agent.finetune.train_ppo_diffusion_agent][INFO] - approx_kl: 1.378126834872262e-09, update_epoch: 1, num_batch: 4
[2026-10-09 22:51:27,499][agent.finetune.train_ppo_diffusion_agent][INFO] - approx_kl: 2.754609873534264e-09, update_epoch: 1, num_batch: 4
[2026-10-09 22:51:29,738][agent.finetune.train_ppo_diffusion_agent][INFO] - approx_kl: 2.612210669994397e-09, update_epoch: 2, num_batch: 4
[2026-10-09 22:51:31,674][agent.finetune.train_ppo_diffusion_agent][INFO] - approx_kl: 4.418655219495804e-09, update_epoch: 2, num_batch: 4
[2026-10-09 22:51:33,797][agent.finetune.train_ppo_diffusion_agent][INFO] - approx_kl: 8.934051720643765e-09, update_epoch: 2, num_batch: 4
[2026-10-09 22:51:35,996][agent.finetune.train_ppo_diffusion_agent][INFO] - approx_kl: 4.979395118454022e-09, update_epoch: 2, num_batch: 4
[2026-10-09 22:51:38,309][agent.finetune.train_ppo_diffusion_agent][INFO] - approx_kl: 1.0175974729520476e-08, update_epoch: 3, num_batch: 4
[2026-10-09 22:51:40,431][agent.finetune.train_ppo_diffusion_agent][INFO] - approx_kl: 1.8829442893775195e-08, update_epoch: 3, num_batch: 4
[2026-10-09 22:51:42,655][agent.finetune.train_ppo_diffusion_agent][INFO] - approx_kl: 1.3652350361326171e-08, update_epoch: 3, num_batch: 4
[2026-10-09 22:51:44,866][agent.finetune.train_ppo_diffusion_agent][INFO] - approx_kl: 1.8685250680050558e-08, update_epoch: 3, num_batch: 4
[2026-10-09 22:51:47,179][agent.finetune.train_ppo_diffusion_agent][INFO] - approx_kl: 2.1622298618240166e-08, update_epoch: 4, num_batch: 4
[2026-10-09 22:51:49,292][agent.finetune.train_ppo_diffusion_agent][INFO] - approx_kl: 2.172719426596359e-08, update_epoch: 4, num_batch: 4
[2026-10-09 22:51:51,512][agent.finetune.train_ppo_diffusion_agent][INFO] - approx_kl: 4.823237986784079e-08, update_epoch: 4, num_batch: 4
[2026-10-09 22:51:53,770][agent.finetune.train_ppo_diffusion_agent][INFO] - approx_kl: 3.8196290574887826e-08, update_epoch: 4, num_batch: 4
[2026-10-09 22:51:53,793][agent.finetune.train_ppo_diffusion_agent][INFO] - 41: step  2960000 | loss   0.0060 | pg loss   0.0001 | value loss   0.0117 | bc loss   0.0000 | reward -1649.1374 | eta   1.0000 | t: 56.4962 | kl_true_per_action=0.00017198999298759438 | logratio_p99=0.0 | clamp_hit_frac=0.0
[2026-10-09 22:52:09,330][agent.finetune.train_ppo_diffusion_agent][INFO] - approx_kl: 0.0, update_epoch: 0, num_batch: 4
[2026-10-09 22:52:11,431][agent.finetune.train_ppo_diffusion_agent][INFO] - approx_kl: 5.960464326965065e-13, update_epoch: 0, num_batch: 4
[2026-10-09 22:52:13,632][agent.finetune.train_ppo_diffusion_agent][INFO] - approx_kl: 2.9802321634825324e-13, update_epoch: 0, num_batch: 4
[2026-10-09 22:52:15,818][agent.finetune.train_ppo_diffusion_agent][INFO] - approx_kl: 0.0, update_epoch: 0, num_batch: 4
[2026-10-09 22:52:18,109][agent.finetune.train_ppo_diffusion_agent][INFO] - approx_kl: 1.4901160817412662e-13, update_epoch: 1, num_batch: 4
[2026-10-09 22:52:20,196][agent.finetune.train_ppo_diffusion_agent][INFO] - approx_kl: 0.0, update_epoch: 1, num_batch: 4
[2026-10-09 22:52:22,396][agent.finetune.train_ppo_diffusion_agent][INFO] - approx_kl: 0.0, update_epoch: 1, num_batch: 4
[2026-10-09 22:52:24,615][agent.finetune.train_ppo_diffusion_agent][INFO] - approx_kl: 8.940696490447597e-13, update_epoch: 1, num_batch: 4
[2026-10-09 22:52:26,919][agent.finetune.train_ppo_diffusion_agent][INFO] - approx_kl: 5.960464326965065e-13, update_epoch: 2, num_batch: 4
[2026-10-09 22:52:29,015][agent.finetune.train_ppo_diffusion_agent][INFO] - approx_kl: 0.0, update_epoch: 2, num_batch: 4
[2026-10-09 22:52:31,172][agent.finetune.train_ppo_diffusion_agent][INFO] - approx_kl: 0.0, update_epoch: 2, num_batch: 4
[2026-10-09 22:52:33,381][agent.finetune.train_ppo_diffusion_agent][INFO] - approx_kl: 0.0, update_epoch: 2, num_batch: 4
[2026-10-09 22:52:35,679][agent.finetune.train_ppo_diffusion_agent][INFO] - approx_kl: 0.0, update_epoch: 3, num_batch: 4
[2026-10-09 22:52:37,751][agent.finetune.train_ppo_diffusion_agent][INFO] - approx_kl: 1.9371509604737547e-12, update_epoch: 3, num_batch: 4
[2026-10-09 22:52:39,926][agent.finetune.train_ppo_diffusion_agent][INFO] - approx_kl: 0.0, update_epoch: 3, num_batch: 4
[2026-10-09 22:52:42,096][agent.finetune.train_ppo_diffusion_agent][INFO] - approx_kl: 0.0, update_epoch: 3, num_batch: 4
[2026-10-09 22:52:44,370][agent.finetune.train_ppo_diffusion_agent][INFO] - approx_kl: -2.9802321634825324e-13, update_epoch: 4, num_batch: 4
[2026-10-09 22:52:46,458][agent.finetune.train_ppo_diffusion_agent][INFO] - approx_kl: -1.6391276357052842e-12, update_epoch: 4, num_batch: 4
[2026-10-09 22:52:48,641][agent.finetune.train_ppo_diffusion_agent][INFO] - approx_kl: 1.7881392980895194e-12, update_epoch: 4, num_batch: 4
[2026-10-09 22:52:50,826][agent.finetune.train_ppo_diffusion_agent][INFO] - approx_kl: 0.0, update_epoch: 4, num_batch: 4
[2026-10-09 22:52:50,847][agent.finetune.train_ppo_diffusion_agent][INFO] - 42: step  3040000 | loss   0.0059 | pg loss  -0.0000 | value loss   0.0119 | bc loss   0.0000 | reward -1640.8727 | eta   1.0000 | t: 57.0536 | kl_true_per_action=0.0 | logratio_p99=0.0 | clamp_hit_frac=0.0
[2026-10-09 22:53:06,579][agent.finetune.train_ppo_diffusion_agent][INFO] - approx_kl: 0.0, update_epoch: 0, num_batch: 4
[2026-10-09 22:53:08,674][agent.finetune.train_ppo_diffusion_agent][INFO] - approx_kl: 1.7322599951685724e-11, update_epoch: 0, num_batch: 4
[2026-10-09 22:53:10,861][agent.finetune.train_ppo_diffusion_agent][INFO] - approx_kl: 2.1494923896359097e-11, update_epoch: 0, num_batch: 4
[2026-10-09 22:53:13,156][agent.finetune.train_ppo_diffusion_agent][INFO] - approx_kl: 1.1734664455420596e-11, update_epoch: 0, num_batch: 4
[2026-10-09 22:53:15,246][agent.finetune.train_ppo_diffusion_agent][INFO] - approx_kl: 2.2668391469471416e-11, update_epoch: 1, num_batch: 4
[2026-10-09 22:53:17,431][agent.finetune.train_ppo_diffusion_agent][INFO] - approx_kl: 2.598389906016685e-11, update_epoch: 1, num_batch: 4
[2026-10-09 22:53:19,621][agent.finetune.train_ppo_diffusion_agent][INFO] - approx_kl: 8.523463879139825e-11, update_epoch: 1, num_batch: 4
[2026-10-09 22:53:21,917][agent.finetune.train_ppo_diffusion_agent][INFO] - approx_kl: 1.2535601723318024e-10, update_epoch: 1, num_batch: 4
[2026-10-09 22:53:24,019][agent.finetune.train_ppo_diffusion_agent][INFO] - approx_kl: 9.357929015019195e-11, update_epoch: 2, num_batch: 4
[2026-10-09 22:53:26,252][agent.finetune.train_ppo_diffusion_agent][INFO] - approx_kl: 1.1797994525775124e-10, update_epoch: 2, num_batch: 4
[2026-10-09 22:53:28,434][agent.finetune.train_ppo_diffusion_agent][INFO] - approx_kl: 2.854689817866074e-10, update_epoch: 2, num_batch: 4
[2026-10-09 22:53:30,723][agent.finetune.train_ppo_diffusion_agent][INFO] - approx_kl: 8.200108925215943e-10, update_epoch: 2, num_batch: 4
[2026-10-09 22:53:32,814][agent.finetune.train_ppo_diffusion_agent][INFO] - approx_kl: 4.674680642580142e-10, update_epoch: 3, num_batch: 4
[2026-10-09 22:53:35,013][agent.finetune.train_ppo_diffusion_agent][INFO] - approx_kl: 7.992051465066652e-10, update_epoch: 3, num_batch: 4
[2026-10-09 22:53:37,196][agent.finetune.train_ppo_diffusion_agent][INFO] - approx_kl: 1.0188668797539435e-09, update_epoch: 3, num_batch: 4
[2026-10-09 22:53:39,498][agent.finetune.train_ppo_diffusion_agent][INFO] - approx_kl: 9.741634166005042e-10, update_epoch: 3, num_batch: 4
[2026-10-09 22:53:41,588][agent.finetune.train_ppo_diffusion_agent][INFO] - approx_kl: 1.1687538714610923e-09, update_epoch: 4, num_batch: 4
[2026-10-09 22:53:43,779][agent.finetune.train_ppo_diffusion_agent][INFO] - approx_kl: 2.545919253194029e-09, update_epoch: 4, num_batch: 4
[2026-10-09 22:53:45,972][agent.finetune.train_ppo_diffusion_agent][INFO] - approx_kl: 1.1876597483251317e-09, update_epoch: 4, num_batch: 4
[2026-10-09 22:53:48,264][agent.finetune.train_ppo_diffusion_agent][INFO] - approx_kl: 2.5780684254073094e-09, update_epoch: 4, num_batch: 4
[2026-10-09 22:53:48,284][agent.finetune.train_ppo_diffusion_agent][INFO] - 43: step  3120000 | loss   0.0060 | pg loss  -0.0001 | value loss   0.0121 | bc loss   0.0000 | reward -1675.2036 | eta   1.0000 | t: 57.4374 | kl_true_per_action=2.8358311236287395e-05 | logratio_p99=0.0 | clamp_hit_frac=0.0
[2026-10-09 22:54:03,984][agent.finetune.train_ppo_diffusion_agent][INFO] - approx_kl: 0.0, update_epoch: 0, num_batch: 4
[2026-10-09 22:54:06,184][agent.finetune.train_ppo_diffusion_agent][INFO] - approx_kl: 0.0, update_epoch: 0, num_batch: 4
[2026-10-09 22:54:08,357][agent.finetune.train_ppo_diffusion_agent][INFO] - approx_kl: 0.0, update_epoch: 0, num_batch: 4
[2026-10-09 22:54:10,638][agent.finetune.train_ppo_diffusion_agent][INFO] - approx_kl: 0.0, update_epoch: 0, num_batch: 4
[2026-10-09 22:54:12,725][agent.finetune.train_ppo_diffusion_agent][INFO] - approx_kl: 0.0, update_epoch: 1, num_batch: 4
[2026-10-09 22:54:14,899][agent.finetune.train_ppo_diffusion_agent][INFO] - approx_kl: 0.0, update_epoch: 1, num_batch: 4
[2026-10-09 22:54:17,070][agent.finetune.train_ppo_diffusion_agent][INFO] - approx_kl: 0.0, update_epoch: 1, num_batch: 4
[2026-10-09 22:54:19,342][agent.finetune.train_ppo_diffusion_agent][INFO] - approx_kl: 0.0, update_epoch: 1, num_batch: 4
[2026-10-09 22:54:21,413][agent.finetune.train_ppo_diffusion_agent][INFO] - approx_kl: 0.0, update_epoch: 2, num_batch: 4
[2026-10-09 22:54:23,577][agent.finetune.train_ppo_diffusion_agent][INFO] - approx_kl: 0.0, update_epoch: 2, num_batch: 4
[2026-10-09 22:54:25,741][agent.finetune.train_ppo_diffusion_agent][INFO] - approx_kl: 0.0, update_epoch: 2, num_batch: 4
[2026-10-09 22:54:28,057][agent.finetune.train_ppo_diffusion_agent][INFO] - approx_kl: 0.0, update_epoch: 2, num_batch: 4
[2026-10-09 22:54:30,129][agent.finetune.train_ppo_diffusion_agent][INFO] - approx_kl: 0.0, update_epoch: 3, num_batch: 4
[2026-10-09 22:54:32,300][agent.finetune.train_ppo_diffusion_agent][INFO] - approx_kl: 0.0, update_epoch: 3, num_batch: 4
[2026-10-09 22:54:34,465][agent.finetune.train_ppo_diffusion_agent][INFO] - approx_kl: 0.0, update_epoch: 3, num_batch: 4
[2026-10-09 22:54:36,724][agent.finetune.train_ppo_diffusion_agent][INFO] - approx_kl: 0.0, update_epoch: 3, num_batch: 4
[2026-10-09 22:54:38,797][agent.finetune.train_ppo_diffusion_agent][INFO] - approx_kl: 0.0, update_epoch: 4, num_batch: 4
[2026-10-09 22:54:40,967][agent.finetune.train_ppo_diffusion_agent][INFO] - approx_kl: 0.0, update_epoch: 4, num_batch: 4
[2026-10-09 22:54:43,134][agent.finetune.train_ppo_diffusion_agent][INFO] - approx_kl: 0.0, update_epoch: 4, num_batch: 4
[2026-10-09 22:54:45,408][agent.finetune.train_ppo_diffusion_agent][INFO] - approx_kl: 0.0, update_epoch: 4, num_batch: 4
[2026-10-09 22:54:45,432][agent.finetune.train_ppo_diffusion_agent][INFO] - 44: step  3200000 | loss   0.0061 | pg loss   0.0001 | value loss   0.0121 | bc loss   0.0000 | reward -1653.0267 | eta   1.0000 | t: 57.1477 | kl_true_per_action=0.0 | logratio_p99=0.0 | clamp_hit_frac=0.0
[2026-10-09 22:55:00,876][agent.finetune.train_ppo_diffusion_agent][INFO] - approx_kl: 0.0, update_epoch: 0, num_batch: 4
[2026-10-09 22:55:03,066][agent.finetune.train_ppo_diffusion_agent][INFO] - approx_kl: -2.123415375823723e-12, update_epoch: 0, num_batch: 4
[2026-10-09 22:55:05,227][agent.finetune.train_ppo_diffusion_agent][INFO] - approx_kl: 0.0, update_epoch: 0, num_batch: 4
[2026-10-09 22:55:07,503][agent.finetune.train_ppo_diffusion_agent][INFO] - approx_kl: 0.0, update_epoch: 0, num_batch: 4
[2026-10-09 22:55:09,590][agent.finetune.train_ppo_diffusion_agent][INFO] - approx_kl: -1.0430812030087777e-12, update_epoch: 1, num_batch: 4
[2026-10-09 22:55:11,762][agent.finetune.train_ppo_diffusion_agent][INFO] - approx_kl: -5.960464326965065e-13, update_epoch: 1, num_batch: 4
[2026-10-09 22:55:13,935][agent.finetune.train_ppo_diffusion_agent][INFO] - approx_kl: 0.0, update_epoch: 1, num_batch: 4
[2026-10-09 22:55:16,220][agent.finetune.train_ppo_diffusion_agent][INFO] - approx_kl: 7.078051252745743e-13, update_epoch: 1, num_batch: 4
[2026-10-09 22:55:18,303][agent.finetune.train_ppo_diffusion_agent][INFO] - approx_kl: -2.533197393170261e-12, update_epoch: 2, num_batch: 4
[2026-10-09 22:55:20,489][agent.finetune.train_ppo_diffusion_agent][INFO] - approx_kl: 0.0, update_epoch: 2, num_batch: 4
[2026-10-09 22:55:22,670][agent.finetune.train_ppo_diffusion_agent][INFO] - approx_kl: 3.2782552714105684e-12, update_epoch: 2, num_batch: 4
[2026-10-09 22:55:24,940][agent.finetune.train_ppo_diffusion_agent][INFO] - approx_kl: 1.7881392980895194e-12, update_epoch: 2, num_batch: 4
[2026-10-09 22:55:27,023][agent.finetune.train_ppo_diffusion_agent][INFO] - approx_kl: -8.940696490447597e-13, update_epoch: 3, num_batch: 4
[2026-10-09 22:55:29,228][agent.finetune.train_ppo_diffusion_agent][INFO] - approx_kl: -2.2351740684017907e-12, update_epoch: 3, num_batch: 4
[2026-10-09 22:55:31,397][agent.finetune.train_ppo_diffusion_agent][INFO] - approx_kl: 8.940696490447597e-13, update_epoch: 3, num_batch: 4
[2026-10-09 22:55:33,664][agent.finetune.train_ppo_diffusion_agent][INFO] - approx_kl: 2.1979213154360577e-12, update_epoch: 3, num_batch: 4
[2026-10-09 22:55:35,739][agent.finetune.train_ppo_diffusion_agent][INFO] - approx_kl: 1.7881392980895194e-12, update_epoch: 4, num_batch: 4
[2026-10-09 22:55:37,917][agent.finetune.train_ppo_diffusion_agent][INFO] - approx_kl: 2.9802321634825324e-13, update_epoch: 4, num_batch: 4
[2026-10-09 22:55:40,089][agent.finetune.train_ppo_diffusion_agent][INFO] - approx_kl: 3.7252902043531655e-14, update_epoch: 4, num_batch: 4
[2026-10-09 22:55:42,361][agent.finetune.train_ppo_diffusion_agent][INFO] - approx_kl: 0.0, update_epoch: 4, num_batch: 4
[2026-10-09 22:55:42,381][agent.finetune.train_ppo_diffusion_agent][INFO] - 45: step  3280000 | loss   0.0063 | pg loss   0.0002 | value loss   0.0122 | bc loss   0.0000 | reward -1585.0065 | eta   1.0000 | t: 56.9488 | kl_true_per_action=1.3161566606413945e-10 | logratio_p99=0.0 | clamp_hit_frac=0.0
[2026-10-09 22:55:57,860][agent.finetune.train_ppo_diffusion_agent][INFO] - approx_kl: 0.0, update_epoch: 0, num_batch: 4
[2026-10-09 22:56:00,051][agent.finetune.train_ppo_diffusion_agent][INFO] - approx_kl: 5.960464326965065e-13, update_epoch: 0, num_batch: 4
[2026-10-09 22:56:02,216][agent.finetune.train_ppo_diffusion_agent][INFO] - approx_kl: 1.192092865393013e-12, update_epoch: 0, num_batch: 4
[2026-10-09 22:56:04,486][agent.finetune.train_ppo_diffusion_agent][INFO] - approx_kl: 2.9802321634825324e-13, update_epoch: 0, num_batch: 4
[2026-10-09 22:56:06,569][agent.finetune.train_ppo_diffusion_agent][INFO] - approx_kl: 0.0, update_epoch: 1, num_batch: 4
[2026-10-09 22:56:08,745][agent.finetune.train_ppo_diffusion_agent][INFO] - approx_kl: 0.0, update_epoch: 1, num_batch: 4
[2026-10-09 22:56:10,913][agent.finetune.train_ppo_diffusion_agent][INFO] - approx_kl: 5.960464326965065e-13, update_epoch: 1, num_batch: 4
[2026-10-09 22:56:13,198][agent.finetune.train_ppo_diffusion_agent][INFO] - approx_kl: -5.960464326965065e-13, update_epoch: 1, num_batch: 4
[2026-10-09 22:56:15,279][agent.finetune.train_ppo_diffusion_agent][INFO] - approx_kl: 8.940696490447597e-13, update_epoch: 2, num_batch: 4
[2026-10-09 22:56:17,457][agent.finetune.train_ppo_diffusion_agent][INFO] - approx_kl: 2.9802321634825324e-13, update_epoch: 2, num_batch: 4
[2026-10-09 22:56:19,624][agent.finetune.train_ppo_diffusion_agent][INFO] - approx_kl: 0.0, update_epoch: 2, num_batch: 4
[2026-10-09 22:56:21,924][agent.finetune.train_ppo_diffusion_agent][INFO] - approx_kl: 5.960464326965065e-13, update_epoch: 2, num_batch: 4
[2026-10-09 22:56:23,991][agent.finetune.train_ppo_diffusion_agent][INFO] - approx_kl: 0.0, update_epoch: 3, num_batch: 4
[2026-10-09 22:56:26,165][agent.finetune.train_ppo_diffusion_agent][INFO] - approx_kl: 1.192092865393013e-12, update_epoch: 3, num_batch: 4
[2026-10-09 22:56:28,333][agent.finetune.train_ppo_diffusion_agent][INFO] - approx_kl: 8.940696490447597e-13, update_epoch: 3, num_batch: 4
[2026-10-09 22:56:30,603][agent.finetune.train_ppo_diffusion_agent][INFO] - approx_kl: 0.0, update_epoch: 3, num_batch: 4
[2026-10-09 22:56:32,688][agent.finetune.train_ppo_diffusion_agent][INFO] - approx_kl: 8.940696490447597e-13, update_epoch: 4, num_batch: 4
[2026-10-09 22:56:34,867][agent.finetune.train_ppo_diffusion_agent][INFO] - approx_kl: 0.0, update_epoch: 4, num_batch: 4
[2026-10-09 22:56:37,040][agent.finetune.train_ppo_diffusion_agent][INFO] - approx_kl: 1.192092865393013e-12, update_epoch: 4, num_batch: 4
[2026-10-09 22:56:39,318][agent.finetune.train_ppo_diffusion_agent][INFO] - approx_kl: 0.0, update_epoch: 4, num_batch: 4
[2026-10-09 22:56:39,338][agent.finetune.train_ppo_diffusion_agent][INFO] - 46: step  3360000 | loss   0.0061 | pg loss  -0.0001 | value loss   0.0123 | bc loss   0.0000 | reward -1599.3204 | eta   1.0000 | t: 56.9570 | kl_true_per_action=0.0 | logratio_p99=0.0 | clamp_hit_frac=0.0
[2026-10-09 22:56:54,823][agent.finetune.train_ppo_diffusion_agent][INFO] - approx_kl: 0.0, update_epoch: 0, num_batch: 4
[2026-10-09 22:56:57,029][agent.finetune.train_ppo_diffusion_agent][INFO] - approx_kl: 9.52943765564207e-11, update_epoch: 0, num_batch: 4
[2026-10-09 22:56:59,308][agent.finetune.train_ppo_diffusion_agent][INFO] - approx_kl: 1.1638272290337426e-10, update_epoch: 0, num_batch: 4
[2026-10-09 22:57:01,403][agent.finetune.train_ppo_diffusion_agent][INFO] - approx_kl: 9.976793002852702e-11, update_epoch: 0, num_batch: 4
[2026-10-09 22:57:03,602][agent.finetune.train_ppo_diffusion_agent][INFO] - approx_kl: 1.2251082093239773e-10, update_epoch: 1, num_batch: 4
[2026-10-09 22:57:05,785][agent.finetune.train_ppo_diffusion_agent][INFO] - approx_kl: 1.651017378367925e-10, update_epoch: 1, num_batch: 4
[2026-10-09 22:57:08,063][agent.finetune.train_ppo_diffusion_agent][INFO] - approx_kl: 2.2490508067019022e-10, update_epoch: 1, num_batch: 4
[2026-10-09 22:57:10,154][agent.finetune.train_ppo_diffusion_agent][INFO] - approx_kl: 3.664148984228177e-10, update_epoch: 1, num_batch: 4
[2026-10-09 22:57:12,343][agent.finetune.train_ppo_diffusion_agent][INFO] - approx_kl: 6.736209368085611e-10, update_epoch: 2, num_batch: 4
[2026-10-09 22:57:14,535][agent.finetune.train_ppo_diffusion_agent][INFO] - approx_kl: 5.375128120377326e-10, update_epoch: 2, num_batch: 4
[2026-10-09 22:57:16,821][agent.finetune.train_ppo_diffusion_agent][INFO] - approx_kl: 8.948426444277402e-10, update_epoch: 2, num_batch: 4
[2026-10-09 22:57:18,912][agent.finetune.train_ppo_diffusion_agent][INFO] - approx_kl: 9.60274415540141e-10, update_epoch: 2, num_batch: 4
[2026-10-09 22:57:21,099][agent.finetune.train_ppo_diffusion_agent][INFO] - approx_kl: 1.353081313659743e-09, update_epoch: 3, num_batch: 4
[2026-10-09 22:57:23,289][agent.finetune.train_ppo_diffusion_agent][INFO] - approx_kl: 1.989115760991922e-09, update_epoch: 3, num_batch: 4
[2026-10-09 22:57:25,624][agent.finetune.train_ppo_diffusion_agent][INFO] - approx_kl: 2.1575063957612883e-09, update_epoch: 3, num_batch: 4
[2026-10-09 22:57:27,729][agent.finetune.train_ppo_diffusion_agent][INFO] - approx_kl: 2.632988493900257e-09, update_epoch: 3, num_batch: 4
[2026-10-09 22:57:29,925][agent.finetune.train_ppo_diffusion_agent][INFO] - approx_kl: 2.834341650270744e-09, update_epoch: 4, num_batch: 4
[2026-10-09 22:57:32,106][agent.finetune.train_ppo_diffusion_agent][INFO] - approx_kl: 3.940663351187368e-09, update_epoch: 4, num_batch: 4
[2026-10-09 22:57:34,408][agent.finetune.train_ppo_diffusion_agent][INFO] - approx_kl: 4.706131040421724e-09, update_epoch: 4, num_batch: 4
[2026-10-09 22:57:36,518][agent.finetune.train_ppo_diffusion_agent][INFO] - approx_kl: 4.693749389161894e-09, update_epoch: 4, num_batch: 4
[2026-10-09 22:57:36,536][agent.finetune.train_ppo_diffusion_agent][INFO] - 47: step  3440000 | loss   0.0062 | pg loss  -0.0000 | value loss   0.0124 | bc loss   0.0000 | reward -1609.5740 | eta   1.0000 | t: 57.1980 | kl_true_per_action=4.0459376171923363e-05 | logratio_p99=0.0 | clamp_hit_frac=0.0
[2026-10-09 22:57:51,326][agent.finetune.train_ppo_diffusion_agent][INFO] - approx_kl: 0.0, update_epoch: 0, num_batch: 4
[2026-10-09 22:57:53,521][agent.finetune.train_ppo_diffusion_agent][INFO] - approx_kl: 1.0807299499759893e-10, update_epoch: 0, num_batch: 4
[2026-10-09 22:57:55,842][agent.finetune.train_ppo_diffusion_agent][INFO] - approx_kl: 1.941760918722224e-10, update_epoch: 0, num_batch: 4
[2026-10-09 22:57:57,953][agent.finetune.train_ppo_diffusion_agent][INFO] - approx_kl: 3.8162337179237227e-10, update_epoch: 0, num_batch: 4
[2026-10-09 22:58:00,169][agent.finetune.train_ppo_diffusion_agent][INFO] - approx_kl: 7.414934222182978e-10, update_epoch: 1, num_batch: 4
[2026-10-09 22:58:02,400][agent.finetune.train_ppo_diffusion_agent][INFO] - approx_kl: 9.960959834742766e-10, update_epoch: 1, num_batch: 4
[2026-10-09 22:58:04,709][agent.finetune.train_ppo_diffusion_agent][INFO] - approx_kl: 1.2823566652997442e-09, update_epoch: 1, num_batch: 4
[2026-10-09 22:58:06,816][agent.finetune.train_ppo_diffusion_agent][INFO] - approx_kl: 2.2163753055082225e-09, update_epoch: 1, num_batch: 4
[2026-10-09 22:58:09,006][agent.finetune.train_ppo_diffusion_agent][INFO] - approx_kl: 3.091473965710634e-09, update_epoch: 2, num_batch: 4
[2026-10-09 22:58:11,197][agent.finetune.train_ppo_diffusion_agent][INFO] - approx_kl: 3.6091729604947886e-09, update_epoch: 2, num_batch: 4
[2026-10-09 22:58:13,492][agent.finetune.train_ppo_diffusion_agent][INFO] - approx_kl: 5.0469974866018674e-09, update_epoch: 2, num_batch: 4
[2026-10-09 22:58:15,597][agent.finetune.train_ppo_diffusion_agent][INFO] - approx_kl: 5.498439925588627e-09, update_epoch: 2, num_batch: 4
[2026-10-09 22:58:17,797][agent.finetune.train_ppo_diffusion_agent][INFO] - approx_kl: 8.265597095657995e-09, update_epoch: 3, num_batch: 4
[2026-10-09 22:58:19,998][agent.finetune.train_ppo_diffusion_agent][INFO] - approx_kl: 9.945128276456217e-09, update_epoch: 3, num_batch: 4
[2026-10-09 22:58:22,296][agent.finetune.train_ppo_diffusion_agent][INFO] - approx_kl: 1.2227431511746545e-08, update_epoch: 3, num_batch: 4
[2026-10-09 22:58:24,394][agent.finetune.train_ppo_diffusion_agent][INFO] - approx_kl: 1.6324184670679642e-08, update_epoch: 3, num_batch: 4
[2026-10-09 22:58:26,629][agent.finetune.train_ppo_diffusion_agent][INFO] - approx_kl: 1.7529551143979916e-08, update_epoch: 4, num_batch: 4
[2026-10-09 22:58:28,820][agent.finetune.train_ppo_diffusion_agent][INFO] - approx_kl: 2.4440609536213742e-08, update_epoch: 4, num_batch: 4
[2026-10-09 22:58:31,128][agent.finetune.train_ppo_diffusion_agent][INFO] - approx_kl: 2.223973716297678e-08, update_epoch: 4, num_batch: 4
[2026-10-09 22:58:33,230][agent.finetune.train_ppo_diffusion_agent][INFO] - approx_kl: 2.8271488261566446e-08, update_epoch: 4, num_batch: 4
[2026-10-09 22:58:33,248][agent.finetune.train_ppo_diffusion_agent][INFO] - 48: step  3520000 | loss   0.0060 | pg loss  -0.0000 | value loss   0.0120 | bc loss   0.0000 | reward -1579.0124 | eta   1.0000 | t: 56.7123 | kl_true_per_action=0.00017476638679220696 | logratio_p99=0.0 | clamp_hit_frac=0.0
[2026-10-09 22:58:48,025][agent.finetune.train_ppo_diffusion_agent][INFO] - approx_kl: 0.0, update_epoch: 0, num_batch: 4
[2026-10-09 22:58:50,204][agent.finetune.train_ppo_diffusion_agent][INFO] - approx_kl: 2.241460489438296e-11, update_epoch: 0, num_batch: 4
[2026-10-09 22:58:52,480][agent.finetune.train_ppo_diffusion_agent][INFO] - approx_kl: 3.07895237083855e-11, update_epoch: 0, num_batch: 4
[2026-10-09 22:58:54,568][agent.finetune.train_ppo_diffusion_agent][INFO] - approx_kl: 3.403052492578773e-11, update_epoch: 0, num_batch: 4
[2026-10-09 22:58:56,750][agent.finetune.train_ppo_diffusion_agent][INFO] - approx_kl: 5.2358953978037803e-11, update_epoch: 1, num_batch: 4
[2026-10-09 22:58:59,054][agent.finetune.train_ppo_diffusion_agent][INFO] - approx_kl: 8.883652841129575e-11, update_epoch: 1, num_batch: 4
[2026-10-09 22:59:01,149][agent.finetune.train_ppo_diffusion_agent][INFO] - approx_kl: 1.7886980785419837e-10, update_epoch: 1, num_batch: 4
[2026-10-09 22:59:03,331][agent.finetune.train_ppo_diffusion_agent][INFO] - approx_kl: 3.4775585189272817e-10, update_epoch: 1, num_batch: 4
[2026-10-09 22:59:05,510][agent.finetune.train_ppo_diffusion_agent][INFO] - approx_kl: 2.582371261272698e-10, update_epoch: 2, num_batch: 4
[2026-10-09 22:59:07,815][agent.finetune.train_ppo_diffusion_agent][INFO] - approx_kl: 5.8588339735266e-10, update_epoch: 2, num_batch: 4
[2026-10-09 22:59:09,913][agent.finetune.train_ppo_diffusion_agent][INFO] - approx_kl: 3.5283154176113385e-10, update_epoch: 2, num_batch: 4
[2026-10-09 22:59:12,102][agent.finetune.train_ppo_diffusion_agent][INFO] - approx_kl: 8.315220179078153e-10, update_epoch: 2, num_batch: 4
[2026-10-09 22:59:14,286][agent.finetune.train_ppo_diffusion_agent][INFO] - approx_kl: 7.072090690840582e-10, update_epoch: 3, num_batch: 4
[2026-10-09 22:59:16,580][agent.finetune.train_ppo_diffusion_agent][INFO] - approx_kl: 1.0179728171522129e-09, update_epoch: 3, num_batch: 4
[2026-10-09 22:59:18,671][agent.finetune.train_ppo_diffusion_agent][INFO] - approx_kl: 1.281397432606468e-09, update_epoch: 3, num_batch: 4
[2026-10-09 22:59:20,855][agent.finetune.train_ppo_diffusion_agent][INFO] - approx_kl: 1.2871191890084788e-09, update_epoch: 3, num_batch: 4
[2026-10-09 22:59:23,037][agent.finetune.train_ppo_diffusion_agent][INFO] - approx_kl: 1.2812204630563429e-09, update_epoch: 4, num_batch: 4
[2026-10-09 22:59:25,345][agent.finetune.train_ppo_diffusion_agent][INFO] - approx_kl: 1.804549176753767e-09, update_epoch: 4, num_batch: 4
[2026-10-09 22:59:27,482][agent.finetune.train_ppo_diffusion_agent][INFO] - approx_kl: 1.1791660980975394e-09, update_epoch: 4, num_batch: 4
[2026-10-09 22:59:29,679][agent.finetune.train_ppo_diffusion_agent][INFO] - approx_kl: 2.646259877892021e-09, update_epoch: 4, num_batch: 4
[2026-10-09 22:59:29,698][agent.finetune.train_ppo_diffusion_agent][INFO] - 49: step  3600000 | loss   0.0062 | pg loss  -0.0001 | value loss   0.0126 | bc loss   0.0000 | reward -1563.8301 | eta   1.0000 | t: 56.4498 | kl_true_per_action=1.3461499175552136e-05 | logratio_p99=0.0 | clamp_hit_frac=0.0
[2026-10-09 22:59:42,298][agent.finetune.train_ppo_diffusion_agent][INFO] - eval: success rate   0.0000 | avg episode reward -1559.0977 | avg best reward   0.4375
[2026-10-09 22:59:57,130][agent.finetune.train_ppo_diffusion_agent][INFO] - approx_kl: 0.0, update_epoch: 0, num_batch: 4
[2026-10-09 22:59:59,463][agent.finetune.train_ppo_diffusion_agent][INFO] - approx_kl: -5.960464326965065e-13, update_epoch: 0, num_batch: 4
[2026-10-09 23:00:01,573][agent.finetune.train_ppo_diffusion_agent][INFO] - approx_kl: 0.0, update_epoch: 0, num_batch: 4
[2026-10-09 23:00:03,756][agent.finetune.train_ppo_diffusion_agent][INFO] - approx_kl: 0.0, update_epoch: 0, num_batch: 4
[2026-10-09 23:00:05,951][agent.finetune.train_ppo_diffusion_agent][INFO] - approx_kl: 1.7881392980895194e-12, update_epoch: 1, num_batch: 4
[2026-10-09 23:00:08,251][agent.finetune.train_ppo_diffusion_agent][INFO] - approx_kl: 0.0, update_epoch: 1, num_batch: 4
[2026-10-09 23:00:10,351][agent.finetune.train_ppo_diffusion_agent][INFO] - approx_kl: 0.0, update_epoch: 1, num_batch: 4
[2026-10-09 23:00:12,539][agent.finetune.train_ppo_diffusion_agent][INFO] - approx_kl: 0.0, update_epoch: 1, num_batch: 4
[2026-10-09 23:00:14,723][agent.finetune.train_ppo_diffusion_agent][INFO] - approx_kl: 1.4901160817412662e-12, update_epoch: 2, num_batch: 4
[2026-10-09 23:00:17,005][agent.finetune.train_ppo_diffusion_agent][INFO] - approx_kl: 2.9802321634825324e-13, update_epoch: 2, num_batch: 4
[2026-10-09 23:00:19,111][agent.finetune.train_ppo_diffusion_agent][INFO] - approx_kl: 0.0, update_epoch: 2, num_batch: 4
[2026-10-09 23:00:21,301][agent.finetune.train_ppo_diffusion_agent][INFO] - approx_kl: 4.4703482452237986e-13, update_epoch: 2, num_batch: 4
[2026-10-09 23:00:23,498][agent.finetune.train_ppo_diffusion_agent][INFO] - approx_kl: 5.960464326965065e-13, update_epoch: 3, num_batch: 4
[2026-10-09 23:00:25,790][agent.finetune.train_ppo_diffusion_agent][INFO] - approx_kl: 0.0, update_epoch: 3, num_batch: 4
[2026-10-09 23:00:27,896][agent.finetune.train_ppo_diffusion_agent][INFO] - approx_kl: 1.6391276357052842e-12, update_epoch: 3, num_batch: 4
[2026-10-09 23:00:30,077][agent.finetune.train_ppo_diffusion_agent][INFO] - approx_kl: 1.192092865393013e-12, update_epoch: 3, num_batch: 4
[2026-10-09 23:00:32,269][agent.finetune.train_ppo_diffusion_agent][INFO] - approx_kl: 2.384185730786026e-12, update_epoch: 4, num_batch: 4
[2026-10-09 23:00:34,582][agent.finetune.train_ppo_diffusion_agent][INFO] - approx_kl: 5.960464326965065e-13, update_epoch: 4, num_batch: 4
[2026-10-09 23:00:36,677][agent.finetune.train_ppo_diffusion_agent][INFO] - approx_kl: 0.0, update_epoch: 4, num_batch: 4
[2026-10-09 23:00:38,876][agent.finetune.train_ppo_diffusion_agent][INFO] - approx_kl: 7.450580408706331e-13, update_epoch: 4, num_batch: 4
[2026-10-09 23:00:38,894][agent.finetune.train_ppo_diffusion_agent][INFO] - 51: step  3680000 | loss   0.0063 | pg loss  -0.0000 | value loss   0.0127 | bc loss   0.0000 | reward -1621.3750 | eta   1.0000 | t: 56.5959 | kl_true_per_action=0.0 | logratio_p99=0.0 | clamp_hit_frac=0.0
[2026-10-09 23:00:53,633][agent.finetune.train_ppo_diffusion_agent][INFO] - approx_kl: 0.0, update_epoch: 0, num_batch: 4
[2026-10-09 23:00:55,936][agent.finetune.train_ppo_diffusion_agent][INFO] - approx_kl: -4.0978190892632105e-13, update_epoch: 0, num_batch: 4
[2026-10-09 23:00:58,040][agent.finetune.train_ppo_diffusion_agent][INFO] - approx_kl: 0.0, update_epoch: 0, num_batch: 4
[2026-10-09 23:01:00,242][agent.finetune.train_ppo_diffusion_agent][INFO] - approx_kl: -1.4901160817412662e-12, update_epoch: 0, num_batch: 4
[2026-10-09 23:01:02,451][agent.finetune.train_ppo_diffusion_agent][INFO] - approx_kl: 5.960464326965065e-13, update_epoch: 1, num_batch: 4
[2026-10-09 23:01:04,767][agent.finetune.train_ppo_diffusion_agent][INFO] - approx_kl: 0.0, update_epoch: 1, num_batch: 4
[2026-10-09 23:01:06,884][agent.finetune.train_ppo_diffusion_agent][INFO] - approx_kl: 0.0, update_epoch: 1, num_batch: 4
[2026-10-09 23:01:09,097][agent.finetune.train_ppo_diffusion_agent][INFO] - approx_kl: 1.4901160817412662e-12, update_epoch: 1, num_batch: 4
[2026-10-09 23:01:11,296][agent.finetune.train_ppo_diffusion_agent][INFO] - approx_kl: 0.0, update_epoch: 2, num_batch: 4
[2026-10-09 23:01:13,607][agent.finetune.train_ppo_diffusion_agent][INFO] - approx_kl: 8.940696490447597e-13, update_epoch: 2, num_batch: 4
[2026-10-09 23:01:15,715][agent.finetune.train_ppo_diffusion_agent][INFO] - approx_kl: 0.0, update_epoch: 2, num_batch: 4
[2026-10-09 23:01:17,918][agent.finetune.train_ppo_diffusion_agent][INFO] - approx_kl: -4.0978190892632105e-13, update_epoch: 2, num_batch: 4
[2026-10-09 23:01:20,159][agent.finetune.train_ppo_diffusion_agent][INFO] - approx_kl: 0.0, update_epoch: 3, num_batch: 4
[2026-10-09 23:01:22,462][agent.finetune.train_ppo_diffusion_agent][INFO] - approx_kl: -5.960464326965065e-13, update_epoch: 3, num_batch: 4
[2026-10-09 23:01:24,563][agent.finetune.train_ppo_diffusion_agent][INFO] - approx_kl: -2.9802321634825324e-13, update_epoch: 3, num_batch: 4
[2026-10-09 23:01:26,758][agent.finetune.train_ppo_diffusion_agent][INFO] - approx_kl: 0.0, update_epoch: 3, num_batch: 4
[2026-10-09 23:01:28,954][agent.finetune.train_ppo_diffusion_agent][INFO] - approx_kl: -1.4901160817412662e-12, update_epoch: 4, num_batch: 4
[2026-10-09 23:01:31,265][agent.finetune.train_ppo_diffusion_agent][INFO] - approx_kl: 7.823109564666919e-13, update_epoch: 4, num_batch: 4
[2026-10-09 23:01:33,362][agent.finetune.train_ppo_diffusion_agent][INFO] - approx_kl: 0.0, update_epoch: 4, num_batch: 4
[2026-10-09 23:01:35,565][agent.finetune.train_ppo_diffusion_agent][INFO] - approx_kl: 0.0, update_epoch: 4, num_batch: 4
[2026-10-09 23:01:35,583][agent.finetune.train_ppo_diffusion_agent][INFO] - 52: step  3760000 | loss   0.0062 | pg loss  -0.0001 | value loss   0.0127 | bc loss   0.0000 | reward -1603.3804 | eta   1.0000 | t: 56.6888 | kl_true_per_action=0.0 | logratio_p99=0.0 | clamp_hit_frac=0.0
[2026-10-09 23:01:50,282][agent.finetune.train_ppo_diffusion_agent][INFO] - approx_kl: 0.0, update_epoch: 0, num_batch: 4
[2026-10-09 23:01:52,585][agent.finetune.train_ppo_diffusion_agent][INFO] - approx_kl: 0.0, update_epoch: 0, num_batch: 4
[2026-10-09 23:01:54,682][agent.finetune.train_ppo_diffusion_agent][INFO] - approx_kl: 0.0, update_epoch: 0, num_batch: 4
[2026-10-09 23:01:56,866][agent.finetune.train_ppo_diffusion_agent][INFO] - approx_kl: 0.0, update_epoch: 0, num_batch: 4
[2026-10-09 23:01:59,044][agent.finetune.train_ppo_diffusion_agent][INFO] - approx_kl: 0.0, update_epoch: 1, num_batch: 4
[2026-10-09 23:02:01,336][agent.finetune.train_ppo_diffusion_agent][INFO] - approx_kl: 1.192092865393013e-12, update_epoch: 1, num_batch: 4
[2026-10-09 23:02:03,433][agent.finetune.train_ppo_diffusion_agent][INFO] - approx_kl: 0.0, update_epoch: 1, num_batch: 4
[2026-10-09 23:02:05,616][agent.finetune.train_ppo_diffusion_agent][INFO] - approx_kl: 0.0, update_epoch: 1, num_batch: 4
[2026-10-09 23:02:07,804][agent.finetune.train_ppo_diffusion_agent][INFO] - approx_kl: 0.0, update_epoch: 2, num_batch: 4
[2026-10-09 23:02:10,087][agent.finetune.train_ppo_diffusion_agent][INFO] - approx_kl: 2.9802321634825324e-13, update_epoch: 2, num_batch: 4
[2026-10-09 23:02:12,176][agent.finetune.train_ppo_diffusion_agent][INFO] - approx_kl: 0.0, update_epoch: 2, num_batch: 4
[2026-10-09 23:02:14,366][agent.finetune.train_ppo_diffusion_agent][INFO] - approx_kl: 0.0, update_epoch: 2, num_batch: 4
[2026-10-09 23:02:16,554][agent.finetune.train_ppo_diffusion_agent][INFO] - approx_kl: 0.0, update_epoch: 3, num_batch: 4
[2026-10-09 23:02:18,842][agent.finetune.train_ppo_diffusion_agent][INFO] - approx_kl: 0.0, update_epoch: 3, num_batch: 4
[2026-10-09 23:02:20,963][agent.finetune.train_ppo_diffusion_agent][INFO] - approx_kl: 0.0, update_epoch: 3, num_batch: 4
[2026-10-09 23:02:23,141][agent.finetune.train_ppo_diffusion_agent][INFO] - approx_kl: 0.0, update_epoch: 3, num_batch: 4
[2026-10-09 23:02:25,327][agent.finetune.train_ppo_diffusion_agent][INFO] - approx_kl: 0.0, update_epoch: 4, num_batch: 4
[2026-10-09 23:02:27,607][agent.finetune.train_ppo_diffusion_agent][INFO] - approx_kl: -1.192092865393013e-12, update_epoch: 4, num_batch: 4
[2026-10-09 23:02:29,688][agent.finetune.train_ppo_diffusion_agent][INFO] - approx_kl: 0.0, update_epoch: 4, num_batch: 4
[2026-10-09 23:02:31,873][agent.finetune.train_ppo_diffusion_agent][INFO] - approx_kl: 0.0, update_epoch: 4, num_batch: 4
[2026-10-09 23:02:31,892][agent.finetune.train_ppo_diffusion_agent][INFO] - 53: step  3840000 | loss   0.0067 | pg loss   0.0001 | value loss   0.0132 | bc loss   0.0000 | reward -1624.3333 | eta   1.0000 | t: 56.3090 | kl_true_per_action=0.0 | logratio_p99=0.0 | clamp_hit_frac=0.0
[2026-10-09 23:02:46,829][agent.finetune.train_ppo_diffusion_agent][INFO] - approx_kl: 0.0, update_epoch: 0, num_batch: 4
[2026-10-09 23:02:48,931][agent.finetune.train_ppo_diffusion_agent][INFO] - approx_kl: -5.960464326965065e-13, update_epoch: 0, num_batch: 4
[2026-10-09 23:02:51,118][agent.finetune.train_ppo_diffusion_agent][INFO] - approx_kl: -1.192092865393013e-12, update_epoch: 0, num_batch: 4
[2026-10-09 23:02:53,307][agent.finetune.train_ppo_diffusion_agent][INFO] - approx_kl: 0.0, update_epoch: 0, num_batch: 4
[2026-10-09 23:02:55,606][agent.finetune.train_ppo_diffusion_agent][INFO] - approx_kl: 0.0, update_epoch: 1, num_batch: 4
[2026-10-09 23:02:57,699][agent.finetune.train_ppo_diffusion_agent][INFO] - approx_kl: -2.9802321634825324e-13, update_epoch: 1, num_batch: 4
[2026-10-09 23:02:59,887][agent.finetune.train_ppo_diffusion_agent][INFO] - approx_kl: 1.192092865393013e-12, update_epoch: 1, num_batch: 4
[2026-10-09 23:03:02,084][agent.finetune.train_ppo_diffusion_agent][INFO] - approx_kl: 0.0, update_epoch: 1, num_batch: 4
[2026-10-09 23:03:04,363][agent.finetune.train_ppo_diffusion_agent][INFO] - approx_kl: 1.192092865393013e-12, update_epoch: 2, num_batch: 4
[2026-10-09 23:03:06,449][agent.finetune.train_ppo_diffusion_agent][INFO] - approx_kl: 0.0, update_epoch: 2, num_batch: 4
[2026-10-09 23:03:08,631][agent.finetune.train_ppo_diffusion_agent][INFO] - approx_kl: 0.0, update_epoch: 2, num_batch: 4
[2026-10-09 23:03:10,811][agent.finetune.train_ppo_diffusion_agent][INFO] - approx_kl: 0.0, update_epoch: 2, num_batch: 4
[2026-10-09 23:03:13,147][agent.finetune.train_ppo_diffusion_agent][INFO] - approx_kl: 1.4901160817412662e-12, update_epoch: 3, num_batch: 4
[2026-10-09 23:03:15,243][agent.finetune.train_ppo_diffusion_agent][INFO] - approx_kl: 0.0, update_epoch: 3, num_batch: 4
[2026-10-09 23:03:17,437][agent.finetune.train_ppo_diffusion_agent][INFO] - approx_kl: 0.0, update_epoch: 3, num_batch: 4
[2026-10-09 23:03:19,622][agent.finetune.train_ppo_diffusion_agent][INFO] - approx_kl: 0.0, update_epoch: 3, num_batch: 4
[2026-10-09 23:03:21,927][agent.finetune.train_ppo_diffusion_agent][INFO] - approx_kl: 0.0, update_epoch: 4, num_batch: 4
[2026-10-09 23:03:24,031][agent.finetune.train_ppo_diffusion_agent][INFO] - approx_kl: 0.0, update_epoch: 4, num_batch: 4
[2026-10-09 23:03:26,215][agent.finetune.train_ppo_diffusion_agent][INFO] - approx_kl: 0.0, update_epoch: 4, num_batch: 4
[2026-10-09 23:03:28,406][agent.finetune.train_ppo_diffusion_agent][INFO] - approx_kl: 8.940696490447597e-13, update_epoch: 4, num_batch: 4
[2026-10-09 23:03:28,424][agent.finetune.train_ppo_diffusion_agent][INFO] - 54: step  3920000 | loss   0.0068 | pg loss   0.0000 | value loss   0.0135 | bc loss   0.0000 | reward -1631.6999 | eta   1.0000 | t: 56.5321 | kl_true_per_action=1.9454602899047387e-14 | logratio_p99=0.0 | clamp_hit_frac=0.0
[2026-10-09 23:03:44,192][agent.finetune.train_ppo_diffusion_agent][INFO] - approx_kl: 0.0, update_epoch: 0, num_batch: 4
[2026-10-09 23:03:46,272][agent.finetune.train_ppo_diffusion_agent][INFO] - approx_kl: 0.0, update_epoch: 0, num_batch: 4
[2026-10-09 23:03:48,447][agent.finetune.train_ppo_diffusion_agent][INFO] - approx_kl: -5.960464326965065e-13, update_epoch: 0, num_batch: 4
[2026-10-09 23:03:50,618][agent.finetune.train_ppo_diffusion_agent][INFO] - approx_kl: 0.0, update_epoch: 0, num_batch: 4
[2026-10-09 23:03:52,896][agent.finetune.train_ppo_diffusion_agent][INFO] - approx_kl: 0.0, update_epoch: 1, num_batch: 4
[2026-10-09 23:03:54,974][agent.finetune.train_ppo_diffusion_agent][INFO] - approx_kl: 0.0, update_epoch: 1, num_batch: 4
[2026-10-09 23:03:57,161][agent.finetune.train_ppo_diffusion_agent][INFO] - approx_kl: -5.960464326965065e-13, update_epoch: 1, num_batch: 4
[2026-10-09 23:03:59,334][agent.finetune.train_ppo_diffusion_agent][INFO] - approx_kl: 5.960464326965065e-13, update_epoch: 1, num_batch: 4
[2026-10-09 23:04:01,602][agent.finetune.train_ppo_diffusion_agent][INFO] - approx_kl: 5.960464326965065e-13, update_epoch: 2, num_batch: 4
[2026-10-09 23:04:03,687][agent.finetune.train_ppo_diffusion_agent][INFO] - approx_kl: 0.0, update_epoch: 2, num_batch: 4
[2026-10-09 23:04:05,859][agent.finetune.train_ppo_diffusion_agent][INFO] - approx_kl: 0.0, update_epoch: 2, num_batch: 4
[2026-10-09 23:04:08,031][agent.finetune.train_ppo_diffusion_agent][INFO] - approx_kl: 5.960464326965065e-13, update_epoch: 2, num_batch: 4
[2026-10-09 23:04:10,294][agent.finetune.train_ppo_diffusion_agent][INFO] - approx_kl: -1.192092865393013e-12, update_epoch: 3, num_batch: 4
[2026-10-09 23:04:12,368][agent.finetune.train_ppo_diffusion_agent][INFO] - approx_kl: 0.0, update_epoch: 3, num_batch: 4
[2026-10-09 23:04:14,586][agent.finetune.train_ppo_diffusion_agent][INFO] - approx_kl: 0.0, update_epoch: 3, num_batch: 4
[2026-10-09 23:04:16,766][agent.finetune.train_ppo_diffusion_agent][INFO] - approx_kl: 0.0, update_epoch: 3, num_batch: 4
[2026-10-09 23:04:19,048][agent.finetune.train_ppo_diffusion_agent][INFO] - approx_kl: 0.0, update_epoch: 4, num_batch: 4
[2026-10-09 23:04:21,136][agent.finetune.train_ppo_diffusion_agent][INFO] - approx_kl: 5.960464326965065e-13, update_epoch: 4, num_batch: 4
[2026-10-09 23:04:23,313][agent.finetune.train_ppo_diffusion_agent][INFO] - approx_kl: 0.0, update_epoch: 4, num_batch: 4
[2026-10-09 23:04:25,484][agent.finetune.train_ppo_diffusion_agent][INFO] - approx_kl: 0.0, update_epoch: 4, num_batch: 4
[2026-10-09 23:04:25,504][agent.finetune.train_ppo_diffusion_agent][INFO] - 55: step  4000000 | loss   0.0068 | pg loss  -0.0001 | value loss   0.0138 | bc loss   0.0000 | reward -1602.6094 | eta   1.0000 | t: 57.0807 | kl_true_per_action=2.063431871318611e-13 | logratio_p99=0.0 | clamp_hit_frac=0.0
[2026-10-09 23:04:41,326][agent.finetune.train_ppo_diffusion_agent][INFO] - approx_kl: 0.0, update_epoch: 0, num_batch: 4
[2026-10-09 23:04:43,408][agent.finetune.train_ppo_diffusion_agent][INFO] - approx_kl: -5.960464326965065e-13, update_epoch: 0, num_batch: 4
[2026-10-09 23:04:45,581][agent.finetune.train_ppo_diffusion_agent][INFO] - approx_kl: 0.0, update_epoch: 0, num_batch: 4
[2026-10-09 23:04:47,892][agent.finetune.train_ppo_diffusion_agent][INFO] - approx_kl: 0.0, update_epoch: 0, num_batch: 4
[2026-10-09 23:04:50,001][agent.finetune.train_ppo_diffusion_agent][INFO] - approx_kl: 0.0, update_epoch: 1, num_batch: 4
[2026-10-09 23:04:52,202][agent.finetune.train_ppo_diffusion_agent][INFO] - approx_kl: -8.940696490447597e-13, update_epoch: 1, num_batch: 4
[2026-10-09 23:04:54,398][agent.finetune.train_ppo_diffusion_agent][INFO] - approx_kl: 5.960464326965065e-13, update_epoch: 1, num_batch: 4
[2026-10-09 23:04:56,709][agent.finetune.train_ppo_diffusion_agent][INFO] - approx_kl: 8.940696490447597e-13, update_epoch: 1, num_batch: 4
[2026-10-09 23:04:58,785][agent.finetune.train_ppo_diffusion_agent][INFO] - approx_kl: 0.0, update_epoch: 2, num_batch: 4
[2026-10-09 23:05:00,950][agent.finetune.train_ppo_diffusion_agent][INFO] - approx_kl: 5.960464326965065e-13, update_epoch: 2, num_batch: 4
[2026-10-09 23:05:03,122][agent.finetune.train_ppo_diffusion_agent][INFO] - approx_kl: -1.7881392980895194e-12, update_epoch: 2, num_batch: 4
[2026-10-09 23:05:05,400][agent.finetune.train_ppo_diffusion_agent][INFO] - approx_kl: 0.0, update_epoch: 2, num_batch: 4
[2026-10-09 23:05:07,512][agent.finetune.train_ppo_diffusion_agent][INFO] - approx_kl: 1.7881392980895194e-12, update_epoch: 3, num_batch: 4
[2026-10-09 23:05:09,705][agent.finetune.train_ppo_diffusion_agent][INFO] - approx_kl: 2.9802321634825324e-13, update_epoch: 3, num_batch: 4
[2026-10-09 23:05:11,881][agent.finetune.train_ppo_diffusion_agent][INFO] - approx_kl: -2.9802321634825324e-13, update_epoch: 3, num_batch: 4
[2026-10-09 23:05:14,161][agent.finetune.train_ppo_diffusion_agent][INFO] - approx_kl: 0.0, update_epoch: 3, num_batch: 4
[2026-10-09 23:05:16,247][agent.finetune.train_ppo_diffusion_agent][INFO] - approx_kl: 0.0, update_epoch: 4, num_batch: 4
[2026-10-09 23:05:18,431][agent.finetune.train_ppo_diffusion_agent][INFO] - approx_kl: 0.0, update_epoch: 4, num_batch: 4
[2026-10-09 23:05:20,617][agent.finetune.train_ppo_diffusion_agent][INFO] - approx_kl: 0.0, update_epoch: 4, num_batch: 4
[2026-10-09 23:05:22,904][agent.finetune.train_ppo_diffusion_agent][INFO] - approx_kl: -5.960464326965065e-13, update_epoch: 4, num_batch: 4
[2026-10-09 23:05:22,925][agent.finetune.train_ppo_diffusion_agent][INFO] - 56: step  4080000 | loss   0.0070 | pg loss   0.0000 | value loss   0.0140 | bc loss   0.0000 | reward -1602.0775 | eta   1.0000 | t: 57.4201 | kl_true_per_action=0.0 | logratio_p99=0.0 | clamp_hit_frac=0.0
[2026-10-09 23:05:38,511][agent.finetune.train_ppo_diffusion_agent][INFO] - approx_kl: 0.0, update_epoch: 0, num_batch: 4
[2026-10-09 23:05:40,710][agent.finetune.train_ppo_diffusion_agent][INFO] - approx_kl: 0.0, update_epoch: 0, num_batch: 4
[2026-10-09 23:05:42,881][agent.finetune.train_ppo_diffusion_agent][INFO] - approx_kl: 0.0, update_epoch: 0, num_batch: 4
[2026-10-09 23:05:45,155][agent.finetune.train_ppo_diffusion_agent][INFO] - approx_kl: 0.0, update_epoch: 0, num_batch: 4
[2026-10-09 23:05:47,241][agent.finetune.train_ppo_diffusion_agent][INFO] - approx_kl: 0.0, update_epoch: 1, num_batch: 4
[2026-10-09 23:05:49,422][agent.finetune.train_ppo_diffusion_agent][INFO] - approx_kl: 0.0, update_epoch: 1, num_batch: 4
[2026-10-09 23:05:51,593][agent.finetune.train_ppo_diffusion_agent][INFO] - approx_kl: 0.0, update_epoch: 1, num_batch: 4
[2026-10-09 23:05:53,867][agent.finetune.train_ppo_diffusion_agent][INFO] - approx_kl: 0.0, update_epoch: 1, num_batch: 4
[2026-10-09 23:05:55,944][agent.finetune.train_ppo_diffusion_agent][INFO] - approx_kl: 0.0, update_epoch: 2, num_batch: 4
[2026-10-09 23:05:58,120][agent.finetune.train_ppo_diffusion_agent][INFO] - approx_kl: 0.0, update_epoch: 2, num_batch: 4
[2026-10-09 23:06:00,288][agent.finetune.train_ppo_diffusion_agent][INFO] - approx_kl: 0.0, update_epoch: 2, num_batch: 4
[2026-10-09 23:06:02,560][agent.finetune.train_ppo_diffusion_agent][INFO] - approx_kl: 0.0, update_epoch: 2, num_batch: 4
[2026-10-09 23:06:04,648][agent.finetune.train_ppo_diffusion_agent][INFO] - approx_kl: 0.0, update_epoch: 3, num_batch: 4
[2026-10-09 23:06:06,818][agent.finetune.train_ppo_diffusion_agent][INFO] - approx_kl: 0.0, update_epoch: 3, num_batch: 4
[2026-10-09 23:06:09,039][agent.finetune.train_ppo_diffusion_agent][INFO] - approx_kl: 0.0, update_epoch: 3, num_batch: 4
[2026-10-09 23:06:11,323][agent.finetune.train_ppo_diffusion_agent][INFO] - approx_kl: 0.0, update_epoch: 3, num_batch: 4
[2026-10-09 23:06:13,417][agent.finetune.train_ppo_diffusion_agent][INFO] - approx_kl: 0.0, update_epoch: 4, num_batch: 4
[2026-10-09 23:06:15,594][agent.finetune.train_ppo_diffusion_agent][INFO] - approx_kl: 0.0, update_epoch: 4, num_batch: 4
[2026-10-09 23:06:17,777][agent.finetune.train_ppo_diffusion_agent][INFO] - approx_kl: 0.0, update_epoch: 4, num_batch: 4
[2026-10-09 23:06:20,053][agent.finetune.train_ppo_diffusion_agent][INFO] - approx_kl: 0.0, update_epoch: 4, num_batch: 4
[2026-10-09 23:06:20,073][agent.finetune.train_ppo_diffusion_agent][INFO] - 57: step  4160000 | loss   0.0069 | pg loss  -0.0002 | value loss   0.0143 | bc loss   0.0000 | reward -1621.9403 | eta   1.0000 | t: 57.1485 | kl_true_per_action=0.0 | logratio_p99=0.0 | clamp_hit_frac=0.0
[2026-10-09 23:06:35,037][agent.finetune.train_ppo_diffusion_agent][INFO] - approx_kl: 0.0, update_epoch: 0, num_batch: 4
[2026-10-09 23:06:37,235][agent.finetune.train_ppo_diffusion_agent][INFO] - approx_kl: 0.0, update_epoch: 0, num_batch: 4
[2026-10-09 23:06:39,424][agent.finetune.train_ppo_diffusion_agent][INFO] - approx_kl: 0.0, update_epoch: 0, num_batch: 4
[2026-10-09 23:06:41,711][agent.finetune.train_ppo_diffusion_agent][INFO] - approx_kl: 0.0, update_epoch: 0, num_batch: 4
[2026-10-09 23:06:43,799][agent.finetune.train_ppo_diffusion_agent][INFO] - approx_kl: 0.0, update_epoch: 1, num_batch: 4
[2026-10-09 23:06:45,997][agent.finetune.train_ppo_diffusion_agent][INFO] - approx_kl: 0.0, update_epoch: 1, num_batch: 4
[2026-10-09 23:06:48,182][agent.finetune.train_ppo_diffusion_agent][INFO] - approx_kl: 0.0, update_epoch: 1, num_batch: 4
[2026-10-09 23:06:50,494][agent.finetune.train_ppo_diffusion_agent][INFO] - approx_kl: 5.960464326965065e-13, update_epoch: 1, num_batch: 4
[2026-10-09 23:06:52,585][agent.finetune.train_ppo_diffusion_agent][INFO] - approx_kl: 0.0, update_epoch: 2, num_batch: 4
[2026-10-09 23:06:54,783][agent.finetune.train_ppo_diffusion_agent][INFO] - approx_kl: 0.0, update_epoch: 2, num_batch: 4
[2026-10-09 23:06:56,985][agent.finetune.train_ppo_diffusion_agent][INFO] - approx_kl: 0.0, update_epoch: 2, num_batch: 4
[2026-10-09 23:06:59,289][agent.finetune.train_ppo_diffusion_agent][INFO] - approx_kl: 0.0, update_epoch: 2, num_batch: 4
[2026-10-09 23:07:01,415][agent.finetune.train_ppo_diffusion_agent][INFO] - approx_kl: 0.0, update_epoch: 3, num_batch: 4
[2026-10-09 23:07:03,614][agent.finetune.train_ppo_diffusion_agent][INFO] - approx_kl: -5.960464326965065e-13, update_epoch: 3, num_batch: 4
[2026-10-09 23:07:05,821][agent.finetune.train_ppo_diffusion_agent][INFO] - approx_kl: 0.0, update_epoch: 3, num_batch: 4
[2026-10-09 23:07:08,120][agent.finetune.train_ppo_diffusion_agent][INFO] - approx_kl: 0.0, update_epoch: 3, num_batch: 4
[2026-10-09 23:07:10,224][agent.finetune.train_ppo_diffusion_agent][INFO] - approx_kl: 0.0, update_epoch: 4, num_batch: 4
[2026-10-09 23:07:12,429][agent.finetune.train_ppo_diffusion_agent][INFO] - approx_kl: 0.0, update_epoch: 4, num_batch: 4
[2026-10-09 23:07:14,618][agent.finetune.train_ppo_diffusion_agent][INFO] - approx_kl: 0.0, update_epoch: 4, num_batch: 4
[2026-10-09 23:07:16,924][agent.finetune.train_ppo_diffusion_agent][INFO] - approx_kl: 0.0, update_epoch: 4, num_batch: 4
[2026-10-09 23:07:16,943][agent.finetune.train_ppo_diffusion_agent][INFO] - 58: step  4240000 | loss   0.0073 | pg loss   0.0001 | value loss   0.0144 | bc loss   0.0000 | reward -1653.8014 | eta   1.0000 | t: 56.8705 | kl_true_per_action=0.0 | logratio_p99=0.0 | clamp_hit_frac=0.0
[2026-10-09 23:07:31,589][agent.finetune.train_ppo_diffusion_agent][INFO] - approx_kl: 0.0, update_epoch: 0, num_batch: 4
[2026-10-09 23:07:33,798][agent.finetune.train_ppo_diffusion_agent][INFO] - approx_kl: 0.0, update_epoch: 0, num_batch: 4
[2026-10-09 23:07:35,992][agent.finetune.train_ppo_diffusion_agent][INFO] - approx_kl: 0.0, update_epoch: 0, num_batch: 4
[2026-10-09 23:07:38,291][agent.finetune.train_ppo_diffusion_agent][INFO] - approx_kl: 0.0, update_epoch: 0, num_batch: 4
[2026-10-09 23:07:40,387][agent.finetune.train_ppo_diffusion_agent][INFO] - approx_kl: 0.0, update_epoch: 1, num_batch: 4
[2026-10-09 23:07:42,570][agent.finetune.train_ppo_diffusion_agent][INFO] - approx_kl: 0.0, update_epoch: 1, num_batch: 4
[2026-10-09 23:07:44,752][agent.finetune.train_ppo_diffusion_agent][INFO] - approx_kl: 0.0, update_epoch: 1, num_batch: 4
[2026-10-09 23:07:47,039][agent.finetune.train_ppo_diffusion_agent][INFO] - approx_kl: 0.0, update_epoch: 1, num_batch: 4
[2026-10-09 23:07:49,138][agent.finetune.train_ppo_diffusion_agent][INFO] - approx_kl: 0.0, update_epoch: 2, num_batch: 4
[2026-10-09 23:07:51,330][agent.finetune.train_ppo_diffusion_agent][INFO] - approx_kl: 0.0, update_epoch: 2, num_batch: 4
[2026-10-09 23:07:53,526][agent.finetune.train_ppo_diffusion_agent][INFO] - approx_kl: 0.0, update_epoch: 2, num_batch: 4
[2026-10-09 23:07:55,812][agent.finetune.train_ppo_diffusion_agent][INFO] - approx_kl: 0.0, update_epoch: 2, num_batch: 4
[2026-10-09 23:07:57,893][agent.finetune.train_ppo_diffusion_agent][INFO] - approx_kl: 0.0, update_epoch: 3, num_batch: 4
[2026-10-09 23:08:00,080][agent.finetune.train_ppo_diffusion_agent][INFO] - approx_kl: 0.0, update_epoch: 3, num_batch: 4
[2026-10-09 23:08:02,311][agent.finetune.train_ppo_diffusion_agent][INFO] - approx_kl: 0.0, update_epoch: 3, num_batch: 4
[2026-10-09 23:08:04,605][agent.finetune.train_ppo_diffusion_agent][INFO] - approx_kl: -1.192092865393013e-12, update_epoch: 3, num_batch: 4
[2026-10-09 23:08:06,717][agent.finetune.train_ppo_diffusion_agent][INFO] - approx_kl: 0.0, update_epoch: 4, num_batch: 4
[2026-10-09 23:08:08,908][agent.finetune.train_ppo_diffusion_agent][INFO] - approx_kl: -5.960464326965065e-13, update_epoch: 4, num_batch: 4
[2026-10-09 23:08:11,108][agent.finetune.train_ppo_diffusion_agent][INFO] - approx_kl: 0.0, update_epoch: 4, num_batch: 4
[2026-10-09 23:08:13,399][agent.finetune.train_ppo_diffusion_agent][INFO] - approx_kl: 0.0, update_epoch: 4, num_batch: 4
[2026-10-09 23:08:13,418][agent.finetune.train_ppo_diffusion_agent][INFO] - 59: step  4320000 | loss   0.0071 | pg loss  -0.0000 | value loss   0.0142 | bc loss   0.0000 | reward -1560.8666 | eta   1.0000 | t: 56.4741 | kl_true_per_action=0.0 | logratio_p99=0.0 | clamp_hit_frac=0.0
[2026-10-09 23:08:25,937][agent.finetune.train_ppo_diffusion_agent][INFO] - eval: success rate   0.0000 | avg episode reward -1574.8524 | avg best reward   0.4338
[2026-10-09 23:08:40,564][agent.finetune.train_ppo_diffusion_agent][INFO] - approx_kl: 0.0, update_epoch: 0, num_batch: 4
[2026-10-09 23:08:42,755][agent.finetune.train_ppo_diffusion_agent][INFO] - approx_kl: -5.215406015043889e-13, update_epoch: 0, num_batch: 4
[2026-10-09 23:08:45,076][agent.finetune.train_ppo_diffusion_agent][INFO] - approx_kl: 0.0, update_epoch: 0, num_batch: 4
[2026-10-09 23:08:47,189][agent.finetune.train_ppo_diffusion_agent][INFO] - approx_kl: 0.0, update_epoch: 0, num_batch: 4
[2026-10-09 23:08:49,401][agent.finetune.train_ppo_diffusion_agent][INFO] - approx_kl: 0.0, update_epoch: 1, num_batch: 4
[2026-10-09 23:08:51,622][agent.finetune.train_ppo_diffusion_agent][INFO] - approx_kl: 0.0, update_epoch: 1, num_batch: 4
[2026-10-09 23:08:53,979][agent.finetune.train_ppo_diffusion_agent][INFO] - approx_kl: 0.0, update_epoch: 1, num_batch: 4
[2026-10-09 23:08:56,106][agent.finetune.train_ppo_diffusion_agent][INFO] - approx_kl: 2.9802321634825324e-13, update_epoch: 1, num_batch: 4
[2026-10-09 23:08:58,323][agent.finetune.train_ppo_diffusion_agent][INFO] - approx_kl: 0.0, update_epoch: 2, num_batch: 4
[2026-10-09 23:09:00,539][agent.finetune.train_ppo_diffusion_agent][INFO] - approx_kl: 0.0, update_epoch: 2, num_batch: 4
[2026-10-09 23:09:02,887][agent.finetune.train_ppo_diffusion_agent][INFO] - approx_kl: 0.0, update_epoch: 2, num_batch: 4
[2026-10-09 23:09:05,015][agent.finetune.train_ppo_diffusion_agent][INFO] - approx_kl: 0.0, update_epoch: 2, num_batch: 4
[2026-10-09 23:09:07,233][agent.finetune.train_ppo_diffusion_agent][INFO] - approx_kl: 0.0, update_epoch: 3, num_batch: 4
[2026-10-09 23:09:09,435][agent.finetune.train_ppo_diffusion_agent][INFO] - approx_kl: -5.215406015043889e-13, update_epoch: 3, num_batch: 4
[2026-10-09 23:09:11,775][agent.finetune.train_ppo_diffusion_agent][INFO] - approx_kl: 0.0, update_epoch: 3, num_batch: 4
[2026-10-09 23:09:13,893][agent.finetune.train_ppo_diffusion_agent][INFO] - approx_kl: 0.0, update_epoch: 3, num_batch: 4
[2026-10-09 23:09:16,109][agent.finetune.train_ppo_diffusion_agent][INFO] - approx_kl: 0.0, update_epoch: 4, num_batch: 4
[2026-10-09 23:09:18,304][agent.finetune.train_ppo_diffusion_agent][INFO] - approx_kl: 0.0, update_epoch: 4, num_batch: 4
[2026-10-09 23:09:20,600][agent.finetune.train_ppo_diffusion_agent][INFO] - approx_kl: 7.450580408706331e-13, update_epoch: 4, num_batch: 4
[2026-10-09 23:09:22,734][agent.finetune.train_ppo_diffusion_agent][INFO] - approx_kl: 0.0, update_epoch: 4, num_batch: 4
[2026-10-09 23:09:22,753][agent.finetune.train_ppo_diffusion_agent][INFO] - 61: step  4400000 | loss   0.0072 | pg loss   0.0001 | value loss   0.0142 | bc loss   0.0000 | reward -1652.6285 | eta   1.0000 | t: 56.8168 | kl_true_per_action=0.0 | logratio_p99=0.0 | clamp_hit_frac=0.0
[2026-10-09 23:09:37,500][agent.finetune.train_ppo_diffusion_agent][INFO] - approx_kl: 0.0, update_epoch: 0, num_batch: 4
[2026-10-09 23:09:39,661][agent.finetune.train_ppo_diffusion_agent][INFO] - approx_kl: 0.0, update_epoch: 0, num_batch: 4
[2026-10-09 23:09:41,931][agent.finetune.train_ppo_diffusion_agent][INFO] - approx_kl: 0.0, update_epoch: 0, num_batch: 4
[2026-10-09 23:09:44,001][agent.finetune.train_ppo_diffusion_agent][INFO] - approx_kl: 0.0, update_epoch: 0, num_batch: 4
[2026-10-09 23:09:46,159][agent.finetune.train_ppo_diffusion_agent][INFO] - approx_kl: 0.0, update_epoch: 1, num_batch: 4
[2026-10-09 23:09:48,323][agent.finetune.train_ppo_diffusion_agent][INFO] - approx_kl: 0.0, update_epoch: 1, num_batch: 4
[2026-10-09 23:09:50,584][agent.finetune.train_ppo_diffusion_agent][INFO] - approx_kl: 0.0, update_epoch: 1, num_batch: 4
[2026-10-09 23:09:52,658][agent.finetune.train_ppo_diffusion_agent][INFO] - approx_kl: 5.960464326965065e-13, update_epoch: 1, num_batch: 4
[2026-10-09 23:09:54,859][agent.finetune.train_ppo_diffusion_agent][INFO] - approx_kl: 0.0, update_epoch: 2, num_batch: 4
[2026-10-09 23:09:57,020][agent.finetune.train_ppo_diffusion_agent][INFO] - approx_kl: 0.0, update_epoch: 2, num_batch: 4
[2026-10-09 23:09:59,289][agent.finetune.train_ppo_diffusion_agent][INFO] - approx_kl: 0.0, update_epoch: 2, num_batch: 4
[2026-10-09 23:10:01,362][agent.finetune.train_ppo_diffusion_agent][INFO] - approx_kl: 1.192092865393013e-12, update_epoch: 2, num_batch: 4
[2026-10-09 23:10:03,533][agent.finetune.train_ppo_diffusion_agent][INFO] - approx_kl: 0.0, update_epoch: 3, num_batch: 4
[2026-10-09 23:10:05,701][agent.finetune.train_ppo_diffusion_agent][INFO] - approx_kl: 0.0, update_epoch: 3, num_batch: 4
[2026-10-09 23:10:07,978][agent.finetune.train_ppo_diffusion_agent][INFO] - approx_kl: -5.960464326965065e-13, update_epoch: 3, num_batch: 4
[2026-10-09 23:10:10,078][agent.finetune.train_ppo_diffusion_agent][INFO] - approx_kl: 0.0, update_epoch: 3, num_batch: 4
[2026-10-09 23:10:12,256][agent.finetune.train_ppo_diffusion_agent][INFO] - approx_kl: 0.0, update_epoch: 4, num_batch: 4
[2026-10-09 23:10:14,433][agent.finetune.train_ppo_diffusion_agent][INFO] - approx_kl: -1.192092865393013e-12, update_epoch: 4, num_batch: 4
[2026-10-09 23:10:16,730][agent.finetune.train_ppo_diffusion_agent][INFO] - approx_kl: 0.0, update_epoch: 4, num_batch: 4
[2026-10-09 23:10:18,805][agent.finetune.train_ppo_diffusion_agent][INFO] - approx_kl: 0.0, update_epoch: 4, num_batch: 4
[2026-10-09 23:10:18,825][agent.finetune.train_ppo_diffusion_agent][INFO] - 62: step  4480000 | loss   0.0069 | pg loss  -0.0001 | value loss   0.0140 | bc loss   0.0000 | reward -1612.0155 | eta   1.0000 | t: 56.0713 | kl_true_per_action=4.6437967260296904e-10 | logratio_p99=0.0 | clamp_hit_frac=0.0
[2026-10-09 23:10:33,669][agent.finetune.train_ppo_diffusion_agent][INFO] - approx_kl: 0.0, update_epoch: 0, num_batch: 4
[2026-10-09 23:10:35,890][agent.finetune.train_ppo_diffusion_agent][INFO] - approx_kl: 2.341344826350955e-11, update_epoch: 0, num_batch: 4
[2026-10-09 23:10:38,218][agent.finetune.train_ppo_diffusion_agent][INFO] - approx_kl: 2.4475156276682064e-11, update_epoch: 0, num_batch: 4
[2026-10-09 23:10:40,345][agent.finetune.train_ppo_diffusion_agent][INFO] - approx_kl: 1.3411044844091613e-11, update_epoch: 0, num_batch: 4
[2026-10-09 23:10:42,548][agent.finetune.train_ppo_diffusion_agent][INFO] - approx_kl: 1.2483447608957476e-10, update_epoch: 1, num_batch: 4
[2026-10-09 23:10:44,873][agent.finetune.train_ppo_diffusion_agent][INFO] - approx_kl: 1.287832757101981e-10, update_epoch: 1, num_batch: 4
[2026-10-09 23:10:46,990][agent.finetune.train_ppo_diffusion_agent][INFO] - approx_kl: 2.575665514203962e-10, update_epoch: 1, num_batch: 4
[2026-10-09 23:10:49,197][agent.finetune.train_ppo_diffusion_agent][INFO] - approx_kl: 2.838298485130508e-10, update_epoch: 1, num_batch: 4
[2026-10-09 23:10:51,410][agent.finetune.train_ppo_diffusion_agent][INFO] - approx_kl: 2.819672273446372e-10, update_epoch: 2, num_batch: 4
[2026-10-09 23:10:53,729][agent.finetune.train_ppo_diffusion_agent][INFO] - approx_kl: 1.542456384839852e-09, update_epoch: 2, num_batch: 4
[2026-10-09 23:10:55,856][agent.finetune.train_ppo_diffusion_agent][INFO] - approx_kl: 9.43774280948162e-10, update_epoch: 2, num_batch: 4
[2026-10-09 23:10:58,064][agent.finetune.train_ppo_diffusion_agent][INFO] - approx_kl: 7.617845798613132e-10, update_epoch: 2, num_batch: 4
[2026-10-09 23:11:00,271][agent.finetune.train_ppo_diffusion_agent][INFO] - approx_kl: 1.1708587432934792e-09, update_epoch: 3, num_batch: 4
[2026-10-09 23:11:02,587][agent.finetune.train_ppo_diffusion_agent][INFO] - approx_kl: 2.6629118909937688e-09, update_epoch: 3, num_batch: 4
[2026-10-09 23:11:04,714][agent.finetune.train_ppo_diffusion_agent][INFO] - approx_kl: 4.312848744802977e-09, update_epoch: 3, num_batch: 4
[2026-10-09 23:11:06,935][agent.finetune.train_ppo_diffusion_agent][INFO] - approx_kl: 2.747960303750574e-09, update_epoch: 3, num_batch: 4
[2026-10-09 23:11:09,143][agent.finetune.train_ppo_diffusion_agent][INFO] - approx_kl: 4.08774214477603e-09, update_epoch: 4, num_batch: 4
[2026-10-09 23:11:11,459][agent.finetune.train_ppo_diffusion_agent][INFO] - approx_kl: 3.5532750075617514e-09, update_epoch: 4, num_batch: 4
[2026-10-09 23:11:13,569][agent.finetune.train_ppo_diffusion_agent][INFO] - approx_kl: 7.224206122202759e-09, update_epoch: 4, num_batch: 4
[2026-10-09 23:11:15,782][agent.finetune.train_ppo_diffusion_agent][INFO] - approx_kl: 6.954707032491569e-09, update_epoch: 4, num_batch: 4
[2026-10-09 23:11:15,801][agent.finetune.train_ppo_diffusion_agent][INFO] - 63: step  4560000 | loss   0.0072 | pg loss   0.0001 | value loss   0.0142 | bc loss   0.0000 | reward -1645.7302 | eta   1.0000 | t: 56.9766 | kl_true_per_action=2.8701592558906116e-05 | logratio_p99=0.0 | clamp_hit_frac=0.0
[2026-10-09 23:11:30,542][agent.finetune.train_ppo_diffusion_agent][INFO] - approx_kl: 0.0, update_epoch: 0, num_batch: 4
[2026-10-09 23:11:32,859][agent.finetune.train_ppo_diffusion_agent][INFO] - approx_kl: 0.0, update_epoch: 0, num_batch: 4
[2026-10-09 23:11:34,980][agent.finetune.train_ppo_diffusion_agent][INFO] - approx_kl: 0.0, update_epoch: 0, num_batch: 4
[2026-10-09 23:11:37,195][agent.finetune.train_ppo_diffusion_agent][INFO] - approx_kl: 4.4703482452237986e-13, update_epoch: 0, num_batch: 4
[2026-10-09 23:11:39,409][agent.finetune.train_ppo_diffusion_agent][INFO] - approx_kl: 1.192092865393013e-12, update_epoch: 1, num_batch: 4
[2026-10-09 23:11:41,731][agent.finetune.train_ppo_diffusion_agent][INFO] - approx_kl: 1.192092865393013e-12, update_epoch: 1, num_batch: 4
[2026-10-09 23:11:43,847][agent.finetune.train_ppo_diffusion_agent][INFO] - approx_kl: 8.940696490447597e-13, update_epoch: 1, num_batch: 4
[2026-10-09 23:11:46,079][agent.finetune.train_ppo_diffusion_agent][INFO] - approx_kl: 7.450580408706331e-13, update_epoch: 1, num_batch: 4
[2026-10-09 23:11:48,301][agent.finetune.train_ppo_diffusion_agent][INFO] - approx_kl: 4.4703482452237986e-13, update_epoch: 2, num_batch: 4
[2026-10-09 23:11:50,598][agent.finetune.train_ppo_diffusion_agent][INFO] - approx_kl: 0.0, update_epoch: 2, num_batch: 4
[2026-10-09 23:11:52,700][agent.finetune.train_ppo_diffusion_agent][INFO] - approx_kl: 0.0, update_epoch: 2, num_batch: 4
[2026-10-09 23:11:54,896][agent.finetune.train_ppo_diffusion_agent][INFO] - approx_kl: 8.940696490447597e-13, update_epoch: 2, num_batch: 4
[2026-10-09 23:11:57,108][agent.finetune.train_ppo_diffusion_agent][INFO] - approx_kl: 1.3411045277772482e-12, update_epoch: 3, num_batch: 4
[2026-10-09 23:11:59,414][agent.finetune.train_ppo_diffusion_agent][INFO] - approx_kl: 5.960464326965065e-13, update_epoch: 3, num_batch: 4
[2026-10-09 23:12:01,528][agent.finetune.train_ppo_diffusion_agent][INFO] - approx_kl: -8.940696490447597e-13, update_epoch: 3, num_batch: 4
[2026-10-09 23:12:03,733][agent.finetune.train_ppo_diffusion_agent][INFO] - approx_kl: 0.0, update_epoch: 3, num_batch: 4
[2026-10-09 23:12:05,936][agent.finetune.train_ppo_diffusion_agent][INFO] - approx_kl: 5.960464326965065e-13, update_epoch: 4, num_batch: 4
[2026-10-09 23:12:08,293][agent.finetune.train_ppo_diffusion_agent][INFO] - approx_kl: 1.192092865393013e-12, update_epoch: 4, num_batch: 4
[2026-10-09 23:12:10,424][agent.finetune.train_ppo_diffusion_agent][INFO] - approx_kl: 0.0, update_epoch: 4, num_batch: 4
[2026-10-09 23:12:12,644][agent.finetune.train_ppo_diffusion_agent][INFO] - approx_kl: 8.940696490447597e-13, update_epoch: 4, num_batch: 4
[2026-10-09 23:12:12,663][agent.finetune.train_ppo_diffusion_agent][INFO] - 64: step  4640000 | loss   0.0072 | pg loss  -0.0000 | value loss   0.0145 | bc loss   0.0000 | reward -1609.3129 | eta   1.0000 | t: 56.8620 | kl_true_per_action=3.6155642626897397e-09 | logratio_p99=0.0 | clamp_hit_frac=0.0
[2026-10-09 23:12:27,471][agent.finetune.train_ppo_diffusion_agent][INFO] - approx_kl: 0.0, update_epoch: 0, num_batch: 4
[2026-10-09 23:12:29,762][agent.finetune.train_ppo_diffusion_agent][INFO] - approx_kl: 1.2352771583401534e-10, update_epoch: 0, num_batch: 4
[2026-10-09 23:12:31,862][agent.finetune.train_ppo_diffusion_agent][INFO] - approx_kl: 2.4145585530988e-10, update_epoch: 0, num_batch: 4
[2026-10-09 23:12:34,052][agent.finetune.train_ppo_diffusion_agent][INFO] - approx_kl: 3.3195246551542823e-10, update_epoch: 0, num_batch: 4
[2026-10-09 23:12:36,239][agent.finetune.train_ppo_diffusion_agent][INFO] - approx_kl: 3.4131633630529734e-10, update_epoch: 1, num_batch: 4
[2026-10-09 23:12:38,546][agent.finetune.train_ppo_diffusion_agent][INFO] - approx_kl: 7.292162429450855e-10, update_epoch: 1, num_batch: 4
[2026-10-09 23:12:40,638][agent.finetune.train_ppo_diffusion_agent][INFO] - approx_kl: 7.463036855170913e-10, update_epoch: 1, num_batch: 4
[2026-10-09 23:12:42,815][agent.finetune.train_ppo_diffusion_agent][INFO] - approx_kl: 8.437701093377825e-10, update_epoch: 1, num_batch: 4
[2026-10-09 23:12:44,994][agent.finetune.train_ppo_diffusion_agent][INFO] - approx_kl: 1.667484150758014e-09, update_epoch: 2, num_batch: 4
[2026-10-09 23:12:47,278][agent.finetune.train_ppo_diffusion_agent][INFO] - approx_kl: 1.726546239311233e-09, update_epoch: 2, num_batch: 4
[2026-10-09 23:12:49,406][agent.finetune.train_ppo_diffusion_agent][INFO] - approx_kl: 3.578818796867722e-09, update_epoch: 2, num_batch: 4
[2026-10-09 23:12:51,586][agent.finetune.train_ppo_diffusion_agent][INFO] - approx_kl: 3.364039491415838e-09, update_epoch: 2, num_batch: 4
[2026-10-09 23:12:53,762][agent.finetune.train_ppo_diffusion_agent][INFO] - approx_kl: 6.1451852495508774e-09, update_epoch: 3, num_batch: 4
[2026-10-09 23:12:56,044][agent.finetune.train_ppo_diffusion_agent][INFO] - approx_kl: 5.647516676532405e-09, update_epoch: 3, num_batch: 4
[2026-10-09 23:12:58,137][agent.finetune.train_ppo_diffusion_agent][INFO] - approx_kl: 6.8926535590208005e-09, update_epoch: 3, num_batch: 4
[2026-10-09 23:13:00,323][agent.finetune.train_ppo_diffusion_agent][INFO] - approx_kl: 7.41470840281977e-09, update_epoch: 3, num_batch: 4
[2026-10-09 23:13:02,507][agent.finetune.train_ppo_diffusion_agent][INFO] - approx_kl: 9.575892967461641e-09, update_epoch: 4, num_batch: 4
[2026-10-09 23:13:04,804][agent.finetune.train_ppo_diffusion_agent][INFO] - approx_kl: 1.3431989742684891e-08, update_epoch: 4, num_batch: 4
[2026-10-09 23:13:06,897][agent.finetune.train_ppo_diffusion_agent][INFO] - approx_kl: 1.753158329620419e-08, update_epoch: 4, num_batch: 4
[2026-10-09 23:13:09,093][agent.finetune.train_ppo_diffusion_agent][INFO] - approx_kl: 1.1887538065025183e-08, update_epoch: 4, num_batch: 4
[2026-10-09 23:13:09,113][agent.finetune.train_ppo_diffusion_agent][INFO] - 65: step  4720000 | loss   0.0073 | pg loss   0.0000 | value loss   0.0146 | bc loss   0.0000 | reward -1613.8228 | eta   1.0000 | t: 56.4493 | kl_true_per_action=4.2339926964538625e-05 | logratio_p99=0.0011224919557571193 | clamp_hit_frac=0.0
[2026-10-09 23:13:24,828][agent.finetune.train_ppo_diffusion_agent][INFO] - approx_kl: 0.0, update_epoch: 0, num_batch: 4
[2026-10-09 23:13:27,111][agent.finetune.train_ppo_diffusion_agent][INFO] - approx_kl: 3.11837056177211e-10, update_epoch: 0, num_batch: 4
[2026-10-09 23:13:29,196][agent.finetune.train_ppo_diffusion_agent][INFO] - approx_kl: 1.0745669909439926e-09, update_epoch: 0, num_batch: 4
[2026-10-09 23:13:31,382][agent.finetune.train_ppo_diffusion_agent][INFO] - approx_kl: 1.4963675853962854e-09, update_epoch: 0, num_batch: 4
[2026-10-09 23:13:33,576][agent.finetune.train_ppo_diffusion_agent][INFO] - approx_kl: 2.4129227504943174e-09, update_epoch: 1, num_batch: 4
[2026-10-09 23:13:35,862][agent.finetune.train_ppo_diffusion_agent][INFO] - approx_kl: 4.902283023966447e-09, update_epoch: 1, num_batch: 4
[2026-10-09 23:13:37,968][agent.finetune.train_ppo_diffusion_agent][INFO] - approx_kl: 7.45282502379041e-09, update_epoch: 1, num_batch: 4
[2026-10-09 23:13:40,167][agent.finetune.train_ppo_diffusion_agent][INFO] - approx_kl: 8.973559673108866e-09, update_epoch: 1, num_batch: 4
[2026-10-09 23:13:42,360][agent.finetune.train_ppo_diffusion_agent][INFO] - approx_kl: 1.3864326575685482e-08, update_epoch: 2, num_batch: 4
[2026-10-09 23:13:44,657][agent.finetune.train_ppo_diffusion_agent][INFO] - approx_kl: 1.2993351283796528e-08, update_epoch: 2, num_batch: 4
[2026-10-09 23:13:46,759][agent.finetune.train_ppo_diffusion_agent][INFO] - approx_kl: 2.247383790177082e-08, update_epoch: 2, num_batch: 4
[2026-10-09 23:13:48,948][agent.finetune.train_ppo_diffusion_agent][INFO] - approx_kl: 2.656392439348565e-08, update_epoch: 2, num_batch: 4
[2026-10-09 23:13:51,188][agent.finetune.train_ppo_diffusion_agent][INFO] - approx_kl: 2.794795328497912e-08, update_epoch: 3, num_batch: 4
[2026-10-09 23:13:53,477][agent.finetune.train_ppo_diffusion_agent][INFO] - approx_kl: 3.521499181147192e-08, update_epoch: 3, num_batch: 4
[2026-10-09 23:13:55,579][agent.finetune.train_ppo_diffusion_agent][INFO] - approx_kl: 5.343054354511878e-08, update_epoch: 3, num_batch: 4
[2026-10-09 23:13:57,773][agent.finetune.train_ppo_diffusion_agent][INFO] - approx_kl: 4.343296922115769e-08, update_epoch: 3, num_batch: 4
[2026-10-09 23:13:59,961][agent.finetune.train_ppo_diffusion_agent][INFO] - approx_kl: 4.970483402644277e-08, update_epoch: 4, num_batch: 4
[2026-10-09 23:14:02,254][agent.finetune.train_ppo_diffusion_agent][INFO] - approx_kl: 5.626012367088151e-08, update_epoch: 4, num_batch: 4
[2026-10-09 23:14:04,351][agent.finetune.train_ppo_diffusion_agent][INFO] - approx_kl: 5.415960657728647e-08, update_epoch: 4, num_batch: 4
[2026-10-09 23:14:06,540][agent.finetune.train_ppo_diffusion_agent][INFO] - approx_kl: 6.050195366924527e-08, update_epoch: 4, num_batch: 4
[2026-10-09 23:14:06,559][agent.finetune.train_ppo_diffusion_agent][INFO] - 66: step  4800000 | loss   0.0075 | pg loss  -0.0001 | value loss   0.0152 | bc loss   0.0000 | reward -1636.1501 | eta   1.0000 | t: 57.4465 | kl_true_per_action=0.000324367812488232 | logratio_p99=0.008872628211974726 | clamp_hit_frac=0.0
[2026-10-09 23:14:22,381][agent.finetune.train_ppo_diffusion_agent][INFO] - approx_kl: 0.0, update_epoch: 0, num_batch: 4
[2026-10-09 23:14:24,458][agent.finetune.train_ppo_diffusion_agent][INFO] - approx_kl: 6.356509069105343e-11, update_epoch: 0, num_batch: 4
[2026-10-09 23:14:26,638][agent.finetune.train_ppo_diffusion_agent][INFO] - approx_kl: 1.6246921863416475e-10, update_epoch: 0, num_batch: 4
[2026-10-09 23:14:28,829][agent.finetune.train_ppo_diffusion_agent][INFO] - approx_kl: 1.981051156452196e-10, update_epoch: 0, num_batch: 4
[2026-10-09 23:14:31,145][agent.finetune.train_ppo_diffusion_agent][INFO] - approx_kl: 3.1070318540216135e-10, update_epoch: 1, num_batch: 4
[2026-10-09 23:14:33,234][agent.finetune.train_ppo_diffusion_agent][INFO] - approx_kl: 5.872826669417464e-10, update_epoch: 1, num_batch: 4
[2026-10-09 23:14:35,411][agent.finetune.train_ppo_diffusion_agent][INFO] - approx_kl: 7.999828022242639e-10, update_epoch: 1, num_batch: 4
[2026-10-09 23:14:37,595][agent.finetune.train_ppo_diffusion_agent][INFO] - approx_kl: 1.1826376544732398e-09, update_epoch: 1, num_batch: 4
[2026-10-09 23:14:39,897][agent.finetune.train_ppo_diffusion_agent][INFO] - approx_kl: 1.6141495917665338e-09, update_epoch: 2, num_batch: 4
[2026-10-09 23:14:41,984][agent.finetune.train_ppo_diffusion_agent][INFO] - approx_kl: 1.2904218804621337e-09, update_epoch: 2, num_batch: 4
[2026-10-09 23:14:44,171][agent.finetune.train_ppo_diffusion_agent][INFO] - approx_kl: 2.1417718709670908e-09, update_epoch: 2, num_batch: 4
[2026-10-09 23:14:46,356][agent.finetune.train_ppo_diffusion_agent][INFO] - approx_kl: 3.109164481429616e-09, update_epoch: 2, num_batch: 4
[2026-10-09 23:14:48,646][agent.finetune.train_ppo_diffusion_agent][INFO] - approx_kl: 3.643683132992237e-09, update_epoch: 3, num_batch: 4
[2026-10-09 23:14:50,740][agent.finetune.train_ppo_diffusion_agent][INFO] - approx_kl: 4.0747702989563095e-09, update_epoch: 3, num_batch: 4
[2026-10-09 23:14:52,957][agent.finetune.train_ppo_diffusion_agent][INFO] - approx_kl: 3.4088267764076363e-09, update_epoch: 3, num_batch: 4
[2026-10-09 23:14:55,134][agent.finetune.train_ppo_diffusion_agent][INFO] - approx_kl: 3.785033175773833e-09, update_epoch: 3, num_batch: 4
[2026-10-09 23:14:57,415][agent.finetune.train_ppo_diffusion_agent][INFO] - approx_kl: 3.2406881622648598e-09, update_epoch: 4, num_batch: 4
[2026-10-09 23:14:59,500][agent.finetune.train_ppo_diffusion_agent][INFO] - approx_kl: 4.568900813239907e-09, update_epoch: 4, num_batch: 4
[2026-10-09 23:15:01,669][agent.finetune.train_ppo_diffusion_agent][INFO] - approx_kl: 6.636518445901629e-09, update_epoch: 4, num_batch: 4
[2026-10-09 23:15:03,864][agent.finetune.train_ppo_diffusion_agent][INFO] - approx_kl: 9.044238247213343e-09, update_epoch: 4, num_batch: 4
[2026-10-09 23:15:03,884][agent.finetune.train_ppo_diffusion_agent][INFO] - 67: step  4880000 | loss   0.0078 | pg loss  -0.0001 | value loss   0.0157 | bc loss   0.0000 | reward -1621.1184 | eta   1.0000 | t: 57.3246 | kl_true_per_action=1.7520018487882393e-05 | logratio_p99=0.0 | clamp_hit_frac=0.0
[2026-10-09 23:15:19,678][agent.finetune.train_ppo_diffusion_agent][INFO] - approx_kl: 0.0, update_epoch: 0, num_batch: 4
[2026-10-09 23:15:21,768][agent.finetune.train_ppo_diffusion_agent][INFO] - approx_kl: -5.960464326965065e-13, update_epoch: 0, num_batch: 4
[2026-10-09 23:15:23,960][agent.finetune.train_ppo_diffusion_agent][INFO] - approx_kl: 1.192092865393013e-12, update_epoch: 0, num_batch: 4
[2026-10-09 23:15:26,144][agent.finetune.train_ppo_diffusion_agent][INFO] - approx_kl: -4.4703482452237986e-13, update_epoch: 0, num_batch: 4
[2026-10-09 23:15:28,445][agent.finetune.train_ppo_diffusion_agent][INFO] - approx_kl: 5.960464326965065e-13, update_epoch: 1, num_batch: 4
[2026-10-09 23:15:30,536][agent.finetune.train_ppo_diffusion_agent][INFO] - approx_kl: 1.3411045277772482e-12, update_epoch: 1, num_batch: 4
[2026-10-09 23:15:32,726][agent.finetune.train_ppo_diffusion_agent][INFO] - approx_kl: 0.0, update_epoch: 1, num_batch: 4
[2026-10-09 23:15:34,925][agent.finetune.train_ppo_diffusion_agent][INFO] - approx_kl: 0.0, update_epoch: 1, num_batch: 4
[2026-10-09 23:15:37,223][agent.finetune.train_ppo_diffusion_agent][INFO] - approx_kl: -2.9802321634825324e-13, update_epoch: 2, num_batch: 4
[2026-10-09 23:15:39,326][agent.finetune.train_ppo_diffusion_agent][INFO] - approx_kl: 6.891786945815992e-13, update_epoch: 2, num_batch: 4
[2026-10-09 23:15:41,505][agent.finetune.train_ppo_diffusion_agent][INFO] - approx_kl: 0.0, update_epoch: 2, num_batch: 4
[2026-10-09 23:15:43,693][agent.finetune.train_ppo_diffusion_agent][INFO] - approx_kl: 0.0, update_epoch: 2, num_batch: 4
[2026-10-09 23:15:46,032][agent.finetune.train_ppo_diffusion_agent][INFO] - approx_kl: 0.0, update_epoch: 3, num_batch: 4
[2026-10-09 23:15:48,125][agent.finetune.train_ppo_diffusion_agent][INFO] - approx_kl: 1.7881392980895194e-12, update_epoch: 3, num_batch: 4
[2026-10-09 23:15:50,301][agent.finetune.train_ppo_diffusion_agent][INFO] - approx_kl: -1.192092865393013e-12, update_epoch: 3, num_batch: 4
[2026-10-09 23:15:52,490][agent.finetune.train_ppo_diffusion_agent][INFO] - approx_kl: 9.313225510882914e-14, update_epoch: 3, num_batch: 4
[2026-10-09 23:15:54,789][agent.finetune.train_ppo_diffusion_agent][INFO] - approx_kl: 0.0, update_epoch: 4, num_batch: 4
[2026-10-09 23:15:56,882][agent.finetune.train_ppo_diffusion_agent][INFO] - approx_kl: 0.0, update_epoch: 4, num_batch: 4
[2026-10-09 23:15:59,078][agent.finetune.train_ppo_diffusion_agent][INFO] - approx_kl: -5.960464326965065e-13, update_epoch: 4, num_batch: 4
[2026-10-09 23:16:01,301][agent.finetune.train_ppo_diffusion_agent][INFO] - approx_kl: -4.4703482452237986e-13, update_epoch: 4, num_batch: 4
[2026-10-09 23:16:01,321][agent.finetune.train_ppo_diffusion_agent][INFO] - 68: step  4960000 | loss   0.0077 | pg loss  -0.0001 | value loss   0.0155 | bc loss   0.0000 | reward -1635.7613 | eta   1.0000 | t: 57.4369 | kl_true_per_action=0.0 | logratio_p99=0.0 | clamp_hit_frac=0.0
[2026-10-09 23:16:17,083][agent.finetune.train_ppo_diffusion_agent][INFO] - approx_kl: 0.0, update_epoch: 0, num_batch: 4
[2026-10-09 23:16:19,209][agent.finetune.train_ppo_diffusion_agent][INFO] - approx_kl: 1.478008861133251e-11, update_epoch: 0, num_batch: 4
[2026-10-09 23:16:21,450][agent.finetune.train_ppo_diffusion_agent][INFO] - approx_kl: 2.3907049950810944e-11, update_epoch: 0, num_batch: 4
[2026-10-09 23:16:23,810][agent.finetune.train_ppo_diffusion_agent][INFO] - approx_kl: 2.5667249575755946e-11, update_epoch: 0, num_batch: 4
[2026-10-09 23:16:25,947][agent.finetune.train_ppo_diffusion_agent][INFO] - approx_kl: 8.74791281080256e-11, update_epoch: 1, num_batch: 4
[2026-10-09 23:16:28,191][agent.finetune.train_ppo_diffusion_agent][INFO] - approx_kl: 2.17482448716666e-10, update_epoch: 1, num_batch: 4
[2026-10-09 23:16:30,414][agent.finetune.train_ppo_diffusion_agent][INFO] - approx_kl: 4.873564329876956e-10, update_epoch: 1, num_batch: 4
[2026-10-09 23:16:32,710][agent.finetune.train_ppo_diffusion_agent][INFO] - approx_kl: 3.3209099359332583e-10, update_epoch: 1, num_batch: 4
[2026-10-09 23:16:34,799][agent.finetune.train_ppo_diffusion_agent][INFO] - approx_kl: 8.407514129338267e-10, update_epoch: 2, num_batch: 4
[2026-10-09 23:16:37,002][agent.finetune.train_ppo_diffusion_agent][INFO] - approx_kl: 1.0451860488203124e-09, update_epoch: 2, num_batch: 4
[2026-10-09 23:16:39,203][agent.finetune.train_ppo_diffusion_agent][INFO] - approx_kl: 1.8570105453363794e-09, update_epoch: 2, num_batch: 4
[2026-10-09 23:16:41,508][agent.finetune.train_ppo_diffusion_agent][INFO] - approx_kl: 3.4664198178546712e-09, update_epoch: 2, num_batch: 4
[2026-10-09 23:16:43,598][agent.finetune.train_ppo_diffusion_agent][INFO] - approx_kl: 3.3659208753533676e-09, update_epoch: 3, num_batch: 4
[2026-10-09 23:16:45,773][agent.finetune.train_ppo_diffusion_agent][INFO] - approx_kl: 3.923494418245355e-09, update_epoch: 3, num_batch: 4
[2026-10-09 23:16:48,007][agent.finetune.train_ppo_diffusion_agent][INFO] - approx_kl: 5.946457104499814e-09, update_epoch: 3, num_batch: 4
[2026-10-09 23:16:50,290][agent.finetune.train_ppo_diffusion_agent][INFO] - approx_kl: 4.229173011793819e-09, update_epoch: 3, num_batch: 4
[2026-10-09 23:16:52,380][agent.finetune.train_ppo_diffusion_agent][INFO] - approx_kl: 9.019895941264622e-09, update_epoch: 4, num_batch: 4
[2026-10-09 23:16:54,560][agent.finetune.train_ppo_diffusion_agent][INFO] - approx_kl: 4.9756465614336776e-09, update_epoch: 4, num_batch: 4
[2026-10-09 23:16:56,741][agent.finetune.train_ppo_diffusion_agent][INFO] - approx_kl: 3.5956873034592718e-09, update_epoch: 4, num_batch: 4
[2026-10-09 23:16:59,035][agent.finetune.train_ppo_diffusion_agent][INFO] - approx_kl: 1.635469537575318e-08, update_epoch: 4, num_batch: 4
[2026-10-09 23:16:59,054][agent.finetune.train_ppo_diffusion_agent][INFO] - 69: step  5040000 | loss   0.0079 | pg loss  -0.0001 | value loss   0.0159 | bc loss   0.0000 | reward -1682.1254 | eta   1.0000 | t: 57.7335 | kl_true_per_action=4.5445834131572796e-05 | logratio_p99=0.0 | clamp_hit_frac=0.0
[2026-10-09 23:17:12,509][agent.finetune.train_agent][INFO] - Saved model to /soalnas/share/data/zbao7/diffusion_policy/results/stage2_noclip/runs/NC1_recovery_seed1/native/checkpoint/state_70.pt
[2026-10-09 23:17:12,509][agent.finetune.train_ppo_diffusion_agent][INFO] - eval: success rate   0.0000 | avg episode reward -1610.8839 | avg best reward   0.4166
[2026-10-09 23:17:28,073][agent.finetune.train_ppo_diffusion_agent][INFO] - approx_kl: 0.0, update_epoch: 0, num_batch: 4
[2026-10-09 23:17:30,282][agent.finetune.train_ppo_diffusion_agent][INFO] - approx_kl: 1.4901160817412662e-12, update_epoch: 0, num_batch: 4
[2026-10-09 23:17:32,466][agent.finetune.train_ppo_diffusion_agent][INFO] - approx_kl: -2.9802321634825324e-13, update_epoch: 0, num_batch: 4
[2026-10-09 23:17:34,755][agent.finetune.train_ppo_diffusion_agent][INFO] - approx_kl: 0.0, update_epoch: 0, num_batch: 4
[2026-10-09 23:17:36,852][agent.finetune.train_ppo_diffusion_agent][INFO] - approx_kl: 0.0, update_epoch: 1, num_batch: 4
[2026-10-09 23:17:39,068][agent.finetune.train_ppo_diffusion_agent][INFO] - approx_kl: 0.0, update_epoch: 1, num_batch: 4
[2026-10-09 23:17:41,292][agent.finetune.train_ppo_diffusion_agent][INFO] - approx_kl: 1.6391276357052842e-12, update_epoch: 1, num_batch: 4
[2026-10-09 23:17:43,600][agent.finetune.train_ppo_diffusion_agent][INFO] - approx_kl: 1.192092865393013e-12, update_epoch: 1, num_batch: 4
[2026-10-09 23:17:45,706][agent.finetune.train_ppo_diffusion_agent][INFO] - approx_kl: 0.0, update_epoch: 2, num_batch: 4
[2026-10-09 23:17:47,896][agent.finetune.train_ppo_diffusion_agent][INFO] - approx_kl: -7.450580408706331e-13, update_epoch: 2, num_batch: 4
[2026-10-09 23:17:50,086][agent.finetune.train_ppo_diffusion_agent][INFO] - approx_kl: 1.6391276357052842e-12, update_epoch: 2, num_batch: 4
[2026-10-09 23:17:52,386][agent.finetune.train_ppo_diffusion_agent][INFO] - approx_kl: 0.0, update_epoch: 2, num_batch: 4
[2026-10-09 23:17:54,482][agent.finetune.train_ppo_diffusion_agent][INFO] - approx_kl: 0.0, update_epoch: 3, num_batch: 4
[2026-10-09 23:17:56,686][agent.finetune.train_ppo_diffusion_agent][INFO] - approx_kl: 8.940696490447597e-13, update_epoch: 3, num_batch: 4
[2026-10-09 23:17:58,881][agent.finetune.train_ppo_diffusion_agent][INFO] - approx_kl: 0.0, update_epoch: 3, num_batch: 4
[2026-10-09 23:18:01,200][agent.finetune.train_ppo_diffusion_agent][INFO] - approx_kl: 0.0, update_epoch: 3, num_batch: 4
[2026-10-09 23:18:03,305][agent.finetune.train_ppo_diffusion_agent][INFO] - approx_kl: 0.0, update_epoch: 4, num_batch: 4
[2026-10-09 23:18:05,511][agent.finetune.train_ppo_diffusion_agent][INFO] - approx_kl: 2.2351740684017907e-12, update_epoch: 4, num_batch: 4
[2026-10-09 23:18:07,699][agent.finetune.train_ppo_diffusion_agent][INFO] - approx_kl: 0.0, update_epoch: 4, num_batch: 4
[2026-10-09 23:18:10,020][agent.finetune.train_ppo_diffusion_agent][INFO] - approx_kl: 0.0, update_epoch: 4, num_batch: 4
[2026-10-09 23:18:10,039][agent.finetune.train_ppo_diffusion_agent][INFO] - 71: step  5120000 | loss   0.0080 | pg loss  -0.0001 | value loss   0.0162 | bc loss   0.0000 | reward -1560.9062 | eta   1.0000 | t: 57.5301 | kl_true_per_action=0.0 | logratio_p99=0.0 | clamp_hit_frac=0.0
[2026-10-09 23:18:25,506][agent.finetune.train_ppo_diffusion_agent][INFO] - approx_kl: 0.0, update_epoch: 0, num_batch: 4
[2026-10-09 23:18:27,701][agent.finetune.train_ppo_diffusion_agent][INFO] - approx_kl: 1.192092865393013e-12, update_epoch: 0, num_batch: 4
[2026-10-09 23:18:29,868][agent.finetune.train_ppo_diffusion_agent][INFO] - approx_kl: 0.0, update_epoch: 0, num_batch: 4
[2026-10-09 23:18:32,144][agent.finetune.train_ppo_diffusion_agent][INFO] - approx_kl: 1.3783573891631984e-12, update_epoch: 0, num_batch: 4
[2026-10-09 23:18:34,240][agent.finetune.train_ppo_diffusion_agent][INFO] - approx_kl: -2.9802321634825324e-13, update_epoch: 1, num_batch: 4
[2026-10-09 23:18:36,420][agent.finetune.train_ppo_diffusion_agent][INFO] - approx_kl: 0.0, update_epoch: 1, num_batch: 4
[2026-10-09 23:18:38,624][agent.finetune.train_ppo_diffusion_agent][INFO] - approx_kl: -1.3783573891631984e-12, update_epoch: 1, num_batch: 4
[2026-10-09 23:18:40,900][agent.finetune.train_ppo_diffusion_agent][INFO] - approx_kl: 0.0, update_epoch: 1, num_batch: 4
[2026-10-09 23:18:43,008][agent.finetune.train_ppo_diffusion_agent][INFO] - approx_kl: 5.029141708114138e-13, update_epoch: 2, num_batch: 4
[2026-10-09 23:18:45,182][agent.finetune.train_ppo_diffusion_agent][INFO] - approx_kl: 0.0, update_epoch: 2, num_batch: 4
[2026-10-09 23:18:47,355][agent.finetune.train_ppo_diffusion_agent][INFO] - approx_kl: 0.0, update_epoch: 2, num_batch: 4
[2026-10-09 23:18:49,637][agent.finetune.train_ppo_diffusion_agent][INFO] - approx_kl: 1.6763806055114516e-12, update_epoch: 2, num_batch: 4
[2026-10-09 23:18:51,733][agent.finetune.train_ppo_diffusion_agent][INFO] - approx_kl: 0.0, update_epoch: 3, num_batch: 4
[2026-10-09 23:18:53,922][agent.finetune.train_ppo_diffusion_agent][INFO] - approx_kl: -8.940696490447597e-13, update_epoch: 3, num_batch: 4
[2026-10-09 23:18:56,108][agent.finetune.train_ppo_diffusion_agent][INFO] - approx_kl: 0.0, update_epoch: 3, num_batch: 4
[2026-10-09 23:18:58,394][agent.finetune.train_ppo_diffusion_agent][INFO] - approx_kl: -6.891786945815992e-13, update_epoch: 3, num_batch: 4
[2026-10-09 23:19:00,474][agent.finetune.train_ppo_diffusion_agent][INFO] - approx_kl: 8.00937387159667e-13, update_epoch: 4, num_batch: 4
[2026-10-09 23:19:02,657][agent.finetune.train_ppo_diffusion_agent][INFO] - approx_kl: 0.0, update_epoch: 4, num_batch: 4
[2026-10-09 23:19:04,857][agent.finetune.train_ppo_diffusion_agent][INFO] - approx_kl: -5.960464326965065e-13, update_epoch: 4, num_batch: 4
[2026-10-09 23:19:07,131][agent.finetune.train_ppo_diffusion_agent][INFO] - approx_kl: 5.960464326965065e-13, update_epoch: 4, num_batch: 4
[2026-10-09 23:19:07,153][agent.finetune.train_ppo_diffusion_agent][INFO] - 72: step  5200000 | loss   0.0079 | pg loss   0.0001 | value loss   0.0157 | bc loss   0.0000 | reward -1627.5362 | eta   1.0000 | t: 57.1137 | kl_true_per_action=2.7513176802611675e-12 | logratio_p99=0.0 | clamp_hit_frac=0.0
[2026-10-09 23:19:22,739][agent.finetune.train_ppo_diffusion_agent][INFO] - approx_kl: 0.0, update_epoch: 0, num_batch: 4
[2026-10-09 23:19:24,920][agent.finetune.train_ppo_diffusion_agent][INFO] - approx_kl: 7.322407263865571e-11, update_epoch: 0, num_batch: 4
[2026-10-09 23:19:27,087][agent.finetune.train_ppo_diffusion_agent][INFO] - approx_kl: 8.419854397034854e-11, update_epoch: 0, num_batch: 4
[2026-10-09 23:19:29,360][agent.finetune.train_ppo_diffusion_agent][INFO] - approx_kl: 1.4086252997369542e-10, update_epoch: 0, num_batch: 4
[2026-10-09 23:19:31,448][agent.finetune.train_ppo_diffusion_agent][INFO] - approx_kl: 3.174622509316549e-10, update_epoch: 1, num_batch: 4
[2026-10-09 23:19:33,626][agent.finetune.train_ppo_diffusion_agent][INFO] - approx_kl: 4.1605438538816486e-10, update_epoch: 1, num_batch: 4
[2026-10-09 23:19:35,846][agent.finetune.train_ppo_diffusion_agent][INFO] - approx_kl: 5.820801063372016e-10, update_epoch: 1, num_batch: 4
[2026-10-09 23:19:38,133][agent.finetune.train_ppo_diffusion_agent][INFO] - approx_kl: 1.6545753656060924e-09, update_epoch: 1, num_batch: 4
[2026-10-09 23:19:40,221][agent.finetune.train_ppo_diffusion_agent][INFO] - approx_kl: 1.4347861787555871e-09, update_epoch: 2, num_batch: 4
[2026-10-09 23:19:42,393][agent.finetune.train_ppo_diffusion_agent][INFO] - approx_kl: 2.5506503575911665e-09, update_epoch: 2, num_batch: 4
[2026-10-09 23:19:44,573][agent.finetune.train_ppo_diffusion_agent][INFO] - approx_kl: 2.3250041891742512e-09, update_epoch: 2, num_batch: 4
[2026-10-09 23:19:46,862][agent.finetune.train_ppo_diffusion_agent][INFO] - approx_kl: 3.3452949299572765e-09, update_epoch: 2, num_batch: 4
[2026-10-09 23:19:48,957][agent.finetune.train_ppo_diffusion_agent][INFO] - approx_kl: 4.4486392347664605e-09, update_epoch: 3, num_batch: 4
[2026-10-09 23:19:51,138][agent.finetune.train_ppo_diffusion_agent][INFO] - approx_kl: 3.6479252951693297e-09, update_epoch: 3, num_batch: 4
[2026-10-09 23:19:53,319][agent.finetune.train_ppo_diffusion_agent][INFO] - approx_kl: 7.667343204786903e-09, update_epoch: 3, num_batch: 4
[2026-10-09 23:19:55,602][agent.finetune.train_ppo_diffusion_agent][INFO] - approx_kl: 6.0627955988934445e-09, update_epoch: 3, num_batch: 4
[2026-10-09 23:19:57,690][agent.finetune.train_ppo_diffusion_agent][INFO] - approx_kl: 9.50436973568003e-09, update_epoch: 4, num_batch: 4
[2026-10-09 23:19:59,865][agent.finetune.train_ppo_diffusion_agent][INFO] - approx_kl: 9.942906942228547e-09, update_epoch: 4, num_batch: 4
[2026-10-09 23:20:02,041][agent.finetune.train_ppo_diffusion_agent][INFO] - approx_kl: 1.0356334456673721e-08, update_epoch: 4, num_batch: 4
[2026-10-09 23:20:04,341][agent.finetune.train_ppo_diffusion_agent][INFO] - approx_kl: 1.3203347748458327e-08, update_epoch: 4, num_batch: 4
[2026-10-09 23:20:04,359][agent.finetune.train_ppo_diffusion_agent][INFO] - 73: step  5280000 | loss   0.0079 | pg loss  -0.0001 | value loss   0.0160 | bc loss   0.0000 | reward -1590.1582 | eta   1.0000 | t: 57.2060 | kl_true_per_action=8.630862106122255e-05 | logratio_p99=0.0 | clamp_hit_frac=0.0
[2026-10-09 23:20:19,854][agent.finetune.train_ppo_diffusion_agent][INFO] - approx_kl: 0.0, update_epoch: 0, num_batch: 4
[2026-10-09 23:20:22,048][agent.finetune.train_ppo_diffusion_agent][INFO] - approx_kl: 5.900568922356797e-11, update_epoch: 0, num_batch: 4
[2026-10-09 23:20:24,329][agent.finetune.train_ppo_diffusion_agent][INFO] - approx_kl: 1.400697474673862e-10, update_epoch: 0, num_batch: 4
[2026-10-09 23:20:26,419][agent.finetune.train_ppo_diffusion_agent][INFO] - approx_kl: 2.8686597541849324e-10, update_epoch: 0, num_batch: 4
[2026-10-09 23:20:28,602][agent.finetune.train_ppo_diffusion_agent][INFO] - approx_kl: 2.9686081370883244e-10, update_epoch: 1, num_batch: 4
[2026-10-09 23:20:30,778][agent.finetune.train_ppo_diffusion_agent][INFO] - approx_kl: 4.041695311762794e-10, update_epoch: 1, num_batch: 4
[2026-10-09 23:20:33,073][agent.finetune.train_ppo_diffusion_agent][INFO] - approx_kl: 7.20638770879134e-10, update_epoch: 1, num_batch: 4
[2026-10-09 23:20:35,158][agent.finetune.train_ppo_diffusion_agent][INFO] - approx_kl: 5.811837122671193e-10, update_epoch: 1, num_batch: 4
[2026-10-09 23:20:37,357][agent.finetune.train_ppo_diffusion_agent][INFO] - approx_kl: 5.640333755607685e-10, update_epoch: 2, num_batch: 4
[2026-10-09 23:20:39,543][agent.finetune.train_ppo_diffusion_agent][INFO] - approx_kl: 1.3279332078397488e-09, update_epoch: 2, num_batch: 4
[2026-10-09 23:20:41,821][agent.finetune.train_ppo_diffusion_agent][INFO] - approx_kl: 1.3214069838340947e-09, update_epoch: 2, num_batch: 4
[2026-10-09 23:20:43,914][agent.finetune.train_ppo_diffusion_agent][INFO] - approx_kl: 1.5887530180336285e-09, update_epoch: 2, num_batch: 4
[2026-10-09 23:20:46,092][agent.finetune.train_ppo_diffusion_agent][INFO] - approx_kl: 1.431454399458687e-09, update_epoch: 3, num_batch: 4
[2026-10-09 23:20:48,272][agent.finetune.train_ppo_diffusion_agent][INFO] - approx_kl: 2.4215625060719503e-09, update_epoch: 3, num_batch: 4
[2026-10-09 23:20:50,570][agent.finetune.train_ppo_diffusion_agent][INFO] - approx_kl: 1.638677193938065e-09, update_epoch: 3, num_batch: 4
[2026-10-09 23:20:52,666][agent.finetune.train_ppo_diffusion_agent][INFO] - approx_kl: 2.3920647684860796e-09, update_epoch: 3, num_batch: 4
[2026-10-09 23:20:54,854][agent.finetune.train_ppo_diffusion_agent][INFO] - approx_kl: 3.143341587019677e-09, update_epoch: 4, num_batch: 4
[2026-10-09 23:20:57,038][agent.finetune.train_ppo_diffusion_agent][INFO] - approx_kl: 1.7584359524036586e-09, update_epoch: 4, num_batch: 4
[2026-10-09 23:20:59,344][agent.finetune.train_ppo_diffusion_agent][INFO] - approx_kl: 3.776357893059412e-09, update_epoch: 4, num_batch: 4
[2026-10-09 23:21:01,440][agent.finetune.train_ppo_diffusion_agent][INFO] - approx_kl: 2.547491995130713e-09, update_epoch: 4, num_batch: 4
[2026-10-09 23:21:01,455][agent.finetune.train_ppo_diffusion_agent][INFO] - 74: step  5360000 | loss   0.0082 | pg loss  -0.0000 | value loss   0.0164 | bc loss   0.0000 | reward -1605.5346 | eta   1.0000 | t: 57.0963 | kl_true_per_action=1.7802406332892653e-05 | logratio_p99=0.0 | clamp_hit_frac=0.0
[2026-10-09 23:21:17,073][agent.finetune.train_ppo_diffusion_agent][INFO] - approx_kl: 0.0, update_epoch: 0, num_batch: 4
[2026-10-09 23:21:19,246][agent.finetune.train_ppo_diffusion_agent][INFO] - approx_kl: 7.939059132322512e-11, update_epoch: 0, num_batch: 4
[2026-10-09 23:21:21,539][agent.finetune.train_ppo_diffusion_agent][INFO] - approx_kl: 1.5195225633313214e-10, update_epoch: 0, num_batch: 4
[2026-10-09 23:21:23,630][agent.finetune.train_ppo_diffusion_agent][INFO] - approx_kl: 2.641265817171501e-10, update_epoch: 0, num_batch: 4
[2026-10-09 23:21:25,817][agent.finetune.train_ppo_diffusion_agent][INFO] - approx_kl: 4.775146944524522e-10, update_epoch: 1, num_batch: 4
[2026-10-09 23:21:27,999][agent.finetune.train_ppo_diffusion_agent][INFO] - approx_kl: 6.537244079396487e-10, update_epoch: 1, num_batch: 4
[2026-10-09 23:21:30,293][agent.finetune.train_ppo_diffusion_agent][INFO] - approx_kl: 8.69557259530751e-10, update_epoch: 1, num_batch: 4
[2026-10-09 23:21:32,381][agent.finetune.train_ppo_diffusion_agent][INFO] - approx_kl: 1.1255963938694435e-09, update_epoch: 1, num_batch: 4
[2026-10-09 23:21:34,569][agent.finetune.train_ppo_diffusion_agent][INFO] - approx_kl: 2.1073001121862944e-09, update_epoch: 2, num_batch: 4
[2026-10-09 23:21:36,748][agent.finetune.train_ppo_diffusion_agent][INFO] - approx_kl: 2.9897038178461344e-09, update_epoch: 2, num_batch: 4
[2026-10-09 23:21:39,031][agent.finetune.train_ppo_diffusion_agent][INFO] - approx_kl: 5.286874937837638e-09, update_epoch: 2, num_batch: 4
[2026-10-09 23:21:41,164][agent.finetune.train_ppo_diffusion_agent][INFO] - approx_kl: 5.191340690657853e-09, update_epoch: 2, num_batch: 4
[2026-10-09 23:21:43,332][agent.finetune.train_ppo_diffusion_agent][INFO] - approx_kl: 9.557809654836547e-09, update_epoch: 3, num_batch: 4
[2026-10-09 23:21:45,508][agent.finetune.train_ppo_diffusion_agent][INFO] - approx_kl: 1.170951069440207e-08, update_epoch: 3, num_batch: 4
[2026-10-09 23:21:47,783][agent.finetune.train_ppo_diffusion_agent][INFO] - approx_kl: 8.66463079063351e-09, update_epoch: 3, num_batch: 4
[2026-10-09 23:21:49,889][agent.finetune.train_ppo_diffusion_agent][INFO] - approx_kl: 1.4489052624355736e-08, update_epoch: 3, num_batch: 4
[2026-10-09 23:21:52,089][agent.finetune.train_ppo_diffusion_agent][INFO] - approx_kl: 1.900263058018936e-08, update_epoch: 4, num_batch: 4
[2026-10-09 23:21:54,272][agent.finetune.train_ppo_diffusion_agent][INFO] - approx_kl: 3.7248089057584366e-08, update_epoch: 4, num_batch: 4
[2026-10-09 23:21:56,574][agent.finetune.train_ppo_diffusion_agent][INFO] - approx_kl: 1.2281206274167289e-08, update_epoch: 4, num_batch: 4
[2026-10-09 23:21:58,681][agent.finetune.train_ppo_diffusion_agent][INFO] - approx_kl: 1.9430249409424505e-08, update_epoch: 4, num_batch: 4
[2026-10-09 23:21:58,700][agent.finetune.train_ppo_diffusion_agent][INFO] - 75: step  5440000 | loss   0.0084 | pg loss   0.0001 | value loss   0.0167 | bc loss   0.0000 | reward -1608.6230 | eta   1.0000 | t: 57.2451 | kl_true_per_action=0.0002529503935226341 | logratio_p99=0.0 | clamp_hit_frac=0.0
[2026-10-09 23:22:14,485][agent.finetune.train_ppo_diffusion_agent][INFO] - approx_kl: 0.0, update_epoch: 0, num_batch: 4
[2026-10-09 23:22:16,679][agent.finetune.train_ppo_diffusion_agent][INFO] - approx_kl: 7.301569071582747e-12, update_epoch: 0, num_batch: 4
[2026-10-09 23:22:18,978][agent.finetune.train_ppo_diffusion_agent][INFO] - approx_kl: 5.2358953978037803e-11, update_epoch: 0, num_batch: 4
[2026-10-09 23:22:21,079][agent.finetune.train_ppo_diffusion_agent][INFO] - approx_kl: 1.7188489520592043e-10, update_epoch: 0, num_batch: 4
[2026-10-09 23:22:23,280][agent.finetune.train_ppo_diffusion_agent][INFO] - approx_kl: 3.944150908652411e-11, update_epoch: 1, num_batch: 4
[2026-10-09 23:22:25,595][agent.finetune.train_ppo_diffusion_agent][INFO] - approx_kl: 4.816055332312885e-10, update_epoch: 1, num_batch: 4
[2026-10-09 23:22:27,703][agent.finetune.train_ppo_diffusion_agent][INFO] - approx_kl: 2.0194798611150588e-10, update_epoch: 1, num_batch: 4
[2026-10-09 23:22:29,911][agent.finetune.train_ppo_diffusion_agent][INFO] - approx_kl: 1.0197236388620468e-09, update_epoch: 1, num_batch: 4
[2026-10-09 23:22:32,113][agent.finetune.train_ppo_diffusion_agent][INFO] - approx_kl: 1.450944697722889e-09, update_epoch: 2, num_batch: 4
[2026-10-09 23:22:34,412][agent.finetune.train_ppo_diffusion_agent][INFO] - approx_kl: 2.1967290209090606e-09, update_epoch: 2, num_batch: 4
[2026-10-09 23:22:36,516][agent.finetune.train_ppo_diffusion_agent][INFO] - approx_kl: 2.1755694468161835e-10, update_epoch: 2, num_batch: 4
[2026-10-09 23:22:38,719][agent.finetune.train_ppo_diffusion_agent][INFO] - approx_kl: 1.2743286426086797e-09, update_epoch: 2, num_batch: 4
[2026-10-09 23:22:40,926][agent.finetune.train_ppo_diffusion_agent][INFO] - approx_kl: 1.3647414309758688e-09, update_epoch: 3, num_batch: 4
[2026-10-09 23:22:43,278][agent.finetune.train_ppo_diffusion_agent][INFO] - approx_kl: 1.523145387594127e-09, update_epoch: 3, num_batch: 4
[2026-10-09 23:22:45,381][agent.finetune.train_ppo_diffusion_agent][INFO] - approx_kl: 4.136487596895222e-09, update_epoch: 3, num_batch: 4
[2026-10-09 23:22:47,579][agent.finetune.train_ppo_diffusion_agent][INFO] - approx_kl: 8.264668061030989e-09, update_epoch: 3, num_batch: 4
[2026-10-09 23:22:49,778][agent.finetune.train_ppo_diffusion_agent][INFO] - approx_kl: 1.5419907573033242e-09, update_epoch: 4, num_batch: 4
[2026-10-09 23:22:52,086][agent.finetune.train_ppo_diffusion_agent][INFO] - approx_kl: 1.1484920570126178e-08, update_epoch: 4, num_batch: 4
[2026-10-09 23:22:54,192][agent.finetune.train_ppo_diffusion_agent][INFO] - approx_kl: 8.827112374376611e-09, update_epoch: 4, num_batch: 4
[2026-10-09 23:22:56,390][agent.finetune.train_ppo_diffusion_agent][INFO] - approx_kl: 4.716068424670539e-09, update_epoch: 4, num_batch: 4
[2026-10-09 23:22:56,410][agent.finetune.train_ppo_diffusion_agent][INFO] - 76: step  5520000 | loss   0.0082 | pg loss  -0.0001 | value loss   0.0165 | bc loss   0.0000 | reward -1614.7503 | eta   1.0000 | t: 57.7091 | kl_true_per_action=0.0001097170033497633 | logratio_p99=0.0 | clamp_hit_frac=0.0
[2026-10-09 23:23:12,023][agent.finetune.train_ppo_diffusion_agent][INFO] - approx_kl: 0.0, update_epoch: 0, num_batch: 4
[2026-10-09 23:23:14,328][agent.finetune.train_ppo_diffusion_agent][INFO] - approx_kl: 0.0, update_epoch: 0, num_batch: 4
[2026-10-09 23:23:16,426][agent.finetune.train_ppo_diffusion_agent][INFO] - approx_kl: 9.685754802368773e-13, update_epoch: 0, num_batch: 4
[2026-10-09 23:23:18,619][agent.finetune.train_ppo_diffusion_agent][INFO] - approx_kl: -4.4703482452237986e-13, update_epoch: 0, num_batch: 4
[2026-10-09 23:23:20,809][agent.finetune.train_ppo_diffusion_agent][INFO] - approx_kl: 0.0, update_epoch: 1, num_batch: 4
[2026-10-09 23:23:23,103][agent.finetune.train_ppo_diffusion_agent][INFO] - approx_kl: 0.0, update_epoch: 1, num_batch: 4
[2026-10-09 23:23:25,206][agent.finetune.train_ppo_diffusion_agent][INFO] - approx_kl: 0.0, update_epoch: 1, num_batch: 4
[2026-10-09 23:23:27,391][agent.finetune.train_ppo_diffusion_agent][INFO] - approx_kl: 1.5646219129333838e-12, update_epoch: 1, num_batch: 4
[2026-10-09 23:23:29,578][agent.finetune.train_ppo_diffusion_agent][INFO] - approx_kl: 1.0430812030087777e-12, update_epoch: 2, num_batch: 4
[2026-10-09 23:23:31,868][agent.finetune.train_ppo_diffusion_agent][INFO] - approx_kl: -5.960464326965065e-13, update_epoch: 2, num_batch: 4
[2026-10-09 23:23:33,985][agent.finetune.train_ppo_diffusion_agent][INFO] - approx_kl: 1.4156102505491486e-12, update_epoch: 2, num_batch: 4
[2026-10-09 23:23:36,178][agent.finetune.train_ppo_diffusion_agent][INFO] - approx_kl: 0.0, update_epoch: 2, num_batch: 4
[2026-10-09 23:23:38,372][agent.finetune.train_ppo_diffusion_agent][INFO] - approx_kl: 0.0, update_epoch: 3, num_batch: 4
[2026-10-09 23:23:40,665][agent.finetune.train_ppo_diffusion_agent][INFO] - approx_kl: 1.192092865393013e-12, update_epoch: 3, num_batch: 4
[2026-10-09 23:23:42,776][agent.finetune.train_ppo_diffusion_agent][INFO] - approx_kl: 0.0, update_epoch: 3, num_batch: 4
[2026-10-09 23:23:44,968][agent.finetune.train_ppo_diffusion_agent][INFO] - approx_kl: 1.4156102505491486e-12, update_epoch: 3, num_batch: 4
[2026-10-09 23:23:47,167][agent.finetune.train_ppo_diffusion_agent][INFO] - approx_kl: 5.960464326965065e-13, update_epoch: 4, num_batch: 4
[2026-10-09 23:23:49,467][agent.finetune.train_ppo_diffusion_agent][INFO] - approx_kl: 0.0, update_epoch: 4, num_batch: 4
[2026-10-09 23:23:51,564][agent.finetune.train_ppo_diffusion_agent][INFO] - approx_kl: 6.705522638886241e-13, update_epoch: 4, num_batch: 4
[2026-10-09 23:23:53,758][agent.finetune.train_ppo_diffusion_agent][INFO] - approx_kl: 1.192092865393013e-12, update_epoch: 4, num_batch: 4
[2026-10-09 23:23:53,778][agent.finetune.train_ppo_diffusion_agent][INFO] - 77: step  5600000 | loss   0.0079 | pg loss  -0.0001 | value loss   0.0161 | bc loss   0.0000 | reward -1574.7642 | eta   1.0000 | t: 57.3685 | kl_true_per_action=0.0 | logratio_p99=0.0 | clamp_hit_frac=0.0
[2026-10-09 23:24:09,406][agent.finetune.train_ppo_diffusion_agent][INFO] - approx_kl: 0.0, update_epoch: 0, num_batch: 4
[2026-10-09 23:24:11,695][agent.finetune.train_ppo_diffusion_agent][INFO] - approx_kl: 0.0, update_epoch: 0, num_batch: 4
[2026-10-09 23:24:13,788][agent.finetune.train_ppo_diffusion_agent][INFO] - approx_kl: 0.0, update_epoch: 0, num_batch: 4
[2026-10-09 23:24:15,976][agent.finetune.train_ppo_diffusion_agent][INFO] - approx_kl: 1.7881392980895194e-12, update_epoch: 0, num_batch: 4
[2026-10-09 23:24:18,163][agent.finetune.train_ppo_diffusion_agent][INFO] - approx_kl: 5.960464326965065e-13, update_epoch: 1, num_batch: 4
[2026-10-09 23:24:20,479][agent.finetune.train_ppo_diffusion_agent][INFO] - approx_kl: 0.0, update_epoch: 1, num_batch: 4
[2026-10-09 23:24:22,594][agent.finetune.train_ppo_diffusion_agent][INFO] - approx_kl: 1.192092865393013e-12, update_epoch: 1, num_batch: 4
[2026-10-09 23:24:24,801][agent.finetune.train_ppo_diffusion_agent][INFO] - approx_kl: -5.960464326965065e-13, update_epoch: 1, num_batch: 4
[2026-10-09 23:24:26,994][agent.finetune.train_ppo_diffusion_agent][INFO] - approx_kl: 0.0, update_epoch: 2, num_batch: 4
[2026-10-09 23:24:29,295][agent.finetune.train_ppo_diffusion_agent][INFO] - approx_kl: 0.0, update_epoch: 2, num_batch: 4
[2026-10-09 23:24:31,389][agent.finetune.train_ppo_diffusion_agent][INFO] - approx_kl: 2.384185730786026e-12, update_epoch: 2, num_batch: 4
[2026-10-09 23:24:33,566][agent.finetune.train_ppo_diffusion_agent][INFO] - approx_kl: 0.0, update_epoch: 2, num_batch: 4
[2026-10-09 23:24:35,749][agent.finetune.train_ppo_diffusion_agent][INFO] - approx_kl: 5.960464326965065e-13, update_epoch: 3, num_batch: 4
[2026-10-09 23:24:38,037][agent.finetune.train_ppo_diffusion_agent][INFO] - approx_kl: 5.960464326965065e-13, update_epoch: 3, num_batch: 4
[2026-10-09 23:24:40,128][agent.finetune.train_ppo_diffusion_agent][INFO] - approx_kl: 0.0, update_epoch: 3, num_batch: 4
[2026-10-09 23:24:42,313][agent.finetune.train_ppo_diffusion_agent][INFO] - approx_kl: 0.0, update_epoch: 3, num_batch: 4
[2026-10-09 23:24:44,499][agent.finetune.train_ppo_diffusion_agent][INFO] - approx_kl: 5.960464326965065e-13, update_epoch: 4, num_batch: 4
[2026-10-09 23:24:46,788][agent.finetune.train_ppo_diffusion_agent][INFO] - approx_kl: 5.960464326965065e-13, update_epoch: 4, num_batch: 4
[2026-10-09 23:24:48,873][agent.finetune.train_ppo_diffusion_agent][INFO] - approx_kl: 0.0, update_epoch: 4, num_batch: 4
[2026-10-09 23:24:51,059][agent.finetune.train_ppo_diffusion_agent][INFO] - approx_kl: 0.0, update_epoch: 4, num_batch: 4
[2026-10-09 23:24:51,077][agent.finetune.train_ppo_diffusion_agent][INFO] - 78: step  5680000 | loss   0.0080 | pg loss  -0.0000 | value loss   0.0160 | bc loss   0.0000 | reward -1604.8578 | eta   1.0000 | t: 57.2991 | kl_true_per_action=0.0 | logratio_p99=0.0 | clamp_hit_frac=0.0
[2026-10-09 23:25:06,703][agent.finetune.train_ppo_diffusion_agent][INFO] - approx_kl: 0.0, update_epoch: 0, num_batch: 4
[2026-10-09 23:25:08,978][agent.finetune.train_ppo_diffusion_agent][INFO] - approx_kl: 5.960464326965065e-13, update_epoch: 0, num_batch: 4
[2026-10-09 23:25:11,061][agent.finetune.train_ppo_diffusion_agent][INFO] - approx_kl: -8.940696490447597e-13, update_epoch: 0, num_batch: 4
[2026-10-09 23:25:13,232][agent.finetune.train_ppo_diffusion_agent][INFO] - approx_kl: 1.9371509604737547e-12, update_epoch: 0, num_batch: 4
[2026-10-09 23:25:15,404][agent.finetune.train_ppo_diffusion_agent][INFO] - approx_kl: -8.940696490447597e-13, update_epoch: 1, num_batch: 4
[2026-10-09 23:25:17,685][agent.finetune.train_ppo_diffusion_agent][INFO] - approx_kl: 1.6391276357052842e-12, update_epoch: 1, num_batch: 4
[2026-10-09 23:25:19,779][agent.finetune.train_ppo_diffusion_agent][INFO] - approx_kl: 0.0, update_epoch: 1, num_batch: 4
[2026-10-09 23:25:21,959][agent.finetune.train_ppo_diffusion_agent][INFO] - approx_kl: 0.0, update_epoch: 1, num_batch: 4
[2026-10-09 23:25:24,141][agent.finetune.train_ppo_diffusion_agent][INFO] - approx_kl: 0.0, update_epoch: 2, num_batch: 4
[2026-10-09 23:25:26,444][agent.finetune.train_ppo_diffusion_agent][INFO] - approx_kl: 0.0, update_epoch: 2, num_batch: 4
[2026-10-09 23:25:28,576][agent.finetune.train_ppo_diffusion_agent][INFO] - approx_kl: 1.3411045277772482e-12, update_epoch: 2, num_batch: 4
[2026-10-09 23:25:30,763][agent.finetune.train_ppo_diffusion_agent][INFO] - approx_kl: 0.0, update_epoch: 2, num_batch: 4
[2026-10-09 23:25:32,947][agent.finetune.train_ppo_diffusion_agent][INFO] - approx_kl: 5.960464326965065e-13, update_epoch: 3, num_batch: 4
[2026-10-09 23:25:35,243][agent.finetune.train_ppo_diffusion_agent][INFO] - approx_kl: 7.450580408706331e-13, update_epoch: 3, num_batch: 4
[2026-10-09 23:25:37,335][agent.finetune.train_ppo_diffusion_agent][INFO] - approx_kl: 0.0, update_epoch: 3, num_batch: 4
[2026-10-09 23:25:39,528][agent.finetune.train_ppo_diffusion_agent][INFO] - approx_kl: 0.0, update_epoch: 3, num_batch: 4
[2026-10-09 23:25:41,725][agent.finetune.train_ppo_diffusion_agent][INFO] - approx_kl: 2.2351740684017907e-12, update_epoch: 4, num_batch: 4
[2026-10-09 23:25:44,016][agent.finetune.train_ppo_diffusion_agent][INFO] - approx_kl: 0.0, update_epoch: 4, num_batch: 4
[2026-10-09 23:25:46,109][agent.finetune.train_ppo_diffusion_agent][INFO] - approx_kl: 0.0, update_epoch: 4, num_batch: 4
[2026-10-09 23:25:48,307][agent.finetune.train_ppo_diffusion_agent][INFO] - approx_kl: 0.0, update_epoch: 4, num_batch: 4
[2026-10-09 23:25:48,327][agent.finetune.train_ppo_diffusion_agent][INFO] - 79: step  5760000 | loss   0.0085 | pg loss   0.0001 | value loss   0.0168 | bc loss   0.0000 | reward -1615.8483 | eta   1.0000 | t: 57.2495 | kl_true_per_action=0.0 | logratio_p99=0.0 | clamp_hit_frac=0.0
[2026-10-09 23:26:01,740][agent.finetune.train_ppo_diffusion_agent][INFO] - eval: success rate   0.0000 | avg episode reward -1524.0333 | avg best reward   0.4482
[2026-10-09 23:26:17,500][agent.finetune.train_ppo_diffusion_agent][INFO] - approx_kl: 0.0, update_epoch: 0, num_batch: 4
[2026-10-09 23:26:19,584][agent.finetune.train_ppo_diffusion_agent][INFO] - approx_kl: -5.960464326965065e-13, update_epoch: 0, num_batch: 4
[2026-10-09 23:26:21,762][agent.finetune.train_ppo_diffusion_agent][INFO] - approx_kl: 0.0, update_epoch: 0, num_batch: 4
[2026-10-09 23:26:23,955][agent.finetune.train_ppo_diffusion_agent][INFO] - approx_kl: 1.192092865393013e-12, update_epoch: 0, num_batch: 4
[2026-10-09 23:26:26,243][agent.finetune.train_ppo_diffusion_agent][INFO] - approx_kl: -5.960464326965065e-13, update_epoch: 1, num_batch: 4
[2026-10-09 23:26:28,329][agent.finetune.train_ppo_diffusion_agent][INFO] - approx_kl: 5.960464326965065e-13, update_epoch: 1, num_batch: 4
[2026-10-09 23:26:30,512][agent.finetune.train_ppo_diffusion_agent][INFO] - approx_kl: 1.192092865393013e-12, update_epoch: 1, num_batch: 4
[2026-10-09 23:26:32,728][agent.finetune.train_ppo_diffusion_agent][INFO] - approx_kl: 0.0, update_epoch: 1, num_batch: 4
[2026-10-09 23:26:35,019][agent.finetune.train_ppo_diffusion_agent][INFO] - approx_kl: 0.0, update_epoch: 2, num_batch: 4
[2026-10-09 23:26:37,116][agent.finetune.train_ppo_diffusion_agent][INFO] - approx_kl: 5.960464326965065e-13, update_epoch: 2, num_batch: 4
[2026-10-09 23:26:39,319][agent.finetune.train_ppo_diffusion_agent][INFO] - approx_kl: -2.9802321634825324e-13, update_epoch: 2, num_batch: 4
[2026-10-09 23:26:41,497][agent.finetune.train_ppo_diffusion_agent][INFO] - approx_kl: 1.192092865393013e-12, update_epoch: 2, num_batch: 4
[2026-10-09 23:26:43,802][agent.finetune.train_ppo_diffusion_agent][INFO] - approx_kl: 1.192092865393013e-12, update_epoch: 3, num_batch: 4
[2026-10-09 23:26:45,900][agent.finetune.train_ppo_diffusion_agent][INFO] - approx_kl: -1.8626451021765827e-13, update_epoch: 3, num_batch: 4
[2026-10-09 23:26:48,081][agent.finetune.train_ppo_diffusion_agent][INFO] - approx_kl: 0.0, update_epoch: 3, num_batch: 4
[2026-10-09 23:26:50,260][agent.finetune.train_ppo_diffusion_agent][INFO] - approx_kl: 0.0, update_epoch: 3, num_batch: 4
[2026-10-09 23:26:52,565][agent.finetune.train_ppo_diffusion_agent][INFO] - approx_kl: -1.8626451021765827e-13, update_epoch: 4, num_batch: 4
[2026-10-09 23:26:54,660][agent.finetune.train_ppo_diffusion_agent][INFO] - approx_kl: 1.192092865393013e-12, update_epoch: 4, num_batch: 4
[2026-10-09 23:26:56,839][agent.finetune.train_ppo_diffusion_agent][INFO] - approx_kl: 0.0, update_epoch: 4, num_batch: 4
[2026-10-09 23:26:59,017][agent.finetune.train_ppo_diffusion_agent][INFO] - approx_kl: 2.0861624060175554e-12, update_epoch: 4, num_batch: 4
[2026-10-09 23:26:59,040][agent.finetune.train_ppo_diffusion_agent][INFO] - 81: step  5840000 | loss   0.0088 | pg loss   0.0000 | value loss   0.0176 | bc loss   0.0000 | reward -1611.3235 | eta   1.0000 | t: 57.3002 | kl_true_per_action=2.1906581640265387e-09 | logratio_p99=0.0 | clamp_hit_frac=0.0
[2026-10-09 23:27:14,811][agent.finetune.train_ppo_diffusion_agent][INFO] - approx_kl: 0.0, update_epoch: 0, num_batch: 4
[2026-10-09 23:27:16,906][agent.finetune.train_ppo_diffusion_agent][INFO] - approx_kl: -5.960464326965065e-13, update_epoch: 0, num_batch: 4
[2026-10-09 23:27:19,104][agent.finetune.train_ppo_diffusion_agent][INFO] - approx_kl: -5.960464326965065e-13, update_epoch: 0, num_batch: 4
[2026-10-09 23:27:21,298][agent.finetune.train_ppo_diffusion_agent][INFO] - approx_kl: 8.940696490447597e-13, update_epoch: 0, num_batch: 4
[2026-10-09 23:27:23,615][agent.finetune.train_ppo_diffusion_agent][INFO] - approx_kl: 5.960464326965065e-13, update_epoch: 1, num_batch: 4
[2026-10-09 23:27:25,726][agent.finetune.train_ppo_diffusion_agent][INFO] - approx_kl: 0.0, update_epoch: 1, num_batch: 4
[2026-10-09 23:27:27,918][agent.finetune.train_ppo_diffusion_agent][INFO] - approx_kl: 8.940696490447597e-13, update_epoch: 1, num_batch: 4
[2026-10-09 23:27:30,116][agent.finetune.train_ppo_diffusion_agent][INFO] - approx_kl: 2.9802321634825324e-13, update_epoch: 1, num_batch: 4
[2026-10-09 23:27:32,416][agent.finetune.train_ppo_diffusion_agent][INFO] - approx_kl: 2.9802321634825324e-13, update_epoch: 2, num_batch: 4
[2026-10-09 23:27:34,534][agent.finetune.train_ppo_diffusion_agent][INFO] - approx_kl: 1.4901160817412662e-13, update_epoch: 2, num_batch: 4
[2026-10-09 23:27:36,737][agent.finetune.train_ppo_diffusion_agent][INFO] - approx_kl: -8.940696490447597e-13, update_epoch: 2, num_batch: 4
[2026-10-09 23:27:38,935][agent.finetune.train_ppo_diffusion_agent][INFO] - approx_kl: 0.0, update_epoch: 2, num_batch: 4
[2026-10-09 23:27:41,238][agent.finetune.train_ppo_diffusion_agent][INFO] - approx_kl: 0.0, update_epoch: 3, num_batch: 4
[2026-10-09 23:27:43,339][agent.finetune.train_ppo_diffusion_agent][INFO] - approx_kl: 0.0, update_epoch: 3, num_batch: 4
[2026-10-09 23:27:45,541][agent.finetune.train_ppo_diffusion_agent][INFO] - approx_kl: -8.940696490447597e-13, update_epoch: 3, num_batch: 4
[2026-10-09 23:27:47,737][agent.finetune.train_ppo_diffusion_agent][INFO] - approx_kl: 5.960464326965065e-13, update_epoch: 3, num_batch: 4
[2026-10-09 23:27:50,046][agent.finetune.train_ppo_diffusion_agent][INFO] - approx_kl: 0.0, update_epoch: 4, num_batch: 4
[2026-10-09 23:27:52,155][agent.finetune.train_ppo_diffusion_agent][INFO] - approx_kl: 0.0, update_epoch: 4, num_batch: 4
[2026-10-09 23:27:54,362][agent.finetune.train_ppo_diffusion_agent][INFO] - approx_kl: 2.0861624060175554e-12, update_epoch: 4, num_batch: 4
[2026-10-09 23:27:56,582][agent.finetune.train_ppo_diffusion_agent][INFO] - approx_kl: 5.960464326965065e-13, update_epoch: 4, num_batch: 4
[2026-10-09 23:27:56,601][agent.finetune.train_ppo_diffusion_agent][INFO] - 82: step  5920000 | loss   0.0088 | pg loss   0.0001 | value loss   0.0174 | bc loss   0.0000 | reward -1552.7571 | eta   1.0000 | t: 57.5613 | kl_true_per_action=9.300136456519976e-12 | logratio_p99=0.0 | clamp_hit_frac=0.0
[2026-10-09 23:28:12,361][agent.finetune.train_ppo_diffusion_agent][INFO] - approx_kl: 0.0, update_epoch: 0, num_batch: 4
[2026-10-09 23:28:14,454][agent.finetune.train_ppo_diffusion_agent][INFO] - approx_kl: 5.960464326965065e-13, update_epoch: 0, num_batch: 4
[2026-10-09 23:28:16,637][agent.finetune.train_ppo_diffusion_agent][INFO] - approx_kl: 0.0, update_epoch: 0, num_batch: 4
[2026-10-09 23:28:18,920][agent.finetune.train_ppo_diffusion_agent][INFO] - approx_kl: 4.0978190892632105e-13, update_epoch: 0, num_batch: 4
[2026-10-09 23:28:21,007][agent.finetune.train_ppo_diffusion_agent][INFO] - approx_kl: 0.0, update_epoch: 1, num_batch: 4
[2026-10-09 23:28:23,197][agent.finetune.train_ppo_diffusion_agent][INFO] - approx_kl: 0.0, update_epoch: 1, num_batch: 4
[2026-10-09 23:28:25,373][agent.finetune.train_ppo_diffusion_agent][INFO] - approx_kl: 0.0, update_epoch: 1, num_batch: 4
[2026-10-09 23:28:27,693][agent.finetune.train_ppo_diffusion_agent][INFO] - approx_kl: 2.9802321634825324e-13, update_epoch: 1, num_batch: 4
[2026-10-09 23:28:29,779][agent.finetune.train_ppo_diffusion_agent][INFO] - approx_kl: 0.0, update_epoch: 2, num_batch: 4
[2026-10-09 23:28:31,961][agent.finetune.train_ppo_diffusion_agent][INFO] - approx_kl: 0.0, update_epoch: 2, num_batch: 4
[2026-10-09 23:28:34,151][agent.finetune.train_ppo_diffusion_agent][INFO] - approx_kl: 0.0, update_epoch: 2, num_batch: 4
[2026-10-09 23:28:36,439][agent.finetune.train_ppo_diffusion_agent][INFO] - approx_kl: 1.4156102505491486e-12, update_epoch: 2, num_batch: 4
[2026-10-09 23:28:38,541][agent.finetune.train_ppo_diffusion_agent][INFO] - approx_kl: 0.0, update_epoch: 3, num_batch: 4
[2026-10-09 23:28:40,722][agent.finetune.train_ppo_diffusion_agent][INFO] - approx_kl: 0.0, update_epoch: 3, num_batch: 4
[2026-10-09 23:28:42,901][agent.finetune.train_ppo_diffusion_agent][INFO] - approx_kl: -1.3783573891631984e-12, update_epoch: 3, num_batch: 4
[2026-10-09 23:28:45,193][agent.finetune.train_ppo_diffusion_agent][INFO] - approx_kl: 0.0, update_epoch: 3, num_batch: 4
[2026-10-09 23:28:47,292][agent.finetune.train_ppo_diffusion_agent][INFO] - approx_kl: 0.0, update_epoch: 4, num_batch: 4
[2026-10-09 23:28:49,478][agent.finetune.train_ppo_diffusion_agent][INFO] - approx_kl: 0.0, update_epoch: 4, num_batch: 4
[2026-10-09 23:28:51,663][agent.finetune.train_ppo_diffusion_agent][INFO] - approx_kl: 1.1175870342008953e-12, update_epoch: 4, num_batch: 4
[2026-10-09 23:28:53,943][agent.finetune.train_ppo_diffusion_agent][INFO] - approx_kl: 0.0, update_epoch: 4, num_batch: 4
[2026-10-09 23:28:53,962][agent.finetune.train_ppo_diffusion_agent][INFO] - 83: step  6000000 | loss   0.0090 | pg loss   0.0001 | value loss   0.0178 | bc loss   0.0000 | reward -1631.0286 | eta   1.0000 | t: 57.3607 | kl_true_per_action=0.0 | logratio_p99=0.0 | clamp_hit_frac=0.0
[2026-10-09 23:29:09,491][agent.finetune.train_ppo_diffusion_agent][INFO] - approx_kl: 0.0, update_epoch: 0, num_batch: 4
[2026-10-09 23:29:11,688][agent.finetune.train_ppo_diffusion_agent][INFO] - approx_kl: 2.257525937021665e-11, update_epoch: 0, num_batch: 4
[2026-10-09 23:29:13,861][agent.finetune.train_ppo_diffusion_agent][INFO] - approx_kl: 8.370727028195191e-11, update_epoch: 0, num_batch: 4
[2026-10-09 23:29:16,125][agent.finetune.train_ppo_diffusion_agent][INFO] - approx_kl: 9.362585706718107e-11, update_epoch: 0, num_batch: 4
[2026-10-09 23:29:18,207][agent.finetune.train_ppo_diffusion_agent][INFO] - approx_kl: 2.604350346491202e-10, update_epoch: 1, num_batch: 4
[2026-10-09 23:29:20,398][agent.finetune.train_ppo_diffusion_agent][INFO] - approx_kl: 5.833059590898415e-10, update_epoch: 1, num_batch: 4
[2026-10-09 23:29:22,583][agent.finetune.train_ppo_diffusion_agent][INFO] - approx_kl: 1.8215179364844403e-09, update_epoch: 1, num_batch: 4
[2026-10-09 23:29:24,873][agent.finetune.train_ppo_diffusion_agent][INFO] - approx_kl: 2.663917753054079e-09, update_epoch: 1, num_batch: 4
[2026-10-09 23:29:26,958][agent.finetune.train_ppo_diffusion_agent][INFO] - approx_kl: 4.9052943928984405e-09, update_epoch: 2, num_batch: 4
[2026-10-09 23:29:29,167][agent.finetune.train_ppo_diffusion_agent][INFO] - approx_kl: 6.745345615399856e-09, update_epoch: 2, num_batch: 4
[2026-10-09 23:29:31,344][agent.finetune.train_ppo_diffusion_agent][INFO] - approx_kl: 2.3934105808365302e-09, update_epoch: 2, num_batch: 4
[2026-10-09 23:29:33,646][agent.finetune.train_ppo_diffusion_agent][INFO] - approx_kl: 4.331841996219055e-09, update_epoch: 2, num_batch: 4
[2026-10-09 23:29:35,743][agent.finetune.train_ppo_diffusion_agent][INFO] - approx_kl: 1.15753708840316e-08, update_epoch: 3, num_batch: 4
[2026-10-09 23:29:37,937][agent.finetune.train_ppo_diffusion_agent][INFO] - approx_kl: 6.707990163334898e-09, update_epoch: 3, num_batch: 4
[2026-10-09 23:29:40,127][agent.finetune.train_ppo_diffusion_agent][INFO] - approx_kl: 2.2825485501698495e-08, update_epoch: 3, num_batch: 4
[2026-10-09 23:29:42,419][agent.finetune.train_ppo_diffusion_agent][INFO] - approx_kl: 9.259730759936247e-09, update_epoch: 3, num_batch: 4
[2026-10-09 23:29:44,516][agent.finetune.train_ppo_diffusion_agent][INFO] - approx_kl: 3.784056623601373e-09, update_epoch: 4, num_batch: 4
[2026-10-09 23:29:46,712][agent.finetune.train_ppo_diffusion_agent][INFO] - approx_kl: 2.4565146361510415e-08, update_epoch: 4, num_batch: 4
[2026-10-09 23:29:48,899][agent.finetune.train_ppo_diffusion_agent][INFO] - approx_kl: 1.3181417735097511e-08, update_epoch: 4, num_batch: 4
[2026-10-09 23:29:51,191][agent.finetune.train_ppo_diffusion_agent][INFO] - approx_kl: 4.853471935462039e-08, update_epoch: 4, num_batch: 4
[2026-10-09 23:29:51,210][agent.finetune.train_ppo_diffusion_agent][INFO] - 84: step  6080000 | loss   0.0087 | pg loss  -0.0001 | value loss   0.0176 | bc loss   0.0000 | reward -1600.7796 | eta   1.0000 | t: 57.2481 | kl_true_per_action=3.815090380195245e-05 | logratio_p99=0.0 | clamp_hit_frac=0.0
[2026-10-09 23:30:06,466][agent.finetune.train_ppo_diffusion_agent][INFO] - approx_kl: 0.0, update_epoch: 0, num_batch: 4
[2026-10-09 23:30:08,628][agent.finetune.train_ppo_diffusion_agent][INFO] - approx_kl: 2.9802321634825324e-12, update_epoch: 0, num_batch: 4
[2026-10-09 23:30:10,799][agent.finetune.train_ppo_diffusion_agent][INFO] - approx_kl: 5.960464326965065e-13, update_epoch: 0, num_batch: 4
[2026-10-09 23:30:13,106][agent.finetune.train_ppo_diffusion_agent][INFO] - approx_kl: -1.4901160817412662e-12, update_epoch: 0, num_batch: 4
[2026-10-09 23:30:15,202][agent.finetune.train_ppo_diffusion_agent][INFO] - approx_kl: 1.192092865393013e-12, update_epoch: 1, num_batch: 4
[2026-10-09 23:30:17,404][agent.finetune.train_ppo_diffusion_agent][INFO] - approx_kl: 0.0, update_epoch: 1, num_batch: 4
[2026-10-09 23:30:19,591][agent.finetune.train_ppo_diffusion_agent][INFO] - approx_kl: 1.7881392980895194e-12, update_epoch: 1, num_batch: 4
[2026-10-09 23:30:21,905][agent.finetune.train_ppo_diffusion_agent][INFO] - approx_kl: 1.192092865393013e-12, update_epoch: 1, num_batch: 4
[2026-10-09 23:30:24,006][agent.finetune.train_ppo_diffusion_agent][INFO] - approx_kl: 0.0, update_epoch: 2, num_batch: 4
[2026-10-09 23:30:26,206][agent.finetune.train_ppo_diffusion_agent][INFO] - approx_kl: 8.940696490447597e-13, update_epoch: 2, num_batch: 4
[2026-10-09 23:30:28,414][agent.finetune.train_ppo_diffusion_agent][INFO] - approx_kl: 5.960464326965065e-13, update_epoch: 2, num_batch: 4
[2026-10-09 23:30:30,726][agent.finetune.train_ppo_diffusion_agent][INFO] - approx_kl: 0.0, update_epoch: 2, num_batch: 4
[2026-10-09 23:30:32,736][agent.finetune.train_ppo_diffusion_agent][INFO] - approx_kl: 0.0, update_epoch: 3, num_batch: 4
[2026-10-09 23:30:34,747][agent.finetune.train_ppo_diffusion_agent][INFO] - approx_kl: -1.7881392980895194e-12, update_epoch: 3, num_batch: 4
[2026-10-09 23:30:36,905][agent.finetune.train_ppo_diffusion_agent][INFO] - approx_kl: 0.0, update_epoch: 3, num_batch: 4
[2026-10-09 23:30:39,212][agent.finetune.train_ppo_diffusion_agent][INFO] - approx_kl: 1.192092865393013e-12, update_epoch: 3, num_batch: 4
[2026-10-09 23:30:41,340][agent.finetune.train_ppo_diffusion_agent][INFO] - approx_kl: 1.7881392980895194e-12, update_epoch: 4, num_batch: 4
[2026-10-09 23:30:43,564][agent.finetune.train_ppo_diffusion_agent][INFO] - approx_kl: 0.0, update_epoch: 4, num_batch: 4
[2026-10-09 23:30:45,786][agent.finetune.train_ppo_diffusion_agent][INFO] - approx_kl: 1.192092865393013e-12, update_epoch: 4, num_batch: 4
[2026-10-09 23:30:48,108][agent.finetune.train_ppo_diffusion_agent][INFO] - approx_kl: 5.960464326965065e-13, update_epoch: 4, num_batch: 4
[2026-10-09 23:30:48,126][agent.finetune.train_ppo_diffusion_agent][INFO] - 85: step  6160000 | loss   0.0091 | pg loss   0.0002 | value loss   0.0178 | bc loss   0.0000 | reward -1655.0810 | eta   1.0000 | t: 56.9163 | kl_true_per_action=2.8480975247950537e-10 | logratio_p99=0.0 | clamp_hit_frac=0.0
[2026-10-09 23:31:02,816][agent.finetune.train_ppo_diffusion_agent][INFO] - approx_kl: 0.0, update_epoch: 0, num_batch: 4
[2026-10-09 23:31:05,048][agent.finetune.train_ppo_diffusion_agent][INFO] - approx_kl: -1.7881392980895194e-12, update_epoch: 0, num_batch: 4
[2026-10-09 23:31:07,264][agent.finetune.train_ppo_diffusion_agent][INFO] - approx_kl: -8.940696490447597e-13, update_epoch: 0, num_batch: 4
[2026-10-09 23:31:09,596][agent.finetune.train_ppo_diffusion_agent][INFO] - approx_kl: 8.940696490447597e-13, update_epoch: 0, num_batch: 4
[2026-10-09 23:31:11,716][agent.finetune.train_ppo_diffusion_agent][INFO] - approx_kl: 0.0, update_epoch: 1, num_batch: 4
[2026-10-09 23:31:13,921][agent.finetune.train_ppo_diffusion_agent][INFO] - approx_kl: 5.960464326965065e-13, update_epoch: 1, num_batch: 4
[2026-10-09 23:31:16,138][agent.finetune.train_ppo_diffusion_agent][INFO] - approx_kl: 2.9802321634825324e-13, update_epoch: 1, num_batch: 4
[2026-10-09 23:31:18,460][agent.finetune.train_ppo_diffusion_agent][INFO] - approx_kl: -5.960464326965065e-13, update_epoch: 1, num_batch: 4
[2026-10-09 23:31:20,584][agent.finetune.train_ppo_diffusion_agent][INFO] - approx_kl: 0.0, update_epoch: 2, num_batch: 4
[2026-10-09 23:31:22,813][agent.finetune.train_ppo_diffusion_agent][INFO] - approx_kl: 0.0, update_epoch: 2, num_batch: 4
[2026-10-09 23:31:25,031][agent.finetune.train_ppo_diffusion_agent][INFO] - approx_kl: 1.192092865393013e-12, update_epoch: 2, num_batch: 4
[2026-10-09 23:31:27,363][agent.finetune.train_ppo_diffusion_agent][INFO] - approx_kl: 0.0, update_epoch: 2, num_batch: 4
[2026-10-09 23:31:29,488][agent.finetune.train_ppo_diffusion_agent][INFO] - approx_kl: 0.0, update_epoch: 3, num_batch: 4
[2026-10-09 23:31:31,729][agent.finetune.train_ppo_diffusion_agent][INFO] - approx_kl: -1.4901160817412662e-12, update_epoch: 3, num_batch: 4
[2026-10-09 23:31:33,957][agent.finetune.train_ppo_diffusion_agent][INFO] - approx_kl: -5.960464326965065e-13, update_epoch: 3, num_batch: 4
[2026-10-09 23:31:36,284][agent.finetune.train_ppo_diffusion_agent][INFO] - approx_kl: 2.384185730786026e-12, update_epoch: 3, num_batch: 4
[2026-10-09 23:31:38,409][agent.finetune.train_ppo_diffusion_agent][INFO] - approx_kl: 2.0861624060175554e-12, update_epoch: 4, num_batch: 4
[2026-10-09 23:31:40,629][agent.finetune.train_ppo_diffusion_agent][INFO] - approx_kl: 2.9802321634825324e-12, update_epoch: 4, num_batch: 4
[2026-10-09 23:31:42,854][agent.finetune.train_ppo_diffusion_agent][INFO] - approx_kl: 0.0, update_epoch: 4, num_batch: 4
[2026-10-09 23:31:45,181][agent.finetune.train_ppo_diffusion_agent][INFO] - approx_kl: 0.0, update_epoch: 4, num_batch: 4
[2026-10-09 23:31:45,200][agent.finetune.train_ppo_diffusion_agent][INFO] - 86: step  6240000 | loss   0.0091 | pg loss  -0.0001 | value loss   0.0183 | bc loss   0.0000 | reward -1628.1988 | eta   1.0000 | t: 57.0737 | kl_true_per_action=4.69231149951893e-11 | logratio_p99=0.0 | clamp_hit_frac=0.0
[2026-10-09 23:31:59,801][agent.finetune.train_ppo_diffusion_agent][INFO] - approx_kl: 0.0, update_epoch: 0, num_batch: 4
[2026-10-09 23:32:01,995][agent.finetune.train_ppo_diffusion_agent][INFO] - approx_kl: 8.47596645647819e-11, update_epoch: 0, num_batch: 4
[2026-10-09 23:32:04,273][agent.finetune.train_ppo_diffusion_agent][INFO] - approx_kl: 1.38530742432863e-10, update_epoch: 0, num_batch: 4
[2026-10-09 23:32:06,355][agent.finetune.train_ppo_diffusion_agent][INFO] - approx_kl: 1.3774260898546942e-10, update_epoch: 0, num_batch: 4
[2026-10-09 23:32:08,559][agent.finetune.train_ppo_diffusion_agent][INFO] - approx_kl: 1.7420853648530965e-10, update_epoch: 1, num_batch: 4
[2026-10-09 23:32:10,742][agent.finetune.train_ppo_diffusion_agent][INFO] - approx_kl: 3.3853633785163595e-10, update_epoch: 1, num_batch: 4
[2026-10-09 23:32:13,038][agent.finetune.train_ppo_diffusion_agent][INFO] - approx_kl: 4.3791834047901546e-10, update_epoch: 1, num_batch: 4
[2026-10-09 23:32:15,129][agent.finetune.train_ppo_diffusion_agent][INFO] - approx_kl: 6.526487128510894e-10, update_epoch: 1, num_batch: 4
[2026-10-09 23:32:17,317][agent.finetune.train_ppo_diffusion_agent][INFO] - approx_kl: 1.2742785715502691e-09, update_epoch: 2, num_batch: 4
[2026-10-09 23:32:19,500][agent.finetune.train_ppo_diffusion_agent][INFO] - approx_kl: 1.4345545862326503e-09, update_epoch: 2, num_batch: 4
[2026-10-09 23:32:21,788][agent.finetune.train_ppo_diffusion_agent][INFO] - approx_kl: 1.6919406986559693e-09, update_epoch: 2, num_batch: 4
[2026-10-09 23:32:23,920][agent.finetune.train_ppo_diffusion_agent][INFO] - approx_kl: 1.587449727225021e-09, update_epoch: 2, num_batch: 4
[2026-10-09 23:32:26,108][agent.finetune.train_ppo_diffusion_agent][INFO] - approx_kl: 2.674343857478334e-09, update_epoch: 3, num_batch: 4
[2026-10-09 23:32:28,284][agent.finetune.train_ppo_diffusion_agent][INFO] - approx_kl: 3.107490487153086e-09, update_epoch: 3, num_batch: 4
[2026-10-09 23:32:30,566][agent.finetune.train_ppo_diffusion_agent][INFO] - approx_kl: 5.881191533774199e-09, update_epoch: 3, num_batch: 4
[2026-10-09 23:32:32,664][agent.finetune.train_ppo_diffusion_agent][INFO] - approx_kl: 6.1114469041001485e-09, update_epoch: 3, num_batch: 4
[2026-10-09 23:32:34,844][agent.finetune.train_ppo_diffusion_agent][INFO] - approx_kl: 5.388811175066621e-09, update_epoch: 4, num_batch: 4
[2026-10-09 23:32:37,029][agent.finetune.train_ppo_diffusion_agent][INFO] - approx_kl: 1.1371184882591479e-08, update_epoch: 4, num_batch: 4
[2026-10-09 23:32:39,320][agent.finetune.train_ppo_diffusion_agent][INFO] - approx_kl: 1.2032599805422706e-08, update_epoch: 4, num_batch: 4
[2026-10-09 23:32:41,416][agent.finetune.train_ppo_diffusion_agent][INFO] - approx_kl: 9.609379070241175e-09, update_epoch: 4, num_batch: 4
[2026-10-09 23:32:41,437][agent.finetune.train_ppo_diffusion_agent][INFO] - 87: step  6320000 | loss   0.0090 | pg loss  -0.0001 | value loss   0.0181 | bc loss   0.0000 | reward -1597.0520 | eta   1.0000 | t: 56.2364 | kl_true_per_action=0.00010546043455563389 | logratio_p99=0.0006919294595718226 | clamp_hit_frac=0.0
[2026-10-09 23:32:56,234][agent.finetune.train_ppo_diffusion_agent][INFO] - approx_kl: 0.0, update_epoch: 0, num_batch: 4
[2026-10-09 23:32:58,437][agent.finetune.train_ppo_diffusion_agent][INFO] - approx_kl: 3.498047337902044e-11, update_epoch: 0, num_batch: 4
[2026-10-09 23:33:00,747][agent.finetune.train_ppo_diffusion_agent][INFO] - approx_kl: 8.687842112387045e-11, update_epoch: 0, num_batch: 4
[2026-10-09 23:33:02,847][agent.finetune.train_ppo_diffusion_agent][INFO] - approx_kl: 1.5263444674840088e-10, update_epoch: 0, num_batch: 4
[2026-10-09 23:33:05,039][agent.finetune.train_ppo_diffusion_agent][INFO] - approx_kl: 2.604722826315964e-10, update_epoch: 1, num_batch: 4
[2026-10-09 23:33:07,229][agent.finetune.train_ppo_diffusion_agent][INFO] - approx_kl: 1.3075768245940367e-10, update_epoch: 1, num_batch: 4
[2026-10-09 23:33:09,526][agent.finetune.train_ppo_diffusion_agent][INFO] - approx_kl: 3.878213306052203e-10, update_epoch: 1, num_batch: 4
[2026-10-09 23:33:11,622][agent.finetune.train_ppo_diffusion_agent][INFO] - approx_kl: 3.5118311036974603e-10, update_epoch: 1, num_batch: 4
[2026-10-09 23:33:13,815][agent.finetune.train_ppo_diffusion_agent][INFO] - approx_kl: 5.280971215881891e-10, update_epoch: 2, num_batch: 4
[2026-10-09 23:33:16,012][agent.finetune.train_ppo_diffusion_agent][INFO] - approx_kl: 4.4723971748261704e-10, update_epoch: 2, num_batch: 4
[2026-10-09 23:33:18,315][agent.finetune.train_ppo_diffusion_agent][INFO] - approx_kl: 7.409974855931978e-10, update_epoch: 2, num_batch: 4
[2026-10-09 23:33:20,412][agent.finetune.train_ppo_diffusion_agent][INFO] - approx_kl: 1.4745443754904386e-09, update_epoch: 2, num_batch: 4
[2026-10-09 23:33:22,608][agent.finetune.train_ppo_diffusion_agent][INFO] - approx_kl: 1.7481111003192495e-09, update_epoch: 3, num_batch: 4
[2026-10-09 23:33:24,825][agent.finetune.train_ppo_diffusion_agent][INFO] - approx_kl: 1.67833635877912e-09, update_epoch: 3, num_batch: 4
[2026-10-09 23:33:27,122][agent.finetune.train_ppo_diffusion_agent][INFO] - approx_kl: 8.689798325356435e-10, update_epoch: 3, num_batch: 4
[2026-10-09 23:33:29,220][agent.finetune.train_ppo_diffusion_agent][INFO] - approx_kl: 2.3460853260104386e-09, update_epoch: 3, num_batch: 4
[2026-10-09 23:33:31,410][agent.finetune.train_ppo_diffusion_agent][INFO] - approx_kl: 1.400802251971811e-09, update_epoch: 4, num_batch: 4
[2026-10-09 23:33:33,600][agent.finetune.train_ppo_diffusion_agent][INFO] - approx_kl: 2.043545110907985e-09, update_epoch: 4, num_batch: 4
[2026-10-09 23:33:35,903][agent.finetune.train_ppo_diffusion_agent][INFO] - approx_kl: 4.490464888817769e-09, update_epoch: 4, num_batch: 4
[2026-10-09 23:33:38,007][agent.finetune.train_ppo_diffusion_agent][INFO] - approx_kl: 5.218144583096773e-09, update_epoch: 4, num_batch: 4
[2026-10-09 23:33:38,027][agent.finetune.train_ppo_diffusion_agent][INFO] - 88: step  6400000 | loss   0.0089 | pg loss  -0.0000 | value loss   0.0179 | bc loss   0.0000 | reward -1599.5963 | eta   1.0000 | t: 56.5900 | kl_true_per_action=1.810421011235216e-05 | logratio_p99=0.0 | clamp_hit_frac=0.0
[2026-10-09 23:33:52,792][agent.finetune.train_ppo_diffusion_agent][INFO] - approx_kl: 0.0, update_epoch: 0, num_batch: 4
[2026-10-09 23:33:54,992][agent.finetune.train_ppo_diffusion_agent][INFO] - approx_kl: 1.4474149656606983e-10, update_epoch: 0, num_batch: 4
[2026-10-09 23:33:57,306][agent.finetune.train_ppo_diffusion_agent][INFO] - approx_kl: 2.080830646677967e-10, update_epoch: 0, num_batch: 4
[2026-10-09 23:33:59,408][agent.finetune.train_ppo_diffusion_agent][INFO] - approx_kl: 4.3921172254712815e-10, update_epoch: 0, num_batch: 4
[2026-10-09 23:34:01,602][agent.finetune.train_ppo_diffusion_agent][INFO] - approx_kl: 8.937762752125877e-10, update_epoch: 1, num_batch: 4
[2026-10-09 23:34:03,905][agent.finetune.train_ppo_diffusion_agent][INFO] - approx_kl: 2.419326960989565e-09, update_epoch: 1, num_batch: 4
[2026-10-09 23:34:06,014][agent.finetune.train_ppo_diffusion_agent][INFO] - approx_kl: 2.9390350153590816e-09, update_epoch: 1, num_batch: 4
[2026-10-09 23:34:08,217][agent.finetune.train_ppo_diffusion_agent][INFO] - approx_kl: 3.3391394094195448e-09, update_epoch: 1, num_batch: 4
[2026-10-09 23:34:10,413][agent.finetune.train_ppo_diffusion_agent][INFO] - approx_kl: 7.041435434729237e-09, update_epoch: 2, num_batch: 4
[2026-10-09 23:34:12,726][agent.finetune.train_ppo_diffusion_agent][INFO] - approx_kl: 6.508526606552323e-09, update_epoch: 2, num_batch: 4
[2026-10-09 23:34:14,830][agent.finetune.train_ppo_diffusion_agent][INFO] - approx_kl: 1.1847484771010386e-08, update_epoch: 2, num_batch: 4
[2026-10-09 23:34:17,071][agent.finetune.train_ppo_diffusion_agent][INFO] - approx_kl: 1.1609335714979352e-08, update_epoch: 2, num_batch: 4
[2026-10-09 23:34:19,274][agent.finetune.train_ppo_diffusion_agent][INFO] - approx_kl: 1.5890247340166752e-08, update_epoch: 3, num_batch: 4
[2026-10-09 23:34:21,577][agent.finetune.train_ppo_diffusion_agent][INFO] - approx_kl: 2.282173383605368e-08, update_epoch: 3, num_batch: 4
[2026-10-09 23:34:23,675][agent.finetune.train_ppo_diffusion_agent][INFO] - approx_kl: 2.559270839697092e-08, update_epoch: 3, num_batch: 4
[2026-10-09 23:34:25,866][agent.finetune.train_ppo_diffusion_agent][INFO] - approx_kl: 2.4175493607003773e-08, update_epoch: 3, num_batch: 4
[2026-10-09 23:34:28,055][agent.finetune.train_ppo_diffusion_agent][INFO] - approx_kl: 2.739435878140739e-08, update_epoch: 4, num_batch: 4
[2026-10-09 23:34:30,345][agent.finetune.train_ppo_diffusion_agent][INFO] - approx_kl: 4.976832101988293e-08, update_epoch: 4, num_batch: 4
[2026-10-09 23:34:32,447][agent.finetune.train_ppo_diffusion_agent][INFO] - approx_kl: 3.8749117692304935e-08, update_epoch: 4, num_batch: 4
[2026-10-09 23:34:34,641][agent.finetune.train_ppo_diffusion_agent][INFO] - approx_kl: 5.417011195163468e-08, update_epoch: 4, num_batch: 4
[2026-10-09 23:34:34,660][agent.finetune.train_ppo_diffusion_agent][INFO] - 89: step  6480000 | loss   0.0090 | pg loss  -0.0002 | value loss   0.0183 | bc loss   0.0000 | reward -1603.8824 | eta   1.0000 | t: 56.6338 | kl_true_per_action=0.0002652132487031173 | logratio_p99=0.0 | clamp_hit_frac=0.0
[2026-10-09 23:34:47,098][agent.finetune.train_ppo_diffusion_agent][INFO] - eval: success rate   0.0000 | avg episode reward -1596.5913 | avg best reward   0.4427
[2026-10-09 23:35:01,752][agent.finetune.train_ppo_diffusion_agent][INFO] - approx_kl: 0.0, update_epoch: 0, num_batch: 4
[2026-10-09 23:35:04,034][agent.finetune.train_ppo_diffusion_agent][INFO] - approx_kl: 1.4901160817412662e-13, update_epoch: 0, num_batch: 4
[2026-10-09 23:35:06,140][agent.finetune.train_ppo_diffusion_agent][INFO] - approx_kl: 0.0, update_epoch: 0, num_batch: 4
[2026-10-09 23:35:08,360][agent.finetune.train_ppo_diffusion_agent][INFO] - approx_kl: 0.0, update_epoch: 0, num_batch: 4
[2026-10-09 23:35:10,551][agent.finetune.train_ppo_diffusion_agent][INFO] - approx_kl: 1.192092865393013e-12, update_epoch: 1, num_batch: 4
[2026-10-09 23:35:12,833][agent.finetune.train_ppo_diffusion_agent][INFO] - approx_kl: 0.0, update_epoch: 1, num_batch: 4
[2026-10-09 23:35:14,929][agent.finetune.train_ppo_diffusion_agent][INFO] - approx_kl: -2.9802321634825324e-13, update_epoch: 1, num_batch: 4
[2026-10-09 23:35:17,138][agent.finetune.train_ppo_diffusion_agent][INFO] - approx_kl: 0.0, update_epoch: 1, num_batch: 4
[2026-10-09 23:35:19,322][agent.finetune.train_ppo_diffusion_agent][INFO] - approx_kl: 0.0, update_epoch: 2, num_batch: 4
[2026-10-09 23:35:21,609][agent.finetune.train_ppo_diffusion_agent][INFO] - approx_kl: 1.192092865393013e-12, update_epoch: 2, num_batch: 4
[2026-10-09 23:35:23,694][agent.finetune.train_ppo_diffusion_agent][INFO] - approx_kl: 0.0, update_epoch: 2, num_batch: 4
[2026-10-09 23:35:25,884][agent.finetune.train_ppo_diffusion_agent][INFO] - approx_kl: 1.9371509604737547e-12, update_epoch: 2, num_batch: 4
[2026-10-09 23:35:28,068][agent.finetune.train_ppo_diffusion_agent][INFO] - approx_kl: 1.0430812030087777e-12, update_epoch: 3, num_batch: 4
[2026-10-09 23:35:30,366][agent.finetune.train_ppo_diffusion_agent][INFO] - approx_kl: 0.0, update_epoch: 3, num_batch: 4
[2026-10-09 23:35:32,459][agent.finetune.train_ppo_diffusion_agent][INFO] - approx_kl: 1.7881392980895194e-12, update_epoch: 3, num_batch: 4
[2026-10-09 23:35:34,643][agent.finetune.train_ppo_diffusion_agent][INFO] - approx_kl: 0.0, update_epoch: 3, num_batch: 4
[2026-10-09 23:35:36,827][agent.finetune.train_ppo_diffusion_agent][INFO] - approx_kl: 5.960464326965065e-13, update_epoch: 4, num_batch: 4
[2026-10-09 23:35:39,159][agent.finetune.train_ppo_diffusion_agent][INFO] - approx_kl: 1.192092865393013e-12, update_epoch: 4, num_batch: 4
[2026-10-09 23:35:41,242][agent.finetune.train_ppo_diffusion_agent][INFO] - approx_kl: 0.0, update_epoch: 4, num_batch: 4
[2026-10-09 23:35:43,423][agent.finetune.train_ppo_diffusion_agent][INFO] - approx_kl: 4.02331336649131e-12, update_epoch: 4, num_batch: 4
[2026-10-09 23:35:43,442][agent.finetune.train_ppo_diffusion_agent][INFO] - 91: step  6560000 | loss   0.0095 | pg loss   0.0000 | value loss   0.0189 | bc loss   0.0000 | reward -1602.4421 | eta   1.0000 | t: 56.3440 | kl_true_per_action=0.0 | logratio_p99=0.0 | clamp_hit_frac=0.0
[2026-10-09 23:35:58,689][agent.finetune.train_ppo_diffusion_agent][INFO] - approx_kl: 0.0, update_epoch: 0, num_batch: 4
[2026-10-09 23:36:01,010][agent.finetune.train_ppo_diffusion_agent][INFO] - approx_kl: 8.002854628985645e-11, update_epoch: 0, num_batch: 4
[2026-10-09 23:36:03,108][agent.finetune.train_ppo_diffusion_agent][INFO] - approx_kl: 7.118185901822116e-11, update_epoch: 0, num_batch: 4
[2026-10-09 23:36:05,260][agent.finetune.train_ppo_diffusion_agent][INFO] - approx_kl: 7.595401391169432e-11, update_epoch: 0, num_batch: 4
[2026-10-09 23:36:07,256][agent.finetune.train_ppo_diffusion_agent][INFO] - approx_kl: 1.4564953410012293e-10, update_epoch: 1, num_batch: 4
[2026-10-09 23:36:09,564][agent.finetune.train_ppo_diffusion_agent][INFO] - approx_kl: 2.616181160597364e-10, update_epoch: 1, num_batch: 4
[2026-10-09 23:36:11,675][agent.finetune.train_ppo_diffusion_agent][INFO] - approx_kl: 2.2130086652083492e-10, update_epoch: 1, num_batch: 4
[2026-10-09 23:36:13,854][agent.finetune.train_ppo_diffusion_agent][INFO] - approx_kl: 3.721425112512833e-10, update_epoch: 1, num_batch: 4
[2026-10-09 23:36:16,034][agent.finetune.train_ppo_diffusion_agent][INFO] - approx_kl: 9.787518573389775e-10, update_epoch: 2, num_batch: 4
[2026-10-09 23:36:18,319][agent.finetune.train_ppo_diffusion_agent][INFO] - approx_kl: 5.141956860299501e-10, update_epoch: 2, num_batch: 4
[2026-10-09 23:36:20,411][agent.finetune.train_ppo_diffusion_agent][INFO] - approx_kl: 7.004756219508579e-10, update_epoch: 2, num_batch: 4
[2026-10-09 23:36:22,608][agent.finetune.train_ppo_diffusion_agent][INFO] - approx_kl: 7.606832941320363e-10, update_epoch: 2, num_batch: 4
[2026-10-09 23:36:24,797][agent.finetune.train_ppo_diffusion_agent][INFO] - approx_kl: 1.9144763552247923e-09, update_epoch: 3, num_batch: 4
[2026-10-09 23:36:27,090][agent.finetune.train_ppo_diffusion_agent][INFO] - approx_kl: 2.789920960921677e-09, update_epoch: 3, num_batch: 4
[2026-10-09 23:36:29,194][agent.finetune.train_ppo_diffusion_agent][INFO] - approx_kl: 2.518086628100491e-09, update_epoch: 3, num_batch: 4
[2026-10-09 23:36:31,392][agent.finetune.train_ppo_diffusion_agent][INFO] - approx_kl: 5.838975969396643e-10, update_epoch: 3, num_batch: 4
[2026-10-09 23:36:33,588][agent.finetune.train_ppo_diffusion_agent][INFO] - approx_kl: 4.208736470445729e-09, update_epoch: 4, num_batch: 4
[2026-10-09 23:36:35,876][agent.finetune.train_ppo_diffusion_agent][INFO] - approx_kl: 3.4042795249433766e-09, update_epoch: 4, num_batch: 4
[2026-10-09 23:36:37,980][agent.finetune.train_ppo_diffusion_agent][INFO] - approx_kl: 1.598498999832998e-09, update_epoch: 4, num_batch: 4
[2026-10-09 23:36:40,172][agent.finetune.train_ppo_diffusion_agent][INFO] - approx_kl: 7.499144416556192e-09, update_epoch: 4, num_batch: 4
[2026-10-09 23:36:40,192][agent.finetune.train_ppo_diffusion_agent][INFO] - 92: step  6640000 | loss   0.0094 | pg loss  -0.0001 | value loss   0.0189 | bc loss   0.0000 | reward -1618.7329 | eta   1.0000 | t: 56.7492 | kl_true_per_action=2.318329861318649e-05 | logratio_p99=0.0 | clamp_hit_frac=0.0
[2026-10-09 23:36:55,779][agent.finetune.train_ppo_diffusion_agent][INFO] - approx_kl: 0.0, update_epoch: 0, num_batch: 4
[2026-10-09 23:36:58,068][agent.finetune.train_ppo_diffusion_agent][INFO] - approx_kl: 8.089467984362386e-11, update_epoch: 0, num_batch: 4
[2026-10-09 23:37:00,149][agent.finetune.train_ppo_diffusion_agent][INFO] - approx_kl: 6.76047065550911e-11, update_epoch: 0, num_batch: 4
[2026-10-09 23:37:02,351][agent.finetune.train_ppo_diffusion_agent][INFO] - approx_kl: 1.183710907071145e-10, update_epoch: 0, num_batch: 4
[2026-10-09 23:37:04,531][agent.finetune.train_ppo_diffusion_agent][INFO] - approx_kl: 1.82460060949019e-10, update_epoch: 1, num_batch: 4
[2026-10-09 23:37:06,815][agent.finetune.train_ppo_diffusion_agent][INFO] - approx_kl: 2.0314938620202838e-10, update_epoch: 1, num_batch: 4
[2026-10-09 23:37:08,914][agent.finetune.train_ppo_diffusion_agent][INFO] - approx_kl: 4.5444814578132764e-10, update_epoch: 1, num_batch: 4
[2026-10-09 23:37:11,113][agent.finetune.train_ppo_diffusion_agent][INFO] - approx_kl: 4.4431536228017876e-10, update_epoch: 1, num_batch: 4
[2026-10-09 23:37:13,305][agent.finetune.train_ppo_diffusion_agent][INFO] - approx_kl: 7.307087157570891e-10, update_epoch: 2, num_batch: 4
[2026-10-09 23:37:15,582][agent.finetune.train_ppo_diffusion_agent][INFO] - approx_kl: 1.2625194223403469e-09, update_epoch: 2, num_batch: 4
[2026-10-09 23:37:17,671][agent.finetune.train_ppo_diffusion_agent][INFO] - approx_kl: 1.1680321154727835e-09, update_epoch: 2, num_batch: 4
[2026-10-09 23:37:19,842][agent.finetune.train_ppo_diffusion_agent][INFO] - approx_kl: 2.0448582827015116e-09, update_epoch: 2, num_batch: 4
[2026-10-09 23:37:22,010][agent.finetune.train_ppo_diffusion_agent][INFO] - approx_kl: 2.694540146563895e-09, update_epoch: 3, num_batch: 4
[2026-10-09 23:37:24,279][agent.finetune.train_ppo_diffusion_agent][INFO] - approx_kl: 2.9391458156169392e-09, update_epoch: 3, num_batch: 4
[2026-10-09 23:37:26,364][agent.finetune.train_ppo_diffusion_agent][INFO] - approx_kl: 4.256609731356775e-09, update_epoch: 3, num_batch: 4
[2026-10-09 23:37:28,542][agent.finetune.train_ppo_diffusion_agent][INFO] - approx_kl: 4.9528852130720225e-09, update_epoch: 3, num_batch: 4
[2026-10-09 23:37:30,721][agent.finetune.train_ppo_diffusion_agent][INFO] - approx_kl: 4.808306641734816e-09, update_epoch: 4, num_batch: 4
[2026-10-09 23:37:33,000][agent.finetune.train_ppo_diffusion_agent][INFO] - approx_kl: 7.759015652197832e-09, update_epoch: 4, num_batch: 4
[2026-10-09 23:37:35,096][agent.finetune.train_ppo_diffusion_agent][INFO] - approx_kl: 9.318856797335684e-09, update_epoch: 4, num_batch: 4
[2026-10-09 23:37:37,272][agent.finetune.train_ppo_diffusion_agent][INFO] - approx_kl: 7.225116505082951e-09, update_epoch: 4, num_batch: 4
[2026-10-09 23:37:37,291][agent.finetune.train_ppo_diffusion_agent][INFO] - 93: step  6720000 | loss   0.0092 | pg loss  -0.0001 | value loss   0.0184 | bc loss   0.0000 | reward -1614.0899 | eta   1.0000 | t: 57.0995 | kl_true_per_action=6.0544763701649454e-05 | logratio_p99=0.0 | clamp_hit_frac=0.0
[2026-10-09 23:37:53,062][agent.finetune.train_ppo_diffusion_agent][INFO] - approx_kl: 0.0, update_epoch: 0, num_batch: 4
[2026-10-09 23:37:55,153][agent.finetune.train_ppo_diffusion_agent][INFO] - approx_kl: 9.872018567197438e-13, update_epoch: 0, num_batch: 4
[2026-10-09 23:37:57,330][agent.finetune.train_ppo_diffusion_agent][INFO] - approx_kl: 5.960464326965065e-13, update_epoch: 0, num_batch: 4
[2026-10-09 23:37:59,508][agent.finetune.train_ppo_diffusion_agent][INFO] - approx_kl: -1.192092865393013e-12, update_epoch: 0, num_batch: 4
[2026-10-09 23:38:01,781][agent.finetune.train_ppo_diffusion_agent][INFO] - approx_kl: -5.960464326965065e-13, update_epoch: 1, num_batch: 4
[2026-10-09 23:38:03,877][agent.finetune.train_ppo_diffusion_agent][INFO] - approx_kl: 5.960464326965065e-13, update_epoch: 1, num_batch: 4
[2026-10-09 23:38:06,056][agent.finetune.train_ppo_diffusion_agent][INFO] - approx_kl: -1.4901160817412662e-13, update_epoch: 1, num_batch: 4
[2026-10-09 23:38:08,241][agent.finetune.train_ppo_diffusion_agent][INFO] - approx_kl: 0.0, update_epoch: 1, num_batch: 4
[2026-10-09 23:38:10,527][agent.finetune.train_ppo_diffusion_agent][INFO] - approx_kl: 2.570450146135994e-12, update_epoch: 2, num_batch: 4
[2026-10-09 23:38:12,618][agent.finetune.train_ppo_diffusion_agent][INFO] - approx_kl: 1.7881392980895194e-12, update_epoch: 2, num_batch: 4
[2026-10-09 23:38:14,842][agent.finetune.train_ppo_diffusion_agent][INFO] - approx_kl: -1.192092865393013e-12, update_epoch: 2, num_batch: 4
[2026-10-09 23:38:17,024][agent.finetune.train_ppo_diffusion_agent][INFO] - approx_kl: 1.192092865393013e-12, update_epoch: 2, num_batch: 4
[2026-10-09 23:38:19,310][agent.finetune.train_ppo_diffusion_agent][INFO] - approx_kl: -5.960464326965065e-13, update_epoch: 3, num_batch: 4
[2026-10-09 23:38:21,406][agent.finetune.train_ppo_diffusion_agent][INFO] - approx_kl: 5.960464326965065e-13, update_epoch: 3, num_batch: 4
[2026-10-09 23:38:23,593][agent.finetune.train_ppo_diffusion_agent][INFO] - approx_kl: 0.0, update_epoch: 3, num_batch: 4
[2026-10-09 23:38:25,777][agent.finetune.train_ppo_diffusion_agent][INFO] - approx_kl: 1.6391276357052842e-12, update_epoch: 3, num_batch: 4
[2026-10-09 23:38:28,058][agent.finetune.train_ppo_diffusion_agent][INFO] - approx_kl: 2.384185730786026e-12, update_epoch: 4, num_batch: 4
[2026-10-09 23:38:30,137][agent.finetune.train_ppo_diffusion_agent][INFO] - approx_kl: 1.8626451021765827e-13, update_epoch: 4, num_batch: 4
[2026-10-09 23:38:32,324][agent.finetune.train_ppo_diffusion_agent][INFO] - approx_kl: 5.960464326965065e-13, update_epoch: 4, num_batch: 4
[2026-10-09 23:38:34,510][agent.finetune.train_ppo_diffusion_agent][INFO] - approx_kl: 2.2351740684017907e-12, update_epoch: 4, num_batch: 4
[2026-10-09 23:38:34,529][agent.finetune.train_ppo_diffusion_agent][INFO] - 94: step  6800000 | loss   0.0097 | pg loss  -0.0001 | value loss   0.0196 | bc loss   0.0000 | reward -1609.0003 | eta   1.0000 | t: 57.2381 | kl_true_per_action=0.0 | logratio_p99=0.0 | clamp_hit_frac=0.0
[2026-10-09 23:38:50,296][agent.finetune.train_ppo_diffusion_agent][INFO] - approx_kl: 0.0, update_epoch: 0, num_batch: 4
[2026-10-09 23:38:52,395][agent.finetune.train_ppo_diffusion_agent][INFO] - approx_kl: -1.4901160817412662e-12, update_epoch: 0, num_batch: 4
[2026-10-09 23:38:54,577][agent.finetune.train_ppo_diffusion_agent][INFO] - approx_kl: 5.960464326965065e-13, update_epoch: 0, num_batch: 4
[2026-10-09 23:38:56,759][agent.finetune.train_ppo_diffusion_agent][INFO] - approx_kl: 0.0, update_epoch: 0, num_batch: 4
[2026-10-09 23:38:59,053][agent.finetune.train_ppo_diffusion_agent][INFO] - approx_kl: -2.0861624060175554e-12, update_epoch: 1, num_batch: 4
[2026-10-09 23:39:01,142][agent.finetune.train_ppo_diffusion_agent][INFO] - approx_kl: 0.0, update_epoch: 1, num_batch: 4
[2026-10-09 23:39:03,324][agent.finetune.train_ppo_diffusion_agent][INFO] - approx_kl: 1.192092865393013e-12, update_epoch: 1, num_batch: 4
[2026-10-09 23:39:05,507][agent.finetune.train_ppo_diffusion_agent][INFO] - approx_kl: -8.940696490447597e-13, update_epoch: 1, num_batch: 4
[2026-10-09 23:39:07,810][agent.finetune.train_ppo_diffusion_agent][INFO] - approx_kl: 5.960464326965065e-13, update_epoch: 2, num_batch: 4
[2026-10-09 23:39:09,908][agent.finetune.train_ppo_diffusion_agent][INFO] - approx_kl: 5.960464326965065e-13, update_epoch: 2, num_batch: 4
[2026-10-09 23:39:12,081][agent.finetune.train_ppo_diffusion_agent][INFO] - approx_kl: 2.9802321634825324e-13, update_epoch: 2, num_batch: 4
[2026-10-09 23:39:14,269][agent.finetune.train_ppo_diffusion_agent][INFO] - approx_kl: 0.0, update_epoch: 2, num_batch: 4
[2026-10-09 23:39:16,590][agent.finetune.train_ppo_diffusion_agent][INFO] - approx_kl: 0.0, update_epoch: 3, num_batch: 4
[2026-10-09 23:39:18,691][agent.finetune.train_ppo_diffusion_agent][INFO] - approx_kl: 5.960464326965065e-13, update_epoch: 3, num_batch: 4
[2026-10-09 23:39:20,884][agent.finetune.train_ppo_diffusion_agent][INFO] - approx_kl: 1.192092865393013e-12, update_epoch: 3, num_batch: 4
[2026-10-09 23:39:23,060][agent.finetune.train_ppo_diffusion_agent][INFO] - approx_kl: 0.0, update_epoch: 3, num_batch: 4
[2026-10-09 23:39:25,353][agent.finetune.train_ppo_diffusion_agent][INFO] - approx_kl: 0.0, update_epoch: 4, num_batch: 4
[2026-10-09 23:39:27,456][agent.finetune.train_ppo_diffusion_agent][INFO] - approx_kl: 2.9802321634825324e-13, update_epoch: 4, num_batch: 4
[2026-10-09 23:39:29,641][agent.finetune.train_ppo_diffusion_agent][INFO] - approx_kl: -5.960464326965065e-13, update_epoch: 4, num_batch: 4
[2026-10-09 23:39:31,828][agent.finetune.train_ppo_diffusion_agent][INFO] - approx_kl: 0.0, update_epoch: 4, num_batch: 4
[2026-10-09 23:39:31,847][agent.finetune.train_ppo_diffusion_agent][INFO] - 95: step  6880000 | loss   0.0093 | pg loss  -0.0000 | value loss   0.0186 | bc loss   0.0000 | reward -1571.5861 | eta   1.0000 | t: 57.3179 | kl_true_per_action=0.0 | logratio_p99=0.0 | clamp_hit_frac=0.0
[2026-10-09 23:39:47,576][agent.finetune.train_ppo_diffusion_agent][INFO] - approx_kl: 0.0, update_epoch: 0, num_batch: 4
[2026-10-09 23:39:49,659][agent.finetune.train_ppo_diffusion_agent][INFO] - approx_kl: 1.7900020007899364e-11, update_epoch: 0, num_batch: 4
[2026-10-09 23:39:51,862][agent.finetune.train_ppo_diffusion_agent][INFO] - approx_kl: 2.5865738370600688e-11, update_epoch: 0, num_batch: 4
[2026-10-09 23:39:54,142][agent.finetune.train_ppo_diffusion_agent][INFO] - approx_kl: 5.1050445121214594e-11, update_epoch: 0, num_batch: 4
[2026-10-09 23:39:56,228][agent.finetune.train_ppo_diffusion_agent][INFO] - approx_kl: 6.462447244004466e-11, update_epoch: 1, num_batch: 4
[2026-10-09 23:39:58,409][agent.finetune.train_ppo_diffusion_agent][INFO] - approx_kl: 2.0202831074733751e-10, update_epoch: 1, num_batch: 4
[2026-10-09 23:40:00,582][agent.finetune.train_ppo_diffusion_agent][INFO] - approx_kl: 1.6586854112432547e-10, update_epoch: 1, num_batch: 4
[2026-10-09 23:40:02,864][agent.finetune.train_ppo_diffusion_agent][INFO] - approx_kl: 4.91663820767485e-10, update_epoch: 1, num_batch: 4
[2026-10-09 23:40:04,947][agent.finetune.train_ppo_diffusion_agent][INFO] - approx_kl: 5.79294279212661e-10, update_epoch: 2, num_batch: 4
[2026-10-09 23:40:07,127][agent.finetune.train_ppo_diffusion_agent][INFO] - approx_kl: 3.127194891927587e-10, update_epoch: 2, num_batch: 4
[2026-10-09 23:40:09,317][agent.finetune.train_ppo_diffusion_agent][INFO] - approx_kl: 9.814399293262e-10, update_epoch: 2, num_batch: 4
[2026-10-09 23:40:11,617][agent.finetune.train_ppo_diffusion_agent][INFO] - approx_kl: 2.4084561012216454e-09, update_epoch: 2, num_batch: 4
[2026-10-09 23:40:13,717][agent.finetune.train_ppo_diffusion_agent][INFO] - approx_kl: 2.0533856837090525e-09, update_epoch: 3, num_batch: 4
[2026-10-09 23:40:15,920][agent.finetune.train_ppo_diffusion_agent][INFO] - approx_kl: 2.4109705343278165e-09, update_epoch: 3, num_batch: 4
[2026-10-09 23:40:18,155][agent.finetune.train_ppo_diffusion_agent][INFO] - approx_kl: 2.8516724537297478e-09, update_epoch: 3, num_batch: 4
[2026-10-09 23:40:20,463][agent.finetune.train_ppo_diffusion_agent][INFO] - approx_kl: 3.0657019145508002e-09, update_epoch: 3, num_batch: 4
[2026-10-09 23:40:22,497][agent.finetune.train_ppo_diffusion_agent][INFO] - approx_kl: 2.1281092443814487e-09, update_epoch: 4, num_batch: 4
[2026-10-09 23:40:24,652][agent.finetune.train_ppo_diffusion_agent][INFO] - approx_kl: 9.83733627890615e-09, update_epoch: 4, num_batch: 4
[2026-10-09 23:40:26,833][agent.finetune.train_ppo_diffusion_agent][INFO] - approx_kl: 5.576088923930911e-09, update_epoch: 4, num_batch: 4
[2026-10-09 23:40:29,092][agent.finetune.train_ppo_diffusion_agent][INFO] - approx_kl: 3.8987395534206826e-09, update_epoch: 4, num_batch: 4
[2026-10-09 23:40:29,108][agent.finetune.train_ppo_diffusion_agent][INFO] - 96: step  6960000 | loss   0.0093 | pg loss   0.0000 | value loss   0.0186 | bc loss   0.0000 | reward -1560.0629 | eta   1.0000 | t: 57.2611 | kl_true_per_action=1.942352794323122e-05 | logratio_p99=0.0 | clamp_hit_frac=0.0
[2026-10-09 23:40:44,432][agent.finetune.train_ppo_diffusion_agent][INFO] - approx_kl: 0.0, update_epoch: 0, num_batch: 4
[2026-10-09 23:40:46,636][agent.finetune.train_ppo_diffusion_agent][INFO] - approx_kl: 2.9643995591577266e-11, update_epoch: 0, num_batch: 4
[2026-10-09 23:40:48,826][agent.finetune.train_ppo_diffusion_agent][INFO] - approx_kl: 1.5223398930341858e-10, update_epoch: 0, num_batch: 4
[2026-10-09 23:40:51,145][agent.finetune.train_ppo_diffusion_agent][INFO] - approx_kl: 1.7850659839169225e-10, update_epoch: 0, num_batch: 4
[2026-10-09 23:40:53,254][agent.finetune.train_ppo_diffusion_agent][INFO] - approx_kl: 3.3287331224762795e-10, update_epoch: 1, num_batch: 4
[2026-10-09 23:40:55,451][agent.finetune.train_ppo_diffusion_agent][INFO] - approx_kl: 3.388710145824092e-10, update_epoch: 1, num_batch: 4
[2026-10-09 23:40:57,644][agent.finetune.train_ppo_diffusion_agent][INFO] - approx_kl: 2.196337972604212e-10, update_epoch: 1, num_batch: 4
[2026-10-09 23:40:59,735][agent.finetune.train_ppo_diffusion_agent][INFO] - approx_kl: 1.3589672720470958e-09, update_epoch: 1, num_batch: 4
[2026-10-09 23:41:01,748][agent.finetune.train_ppo_diffusion_agent][INFO] - approx_kl: 1.821666928414345e-09, update_epoch: 2, num_batch: 4
[2026-10-09 23:41:03,950][agent.finetune.train_ppo_diffusion_agent][INFO] - approx_kl: 9.463541061904834e-10, update_epoch: 2, num_batch: 4
[2026-10-09 23:41:06,164][agent.finetune.train_ppo_diffusion_agent][INFO] - approx_kl: 9.496695652089215e-10, update_epoch: 2, num_batch: 4
[2026-10-09 23:41:08,479][agent.finetune.train_ppo_diffusion_agent][INFO] - approx_kl: 1.6229598776007492e-09, update_epoch: 2, num_batch: 4
[2026-10-09 23:41:10,619][agent.finetune.train_ppo_diffusion_agent][INFO] - approx_kl: 5.199983554859955e-09, update_epoch: 3, num_batch: 4
[2026-10-09 23:41:12,824][agent.finetune.train_ppo_diffusion_agent][INFO] - approx_kl: 2.8742477287124757e-09, update_epoch: 3, num_batch: 4
[2026-10-09 23:41:15,032][agent.finetune.train_ppo_diffusion_agent][INFO] - approx_kl: 1.7600785273685915e-09, update_epoch: 3, num_batch: 4
[2026-10-09 23:41:17,325][agent.finetune.train_ppo_diffusion_agent][INFO] - approx_kl: 1.0454654919556106e-09, update_epoch: 3, num_batch: 4
[2026-10-09 23:41:19,442][agent.finetune.train_ppo_diffusion_agent][INFO] - approx_kl: 2.2169202029687085e-09, update_epoch: 4, num_batch: 4
[2026-10-09 23:41:21,655][agent.finetune.train_ppo_diffusion_agent][INFO] - approx_kl: 1.1302121016854016e-08, update_epoch: 4, num_batch: 4
[2026-10-09 23:41:23,867][agent.finetune.train_ppo_diffusion_agent][INFO] - approx_kl: 2.878624894009363e-09, update_epoch: 4, num_batch: 4
[2026-10-09 23:41:26,211][agent.finetune.train_ppo_diffusion_agent][INFO] - approx_kl: 3.0745099799389664e-09, update_epoch: 4, num_batch: 4
[2026-10-09 23:41:26,230][agent.finetune.train_ppo_diffusion_agent][INFO] - 97: step  7040000 | loss   0.0095 | pg loss   0.0000 | value loss   0.0190 | bc loss   0.0000 | reward -1576.6774 | eta   1.0000 | t: 57.1220 | kl_true_per_action=1.8964157531177146e-05 | logratio_p99=0.0 | clamp_hit_frac=0.0
[2026-10-09 23:41:40,968][agent.finetune.train_ppo_diffusion_agent][INFO] - approx_kl: 0.0, update_epoch: 0, num_batch: 4
[2026-10-09 23:41:43,188][agent.finetune.train_ppo_diffusion_agent][INFO] - approx_kl: 1.192092865393013e-12, update_epoch: 0, num_batch: 4
[2026-10-09 23:41:45,374][agent.finetune.train_ppo_diffusion_agent][INFO] - approx_kl: 0.0, update_epoch: 0, num_batch: 4
[2026-10-09 23:41:47,677][agent.finetune.train_ppo_diffusion_agent][INFO] - approx_kl: -1.192092865393013e-12, update_epoch: 0, num_batch: 4
[2026-10-09 23:41:49,778][agent.finetune.train_ppo_diffusion_agent][INFO] - approx_kl: 0.0, update_epoch: 1, num_batch: 4
[2026-10-09 23:41:51,973][agent.finetune.train_ppo_diffusion_agent][INFO] - approx_kl: 1.7881392980895194e-12, update_epoch: 1, num_batch: 4
[2026-10-09 23:41:54,169][agent.finetune.train_ppo_diffusion_agent][INFO] - approx_kl: 0.0, update_epoch: 1, num_batch: 4
[2026-10-09 23:41:56,471][agent.finetune.train_ppo_diffusion_agent][INFO] - approx_kl: 1.192092865393013e-12, update_epoch: 1, num_batch: 4
[2026-10-09 23:41:58,578][agent.finetune.train_ppo_diffusion_agent][INFO] - approx_kl: 5.960464326965065e-13, update_epoch: 2, num_batch: 4
[2026-10-09 23:42:00,782][agent.finetune.train_ppo_diffusion_agent][INFO] - approx_kl: 1.192092865393013e-12, update_epoch: 2, num_batch: 4
[2026-10-09 23:42:02,976][agent.finetune.train_ppo_diffusion_agent][INFO] - approx_kl: 0.0, update_epoch: 2, num_batch: 4
[2026-10-09 23:42:05,277][agent.finetune.train_ppo_diffusion_agent][INFO] - approx_kl: 5.960464326965065e-13, update_epoch: 2, num_batch: 4
[2026-10-09 23:42:07,378][agent.finetune.train_ppo_diffusion_agent][INFO] - approx_kl: 1.192092865393013e-12, update_epoch: 3, num_batch: 4
[2026-10-09 23:42:09,589][agent.finetune.train_ppo_diffusion_agent][INFO] - approx_kl: 1.192092865393013e-12, update_epoch: 3, num_batch: 4
[2026-10-09 23:42:11,823][agent.finetune.train_ppo_diffusion_agent][INFO] - approx_kl: 0.0, update_epoch: 3, num_batch: 4
[2026-10-09 23:42:14,108][agent.finetune.train_ppo_diffusion_agent][INFO] - approx_kl: 0.0, update_epoch: 3, num_batch: 4
[2026-10-09 23:42:16,201][agent.finetune.train_ppo_diffusion_agent][INFO] - approx_kl: 1.192092865393013e-12, update_epoch: 4, num_batch: 4
[2026-10-09 23:42:18,398][agent.finetune.train_ppo_diffusion_agent][INFO] - approx_kl: -2.9802321634825324e-13, update_epoch: 4, num_batch: 4
[2026-10-09 23:42:20,588][agent.finetune.train_ppo_diffusion_agent][INFO] - approx_kl: 0.0, update_epoch: 4, num_batch: 4
[2026-10-09 23:42:22,893][agent.finetune.train_ppo_diffusion_agent][INFO] - approx_kl: 0.0, update_epoch: 4, num_batch: 4
[2026-10-09 23:42:22,912][agent.finetune.train_ppo_diffusion_agent][INFO] - 98: step  7120000 | loss   0.0097 | pg loss  -0.0000 | value loss   0.0193 | bc loss   0.0000 | reward -1646.6776 | eta   1.0000 | t: 56.6821 | kl_true_per_action=1.894680295275739e-09 | logratio_p99=0.0 | clamp_hit_frac=0.0
[2026-10-09 23:42:37,617][agent.finetune.train_ppo_diffusion_agent][INFO] - approx_kl: 0.0, update_epoch: 0, num_batch: 4
[2026-10-09 23:42:39,812][agent.finetune.train_ppo_diffusion_agent][INFO] - approx_kl: 4.223081953580454e-11, update_epoch: 0, num_batch: 4
[2026-10-09 23:42:41,989][agent.finetune.train_ppo_diffusion_agent][INFO] - approx_kl: 7.006339258763816e-11, update_epoch: 0, num_batch: 4
[2026-10-09 23:42:44,272][agent.finetune.train_ppo_diffusion_agent][INFO] - approx_kl: 8.493079850513396e-11, update_epoch: 0, num_batch: 4
[2026-10-09 23:42:46,364][agent.finetune.train_ppo_diffusion_agent][INFO] - approx_kl: 1.2445262875804275e-10, update_epoch: 1, num_batch: 4
[2026-10-09 23:42:48,550][agent.finetune.train_ppo_diffusion_agent][INFO] - approx_kl: 1.8550082303558924e-10, update_epoch: 1, num_batch: 4
[2026-10-09 23:42:50,735][agent.finetune.train_ppo_diffusion_agent][INFO] - approx_kl: 2.8293695164549604e-10, update_epoch: 1, num_batch: 4
[2026-10-09 23:42:53,031][agent.finetune.train_ppo_diffusion_agent][INFO] - approx_kl: 3.8663855450593587e-10, update_epoch: 1, num_batch: 4
[2026-10-09 23:42:55,126][agent.finetune.train_ppo_diffusion_agent][INFO] - approx_kl: 4.362128436241619e-10, update_epoch: 2, num_batch: 4
[2026-10-09 23:42:57,314][agent.finetune.train_ppo_diffusion_agent][INFO] - approx_kl: 6.728432810909624e-10, update_epoch: 2, num_batch: 4
[2026-10-09 23:42:59,502][agent.finetune.train_ppo_diffusion_agent][INFO] - approx_kl: 2.3589469266838137e-10, update_epoch: 2, num_batch: 4
[2026-10-09 23:43:01,805][agent.finetune.train_ppo_diffusion_agent][INFO] - approx_kl: 1.5237181516525311e-09, update_epoch: 2, num_batch: 4
[2026-10-09 23:43:03,943][agent.finetune.train_ppo_diffusion_agent][INFO] - approx_kl: 1.0979920306297686e-09, update_epoch: 3, num_batch: 4
[2026-10-09 23:43:06,133][agent.finetune.train_ppo_diffusion_agent][INFO] - approx_kl: 3.6345793041903107e-10, update_epoch: 3, num_batch: 4
[2026-10-09 23:43:08,337][agent.finetune.train_ppo_diffusion_agent][INFO] - approx_kl: 2.923363329188078e-09, update_epoch: 3, num_batch: 4
[2026-10-09 23:43:10,636][agent.finetune.train_ppo_diffusion_agent][INFO] - approx_kl: 1.4595314956622474e-09, update_epoch: 3, num_batch: 4
[2026-10-09 23:43:12,744][agent.finetune.train_ppo_diffusion_agent][INFO] - approx_kl: 1.0763387958689918e-09, update_epoch: 4, num_batch: 4
[2026-10-09 23:43:14,933][agent.finetune.train_ppo_diffusion_agent][INFO] - approx_kl: 3.689750949220638e-09, update_epoch: 4, num_batch: 4
[2026-10-09 23:43:17,130][agent.finetune.train_ppo_diffusion_agent][INFO] - approx_kl: 3.5709606382994252e-09, update_epoch: 4, num_batch: 4
[2026-10-09 23:43:19,431][agent.finetune.train_ppo_diffusion_agent][INFO] - approx_kl: 1.7434649279834957e-09, update_epoch: 4, num_batch: 4
[2026-10-09 23:43:19,447][agent.finetune.train_ppo_diffusion_agent][INFO] - 99: step  7200000 | loss   0.0099 | pg loss   0.0002 | value loss   0.0194 | bc loss   0.0000 | reward -1610.2197 | eta   1.0000 | t: 56.5350 | kl_true_per_action=2.8560784583438265e-05 | logratio_p99=0.0 | clamp_hit_frac=0.0
[2026-10-09 23:43:31,961][agent.finetune.train_ppo_diffusion_agent][INFO] - eval: success rate   0.0000 | avg episode reward -1606.2773 | avg best reward   0.4586
[2026-10-09 23:43:46,802][agent.finetune.train_ppo_diffusion_agent][INFO] - approx_kl: 0.0, update_epoch: 0, num_batch: 4
[2026-10-09 23:43:49,011][agent.finetune.train_ppo_diffusion_agent][INFO] - approx_kl: -5.960464326965065e-13, update_epoch: 0, num_batch: 4
[2026-10-09 23:43:51,303][agent.finetune.train_ppo_diffusion_agent][INFO] - approx_kl: -5.960464326965065e-13, update_epoch: 0, num_batch: 4
[2026-10-09 23:43:53,397][agent.finetune.train_ppo_diffusion_agent][INFO] - approx_kl: 0.0, update_epoch: 0, num_batch: 4
[2026-10-09 23:43:55,602][agent.finetune.train_ppo_diffusion_agent][INFO] - approx_kl: 5.960464326965065e-13, update_epoch: 1, num_batch: 4
[2026-10-09 23:43:57,793][agent.finetune.train_ppo_diffusion_agent][INFO] - approx_kl: 0.0, update_epoch: 1, num_batch: 4
[2026-10-09 23:44:00,088][agent.finetune.train_ppo_diffusion_agent][INFO] - approx_kl: -5.960464326965065e-13, update_epoch: 1, num_batch: 4
[2026-10-09 23:44:02,180][agent.finetune.train_ppo_diffusion_agent][INFO] - approx_kl: 1.192092865393013e-12, update_epoch: 1, num_batch: 4
[2026-10-09 23:44:04,423][agent.finetune.train_ppo_diffusion_agent][INFO] - approx_kl: 4.4703482452237986e-13, update_epoch: 2, num_batch: 4
[2026-10-09 23:44:06,615][agent.finetune.train_ppo_diffusion_agent][INFO] - approx_kl: -5.960464326965065e-13, update_epoch: 2, num_batch: 4
[2026-10-09 23:44:08,915][agent.finetune.train_ppo_diffusion_agent][INFO] - approx_kl: 0.0, update_epoch: 2, num_batch: 4
[2026-10-09 23:44:11,008][agent.finetune.train_ppo_diffusion_agent][INFO] - approx_kl: 1.192092865393013e-12, update_epoch: 2, num_batch: 4
[2026-10-09 23:44:13,209][agent.finetune.train_ppo_diffusion_agent][INFO] - approx_kl: 4.4703482452237986e-13, update_epoch: 3, num_batch: 4
[2026-10-09 23:44:15,404][agent.finetune.train_ppo_diffusion_agent][INFO] - approx_kl: 0.0, update_epoch: 3, num_batch: 4
[2026-10-09 23:44:17,711][agent.finetune.train_ppo_diffusion_agent][INFO] - approx_kl: 5.960464326965065e-13, update_epoch: 3, num_batch: 4
[2026-10-09 23:44:19,806][agent.finetune.train_ppo_diffusion_agent][INFO] - approx_kl: 0.0, update_epoch: 3, num_batch: 4
[2026-10-09 23:44:22,002][agent.finetune.train_ppo_diffusion_agent][INFO] - approx_kl: 1.192092865393013e-12, update_epoch: 4, num_batch: 4
[2026-10-09 23:44:24,204][agent.finetune.train_ppo_diffusion_agent][INFO] - approx_kl: 0.0, update_epoch: 4, num_batch: 4
[2026-10-09 23:44:26,529][agent.finetune.train_ppo_diffusion_agent][INFO] - approx_kl: 1.0430812030087777e-12, update_epoch: 4, num_batch: 4
[2026-10-09 23:44:28,625][agent.finetune.train_ppo_diffusion_agent][INFO] - approx_kl: 1.192092865393013e-12, update_epoch: 4, num_batch: 4
[2026-10-09 23:44:28,645][agent.finetune.train_ppo_diffusion_agent][INFO] - 101: step  7280000 | loss   0.0102 | pg loss   0.0001 | value loss   0.0202 | bc loss   0.0000 | reward -1606.7194 | eta   1.0000 | t: 56.6831 | kl_true_per_action=0.0 | logratio_p99=0.0 | clamp_hit_frac=0.0
[2026-10-09 23:44:44,313][agent.finetune.train_ppo_diffusion_agent][INFO] - approx_kl: 0.0, update_epoch: 0, num_batch: 4
[2026-10-09 23:44:46,496][agent.finetune.train_ppo_diffusion_agent][INFO] - approx_kl: 4.5377528123946576e-11, update_epoch: 0, num_batch: 4
[2026-10-09 23:44:48,779][agent.finetune.train_ppo_diffusion_agent][INFO] - approx_kl: 7.157213710584642e-11, update_epoch: 0, num_batch: 4
[2026-10-09 23:44:50,869][agent.finetune.train_ppo_diffusion_agent][INFO] - approx_kl: 8.226837960867428e-11, update_epoch: 0, num_batch: 4
[2026-10-09 23:44:53,055][agent.finetune.train_ppo_diffusion_agent][INFO] - approx_kl: 1.0048620963098998e-10, update_epoch: 1, num_batch: 4
[2026-10-09 23:44:55,236][agent.finetune.train_ppo_diffusion_agent][INFO] - approx_kl: 1.0106479542137947e-10, update_epoch: 1, num_batch: 4
[2026-10-09 23:44:57,557][agent.finetune.train_ppo_diffusion_agent][INFO] - approx_kl: 1.7712590283380791e-09, update_epoch: 1, num_batch: 4
[2026-10-09 23:44:59,653][agent.finetune.train_ppo_diffusion_agent][INFO] - approx_kl: 1.9981991061790438e-10, update_epoch: 1, num_batch: 4
[2026-10-09 23:45:01,842][agent.finetune.train_ppo_diffusion_agent][INFO] - approx_kl: 3.4177383145816975e-10, update_epoch: 2, num_batch: 4
[2026-10-09 23:45:04,023][agent.finetune.train_ppo_diffusion_agent][INFO] - approx_kl: 9.459177441328848e-09, update_epoch: 2, num_batch: 4
[2026-10-09 23:45:06,312][agent.finetune.train_ppo_diffusion_agent][INFO] - approx_kl: 4.489312255273603e-10, update_epoch: 2, num_batch: 4
[2026-10-09 23:45:08,425][agent.finetune.train_ppo_diffusion_agent][INFO] - approx_kl: 1.0322732668655021e-09, update_epoch: 2, num_batch: 4
[2026-10-09 23:45:10,604][agent.finetune.train_ppo_diffusion_agent][INFO] - approx_kl: 1.4024483796504228e-09, update_epoch: 3, num_batch: 4
[2026-10-09 23:45:12,788][agent.finetune.train_ppo_diffusion_agent][INFO] - approx_kl: 1.7273535934947404e-09, update_epoch: 3, num_batch: 4
[2026-10-09 23:45:15,079][agent.finetune.train_ppo_diffusion_agent][INFO] - approx_kl: 1.0956451301780135e-09, update_epoch: 3, num_batch: 4
[2026-10-09 23:45:17,167][agent.finetune.train_ppo_diffusion_agent][INFO] - approx_kl: 4.143956999769216e-08, update_epoch: 3, num_batch: 4
[2026-10-09 23:45:19,350][agent.finetune.train_ppo_diffusion_agent][INFO] - approx_kl: 4.8724473344918806e-08, update_epoch: 4, num_batch: 4
[2026-10-09 23:45:21,532][agent.finetune.train_ppo_diffusion_agent][INFO] - approx_kl: 2.713487434746753e-09, update_epoch: 4, num_batch: 4
[2026-10-09 23:45:23,818][agent.finetune.train_ppo_diffusion_agent][INFO] - approx_kl: 4.0824623681601224e-09, update_epoch: 4, num_batch: 4
[2026-10-09 23:45:25,906][agent.finetune.train_ppo_diffusion_agent][INFO] - approx_kl: 3.0349660562478675e-09, update_epoch: 4, num_batch: 4
[2026-10-09 23:45:25,925][agent.finetune.train_ppo_diffusion_agent][INFO] - 102: step  7360000 | loss   0.0098 | pg loss   0.0000 | value loss   0.0196 | bc loss   0.0000 | reward -1637.5375 | eta   1.0000 | t: 57.2806 | kl_true_per_action=1.3968792968508323e-05 | logratio_p99=0.0 | clamp_hit_frac=0.0
[2026-10-09 23:45:41,645][agent.finetune.train_ppo_diffusion_agent][INFO] - approx_kl: 0.0, update_epoch: 0, num_batch: 4
[2026-10-09 23:45:43,819][agent.finetune.train_ppo_diffusion_agent][INFO] - approx_kl: 1.4901160817412662e-12, update_epoch: 0, num_batch: 4
[2026-10-09 23:45:46,107][agent.finetune.train_ppo_diffusion_agent][INFO] - approx_kl: 0.0, update_epoch: 0, num_batch: 4
[2026-10-09 23:45:48,194][agent.finetune.train_ppo_diffusion_agent][INFO] - approx_kl: 1.1548400040070628e-12, update_epoch: 0, num_batch: 4
[2026-10-09 23:45:50,381][agent.finetune.train_ppo_diffusion_agent][INFO] - approx_kl: -6.332993482925653e-13, update_epoch: 1, num_batch: 4
[2026-10-09 23:45:52,650][agent.finetune.train_ppo_diffusion_agent][INFO] - approx_kl: 0.0, update_epoch: 1, num_batch: 4
[2026-10-09 23:45:54,730][agent.finetune.train_ppo_diffusion_agent][INFO] - approx_kl: 1.192092865393013e-12, update_epoch: 1, num_batch: 4
[2026-10-09 23:45:56,901][agent.finetune.train_ppo_diffusion_agent][INFO] - approx_kl: 0.0, update_epoch: 1, num_batch: 4
[2026-10-09 23:45:59,106][agent.finetune.train_ppo_diffusion_agent][INFO] - approx_kl: -1.192092865393013e-12, update_epoch: 2, num_batch: 4
[2026-10-09 23:46:01,393][agent.finetune.train_ppo_diffusion_agent][INFO] - approx_kl: 1.192092865393013e-12, update_epoch: 2, num_batch: 4
[2026-10-09 23:46:03,478][agent.finetune.train_ppo_diffusion_agent][INFO] - approx_kl: 1.1175870613059496e-13, update_epoch: 2, num_batch: 4
[2026-10-09 23:46:05,651][agent.finetune.train_ppo_diffusion_agent][INFO] - approx_kl: 1.192092865393013e-12, update_epoch: 2, num_batch: 4
[2026-10-09 23:46:07,824][agent.finetune.train_ppo_diffusion_agent][INFO] - approx_kl: 5.960464326965065e-13, update_epoch: 3, num_batch: 4
[2026-10-09 23:46:10,128][agent.finetune.train_ppo_diffusion_agent][INFO] - approx_kl: 1.4901160817412662e-12, update_epoch: 3, num_batch: 4
[2026-10-09 23:46:12,212][agent.finetune.train_ppo_diffusion_agent][INFO] - approx_kl: 0.0, update_epoch: 3, num_batch: 4
[2026-10-09 23:46:14,384][agent.finetune.train_ppo_diffusion_agent][INFO] - approx_kl: 0.0, update_epoch: 3, num_batch: 4
[2026-10-09 23:46:16,552][agent.finetune.train_ppo_diffusion_agent][INFO] - approx_kl: 1.0430812030087777e-12, update_epoch: 4, num_batch: 4
[2026-10-09 23:46:18,827][agent.finetune.train_ppo_diffusion_agent][INFO] - approx_kl: 0.0, update_epoch: 4, num_batch: 4
[2026-10-09 23:46:20,912][agent.finetune.train_ppo_diffusion_agent][INFO] - approx_kl: 3.874301920947509e-12, update_epoch: 4, num_batch: 4
[2026-10-09 23:46:23,132][agent.finetune.train_ppo_diffusion_agent][INFO] - approx_kl: 1.192092865393013e-12, update_epoch: 4, num_batch: 4
[2026-10-09 23:46:23,150][agent.finetune.train_ppo_diffusion_agent][INFO] - 103: step  7440000 | loss   0.0100 | pg loss  -0.0001 | value loss   0.0202 | bc loss   0.0000 | reward -1663.6511 | eta   1.0000 | t: 57.2246 | kl_true_per_action=4.0836356015863314e-09 | logratio_p99=0.0 | clamp_hit_frac=0.0
[2026-10-09 23:46:38,906][agent.finetune.train_ppo_diffusion_agent][INFO] - approx_kl: 0.0, update_epoch: 0, num_batch: 4
[2026-10-09 23:46:41,208][agent.finetune.train_ppo_diffusion_agent][INFO] - approx_kl: 1.7508864150195258e-11, update_epoch: 0, num_batch: 4
[2026-10-09 23:46:43,310][agent.finetune.train_ppo_diffusion_agent][INFO] - approx_kl: 3.5548581439615035e-11, update_epoch: 0, num_batch: 4
[2026-10-09 23:46:45,477][agent.finetune.train_ppo_diffusion_agent][INFO] - approx_kl: 4.511326381906322e-11, update_epoch: 0, num_batch: 4
[2026-10-09 23:46:47,658][agent.finetune.train_ppo_diffusion_agent][INFO] - approx_kl: 3.94508245515901e-11, update_epoch: 1, num_batch: 4
[2026-10-09 23:46:49,955][agent.finetune.train_ppo_diffusion_agent][INFO] - approx_kl: 7.58655360755256e-11, update_epoch: 1, num_batch: 4
[2026-10-09 23:46:52,052][agent.finetune.train_ppo_diffusion_agent][INFO] - approx_kl: 1.1899042862140163e-10, update_epoch: 1, num_batch: 4
[2026-10-09 23:46:54,239][agent.finetune.train_ppo_diffusion_agent][INFO] - approx_kl: 1.8656252931403827e-10, update_epoch: 1, num_batch: 4
[2026-10-09 23:46:56,418][agent.finetune.train_ppo_diffusion_agent][INFO] - approx_kl: 3.2752286993620316e-10, update_epoch: 2, num_batch: 4
[2026-10-09 23:46:58,721][agent.finetune.train_ppo_diffusion_agent][INFO] - approx_kl: 7.990002548474706e-10, update_epoch: 2, num_batch: 4
[2026-10-09 23:47:00,816][agent.finetune.train_ppo_diffusion_agent][INFO] - approx_kl: 4.0010547652791217e-10, update_epoch: 2, num_batch: 4
[2026-10-09 23:47:03,016][agent.finetune.train_ppo_diffusion_agent][INFO] - approx_kl: 8.966354325679049e-10, update_epoch: 2, num_batch: 4
[2026-10-09 23:47:05,201][agent.finetune.train_ppo_diffusion_agent][INFO] - approx_kl: 1.2778070823671328e-09, update_epoch: 3, num_batch: 4
[2026-10-09 23:47:07,511][agent.finetune.train_ppo_diffusion_agent][INFO] - approx_kl: 3.1551252721584433e-09, update_epoch: 3, num_batch: 4
[2026-10-09 23:47:09,600][agent.finetune.train_ppo_diffusion_agent][INFO] - approx_kl: 2.2025965495942046e-09, update_epoch: 3, num_batch: 4
[2026-10-09 23:47:11,783][agent.finetune.train_ppo_diffusion_agent][INFO] - approx_kl: 1.0222661606107408e-09, update_epoch: 3, num_batch: 4
[2026-10-09 23:47:13,967][agent.finetune.train_ppo_diffusion_agent][INFO] - approx_kl: 3.115152802379839e-09, update_epoch: 4, num_batch: 4
[2026-10-09 23:47:16,259][agent.finetune.train_ppo_diffusion_agent][INFO] - approx_kl: 1.5504239003760745e-09, update_epoch: 4, num_batch: 4
[2026-10-09 23:47:18,347][agent.finetune.train_ppo_diffusion_agent][INFO] - approx_kl: 7.381522948435304e-09, update_epoch: 4, num_batch: 4
[2026-10-09 23:47:20,538][agent.finetune.train_ppo_diffusion_agent][INFO] - approx_kl: 4.873862202714463e-09, update_epoch: 4, num_batch: 4
[2026-10-09 23:47:20,557][agent.finetune.train_ppo_diffusion_agent][INFO] - 104: step  7520000 | loss   0.0103 | pg loss  -0.0001 | value loss   0.0207 | bc loss   0.0000 | reward -1628.3532 | eta   1.0000 | t: 57.4076 | kl_true_per_action=8.144211152973752e-05 | logratio_p99=0.0 | clamp_hit_frac=0.0
[2026-10-09 23:47:36,247][agent.finetune.train_ppo_diffusion_agent][INFO] - approx_kl: 0.0, update_epoch: 0, num_batch: 4
[2026-10-09 23:47:38,554][agent.finetune.train_ppo_diffusion_agent][INFO] - approx_kl: 5.960464326965065e-13, update_epoch: 0, num_batch: 4
[2026-10-09 23:47:40,647][agent.finetune.train_ppo_diffusion_agent][INFO] - approx_kl: 5.960464326965065e-13, update_epoch: 0, num_batch: 4
[2026-10-09 23:47:42,848][agent.finetune.train_ppo_diffusion_agent][INFO] - approx_kl: -4.4703482452237986e-13, update_epoch: 0, num_batch: 4
[2026-10-09 23:47:45,027][agent.finetune.train_ppo_diffusion_agent][INFO] - approx_kl: 2.0861624060175554e-12, update_epoch: 1, num_batch: 4
[2026-10-09 23:47:47,319][agent.finetune.train_ppo_diffusion_agent][INFO] - approx_kl: 1.192092865393013e-12, update_epoch: 1, num_batch: 4
[2026-10-09 23:47:49,420][agent.finetune.train_ppo_diffusion_agent][INFO] - approx_kl: -5.960464326965065e-13, update_epoch: 1, num_batch: 4
[2026-10-09 23:47:51,607][agent.finetune.train_ppo_diffusion_agent][INFO] - approx_kl: 1.9371509604737547e-12, update_epoch: 1, num_batch: 4
[2026-10-09 23:47:53,786][agent.finetune.train_ppo_diffusion_agent][INFO] - approx_kl: 2.0861624060175554e-12, update_epoch: 2, num_batch: 4
[2026-10-09 23:47:56,066][agent.finetune.train_ppo_diffusion_agent][INFO] - approx_kl: 5.960464326965065e-13, update_epoch: 2, num_batch: 4
[2026-10-09 23:47:58,153][agent.finetune.train_ppo_diffusion_agent][INFO] - approx_kl: 3.4272669337948036e-12, update_epoch: 2, num_batch: 4
[2026-10-09 23:48:00,320][agent.finetune.train_ppo_diffusion_agent][INFO] - approx_kl: 0.0, update_epoch: 2, num_batch: 4
[2026-10-09 23:48:02,492][agent.finetune.train_ppo_diffusion_agent][INFO] - approx_kl: 2.9802321634825324e-12, update_epoch: 3, num_batch: 4
[2026-10-09 23:48:04,807][agent.finetune.train_ppo_diffusion_agent][INFO] - approx_kl: 4.768371461572052e-12, update_epoch: 3, num_batch: 4
[2026-10-09 23:48:06,893][agent.finetune.train_ppo_diffusion_agent][INFO] - approx_kl: 1.4901160817412662e-12, update_epoch: 3, num_batch: 4
[2026-10-09 23:48:09,080][agent.finetune.train_ppo_diffusion_agent][INFO] - approx_kl: -5.960464326965065e-13, update_epoch: 3, num_batch: 4
[2026-10-09 23:48:11,261][agent.finetune.train_ppo_diffusion_agent][INFO] - approx_kl: -5.960464326965065e-13, update_epoch: 4, num_batch: 4
[2026-10-09 23:48:13,548][agent.finetune.train_ppo_diffusion_agent][INFO] - approx_kl: 4.768371461572052e-12, update_epoch: 4, num_batch: 4
[2026-10-09 23:48:15,633][agent.finetune.train_ppo_diffusion_agent][INFO] - approx_kl: 2.2351740684017907e-12, update_epoch: 4, num_batch: 4
[2026-10-09 23:48:17,804][agent.finetune.train_ppo_diffusion_agent][INFO] - approx_kl: 3.874301920947509e-12, update_epoch: 4, num_batch: 4
[2026-10-09 23:48:17,890][agent.finetune.train_agent][INFO] - Saved model to /soalnas/share/data/zbao7/diffusion_policy/results/stage2_noclip/runs/NC1_recovery_seed1/native/checkpoint/state_105.pt
[2026-10-09 23:48:17,890][agent.finetune.train_ppo_diffusion_agent][INFO] - 105: step  7600000 | loss   0.0108 | pg loss   0.0001 | value loss   0.0215 | bc loss   0.0000 | reward -1578.8701 | eta   1.0000 | t: 57.3326 | kl_true_per_action=9.233213734889147e-10 | logratio_p99=0.0 | clamp_hit_frac=0.0
[2026-10-09 23:48:33,549][agent.finetune.train_ppo_diffusion_agent][INFO] - approx_kl: 0.0, update_epoch: 0, num_batch: 4
[2026-10-09 23:48:35,841][agent.finetune.train_ppo_diffusion_agent][INFO] - approx_kl: 0.0, update_epoch: 0, num_batch: 4
[2026-10-09 23:48:37,936][agent.finetune.train_ppo_diffusion_agent][INFO] - approx_kl: 1.4901160817412662e-12, update_epoch: 0, num_batch: 4
[2026-10-09 23:48:40,138][agent.finetune.train_ppo_diffusion_agent][INFO] - approx_kl: 1.192092865393013e-12, update_epoch: 0, num_batch: 4
[2026-10-09 23:48:42,314][agent.finetune.train_ppo_diffusion_agent][INFO] - approx_kl: 5.960464326965065e-13, update_epoch: 1, num_batch: 4
[2026-10-09 23:48:44,597][agent.finetune.train_ppo_diffusion_agent][INFO] - approx_kl: 0.0, update_epoch: 1, num_batch: 4
[2026-10-09 23:48:46,691][agent.finetune.train_ppo_diffusion_agent][INFO] - approx_kl: 2.9802321634825324e-13, update_epoch: 1, num_batch: 4
[2026-10-09 23:48:48,871][agent.finetune.train_ppo_diffusion_agent][INFO] - approx_kl: 0.0, update_epoch: 1, num_batch: 4
[2026-10-09 23:48:51,057][agent.finetune.train_ppo_diffusion_agent][INFO] - approx_kl: 0.0, update_epoch: 2, num_batch: 4
[2026-10-09 23:48:53,339][agent.finetune.train_ppo_diffusion_agent][INFO] - approx_kl: 2.9802321634825324e-13, update_epoch: 2, num_batch: 4
[2026-10-09 23:48:55,455][agent.finetune.train_ppo_diffusion_agent][INFO] - approx_kl: 0.0, update_epoch: 2, num_batch: 4
[2026-10-09 23:48:57,634][agent.finetune.train_ppo_diffusion_agent][INFO] - approx_kl: 0.0, update_epoch: 2, num_batch: 4
[2026-10-09 23:48:59,821][agent.finetune.train_ppo_diffusion_agent][INFO] - approx_kl: 0.0, update_epoch: 3, num_batch: 4
[2026-10-09 23:49:02,095][agent.finetune.train_ppo_diffusion_agent][INFO] - approx_kl: 2.9802321634825324e-13, update_epoch: 3, num_batch: 4
[2026-10-09 23:49:04,179][agent.finetune.train_ppo_diffusion_agent][INFO] - approx_kl: 0.0, update_epoch: 3, num_batch: 4
[2026-10-09 23:49:06,367][agent.finetune.train_ppo_diffusion_agent][INFO] - approx_kl: -8.940696490447597e-13, update_epoch: 3, num_batch: 4
[2026-10-09 23:49:08,568][agent.finetune.train_ppo_diffusion_agent][INFO] - approx_kl: 2.9802321634825324e-13, update_epoch: 4, num_batch: 4
[2026-10-09 23:49:10,846][agent.finetune.train_ppo_diffusion_agent][INFO] - approx_kl: 0.0, update_epoch: 4, num_batch: 4
[2026-10-09 23:49:12,936][agent.finetune.train_ppo_diffusion_agent][INFO] - approx_kl: 0.0, update_epoch: 4, num_batch: 4
[2026-10-09 23:49:15,131][agent.finetune.train_ppo_diffusion_agent][INFO] - approx_kl: 0.0, update_epoch: 4, num_batch: 4
[2026-10-09 23:49:15,150][agent.finetune.train_ppo_diffusion_agent][INFO] - 106: step  7680000 | loss   0.0105 | pg loss  -0.0002 | value loss   0.0213 | bc loss   0.0000 | reward -1642.4248 | eta   1.0000 | t: 57.2600 | kl_true_per_action=0.0 | logratio_p99=0.0 | clamp_hit_frac=0.0
[2026-10-09 23:49:30,952][agent.finetune.train_ppo_diffusion_agent][INFO] - approx_kl: 0.0, update_epoch: 0, num_batch: 4
[2026-10-09 23:49:33,042][agent.finetune.train_ppo_diffusion_agent][INFO] - approx_kl: 0.0, update_epoch: 0, num_batch: 4
[2026-10-09 23:49:35,223][agent.finetune.train_ppo_diffusion_agent][INFO] - approx_kl: -5.960464326965065e-13, update_epoch: 0, num_batch: 4
[2026-10-09 23:49:37,415][agent.finetune.train_ppo_diffusion_agent][INFO] - approx_kl: 0.0, update_epoch: 0, num_batch: 4
[2026-10-09 23:49:39,714][agent.finetune.train_ppo_diffusion_agent][INFO] - approx_kl: 8.940696490447597e-13, update_epoch: 1, num_batch: 4
[2026-10-09 23:49:41,804][agent.finetune.train_ppo_diffusion_agent][INFO] - approx_kl: 0.0, update_epoch: 1, num_batch: 4
[2026-10-09 23:49:43,995][agent.finetune.train_ppo_diffusion_agent][INFO] - approx_kl: 0.0, update_epoch: 1, num_batch: 4
[2026-10-09 23:49:46,188][agent.finetune.train_ppo_diffusion_agent][INFO] - approx_kl: -2.9802321634825324e-13, update_epoch: 1, num_batch: 4
[2026-10-09 23:49:48,496][agent.finetune.train_ppo_diffusion_agent][INFO] - approx_kl: 2.9802321634825324e-13, update_epoch: 2, num_batch: 4
[2026-10-09 23:49:50,590][agent.finetune.train_ppo_diffusion_agent][INFO] - approx_kl: 5.960464326965065e-13, update_epoch: 2, num_batch: 4
[2026-10-09 23:49:52,768][agent.finetune.train_ppo_diffusion_agent][INFO] - approx_kl: 0.0, update_epoch: 2, num_batch: 4
[2026-10-09 23:49:54,950][agent.finetune.train_ppo_diffusion_agent][INFO] - approx_kl: 0.0, update_epoch: 2, num_batch: 4
[2026-10-09 23:49:57,256][agent.finetune.train_ppo_diffusion_agent][INFO] - approx_kl: 0.0, update_epoch: 3, num_batch: 4
[2026-10-09 23:49:59,356][agent.finetune.train_ppo_diffusion_agent][INFO] - approx_kl: 0.0, update_epoch: 3, num_batch: 4
[2026-10-09 23:50:01,539][agent.finetune.train_ppo_diffusion_agent][INFO] - approx_kl: -2.9802321634825324e-13, update_epoch: 3, num_batch: 4
[2026-10-09 23:50:03,735][agent.finetune.train_ppo_diffusion_agent][INFO] - approx_kl: 0.0, update_epoch: 3, num_batch: 4
[2026-10-09 23:50:06,026][agent.finetune.train_ppo_diffusion_agent][INFO] - approx_kl: 8.940696490447597e-13, update_epoch: 4, num_batch: 4
[2026-10-09 23:50:08,135][agent.finetune.train_ppo_diffusion_agent][INFO] - approx_kl: 0.0, update_epoch: 4, num_batch: 4
[2026-10-09 23:50:10,323][agent.finetune.train_ppo_diffusion_agent][INFO] - approx_kl: 0.0, update_epoch: 4, num_batch: 4
[2026-10-09 23:50:12,520][agent.finetune.train_ppo_diffusion_agent][INFO] - approx_kl: 0.0, update_epoch: 4, num_batch: 4
[2026-10-09 23:50:12,539][agent.finetune.train_ppo_diffusion_agent][INFO] - 107: step  7760000 | loss   0.0104 | pg loss  -0.0002 | value loss   0.0211 | bc loss   0.0000 | reward -1635.0801 | eta   1.0000 | t: 57.3896 | kl_true_per_action=2.1871946789884907e-10 | logratio_p99=0.0 | clamp_hit_frac=0.0
[2026-10-09 23:50:28,310][agent.finetune.train_ppo_diffusion_agent][INFO] - approx_kl: 0.0, update_epoch: 0, num_batch: 4
[2026-10-09 23:50:30,412][agent.finetune.train_ppo_diffusion_agent][INFO] - approx_kl: 5.960464326965065e-13, update_epoch: 0, num_batch: 4
[2026-10-09 23:50:32,608][agent.finetune.train_ppo_diffusion_agent][INFO] - approx_kl: -1.3411045277772482e-12, update_epoch: 0, num_batch: 4
[2026-10-09 23:50:34,795][agent.finetune.train_ppo_diffusion_agent][INFO] - approx_kl: 1.192092865393013e-12, update_epoch: 0, num_batch: 4
[2026-10-09 23:50:37,090][agent.finetune.train_ppo_diffusion_agent][INFO] - approx_kl: -4.4703482452237986e-13, update_epoch: 1, num_batch: 4
[2026-10-09 23:50:39,179][agent.finetune.train_ppo_diffusion_agent][INFO] - approx_kl: -1.4901160817412662e-13, update_epoch: 1, num_batch: 4
[2026-10-09 23:50:41,375][agent.finetune.train_ppo_diffusion_agent][INFO] - approx_kl: -5.960464326965065e-13, update_epoch: 1, num_batch: 4
[2026-10-09 23:50:43,567][agent.finetune.train_ppo_diffusion_agent][INFO] - approx_kl: 5.960464326965065e-13, update_epoch: 1, num_batch: 4
[2026-10-09 23:50:45,865][agent.finetune.train_ppo_diffusion_agent][INFO] - approx_kl: -4.4703482452237986e-13, update_epoch: 2, num_batch: 4
[2026-10-09 23:50:47,956][agent.finetune.train_ppo_diffusion_agent][INFO] - approx_kl: -8.940696490447597e-13, update_epoch: 2, num_batch: 4
[2026-10-09 23:50:50,175][agent.finetune.train_ppo_diffusion_agent][INFO] - approx_kl: 2.3347092488468224e-12, update_epoch: 2, num_batch: 4
[2026-10-09 23:50:52,375][agent.finetune.train_ppo_diffusion_agent][INFO] - approx_kl: 0.0, update_epoch: 2, num_batch: 4
[2026-10-09 23:50:54,677][agent.finetune.train_ppo_diffusion_agent][INFO] - approx_kl: -1.7881392980895194e-12, update_epoch: 3, num_batch: 4
[2026-10-09 23:50:56,773][agent.finetune.train_ppo_diffusion_agent][INFO] - approx_kl: 2.2351740684017907e-12, update_epoch: 3, num_batch: 4
[2026-10-09 23:50:58,979][agent.finetune.train_ppo_diffusion_agent][INFO] - approx_kl: 1.3411045277772482e-12, update_epoch: 3, num_batch: 4
[2026-10-09 23:51:01,167][agent.finetune.train_ppo_diffusion_agent][INFO] - approx_kl: 0.0, update_epoch: 3, num_batch: 4
[2026-10-09 23:51:03,447][agent.finetune.train_ppo_diffusion_agent][INFO] - approx_kl: 1.6397097438516917e-12, update_epoch: 4, num_batch: 4
[2026-10-09 23:51:05,530][agent.finetune.train_ppo_diffusion_agent][INFO] - approx_kl: 0.0, update_epoch: 4, num_batch: 4
[2026-10-09 23:51:07,710][agent.finetune.train_ppo_diffusion_agent][INFO] - approx_kl: 2.384185730786026e-12, update_epoch: 4, num_batch: 4
[2026-10-09 23:51:09,911][agent.finetune.train_ppo_diffusion_agent][INFO] - approx_kl: 0.0, update_epoch: 4, num_batch: 4
[2026-10-09 23:51:09,930][agent.finetune.train_ppo_diffusion_agent][INFO] - 108: step  7840000 | loss   0.0101 | pg loss  -0.0002 | value loss   0.0207 | bc loss   0.0000 | reward -1590.0755 | eta   1.0000 | t: 57.3901 | kl_true_per_action=0.0 | logratio_p99=0.0 | clamp_hit_frac=0.0
[2026-10-09 23:51:25,647][agent.finetune.train_ppo_diffusion_agent][INFO] - approx_kl: 0.0, update_epoch: 0, num_batch: 4
[2026-10-09 23:51:27,725][agent.finetune.train_ppo_diffusion_agent][INFO] - approx_kl: -5.960464326965065e-13, update_epoch: 0, num_batch: 4
[2026-10-09 23:51:29,902][agent.finetune.train_ppo_diffusion_agent][INFO] - approx_kl: -5.215406015043889e-13, update_epoch: 0, num_batch: 4
[2026-10-09 23:51:32,191][agent.finetune.train_ppo_diffusion_agent][INFO] - approx_kl: 1.192092865393013e-12, update_epoch: 0, num_batch: 4
[2026-10-09 23:51:34,278][agent.finetune.train_ppo_diffusion_agent][INFO] - approx_kl: 5.960464326965065e-13, update_epoch: 1, num_batch: 4
[2026-10-09 23:51:36,450][agent.finetune.train_ppo_diffusion_agent][INFO] - approx_kl: 2.9802321634825324e-13, update_epoch: 1, num_batch: 4
[2026-10-09 23:51:38,643][agent.finetune.train_ppo_diffusion_agent][INFO] - approx_kl: 0.0, update_epoch: 1, num_batch: 4
[2026-10-09 23:51:40,926][agent.finetune.train_ppo_diffusion_agent][INFO] - approx_kl: 2.0861624060175554e-12, update_epoch: 1, num_batch: 4
[2026-10-09 23:51:43,025][agent.finetune.train_ppo_diffusion_agent][INFO] - approx_kl: 1.192092865393013e-12, update_epoch: 2, num_batch: 4
[2026-10-09 23:51:45,209][agent.finetune.train_ppo_diffusion_agent][INFO] - approx_kl: -1.4901160817412662e-12, update_epoch: 2, num_batch: 4
[2026-10-09 23:51:47,385][agent.finetune.train_ppo_diffusion_agent][INFO] - approx_kl: 7.450580408706331e-13, update_epoch: 2, num_batch: 4
[2026-10-09 23:51:49,670][agent.finetune.train_ppo_diffusion_agent][INFO] - approx_kl: -2.9802321634825324e-13, update_epoch: 2, num_batch: 4
[2026-10-09 23:51:51,786][agent.finetune.train_ppo_diffusion_agent][INFO] - approx_kl: 2.384185730786026e-12, update_epoch: 3, num_batch: 4
[2026-10-09 23:51:53,978][agent.finetune.train_ppo_diffusion_agent][INFO] - approx_kl: -2.9802321634825324e-13, update_epoch: 3, num_batch: 4
[2026-10-09 23:51:56,158][agent.finetune.train_ppo_diffusion_agent][INFO] - approx_kl: 2.831220501098297e-12, update_epoch: 3, num_batch: 4
[2026-10-09 23:51:58,447][agent.finetune.train_ppo_diffusion_agent][INFO] - approx_kl: 1.192092865393013e-12, update_epoch: 3, num_batch: 4
[2026-10-09 23:52:00,544][agent.finetune.train_ppo_diffusion_agent][INFO] - approx_kl: 7.450580408706331e-14, update_epoch: 4, num_batch: 4
[2026-10-09 23:52:02,735][agent.finetune.train_ppo_diffusion_agent][INFO] - approx_kl: 2.9802321634825324e-13, update_epoch: 4, num_batch: 4
[2026-10-09 23:52:04,762][agent.finetune.train_ppo_diffusion_agent][INFO] - approx_kl: 0.0, update_epoch: 4, num_batch: 4
[2026-10-09 23:52:07,039][agent.finetune.train_ppo_diffusion_agent][INFO] - approx_kl: 3.874301920947509e-12, update_epoch: 4, num_batch: 4
[2026-10-09 23:52:07,058][agent.finetune.train_ppo_diffusion_agent][INFO] - 109: step  7920000 | loss   0.0103 | pg loss  -0.0000 | value loss   0.0206 | bc loss   0.0000 | reward -1552.6869 | eta   1.0000 | t: 57.1285 | kl_true_per_action=0.0 | logratio_p99=0.0 | clamp_hit_frac=0.0
[2026-10-09 23:52:20,411][agent.finetune.train_ppo_diffusion_agent][INFO] - eval: success rate   0.0000 | avg episode reward -1551.4936 | avg best reward   0.4648
[2026-10-09 23:52:35,998][agent.finetune.train_ppo_diffusion_agent][INFO] - approx_kl: 0.0, update_epoch: 0, num_batch: 4
[2026-10-09 23:52:38,231][agent.finetune.train_ppo_diffusion_agent][INFO] - approx_kl: 8.940696490447597e-13, update_epoch: 0, num_batch: 4
[2026-10-09 23:52:40,431][agent.finetune.train_ppo_diffusion_agent][INFO] - approx_kl: 0.0, update_epoch: 0, num_batch: 4
[2026-10-09 23:52:42,757][agent.finetune.train_ppo_diffusion_agent][INFO] - approx_kl: -4.4703482452237986e-13, update_epoch: 0, num_batch: 4
[2026-10-09 23:52:44,860][agent.finetune.train_ppo_diffusion_agent][INFO] - approx_kl: -1.452863220355316e-12, update_epoch: 1, num_batch: 4
[2026-10-09 23:52:47,071][agent.finetune.train_ppo_diffusion_agent][INFO] - approx_kl: 0.0, update_epoch: 1, num_batch: 4
[2026-10-09 23:52:49,263][agent.finetune.train_ppo_diffusion_agent][INFO] - approx_kl: -2.9802321634825324e-13, update_epoch: 1, num_batch: 4
[2026-10-09 23:52:51,573][agent.finetune.train_ppo_diffusion_agent][INFO] - approx_kl: -5.960464326965065e-13, update_epoch: 1, num_batch: 4
[2026-10-09 23:52:53,669][agent.finetune.train_ppo_diffusion_agent][INFO] - approx_kl: -2.9802321634825324e-13, update_epoch: 2, num_batch: 4
[2026-10-09 23:52:55,884][agent.finetune.train_ppo_diffusion_agent][INFO] - approx_kl: 1.0803341728149451e-12, update_epoch: 2, num_batch: 4
[2026-10-09 23:52:58,080][agent.finetune.train_ppo_diffusion_agent][INFO] - approx_kl: 8.940696490447597e-13, update_epoch: 2, num_batch: 4
[2026-10-09 23:53:00,386][agent.finetune.train_ppo_diffusion_agent][INFO] - approx_kl: 0.0, update_epoch: 2, num_batch: 4
[2026-10-09 23:53:02,486][agent.finetune.train_ppo_diffusion_agent][INFO] - approx_kl: 0.0, update_epoch: 3, num_batch: 4
[2026-10-09 23:53:04,684][agent.finetune.train_ppo_diffusion_agent][INFO] - approx_kl: -1.4901160817412662e-13, update_epoch: 3, num_batch: 4
[2026-10-09 23:53:06,873][agent.finetune.train_ppo_diffusion_agent][INFO] - approx_kl: 2.9802321634825324e-13, update_epoch: 3, num_batch: 4
[2026-10-09 23:53:09,191][agent.finetune.train_ppo_diffusion_agent][INFO] - approx_kl: 1.0803341728149451e-12, update_epoch: 3, num_batch: 4
[2026-10-09 23:53:11,284][agent.finetune.train_ppo_diffusion_agent][INFO] - approx_kl: -1.4156102505491486e-12, update_epoch: 4, num_batch: 4
[2026-10-09 23:53:13,478][agent.finetune.train_ppo_diffusion_agent][INFO] - approx_kl: -1.192092865393013e-12, update_epoch: 4, num_batch: 4
[2026-10-09 23:53:15,697][agent.finetune.train_ppo_diffusion_agent][INFO] - approx_kl: 5.960464326965065e-13, update_epoch: 4, num_batch: 4
[2026-10-09 23:53:18,014][agent.finetune.train_ppo_diffusion_agent][INFO] - approx_kl: 0.0, update_epoch: 4, num_batch: 4
[2026-10-09 23:53:18,033][agent.finetune.train_ppo_diffusion_agent][INFO] - 111: step  8000000 | loss   0.0109 | pg loss   0.0002 | value loss   0.0214 | bc loss   0.0000 | reward -1605.5014 | eta   1.0000 | t: 57.6226 | kl_true_per_action=0.0 | logratio_p99=0.0 | clamp_hit_frac=0.0
[2026-10-09 23:53:33,649][agent.finetune.train_ppo_diffusion_agent][INFO] - approx_kl: 0.0, update_epoch: 0, num_batch: 4
[2026-10-09 23:53:35,844][agent.finetune.train_ppo_diffusion_agent][INFO] - approx_kl: -5.960464326965065e-13, update_epoch: 0, num_batch: 4
[2026-10-09 23:53:38,025][agent.finetune.train_ppo_diffusion_agent][INFO] - approx_kl: 0.0, update_epoch: 0, num_batch: 4
[2026-10-09 23:53:40,310][agent.finetune.train_ppo_diffusion_agent][INFO] - approx_kl: -5.960464326965065e-13, update_epoch: 0, num_batch: 4
[2026-10-09 23:53:42,402][agent.finetune.train_ppo_diffusion_agent][INFO] - approx_kl: 1.192092865393013e-12, update_epoch: 1, num_batch: 4
[2026-10-09 23:53:44,596][agent.finetune.train_ppo_diffusion_agent][INFO] - approx_kl: -3.7252902043531655e-13, update_epoch: 1, num_batch: 4
[2026-10-09 23:53:46,782][agent.finetune.train_ppo_diffusion_agent][INFO] - approx_kl: -1.6391276357052842e-12, update_epoch: 1, num_batch: 4
[2026-10-09 23:53:49,122][agent.finetune.train_ppo_diffusion_agent][INFO] - approx_kl: 1.7881392980895194e-12, update_epoch: 1, num_batch: 4
[2026-10-09 23:53:51,222][agent.finetune.train_ppo_diffusion_agent][INFO] - approx_kl: 7.450580408706331e-13, update_epoch: 2, num_batch: 4
[2026-10-09 23:53:53,416][agent.finetune.train_ppo_diffusion_agent][INFO] - approx_kl: 1.0430812030087777e-12, update_epoch: 2, num_batch: 4
[2026-10-09 23:53:55,617][agent.finetune.train_ppo_diffusion_agent][INFO] - approx_kl: 0.0, update_epoch: 2, num_batch: 4
[2026-10-09 23:53:57,953][agent.finetune.train_ppo_diffusion_agent][INFO] - approx_kl: -1.192092865393013e-12, update_epoch: 2, num_batch: 4
[2026-10-09 23:54:00,062][agent.finetune.train_ppo_diffusion_agent][INFO] - approx_kl: -2.0861624060175554e-12, update_epoch: 3, num_batch: 4
[2026-10-09 23:54:02,262][agent.finetune.train_ppo_diffusion_agent][INFO] - approx_kl: 9.685754802368773e-13, update_epoch: 3, num_batch: 4
[2026-10-09 23:54:04,451][agent.finetune.train_ppo_diffusion_agent][INFO] - approx_kl: 5.960464326965065e-13, update_epoch: 3, num_batch: 4
[2026-10-09 23:54:06,759][agent.finetune.train_ppo_diffusion_agent][INFO] - approx_kl: 0.0, update_epoch: 3, num_batch: 4
[2026-10-09 23:54:08,878][agent.finetune.train_ppo_diffusion_agent][INFO] - approx_kl: 2.9802321634825324e-13, update_epoch: 4, num_batch: 4
[2026-10-09 23:54:11,072][agent.finetune.train_ppo_diffusion_agent][INFO] - approx_kl: -5.960464326965065e-13, update_epoch: 4, num_batch: 4
[2026-10-09 23:54:13,259][agent.finetune.train_ppo_diffusion_agent][INFO] - approx_kl: 9.685754802368773e-13, update_epoch: 4, num_batch: 4
[2026-10-09 23:54:15,553][agent.finetune.train_ppo_diffusion_agent][INFO] - approx_kl: -4.4703482452237986e-13, update_epoch: 4, num_batch: 4
[2026-10-09 23:54:15,572][agent.finetune.train_ppo_diffusion_agent][INFO] - 112: step  8080000 | loss   0.0106 | pg loss  -0.0000 | value loss   0.0213 | bc loss   0.0000 | reward -1654.0591 | eta   1.0000 | t: 57.5380 | kl_true_per_action=3.008508258530297e-13 | logratio_p99=0.0 | clamp_hit_frac=0.0
[2026-10-09 23:54:31,182][agent.finetune.train_ppo_diffusion_agent][INFO] - approx_kl: 0.0, update_epoch: 0, num_batch: 4
[2026-10-09 23:54:33,381][agent.finetune.train_ppo_diffusion_agent][INFO] - approx_kl: 0.0, update_epoch: 0, num_batch: 4
[2026-10-09 23:54:35,562][agent.finetune.train_ppo_diffusion_agent][INFO] - approx_kl: -4.0978190892632105e-13, update_epoch: 0, num_batch: 4
[2026-10-09 23:54:37,878][agent.finetune.train_ppo_diffusion_agent][INFO] - approx_kl: 2.9802321634825324e-13, update_epoch: 0, num_batch: 4
[2026-10-09 23:54:39,970][agent.finetune.train_ppo_diffusion_agent][INFO] - approx_kl: -8.940696490447597e-13, update_epoch: 1, num_batch: 4
[2026-10-09 23:54:42,158][agent.finetune.train_ppo_diffusion_agent][INFO] - approx_kl: -1.6950070904145353e-12, update_epoch: 1, num_batch: 4
[2026-10-09 23:54:44,343][agent.finetune.train_ppo_diffusion_agent][INFO] - approx_kl: 0.0, update_epoch: 1, num_batch: 4
[2026-10-09 23:54:46,631][agent.finetune.train_ppo_diffusion_agent][INFO] - approx_kl: 0.0, update_epoch: 1, num_batch: 4
[2026-10-09 23:54:48,726][agent.finetune.train_ppo_diffusion_agent][INFO] - approx_kl: 0.0, update_epoch: 2, num_batch: 4
[2026-10-09 23:54:50,936][agent.finetune.train_ppo_diffusion_agent][INFO] - approx_kl: 1.192092865393013e-12, update_epoch: 2, num_batch: 4
[2026-10-09 23:54:53,128][agent.finetune.train_ppo_diffusion_agent][INFO] - approx_kl: 5.960464326965065e-13, update_epoch: 2, num_batch: 4
[2026-10-09 23:54:55,423][agent.finetune.train_ppo_diffusion_agent][INFO] - approx_kl: -1.0058283416228275e-12, update_epoch: 2, num_batch: 4
[2026-10-09 23:54:57,525][agent.finetune.train_ppo_diffusion_agent][INFO] - approx_kl: 0.0, update_epoch: 3, num_batch: 4
[2026-10-09 23:54:59,722][agent.finetune.train_ppo_diffusion_agent][INFO] - approx_kl: 0.0, update_epoch: 3, num_batch: 4
[2026-10-09 23:55:01,924][agent.finetune.train_ppo_diffusion_agent][INFO] - approx_kl: 4.842877401184387e-13, update_epoch: 3, num_batch: 4
[2026-10-09 23:55:04,233][agent.finetune.train_ppo_diffusion_agent][INFO] - approx_kl: 0.0, update_epoch: 3, num_batch: 4
[2026-10-09 23:55:06,353][agent.finetune.train_ppo_diffusion_agent][INFO] - approx_kl: -1.1175870613059496e-13, update_epoch: 4, num_batch: 4
[2026-10-09 23:55:08,580][agent.finetune.train_ppo_diffusion_agent][INFO] - approx_kl: 0.0, update_epoch: 4, num_batch: 4
[2026-10-09 23:55:10,787][agent.finetune.train_ppo_diffusion_agent][INFO] - approx_kl: 1.7881392980895194e-12, update_epoch: 4, num_batch: 4
[2026-10-09 23:55:13,096][agent.finetune.train_ppo_diffusion_agent][INFO] - approx_kl: 0.0, update_epoch: 4, num_batch: 4
[2026-10-09 23:55:13,115][agent.finetune.train_ppo_diffusion_agent][INFO] - 113: step  8160000 | loss   0.0111 | pg loss   0.0001 | value loss   0.0219 | bc loss   0.0000 | reward -1641.6582 | eta   1.0000 | t: 57.5435 | kl_true_per_action=0.0 | logratio_p99=0.0 | clamp_hit_frac=0.0
[2026-10-09 23:55:28,786][agent.finetune.train_ppo_diffusion_agent][INFO] - approx_kl: 0.0, update_epoch: 0, num_batch: 4
[2026-10-09 23:55:30,995][agent.finetune.train_ppo_diffusion_agent][INFO] - approx_kl: 0.0, update_epoch: 0, num_batch: 4
[2026-10-09 23:55:33,292][agent.finetune.train_ppo_diffusion_agent][INFO] - approx_kl: 0.0, update_epoch: 0, num_batch: 4
[2026-10-09 23:55:35,392][agent.finetune.train_ppo_diffusion_agent][INFO] - approx_kl: 1.192092865393013e-12, update_epoch: 0, num_batch: 4
[2026-10-09 23:55:37,581][agent.finetune.train_ppo_diffusion_agent][INFO] - approx_kl: 8.940696490447597e-13, update_epoch: 1, num_batch: 4
[2026-10-09 23:55:39,796][agent.finetune.train_ppo_diffusion_agent][INFO] - approx_kl: 0.0, update_epoch: 1, num_batch: 4
[2026-10-09 23:55:42,093][agent.finetune.train_ppo_diffusion_agent][INFO] - approx_kl: -5.960464326965065e-13, update_epoch: 1, num_batch: 4
[2026-10-09 23:55:44,200][agent.finetune.train_ppo_diffusion_agent][INFO] - approx_kl: 0.0, update_epoch: 1, num_batch: 4
[2026-10-09 23:55:46,386][agent.finetune.train_ppo_diffusion_agent][INFO] - approx_kl: -8.940696490447597e-13, update_epoch: 2, num_batch: 4
[2026-10-09 23:55:48,572][agent.finetune.train_ppo_diffusion_agent][INFO] - approx_kl: 0.0, update_epoch: 2, num_batch: 4
[2026-10-09 23:55:50,865][agent.finetune.train_ppo_diffusion_agent][INFO] - approx_kl: -1.192092865393013e-12, update_epoch: 2, num_batch: 4
[2026-10-09 23:55:53,004][agent.finetune.train_ppo_diffusion_agent][INFO] - approx_kl: 0.0, update_epoch: 2, num_batch: 4
[2026-10-09 23:55:55,192][agent.finetune.train_ppo_diffusion_agent][INFO] - approx_kl: 1.192092865393013e-12, update_epoch: 3, num_batch: 4
[2026-10-09 23:55:57,390][agent.finetune.train_ppo_diffusion_agent][INFO] - approx_kl: 5.960464326965065e-13, update_epoch: 3, num_batch: 4
[2026-10-09 23:55:59,722][agent.finetune.train_ppo_diffusion_agent][INFO] - approx_kl: 0.0, update_epoch: 3, num_batch: 4
[2026-10-09 23:56:01,811][agent.finetune.train_ppo_diffusion_agent][INFO] - approx_kl: 0.0, update_epoch: 3, num_batch: 4
[2026-10-09 23:56:03,998][agent.finetune.train_ppo_diffusion_agent][INFO] - approx_kl: 0.0, update_epoch: 4, num_batch: 4
[2026-10-09 23:56:06,176][agent.finetune.train_ppo_diffusion_agent][INFO] - approx_kl: -5.960464326965065e-13, update_epoch: 4, num_batch: 4
[2026-10-09 23:56:08,477][agent.finetune.train_ppo_diffusion_agent][INFO] - approx_kl: 0.0, update_epoch: 4, num_batch: 4
[2026-10-09 23:56:10,569][agent.finetune.train_ppo_diffusion_agent][INFO] - approx_kl: -2.9802321634825324e-13, update_epoch: 4, num_batch: 4
[2026-10-09 23:56:10,588][agent.finetune.train_ppo_diffusion_agent][INFO] - 114: step  8240000 | loss   0.0109 | pg loss   0.0000 | value loss   0.0217 | bc loss   0.0000 | reward -1647.5661 | eta   1.0000 | t: 57.4726 | kl_true_per_action=0.0 | logratio_p99=0.0 | clamp_hit_frac=0.0
[2026-10-09 23:56:26,287][agent.finetune.train_ppo_diffusion_agent][INFO] - approx_kl: 0.0, update_epoch: 0, num_batch: 4
[2026-10-09 23:56:28,485][agent.finetune.train_ppo_diffusion_agent][INFO] - approx_kl: 0.0, update_epoch: 0, num_batch: 4
[2026-10-09 23:56:30,765][agent.finetune.train_ppo_diffusion_agent][INFO] - approx_kl: -5.960464326965065e-13, update_epoch: 0, num_batch: 4
[2026-10-09 23:56:32,856][agent.finetune.train_ppo_diffusion_agent][INFO] - approx_kl: -7.939524688735378e-13, update_epoch: 0, num_batch: 4
[2026-10-09 23:56:35,053][agent.finetune.train_ppo_diffusion_agent][INFO] - approx_kl: 0.0, update_epoch: 1, num_batch: 4
[2026-10-09 23:56:37,238][agent.finetune.train_ppo_diffusion_agent][INFO] - approx_kl: -5.960464326965065e-13, update_epoch: 1, num_batch: 4
[2026-10-09 23:56:39,522][agent.finetune.train_ppo_diffusion_agent][INFO] - approx_kl: 0.0, update_epoch: 1, num_batch: 4
[2026-10-09 23:56:41,605][agent.finetune.train_ppo_diffusion_agent][INFO] - approx_kl: 2.9802321634825324e-13, update_epoch: 1, num_batch: 4
[2026-10-09 23:56:43,791][agent.finetune.train_ppo_diffusion_agent][INFO] - approx_kl: 5.960464326965065e-13, update_epoch: 2, num_batch: 4
[2026-10-09 23:56:45,992][agent.finetune.train_ppo_diffusion_agent][INFO] - approx_kl: -2.9802321634825324e-13, update_epoch: 2, num_batch: 4
[2026-10-09 23:56:48,287][agent.finetune.train_ppo_diffusion_agent][INFO] - approx_kl: 0.0, update_epoch: 2, num_batch: 4
[2026-10-09 23:56:50,381][agent.finetune.train_ppo_diffusion_agent][INFO] - approx_kl: 1.0011717339495838e-13, update_epoch: 2, num_batch: 4
[2026-10-09 23:56:52,558][agent.finetune.train_ppo_diffusion_agent][INFO] - approx_kl: -5.960464326965065e-13, update_epoch: 3, num_batch: 4
[2026-10-09 23:56:54,754][agent.finetune.train_ppo_diffusion_agent][INFO] - approx_kl: 0.0, update_epoch: 3, num_batch: 4
[2026-10-09 23:56:57,041][agent.finetune.train_ppo_diffusion_agent][INFO] - approx_kl: 2.9802321634825324e-13, update_epoch: 3, num_batch: 4
[2026-10-09 23:56:59,143][agent.finetune.train_ppo_diffusion_agent][INFO] - approx_kl: 2.0861624060175554e-12, update_epoch: 3, num_batch: 4
[2026-10-09 23:57:01,337][agent.finetune.train_ppo_diffusion_agent][INFO] - approx_kl: 0.0, update_epoch: 4, num_batch: 4
[2026-10-09 23:57:03,533][agent.finetune.train_ppo_diffusion_agent][INFO] - approx_kl: 8.940696490447597e-13, update_epoch: 4, num_batch: 4
[2026-10-09 23:57:05,842][agent.finetune.train_ppo_diffusion_agent][INFO] - approx_kl: 0.0, update_epoch: 4, num_batch: 4
[2026-10-09 23:57:07,953][agent.finetune.train_ppo_diffusion_agent][INFO] - approx_kl: 3.981403965194752e-13, update_epoch: 4, num_batch: 4
[2026-10-09 23:57:07,975][agent.finetune.train_ppo_diffusion_agent][INFO] - 115: step  8320000 | loss   0.0108 | pg loss  -0.0001 | value loss   0.0218 | bc loss   0.0000 | reward -1605.1968 | eta   1.0000 | t: 57.3877 | kl_true_per_action=0.0 | logratio_p99=0.0 | clamp_hit_frac=0.0
[2026-10-09 23:57:23,680][agent.finetune.train_ppo_diffusion_agent][INFO] - approx_kl: 0.0, update_epoch: 0, num_batch: 4
[2026-10-09 23:57:25,864][agent.finetune.train_ppo_diffusion_agent][INFO] - approx_kl: 0.0, update_epoch: 0, num_batch: 4
[2026-10-09 23:57:28,161][agent.finetune.train_ppo_diffusion_agent][INFO] - approx_kl: 0.0, update_epoch: 0, num_batch: 4
[2026-10-09 23:57:30,262][agent.finetune.train_ppo_diffusion_agent][INFO] - approx_kl: 0.0, update_epoch: 0, num_batch: 4
[2026-10-09 23:57:32,450][agent.finetune.train_ppo_diffusion_agent][INFO] - approx_kl: 0.0, update_epoch: 1, num_batch: 4
[2026-10-09 23:57:34,745][agent.finetune.train_ppo_diffusion_agent][INFO] - approx_kl: 0.0, update_epoch: 1, num_batch: 4
[2026-10-09 23:57:36,852][agent.finetune.train_ppo_diffusion_agent][INFO] - approx_kl: 0.0, update_epoch: 1, num_batch: 4
[2026-10-09 23:57:39,080][agent.finetune.train_ppo_diffusion_agent][INFO] - approx_kl: 0.0, update_epoch: 1, num_batch: 4
[2026-10-09 23:57:41,267][agent.finetune.train_ppo_diffusion_agent][INFO] - approx_kl: 0.0, update_epoch: 2, num_batch: 4
[2026-10-09 23:57:43,606][agent.finetune.train_ppo_diffusion_agent][INFO] - approx_kl: 0.0, update_epoch: 2, num_batch: 4
[2026-10-09 23:57:45,696][agent.finetune.train_ppo_diffusion_agent][INFO] - approx_kl: 0.0, update_epoch: 2, num_batch: 4
[2026-10-09 23:57:47,901][agent.finetune.train_ppo_diffusion_agent][INFO] - approx_kl: 0.0, update_epoch: 2, num_batch: 4
[2026-10-09 23:57:50,094][agent.finetune.train_ppo_diffusion_agent][INFO] - approx_kl: 0.0, update_epoch: 3, num_batch: 4
[2026-10-09 23:57:52,367][agent.finetune.train_ppo_diffusion_agent][INFO] - approx_kl: 0.0, update_epoch: 3, num_batch: 4
[2026-10-09 23:57:54,453][agent.finetune.train_ppo_diffusion_agent][INFO] - approx_kl: 0.0, update_epoch: 3, num_batch: 4
[2026-10-09 23:57:56,636][agent.finetune.train_ppo_diffusion_agent][INFO] - approx_kl: 0.0, update_epoch: 3, num_batch: 4
[2026-10-09 23:57:58,824][agent.finetune.train_ppo_diffusion_agent][INFO] - approx_kl: 0.0, update_epoch: 4, num_batch: 4
[2026-10-09 23:58:01,125][agent.finetune.train_ppo_diffusion_agent][INFO] - approx_kl: 0.0, update_epoch: 4, num_batch: 4
[2026-10-09 23:58:03,215][agent.finetune.train_ppo_diffusion_agent][INFO] - approx_kl: 0.0, update_epoch: 4, num_batch: 4
[2026-10-09 23:58:05,416][agent.finetune.train_ppo_diffusion_agent][INFO] - approx_kl: 0.0, update_epoch: 4, num_batch: 4
[2026-10-09 23:58:05,435][agent.finetune.train_ppo_diffusion_agent][INFO] - 116: step  8400000 | loss   0.0113 | pg loss  -0.0001 | value loss   0.0226 | bc loss   0.0000 | reward -1645.7948 | eta   1.0000 | t: 57.4599 | kl_true_per_action=0.0 | logratio_p99=0.0 | clamp_hit_frac=0.0
[2026-10-09 23:58:20,705][agent.finetune.train_ppo_diffusion_agent][INFO] - approx_kl: 0.0, update_epoch: 0, num_batch: 4
[2026-10-09 23:58:23,000][agent.finetune.train_ppo_diffusion_agent][INFO] - approx_kl: 2.4124747338705177e-11, update_epoch: 0, num_batch: 4
[2026-10-09 23:58:25,112][agent.finetune.train_ppo_diffusion_agent][INFO] - approx_kl: 5.832640620484497e-11, update_epoch: 0, num_batch: 4
[2026-10-09 23:58:27,286][agent.finetune.train_ppo_diffusion_agent][INFO] - approx_kl: 1.3804063447864223e-10, update_epoch: 0, num_batch: 4
[2026-10-09 23:58:29,478][agent.finetune.train_ppo_diffusion_agent][INFO] - approx_kl: 1.720711489960891e-10, update_epoch: 1, num_batch: 4
[2026-10-09 23:58:31,758][agent.finetune.train_ppo_diffusion_agent][INFO] - approx_kl: 1.8599873863323069e-09, update_epoch: 1, num_batch: 4
[2026-10-09 23:58:33,843][agent.finetune.train_ppo_diffusion_agent][INFO] - approx_kl: 5.996384500051022e-10, update_epoch: 1, num_batch: 4
[2026-10-09 23:58:36,021][agent.finetune.train_ppo_diffusion_agent][INFO] - approx_kl: 2.207597660230931e-09, update_epoch: 1, num_batch: 4
[2026-10-09 23:58:38,196][agent.finetune.train_ppo_diffusion_agent][INFO] - approx_kl: 1.7007439900851296e-09, update_epoch: 2, num_batch: 4
[2026-10-09 23:58:40,506][agent.finetune.train_ppo_diffusion_agent][INFO] - approx_kl: 4.1264422989684135e-09, update_epoch: 2, num_batch: 4
[2026-10-09 23:58:42,592][agent.finetune.train_ppo_diffusion_agent][INFO] - approx_kl: 1.7942971552997733e-08, update_epoch: 2, num_batch: 4
[2026-10-09 23:58:44,775][agent.finetune.train_ppo_diffusion_agent][INFO] - approx_kl: 2.541588495219571e-09, update_epoch: 2, num_batch: 4
[2026-10-09 23:58:46,959][agent.finetune.train_ppo_diffusion_agent][INFO] - approx_kl: 3.4803662174454075e-08, update_epoch: 3, num_batch: 4
[2026-10-09 23:58:49,277][agent.finetune.train_ppo_diffusion_agent][INFO] - approx_kl: 7.934126244890649e-09, update_epoch: 3, num_batch: 4
[2026-10-09 23:58:51,375][agent.finetune.train_ppo_diffusion_agent][INFO] - approx_kl: 7.135029900240397e-09, update_epoch: 3, num_batch: 4
[2026-10-09 23:58:53,556][agent.finetune.train_ppo_diffusion_agent][INFO] - approx_kl: 1.5707680489640552e-08, update_epoch: 3, num_batch: 4
[2026-10-09 23:58:55,739][agent.finetune.train_ppo_diffusion_agent][INFO] - approx_kl: 7.742643504116131e-08, update_epoch: 4, num_batch: 4
[2026-10-09 23:58:58,017][agent.finetune.train_ppo_diffusion_agent][INFO] - approx_kl: 1.5984936041490982e-08, update_epoch: 4, num_batch: 4
[2026-10-09 23:59:00,105][agent.finetune.train_ppo_diffusion_agent][INFO] - approx_kl: 1.789535275520393e-08, update_epoch: 4, num_batch: 4
[2026-10-09 23:59:02,286][agent.finetune.train_ppo_diffusion_agent][INFO] - approx_kl: 3.77260853667849e-08, update_epoch: 4, num_batch: 4
[2026-10-09 23:59:02,305][agent.finetune.train_ppo_diffusion_agent][INFO] - 117: step  8480000 | loss   0.0110 | pg loss   0.0000 | value loss   0.0219 | bc loss   0.0000 | reward -1625.9338 | eta   1.0000 | t: 56.8698 | kl_true_per_action=0.004863721163423164 | logratio_p99=0.0 | clamp_hit_frac=0.0
[2026-10-09 23:59:17,059][agent.finetune.train_ppo_diffusion_agent][INFO] - approx_kl: 0.0, update_epoch: 0, num_batch: 4
[2026-10-09 23:59:19,338][agent.finetune.train_ppo_diffusion_agent][INFO] - approx_kl: 6.577931255247194e-11, update_epoch: 0, num_batch: 4
[2026-10-09 23:59:21,421][agent.finetune.train_ppo_diffusion_agent][INFO] - approx_kl: 1.4449702545604737e-10, update_epoch: 0, num_batch: 4
[2026-10-09 23:59:23,631][agent.finetune.train_ppo_diffusion_agent][INFO] - approx_kl: 2.764281858969042e-10, update_epoch: 0, num_batch: 4
[2026-10-09 23:59:25,828][agent.finetune.train_ppo_diffusion_agent][INFO] - approx_kl: 7.663992773743189e-10, update_epoch: 1, num_batch: 4
[2026-10-09 23:59:28,128][agent.finetune.train_ppo_diffusion_agent][INFO] - approx_kl: 2.9200686313402e-10, update_epoch: 1, num_batch: 4
[2026-10-09 23:59:30,221][agent.finetune.train_ppo_diffusion_agent][INFO] - approx_kl: 5.013914838869482e-10, update_epoch: 1, num_batch: 4
[2026-10-09 23:59:32,409][agent.finetune.train_ppo_diffusion_agent][INFO] - approx_kl: 3.624102129506923e-10, update_epoch: 1, num_batch: 4
[2026-10-09 23:59:34,600][agent.finetune.train_ppo_diffusion_agent][INFO] - approx_kl: 4.632957073535948e-10, update_epoch: 2, num_batch: 4
[2026-10-09 23:59:36,907][agent.finetune.train_ppo_diffusion_agent][INFO] - approx_kl: 6.497278826067543e-10, update_epoch: 2, num_batch: 4
[2026-10-09 23:59:38,996][agent.finetune.train_ppo_diffusion_agent][INFO] - approx_kl: 6.529502494245776e-10, update_epoch: 2, num_batch: 4
[2026-10-09 23:59:41,216][agent.finetune.train_ppo_diffusion_agent][INFO] - approx_kl: 7.511791744185814e-10, update_epoch: 2, num_batch: 4
[2026-10-09 23:59:43,410][agent.finetune.train_ppo_diffusion_agent][INFO] - approx_kl: 1.2784078240457575e-09, update_epoch: 3, num_batch: 4
[2026-10-09 23:59:45,710][agent.finetune.train_ppo_diffusion_agent][INFO] - approx_kl: 8.024717557120198e-10, update_epoch: 3, num_batch: 4
[2026-10-09 23:59:47,810][agent.finetune.train_ppo_diffusion_agent][INFO] - approx_kl: 1.4689646166132775e-09, update_epoch: 3, num_batch: 4
[2026-10-09 23:59:50,009][agent.finetune.train_ppo_diffusion_agent][INFO] - approx_kl: 1.1514919018296155e-09, update_epoch: 3, num_batch: 4
[2026-10-09 23:59:52,188][agent.finetune.train_ppo_diffusion_agent][INFO] - approx_kl: 8.469540624389538e-10, update_epoch: 4, num_batch: 4
[2026-10-09 23:59:54,482][agent.finetune.train_ppo_diffusion_agent][INFO] - approx_kl: 1.5427555899449885e-09, update_epoch: 4, num_batch: 4
[2026-10-09 23:59:56,575][agent.finetune.train_ppo_diffusion_agent][INFO] - approx_kl: 5.4388773484959074e-09, update_epoch: 4, num_batch: 4
[2026-10-09 23:59:58,760][agent.finetune.train_ppo_diffusion_agent][INFO] - approx_kl: 2.0631565345041736e-09, update_epoch: 4, num_batch: 4
[2026-10-09 23:59:58,783][agent.finetune.train_ppo_diffusion_agent][INFO] - 118: step  8560000 | loss   0.0112 | pg loss  -0.0001 | value loss   0.0226 | bc loss   0.0000 | reward -1630.2193 | eta   1.0000 | t: 56.4783 | kl_true_per_action=3.973729539665076e-06 | logratio_p99=0.0 | clamp_hit_frac=0.0
[2026-10-10 00:00:13,623][agent.finetune.train_ppo_diffusion_agent][INFO] - approx_kl: 0.0, update_epoch: 0, num_batch: 4
[2026-10-10 00:00:15,931][agent.finetune.train_ppo_diffusion_agent][INFO] - approx_kl: 2.011656683245655e-12, update_epoch: 0, num_batch: 4
[2026-10-10 00:00:18,034][agent.finetune.train_ppo_diffusion_agent][INFO] - approx_kl: 7.47386354194024e-12, update_epoch: 0, num_batch: 4
[2026-10-10 00:00:20,232][agent.finetune.train_ppo_diffusion_agent][INFO] - approx_kl: 1.594424245410231e-11, update_epoch: 0, num_batch: 4
[2026-10-10 00:00:22,420][agent.finetune.train_ppo_diffusion_agent][INFO] - approx_kl: 3.278255444882916e-11, update_epoch: 1, num_batch: 4
[2026-10-10 00:00:24,714][agent.finetune.train_ppo_diffusion_agent][INFO] - approx_kl: 3.8594006462888686e-11, update_epoch: 1, num_batch: 4
[2026-10-10 00:00:26,805][agent.finetune.train_ppo_diffusion_agent][INFO] - approx_kl: 1.684203748686386e-10, update_epoch: 1, num_batch: 4
[2026-10-10 00:00:28,995][agent.finetune.train_ppo_diffusion_agent][INFO] - approx_kl: 7.914844474266047e-11, update_epoch: 1, num_batch: 4
[2026-10-10 00:00:31,187][agent.finetune.train_ppo_diffusion_agent][INFO] - approx_kl: 2.9841903947946946e-10, update_epoch: 2, num_batch: 4
[2026-10-10 00:00:33,488][agent.finetune.train_ppo_diffusion_agent][INFO] - approx_kl: 4.687905064137965e-10, update_epoch: 2, num_batch: 4
[2026-10-10 00:00:35,584][agent.finetune.train_ppo_diffusion_agent][INFO] - approx_kl: 4.630535677119241e-10, update_epoch: 2, num_batch: 4
[2026-10-10 00:00:37,773][agent.finetune.train_ppo_diffusion_agent][INFO] - approx_kl: 5.471473274454297e-10, update_epoch: 2, num_batch: 4
[2026-10-10 00:00:39,964][agent.finetune.train_ppo_diffusion_agent][INFO] - approx_kl: 1.7321853951202115e-09, update_epoch: 3, num_batch: 4
[2026-10-10 00:00:42,308][agent.finetune.train_ppo_diffusion_agent][INFO] - approx_kl: 6.610155200981183e-10, update_epoch: 3, num_batch: 4
[2026-10-10 00:00:44,402][agent.finetune.train_ppo_diffusion_agent][INFO] - approx_kl: 1.6895448373688282e-09, update_epoch: 3, num_batch: 4
[2026-10-10 00:00:46,608][agent.finetune.train_ppo_diffusion_agent][INFO] - approx_kl: 8.412822660730512e-10, update_epoch: 3, num_batch: 4
[2026-10-10 00:00:48,787][agent.finetune.train_ppo_diffusion_agent][INFO] - approx_kl: 2.290010403527276e-09, update_epoch: 4, num_batch: 4
[2026-10-10 00:00:51,079][agent.finetune.train_ppo_diffusion_agent][INFO] - approx_kl: 3.577694140943777e-09, update_epoch: 4, num_batch: 4
[2026-10-10 00:00:53,165][agent.finetune.train_ppo_diffusion_agent][INFO] - approx_kl: 9.932508149290697e-10, update_epoch: 4, num_batch: 4
[2026-10-10 00:00:55,359][agent.finetune.train_ppo_diffusion_agent][INFO] - approx_kl: 2.4343280724536953e-09, update_epoch: 4, num_batch: 4
[2026-10-10 00:00:55,378][agent.finetune.train_ppo_diffusion_agent][INFO] - 119: step  8640000 | loss   0.0114 | pg loss  -0.0001 | value loss   0.0231 | bc loss   0.0000 | reward -1663.1394 | eta   1.0000 | t: 56.5948 | kl_true_per_action=2.0513135036368304e-06 | logratio_p99=0.0 | clamp_hit_frac=0.0
[2026-10-10 00:01:07,811][agent.finetune.train_ppo_diffusion_agent][INFO] - eval: success rate   0.0000 | avg episode reward -1551.5055 | avg best reward   0.4424
[2026-10-10 00:01:22,616][agent.finetune.train_ppo_diffusion_agent][INFO] - approx_kl: 0.0, update_epoch: 0, num_batch: 4
[2026-10-10 00:01:24,714][agent.finetune.train_ppo_diffusion_agent][INFO] - approx_kl: 0.0, update_epoch: 0, num_batch: 4
[2026-10-10 00:01:26,894][agent.finetune.train_ppo_diffusion_agent][INFO] - approx_kl: 0.0, update_epoch: 0, num_batch: 4
[2026-10-10 00:01:29,074][agent.finetune.train_ppo_diffusion_agent][INFO] - approx_kl: 0.0, update_epoch: 0, num_batch: 4
[2026-10-10 00:01:31,356][agent.finetune.train_ppo_diffusion_agent][INFO] - approx_kl: 0.0, update_epoch: 1, num_batch: 4
[2026-10-10 00:01:33,465][agent.finetune.train_ppo_diffusion_agent][INFO] - approx_kl: -1.192092865393013e-12, update_epoch: 1, num_batch: 4
[2026-10-10 00:01:35,636][agent.finetune.train_ppo_diffusion_agent][INFO] - approx_kl: 5.960464326965065e-13, update_epoch: 1, num_batch: 4
[2026-10-10 00:01:37,801][agent.finetune.train_ppo_diffusion_agent][INFO] - approx_kl: 0.0, update_epoch: 1, num_batch: 4
[2026-10-10 00:01:40,091][agent.finetune.train_ppo_diffusion_agent][INFO] - approx_kl: 5.960464326965065e-13, update_epoch: 2, num_batch: 4
[2026-10-10 00:01:42,181][agent.finetune.train_ppo_diffusion_agent][INFO] - approx_kl: 0.0, update_epoch: 2, num_batch: 4
[2026-10-10 00:01:44,375][agent.finetune.train_ppo_diffusion_agent][INFO] - approx_kl: 0.0, update_epoch: 2, num_batch: 4
[2026-10-10 00:01:46,569][agent.finetune.train_ppo_diffusion_agent][INFO] - approx_kl: 0.0, update_epoch: 2, num_batch: 4
[2026-10-10 00:01:48,860][agent.finetune.train_ppo_diffusion_agent][INFO] - approx_kl: 0.0, update_epoch: 3, num_batch: 4
[2026-10-10 00:01:50,954][agent.finetune.train_ppo_diffusion_agent][INFO] - approx_kl: 0.0, update_epoch: 3, num_batch: 4
[2026-10-10 00:01:53,142][agent.finetune.train_ppo_diffusion_agent][INFO] - approx_kl: 2.9802321634825324e-13, update_epoch: 3, num_batch: 4
[2026-10-10 00:01:55,324][agent.finetune.train_ppo_diffusion_agent][INFO] - approx_kl: 0.0, update_epoch: 3, num_batch: 4
[2026-10-10 00:01:57,618][agent.finetune.train_ppo_diffusion_agent][INFO] - approx_kl: 0.0, update_epoch: 4, num_batch: 4
[2026-10-10 00:01:59,719][agent.finetune.train_ppo_diffusion_agent][INFO] - approx_kl: 2.9802321634825324e-13, update_epoch: 4, num_batch: 4
[2026-10-10 00:02:01,899][agent.finetune.train_ppo_diffusion_agent][INFO] - approx_kl: 1.192092865393013e-12, update_epoch: 4, num_batch: 4
[2026-10-10 00:02:04,092][agent.finetune.train_ppo_diffusion_agent][INFO] - approx_kl: 0.0, update_epoch: 4, num_batch: 4
[2026-10-10 00:02:04,111][agent.finetune.train_ppo_diffusion_agent][INFO] - 121: step  8720000 | loss   0.0112 | pg loss   0.0001 | value loss   0.0221 | bc loss   0.0000 | reward -1609.0357 | eta   1.0000 | t: 56.3005 | kl_true_per_action=0.0 | logratio_p99=0.0 | clamp_hit_frac=0.0
[2026-10-10 00:02:19,926][agent.finetune.train_ppo_diffusion_agent][INFO] - approx_kl: 0.0, update_epoch: 0, num_batch: 4
[2026-10-10 00:02:22,025][agent.finetune.train_ppo_diffusion_agent][INFO] - approx_kl: -5.960464326965065e-13, update_epoch: 0, num_batch: 4
[2026-10-10 00:02:24,214][agent.finetune.train_ppo_diffusion_agent][INFO] - approx_kl: 1.4901160817412662e-12, update_epoch: 0, num_batch: 4
[2026-10-10 00:02:26,393][agent.finetune.train_ppo_diffusion_agent][INFO] - approx_kl: 5.960464326965065e-13, update_epoch: 0, num_batch: 4
[2026-10-10 00:02:28,678][agent.finetune.train_ppo_diffusion_agent][INFO] - approx_kl: 1.192092865393013e-12, update_epoch: 1, num_batch: 4
[2026-10-10 00:02:30,768][agent.finetune.train_ppo_diffusion_agent][INFO] - approx_kl: 0.0, update_epoch: 1, num_batch: 4
[2026-10-10 00:02:32,945][agent.finetune.train_ppo_diffusion_agent][INFO] - approx_kl: -2.9802321634825324e-13, update_epoch: 1, num_batch: 4
[2026-10-10 00:02:35,144][agent.finetune.train_ppo_diffusion_agent][INFO] - approx_kl: 0.0, update_epoch: 1, num_batch: 4
[2026-10-10 00:02:37,436][agent.finetune.train_ppo_diffusion_agent][INFO] - approx_kl: 0.0, update_epoch: 2, num_batch: 4
[2026-10-10 00:02:39,515][agent.finetune.train_ppo_diffusion_agent][INFO] - approx_kl: 8.940696490447597e-13, update_epoch: 2, num_batch: 4
[2026-10-10 00:02:41,691][agent.finetune.train_ppo_diffusion_agent][INFO] - approx_kl: 5.960464326965065e-13, update_epoch: 2, num_batch: 4
[2026-10-10 00:02:43,859][agent.finetune.train_ppo_diffusion_agent][INFO] - approx_kl: 1.192092865393013e-12, update_epoch: 2, num_batch: 4
[2026-10-10 00:02:46,150][agent.finetune.train_ppo_diffusion_agent][INFO] - approx_kl: 5.960464326965065e-13, update_epoch: 3, num_batch: 4
[2026-10-10 00:02:48,233][agent.finetune.train_ppo_diffusion_agent][INFO] - approx_kl: 5.960464326965065e-13, update_epoch: 3, num_batch: 4
[2026-10-10 00:02:50,417][agent.finetune.train_ppo_diffusion_agent][INFO] - approx_kl: 0.0, update_epoch: 3, num_batch: 4
[2026-10-10 00:02:52,595][agent.finetune.train_ppo_diffusion_agent][INFO] - approx_kl: 0.0, update_epoch: 3, num_batch: 4
[2026-10-10 00:02:54,871][agent.finetune.train_ppo_diffusion_agent][INFO] - approx_kl: 1.4901160817412662e-12, update_epoch: 4, num_batch: 4
[2026-10-10 00:02:56,982][agent.finetune.train_ppo_diffusion_agent][INFO] - approx_kl: 5.960464326965065e-13, update_epoch: 4, num_batch: 4
[2026-10-10 00:02:59,183][agent.finetune.train_ppo_diffusion_agent][INFO] - approx_kl: 1.192092865393013e-12, update_epoch: 4, num_batch: 4
[2026-10-10 00:03:01,359][agent.finetune.train_ppo_diffusion_agent][INFO] - approx_kl: 0.0, update_epoch: 4, num_batch: 4
[2026-10-10 00:03:01,378][agent.finetune.train_ppo_diffusion_agent][INFO] - 122: step  8800000 | loss   0.0114 | pg loss  -0.0003 | value loss   0.0232 | bc loss   0.0000 | reward -1605.5742 | eta   1.0000 | t: 57.2665 | kl_true_per_action=0.0 | logratio_p99=0.0 | clamp_hit_frac=0.0
[2026-10-10 00:03:17,283][agent.finetune.train_ppo_diffusion_agent][INFO] - approx_kl: 0.0, update_epoch: 0, num_batch: 4
[2026-10-10 00:03:19,385][agent.finetune.train_ppo_diffusion_agent][INFO] - approx_kl: 1.7881392980895194e-12, update_epoch: 0, num_batch: 4
[2026-10-10 00:03:21,558][agent.finetune.train_ppo_diffusion_agent][INFO] - approx_kl: 2.9802321634825324e-13, update_epoch: 0, num_batch: 4
[2026-10-10 00:03:23,850][agent.finetune.train_ppo_diffusion_agent][INFO] - approx_kl: 4.02331336649131e-12, update_epoch: 0, num_batch: 4
[2026-10-10 00:03:25,936][agent.finetune.train_ppo_diffusion_agent][INFO] - approx_kl: 2.384185730786026e-12, update_epoch: 1, num_batch: 4
[2026-10-10 00:03:28,139][agent.finetune.train_ppo_diffusion_agent][INFO] - approx_kl: 2.2351741226118993e-13, update_epoch: 1, num_batch: 4
[2026-10-10 00:03:30,315][agent.finetune.train_ppo_diffusion_agent][INFO] - approx_kl: -2.9802321634825324e-13, update_epoch: 1, num_batch: 4
[2026-10-10 00:03:32,576][agent.finetune.train_ppo_diffusion_agent][INFO] - approx_kl: 1.192092865393013e-12, update_epoch: 1, num_batch: 4
[2026-10-10 00:03:34,650][agent.finetune.train_ppo_diffusion_agent][INFO] - approx_kl: 5.960464326965065e-13, update_epoch: 2, num_batch: 4
[2026-10-10 00:03:36,825][agent.finetune.train_ppo_diffusion_agent][INFO] - approx_kl: 1.7881392980895194e-12, update_epoch: 2, num_batch: 4
[2026-10-10 00:03:39,008][agent.finetune.train_ppo_diffusion_agent][INFO] - approx_kl: -2.6077031159421615e-12, update_epoch: 2, num_batch: 4
[2026-10-10 00:03:41,275][agent.finetune.train_ppo_diffusion_agent][INFO] - approx_kl: 5.960464326965065e-13, update_epoch: 2, num_batch: 4
[2026-10-10 00:03:43,357][agent.finetune.train_ppo_diffusion_agent][INFO] - approx_kl: 1.7136334668974018e-12, update_epoch: 3, num_batch: 4
[2026-10-10 00:03:45,528][agent.finetune.train_ppo_diffusion_agent][INFO] - approx_kl: -5.960464326965065e-13, update_epoch: 3, num_batch: 4
[2026-10-10 00:03:47,697][agent.finetune.train_ppo_diffusion_agent][INFO] - approx_kl: 1.9371509604737547e-12, update_epoch: 3, num_batch: 4
[2026-10-10 00:03:49,978][agent.finetune.train_ppo_diffusion_agent][INFO] - approx_kl: -5.960464326965065e-13, update_epoch: 3, num_batch: 4
[2026-10-10 00:03:52,061][agent.finetune.train_ppo_diffusion_agent][INFO] - approx_kl: -5.960464326965065e-13, update_epoch: 4, num_batch: 4
[2026-10-10 00:03:54,251][agent.finetune.train_ppo_diffusion_agent][INFO] - approx_kl: 1.6391276357052842e-12, update_epoch: 4, num_batch: 4
[2026-10-10 00:03:56,433][agent.finetune.train_ppo_diffusion_agent][INFO] - approx_kl: 2.9802321634825324e-12, update_epoch: 4, num_batch: 4
[2026-10-10 00:03:58,737][agent.finetune.train_ppo_diffusion_agent][INFO] - approx_kl: -1.4901160817412662e-13, update_epoch: 4, num_batch: 4
[2026-10-10 00:03:58,755][agent.finetune.train_ppo_diffusion_agent][INFO] - 123: step  8880000 | loss   0.0114 | pg loss  -0.0001 | value loss   0.0231 | bc loss   0.0000 | reward -1555.3510 | eta   1.0000 | t: 57.3771 | kl_true_per_action=8.784383959082806e-11 | logratio_p99=0.0 | clamp_hit_frac=0.0
[2026-10-10 00:04:14,296][agent.finetune.train_ppo_diffusion_agent][INFO] - approx_kl: 0.0, update_epoch: 0, num_batch: 4
[2026-10-10 00:04:16,474][agent.finetune.train_ppo_diffusion_agent][INFO] - approx_kl: -8.940696490447597e-13, update_epoch: 0, num_batch: 4
[2026-10-10 00:04:18,652][agent.finetune.train_ppo_diffusion_agent][INFO] - approx_kl: 1.192092865393013e-12, update_epoch: 0, num_batch: 4
[2026-10-10 00:04:20,924][agent.finetune.train_ppo_diffusion_agent][INFO] - approx_kl: 2.9802321634825324e-13, update_epoch: 0, num_batch: 4
[2026-10-10 00:04:23,041][agent.finetune.train_ppo_diffusion_agent][INFO] - approx_kl: 8.940696490447597e-13, update_epoch: 1, num_batch: 4
[2026-10-10 00:04:25,237][agent.finetune.train_ppo_diffusion_agent][INFO] - approx_kl: 5.960464326965065e-13, update_epoch: 1, num_batch: 4
[2026-10-10 00:04:27,423][agent.finetune.train_ppo_diffusion_agent][INFO] - approx_kl: 0.0, update_epoch: 1, num_batch: 4
[2026-10-10 00:04:29,712][agent.finetune.train_ppo_diffusion_agent][INFO] - approx_kl: -5.960464326965065e-13, update_epoch: 1, num_batch: 4
[2026-10-10 00:04:31,801][agent.finetune.train_ppo_diffusion_agent][INFO] - approx_kl: 8.940696490447597e-13, update_epoch: 2, num_batch: 4
[2026-10-10 00:04:33,975][agent.finetune.train_ppo_diffusion_agent][INFO] - approx_kl: 5.960464326965065e-13, update_epoch: 2, num_batch: 4
[2026-10-10 00:04:36,141][agent.finetune.train_ppo_diffusion_agent][INFO] - approx_kl: 2.9802321634825324e-12, update_epoch: 2, num_batch: 4
[2026-10-10 00:04:38,427][agent.finetune.train_ppo_diffusion_agent][INFO] - approx_kl: 0.0, update_epoch: 2, num_batch: 4
[2026-10-10 00:04:40,520][agent.finetune.train_ppo_diffusion_agent][INFO] - approx_kl: 1.0430812030087777e-12, update_epoch: 3, num_batch: 4
[2026-10-10 00:04:42,699][agent.finetune.train_ppo_diffusion_agent][INFO] - approx_kl: 1.7881392980895194e-12, update_epoch: 3, num_batch: 4
[2026-10-10 00:04:44,875][agent.finetune.train_ppo_diffusion_agent][INFO] - approx_kl: 0.0, update_epoch: 3, num_batch: 4
[2026-10-10 00:04:47,165][agent.finetune.train_ppo_diffusion_agent][INFO] - approx_kl: 8.940696490447597e-13, update_epoch: 3, num_batch: 4
[2026-10-10 00:04:49,245][agent.finetune.train_ppo_diffusion_agent][INFO] - approx_kl: 8.940696490447597e-13, update_epoch: 4, num_batch: 4
[2026-10-10 00:04:51,428][agent.finetune.train_ppo_diffusion_agent][INFO] - approx_kl: 1.192092865393013e-12, update_epoch: 4, num_batch: 4
[2026-10-10 00:04:53,606][agent.finetune.train_ppo_diffusion_agent][INFO] - approx_kl: 5.960464326965065e-13, update_epoch: 4, num_batch: 4
[2026-10-10 00:04:55,882][agent.finetune.train_ppo_diffusion_agent][INFO] - approx_kl: -2.9802321634825324e-13, update_epoch: 4, num_batch: 4
[2026-10-10 00:04:55,901][agent.finetune.train_ppo_diffusion_agent][INFO] - 124: step  8960000 | loss   0.0111 | pg loss  -0.0000 | value loss   0.0223 | bc loss   0.0000 | reward -1563.8276 | eta   1.0000 | t: 57.1461 | kl_true_per_action=0.0 | logratio_p99=0.0 | clamp_hit_frac=0.0
[2026-10-10 00:05:11,568][agent.finetune.train_ppo_diffusion_agent][INFO] - approx_kl: 0.0, update_epoch: 0, num_batch: 4
[2026-10-10 00:05:13,752][agent.finetune.train_ppo_diffusion_agent][INFO] - approx_kl: -8.940696490447597e-13, update_epoch: 0, num_batch: 4
[2026-10-10 00:05:15,924][agent.finetune.train_ppo_diffusion_agent][INFO] - approx_kl: -8.940696490447597e-13, update_epoch: 0, num_batch: 4
[2026-10-10 00:05:18,200][agent.finetune.train_ppo_diffusion_agent][INFO] - approx_kl: 0.0, update_epoch: 0, num_batch: 4
[2026-10-10 00:05:20,290][agent.finetune.train_ppo_diffusion_agent][INFO] - approx_kl: -5.960464326965065e-13, update_epoch: 1, num_batch: 4
[2026-10-10 00:05:22,474][agent.finetune.train_ppo_diffusion_agent][INFO] - approx_kl: 2.9802321634825324e-13, update_epoch: 1, num_batch: 4
[2026-10-10 00:05:24,649][agent.finetune.train_ppo_diffusion_agent][INFO] - approx_kl: 0.0, update_epoch: 1, num_batch: 4
[2026-10-10 00:05:26,923][agent.finetune.train_ppo_diffusion_agent][INFO] - approx_kl: 0.0, update_epoch: 1, num_batch: 4
[2026-10-10 00:05:29,009][agent.finetune.train_ppo_diffusion_agent][INFO] - approx_kl: 0.0, update_epoch: 2, num_batch: 4
[2026-10-10 00:05:31,188][agent.finetune.train_ppo_diffusion_agent][INFO] - approx_kl: 0.0, update_epoch: 2, num_batch: 4
[2026-10-10 00:05:33,409][agent.finetune.train_ppo_diffusion_agent][INFO] - approx_kl: 0.0, update_epoch: 2, num_batch: 4
[2026-10-10 00:05:35,694][agent.finetune.train_ppo_diffusion_agent][INFO] - approx_kl: 1.4901160817412662e-12, update_epoch: 2, num_batch: 4
[2026-10-10 00:05:37,779][agent.finetune.train_ppo_diffusion_agent][INFO] - approx_kl: 0.0, update_epoch: 3, num_batch: 4
[2026-10-10 00:05:39,977][agent.finetune.train_ppo_diffusion_agent][INFO] - approx_kl: 0.0, update_epoch: 3, num_batch: 4
[2026-10-10 00:05:42,151][agent.finetune.train_ppo_diffusion_agent][INFO] - approx_kl: 2.9802321634825324e-13, update_epoch: 3, num_batch: 4
[2026-10-10 00:05:44,439][agent.finetune.train_ppo_diffusion_agent][INFO] - approx_kl: 2.9802321634825324e-13, update_epoch: 3, num_batch: 4
[2026-10-10 00:05:46,524][agent.finetune.train_ppo_diffusion_agent][INFO] - approx_kl: 5.960464326965065e-13, update_epoch: 4, num_batch: 4
[2026-10-10 00:05:48,692][agent.finetune.train_ppo_diffusion_agent][INFO] - approx_kl: 0.0, update_epoch: 4, num_batch: 4
[2026-10-10 00:05:50,859][agent.finetune.train_ppo_diffusion_agent][INFO] - approx_kl: 0.0, update_epoch: 4, num_batch: 4
[2026-10-10 00:05:53,127][agent.finetune.train_ppo_diffusion_agent][INFO] - approx_kl: 0.0, update_epoch: 4, num_batch: 4
[2026-10-10 00:05:53,150][agent.finetune.train_ppo_diffusion_agent][INFO] - 125: step  9040000 | loss   0.0112 | pg loss  -0.0000 | value loss   0.0225 | bc loss   0.0000 | reward -1624.2212 | eta   1.0000 | t: 57.2494 | kl_true_per_action=0.0 | logratio_p99=0.0 | clamp_hit_frac=0.0
[2026-10-10 00:06:08,748][agent.finetune.train_ppo_diffusion_agent][INFO] - approx_kl: 0.0, update_epoch: 0, num_batch: 4
[2026-10-10 00:06:10,932][agent.finetune.train_ppo_diffusion_agent][INFO] - approx_kl: 5.960464326965065e-13, update_epoch: 0, num_batch: 4
[2026-10-10 00:06:13,089][agent.finetune.train_ppo_diffusion_agent][INFO] - approx_kl: -5.960464326965065e-13, update_epoch: 0, num_batch: 4
[2026-10-10 00:06:15,367][agent.finetune.train_ppo_diffusion_agent][INFO] - approx_kl: 5.960464326965065e-13, update_epoch: 0, num_batch: 4
[2026-10-10 00:06:17,444][agent.finetune.train_ppo_diffusion_agent][INFO] - approx_kl: 0.0, update_epoch: 1, num_batch: 4
[2026-10-10 00:06:19,621][agent.finetune.train_ppo_diffusion_agent][INFO] - approx_kl: 1.192092865393013e-12, update_epoch: 1, num_batch: 4
[2026-10-10 00:06:21,800][agent.finetune.train_ppo_diffusion_agent][INFO] - approx_kl: 0.0, update_epoch: 1, num_batch: 4
[2026-10-10 00:06:24,091][agent.finetune.train_ppo_diffusion_agent][INFO] - approx_kl: 0.0, update_epoch: 1, num_batch: 4
[2026-10-10 00:06:26,184][agent.finetune.train_ppo_diffusion_agent][INFO] - approx_kl: 2.0861624060175554e-12, update_epoch: 2, num_batch: 4
[2026-10-10 00:06:28,397][agent.finetune.train_ppo_diffusion_agent][INFO] - approx_kl: 0.0, update_epoch: 2, num_batch: 4
[2026-10-10 00:06:30,591][agent.finetune.train_ppo_diffusion_agent][INFO] - approx_kl: 0.0, update_epoch: 2, num_batch: 4
[2026-10-10 00:06:32,893][agent.finetune.train_ppo_diffusion_agent][INFO] - approx_kl: 8.940696490447597e-13, update_epoch: 2, num_batch: 4
[2026-10-10 00:06:35,031][agent.finetune.train_ppo_diffusion_agent][INFO] - approx_kl: -2.9802321634825324e-13, update_epoch: 3, num_batch: 4
[2026-10-10 00:06:37,226][agent.finetune.train_ppo_diffusion_agent][INFO] - approx_kl: 0.0, update_epoch: 3, num_batch: 4
[2026-10-10 00:06:39,429][agent.finetune.train_ppo_diffusion_agent][INFO] - approx_kl: 5.960464326965065e-13, update_epoch: 3, num_batch: 4
[2026-10-10 00:06:41,720][agent.finetune.train_ppo_diffusion_agent][INFO] - approx_kl: 0.0, update_epoch: 3, num_batch: 4
[2026-10-10 00:06:43,822][agent.finetune.train_ppo_diffusion_agent][INFO] - approx_kl: 2.9802321634825324e-13, update_epoch: 4, num_batch: 4
[2026-10-10 00:06:46,024][agent.finetune.train_ppo_diffusion_agent][INFO] - approx_kl: 0.0, update_epoch: 4, num_batch: 4
[2026-10-10 00:06:48,223][agent.finetune.train_ppo_diffusion_agent][INFO] - approx_kl: 5.960464326965065e-13, update_epoch: 4, num_batch: 4
[2026-10-10 00:06:50,512][agent.finetune.train_ppo_diffusion_agent][INFO] - approx_kl: 1.192092865393013e-12, update_epoch: 4, num_batch: 4
[2026-10-10 00:06:50,531][agent.finetune.train_ppo_diffusion_agent][INFO] - 126: step  9120000 | loss   0.0119 | pg loss   0.0000 | value loss   0.0237 | bc loss   0.0000 | reward -1595.6995 | eta   1.0000 | t: 57.3806 | kl_true_per_action=4.40189278609485e-13 | logratio_p99=0.0 | clamp_hit_frac=0.0
[2026-10-10 00:07:06,133][agent.finetune.train_ppo_diffusion_agent][INFO] - approx_kl: 0.0, update_epoch: 0, num_batch: 4
[2026-10-10 00:07:08,364][agent.finetune.train_ppo_diffusion_agent][INFO] - approx_kl: 1.8132849388674543e-11, update_epoch: 0, num_batch: 4
[2026-10-10 00:07:10,653][agent.finetune.train_ppo_diffusion_agent][INFO] - approx_kl: 3.140419521652227e-11, update_epoch: 0, num_batch: 4
[2026-10-10 00:07:12,758][agent.finetune.train_ppo_diffusion_agent][INFO] - approx_kl: 3.287102881555093e-11, update_epoch: 0, num_batch: 4
[2026-10-10 00:07:14,956][agent.finetune.train_ppo_diffusion_agent][INFO] - approx_kl: 5.248933926393917e-11, update_epoch: 1, num_batch: 4
[2026-10-10 00:07:17,151][agent.finetune.train_ppo_diffusion_agent][INFO] - approx_kl: 5.651265219674961e-11, update_epoch: 1, num_batch: 4
[2026-10-10 00:07:19,460][agent.finetune.train_ppo_diffusion_agent][INFO] - approx_kl: 2.9639339593767744e-11, update_epoch: 1, num_batch: 4
[2026-10-10 00:07:21,559][agent.finetune.train_ppo_diffusion_agent][INFO] - approx_kl: 6.821006259816187e-11, update_epoch: 1, num_batch: 4
[2026-10-10 00:07:23,756][agent.finetune.train_ppo_diffusion_agent][INFO] - approx_kl: 1.1083669398948004e-10, update_epoch: 2, num_batch: 4
[2026-10-10 00:07:25,963][agent.finetune.train_ppo_diffusion_agent][INFO] - approx_kl: 4.835054023821783e-10, update_epoch: 2, num_batch: 4
[2026-10-10 00:07:28,285][agent.finetune.train_ppo_diffusion_agent][INFO] - approx_kl: 2.938322640755331e-10, update_epoch: 2, num_batch: 4
[2026-10-10 00:07:30,388][agent.finetune.train_ppo_diffusion_agent][INFO] - approx_kl: 3.8509723188084877e-10, update_epoch: 2, num_batch: 4
[2026-10-10 00:07:32,579][agent.finetune.train_ppo_diffusion_agent][INFO] - approx_kl: 4.566088340762775e-10, update_epoch: 3, num_batch: 4
[2026-10-10 00:07:34,762][agent.finetune.train_ppo_diffusion_agent][INFO] - approx_kl: 4.4022685496969416e-10, update_epoch: 3, num_batch: 4
[2026-10-10 00:07:37,089][agent.finetune.train_ppo_diffusion_agent][INFO] - approx_kl: 7.120007361471892e-10, update_epoch: 3, num_batch: 4
[2026-10-10 00:07:39,191][agent.finetune.train_ppo_diffusion_agent][INFO] - approx_kl: 1.8372200427663188e-09, update_epoch: 3, num_batch: 4
[2026-10-10 00:07:41,378][agent.finetune.train_ppo_diffusion_agent][INFO] - approx_kl: 1.3947998311891752e-09, update_epoch: 4, num_batch: 4
[2026-10-10 00:07:43,621][agent.finetune.train_ppo_diffusion_agent][INFO] - approx_kl: 1.6151834314470648e-09, update_epoch: 4, num_batch: 4
[2026-10-10 00:07:45,925][agent.finetune.train_ppo_diffusion_agent][INFO] - approx_kl: 2.099843632308307e-09, update_epoch: 4, num_batch: 4
[2026-10-10 00:07:48,032][agent.finetune.train_ppo_diffusion_agent][INFO] - approx_kl: 1.4860974673069904e-09, update_epoch: 4, num_batch: 4
[2026-10-10 00:07:48,051][agent.finetune.train_ppo_diffusion_agent][INFO] - 127: step  9200000 | loss   0.0118 | pg loss  -0.0000 | value loss   0.0237 | bc loss   0.0000 | reward -1603.7587 | eta   1.0000 | t: 57.5201 | kl_true_per_action=2.24825768735087e-05 | logratio_p99=0.0 | clamp_hit_frac=0.0
[2026-10-10 00:08:03,704][agent.finetune.train_ppo_diffusion_agent][INFO] - approx_kl: 0.0, update_epoch: 0, num_batch: 4
[2026-10-10 00:08:05,769][agent.finetune.train_ppo_diffusion_agent][INFO] - approx_kl: 5.941372394069333e-11, update_epoch: 0, num_batch: 4
[2026-10-10 00:08:07,817][agent.finetune.train_ppo_diffusion_agent][INFO] - approx_kl: 1.5406403930384727e-10, update_epoch: 0, num_batch: 4
[2026-10-10 00:08:09,715][agent.finetune.train_ppo_diffusion_agent][INFO] - approx_kl: 2.0337989625751618e-10, update_epoch: 0, num_batch: 4
[2026-10-10 00:08:11,724][agent.finetune.train_ppo_diffusion_agent][INFO] - approx_kl: 2.96530772159187e-10, update_epoch: 1, num_batch: 4
[2026-10-10 00:08:13,862][agent.finetune.train_ppo_diffusion_agent][INFO] - approx_kl: 3.272620785477187e-10, update_epoch: 1, num_batch: 4
[2026-10-10 00:08:16,125][agent.finetune.train_ppo_diffusion_agent][INFO] - approx_kl: 4.4242362551294434e-10, update_epoch: 1, num_batch: 4
[2026-10-10 00:08:18,227][agent.finetune.train_ppo_diffusion_agent][INFO] - approx_kl: 3.727024799893286e-10, update_epoch: 1, num_batch: 4
[2026-10-10 00:08:20,421][agent.finetune.train_ppo_diffusion_agent][INFO] - approx_kl: 5.485734089205607e-10, update_epoch: 2, num_batch: 4
[2026-10-10 00:08:22,591][agent.finetune.train_ppo_diffusion_agent][INFO] - approx_kl: 4.709534984215225e-10, update_epoch: 2, num_batch: 4
[2026-10-10 00:08:24,870][agent.finetune.train_ppo_diffusion_agent][INFO] - approx_kl: 1.5530781105610458e-09, update_epoch: 2, num_batch: 4
[2026-10-10 00:08:26,970][agent.finetune.train_ppo_diffusion_agent][INFO] - approx_kl: 9.578779991414876e-10, update_epoch: 2, num_batch: 4
[2026-10-10 00:08:29,181][agent.finetune.train_ppo_diffusion_agent][INFO] - approx_kl: 1.0534305650011788e-09, update_epoch: 3, num_batch: 4
[2026-10-10 00:08:31,374][agent.finetune.train_ppo_diffusion_agent][INFO] - approx_kl: 2.6190511981383224e-09, update_epoch: 3, num_batch: 4
[2026-10-10 00:08:33,514][agent.finetune.train_ppo_diffusion_agent][INFO] - approx_kl: 1.7509480532140742e-09, update_epoch: 3, num_batch: 4
[2026-10-10 00:08:35,427][agent.finetune.train_ppo_diffusion_agent][INFO] - approx_kl: 2.1430850427606174e-09, update_epoch: 3, num_batch: 4
[2026-10-10 00:08:37,422][agent.finetune.train_ppo_diffusion_agent][INFO] - approx_kl: 2.668896881274918e-09, update_epoch: 4, num_batch: 4
[2026-10-10 00:08:39,581][agent.finetune.train_ppo_diffusion_agent][INFO] - approx_kl: 2.6048987411542157e-09, update_epoch: 4, num_batch: 4
[2026-10-10 00:08:41,878][agent.finetune.train_ppo_diffusion_agent][INFO] - approx_kl: 3.3464526705273556e-09, update_epoch: 4, num_batch: 4
[2026-10-10 00:08:43,985][agent.finetune.train_ppo_diffusion_agent][INFO] - approx_kl: 5.53536683156608e-09, update_epoch: 4, num_batch: 4
[2026-10-10 00:08:44,001][agent.finetune.train_ppo_diffusion_agent][INFO] - 128: step  9280000 | loss   0.0120 | pg loss   0.0000 | value loss   0.0240 | bc loss   0.0000 | reward -1589.1200 | eta   1.0000 | t: 55.9498 | kl_true_per_action=2.270665982268585e-05 | logratio_p99=0.0 | clamp_hit_frac=0.0
[2026-10-10 00:08:59,702][agent.finetune.train_ppo_diffusion_agent][INFO] - approx_kl: 0.0, update_epoch: 0, num_batch: 4
[2026-10-10 00:09:01,891][agent.finetune.train_ppo_diffusion_agent][INFO] - approx_kl: 3.1106172325434667e-12, update_epoch: 0, num_batch: 4
[2026-10-10 00:09:04,217][agent.finetune.train_ppo_diffusion_agent][INFO] - approx_kl: 9.071081559508531e-12, update_epoch: 0, num_batch: 4
[2026-10-10 00:09:06,318][agent.finetune.train_ppo_diffusion_agent][INFO] - approx_kl: 8.940696273607163e-12, update_epoch: 0, num_batch: 4
[2026-10-10 00:09:08,506][agent.finetune.train_ppo_diffusion_agent][INFO] - approx_kl: 7.027759624245178e-11, update_epoch: 1, num_batch: 4
[2026-10-10 00:09:10,805][agent.finetune.train_ppo_diffusion_agent][INFO] - approx_kl: 3.129243739130594e-11, update_epoch: 1, num_batch: 4
[2026-10-10 00:09:12,902][agent.finetune.train_ppo_diffusion_agent][INFO] - approx_kl: 6.588175838206922e-11, update_epoch: 1, num_batch: 4
[2026-10-10 00:09:15,093][agent.finetune.train_ppo_diffusion_agent][INFO] - approx_kl: 3.349152205567307e-11, update_epoch: 1, num_batch: 4
[2026-10-10 00:09:17,282][agent.finetune.train_ppo_diffusion_agent][INFO] - approx_kl: 1.5810130982174542e-10, update_epoch: 2, num_batch: 4
[2026-10-10 00:09:19,568][agent.finetune.train_ppo_diffusion_agent][INFO] - approx_kl: 4.4153536382651737e-10, update_epoch: 2, num_batch: 4
[2026-10-10 00:09:21,664][agent.finetune.train_ppo_diffusion_agent][INFO] - approx_kl: 4.712957801800144e-11, update_epoch: 2, num_batch: 4
[2026-10-10 00:09:23,857][agent.finetune.train_ppo_diffusion_agent][INFO] - approx_kl: 2.817809596766807e-10, update_epoch: 2, num_batch: 4
[2026-10-10 00:09:26,060][agent.finetune.train_ppo_diffusion_agent][INFO] - approx_kl: 1.6126781854364225e-10, update_epoch: 3, num_batch: 4
[2026-10-10 00:09:28,387][agent.finetune.train_ppo_diffusion_agent][INFO] - approx_kl: 2.4860258296399707e-10, update_epoch: 3, num_batch: 4
[2026-10-10 00:09:30,506][agent.finetune.train_ppo_diffusion_agent][INFO] - approx_kl: 1.5282304588470907e-10, update_epoch: 3, num_batch: 4
[2026-10-10 00:09:32,771][agent.finetune.train_ppo_diffusion_agent][INFO] - approx_kl: 1.667980087383114e-09, update_epoch: 3, num_batch: 4
[2026-10-10 00:09:34,979][agent.finetune.train_ppo_diffusion_agent][INFO] - approx_kl: 2.36742181414229e-10, update_epoch: 4, num_batch: 4
[2026-10-10 00:09:37,289][agent.finetune.train_ppo_diffusion_agent][INFO] - approx_kl: 4.0313227755994774e-10, update_epoch: 4, num_batch: 4
[2026-10-10 00:09:39,389][agent.finetune.train_ppo_diffusion_agent][INFO] - approx_kl: 2.264799459084088e-09, update_epoch: 4, num_batch: 4
[2026-10-10 00:09:41,594][agent.finetune.train_ppo_diffusion_agent][INFO] - approx_kl: 5.434825922634445e-10, update_epoch: 4, num_batch: 4
[2026-10-10 00:09:41,612][agent.finetune.train_ppo_diffusion_agent][INFO] - 129: step  9360000 | loss   0.0124 | pg loss  -0.0000 | value loss   0.0248 | bc loss   0.0000 | reward -1613.5927 | eta   1.0000 | t: 57.6113 | kl_true_per_action=1.898954777442872e-06 | logratio_p99=0.0 | clamp_hit_frac=0.0
[2026-10-10 00:09:55,221][agent.finetune.train_ppo_diffusion_agent][INFO] - eval: success rate   0.0000 | avg episode reward -1564.9286 | avg best reward   0.4929
[2026-10-10 00:10:10,886][agent.finetune.train_ppo_diffusion_agent][INFO] - approx_kl: 0.0, update_epoch: 0, num_batch: 4
[2026-10-10 00:10:13,187][agent.finetune.train_ppo_diffusion_agent][INFO] - approx_kl: 0.0, update_epoch: 0, num_batch: 4
[2026-10-10 00:10:15,292][agent.finetune.train_ppo_diffusion_agent][INFO] - approx_kl: 5.960464326965065e-13, update_epoch: 0, num_batch: 4
[2026-10-10 00:10:17,484][agent.finetune.train_ppo_diffusion_agent][INFO] - approx_kl: 0.0, update_epoch: 0, num_batch: 4
[2026-10-10 00:10:19,676][agent.finetune.train_ppo_diffusion_agent][INFO] - approx_kl: 0.0, update_epoch: 1, num_batch: 4
[2026-10-10 00:10:21,968][agent.finetune.train_ppo_diffusion_agent][INFO] - approx_kl: -5.960464326965065e-13, update_epoch: 1, num_batch: 4
[2026-10-10 00:10:24,063][agent.finetune.train_ppo_diffusion_agent][INFO] - approx_kl: 0.0, update_epoch: 1, num_batch: 4
[2026-10-10 00:10:26,279][agent.finetune.train_ppo_diffusion_agent][INFO] - approx_kl: 0.0, update_epoch: 1, num_batch: 4
[2026-10-10 00:10:28,458][agent.finetune.train_ppo_diffusion_agent][INFO] - approx_kl: 0.0, update_epoch: 2, num_batch: 4
[2026-10-10 00:10:30,743][agent.finetune.train_ppo_diffusion_agent][INFO] - approx_kl: 5.960464326965065e-13, update_epoch: 2, num_batch: 4
[2026-10-10 00:10:32,837][agent.finetune.train_ppo_diffusion_agent][INFO] - approx_kl: 0.0, update_epoch: 2, num_batch: 4
[2026-10-10 00:10:35,036][agent.finetune.train_ppo_diffusion_agent][INFO] - approx_kl: 1.192092865393013e-12, update_epoch: 2, num_batch: 4
[2026-10-10 00:10:37,218][agent.finetune.train_ppo_diffusion_agent][INFO] - approx_kl: 0.0, update_epoch: 3, num_batch: 4
[2026-10-10 00:10:39,513][agent.finetune.train_ppo_diffusion_agent][INFO] - approx_kl: 1.192092865393013e-12, update_epoch: 3, num_batch: 4
[2026-10-10 00:10:41,603][agent.finetune.train_ppo_diffusion_agent][INFO] - approx_kl: 0.0, update_epoch: 3, num_batch: 4
[2026-10-10 00:10:43,793][agent.finetune.train_ppo_diffusion_agent][INFO] - approx_kl: -5.960464326965065e-13, update_epoch: 3, num_batch: 4
[2026-10-10 00:10:45,979][agent.finetune.train_ppo_diffusion_agent][INFO] - approx_kl: 5.960464326965065e-13, update_epoch: 4, num_batch: 4
[2026-10-10 00:10:48,273][agent.finetune.train_ppo_diffusion_agent][INFO] - approx_kl: 0.0, update_epoch: 4, num_batch: 4
[2026-10-10 00:10:50,362][agent.finetune.train_ppo_diffusion_agent][INFO] - approx_kl: 0.0, update_epoch: 4, num_batch: 4
[2026-10-10 00:10:52,544][agent.finetune.train_ppo_diffusion_agent][INFO] - approx_kl: 0.0, update_epoch: 4, num_batch: 4
[2026-10-10 00:10:52,563][agent.finetune.train_ppo_diffusion_agent][INFO] - 131: step  9440000 | loss   0.0123 | pg loss   0.0000 | value loss   0.0245 | bc loss   0.0000 | reward -1603.3836 | eta   1.0000 | t: 57.3419 | kl_true_per_action=0.0 | logratio_p99=0.0 | clamp_hit_frac=0.0
[2026-10-10 00:11:08,218][agent.finetune.train_ppo_diffusion_agent][INFO] - approx_kl: 0.0, update_epoch: 0, num_batch: 4
[2026-10-10 00:11:10,511][agent.finetune.train_ppo_diffusion_agent][INFO] - approx_kl: -1.0430812030087777e-12, update_epoch: 0, num_batch: 4
[2026-10-10 00:11:12,614][agent.finetune.train_ppo_diffusion_agent][INFO] - approx_kl: 0.0, update_epoch: 0, num_batch: 4
[2026-10-10 00:11:14,798][agent.finetune.train_ppo_diffusion_agent][INFO] - approx_kl: 8.940696490447597e-13, update_epoch: 0, num_batch: 4
[2026-10-10 00:11:16,999][agent.finetune.train_ppo_diffusion_agent][INFO] - approx_kl: 0.0, update_epoch: 1, num_batch: 4
[2026-10-10 00:11:19,306][agent.finetune.train_ppo_diffusion_agent][INFO] - approx_kl: 0.0, update_epoch: 1, num_batch: 4
[2026-10-10 00:11:21,408][agent.finetune.train_ppo_diffusion_agent][INFO] - approx_kl: -1.0430812030087777e-12, update_epoch: 1, num_batch: 4
[2026-10-10 00:11:23,609][agent.finetune.train_ppo_diffusion_agent][INFO] - approx_kl: 2.6822090555544964e-12, update_epoch: 1, num_batch: 4
[2026-10-10 00:11:25,809][agent.finetune.train_ppo_diffusion_agent][INFO] - approx_kl: 0.0, update_epoch: 2, num_batch: 4
[2026-10-10 00:11:28,141][agent.finetune.train_ppo_diffusion_agent][INFO] - approx_kl: 2.9802321634825324e-13, update_epoch: 2, num_batch: 4
[2026-10-10 00:11:30,253][agent.finetune.train_ppo_diffusion_agent][INFO] - approx_kl: 7.450580408706331e-13, update_epoch: 2, num_batch: 4
[2026-10-10 00:11:32,449][agent.finetune.train_ppo_diffusion_agent][INFO] - approx_kl: 1.6242264477828172e-11, update_epoch: 2, num_batch: 4
[2026-10-10 00:11:34,644][agent.finetune.train_ppo_diffusion_agent][INFO] - approx_kl: 1.57952297075159e-11, update_epoch: 3, num_batch: 4
[2026-10-10 00:11:36,939][agent.finetune.train_ppo_diffusion_agent][INFO] - approx_kl: 0.0, update_epoch: 3, num_batch: 4
[2026-10-10 00:11:39,047][agent.finetune.train_ppo_diffusion_agent][INFO] - approx_kl: 1.639127722441458e-11, update_epoch: 3, num_batch: 4
[2026-10-10 00:11:41,238][agent.finetune.train_ppo_diffusion_agent][INFO] - approx_kl: 2.9802321634825324e-12, update_epoch: 3, num_batch: 4
[2026-10-10 00:11:43,422][agent.finetune.train_ppo_diffusion_agent][INFO] - approx_kl: 7.390976025645202e-11, update_epoch: 4, num_batch: 4
[2026-10-10 00:11:45,717][agent.finetune.train_ppo_diffusion_agent][INFO] - approx_kl: 5.215406231884323e-12, update_epoch: 4, num_batch: 4
[2026-10-10 00:11:47,819][agent.finetune.train_ppo_diffusion_agent][INFO] - approx_kl: 0.0, update_epoch: 4, num_batch: 4
[2026-10-10 00:11:50,019][agent.finetune.train_ppo_diffusion_agent][INFO] - approx_kl: 0.0, update_epoch: 4, num_batch: 4
[2026-10-10 00:11:50,039][agent.finetune.train_ppo_diffusion_agent][INFO] - 132: step  9520000 | loss   0.0123 | pg loss  -0.0002 | value loss   0.0249 | bc loss   0.0000 | reward -1650.2172 | eta   1.0000 | t: 57.4768 | kl_true_per_action=0.0 | logratio_p99=0.0 | clamp_hit_frac=0.0
[2026-10-10 00:12:05,750][agent.finetune.train_ppo_diffusion_agent][INFO] - approx_kl: 0.0, update_epoch: 0, num_batch: 4
[2026-10-10 00:12:08,043][agent.finetune.train_ppo_diffusion_agent][INFO] - approx_kl: 0.0, update_epoch: 0, num_batch: 4
[2026-10-10 00:12:10,150][agent.finetune.train_ppo_diffusion_agent][INFO] - approx_kl: 1.192092865393013e-12, update_epoch: 0, num_batch: 4
[2026-10-10 00:12:12,335][agent.finetune.train_ppo_diffusion_agent][INFO] - approx_kl: -5.960464326965065e-13, update_epoch: 0, num_batch: 4
[2026-10-10 00:12:14,516][agent.finetune.train_ppo_diffusion_agent][INFO] - approx_kl: 0.0, update_epoch: 1, num_batch: 4
[2026-10-10 00:12:16,802][agent.finetune.train_ppo_diffusion_agent][INFO] - approx_kl: 0.0, update_epoch: 1, num_batch: 4
[2026-10-10 00:12:18,894][agent.finetune.train_ppo_diffusion_agent][INFO] - approx_kl: 0.0, update_epoch: 1, num_batch: 4
[2026-10-10 00:12:21,119][agent.finetune.train_ppo_diffusion_agent][INFO] - approx_kl: 5.960464326965065e-13, update_epoch: 1, num_batch: 4
[2026-10-10 00:12:23,306][agent.finetune.train_ppo_diffusion_agent][INFO] - approx_kl: 1.7881392980895194e-12, update_epoch: 2, num_batch: 4
[2026-10-10 00:12:25,602][agent.finetune.train_ppo_diffusion_agent][INFO] - approx_kl: 0.0, update_epoch: 2, num_batch: 4
[2026-10-10 00:12:27,701][agent.finetune.train_ppo_diffusion_agent][INFO] - approx_kl: 0.0, update_epoch: 2, num_batch: 4
[2026-10-10 00:12:29,900][agent.finetune.train_ppo_diffusion_agent][INFO] - approx_kl: 0.0, update_epoch: 2, num_batch: 4
[2026-10-10 00:12:32,104][agent.finetune.train_ppo_diffusion_agent][INFO] - approx_kl: -2.9802321634825324e-13, update_epoch: 3, num_batch: 4
[2026-10-10 00:12:34,399][agent.finetune.train_ppo_diffusion_agent][INFO] - approx_kl: 1.192092865393013e-12, update_epoch: 3, num_batch: 4
[2026-10-10 00:12:36,505][agent.finetune.train_ppo_diffusion_agent][INFO] - approx_kl: 0.0, update_epoch: 3, num_batch: 4
[2026-10-10 00:12:38,710][agent.finetune.train_ppo_diffusion_agent][INFO] - approx_kl: 0.0, update_epoch: 3, num_batch: 4
[2026-10-10 00:12:40,908][agent.finetune.train_ppo_diffusion_agent][INFO] - approx_kl: 0.0, update_epoch: 4, num_batch: 4
[2026-10-10 00:12:43,205][agent.finetune.train_ppo_diffusion_agent][INFO] - approx_kl: 0.0, update_epoch: 4, num_batch: 4
[2026-10-10 00:12:45,304][agent.finetune.train_ppo_diffusion_agent][INFO] - approx_kl: 0.0, update_epoch: 4, num_batch: 4
[2026-10-10 00:12:47,492][agent.finetune.train_ppo_diffusion_agent][INFO] - approx_kl: 3.576278596179039e-12, update_epoch: 4, num_batch: 4
[2026-10-10 00:12:47,511][agent.finetune.train_ppo_diffusion_agent][INFO] - 133: step  9600000 | loss   0.0127 | pg loss  -0.0001 | value loss   0.0257 | bc loss   0.0000 | reward -1578.1929 | eta   1.0000 | t: 57.4717 | kl_true_per_action=0.0 | logratio_p99=0.0 | clamp_hit_frac=0.0
[2026-10-10 00:13:03,147][agent.finetune.train_ppo_diffusion_agent][INFO] - approx_kl: 0.0, update_epoch: 0, num_batch: 4
[2026-10-10 00:13:05,265][agent.finetune.train_ppo_diffusion_agent][INFO] - approx_kl: 5.564652211242915e-11, update_epoch: 0, num_batch: 4
[2026-10-10 00:13:07,478][agent.finetune.train_ppo_diffusion_agent][INFO] - approx_kl: 4.846602633112873e-11, update_epoch: 0, num_batch: 4
[2026-10-10 00:13:09,696][agent.finetune.train_ppo_diffusion_agent][INFO] - approx_kl: 6.141024494477065e-11, update_epoch: 0, num_batch: 4
[2026-10-10 00:13:12,024][agent.finetune.train_ppo_diffusion_agent][INFO] - approx_kl: 1.1634546798200418e-10, update_epoch: 1, num_batch: 4
[2026-10-10 00:13:14,138][agent.finetune.train_ppo_diffusion_agent][INFO] - approx_kl: 2.556224398819751e-10, update_epoch: 1, num_batch: 4
[2026-10-10 00:13:16,344][agent.finetune.train_ppo_diffusion_agent][INFO] - approx_kl: 6.790924489408212e-10, update_epoch: 1, num_batch: 4
[2026-10-10 00:13:18,562][agent.finetune.train_ppo_diffusion_agent][INFO] - approx_kl: 7.25071835905311e-10, update_epoch: 1, num_batch: 4
[2026-10-10 00:13:20,875][agent.finetune.train_ppo_diffusion_agent][INFO] - approx_kl: 1.513147718235075e-09, update_epoch: 2, num_batch: 4
[2026-10-10 00:13:23,026][agent.finetune.train_ppo_diffusion_agent][INFO] - approx_kl: 2.4543074239602447e-09, update_epoch: 2, num_batch: 4
[2026-10-10 00:13:25,231][agent.finetune.train_ppo_diffusion_agent][INFO] - approx_kl: 4.751805171565593e-09, update_epoch: 2, num_batch: 4
[2026-10-10 00:13:27,436][agent.finetune.train_ppo_diffusion_agent][INFO] - approx_kl: 3.4808040894063197e-09, update_epoch: 2, num_batch: 4
[2026-10-10 00:13:29,748][agent.finetune.train_ppo_diffusion_agent][INFO] - approx_kl: 7.153790004821303e-09, update_epoch: 3, num_batch: 4
[2026-10-10 00:13:31,876][agent.finetune.train_ppo_diffusion_agent][INFO] - approx_kl: 1.1336886096557919e-08, update_epoch: 3, num_batch: 4
[2026-10-10 00:13:34,098][agent.finetune.train_ppo_diffusion_agent][INFO] - approx_kl: 8.995397315914033e-09, update_epoch: 3, num_batch: 4
[2026-10-10 00:13:36,314][agent.finetune.train_ppo_diffusion_agent][INFO] - approx_kl: 1.0108509584938474e-08, update_epoch: 3, num_batch: 4
[2026-10-10 00:13:38,649][agent.finetune.train_ppo_diffusion_agent][INFO] - approx_kl: 1.2799894477666385e-08, update_epoch: 4, num_batch: 4
[2026-10-10 00:13:40,784][agent.finetune.train_ppo_diffusion_agent][INFO] - approx_kl: 1.456447851211351e-08, update_epoch: 4, num_batch: 4
[2026-10-10 00:13:43,009][agent.finetune.train_ppo_diffusion_agent][INFO] - approx_kl: 2.3253003078593792e-08, update_epoch: 4, num_batch: 4
[2026-10-10 00:13:45,226][agent.finetune.train_ppo_diffusion_agent][INFO] - approx_kl: 2.9227255282648912e-08, update_epoch: 4, num_batch: 4
[2026-10-10 00:13:45,242][agent.finetune.train_ppo_diffusion_agent][INFO] - 134: step  9680000 | loss   0.0121 | pg loss  -0.0000 | value loss   0.0243 | bc loss   0.0000 | reward -1535.4610 | eta   1.0000 | t: 57.7313 | kl_true_per_action=7.055458786757001e-05 | logratio_p99=0.0 | clamp_hit_frac=0.0
[2026-10-10 00:14:00,109][agent.finetune.train_ppo_diffusion_agent][INFO] - approx_kl: 0.0, update_epoch: 0, num_batch: 4
[2026-10-10 00:14:02,206][agent.finetune.train_ppo_diffusion_agent][INFO] - approx_kl: 0.0, update_epoch: 0, num_batch: 4
[2026-10-10 00:14:04,398][agent.finetune.train_ppo_diffusion_agent][INFO] - approx_kl: 0.0, update_epoch: 0, num_batch: 4
[2026-10-10 00:14:06,611][agent.finetune.train_ppo_diffusion_agent][INFO] - approx_kl: 8.940696490447597e-13, update_epoch: 0, num_batch: 4
[2026-10-10 00:14:08,925][agent.finetune.train_ppo_diffusion_agent][INFO] - approx_kl: 8.940696490447597e-13, update_epoch: 1, num_batch: 4
[2026-10-10 00:14:11,042][agent.finetune.train_ppo_diffusion_agent][INFO] - approx_kl: 1.4901160817412662e-12, update_epoch: 1, num_batch: 4
[2026-10-10 00:14:13,252][agent.finetune.train_ppo_diffusion_agent][INFO] - approx_kl: 0.0, update_epoch: 1, num_batch: 4
[2026-10-10 00:14:15,456][agent.finetune.train_ppo_diffusion_agent][INFO] - approx_kl: 0.0, update_epoch: 1, num_batch: 4
[2026-10-10 00:14:17,766][agent.finetune.train_ppo_diffusion_agent][INFO] - approx_kl: 0.0, update_epoch: 2, num_batch: 4
[2026-10-10 00:14:19,871][agent.finetune.train_ppo_diffusion_agent][INFO] - approx_kl: 5.960464326965065e-13, update_epoch: 2, num_batch: 4
[2026-10-10 00:14:22,069][agent.finetune.train_ppo_diffusion_agent][INFO] - approx_kl: 1.7881392980895194e-12, update_epoch: 2, num_batch: 4
[2026-10-10 00:14:24,312][agent.finetune.train_ppo_diffusion_agent][INFO] - approx_kl: 0.0, update_epoch: 2, num_batch: 4
[2026-10-10 00:14:26,614][agent.finetune.train_ppo_diffusion_agent][INFO] - approx_kl: 0.0, update_epoch: 3, num_batch: 4
[2026-10-10 00:14:28,722][agent.finetune.train_ppo_diffusion_agent][INFO] - approx_kl: 2.0861624060175554e-12, update_epoch: 3, num_batch: 4
[2026-10-10 00:14:30,946][agent.finetune.train_ppo_diffusion_agent][INFO] - approx_kl: -1.7881392980895194e-12, update_epoch: 3, num_batch: 4
[2026-10-10 00:14:33,171][agent.finetune.train_ppo_diffusion_agent][INFO] - approx_kl: -5.960464326965065e-13, update_epoch: 3, num_batch: 4
[2026-10-10 00:14:35,480][agent.finetune.train_ppo_diffusion_agent][INFO] - approx_kl: 0.0, update_epoch: 4, num_batch: 4
[2026-10-10 00:14:37,584][agent.finetune.train_ppo_diffusion_agent][INFO] - approx_kl: 8.940696490447597e-13, update_epoch: 4, num_batch: 4
[2026-10-10 00:14:39,791][agent.finetune.train_ppo_diffusion_agent][INFO] - approx_kl: 0.0, update_epoch: 4, num_batch: 4
[2026-10-10 00:14:41,991][agent.finetune.train_ppo_diffusion_agent][INFO] - approx_kl: 2.384185730786026e-12, update_epoch: 4, num_batch: 4
[2026-10-10 00:14:42,008][agent.finetune.train_ppo_diffusion_agent][INFO] - 135: step  9760000 | loss   0.0124 | pg loss  -0.0001 | value loss   0.0249 | bc loss   0.0000 | reward -1643.7935 | eta   1.0000 | t: 56.7658 | kl_true_per_action=0.0 | logratio_p99=0.0 | clamp_hit_frac=0.0
[2026-10-10 00:14:56,922][agent.finetune.train_ppo_diffusion_agent][INFO] - approx_kl: 0.0, update_epoch: 0, num_batch: 4
[2026-10-10 00:14:59,013][agent.finetune.train_ppo_diffusion_agent][INFO] - approx_kl: -8.940696490447597e-13, update_epoch: 0, num_batch: 4
[2026-10-10 00:15:01,203][agent.finetune.train_ppo_diffusion_agent][INFO] - approx_kl: 0.0, update_epoch: 0, num_batch: 4
[2026-10-10 00:15:03,494][agent.finetune.train_ppo_diffusion_agent][INFO] - approx_kl: 0.0, update_epoch: 0, num_batch: 4
[2026-10-10 00:15:05,589][agent.finetune.train_ppo_diffusion_agent][INFO] - approx_kl: 0.0, update_epoch: 1, num_batch: 4
[2026-10-10 00:15:07,774][agent.finetune.train_ppo_diffusion_agent][INFO] - approx_kl: 0.0, update_epoch: 1, num_batch: 4
[2026-10-10 00:15:09,954][agent.finetune.train_ppo_diffusion_agent][INFO] - approx_kl: 0.0, update_epoch: 1, num_batch: 4
[2026-10-10 00:15:12,244][agent.finetune.train_ppo_diffusion_agent][INFO] - approx_kl: 2.9802321634825324e-13, update_epoch: 1, num_batch: 4
[2026-10-10 00:15:14,336][agent.finetune.train_ppo_diffusion_agent][INFO] - approx_kl: 2.384185730786026e-12, update_epoch: 2, num_batch: 4
[2026-10-10 00:15:16,517][agent.finetune.train_ppo_diffusion_agent][INFO] - approx_kl: 0.0, update_epoch: 2, num_batch: 4
[2026-10-10 00:15:18,700][agent.finetune.train_ppo_diffusion_agent][INFO] - approx_kl: -2.9802321634825324e-13, update_epoch: 2, num_batch: 4
[2026-10-10 00:15:20,989][agent.finetune.train_ppo_diffusion_agent][INFO] - approx_kl: 0.0, update_epoch: 2, num_batch: 4
[2026-10-10 00:15:23,078][agent.finetune.train_ppo_diffusion_agent][INFO] - approx_kl: 1.9371509604737547e-12, update_epoch: 3, num_batch: 4
[2026-10-10 00:15:25,299][agent.finetune.train_ppo_diffusion_agent][INFO] - approx_kl: 0.0, update_epoch: 3, num_batch: 4
[2026-10-10 00:15:27,500][agent.finetune.train_ppo_diffusion_agent][INFO] - approx_kl: 2.9802321634825324e-13, update_epoch: 3, num_batch: 4
[2026-10-10 00:15:29,788][agent.finetune.train_ppo_diffusion_agent][INFO] - approx_kl: 0.0, update_epoch: 3, num_batch: 4
[2026-10-10 00:15:31,874][agent.finetune.train_ppo_diffusion_agent][INFO] - approx_kl: 2.6822090555544964e-12, update_epoch: 4, num_batch: 4
[2026-10-10 00:15:34,062][agent.finetune.train_ppo_diffusion_agent][INFO] - approx_kl: 1.192092865393013e-12, update_epoch: 4, num_batch: 4
[2026-10-10 00:15:36,227][agent.finetune.train_ppo_diffusion_agent][INFO] - approx_kl: -2.9802321634825324e-13, update_epoch: 4, num_batch: 4
[2026-10-10 00:15:38,500][agent.finetune.train_ppo_diffusion_agent][INFO] - approx_kl: 0.0, update_epoch: 4, num_batch: 4
[2026-10-10 00:15:38,519][agent.finetune.train_ppo_diffusion_agent][INFO] - 136: step  9840000 | loss   0.0127 | pg loss   0.0000 | value loss   0.0253 | bc loss   0.0000 | reward -1665.7076 | eta   1.0000 | t: 56.5108 | kl_true_per_action=0.0 | logratio_p99=0.0 | clamp_hit_frac=0.0
[2026-10-10 00:15:53,155][agent.finetune.train_ppo_diffusion_agent][INFO] - approx_kl: 0.0, update_epoch: 0, num_batch: 4
[2026-10-10 00:15:55,353][agent.finetune.train_ppo_diffusion_agent][INFO] - approx_kl: 5.960464326965065e-13, update_epoch: 0, num_batch: 4
[2026-10-10 00:15:57,536][agent.finetune.train_ppo_diffusion_agent][INFO] - approx_kl: 0.0, update_epoch: 0, num_batch: 4
[2026-10-10 00:15:59,827][agent.finetune.train_ppo_diffusion_agent][INFO] - approx_kl: 0.0, update_epoch: 0, num_batch: 4
[2026-10-10 00:16:01,922][agent.finetune.train_ppo_diffusion_agent][INFO] - approx_kl: 5.960464326965065e-13, update_epoch: 1, num_batch: 4
[2026-10-10 00:16:04,111][agent.finetune.train_ppo_diffusion_agent][INFO] - approx_kl: 0.0, update_epoch: 1, num_batch: 4
[2026-10-10 00:16:06,315][agent.finetune.train_ppo_diffusion_agent][INFO] - approx_kl: 0.0, update_epoch: 1, num_batch: 4
[2026-10-10 00:16:08,611][agent.finetune.train_ppo_diffusion_agent][INFO] - approx_kl: 0.0, update_epoch: 1, num_batch: 4
[2026-10-10 00:16:10,702][agent.finetune.train_ppo_diffusion_agent][INFO] - approx_kl: 1.192092865393013e-12, update_epoch: 2, num_batch: 4
[2026-10-10 00:16:12,899][agent.finetune.train_ppo_diffusion_agent][INFO] - approx_kl: 2.384185730786026e-12, update_epoch: 2, num_batch: 4
[2026-10-10 00:16:15,108][agent.finetune.train_ppo_diffusion_agent][INFO] - approx_kl: 1.192092865393013e-12, update_epoch: 2, num_batch: 4
[2026-10-10 00:16:17,412][agent.finetune.train_ppo_diffusion_agent][INFO] - approx_kl: 0.0, update_epoch: 2, num_batch: 4
[2026-10-10 00:16:19,505][agent.finetune.train_ppo_diffusion_agent][INFO] - approx_kl: 5.960464326965065e-13, update_epoch: 3, num_batch: 4
[2026-10-10 00:16:21,695][agent.finetune.train_ppo_diffusion_agent][INFO] - approx_kl: 1.192092865393013e-12, update_epoch: 3, num_batch: 4
[2026-10-10 00:16:23,886][agent.finetune.train_ppo_diffusion_agent][INFO] - approx_kl: 0.0, update_epoch: 3, num_batch: 4
[2026-10-10 00:16:26,193][agent.finetune.train_ppo_diffusion_agent][INFO] - approx_kl: 0.0, update_epoch: 3, num_batch: 4
[2026-10-10 00:16:28,286][agent.finetune.train_ppo_diffusion_agent][INFO] - approx_kl: 1.192092865393013e-12, update_epoch: 4, num_batch: 4
[2026-10-10 00:16:30,472][agent.finetune.train_ppo_diffusion_agent][INFO] - approx_kl: 0.0, update_epoch: 4, num_batch: 4
[2026-10-10 00:16:32,651][agent.finetune.train_ppo_diffusion_agent][INFO] - approx_kl: 4.172324812035111e-12, update_epoch: 4, num_batch: 4
[2026-10-10 00:16:34,941][agent.finetune.train_ppo_diffusion_agent][INFO] - approx_kl: 0.0, update_epoch: 4, num_batch: 4
[2026-10-10 00:16:34,960][agent.finetune.train_ppo_diffusion_agent][INFO] - 137: step  9920000 | loss   0.0130 | pg loss  -0.0001 | value loss   0.0263 | bc loss   0.0000 | reward -1601.8358 | eta   1.0000 | t: 56.4412 | kl_true_per_action=5.508755909937151e-08 | logratio_p99=0.0 | clamp_hit_frac=0.0
[2026-10-10 00:16:49,590][agent.finetune.train_ppo_diffusion_agent][INFO] - approx_kl: 0.0, update_epoch: 0, num_batch: 4
[2026-10-10 00:16:51,803][agent.finetune.train_ppo_diffusion_agent][INFO] - approx_kl: 9.766779746067655e-11, update_epoch: 0, num_batch: 4
[2026-10-10 00:16:53,987][agent.finetune.train_ppo_diffusion_agent][INFO] - approx_kl: 2.1098181535172955e-10, update_epoch: 0, num_batch: 4
[2026-10-10 00:16:56,270][agent.finetune.train_ppo_diffusion_agent][INFO] - approx_kl: 4.525599062166208e-10, update_epoch: 0, num_batch: 4
[2026-10-10 00:16:58,368][agent.finetune.train_ppo_diffusion_agent][INFO] - approx_kl: 8.424277941898595e-10, update_epoch: 1, num_batch: 4
[2026-10-10 00:17:00,550][agent.finetune.train_ppo_diffusion_agent][INFO] - approx_kl: 2.0281842871838762e-09, update_epoch: 1, num_batch: 4
[2026-10-10 00:17:02,741][agent.finetune.train_ppo_diffusion_agent][INFO] - approx_kl: 3.3392348885996626e-09, update_epoch: 1, num_batch: 4
[2026-10-10 00:17:05,025][agent.finetune.train_ppo_diffusion_agent][INFO] - approx_kl: 3.859715658194318e-09, update_epoch: 1, num_batch: 4
[2026-10-10 00:17:07,131][agent.finetune.train_ppo_diffusion_agent][INFO] - approx_kl: 5.411672443500493e-09, update_epoch: 2, num_batch: 4
[2026-10-10 00:17:09,314][agent.finetune.train_ppo_diffusion_agent][INFO] - approx_kl: 8.699375442233759e-09, update_epoch: 2, num_batch: 4
[2026-10-10 00:17:11,492][agent.finetune.train_ppo_diffusion_agent][INFO] - approx_kl: 1.408448380146865e-08, update_epoch: 2, num_batch: 4
[2026-10-10 00:17:13,774][agent.finetune.train_ppo_diffusion_agent][INFO] - approx_kl: 1.3963310507847382e-08, update_epoch: 2, num_batch: 4
[2026-10-10 00:17:15,857][agent.finetune.train_ppo_diffusion_agent][INFO] - approx_kl: 1.8903998366681662e-08, update_epoch: 3, num_batch: 4
[2026-10-10 00:17:18,080][agent.finetune.train_ppo_diffusion_agent][INFO] - approx_kl: 1.4596846398262642e-08, update_epoch: 3, num_batch: 4
[2026-10-10 00:17:20,264][agent.finetune.train_ppo_diffusion_agent][INFO] - approx_kl: 2.0319324889328527e-08, update_epoch: 3, num_batch: 4
[2026-10-10 00:17:22,554][agent.finetune.train_ppo_diffusion_agent][INFO] - approx_kl: 4.140074594261023e-08, update_epoch: 3, num_batch: 4
[2026-10-10 00:17:24,650][agent.finetune.train_ppo_diffusion_agent][INFO] - approx_kl: 3.426776018500277e-08, update_epoch: 4, num_batch: 4
[2026-10-10 00:17:26,840][agent.finetune.train_ppo_diffusion_agent][INFO] - approx_kl: 3.871684484124671e-08, update_epoch: 4, num_batch: 4
[2026-10-10 00:17:29,018][agent.finetune.train_ppo_diffusion_agent][INFO] - approx_kl: 4.0992880201429216e-08, update_epoch: 4, num_batch: 4
[2026-10-10 00:17:31,303][agent.finetune.train_ppo_diffusion_agent][INFO] - approx_kl: 4.441207224203936e-08, update_epoch: 4, num_batch: 4
[2026-10-10 00:17:31,322][agent.finetune.train_ppo_diffusion_agent][INFO] - 138: step 10000000 | loss   0.0128 | pg loss  -0.0002 | value loss   0.0260 | bc loss   0.0000 | reward -1711.0196 | eta   1.0000 | t: 56.3620 | kl_true_per_action=0.00027021544464672366 | logratio_p99=0.0 | clamp_hit_frac=0.0
[2026-10-10 00:17:45,971][agent.finetune.train_ppo_diffusion_agent][INFO] - approx_kl: 0.0, update_epoch: 0, num_batch: 4
[2026-10-10 00:17:48,175][agent.finetune.train_ppo_diffusion_agent][INFO] - approx_kl: 1.398473975511294e-10, update_epoch: 0, num_batch: 4
[2026-10-10 00:17:50,361][agent.finetune.train_ppo_diffusion_agent][INFO] - approx_kl: 2.382820885049597e-10, update_epoch: 0, num_batch: 4
[2026-10-10 00:17:52,632][agent.finetune.train_ppo_diffusion_agent][INFO] - approx_kl: 3.448361318714177e-10, update_epoch: 0, num_batch: 4
[2026-10-10 00:17:54,724][agent.finetune.train_ppo_diffusion_agent][INFO] - approx_kl: 5.326233898372834e-10, update_epoch: 1, num_batch: 4
[2026-10-10 00:17:56,917][agent.finetune.train_ppo_diffusion_agent][INFO] - approx_kl: 6.646569405965863e-10, update_epoch: 1, num_batch: 4
[2026-10-10 00:17:59,110][agent.finetune.train_ppo_diffusion_agent][INFO] - approx_kl: 5.714935746858885e-10, update_epoch: 1, num_batch: 4
[2026-10-10 00:18:01,404][agent.finetune.train_ppo_diffusion_agent][INFO] - approx_kl: 9.172549386704532e-10, update_epoch: 1, num_batch: 4
[2026-10-10 00:18:03,496][agent.finetune.train_ppo_diffusion_agent][INFO] - approx_kl: 1.2363772228241032e-09, update_epoch: 2, num_batch: 4
[2026-10-10 00:18:05,676][agent.finetune.train_ppo_diffusion_agent][INFO] - approx_kl: 9.031686509786141e-10, update_epoch: 2, num_batch: 4
[2026-10-10 00:18:07,896][agent.finetune.train_ppo_diffusion_agent][INFO] - approx_kl: 1.710008912247929e-09, update_epoch: 2, num_batch: 4
[2026-10-10 00:18:10,187][agent.finetune.train_ppo_diffusion_agent][INFO] - approx_kl: 1.932755067102221e-09, update_epoch: 2, num_batch: 4
[2026-10-10 00:18:12,292][agent.finetune.train_ppo_diffusion_agent][INFO] - approx_kl: 2.3449460151425683e-09, update_epoch: 3, num_batch: 4
[2026-10-10 00:18:14,481][agent.finetune.train_ppo_diffusion_agent][INFO] - approx_kl: 2.2915191966177417e-09, update_epoch: 3, num_batch: 4
[2026-10-10 00:18:16,674][agent.finetune.train_ppo_diffusion_agent][INFO] - approx_kl: 4.272787013093193e-09, update_epoch: 3, num_batch: 4
[2026-10-10 00:18:18,972][agent.finetune.train_ppo_diffusion_agent][INFO] - approx_kl: 4.209657067377748e-09, update_epoch: 3, num_batch: 4
[2026-10-10 00:18:21,065][agent.finetune.train_ppo_diffusion_agent][INFO] - approx_kl: 7.769554777325993e-09, update_epoch: 4, num_batch: 4
[2026-10-10 00:18:23,256][agent.finetune.train_ppo_diffusion_agent][INFO] - approx_kl: 4.249452345561622e-09, update_epoch: 4, num_batch: 4
[2026-10-10 00:18:25,447][agent.finetune.train_ppo_diffusion_agent][INFO] - approx_kl: 6.9487651188637756e-09, update_epoch: 4, num_batch: 4
[2026-10-10 00:18:27,749][agent.finetune.train_ppo_diffusion_agent][INFO] - approx_kl: 6.957314724331809e-09, update_epoch: 4, num_batch: 4
[2026-10-10 00:18:27,797][agent.finetune.train_agent][INFO] - Saved model to /soalnas/share/data/zbao7/diffusion_policy/results/stage2_noclip/runs/NC1_recovery_seed1/native/checkpoint/state_139.pt
[2026-10-10 00:18:27,797][agent.finetune.train_ppo_diffusion_agent][INFO] - 139: step 10080000 | loss   0.0132 | pg loss   0.0000 | value loss   0.0264 | bc loss   0.0000 | reward -1585.1584 | eta   1.0000 | t: 56.4745 | kl_true_per_action=0.00011950031030808959 | logratio_p99=0.0 | clamp_hit_frac=0.0
